SplitMode,Fold,Split,miRNA_ID,Drug_ID,Label
double_cold,1,inner_train_positive,0,89,1
double_cold,1,inner_train_positive,0,48,1
double_cold,1,inner_train_positive,0,67,1
double_cold,1,inner_train_positive,0,55,1
double_cold,1,inner_train_positive,0,35,1
double_cold,1,inner_train_positive,0,204,1
double_cold,1,inner_train_positive,0,103,1
double_cold,1,inner_train_positive,0,73,1
double_cold,1,inner_train_positive,0,123,1
double_cold,1,inner_train_positive,0,146,1
double_cold,1,inner_train_positive,0,188,1
double_cold,1,inner_train_positive,0,3,1
double_cold,1,inner_train_positive,0,17,1
double_cold,1,inner_train_positive,0,7,1
double_cold,1,inner_train_positive,0,84,1
double_cold,1,inner_train_positive,1,123,1
double_cold,1,inner_train_positive,1,188,1
double_cold,1,inner_train_positive,1,103,1
double_cold,1,inner_train_positive,1,142,1
double_cold,1,inner_train_positive,1,148,1
double_cold,1,inner_train_positive,1,67,1
double_cold,1,inner_train_positive,1,84,1
double_cold,1,inner_train_positive,1,7,1
double_cold,1,inner_train_positive,1,74,1
double_cold,1,inner_train_positive,3,103,1
double_cold,1,inner_train_positive,3,123,1
double_cold,1,inner_train_positive,3,188,1
double_cold,1,inner_train_positive,3,67,1
double_cold,1,inner_train_positive,3,148,1
double_cold,1,inner_train_positive,3,51,1
double_cold,1,inner_train_positive,8,89,1
double_cold,1,inner_train_positive,8,102,1
double_cold,1,inner_train_positive,8,67,1
double_cold,1,inner_train_positive,8,204,1
double_cold,1,inner_train_positive,8,103,1
double_cold,1,inner_train_positive,8,22,1
double_cold,1,inner_train_positive,8,55,1
double_cold,1,inner_train_positive,8,84,1
double_cold,1,inner_train_positive,8,57,1
double_cold,1,inner_train_positive,8,134,1
double_cold,1,inner_train_positive,8,148,1
double_cold,1,inner_train_positive,8,86,1
double_cold,1,inner_train_positive,8,74,1
double_cold,1,inner_train_positive,8,150,1
double_cold,1,inner_train_positive,9,89,1
double_cold,1,inner_train_positive,9,103,1
double_cold,1,inner_train_positive,9,74,1
double_cold,1,inner_train_positive,9,67,1
double_cold,1,inner_train_positive,9,44,1
double_cold,1,inner_train_positive,9,3,1
double_cold,1,inner_train_positive,9,123,1
double_cold,1,inner_train_positive,9,55,1
double_cold,1,inner_train_positive,9,204,1
double_cold,1,inner_train_positive,9,84,1
double_cold,1,inner_train_positive,9,146,1
double_cold,1,inner_train_positive,9,188,1
double_cold,1,inner_train_positive,9,22,1
double_cold,1,inner_train_positive,9,148,1
double_cold,1,inner_train_positive,9,142,1
double_cold,1,inner_train_positive,9,197,1
double_cold,1,inner_train_positive,9,167,1
double_cold,1,inner_train_positive,9,134,1
double_cold,1,inner_train_positive,9,7,1
double_cold,1,inner_train_positive,9,86,1
double_cold,1,inner_train_positive,9,81,1
double_cold,1,inner_train_positive,9,144,1
double_cold,1,inner_train_positive,9,150,1
double_cold,1,inner_train_positive,12,123,1
double_cold,1,inner_train_positive,12,3,1
double_cold,1,inner_train_positive,12,74,1
double_cold,1,inner_train_positive,12,103,1
double_cold,1,inner_train_positive,12,142,1
double_cold,1,inner_train_positive,12,148,1
double_cold,1,inner_train_positive,12,7,1
double_cold,1,inner_train_positive,12,84,1
double_cold,1,inner_train_positive,12,67,1
double_cold,1,inner_train_positive,12,40,1
double_cold,1,inner_train_positive,13,89,1
double_cold,1,inner_train_positive,13,103,1
double_cold,1,inner_train_positive,13,123,1
double_cold,1,inner_train_positive,13,67,1
double_cold,1,inner_train_positive,13,55,1
double_cold,1,inner_train_positive,13,204,1
double_cold,1,inner_train_positive,13,7,1
double_cold,1,inner_train_positive,13,84,1
double_cold,1,inner_train_positive,13,100,1
double_cold,1,inner_train_positive,13,174,1
double_cold,1,inner_train_positive,14,89,1
double_cold,1,inner_train_positive,14,74,1
double_cold,1,inner_train_positive,14,67,1
double_cold,1,inner_train_positive,14,103,1
double_cold,1,inner_train_positive,14,7,1
double_cold,1,inner_train_positive,14,204,1
double_cold,1,inner_train_positive,14,123,1
double_cold,1,inner_train_positive,14,98,1
double_cold,1,inner_train_positive,14,63,1
double_cold,1,inner_train_positive,14,84,1
double_cold,1,inner_train_positive,14,55,1
double_cold,1,inner_train_positive,14,174,1
double_cold,1,inner_train_positive,15,89,1
double_cold,1,inner_train_positive,15,67,1
double_cold,1,inner_train_positive,15,123,1
double_cold,1,inner_train_positive,15,7,1
double_cold,1,inner_train_positive,15,103,1
double_cold,1,inner_train_positive,15,151,1
double_cold,1,inner_train_positive,15,204,1
double_cold,1,inner_train_positive,15,188,1
double_cold,1,inner_train_positive,15,148,1
double_cold,1,inner_train_positive,15,132,1
double_cold,1,inner_train_positive,15,74,1
double_cold,1,inner_train_positive,16,89,1
double_cold,1,inner_train_positive,16,103,1
double_cold,1,inner_train_positive,16,123,1
double_cold,1,inner_train_positive,16,102,1
double_cold,1,inner_train_positive,16,67,1
double_cold,1,inner_train_positive,16,55,1
double_cold,1,inner_train_positive,16,150,1
double_cold,1,inner_train_positive,16,35,1
double_cold,1,inner_train_positive,16,74,1
double_cold,1,inner_train_positive,16,84,1
double_cold,1,inner_train_positive,16,174,1
double_cold,1,inner_train_positive,16,7,1
double_cold,1,inner_train_positive,16,188,1
double_cold,1,inner_train_positive,16,204,1
double_cold,1,inner_train_positive,17,89,1
double_cold,1,inner_train_positive,17,103,1
double_cold,1,inner_train_positive,17,7,1
double_cold,1,inner_train_positive,17,102,1
double_cold,1,inner_train_positive,17,67,1
double_cold,1,inner_train_positive,17,55,1
double_cold,1,inner_train_positive,17,204,1
double_cold,1,inner_train_positive,17,84,1
double_cold,1,inner_train_positive,17,35,1
double_cold,1,inner_train_positive,17,124,1
double_cold,1,inner_train_positive,17,123,1
double_cold,1,inner_train_positive,17,74,1
double_cold,1,inner_train_positive,17,188,1
double_cold,1,inner_train_positive,17,179,1
double_cold,1,inner_train_positive,17,148,1
double_cold,1,inner_train_positive,17,150,1
double_cold,1,inner_train_positive,18,204,1
double_cold,1,inner_train_positive,18,148,1
double_cold,1,inner_train_positive,19,204,1
double_cold,1,inner_train_positive,20,67,1
double_cold,1,inner_train_positive,20,103,1
double_cold,1,inner_train_positive,20,7,1
double_cold,1,inner_train_positive,20,55,1
double_cold,1,inner_train_positive,20,142,1
double_cold,1,inner_train_positive,21,204,1
double_cold,1,inner_train_positive,21,188,1
double_cold,1,inner_train_positive,21,74,1
double_cold,1,inner_train_positive,21,67,1
double_cold,1,inner_train_positive,21,103,1
double_cold,1,inner_train_positive,22,103,1
double_cold,1,inner_train_positive,22,204,1
double_cold,1,inner_train_positive,22,188,1
double_cold,1,inner_train_positive,22,55,1
double_cold,1,inner_train_positive,22,148,1
double_cold,1,inner_train_positive,22,3,1
double_cold,1,inner_train_positive,23,103,1
double_cold,1,inner_train_positive,23,204,1
double_cold,1,inner_train_positive,23,188,1
double_cold,1,inner_train_positive,23,148,1
double_cold,1,inner_train_positive,26,67,1
double_cold,1,inner_train_positive,26,204,1
double_cold,1,inner_train_positive,26,174,1
double_cold,1,inner_train_positive,28,67,1
double_cold,1,inner_train_positive,28,148,1
double_cold,1,inner_train_positive,28,55,1
double_cold,1,inner_train_positive,33,7,1
double_cold,1,inner_train_positive,33,55,1
double_cold,1,inner_train_positive,33,89,1
double_cold,1,inner_train_positive,33,103,1
double_cold,1,inner_train_positive,33,123,1
double_cold,1,inner_train_positive,33,74,1
double_cold,1,inner_train_positive,33,204,1
double_cold,1,inner_train_positive,35,7,1
double_cold,1,inner_train_positive,35,55,1
double_cold,1,inner_train_positive,35,188,1
double_cold,1,inner_train_positive,35,84,1
double_cold,1,inner_train_positive,35,140,1
double_cold,1,inner_train_positive,35,123,1
double_cold,1,inner_train_positive,35,134,1
double_cold,1,inner_train_positive,35,103,1
double_cold,1,inner_train_positive,37,204,1
double_cold,1,inner_train_positive,37,89,1
double_cold,1,inner_train_positive,37,123,1
double_cold,1,inner_train_positive,37,134,1
double_cold,1,inner_train_positive,38,204,1
double_cold,1,inner_train_positive,38,89,1
double_cold,1,inner_train_positive,38,7,1
double_cold,1,inner_train_positive,38,55,1
double_cold,1,inner_train_positive,38,103,1
double_cold,1,inner_train_positive,38,3,1
double_cold,1,inner_train_positive,39,78,1
double_cold,1,inner_train_positive,39,89,1
double_cold,1,inner_train_positive,39,7,1
double_cold,1,inner_train_positive,39,174,1
double_cold,1,inner_train_positive,39,103,1
double_cold,1,inner_train_positive,39,125,1
double_cold,1,inner_train_positive,39,84,1
double_cold,1,inner_train_positive,39,55,1
double_cold,1,inner_train_positive,39,90,1
double_cold,1,inner_train_positive,39,74,1
double_cold,1,inner_train_positive,39,3,1
double_cold,1,inner_train_positive,40,89,1
double_cold,1,inner_train_positive,40,55,1
double_cold,1,inner_train_positive,40,95,1
double_cold,1,inner_train_positive,42,148,1
double_cold,1,inner_train_positive,44,204,1
double_cold,1,inner_train_positive,44,55,1
double_cold,1,inner_train_positive,44,103,1
double_cold,1,inner_train_positive,44,84,1
double_cold,1,inner_train_positive,45,55,1
double_cold,1,inner_train_positive,45,123,1
double_cold,1,inner_train_positive,45,7,1
double_cold,1,inner_train_positive,45,95,1
double_cold,1,inner_train_positive,45,3,1
double_cold,1,inner_train_positive,46,67,1
double_cold,1,inner_train_positive,46,204,1
double_cold,1,inner_train_positive,48,142,1
double_cold,1,inner_train_positive,48,148,1
double_cold,1,inner_train_positive,49,89,1
double_cold,1,inner_train_positive,49,148,1
double_cold,1,inner_train_positive,49,67,1
double_cold,1,inner_train_positive,52,204,1
double_cold,1,inner_train_positive,53,204,1
double_cold,1,inner_train_positive,53,103,1
double_cold,1,inner_train_positive,54,124,1
double_cold,1,inner_train_positive,54,188,1
double_cold,1,inner_train_positive,54,3,1
double_cold,1,inner_train_positive,54,123,1
double_cold,1,inner_train_positive,54,55,1
double_cold,1,inner_train_positive,54,7,1
double_cold,1,inner_train_positive,54,204,1
double_cold,1,inner_train_positive,54,103,1
double_cold,1,inner_train_positive,55,89,1
double_cold,1,inner_train_positive,55,67,1
double_cold,1,inner_train_positive,55,55,1
double_cold,1,inner_train_positive,55,3,1
double_cold,1,inner_train_positive,55,123,1
double_cold,1,inner_train_positive,55,103,1
double_cold,1,inner_train_positive,55,7,1
double_cold,1,inner_train_positive,55,188,1
double_cold,1,inner_train_positive,55,179,1
double_cold,1,inner_train_positive,55,148,1
double_cold,1,inner_train_positive,55,86,1
double_cold,1,inner_train_positive,55,74,1
double_cold,1,inner_train_positive,56,89,1
double_cold,1,inner_train_positive,56,67,1
double_cold,1,inner_train_positive,56,44,1
double_cold,1,inner_train_positive,56,103,1
double_cold,1,inner_train_positive,56,174,1
double_cold,1,inner_train_positive,56,123,1
double_cold,1,inner_train_positive,56,7,1
double_cold,1,inner_train_positive,56,102,1
double_cold,1,inner_train_positive,56,55,1
double_cold,1,inner_train_positive,56,165,1
double_cold,1,inner_train_positive,56,17,1
double_cold,1,inner_train_positive,56,204,1
double_cold,1,inner_train_positive,56,84,1
double_cold,1,inner_train_positive,56,3,1
double_cold,1,inner_train_positive,56,188,1
double_cold,1,inner_train_positive,56,148,1
double_cold,1,inner_train_positive,56,74,1
double_cold,1,inner_train_positive,56,107,1
double_cold,1,inner_train_positive,56,86,1
double_cold,1,inner_train_positive,56,142,1
double_cold,1,inner_train_positive,59,55,1
double_cold,1,inner_train_positive,60,84,1
double_cold,1,inner_train_positive,62,142,1
double_cold,1,inner_train_positive,62,55,1
double_cold,1,inner_train_positive,63,204,1
double_cold,1,inner_train_positive,63,67,1
double_cold,1,inner_train_positive,63,55,1
double_cold,1,inner_train_positive,63,7,1
double_cold,1,inner_train_positive,63,103,1
double_cold,1,inner_train_positive,63,188,1
double_cold,1,inner_train_positive,63,3,1
double_cold,1,inner_train_positive,63,150,1
double_cold,1,inner_train_positive,63,174,1
double_cold,1,inner_train_positive,63,148,1
double_cold,1,inner_train_positive,63,89,1
double_cold,1,inner_train_positive,69,103,1
double_cold,1,inner_train_positive,65,103,1
double_cold,1,inner_train_positive,65,123,1
double_cold,1,inner_train_positive,65,129,1
double_cold,1,inner_train_positive,65,174,1
double_cold,1,inner_train_positive,65,50,1
double_cold,1,inner_train_positive,65,67,1
double_cold,1,inner_train_positive,65,3,1
double_cold,1,inner_train_positive,66,103,1
double_cold,1,inner_train_positive,70,134,1
double_cold,1,inner_train_positive,71,89,1
double_cold,1,inner_train_positive,71,67,1
double_cold,1,inner_train_positive,71,140,1
double_cold,1,inner_train_positive,72,148,1
double_cold,1,inner_train_positive,72,103,1
double_cold,1,inner_train_positive,73,148,1
double_cold,1,inner_train_positive,75,123,1
double_cold,1,inner_train_positive,75,204,1
double_cold,1,inner_train_positive,75,137,1
double_cold,1,inner_train_positive,75,89,1
double_cold,1,inner_train_positive,75,103,1
double_cold,1,inner_train_positive,79,204,1
double_cold,1,inner_train_positive,79,7,1
double_cold,1,inner_train_positive,79,55,1
double_cold,1,inner_train_positive,79,95,1
double_cold,1,inner_train_positive,79,188,1
double_cold,1,inner_train_positive,79,67,1
double_cold,1,inner_train_positive,81,204,1
double_cold,1,inner_train_positive,81,67,1
double_cold,1,inner_train_positive,81,55,1
double_cold,1,inner_train_positive,81,146,1
double_cold,1,inner_train_positive,81,22,1
double_cold,1,inner_train_positive,81,142,1
double_cold,1,inner_train_positive,81,148,1
double_cold,1,inner_train_positive,81,84,1
double_cold,1,inner_train_positive,90,3,1
double_cold,1,inner_train_positive,90,103,1
double_cold,1,inner_train_positive,90,89,1
double_cold,1,inner_train_positive,90,7,1
double_cold,1,inner_train_positive,90,67,1
double_cold,1,inner_train_positive,90,17,1
double_cold,1,inner_train_positive,90,91,1
double_cold,1,inner_train_positive,90,55,1
double_cold,1,inner_train_positive,90,16,1
double_cold,1,inner_train_positive,90,204,1
double_cold,1,inner_train_positive,90,148,1
double_cold,1,inner_train_positive,90,174,1
double_cold,1,inner_train_positive,90,74,1
double_cold,1,inner_train_positive,86,204,1
double_cold,1,inner_train_positive,86,7,1
double_cold,1,inner_train_positive,86,134,1
double_cold,1,inner_train_positive,86,103,1
double_cold,1,inner_train_positive,91,67,1
double_cold,1,inner_train_positive,91,103,1
double_cold,1,inner_train_positive,91,7,1
double_cold,1,inner_train_positive,91,123,1
double_cold,1,inner_train_positive,91,134,1
double_cold,1,inner_train_positive,91,55,1
double_cold,1,inner_train_positive,93,103,1
double_cold,1,inner_train_positive,94,103,1
double_cold,1,inner_train_positive,94,204,1
double_cold,1,inner_train_positive,94,89,1
double_cold,1,inner_train_positive,94,86,1
double_cold,1,inner_train_positive,95,204,1
double_cold,1,inner_train_positive,95,55,1
double_cold,1,inner_train_positive,95,146,1
double_cold,1,inner_train_positive,95,103,1
double_cold,1,inner_train_positive,95,142,1
double_cold,1,inner_train_positive,95,148,1
double_cold,1,inner_train_positive,95,7,1
double_cold,1,inner_train_positive,95,73,1
double_cold,1,inner_train_positive,97,204,1
double_cold,1,inner_train_positive,97,134,1
double_cold,1,inner_train_positive,97,89,1
double_cold,1,inner_train_positive,97,150,1
double_cold,1,inner_train_positive,97,67,1
double_cold,1,inner_train_positive,98,188,1
double_cold,1,inner_train_positive,101,89,1
double_cold,1,inner_train_positive,101,67,1
double_cold,1,inner_train_positive,101,74,1
double_cold,1,inner_train_positive,101,3,1
double_cold,1,inner_train_positive,101,103,1
double_cold,1,inner_train_positive,101,55,1
double_cold,1,inner_train_positive,101,204,1
double_cold,1,inner_train_positive,101,84,1
double_cold,1,inner_train_positive,101,7,1
double_cold,1,inner_train_positive,101,124,1
double_cold,1,inner_train_positive,101,188,1
double_cold,1,inner_train_positive,101,174,1
double_cold,1,inner_train_positive,101,142,1
double_cold,1,inner_train_positive,101,148,1
double_cold,1,inner_train_positive,101,176,1
double_cold,1,inner_train_positive,101,81,1
double_cold,1,inner_train_positive,101,73,1
double_cold,1,inner_train_positive,101,17,1
double_cold,1,inner_train_positive,102,67,1
double_cold,1,inner_train_positive,102,74,1
double_cold,1,inner_train_positive,102,103,1
double_cold,1,inner_train_positive,102,7,1
double_cold,1,inner_train_positive,102,55,1
double_cold,1,inner_train_positive,102,188,1
double_cold,1,inner_train_positive,102,22,1
double_cold,1,inner_train_positive,102,123,1
double_cold,1,inner_train_positive,102,89,1
double_cold,1,inner_train_positive,102,148,1
double_cold,1,inner_train_positive,102,204,1
double_cold,1,inner_train_positive,103,89,1
double_cold,1,inner_train_positive,103,103,1
double_cold,1,inner_train_positive,103,174,1
double_cold,1,inner_train_positive,103,205,1
double_cold,1,inner_train_positive,103,78,1
double_cold,1,inner_train_positive,103,67,1
double_cold,1,inner_train_positive,103,7,1
double_cold,1,inner_train_positive,103,55,1
double_cold,1,inner_train_positive,103,84,1
double_cold,1,inner_train_positive,103,146,1
double_cold,1,inner_train_positive,103,188,1
double_cold,1,inner_train_positive,103,123,1
double_cold,1,inner_train_positive,103,129,1
double_cold,1,inner_train_positive,103,148,1
double_cold,1,inner_train_positive,103,74,1
double_cold,1,inner_train_positive,106,204,1
double_cold,1,inner_train_positive,106,142,1
double_cold,1,inner_train_positive,106,148,1
double_cold,1,inner_train_positive,106,140,1
double_cold,1,inner_train_positive,106,55,1
double_cold,1,inner_train_positive,107,74,1
double_cold,1,inner_train_positive,107,89,1
double_cold,1,inner_train_positive,107,103,1
double_cold,1,inner_train_positive,107,84,1
double_cold,1,inner_train_positive,107,7,1
double_cold,1,inner_train_positive,107,67,1
double_cold,1,inner_train_positive,107,55,1
double_cold,1,inner_train_positive,107,3,1
double_cold,1,inner_train_positive,107,204,1
double_cold,1,inner_train_positive,109,89,1
double_cold,1,inner_train_positive,109,74,1
double_cold,1,inner_train_positive,109,67,1
double_cold,1,inner_train_positive,109,103,1
double_cold,1,inner_train_positive,109,204,1
double_cold,1,inner_train_positive,109,3,1
double_cold,1,inner_train_positive,109,22,1
double_cold,1,inner_train_positive,109,123,1
double_cold,1,inner_train_positive,109,55,1
double_cold,1,inner_train_positive,109,84,1
double_cold,1,inner_train_positive,109,7,1
double_cold,1,inner_train_positive,109,188,1
double_cold,1,inner_train_positive,109,17,1
double_cold,1,inner_train_positive,112,67,1
double_cold,1,inner_train_positive,112,89,1
double_cold,1,inner_train_positive,112,103,1
double_cold,1,inner_train_positive,112,17,1
double_cold,1,inner_train_positive,112,73,1
double_cold,1,inner_train_positive,112,204,1
double_cold,1,inner_train_positive,112,74,1
double_cold,1,inner_train_positive,112,171,1
double_cold,1,inner_train_positive,112,123,1
double_cold,1,inner_train_positive,112,134,1
double_cold,1,inner_train_positive,112,174,1
double_cold,1,inner_train_positive,112,84,1
double_cold,1,inner_train_positive,112,148,1
double_cold,1,inner_train_positive,112,142,1
double_cold,1,inner_train_positive,113,3,1
double_cold,1,inner_train_positive,113,103,1
double_cold,1,inner_train_positive,113,102,1
double_cold,1,inner_train_positive,113,67,1
double_cold,1,inner_train_positive,113,89,1
double_cold,1,inner_train_positive,113,7,1
double_cold,1,inner_train_positive,113,31,1
double_cold,1,inner_train_positive,113,55,1
double_cold,1,inner_train_positive,113,84,1
double_cold,1,inner_train_positive,113,104,1
double_cold,1,inner_train_positive,113,174,1
double_cold,1,inner_train_positive,113,73,1
double_cold,1,inner_train_positive,113,150,1
double_cold,1,inner_train_positive,113,159,1
double_cold,1,inner_train_positive,113,17,1
double_cold,1,inner_train_positive,113,11,1
double_cold,1,inner_train_positive,113,16,1
double_cold,1,inner_train_positive,113,204,1
double_cold,1,inner_train_positive,113,137,1
double_cold,1,inner_train_positive,115,103,1
double_cold,1,inner_train_positive,115,188,1
double_cold,1,inner_train_positive,115,74,1
double_cold,1,inner_train_positive,115,150,1
double_cold,1,inner_train_positive,115,73,1
double_cold,1,inner_train_positive,115,7,1
double_cold,1,inner_train_positive,115,84,1
double_cold,1,inner_train_positive,115,204,1
double_cold,1,inner_train_positive,118,188,1
double_cold,1,inner_train_positive,118,22,1
double_cold,1,inner_train_positive,118,123,1
double_cold,1,inner_train_positive,118,103,1
double_cold,1,inner_train_positive,118,89,1
double_cold,1,inner_train_positive,118,74,1
double_cold,1,inner_train_positive,118,129,1
double_cold,1,inner_train_positive,118,7,1
double_cold,1,inner_train_positive,119,67,1
double_cold,1,inner_train_positive,119,103,1
double_cold,1,inner_train_positive,119,86,1
double_cold,1,inner_train_positive,119,84,1
double_cold,1,inner_train_positive,119,204,1
double_cold,1,inner_train_positive,119,174,1
double_cold,1,inner_train_positive,119,7,1
double_cold,1,inner_train_positive,119,16,1
double_cold,1,inner_train_positive,119,81,1
double_cold,1,inner_train_positive,119,197,1
double_cold,1,inner_train_positive,119,74,1
double_cold,1,inner_train_positive,120,7,1
double_cold,1,inner_train_positive,120,89,1
double_cold,1,inner_train_positive,120,3,1
double_cold,1,inner_train_positive,120,55,1
double_cold,1,inner_train_positive,120,204,1
double_cold,1,inner_train_positive,120,67,1
double_cold,1,inner_train_positive,120,84,1
double_cold,1,inner_train_positive,120,103,1
double_cold,1,inner_train_positive,120,113,1
double_cold,1,inner_train_positive,120,188,1
double_cold,1,inner_train_positive,120,123,1
double_cold,1,inner_train_positive,120,148,1
double_cold,1,inner_train_positive,120,17,1
double_cold,1,inner_train_positive,120,35,1
double_cold,1,inner_train_positive,120,150,1
double_cold,1,inner_train_positive,120,74,1
double_cold,1,inner_train_positive,121,102,1
double_cold,1,inner_train_positive,121,67,1
double_cold,1,inner_train_positive,121,174,1
double_cold,1,inner_train_positive,121,103,1
double_cold,1,inner_train_positive,121,55,1
double_cold,1,inner_train_positive,121,129,1
double_cold,1,inner_train_positive,121,7,1
double_cold,1,inner_train_positive,121,89,1
double_cold,1,inner_train_positive,121,204,1
double_cold,1,inner_train_positive,121,133,1
double_cold,1,inner_train_positive,122,89,1
double_cold,1,inner_train_positive,122,103,1
double_cold,1,inner_train_positive,122,7,1
double_cold,1,inner_train_positive,122,174,1
double_cold,1,inner_train_positive,122,176,1
double_cold,1,inner_train_positive,122,148,1
double_cold,1,inner_train_positive,122,204,1
double_cold,1,inner_train_positive,122,67,1
double_cold,1,inner_train_positive,122,38,1
double_cold,1,inner_train_positive,122,84,1
double_cold,1,inner_train_positive,122,3,1
double_cold,1,inner_train_positive,122,188,1
double_cold,1,inner_train_positive,122,25,1
double_cold,1,inner_train_positive,122,55,1
double_cold,1,inner_train_positive,122,123,1
double_cold,1,inner_train_positive,122,86,1
double_cold,1,inner_train_positive,122,95,1
double_cold,1,inner_train_positive,122,134,1
double_cold,1,inner_train_positive,122,50,1
double_cold,1,inner_train_positive,122,74,1
double_cold,1,inner_train_positive,122,81,1
double_cold,1,inner_train_positive,123,103,1
double_cold,1,inner_train_positive,123,7,1
double_cold,1,inner_train_positive,123,55,1
double_cold,1,inner_train_positive,123,17,1
double_cold,1,inner_train_positive,123,188,1
double_cold,1,inner_train_positive,123,148,1
double_cold,1,inner_train_positive,123,142,1
double_cold,1,inner_train_positive,123,89,1
double_cold,1,inner_train_positive,123,137,1
double_cold,1,inner_train_positive,123,67,1
double_cold,1,inner_train_positive,123,84,1
double_cold,1,inner_train_positive,123,134,1
double_cold,1,inner_train_positive,124,89,1
double_cold,1,inner_train_positive,124,103,1
double_cold,1,inner_train_positive,124,74,1
double_cold,1,inner_train_positive,124,67,1
double_cold,1,inner_train_positive,124,102,1
double_cold,1,inner_train_positive,124,55,1
double_cold,1,inner_train_positive,124,48,1
double_cold,1,inner_train_positive,124,7,1
double_cold,1,inner_train_positive,124,90,1
double_cold,1,inner_train_positive,124,176,1
double_cold,1,inner_train_positive,124,117,1
double_cold,1,inner_train_positive,124,84,1
double_cold,1,inner_train_positive,124,3,1
double_cold,1,inner_train_positive,124,35,1
double_cold,1,inner_train_positive,124,124,1
double_cold,1,inner_train_positive,124,123,1
double_cold,1,inner_train_positive,124,146,1
double_cold,1,inner_train_positive,124,188,1
double_cold,1,inner_train_positive,124,22,1
double_cold,1,inner_train_positive,124,134,1
double_cold,1,inner_train_positive,124,142,1
double_cold,1,inner_train_positive,124,16,1
double_cold,1,inner_train_positive,124,148,1
double_cold,1,inner_train_positive,126,89,1
double_cold,1,inner_train_positive,126,74,1
double_cold,1,inner_train_positive,126,67,1
double_cold,1,inner_train_positive,126,55,1
double_cold,1,inner_train_positive,126,90,1
double_cold,1,inner_train_positive,126,103,1
double_cold,1,inner_train_positive,126,176,1
double_cold,1,inner_train_positive,126,3,1
double_cold,1,inner_train_positive,126,123,1
double_cold,1,inner_train_positive,126,81,1
double_cold,1,inner_train_positive,126,188,1
double_cold,1,inner_train_positive,126,92,1
double_cold,1,inner_train_positive,126,174,1
double_cold,1,inner_train_positive,126,134,1
double_cold,1,inner_train_positive,126,84,1
double_cold,1,inner_train_positive,126,142,1
double_cold,1,inner_train_positive,128,103,1
double_cold,1,inner_train_positive,128,148,1
double_cold,1,inner_train_positive,127,67,1
double_cold,1,inner_train_positive,127,103,1
double_cold,1,inner_train_positive,127,204,1
double_cold,1,inner_train_positive,127,84,1
double_cold,1,inner_train_positive,129,55,1
double_cold,1,inner_train_positive,129,7,1
double_cold,1,inner_train_positive,129,84,1
double_cold,1,inner_train_positive,130,89,1
double_cold,1,inner_train_positive,130,67,1
double_cold,1,inner_train_positive,130,103,1
double_cold,1,inner_train_positive,130,7,1
double_cold,1,inner_train_positive,130,3,1
double_cold,1,inner_train_positive,130,84,1
double_cold,1,inner_train_positive,130,124,1
double_cold,1,inner_train_positive,130,123,1
double_cold,1,inner_train_positive,130,188,1
double_cold,1,inner_train_positive,130,55,1
double_cold,1,inner_train_positive,130,148,1
double_cold,1,inner_train_positive,130,134,1
double_cold,1,inner_train_positive,130,86,1
double_cold,1,inner_train_positive,130,16,1
double_cold,1,inner_train_positive,130,23,1
double_cold,1,inner_train_positive,130,142,1
double_cold,1,inner_train_positive,132,89,1
double_cold,1,inner_train_positive,132,3,1
double_cold,1,inner_train_positive,132,81,1
double_cold,1,inner_train_positive,132,123,1
double_cold,1,inner_train_positive,132,174,1
double_cold,1,inner_train_positive,132,7,1
double_cold,1,inner_train_positive,132,55,1
double_cold,1,inner_train_positive,132,67,1
double_cold,1,inner_train_positive,132,103,1
double_cold,1,inner_train_positive,132,188,1
double_cold,1,inner_train_positive,132,36,1
double_cold,1,inner_train_positive,132,84,1
double_cold,1,inner_train_positive,132,134,1
double_cold,1,inner_train_positive,132,190,1
double_cold,1,inner_train_positive,132,167,1
double_cold,1,inner_train_positive,133,103,1
double_cold,1,inner_train_positive,133,204,1
double_cold,1,inner_train_positive,133,89,1
double_cold,1,inner_train_positive,133,197,1
double_cold,1,inner_train_positive,133,188,1
double_cold,1,inner_train_positive,133,67,1
double_cold,1,inner_train_positive,133,55,1
double_cold,1,inner_train_positive,133,134,1
double_cold,1,inner_train_positive,133,84,1
double_cold,1,inner_train_positive,133,16,1
double_cold,1,inner_train_positive,133,7,1
double_cold,1,inner_train_positive,133,81,1
double_cold,1,inner_train_positive,134,89,1
double_cold,1,inner_train_positive,134,3,1
double_cold,1,inner_train_positive,134,123,1
double_cold,1,inner_train_positive,134,78,1
double_cold,1,inner_train_positive,134,55,1
double_cold,1,inner_train_positive,134,204,1
double_cold,1,inner_train_positive,134,103,1
double_cold,1,inner_train_positive,134,188,1
double_cold,1,inner_train_positive,134,67,1
double_cold,1,inner_train_positive,134,144,1
double_cold,1,inner_train_positive,134,16,1
double_cold,1,inner_train_positive,134,81,1
double_cold,1,inner_train_positive,134,17,1
double_cold,1,inner_train_positive,135,89,1
double_cold,1,inner_train_positive,135,103,1
double_cold,1,inner_train_positive,135,55,1
double_cold,1,inner_train_positive,135,3,1
double_cold,1,inner_train_positive,135,188,1
double_cold,1,inner_train_positive,135,123,1
double_cold,1,inner_train_positive,135,67,1
double_cold,1,inner_train_positive,135,148,1
double_cold,1,inner_train_positive,135,16,1
double_cold,1,inner_train_positive,135,84,1
double_cold,1,inner_train_positive,136,89,1
double_cold,1,inner_train_positive,136,103,1
double_cold,1,inner_train_positive,136,204,1
double_cold,1,inner_train_positive,136,55,1
double_cold,1,inner_train_positive,136,84,1
double_cold,1,inner_train_positive,138,89,1
double_cold,1,inner_train_positive,138,55,1
double_cold,1,inner_train_positive,141,89,1
double_cold,1,inner_train_positive,141,67,1
double_cold,1,inner_train_positive,141,102,1
double_cold,1,inner_train_positive,141,103,1
double_cold,1,inner_train_positive,141,134,1
double_cold,1,inner_train_positive,141,123,1
double_cold,1,inner_train_positive,141,7,1
double_cold,1,inner_train_positive,141,55,1
double_cold,1,inner_train_positive,141,204,1
double_cold,1,inner_train_positive,141,84,1
double_cold,1,inner_train_positive,141,174,1
double_cold,1,inner_train_positive,141,3,1
double_cold,1,inner_train_positive,141,126,1
double_cold,1,inner_train_positive,141,146,1
double_cold,1,inner_train_positive,141,81,1
double_cold,1,inner_train_positive,141,91,1
double_cold,1,inner_train_positive,141,150,1
double_cold,1,inner_train_positive,141,17,1
double_cold,1,inner_train_positive,141,142,1
double_cold,1,inner_train_positive,142,89,1
double_cold,1,inner_train_positive,142,123,1
double_cold,1,inner_train_positive,142,105,1
double_cold,1,inner_train_positive,142,7,1
double_cold,1,inner_train_positive,142,103,1
double_cold,1,inner_train_positive,142,17,1
double_cold,1,inner_train_positive,142,67,1
double_cold,1,inner_train_positive,142,55,1
double_cold,1,inner_train_positive,142,204,1
double_cold,1,inner_train_positive,142,90,1
double_cold,1,inner_train_positive,142,176,1
double_cold,1,inner_train_positive,142,3,1
double_cold,1,inner_train_positive,142,188,1
double_cold,1,inner_train_positive,142,142,1
double_cold,1,inner_train_positive,142,148,1
double_cold,1,inner_train_positive,142,150,1
double_cold,1,inner_train_positive,142,135,1
double_cold,1,inner_train_positive,144,89,1
double_cold,1,inner_train_positive,144,63,1
double_cold,1,inner_train_positive,144,67,1
double_cold,1,inner_train_positive,144,123,1
double_cold,1,inner_train_positive,144,3,1
double_cold,1,inner_train_positive,144,17,1
double_cold,1,inner_train_positive,144,103,1
double_cold,1,inner_train_positive,144,105,1
double_cold,1,inner_train_positive,144,55,1
double_cold,1,inner_train_positive,144,204,1
double_cold,1,inner_train_positive,144,90,1
double_cold,1,inner_train_positive,144,176,1
double_cold,1,inner_train_positive,144,188,1
double_cold,1,inner_train_positive,144,174,1
double_cold,1,inner_train_positive,144,7,1
double_cold,1,inner_train_positive,144,148,1
double_cold,1,inner_train_positive,144,150,1
double_cold,1,inner_train_positive,146,89,1
double_cold,1,inner_train_positive,146,55,1
double_cold,1,inner_train_positive,146,74,1
double_cold,1,inner_train_positive,146,103,1
double_cold,1,inner_train_positive,146,3,1
double_cold,1,inner_train_positive,146,199,1
double_cold,1,inner_train_positive,146,204,1
double_cold,1,inner_train_positive,146,174,1
double_cold,1,inner_train_positive,146,35,1
double_cold,1,inner_train_positive,146,92,1
double_cold,1,inner_train_positive,146,124,1
double_cold,1,inner_train_positive,146,123,1
double_cold,1,inner_train_positive,146,67,1
double_cold,1,inner_train_positive,146,188,1
double_cold,1,inner_train_positive,146,22,1
double_cold,1,inner_train_positive,146,7,1
double_cold,1,inner_train_positive,146,95,1
double_cold,1,inner_train_positive,146,144,1
double_cold,1,inner_train_positive,146,50,1
double_cold,1,inner_train_positive,146,18,1
double_cold,1,inner_train_positive,146,139,1
double_cold,1,inner_train_positive,146,150,1
double_cold,1,inner_train_positive,147,89,1
double_cold,1,inner_train_positive,147,55,1
double_cold,1,inner_train_positive,147,67,1
double_cold,1,inner_train_positive,147,7,1
double_cold,1,inner_train_positive,147,123,1
double_cold,1,inner_train_positive,147,137,1
double_cold,1,inner_train_positive,147,103,1
double_cold,1,inner_train_positive,147,134,1
double_cold,1,inner_train_positive,147,84,1
double_cold,1,inner_train_positive,147,197,1
double_cold,1,inner_train_positive,147,188,1
double_cold,1,inner_train_positive,147,144,1
double_cold,1,inner_train_positive,148,55,1
double_cold,1,inner_train_positive,148,7,1
double_cold,1,inner_train_positive,148,134,1
double_cold,1,inner_train_positive,148,123,1
double_cold,1,inner_train_positive,148,16,1
double_cold,1,inner_train_positive,148,67,1
double_cold,1,inner_train_positive,148,81,1
double_cold,1,inner_train_positive,148,103,1
double_cold,1,inner_train_positive,149,89,1
double_cold,1,inner_train_positive,149,103,1
double_cold,1,inner_train_positive,149,123,1
double_cold,1,inner_train_positive,149,7,1
double_cold,1,inner_train_positive,149,148,1
double_cold,1,inner_train_positive,149,142,1
double_cold,1,inner_train_positive,149,67,1
double_cold,1,inner_train_positive,149,55,1
double_cold,1,inner_train_positive,149,188,1
double_cold,1,inner_train_positive,149,144,1
double_cold,1,inner_train_positive,149,156,1
double_cold,1,inner_train_positive,150,204,1
double_cold,1,inner_train_positive,150,89,1
double_cold,1,inner_train_positive,150,146,1
double_cold,1,inner_train_positive,150,103,1
double_cold,1,inner_train_positive,150,142,1
double_cold,1,inner_train_positive,150,148,1
double_cold,1,inner_train_positive,150,129,1
double_cold,1,inner_train_positive,151,89,1
double_cold,1,inner_train_positive,151,55,1
double_cold,1,inner_train_positive,151,103,1
double_cold,1,inner_train_positive,151,204,1
double_cold,1,inner_train_positive,151,7,1
double_cold,1,inner_train_positive,151,123,1
double_cold,1,inner_train_positive,151,146,1
double_cold,1,inner_train_positive,151,188,1
double_cold,1,inner_train_positive,151,67,1
double_cold,1,inner_train_positive,151,148,1
double_cold,1,inner_train_positive,625,89,1
double_cold,1,inner_train_positive,625,103,1
double_cold,1,inner_train_positive,625,123,1
double_cold,1,inner_train_positive,625,67,1
double_cold,1,inner_train_positive,625,74,1
double_cold,1,inner_train_positive,625,81,1
double_cold,1,inner_train_positive,625,55,1
double_cold,1,inner_train_positive,625,91,1
double_cold,1,inner_train_positive,625,95,1
double_cold,1,inner_train_positive,625,174,1
double_cold,1,inner_train_positive,625,7,1
double_cold,1,inner_train_positive,154,103,1
double_cold,1,inner_train_positive,154,67,1
double_cold,1,inner_train_positive,154,7,1
double_cold,1,inner_train_positive,154,55,1
double_cold,1,inner_train_positive,154,89,1
double_cold,1,inner_train_positive,154,188,1
double_cold,1,inner_train_positive,154,74,1
double_cold,1,inner_train_positive,154,142,1
double_cold,1,inner_train_positive,154,148,1
double_cold,1,inner_train_positive,155,89,1
double_cold,1,inner_train_positive,155,123,1
double_cold,1,inner_train_positive,155,102,1
double_cold,1,inner_train_positive,155,67,1
double_cold,1,inner_train_positive,155,103,1
double_cold,1,inner_train_positive,155,55,1
double_cold,1,inner_train_positive,155,7,1
double_cold,1,inner_train_positive,155,74,1
double_cold,1,inner_train_positive,155,148,1
double_cold,1,inner_train_positive,155,142,1
double_cold,1,inner_train_positive,155,134,1
double_cold,1,inner_train_positive,155,51,1
double_cold,1,inner_train_positive,155,84,1
double_cold,1,inner_train_positive,160,3,1
double_cold,1,inner_train_positive,160,55,1
double_cold,1,inner_train_positive,160,123,1
double_cold,1,inner_train_positive,161,89,1
double_cold,1,inner_train_positive,161,204,1
double_cold,1,inner_train_positive,161,7,1
double_cold,1,inner_train_positive,161,3,1
double_cold,1,inner_train_positive,161,55,1
double_cold,1,inner_train_positive,161,103,1
double_cold,1,inner_train_positive,161,123,1
double_cold,1,inner_train_positive,161,67,1
double_cold,1,inner_train_positive,161,134,1
double_cold,1,inner_train_positive,161,129,1
double_cold,1,inner_train_positive,161,17,1
double_cold,1,inner_train_positive,165,7,1
double_cold,1,inner_train_positive,165,55,1
double_cold,1,inner_train_positive,165,103,1
double_cold,1,inner_train_positive,168,89,1
double_cold,1,inner_train_positive,168,3,1
double_cold,1,inner_train_positive,168,74,1
double_cold,1,inner_train_positive,168,103,1
double_cold,1,inner_train_positive,168,78,1
double_cold,1,inner_train_positive,168,204,1
double_cold,1,inner_train_positive,168,67,1
double_cold,1,inner_train_positive,168,17,1
double_cold,1,inner_train_positive,168,7,1
double_cold,1,inner_train_positive,168,55,1
double_cold,1,inner_train_positive,168,146,1
double_cold,1,inner_train_positive,168,142,1
double_cold,1,inner_train_positive,168,148,1
double_cold,1,inner_train_positive,168,129,1
double_cold,1,inner_train_positive,168,84,1
double_cold,1,inner_train_positive,168,137,1
double_cold,1,inner_train_positive,168,81,1
double_cold,1,inner_train_positive,168,150,1
double_cold,1,inner_train_positive,168,188,1
double_cold,1,inner_train_positive,170,103,1
double_cold,1,inner_train_positive,170,188,1
double_cold,1,inner_train_positive,170,142,1
double_cold,1,inner_train_positive,170,148,1
double_cold,1,inner_train_positive,170,174,1
double_cold,1,inner_train_positive,170,3,1
double_cold,1,inner_train_positive,170,67,1
double_cold,1,inner_train_positive,170,55,1
double_cold,1,inner_train_positive,170,7,1
double_cold,1,inner_train_positive,170,204,1
double_cold,1,inner_train_positive,170,33,1
double_cold,1,inner_train_positive,171,89,1
double_cold,1,inner_train_positive,171,74,1
double_cold,1,inner_train_positive,171,103,1
double_cold,1,inner_train_positive,171,81,1
double_cold,1,inner_train_positive,171,191,1
double_cold,1,inner_train_positive,171,123,1
double_cold,1,inner_train_positive,171,90,1
double_cold,1,inner_train_positive,171,102,1
double_cold,1,inner_train_positive,171,67,1
double_cold,1,inner_train_positive,171,204,1
double_cold,1,inner_train_positive,171,7,1
double_cold,1,inner_train_positive,171,3,1
double_cold,1,inner_train_positive,171,188,1
double_cold,1,inner_train_positive,171,146,1
double_cold,1,inner_train_positive,171,174,1
double_cold,1,inner_train_positive,171,55,1
double_cold,1,inner_train_positive,171,84,1
double_cold,1,inner_train_positive,173,89,1
double_cold,1,inner_train_positive,173,174,1
double_cold,1,inner_train_positive,173,3,1
double_cold,1,inner_train_positive,173,7,1
double_cold,1,inner_train_positive,173,103,1
double_cold,1,inner_train_positive,173,67,1
double_cold,1,inner_train_positive,173,55,1
double_cold,1,inner_train_positive,173,204,1
double_cold,1,inner_train_positive,173,44,1
double_cold,1,inner_train_positive,173,74,1
double_cold,1,inner_train_positive,173,188,1
double_cold,1,inner_train_positive,173,148,1
double_cold,1,inner_train_positive,173,142,1
double_cold,1,inner_train_positive,173,134,1
double_cold,1,inner_train_positive,173,179,1
double_cold,1,inner_train_positive,173,166,1
double_cold,1,inner_train_positive,173,84,1
double_cold,1,inner_train_positive,175,89,1
double_cold,1,inner_train_positive,175,205,1
double_cold,1,inner_train_positive,175,48,1
double_cold,1,inner_train_positive,175,7,1
double_cold,1,inner_train_positive,175,204,1
double_cold,1,inner_train_positive,175,3,1
double_cold,1,inner_train_positive,175,55,1
double_cold,1,inner_train_positive,175,103,1
double_cold,1,inner_train_positive,175,67,1
double_cold,1,inner_train_positive,175,123,1
double_cold,1,inner_train_positive,175,92,1
double_cold,1,inner_train_positive,175,148,1
double_cold,1,inner_train_positive,175,174,1
double_cold,1,inner_train_positive,175,142,1
double_cold,1,inner_train_positive,176,67,1
double_cold,1,inner_train_positive,176,3,1
double_cold,1,inner_train_positive,176,123,1
double_cold,1,inner_train_positive,176,103,1
double_cold,1,inner_train_positive,176,89,1
double_cold,1,inner_train_positive,176,7,1
double_cold,1,inner_train_positive,176,204,1
double_cold,1,inner_train_positive,176,150,1
double_cold,1,inner_train_positive,176,188,1
double_cold,1,inner_train_positive,176,22,1
double_cold,1,inner_train_positive,176,73,1
double_cold,1,inner_train_positive,176,148,1
double_cold,1,inner_train_positive,176,84,1
double_cold,1,inner_train_positive,176,55,1
double_cold,1,inner_train_positive,176,142,1
double_cold,1,inner_train_positive,176,139,1
double_cold,1,inner_train_positive,176,17,1
double_cold,1,inner_train_positive,600,7,1
double_cold,1,inner_train_positive,600,55,1
double_cold,1,inner_train_positive,600,89,1
double_cold,1,inner_train_positive,600,148,1
double_cold,1,inner_train_positive,178,89,1
double_cold,1,inner_train_positive,178,188,1
double_cold,1,inner_train_positive,178,103,1
double_cold,1,inner_train_positive,178,142,1
double_cold,1,inner_train_positive,178,148,1
double_cold,1,inner_train_positive,178,179,1
double_cold,1,inner_train_positive,178,90,1
double_cold,1,inner_train_positive,178,67,1
double_cold,1,inner_train_positive,179,89,1
double_cold,1,inner_train_positive,179,67,1
double_cold,1,inner_train_positive,179,3,1
double_cold,1,inner_train_positive,179,103,1
double_cold,1,inner_train_positive,179,150,1
double_cold,1,inner_train_positive,179,123,1
double_cold,1,inner_train_positive,179,188,1
double_cold,1,inner_train_positive,179,55,1
double_cold,1,inner_train_positive,179,74,1
double_cold,1,inner_train_positive,179,7,1
double_cold,1,inner_train_positive,179,174,1
double_cold,1,inner_train_positive,179,81,1
double_cold,1,inner_train_positive,179,38,1
double_cold,1,inner_train_positive,179,50,1
double_cold,1,inner_train_positive,179,204,1
double_cold,1,inner_train_positive,179,139,1
double_cold,1,inner_train_positive,627,89,1
double_cold,1,inner_train_positive,627,103,1
double_cold,1,inner_train_positive,627,123,1
double_cold,1,inner_train_positive,627,90,1
double_cold,1,inner_train_positive,627,55,1
double_cold,1,inner_train_positive,627,67,1
double_cold,1,inner_train_positive,627,73,1
double_cold,1,inner_train_positive,627,17,1
double_cold,1,inner_train_positive,627,188,1
double_cold,1,inner_train_positive,627,148,1
double_cold,1,inner_train_positive,627,142,1
double_cold,1,inner_train_positive,627,84,1
double_cold,1,inner_train_positive,627,134,1
double_cold,1,inner_train_positive,627,7,1
double_cold,1,inner_train_positive,627,74,1
double_cold,1,inner_train_positive,627,204,1
double_cold,1,inner_train_positive,627,18,1
double_cold,1,inner_train_positive,627,174,1
double_cold,1,inner_train_positive,180,89,1
double_cold,1,inner_train_positive,180,103,1
double_cold,1,inner_train_positive,180,205,1
double_cold,1,inner_train_positive,180,123,1
double_cold,1,inner_train_positive,180,7,1
double_cold,1,inner_train_positive,180,55,1
double_cold,1,inner_train_positive,180,67,1
double_cold,1,inner_train_positive,180,124,1
double_cold,1,inner_train_positive,180,188,1
double_cold,1,inner_train_positive,180,148,1
double_cold,1,inner_train_positive,180,204,1
double_cold,1,inner_train_positive,180,174,1
double_cold,1,inner_train_positive,180,74,1
double_cold,1,inner_train_positive,180,17,1
double_cold,1,inner_train_positive,180,201,1
double_cold,1,inner_train_positive,181,89,1
double_cold,1,inner_train_positive,181,103,1
double_cold,1,inner_train_positive,181,205,1
double_cold,1,inner_train_positive,181,123,1
double_cold,1,inner_train_positive,181,137,1
double_cold,1,inner_train_positive,181,67,1
double_cold,1,inner_train_positive,181,204,1
double_cold,1,inner_train_positive,181,55,1
double_cold,1,inner_train_positive,181,3,1
double_cold,1,inner_train_positive,181,7,1
double_cold,1,inner_train_positive,181,185,1
double_cold,1,inner_train_positive,181,84,1
double_cold,1,inner_train_positive,181,18,1
double_cold,1,inner_train_positive,183,89,1
double_cold,1,inner_train_positive,183,214,1
double_cold,1,inner_train_positive,183,67,1
double_cold,1,inner_train_positive,183,55,1
double_cold,1,inner_train_positive,183,103,1
double_cold,1,inner_train_positive,183,7,1
double_cold,1,inner_train_positive,183,44,1
double_cold,1,inner_train_positive,183,205,1
double_cold,1,inner_train_positive,183,123,1
double_cold,1,inner_train_positive,183,102,1
double_cold,1,inner_train_positive,183,146,1
double_cold,1,inner_train_positive,183,3,1
double_cold,1,inner_train_positive,183,134,1
double_cold,1,inner_train_positive,183,204,1
double_cold,1,inner_train_positive,183,74,1
double_cold,1,inner_train_positive,183,84,1
double_cold,1,inner_train_positive,183,185,1
double_cold,1,inner_train_positive,183,90,1
double_cold,1,inner_train_positive,183,188,1
double_cold,1,inner_train_positive,183,81,1
double_cold,1,inner_train_positive,183,197,1
double_cold,1,inner_train_positive,183,124,1
double_cold,1,inner_train_positive,183,142,1
double_cold,1,inner_train_positive,183,148,1
double_cold,1,inner_train_positive,183,151,1
double_cold,1,inner_train_positive,183,16,1
double_cold,1,inner_train_positive,187,89,1
double_cold,1,inner_train_positive,187,84,1
double_cold,1,inner_train_positive,187,103,1
double_cold,1,inner_train_positive,187,3,1
double_cold,1,inner_train_positive,187,55,1
double_cold,1,inner_train_positive,187,204,1
double_cold,1,inner_train_positive,187,7,1
double_cold,1,inner_train_positive,187,73,1
double_cold,1,inner_train_positive,187,67,1
double_cold,1,inner_train_positive,187,90,1
double_cold,1,inner_train_positive,187,148,1
double_cold,1,inner_train_positive,188,89,1
double_cold,1,inner_train_positive,188,103,1
double_cold,1,inner_train_positive,188,74,1
double_cold,1,inner_train_positive,188,78,1
double_cold,1,inner_train_positive,188,204,1
double_cold,1,inner_train_positive,188,7,1
double_cold,1,inner_train_positive,188,123,1
double_cold,1,inner_train_positive,188,141,1
double_cold,1,inner_train_positive,188,84,1
double_cold,1,inner_train_positive,188,188,1
double_cold,1,inner_train_positive,188,137,1
double_cold,1,inner_train_positive,188,201,1
double_cold,1,inner_train_positive,189,55,1
double_cold,1,inner_train_positive,189,148,1
double_cold,1,inner_train_positive,192,55,1
double_cold,1,inner_train_positive,192,123,1
double_cold,1,inner_train_positive,192,67,1
double_cold,1,inner_train_positive,192,103,1
double_cold,1,inner_train_positive,192,20,1
double_cold,1,inner_train_positive,192,89,1
double_cold,1,inner_train_positive,192,92,1
double_cold,1,inner_train_positive,192,7,1
double_cold,1,inner_train_positive,192,3,1
double_cold,1,inner_train_positive,192,174,1
double_cold,1,inner_train_positive,192,35,1
double_cold,1,inner_train_positive,192,181,1
double_cold,1,inner_train_positive,192,16,1
double_cold,1,inner_train_positive,192,204,1
double_cold,1,inner_train_positive,192,84,1
double_cold,1,inner_train_positive,192,17,1
double_cold,1,inner_train_positive,192,124,1
double_cold,1,inner_train_positive,192,74,1
double_cold,1,inner_train_positive,192,146,1
double_cold,1,inner_train_positive,192,148,1
double_cold,1,inner_train_positive,192,134,1
double_cold,1,inner_train_positive,192,137,1
double_cold,1,inner_train_positive,192,26,1
double_cold,1,inner_train_positive,192,197,1
double_cold,1,inner_train_positive,192,38,1
double_cold,1,inner_train_positive,192,144,1
double_cold,1,inner_train_positive,192,125,1
double_cold,1,inner_train_positive,192,188,1
double_cold,1,inner_train_positive,194,174,1
double_cold,1,inner_train_positive,194,55,1
double_cold,1,inner_train_positive,194,89,1
double_cold,1,inner_train_positive,194,148,1
double_cold,1,inner_train_positive,194,103,1
double_cold,1,inner_train_positive,194,188,1
double_cold,1,inner_train_positive,605,55,1
double_cold,1,inner_train_positive,606,67,1
double_cold,1,inner_train_positive,606,174,1
double_cold,1,inner_train_positive,608,89,1
double_cold,1,inner_train_positive,608,134,1
double_cold,1,inner_train_positive,195,89,1
double_cold,1,inner_train_positive,195,3,1
double_cold,1,inner_train_positive,195,78,1
double_cold,1,inner_train_positive,195,188,1
double_cold,1,inner_train_positive,195,139,1
double_cold,1,inner_train_positive,195,123,1
double_cold,1,inner_train_positive,195,103,1
double_cold,1,inner_train_positive,195,67,1
double_cold,1,inner_train_positive,195,84,1
double_cold,1,inner_train_positive,196,103,1
double_cold,1,inner_train_positive,196,89,1
double_cold,1,inner_train_positive,196,84,1
double_cold,1,inner_train_positive,196,55,1
double_cold,1,inner_train_positive,196,67,1
double_cold,1,inner_train_positive,196,204,1
double_cold,1,inner_train_positive,196,188,1
double_cold,1,inner_train_positive,196,134,1
double_cold,1,inner_train_positive,196,123,1
double_cold,1,inner_train_positive,196,7,1
double_cold,1,inner_train_positive,196,145,1
double_cold,1,inner_train_positive,196,148,1
double_cold,1,inner_train_positive,196,90,1
double_cold,1,inner_train_positive,196,74,1
double_cold,1,inner_train_positive,196,16,1
double_cold,1,inner_train_positive,196,81,1
double_cold,1,inner_train_positive,198,103,1
double_cold,1,inner_train_positive,198,89,1
double_cold,1,inner_train_positive,198,74,1
double_cold,1,inner_train_positive,198,7,1
double_cold,1,inner_train_positive,198,204,1
double_cold,1,inner_train_positive,199,89,1
double_cold,1,inner_train_positive,199,74,1
double_cold,1,inner_train_positive,199,90,1
double_cold,1,inner_train_positive,199,100,1
double_cold,1,inner_train_positive,199,139,1
double_cold,1,inner_train_positive,199,67,1
double_cold,1,inner_train_positive,199,103,1
double_cold,1,inner_train_positive,199,123,1
double_cold,1,inner_train_positive,199,84,1
double_cold,1,inner_train_positive,199,3,1
double_cold,1,inner_train_positive,199,7,1
double_cold,1,inner_train_positive,199,204,1
double_cold,1,inner_train_positive,199,55,1
double_cold,1,inner_train_positive,200,67,1
double_cold,1,inner_train_positive,200,103,1
double_cold,1,inner_train_positive,200,7,1
double_cold,1,inner_train_positive,200,55,1
double_cold,1,inner_train_positive,200,89,1
double_cold,1,inner_train_positive,200,90,1
double_cold,1,inner_train_positive,200,204,1
double_cold,1,inner_train_positive,200,123,1
double_cold,1,inner_train_positive,200,140,1
double_cold,1,inner_train_positive,200,148,1
double_cold,1,inner_train_positive,200,84,1
double_cold,1,inner_train_positive,200,142,1
double_cold,1,inner_train_positive,200,174,1
double_cold,1,inner_train_positive,200,33,1
double_cold,1,inner_train_positive,203,89,1
double_cold,1,inner_train_positive,203,7,1
double_cold,1,inner_train_positive,203,204,1
double_cold,1,inner_train_positive,203,103,1
double_cold,1,inner_train_positive,203,74,1
double_cold,1,inner_train_positive,204,89,1
double_cold,1,inner_train_positive,204,103,1
double_cold,1,inner_train_positive,204,67,1
double_cold,1,inner_train_positive,204,90,1
double_cold,1,inner_train_positive,204,176,1
double_cold,1,inner_train_positive,204,7,1
double_cold,1,inner_train_positive,204,55,1
double_cold,1,inner_train_positive,204,84,1
double_cold,1,inner_train_positive,204,123,1
double_cold,1,inner_train_positive,204,188,1
double_cold,1,inner_train_positive,204,74,1
double_cold,1,inner_train_positive,204,204,1
double_cold,1,inner_train_positive,204,72,1
double_cold,1,inner_train_positive,204,174,1
double_cold,1,inner_train_positive,206,89,1
double_cold,1,inner_train_positive,206,123,1
double_cold,1,inner_train_positive,206,182,1
double_cold,1,inner_train_positive,206,103,1
double_cold,1,inner_train_positive,206,67,1
double_cold,1,inner_train_positive,206,134,1
double_cold,1,inner_train_positive,206,204,1
double_cold,1,inner_train_positive,206,7,1
double_cold,1,inner_train_positive,206,168,1
double_cold,1,inner_train_positive,206,55,1
double_cold,1,inner_train_positive,206,3,1
double_cold,1,inner_train_positive,206,84,1
double_cold,1,inner_train_positive,206,74,1
double_cold,1,inner_train_positive,206,105,1
double_cold,1,inner_train_positive,206,188,1
double_cold,1,inner_train_positive,206,148,1
double_cold,1,inner_train_positive,206,16,1
double_cold,1,inner_train_positive,206,142,1
double_cold,1,inner_train_positive,206,133,1
double_cold,1,inner_train_positive,207,103,1
double_cold,1,inner_train_positive,207,54,1
double_cold,1,inner_train_positive,207,7,1
double_cold,1,inner_train_positive,207,89,1
double_cold,1,inner_train_positive,207,176,1
double_cold,1,inner_train_positive,207,67,1
double_cold,1,inner_train_positive,207,39,1
double_cold,1,inner_train_positive,207,47,1
double_cold,1,inner_train_positive,207,55,1
double_cold,1,inner_train_positive,207,3,1
double_cold,1,inner_train_positive,207,174,1
double_cold,1,inner_train_positive,207,74,1
double_cold,1,inner_train_positive,207,95,1
double_cold,1,inner_train_positive,207,204,1
double_cold,1,inner_train_positive,207,144,1
double_cold,1,inner_train_positive,208,89,1
double_cold,1,inner_train_positive,208,74,1
double_cold,1,inner_train_positive,208,205,1
double_cold,1,inner_train_positive,208,103,1
double_cold,1,inner_train_positive,208,81,1
double_cold,1,inner_train_positive,208,204,1
double_cold,1,inner_train_positive,208,67,1
double_cold,1,inner_train_positive,208,84,1
double_cold,1,inner_train_positive,208,55,1
double_cold,1,inner_train_positive,208,7,1
double_cold,1,inner_train_positive,208,22,1
double_cold,1,inner_train_positive,208,86,1
double_cold,1,inner_train_positive,208,142,1
double_cold,1,inner_train_positive,208,139,1
double_cold,1,inner_train_positive,208,3,1
double_cold,1,inner_train_positive,610,188,1
double_cold,1,inner_train_positive,610,123,1
double_cold,1,inner_train_positive,611,89,1
double_cold,1,inner_train_positive,611,67,1
double_cold,1,inner_train_positive,611,146,1
double_cold,1,inner_train_positive,611,134,1
double_cold,1,inner_train_positive,612,67,1
double_cold,1,inner_train_positive,209,89,1
double_cold,1,inner_train_positive,209,103,1
double_cold,1,inner_train_positive,209,90,1
double_cold,1,inner_train_positive,209,176,1
double_cold,1,inner_train_positive,209,7,1
double_cold,1,inner_train_positive,209,204,1
double_cold,1,inner_train_positive,209,146,1
double_cold,1,inner_train_positive,209,188,1
double_cold,1,inner_train_positive,209,67,1
double_cold,1,inner_train_positive,209,55,1
double_cold,1,inner_train_positive,209,134,1
double_cold,1,inner_train_positive,209,179,1
double_cold,1,inner_train_positive,209,148,1
double_cold,1,inner_train_positive,209,174,1
double_cold,1,inner_train_positive,209,16,1
double_cold,1,inner_train_positive,209,81,1
double_cold,1,inner_train_positive,209,74,1
double_cold,1,inner_train_positive,210,89,1
double_cold,1,inner_train_positive,210,67,1
double_cold,1,inner_train_positive,210,102,1
double_cold,1,inner_train_positive,210,174,1
double_cold,1,inner_train_positive,210,150,1
double_cold,1,inner_train_positive,210,204,1
double_cold,1,inner_train_positive,210,103,1
double_cold,1,inner_train_positive,210,7,1
double_cold,1,inner_train_positive,210,146,1
double_cold,1,inner_train_positive,210,188,1
double_cold,1,inner_train_positive,210,123,1
double_cold,1,inner_train_positive,210,55,1
double_cold,1,inner_train_positive,210,16,1
double_cold,1,inner_train_positive,210,81,1
double_cold,1,inner_train_positive,211,81,1
double_cold,1,inner_train_positive,211,123,1
double_cold,1,inner_train_positive,211,3,1
double_cold,1,inner_train_positive,211,7,1
double_cold,1,inner_train_positive,211,103,1
double_cold,1,inner_train_positive,211,204,1
double_cold,1,inner_train_positive,211,188,1
double_cold,1,inner_train_positive,211,22,1
double_cold,1,inner_train_positive,211,67,1
double_cold,1,inner_train_positive,211,55,1
double_cold,1,inner_train_positive,211,179,1
double_cold,1,inner_train_positive,211,148,1
double_cold,1,inner_train_positive,211,35,1
double_cold,1,inner_train_positive,211,16,1
double_cold,1,inner_train_positive,211,174,1
double_cold,1,inner_train_positive,212,89,1
double_cold,1,inner_train_positive,212,7,1
double_cold,1,inner_train_positive,212,103,1
double_cold,1,inner_train_positive,212,204,1
double_cold,1,inner_train_positive,212,3,1
double_cold,1,inner_train_positive,212,73,1
double_cold,1,inner_train_positive,212,55,1
double_cold,1,inner_train_positive,212,67,1
double_cold,1,inner_train_positive,212,188,1
double_cold,1,inner_train_positive,212,148,1
double_cold,1,inner_train_positive,212,174,1
double_cold,1,inner_train_positive,212,84,1
double_cold,1,inner_train_positive,212,74,1
double_cold,1,inner_train_positive,214,7,1
double_cold,1,inner_train_positive,214,103,1
double_cold,1,inner_train_positive,214,90,1
double_cold,1,inner_train_positive,214,89,1
double_cold,1,inner_train_positive,214,176,1
double_cold,1,inner_train_positive,214,204,1
double_cold,1,inner_train_positive,214,3,1
double_cold,1,inner_train_positive,214,188,1
double_cold,1,inner_train_positive,214,123,1
double_cold,1,inner_train_positive,214,174,1
double_cold,1,inner_train_positive,214,67,1
double_cold,1,inner_train_positive,214,179,1
double_cold,1,inner_train_positive,214,148,1
double_cold,1,inner_train_positive,214,55,1
double_cold,1,inner_train_positive,214,74,1
double_cold,1,inner_train_positive,215,8,1
double_cold,1,inner_train_positive,215,89,1
double_cold,1,inner_train_positive,215,103,1
double_cold,1,inner_train_positive,215,7,1
double_cold,1,inner_train_positive,215,67,1
double_cold,1,inner_train_positive,215,205,1
double_cold,1,inner_train_positive,215,55,1
double_cold,1,inner_train_positive,215,204,1
double_cold,1,inner_train_positive,215,3,1
double_cold,1,inner_train_positive,215,17,1
double_cold,1,inner_train_positive,215,146,1
double_cold,1,inner_train_positive,215,188,1
double_cold,1,inner_train_positive,215,148,1
double_cold,1,inner_train_positive,215,123,1
double_cold,1,inner_train_positive,215,134,1
double_cold,1,inner_train_positive,215,200,1
double_cold,1,inner_train_positive,215,142,1
double_cold,1,inner_train_positive,215,74,1
double_cold,1,inner_train_positive,215,172,1
double_cold,1,inner_train_positive,215,84,1
double_cold,1,inner_train_positive,215,174,1
double_cold,1,inner_train_positive,216,103,1
double_cold,1,inner_train_positive,216,67,1
double_cold,1,inner_train_positive,216,204,1
double_cold,1,inner_train_positive,221,89,1
double_cold,1,inner_train_positive,221,188,1
double_cold,1,inner_train_positive,221,11,1
double_cold,1,inner_train_positive,221,103,1
double_cold,1,inner_train_positive,222,89,1
double_cold,1,inner_train_positive,222,84,1
double_cold,1,inner_train_positive,222,67,1
double_cold,1,inner_train_positive,222,188,1
double_cold,1,inner_train_positive,222,7,1
double_cold,1,inner_train_positive,222,103,1
double_cold,1,inner_train_positive,222,3,1
double_cold,1,inner_train_positive,224,89,1
double_cold,1,inner_train_positive,224,103,1
double_cold,1,inner_train_positive,224,67,1
double_cold,1,inner_train_positive,224,199,1
double_cold,1,inner_train_positive,224,55,1
double_cold,1,inner_train_positive,224,3,1
double_cold,1,inner_train_positive,224,204,1
double_cold,1,inner_train_positive,224,124,1
double_cold,1,inner_train_positive,224,123,1
double_cold,1,inner_train_positive,224,188,1
double_cold,1,inner_train_positive,224,22,1
double_cold,1,inner_train_positive,224,74,1
double_cold,1,inner_train_positive,224,82,1
double_cold,1,inner_train_positive,224,100,1
double_cold,1,inner_train_positive,224,140,1
double_cold,1,inner_train_positive,224,81,1
double_cold,1,inner_train_positive,224,197,1
double_cold,1,inner_train_positive,224,167,1
double_cold,1,inner_train_positive,224,7,1
double_cold,1,inner_train_positive,224,50,1
double_cold,1,inner_train_positive,224,142,1
double_cold,1,inner_train_positive,224,174,1
double_cold,1,inner_train_positive,225,89,1
double_cold,1,inner_train_positive,225,103,1
double_cold,1,inner_train_positive,225,67,1
double_cold,1,inner_train_positive,225,123,1
double_cold,1,inner_train_positive,225,102,1
double_cold,1,inner_train_positive,225,91,1
double_cold,1,inner_train_positive,225,55,1
double_cold,1,inner_train_positive,225,204,1
double_cold,1,inner_train_positive,225,7,1
double_cold,1,inner_train_positive,225,17,1
double_cold,1,inner_train_positive,225,203,1
double_cold,1,inner_train_positive,225,147,1
double_cold,1,inner_train_positive,225,124,1
double_cold,1,inner_train_positive,225,188,1
double_cold,1,inner_train_positive,225,74,1
double_cold,1,inner_train_positive,225,148,1
double_cold,1,inner_train_positive,225,142,1
double_cold,1,inner_train_positive,225,137,1
double_cold,1,inner_train_positive,225,81,1
double_cold,1,inner_train_positive,225,197,1
double_cold,1,inner_train_positive,225,167,1
double_cold,1,inner_train_positive,225,134,1
double_cold,1,inner_train_positive,225,174,1
double_cold,1,inner_train_positive,225,95,1
double_cold,1,inner_train_positive,226,89,1
double_cold,1,inner_train_positive,226,7,1
double_cold,1,inner_train_positive,226,103,1
double_cold,1,inner_train_positive,226,67,1
double_cold,1,inner_train_positive,226,55,1
double_cold,1,inner_train_positive,226,3,1
double_cold,1,inner_train_positive,226,204,1
double_cold,1,inner_train_positive,226,17,1
double_cold,1,inner_train_positive,226,174,1
double_cold,1,inner_train_positive,226,188,1
double_cold,1,inner_train_positive,226,137,1
double_cold,1,inner_train_positive,226,123,1
double_cold,1,inner_train_positive,226,84,1
double_cold,1,inner_train_positive,226,81,1
double_cold,1,inner_train_positive,226,197,1
double_cold,1,inner_train_positive,226,167,1
double_cold,1,inner_train_positive,226,86,1
double_cold,1,inner_train_positive,227,103,1
double_cold,1,inner_train_positive,227,90,1
double_cold,1,inner_train_positive,227,89,1
double_cold,1,inner_train_positive,227,176,1
double_cold,1,inner_train_positive,227,123,1
double_cold,1,inner_train_positive,227,148,1
double_cold,1,inner_train_positive,229,89,1
double_cold,1,inner_train_positive,229,3,1
double_cold,1,inner_train_positive,229,55,1
double_cold,1,inner_train_positive,229,7,1
double_cold,1,inner_train_positive,229,67,1
double_cold,1,inner_train_positive,230,89,1
double_cold,1,inner_train_positive,230,103,1
double_cold,1,inner_train_positive,230,22,1
double_cold,1,inner_train_positive,230,98,1
double_cold,1,inner_train_positive,230,67,1
double_cold,1,inner_train_positive,230,81,1
double_cold,1,inner_train_positive,230,174,1
double_cold,1,inner_train_positive,230,133,1
double_cold,1,inner_train_positive,231,103,1
double_cold,1,inner_train_positive,231,89,1
double_cold,1,inner_train_positive,231,22,1
double_cold,1,inner_train_positive,232,89,1
double_cold,1,inner_train_positive,232,103,1
double_cold,1,inner_train_positive,232,22,1
double_cold,1,inner_train_positive,232,7,1
double_cold,1,inner_train_positive,232,174,1
double_cold,1,inner_train_positive,233,103,1
double_cold,1,inner_train_positive,233,90,1
double_cold,1,inner_train_positive,233,22,1
double_cold,1,inner_train_positive,233,139,1
double_cold,1,inner_train_positive,233,148,1
double_cold,1,inner_train_positive,233,81,1
double_cold,1,inner_train_positive,235,74,1
double_cold,1,inner_train_positive,236,89,1
double_cold,1,inner_train_positive,236,67,1
double_cold,1,inner_train_positive,236,3,1
double_cold,1,inner_train_positive,236,103,1
double_cold,1,inner_train_positive,236,55,1
double_cold,1,inner_train_positive,236,204,1
double_cold,1,inner_train_positive,236,7,1
double_cold,1,inner_train_positive,236,74,1
double_cold,1,inner_train_positive,236,123,1
double_cold,1,inner_train_positive,236,188,1
double_cold,1,inner_train_positive,236,84,1
double_cold,1,inner_train_positive,236,176,1
double_cold,1,inner_train_positive,236,16,1
double_cold,1,inner_train_positive,236,142,1
double_cold,1,inner_train_positive,236,174,1
double_cold,1,inner_train_positive,237,67,1
double_cold,1,inner_train_positive,237,103,1
double_cold,1,inner_train_positive,237,89,1
double_cold,1,inner_train_positive,237,7,1
double_cold,1,inner_train_positive,237,78,1
double_cold,1,inner_train_positive,237,90,1
double_cold,1,inner_train_positive,237,176,1
double_cold,1,inner_train_positive,237,204,1
double_cold,1,inner_train_positive,237,84,1
double_cold,1,inner_train_positive,237,146,1
double_cold,1,inner_train_positive,237,188,1
double_cold,1,inner_train_positive,237,123,1
double_cold,1,inner_train_positive,237,55,1
double_cold,1,inner_train_positive,237,134,1
double_cold,1,inner_train_positive,237,142,1
double_cold,1,inner_train_positive,239,103,1
double_cold,1,inner_train_positive,239,3,1
double_cold,1,inner_train_positive,239,89,1
double_cold,1,inner_train_positive,239,7,1
double_cold,1,inner_train_positive,239,78,1
double_cold,1,inner_train_positive,239,204,1
double_cold,1,inner_train_positive,239,55,1
double_cold,1,inner_train_positive,239,146,1
double_cold,1,inner_train_positive,239,188,1
double_cold,1,inner_train_positive,239,139,1
double_cold,1,inner_train_positive,239,123,1
double_cold,1,inner_train_positive,239,67,1
double_cold,1,inner_train_positive,239,142,1
double_cold,1,inner_train_positive,239,174,1
double_cold,1,inner_train_positive,241,89,1
double_cold,1,inner_train_positive,241,205,1
double_cold,1,inner_train_positive,241,103,1
double_cold,1,inner_train_positive,241,3,1
double_cold,1,inner_train_positive,241,7,1
double_cold,1,inner_train_positive,241,110,1
double_cold,1,inner_train_positive,241,204,1
double_cold,1,inner_train_positive,241,84,1
double_cold,1,inner_train_positive,241,124,1
double_cold,1,inner_train_positive,241,174,1
double_cold,1,inner_train_positive,241,55,1
double_cold,1,inner_train_positive,241,176,1
double_cold,1,inner_train_positive,241,67,1
double_cold,1,inner_train_positive,241,123,1
double_cold,1,inner_train_positive,241,74,1
double_cold,1,inner_train_positive,241,50,1
double_cold,1,inner_train_positive,241,142,1
double_cold,1,inner_train_positive,242,123,1
double_cold,1,inner_train_positive,242,89,1
double_cold,1,inner_train_positive,242,35,1
double_cold,1,inner_train_positive,242,55,1
double_cold,1,inner_train_positive,242,103,1
double_cold,1,inner_train_positive,242,7,1
double_cold,1,inner_train_positive,242,204,1
double_cold,1,inner_train_positive,242,67,1
double_cold,1,inner_train_positive,242,74,1
double_cold,1,inner_train_positive,242,179,1
double_cold,1,inner_train_positive,242,148,1
double_cold,1,inner_train_positive,242,86,1
double_cold,1,inner_train_positive,242,188,1
double_cold,1,inner_train_positive,242,84,1
double_cold,1,inner_train_positive,243,89,1
double_cold,1,inner_train_positive,243,81,1
double_cold,1,inner_train_positive,243,103,1
double_cold,1,inner_train_positive,243,67,1
double_cold,1,inner_train_positive,243,204,1
double_cold,1,inner_train_positive,243,7,1
double_cold,1,inner_train_positive,243,123,1
double_cold,1,inner_train_positive,243,146,1
double_cold,1,inner_train_positive,243,188,1
double_cold,1,inner_train_positive,243,22,1
double_cold,1,inner_train_positive,243,55,1
double_cold,1,inner_train_positive,243,40,1
double_cold,1,inner_train_positive,243,137,1
double_cold,1,inner_train_positive,245,55,1
double_cold,1,inner_train_positive,245,204,1
double_cold,1,inner_train_positive,245,103,1
double_cold,1,inner_train_positive,245,7,1
double_cold,1,inner_train_positive,245,67,1
double_cold,1,inner_train_positive,246,103,1
double_cold,1,inner_train_positive,246,204,1
double_cold,1,inner_train_positive,246,3,1
double_cold,1,inner_train_positive,246,89,1
double_cold,1,inner_train_positive,246,188,1
double_cold,1,inner_train_positive,246,67,1
double_cold,1,inner_train_positive,246,7,1
double_cold,1,inner_train_positive,248,103,1
double_cold,1,inner_train_positive,323,89,1
double_cold,1,inner_train_positive,323,55,1
double_cold,1,inner_train_positive,323,204,1
double_cold,1,inner_train_positive,249,123,1
double_cold,1,inner_train_positive,249,188,1
double_cold,1,inner_train_positive,249,139,1
double_cold,1,inner_train_positive,249,103,1
double_cold,1,inner_train_positive,250,123,1
double_cold,1,inner_train_positive,250,103,1
double_cold,1,inner_train_positive,250,188,1
double_cold,1,inner_train_positive,250,74,1
double_cold,1,inner_train_positive,250,67,1
double_cold,1,inner_train_positive,250,17,1
double_cold,1,inner_train_positive,250,7,1
double_cold,1,inner_train_positive,250,55,1
double_cold,1,inner_train_positive,251,103,1
double_cold,1,inner_train_positive,251,89,1
double_cold,1,inner_train_positive,251,204,1
double_cold,1,inner_train_positive,251,139,1
double_cold,1,inner_train_positive,251,67,1
double_cold,1,inner_train_positive,251,7,1
double_cold,1,inner_train_positive,251,137,1
double_cold,1,inner_train_positive,251,129,1
double_cold,1,inner_train_positive,251,148,1
double_cold,1,inner_train_positive,251,55,1
double_cold,1,inner_train_positive,251,35,1
double_cold,1,inner_train_positive,251,81,1
double_cold,1,inner_train_positive,252,89,1
double_cold,1,inner_train_positive,252,22,1
double_cold,1,inner_train_positive,252,205,1
double_cold,1,inner_train_positive,252,7,1
double_cold,1,inner_train_positive,252,78,1
double_cold,1,inner_train_positive,252,204,1
double_cold,1,inner_train_positive,252,103,1
double_cold,1,inner_train_positive,252,20,1
double_cold,1,inner_train_positive,252,55,1
double_cold,1,inner_train_positive,252,74,1
double_cold,1,inner_train_positive,252,146,1
double_cold,1,inner_train_positive,252,3,1
double_cold,1,inner_train_positive,252,139,1
double_cold,1,inner_train_positive,252,142,1
double_cold,1,inner_train_positive,252,148,1
double_cold,1,inner_train_positive,252,67,1
double_cold,1,inner_train_positive,252,123,1
double_cold,1,inner_train_positive,252,17,1
double_cold,1,inner_train_positive,254,67,1
double_cold,1,inner_train_positive,254,89,1
double_cold,1,inner_train_positive,254,55,1
double_cold,1,inner_train_positive,254,123,1
double_cold,1,inner_train_positive,254,7,1
double_cold,1,inner_train_positive,254,103,1
double_cold,1,inner_train_positive,254,84,1
double_cold,1,inner_train_positive,254,204,1
double_cold,1,inner_train_positive,254,174,1
double_cold,1,inner_train_positive,255,55,1
double_cold,1,inner_train_positive,257,89,1
double_cold,1,inner_train_positive,257,137,1
double_cold,1,inner_train_positive,259,3,1
double_cold,1,inner_train_positive,259,67,1
double_cold,1,inner_train_positive,259,103,1
double_cold,1,inner_train_positive,259,89,1
double_cold,1,inner_train_positive,259,81,1
double_cold,1,inner_train_positive,261,103,1
double_cold,1,inner_train_positive,261,204,1
double_cold,1,inner_train_positive,261,89,1
double_cold,1,inner_train_positive,262,123,1
double_cold,1,inner_train_positive,262,148,1
double_cold,1,inner_train_positive,263,89,1
double_cold,1,inner_train_positive,263,3,1
double_cold,1,inner_train_positive,263,123,1
double_cold,1,inner_train_positive,263,103,1
double_cold,1,inner_train_positive,263,204,1
double_cold,1,inner_train_positive,263,7,1
double_cold,1,inner_train_positive,263,55,1
double_cold,1,inner_train_positive,263,67,1
double_cold,1,inner_train_positive,264,48,1
double_cold,1,inner_train_positive,264,89,1
double_cold,1,inner_train_positive,264,103,1
double_cold,1,inner_train_positive,264,55,1
double_cold,1,inner_train_positive,264,22,1
double_cold,1,inner_train_positive,264,7,1
double_cold,1,inner_train_positive,264,139,1
double_cold,1,inner_train_positive,264,179,1
double_cold,1,inner_train_positive,264,142,1
double_cold,1,inner_train_positive,265,89,1
double_cold,1,inner_train_positive,265,204,1
double_cold,1,inner_train_positive,265,55,1
double_cold,1,inner_train_positive,265,17,1
double_cold,1,inner_train_positive,265,103,1
double_cold,1,inner_train_positive,265,3,1
double_cold,1,inner_train_positive,265,123,1
double_cold,1,inner_train_positive,266,123,1
double_cold,1,inner_train_positive,266,103,1
double_cold,1,inner_train_positive,266,3,1
double_cold,1,inner_train_positive,266,74,1
double_cold,1,inner_train_positive,266,55,1
double_cold,1,inner_train_positive,266,191,1
double_cold,1,inner_train_positive,267,89,1
double_cold,1,inner_train_positive,267,123,1
double_cold,1,inner_train_positive,267,103,1
double_cold,1,inner_train_positive,267,67,1
double_cold,1,inner_train_positive,267,204,1
double_cold,1,inner_train_positive,267,3,1
double_cold,1,inner_train_positive,267,188,1
double_cold,1,inner_train_positive,267,148,1
double_cold,1,inner_train_positive,267,55,1
double_cold,1,inner_train_positive,267,134,1
double_cold,1,inner_train_positive,267,74,1
double_cold,1,inner_train_positive,268,123,1
double_cold,1,inner_train_positive,268,89,1
double_cold,1,inner_train_positive,268,137,1
double_cold,1,inner_train_positive,268,103,1
double_cold,1,inner_train_positive,629,89,1
double_cold,1,inner_train_positive,629,103,1
double_cold,1,inner_train_positive,629,74,1
double_cold,1,inner_train_positive,629,123,1
double_cold,1,inner_train_positive,629,204,1
double_cold,1,inner_train_positive,629,55,1
double_cold,1,inner_train_positive,629,7,1
double_cold,1,inner_train_positive,629,92,1
double_cold,1,inner_train_positive,629,67,1
double_cold,1,inner_train_positive,629,84,1
double_cold,1,inner_train_positive,629,142,1
double_cold,1,inner_train_positive,272,148,1
double_cold,1,inner_train_positive,272,103,1
double_cold,1,inner_train_positive,272,16,1
double_cold,1,inner_train_positive,272,67,1
double_cold,1,inner_train_positive,272,7,1
double_cold,1,inner_train_positive,272,81,1
double_cold,1,inner_train_positive,273,89,1
double_cold,1,inner_train_positive,273,67,1
double_cold,1,inner_train_positive,273,103,1
double_cold,1,inner_train_positive,273,204,1
double_cold,1,inner_train_positive,273,150,1
double_cold,1,inner_train_positive,273,81,1
double_cold,1,inner_train_positive,273,55,1
double_cold,1,inner_train_positive,273,90,1
double_cold,1,inner_train_positive,273,3,1
double_cold,1,inner_train_positive,273,18,1
double_cold,1,inner_train_positive,273,148,1
double_cold,1,inner_train_positive,274,188,1
double_cold,1,inner_train_positive,274,74,1
double_cold,1,inner_train_positive,274,134,1
double_cold,1,inner_train_positive,274,148,1
double_cold,1,inner_train_positive,274,55,1
double_cold,1,inner_train_positive,274,125,1
double_cold,1,inner_train_positive,274,103,1
double_cold,1,inner_train_positive,275,89,1
double_cold,1,inner_train_positive,275,3,1
double_cold,1,inner_train_positive,275,81,1
double_cold,1,inner_train_positive,275,123,1
double_cold,1,inner_train_positive,275,204,1
double_cold,1,inner_train_positive,275,67,1
double_cold,1,inner_train_positive,275,7,1
double_cold,1,inner_train_positive,275,55,1
double_cold,1,inner_train_positive,275,146,1
double_cold,1,inner_train_positive,275,103,1
double_cold,1,inner_train_positive,275,188,1
double_cold,1,inner_train_positive,275,74,1
double_cold,1,inner_train_positive,277,89,1
double_cold,1,inner_train_positive,277,103,1
double_cold,1,inner_train_positive,277,204,1
double_cold,1,inner_train_positive,277,7,1
double_cold,1,inner_train_positive,277,55,1
double_cold,1,inner_train_positive,277,188,1
double_cold,1,inner_train_positive,277,139,1
double_cold,1,inner_train_positive,277,67,1
double_cold,1,inner_train_positive,277,84,1
double_cold,1,inner_train_positive,279,205,1
double_cold,1,inner_train_positive,279,103,1
double_cold,1,inner_train_positive,279,81,1
double_cold,1,inner_train_positive,279,123,1
double_cold,1,inner_train_positive,279,7,1
double_cold,1,inner_train_positive,279,55,1
double_cold,1,inner_train_positive,279,67,1
double_cold,1,inner_train_positive,279,124,1
double_cold,1,inner_train_positive,279,188,1
double_cold,1,inner_train_positive,279,148,1
double_cold,1,inner_train_positive,279,89,1
double_cold,1,inner_train_positive,281,89,1
double_cold,1,inner_train_positive,281,55,1
double_cold,1,inner_train_positive,281,103,1
double_cold,1,inner_train_positive,281,188,1
double_cold,1,inner_train_positive,281,204,1
double_cold,1,inner_train_positive,281,3,1
double_cold,1,inner_train_positive,282,103,1
double_cold,1,inner_train_positive,282,55,1
double_cold,1,inner_train_positive,283,103,1
double_cold,1,inner_train_positive,283,89,1
double_cold,1,inner_train_positive,283,79,1
double_cold,1,inner_train_positive,283,7,1
double_cold,1,inner_train_positive,283,55,1
double_cold,1,inner_train_positive,283,188,1
double_cold,1,inner_train_positive,283,139,1
double_cold,1,inner_train_positive,283,174,1
double_cold,1,inner_train_positive,283,144,1
double_cold,1,inner_train_positive,286,205,1
double_cold,1,inner_train_positive,286,103,1
double_cold,1,inner_train_positive,286,7,1
double_cold,1,inner_train_positive,286,204,1
double_cold,1,inner_train_positive,286,89,1
double_cold,1,inner_train_positive,286,55,1
double_cold,1,inner_train_positive,286,148,1
double_cold,1,inner_train_positive,286,124,1
double_cold,1,inner_train_positive,286,67,1
double_cold,1,inner_train_positive,286,139,1
double_cold,1,inner_train_positive,286,3,1
double_cold,1,inner_train_positive,288,89,1
double_cold,1,inner_train_positive,288,123,1
double_cold,1,inner_train_positive,288,103,1
double_cold,1,inner_train_positive,288,150,1
double_cold,1,inner_train_positive,288,67,1
double_cold,1,inner_train_positive,288,84,1
double_cold,1,inner_train_positive,288,188,1
double_cold,1,inner_train_positive,288,7,1
double_cold,1,inner_train_positive,288,179,1
double_cold,1,inner_train_positive,288,148,1
double_cold,1,inner_train_positive,288,204,1
double_cold,1,inner_train_positive,288,74,1
double_cold,1,inner_train_positive,289,123,1
double_cold,1,inner_train_positive,289,103,1
double_cold,1,inner_train_positive,289,55,1
double_cold,1,inner_train_positive,289,188,1
double_cold,1,inner_train_positive,289,7,1
double_cold,1,inner_train_positive,289,53,1
double_cold,1,inner_train_positive,289,179,1
double_cold,1,inner_train_positive,289,67,1
double_cold,1,inner_train_positive,289,148,1
double_cold,1,inner_train_positive,289,74,1
double_cold,1,inner_train_positive,292,67,1
double_cold,1,inner_train_positive,292,89,1
double_cold,1,inner_train_positive,293,89,1
double_cold,1,inner_train_positive,293,103,1
double_cold,1,inner_train_positive,293,188,1
double_cold,1,inner_train_positive,293,67,1
double_cold,1,inner_train_positive,293,204,1
double_cold,1,inner_train_positive,294,55,1
double_cold,1,inner_train_positive,294,67,1
double_cold,1,inner_train_positive,294,89,1
double_cold,1,inner_train_positive,294,179,1
double_cold,1,inner_train_positive,294,188,1
double_cold,1,inner_train_positive,294,139,1
double_cold,1,inner_train_positive,294,103,1
double_cold,1,inner_train_positive,294,7,1
double_cold,1,inner_train_positive,294,133,1
double_cold,1,inner_train_positive,295,123,1
double_cold,1,inner_train_positive,295,103,1
double_cold,1,inner_train_positive,295,174,1
double_cold,1,inner_train_positive,295,74,1
double_cold,1,inner_train_positive,295,142,1
double_cold,1,inner_train_positive,295,148,1
double_cold,1,inner_train_positive,295,89,1
double_cold,1,inner_train_positive,295,67,1
double_cold,1,inner_train_positive,298,89,1
double_cold,1,inner_train_positive,298,103,1
double_cold,1,inner_train_positive,298,204,1
double_cold,1,inner_train_positive,298,81,1
double_cold,1,inner_train_positive,298,67,1
double_cold,1,inner_train_positive,298,142,1
double_cold,1,inner_train_positive,298,148,1
double_cold,1,inner_train_positive,298,86,1
double_cold,1,inner_train_positive,298,188,1
double_cold,1,inner_train_positive,298,144,1
double_cold,1,inner_train_positive,303,89,1
double_cold,1,inner_train_positive,303,7,1
double_cold,1,inner_train_positive,303,103,1
double_cold,1,inner_train_positive,303,148,1
double_cold,1,inner_train_positive,304,89,1
double_cold,1,inner_train_positive,304,103,1
double_cold,1,inner_train_positive,304,204,1
double_cold,1,inner_train_positive,305,123,1
double_cold,1,inner_train_positive,305,103,1
double_cold,1,inner_train_positive,305,89,1
double_cold,1,inner_train_positive,305,204,1
double_cold,1,inner_train_positive,305,55,1
double_cold,1,inner_train_positive,305,7,1
double_cold,1,inner_train_positive,305,74,1
double_cold,1,inner_train_positive,305,137,1
double_cold,1,inner_train_positive,305,67,1
double_cold,1,inner_train_positive,305,86,1
double_cold,1,inner_train_positive,305,174,1
double_cold,1,inner_train_positive,306,103,1
double_cold,1,inner_train_positive,306,89,1
double_cold,1,inner_train_positive,306,55,1
double_cold,1,inner_train_positive,306,7,1
double_cold,1,inner_train_positive,306,67,1
double_cold,1,inner_train_positive,306,134,1
double_cold,1,inner_train_positive,306,204,1
double_cold,1,inner_train_positive,307,123,1
double_cold,1,inner_train_positive,307,103,1
double_cold,1,inner_train_positive,307,204,1
double_cold,1,inner_train_positive,307,55,1
double_cold,1,inner_train_positive,307,7,1
double_cold,1,inner_train_positive,307,84,1
double_cold,1,inner_train_positive,307,188,1
double_cold,1,inner_train_positive,307,67,1
double_cold,1,inner_train_positive,307,89,1
double_cold,1,inner_train_positive,309,89,1
double_cold,1,inner_train_positive,309,3,1
double_cold,1,inner_train_positive,309,205,1
double_cold,1,inner_train_positive,309,55,1
double_cold,1,inner_train_positive,309,103,1
double_cold,1,inner_train_positive,309,7,1
double_cold,1,inner_train_positive,309,204,1
double_cold,1,inner_train_positive,309,84,1
double_cold,1,inner_train_positive,309,124,1
double_cold,1,inner_train_positive,309,146,1
double_cold,1,inner_train_positive,309,188,1
double_cold,1,inner_train_positive,309,74,1
double_cold,1,inner_train_positive,309,123,1
double_cold,1,inner_train_positive,309,67,1
double_cold,1,inner_train_positive,309,137,1
double_cold,1,inner_train_positive,309,134,1
double_cold,1,inner_train_positive,309,148,1
double_cold,1,inner_train_positive,309,142,1
double_cold,1,inner_train_positive,310,123,1
double_cold,1,inner_train_positive,310,7,1
double_cold,1,inner_train_positive,310,179,1
double_cold,1,inner_train_positive,310,67,1
double_cold,1,inner_train_positive,310,103,1
double_cold,1,inner_train_positive,310,55,1
double_cold,1,inner_train_positive,313,89,1
double_cold,1,inner_train_positive,313,103,1
double_cold,1,inner_train_positive,313,142,1
double_cold,1,inner_train_positive,313,148,1
double_cold,1,inner_train_positive,313,95,1
double_cold,1,inner_train_positive,313,86,1
double_cold,1,inner_train_positive,313,55,1
double_cold,1,inner_train_positive,314,89,1
double_cold,1,inner_train_positive,314,67,1
double_cold,1,inner_train_positive,314,7,1
double_cold,1,inner_train_positive,314,204,1
double_cold,1,inner_train_positive,314,103,1
double_cold,1,inner_train_positive,314,174,1
double_cold,1,inner_train_positive,314,148,1
double_cold,1,inner_train_positive,314,55,1
double_cold,1,inner_train_positive,314,74,1
double_cold,1,inner_train_positive,316,103,1
double_cold,1,inner_train_positive,316,123,1
double_cold,1,inner_train_positive,316,55,1
double_cold,1,inner_train_positive,316,129,1
double_cold,1,inner_train_positive,316,7,1
double_cold,1,inner_train_positive,316,84,1
double_cold,1,inner_train_positive,316,188,1
double_cold,1,inner_train_positive,317,55,1
double_cold,1,inner_train_positive,317,204,1
double_cold,1,inner_train_positive,317,129,1
double_cold,1,inner_train_positive,317,103,1
double_cold,1,inner_train_positive,317,7,1
double_cold,1,inner_train_positive,613,103,1
double_cold,1,inner_train_positive,613,146,1
double_cold,1,inner_train_positive,613,89,1
double_cold,1,inner_train_positive,613,137,1
double_cold,1,inner_train_positive,613,129,1
double_cold,1,inner_train_positive,613,204,1
double_cold,1,inner_train_positive,613,67,1
double_cold,1,inner_train_positive,613,50,1
double_cold,1,inner_train_positive,318,89,1
double_cold,1,inner_train_positive,318,123,1
double_cold,1,inner_train_positive,318,55,1
double_cold,1,inner_train_positive,318,7,1
double_cold,1,inner_train_positive,318,197,1
double_cold,1,inner_train_positive,318,84,1
double_cold,1,inner_train_positive,318,150,1
double_cold,1,inner_train_positive,318,67,1
double_cold,1,inner_train_positive,320,55,1
double_cold,1,inner_train_positive,320,7,1
double_cold,1,inner_train_positive,320,89,1
double_cold,1,inner_train_positive,320,67,1
double_cold,1,inner_train_positive,320,150,1
double_cold,1,inner_train_positive,322,174,1
double_cold,1,inner_train_positive,322,205,1
double_cold,1,inner_train_positive,322,55,1
double_cold,1,inner_train_positive,322,3,1
double_cold,1,inner_train_positive,322,103,1
double_cold,1,inner_train_positive,322,67,1
double_cold,1,inner_train_positive,322,89,1
double_cold,1,inner_train_positive,322,84,1
double_cold,1,inner_train_positive,322,81,1
double_cold,1,inner_train_positive,322,86,1
double_cold,1,inner_train_positive,322,7,1
double_cold,1,inner_train_positive,324,89,1
double_cold,1,inner_train_positive,324,44,1
double_cold,1,inner_train_positive,324,3,1
double_cold,1,inner_train_positive,324,7,1
double_cold,1,inner_train_positive,324,55,1
double_cold,1,inner_train_positive,324,103,1
double_cold,1,inner_train_positive,324,22,1
double_cold,1,inner_train_positive,324,137,1
double_cold,1,inner_train_positive,324,174,1
double_cold,1,inner_train_positive,324,188,1
double_cold,1,inner_train_positive,324,74,1
double_cold,1,inner_train_positive,325,103,1
double_cold,1,inner_train_positive,325,188,1
double_cold,1,inner_train_positive,325,55,1
double_cold,1,inner_train_positive,325,74,1
double_cold,1,inner_train_positive,325,123,1
double_cold,1,inner_train_positive,325,67,1
double_cold,1,inner_train_positive,325,148,1
double_cold,1,inner_train_positive,325,7,1
double_cold,1,inner_train_positive,325,40,1
double_cold,1,inner_train_positive,325,204,1
double_cold,1,inner_train_positive,326,89,1
double_cold,1,inner_train_positive,326,174,1
double_cold,1,inner_train_positive,326,103,1
double_cold,1,inner_train_positive,326,81,1
double_cold,1,inner_train_positive,326,3,1
double_cold,1,inner_train_positive,326,7,1
double_cold,1,inner_train_positive,326,55,1
double_cold,1,inner_train_positive,328,55,1
double_cold,1,inner_train_positive,328,103,1
double_cold,1,inner_train_positive,328,188,1
double_cold,1,inner_train_positive,328,74,1
double_cold,1,inner_train_positive,328,67,1
double_cold,1,inner_train_positive,328,123,1
double_cold,1,inner_train_positive,328,174,1
double_cold,1,inner_train_positive,328,7,1
double_cold,1,inner_train_positive,328,89,1
double_cold,1,inner_train_positive,328,150,1
double_cold,1,inner_train_positive,331,103,1
double_cold,1,inner_train_positive,331,55,1
double_cold,1,inner_train_positive,331,67,1
double_cold,1,inner_train_positive,331,7,1
double_cold,1,inner_train_positive,331,89,1
double_cold,1,inner_train_positive,331,81,1
double_cold,1,inner_train_positive,331,86,1
double_cold,1,inner_train_positive,332,103,1
double_cold,1,inner_train_positive,332,67,1
double_cold,1,inner_train_positive,332,197,1
double_cold,1,inner_train_positive,332,55,1
double_cold,1,inner_train_positive,332,16,1
double_cold,1,inner_train_positive,332,74,1
double_cold,1,inner_train_positive,333,89,1
double_cold,1,inner_train_positive,333,22,1
double_cold,1,inner_train_positive,333,67,1
double_cold,1,inner_train_positive,333,55,1
double_cold,1,inner_train_positive,333,144,1
double_cold,1,inner_train_positive,334,89,1
double_cold,1,inner_train_positive,334,55,1
double_cold,1,inner_train_positive,334,84,1
double_cold,1,inner_train_positive,334,7,1
double_cold,1,inner_train_positive,334,103,1
double_cold,1,inner_train_positive,334,67,1
double_cold,1,inner_train_positive,334,142,1
double_cold,1,inner_train_positive,334,148,1
double_cold,1,inner_train_positive,334,204,1
double_cold,1,inner_train_positive,335,67,1
double_cold,1,inner_train_positive,335,103,1
double_cold,1,inner_train_positive,336,89,1
double_cold,1,inner_train_positive,336,123,1
double_cold,1,inner_train_positive,336,103,1
double_cold,1,inner_train_positive,336,67,1
double_cold,1,inner_train_positive,336,3,1
double_cold,1,inner_train_positive,336,7,1
double_cold,1,inner_train_positive,336,134,1
double_cold,1,inner_train_positive,336,84,1
double_cold,1,inner_train_positive,336,55,1
double_cold,1,inner_train_positive,336,204,1
double_cold,1,inner_train_positive,336,81,1
double_cold,1,inner_train_positive,336,124,1
double_cold,1,inner_train_positive,337,67,1
double_cold,1,inner_train_positive,337,103,1
double_cold,1,inner_train_positive,337,146,1
double_cold,1,inner_train_positive,337,7,1
double_cold,1,inner_train_positive,338,103,1
double_cold,1,inner_train_positive,338,55,1
double_cold,1,inner_train_positive,339,204,1
double_cold,1,inner_train_positive,339,89,1
double_cold,1,inner_train_positive,340,89,1
double_cold,1,inner_train_positive,340,90,1
double_cold,1,inner_train_positive,340,7,1
double_cold,1,inner_train_positive,340,55,1
double_cold,1,inner_train_positive,340,103,1
double_cold,1,inner_train_positive,340,137,1
double_cold,1,inner_train_positive,340,188,1
double_cold,1,inner_train_positive,340,3,1
double_cold,1,inner_train_positive,341,103,1
double_cold,1,inner_train_positive,341,204,1
double_cold,1,inner_train_positive,341,136,1
double_cold,1,inner_train_positive,343,89,1
double_cold,1,inner_train_positive,343,103,1
double_cold,1,inner_train_positive,343,7,1
double_cold,1,inner_train_positive,343,204,1
double_cold,1,inner_train_positive,343,55,1
double_cold,1,inner_train_positive,343,84,1
double_cold,1,inner_train_positive,343,74,1
double_cold,1,inner_train_positive,343,22,1
double_cold,1,inner_train_positive,343,148,1
double_cold,1,inner_train_positive,343,100,1
double_cold,1,inner_train_positive,343,140,1
double_cold,1,inner_train_positive,343,82,1
double_cold,1,inner_train_positive,343,123,1
double_cold,1,inner_train_positive,343,67,1
double_cold,1,inner_train_positive,343,81,1
double_cold,1,inner_train_positive,344,89,1
double_cold,1,inner_train_positive,344,55,1
double_cold,1,inner_train_positive,344,90,1
double_cold,1,inner_train_positive,344,103,1
double_cold,1,inner_train_positive,344,204,1
double_cold,1,inner_train_positive,344,7,1
double_cold,1,inner_train_positive,344,67,1
double_cold,1,inner_train_positive,344,135,1
double_cold,1,inner_train_positive,345,89,1
double_cold,1,inner_train_positive,346,89,1
double_cold,1,inner_train_positive,346,103,1
double_cold,1,inner_train_positive,346,7,1
double_cold,1,inner_train_positive,346,67,1
double_cold,1,inner_train_positive,346,55,1
double_cold,1,inner_train_positive,346,174,1
double_cold,1,inner_train_positive,346,204,1
double_cold,1,inner_train_positive,346,84,1
double_cold,1,inner_train_positive,346,188,1
double_cold,1,inner_train_positive,346,142,1
double_cold,1,inner_train_positive,346,148,1
double_cold,1,inner_train_positive,346,134,1
double_cold,1,inner_train_positive,346,179,1
double_cold,1,inner_train_positive,346,17,1
double_cold,1,inner_train_positive,347,103,1
double_cold,1,inner_train_positive,347,142,1
double_cold,1,inner_train_positive,347,148,1
double_cold,1,inner_train_positive,347,67,1
double_cold,1,inner_train_positive,347,84,1
double_cold,1,inner_train_positive,347,40,1
double_cold,1,inner_train_positive,348,148,1
double_cold,1,inner_train_positive,349,89,1
double_cold,1,inner_train_positive,349,204,1
double_cold,1,inner_train_positive,349,22,1
double_cold,1,inner_train_positive,349,123,1
double_cold,1,inner_train_positive,349,74,1
double_cold,1,inner_train_positive,350,89,1
double_cold,1,inner_train_positive,350,7,1
double_cold,1,inner_train_positive,350,55,1
double_cold,1,inner_train_positive,350,188,1
double_cold,1,inner_train_positive,350,103,1
double_cold,1,inner_train_positive,350,74,1
double_cold,1,inner_train_positive,352,89,1
double_cold,1,inner_train_positive,352,174,1
double_cold,1,inner_train_positive,352,103,1
double_cold,1,inner_train_positive,352,7,1
double_cold,1,inner_train_positive,352,55,1
double_cold,1,inner_train_positive,352,3,1
double_cold,1,inner_train_positive,352,124,1
double_cold,1,inner_train_positive,352,146,1
double_cold,1,inner_train_positive,352,123,1
double_cold,1,inner_train_positive,352,67,1
double_cold,1,inner_train_positive,352,142,1
double_cold,1,inner_train_positive,352,148,1
double_cold,1,inner_train_positive,352,204,1
double_cold,1,inner_train_positive,353,204,1
double_cold,1,inner_train_positive,353,146,1
double_cold,1,inner_train_positive,353,148,1
double_cold,1,inner_train_positive,353,142,1
double_cold,1,inner_train_positive,353,134,1
double_cold,1,inner_train_positive,354,89,1
double_cold,1,inner_train_positive,354,84,1
double_cold,1,inner_train_positive,354,103,1
double_cold,1,inner_train_positive,354,7,1
double_cold,1,inner_train_positive,354,204,1
double_cold,1,inner_train_positive,354,134,1
double_cold,1,inner_train_positive,354,179,1
double_cold,1,inner_train_positive,354,81,1
double_cold,1,inner_train_positive,354,142,1
double_cold,1,inner_train_positive,355,205,1
double_cold,1,inner_train_positive,355,103,1
double_cold,1,inner_train_positive,355,151,1
double_cold,1,inner_train_positive,355,7,1
double_cold,1,inner_train_positive,355,55,1
double_cold,1,inner_train_positive,355,204,1
double_cold,1,inner_train_positive,355,84,1
double_cold,1,inner_train_positive,355,81,1
double_cold,1,inner_train_positive,355,188,1
double_cold,1,inner_train_positive,355,74,1
double_cold,1,inner_train_positive,356,148,1
double_cold,1,inner_train_positive,358,103,1
double_cold,1,inner_train_positive,358,89,1
double_cold,1,inner_train_positive,358,7,1
double_cold,1,inner_train_positive,358,142,1
double_cold,1,inner_train_positive,358,148,1
double_cold,1,inner_train_positive,359,142,1
double_cold,1,inner_train_positive,359,148,1
double_cold,1,inner_train_positive,359,188,1
double_cold,1,inner_train_positive,359,103,1
double_cold,1,inner_train_positive,360,103,1
double_cold,1,inner_train_positive,360,89,1
double_cold,1,inner_train_positive,360,148,1
double_cold,1,inner_train_positive,360,142,1
double_cold,1,inner_train_positive,360,7,1
double_cold,1,inner_train_positive,360,188,1
double_cold,1,inner_train_positive,362,123,1
double_cold,1,inner_train_positive,362,140,1
double_cold,1,inner_train_positive,362,103,1
double_cold,1,inner_train_positive,362,7,1
double_cold,1,inner_train_positive,362,148,1
double_cold,1,inner_train_positive,362,142,1
double_cold,1,inner_train_positive,365,81,1
double_cold,1,inner_train_positive,366,103,1
double_cold,1,inner_train_positive,366,148,1
double_cold,1,inner_train_positive,366,204,1
double_cold,1,inner_train_positive,366,81,1
double_cold,1,inner_train_positive,366,142,1
double_cold,1,inner_train_positive,367,67,1
double_cold,1,inner_train_positive,367,188,1
double_cold,1,inner_train_positive,367,17,1
double_cold,1,inner_train_positive,367,142,1
double_cold,1,inner_train_positive,367,148,1
double_cold,1,inner_train_positive,367,174,1
double_cold,1,inner_train_positive,367,103,1
double_cold,1,inner_train_positive,368,150,1
double_cold,1,inner_train_positive,368,148,1
double_cold,1,inner_train_positive,368,103,1
double_cold,1,inner_train_positive,368,188,1
double_cold,1,inner_train_positive,369,50,1
double_cold,1,inner_train_positive,369,89,1
double_cold,1,inner_train_positive,369,148,1
double_cold,1,inner_train_positive,369,103,1
double_cold,1,inner_train_positive,369,188,1
double_cold,1,inner_train_positive,370,67,1
double_cold,1,inner_train_positive,370,204,1
double_cold,1,inner_train_positive,371,90,1
double_cold,1,inner_train_positive,371,103,1
double_cold,1,inner_train_positive,371,7,1
double_cold,1,inner_train_positive,376,89,1
double_cold,1,inner_train_positive,376,103,1
double_cold,1,inner_train_positive,376,150,1
double_cold,1,inner_train_positive,376,142,1
double_cold,1,inner_train_positive,376,148,1
double_cold,1,inner_train_positive,376,67,1
double_cold,1,inner_train_positive,376,55,1
double_cold,1,inner_train_positive,379,103,1
double_cold,1,inner_train_positive,379,123,1
double_cold,1,inner_train_positive,381,103,1
double_cold,1,inner_train_positive,381,148,1
double_cold,1,inner_train_positive,382,103,1
double_cold,1,inner_train_positive,382,150,1
double_cold,1,inner_train_positive,382,123,1
double_cold,1,inner_train_positive,382,55,1
double_cold,1,inner_train_positive,382,7,1
double_cold,1,inner_train_positive,382,16,1
double_cold,1,inner_train_positive,382,81,1
double_cold,1,inner_train_positive,382,67,1
double_cold,1,inner_train_positive,383,89,1
double_cold,1,inner_train_positive,383,103,1
double_cold,1,inner_train_positive,383,150,1
double_cold,1,inner_train_positive,383,148,1
double_cold,1,inner_train_positive,384,22,1
double_cold,1,inner_train_positive,384,103,1
double_cold,1,inner_train_positive,384,150,1
double_cold,1,inner_train_positive,384,123,1
double_cold,1,inner_train_positive,384,55,1
double_cold,1,inner_train_positive,385,103,1
double_cold,1,inner_train_positive,385,123,1
double_cold,1,inner_train_positive,385,55,1
double_cold,1,inner_train_positive,385,7,1
double_cold,1,inner_train_positive,385,90,1
double_cold,1,inner_train_positive,389,89,1
double_cold,1,inner_train_positive,389,103,1
double_cold,1,inner_train_positive,389,123,1
double_cold,1,inner_train_positive,389,98,1
double_cold,1,inner_train_positive,389,7,1
double_cold,1,inner_train_positive,389,67,1
double_cold,1,inner_train_positive,390,89,1
double_cold,1,inner_train_positive,390,103,1
double_cold,1,inner_train_positive,391,89,1
double_cold,1,inner_train_positive,391,7,1
double_cold,1,inner_train_positive,392,103,1
double_cold,1,inner_train_positive,392,7,1
double_cold,1,inner_train_positive,394,103,1
double_cold,1,inner_train_positive,394,89,1
double_cold,1,inner_train_positive,395,89,1
double_cold,1,inner_train_positive,395,103,1
double_cold,1,inner_train_positive,395,67,1
double_cold,1,inner_train_positive,395,148,1
double_cold,1,inner_train_positive,395,17,1
double_cold,1,inner_train_positive,396,103,1
double_cold,1,inner_train_positive,396,123,1
double_cold,1,inner_train_positive,397,103,1
double_cold,1,inner_train_positive,397,123,1
double_cold,1,inner_train_positive,397,89,1
double_cold,1,inner_train_positive,397,67,1
double_cold,1,inner_train_positive,397,22,1
double_cold,1,inner_train_positive,398,103,1
double_cold,1,inner_train_positive,398,89,1
double_cold,1,inner_train_positive,399,103,1
double_cold,1,inner_train_positive,399,174,1
double_cold,1,inner_train_positive,401,103,1
double_cold,1,inner_train_positive,401,142,1
double_cold,1,inner_train_positive,401,148,1
double_cold,1,inner_train_positive,401,55,1
double_cold,1,inner_train_positive,403,103,1
double_cold,1,inner_train_positive,403,142,1
double_cold,1,inner_train_positive,403,148,1
double_cold,1,inner_train_positive,403,67,1
double_cold,1,inner_train_positive,404,188,1
double_cold,1,inner_train_positive,404,103,1
double_cold,1,inner_train_positive,404,55,1
double_cold,1,inner_train_positive,404,7,1
double_cold,1,inner_train_positive,405,89,1
double_cold,1,inner_train_positive,405,103,1
double_cold,1,inner_train_positive,405,148,1
double_cold,1,inner_train_positive,406,204,1
double_cold,1,inner_train_positive,406,74,1
double_cold,1,inner_train_positive,408,124,1
double_cold,1,inner_train_positive,408,188,1
double_cold,1,inner_train_positive,408,103,1
double_cold,1,inner_train_positive,408,123,1
double_cold,1,inner_train_positive,408,142,1
double_cold,1,inner_train_positive,408,148,1
double_cold,1,inner_train_positive,408,150,1
double_cold,1,inner_train_positive,408,89,1
double_cold,1,inner_train_positive,408,67,1
double_cold,1,inner_train_positive,409,146,1
double_cold,1,inner_train_positive,409,7,1
double_cold,1,inner_train_positive,409,204,1
double_cold,1,inner_train_positive,409,144,1
double_cold,1,inner_train_positive,409,103,1
double_cold,1,inner_train_positive,411,89,1
double_cold,1,inner_train_positive,411,103,1
double_cold,1,inner_train_positive,411,55,1
double_cold,1,inner_train_positive,412,89,1
double_cold,1,inner_train_positive,412,74,1
double_cold,1,inner_train_positive,412,103,1
double_cold,1,inner_train_positive,414,84,1
double_cold,1,inner_train_positive,414,55,1
double_cold,1,inner_train_positive,415,74,1
double_cold,1,inner_train_positive,418,150,1
double_cold,1,inner_train_positive,418,89,1
double_cold,1,inner_train_positive,418,67,1
double_cold,1,inner_train_positive,419,89,1
double_cold,1,inner_train_positive,419,103,1
double_cold,1,inner_train_positive,420,148,1
double_cold,1,inner_train_positive,422,89,1
double_cold,1,inner_train_positive,423,148,1
double_cold,1,inner_train_positive,424,89,1
double_cold,1,inner_train_positive,614,188,1
double_cold,1,inner_train_positive,614,103,1
double_cold,1,inner_train_positive,614,140,1
double_cold,1,inner_train_positive,614,134,1
double_cold,1,inner_train_positive,430,123,1
double_cold,1,inner_train_positive,430,55,1
double_cold,1,inner_train_positive,430,3,1
double_cold,1,inner_train_positive,430,74,1
double_cold,1,inner_train_positive,431,7,1
double_cold,1,inner_train_positive,431,123,1
double_cold,1,inner_train_positive,431,204,1
double_cold,1,inner_train_positive,431,103,1
double_cold,1,inner_train_positive,432,89,1
double_cold,1,inner_train_positive,432,7,1
double_cold,1,inner_train_positive,432,55,1
double_cold,1,inner_train_positive,433,74,1
double_cold,1,inner_train_positive,433,89,1
double_cold,1,inner_train_positive,433,103,1
double_cold,1,inner_train_positive,433,123,1
double_cold,1,inner_train_positive,433,148,1
double_cold,1,inner_train_positive,433,16,1
double_cold,1,inner_train_positive,433,55,1
double_cold,1,inner_train_positive,433,67,1
double_cold,1,inner_train_positive,434,103,1
double_cold,1,inner_train_positive,434,89,1
double_cold,1,inner_train_positive,434,148,1
double_cold,1,inner_train_positive,437,148,1
double_cold,1,inner_train_positive,438,89,1
double_cold,1,inner_train_positive,438,103,1
double_cold,1,inner_train_positive,438,7,1
double_cold,1,inner_train_positive,438,67,1
double_cold,1,inner_train_positive,439,89,1
double_cold,1,inner_train_positive,439,204,1
double_cold,1,inner_train_positive,439,7,1
double_cold,1,inner_train_positive,439,55,1
double_cold,1,inner_train_positive,439,188,1
double_cold,1,inner_train_positive,441,84,1
double_cold,1,inner_train_positive,442,204,1
double_cold,1,inner_train_positive,442,148,1
double_cold,1,inner_train_positive,443,103,1
double_cold,1,inner_train_positive,443,7,1
double_cold,1,inner_train_positive,445,103,1
double_cold,1,inner_train_positive,445,7,1
double_cold,1,inner_train_positive,445,67,1
double_cold,1,inner_train_positive,445,84,1
double_cold,1,inner_train_positive,446,7,1
double_cold,1,inner_train_positive,446,204,1
double_cold,1,inner_train_positive,448,89,1
double_cold,1,inner_train_positive,448,148,1
double_cold,1,inner_train_positive,449,74,1
double_cold,1,inner_train_positive,449,89,1
double_cold,1,inner_train_positive,450,89,1
double_cold,1,inner_train_positive,451,204,1
double_cold,1,inner_train_positive,451,84,1
double_cold,1,inner_train_positive,451,188,1
double_cold,1,inner_train_positive,451,148,1
double_cold,1,inner_train_positive,451,142,1
double_cold,1,inner_train_positive,451,67,1
double_cold,1,inner_train_positive,451,134,1
double_cold,1,inner_train_positive,451,3,1
double_cold,1,inner_train_positive,452,148,1
double_cold,1,inner_train_positive,452,174,1
double_cold,1,inner_train_positive,453,89,1
double_cold,1,inner_train_positive,453,103,1
double_cold,1,inner_train_positive,453,123,1
double_cold,1,inner_train_positive,453,188,1
double_cold,1,inner_train_positive,453,3,1
double_cold,1,inner_train_positive,453,73,1
double_cold,1,inner_train_positive,453,55,1
double_cold,1,inner_train_positive,453,7,1
double_cold,1,inner_train_positive,453,74,1
double_cold,1,inner_train_positive,453,67,1
double_cold,1,inner_train_positive,454,103,1
double_cold,1,inner_train_positive,454,188,1
double_cold,1,inner_train_positive,454,22,1
double_cold,1,inner_train_positive,454,89,1
double_cold,1,inner_train_positive,454,55,1
double_cold,1,inner_train_positive,454,67,1
double_cold,1,inner_train_positive,455,103,1
double_cold,1,inner_train_positive,455,55,1
double_cold,1,inner_train_positive,457,89,1
double_cold,1,inner_train_positive,457,7,1
double_cold,1,inner_train_positive,457,150,1
double_cold,1,inner_train_positive,457,67,1
double_cold,1,inner_train_positive,459,55,1
double_cold,1,inner_train_positive,459,148,1
double_cold,1,inner_train_positive,459,103,1
double_cold,1,inner_train_positive,459,7,1
double_cold,1,inner_train_positive,459,67,1
double_cold,1,inner_train_positive,461,204,1
double_cold,1,inner_train_positive,461,148,1
double_cold,1,inner_train_positive,462,134,1
double_cold,1,inner_train_positive,462,86,1
double_cold,1,inner_train_positive,462,3,1
double_cold,1,inner_train_positive,466,89,1
double_cold,1,inner_train_positive,466,150,1
double_cold,1,inner_train_positive,466,103,1
double_cold,1,inner_train_positive,466,7,1
double_cold,1,inner_train_positive,466,67,1
double_cold,1,inner_train_positive,466,3,1
double_cold,1,inner_train_positive,466,62,1
double_cold,1,inner_train_positive,470,103,1
double_cold,1,inner_train_positive,470,55,1
double_cold,1,inner_train_positive,470,89,1
double_cold,1,inner_train_positive,470,67,1
double_cold,1,inner_train_positive,470,150,1
double_cold,1,inner_train_positive,471,89,1
double_cold,1,inner_train_positive,471,3,1
double_cold,1,inner_train_positive,471,7,1
double_cold,1,inner_train_positive,471,55,1
double_cold,1,inner_train_positive,471,103,1
double_cold,1,inner_train_positive,471,124,1
double_cold,1,inner_train_positive,471,67,1
double_cold,1,inner_train_positive,471,148,1
double_cold,1,inner_train_positive,471,150,1
double_cold,1,inner_train_positive,472,89,1
double_cold,1,inner_train_positive,472,67,1
double_cold,1,inner_train_positive,472,204,1
double_cold,1,inner_train_positive,472,103,1
double_cold,1,inner_train_positive,472,74,1
double_cold,1,inner_train_positive,473,89,1
double_cold,1,inner_train_positive,473,90,1
double_cold,1,inner_train_positive,473,103,1
double_cold,1,inner_train_positive,473,7,1
double_cold,1,inner_train_positive,475,204,1
double_cold,1,inner_train_positive,475,103,1
double_cold,1,inner_train_positive,475,67,1
double_cold,1,inner_train_positive,475,81,1
double_cold,1,inner_train_positive,475,89,1
double_cold,1,inner_train_positive,476,148,1
double_cold,1,inner_train_positive,476,215,1
double_cold,1,inner_train_positive,477,55,1
double_cold,1,inner_train_positive,477,103,1
double_cold,1,inner_train_positive,477,89,1
double_cold,1,inner_train_positive,478,204,1
double_cold,1,inner_train_positive,478,3,1
double_cold,1,inner_train_positive,478,103,1
double_cold,1,inner_train_positive,478,123,1
double_cold,1,inner_train_positive,478,148,1
double_cold,1,inner_train_positive,478,67,1
double_cold,1,inner_train_positive,479,84,1
double_cold,1,inner_train_positive,479,174,1
double_cold,1,inner_train_positive,632,103,1
double_cold,1,inner_train_positive,632,7,1
double_cold,1,inner_train_positive,632,148,1
double_cold,1,inner_train_positive,484,89,1
double_cold,1,inner_train_positive,484,55,1
double_cold,1,inner_train_positive,484,67,1
double_cold,1,inner_train_positive,484,103,1
double_cold,1,inner_train_positive,484,7,1
double_cold,1,inner_train_positive,487,103,1
double_cold,1,inner_train_positive,487,55,1
double_cold,1,inner_train_positive,487,89,1
double_cold,1,inner_train_positive,488,204,1
double_cold,1,inner_train_positive,488,74,1
double_cold,1,inner_train_positive,489,103,1
double_cold,1,inner_train_positive,489,67,1
double_cold,1,inner_train_positive,489,7,1
double_cold,1,inner_train_positive,490,204,1
double_cold,1,inner_train_positive,490,148,1
double_cold,1,inner_train_positive,493,7,1
double_cold,1,inner_train_positive,493,55,1
double_cold,1,inner_train_positive,494,89,1
double_cold,1,inner_train_positive,494,81,1
double_cold,1,inner_train_positive,494,123,1
double_cold,1,inner_train_positive,494,103,1
double_cold,1,inner_train_positive,494,7,1
double_cold,1,inner_train_positive,494,67,1
double_cold,1,inner_train_positive,494,55,1
double_cold,1,inner_train_positive,494,92,1
double_cold,1,inner_train_positive,494,150,1
double_cold,1,inner_train_positive,495,7,1
double_cold,1,inner_train_positive,495,134,1
double_cold,1,inner_train_positive,497,188,1
double_cold,1,inner_train_positive,497,103,1
double_cold,1,inner_train_positive,497,7,1
double_cold,1,inner_train_positive,497,148,1
double_cold,1,inner_train_positive,497,67,1
double_cold,1,inner_train_positive,498,204,1
double_cold,1,inner_train_positive,498,148,1
double_cold,1,inner_train_positive,498,103,1
double_cold,1,inner_train_positive,499,67,1
double_cold,1,inner_train_positive,499,89,1
double_cold,1,inner_train_positive,499,55,1
double_cold,1,inner_train_positive,499,148,1
double_cold,1,inner_train_positive,499,103,1
double_cold,1,inner_train_positive,500,67,1
double_cold,1,inner_train_positive,500,7,1
double_cold,1,inner_train_positive,500,55,1
double_cold,1,inner_train_positive,500,188,1
double_cold,1,inner_train_positive,500,74,1
double_cold,1,inner_train_positive,500,103,1
double_cold,1,inner_train_positive,500,142,1
double_cold,1,inner_train_positive,501,188,1
double_cold,1,inner_train_positive,501,7,1
double_cold,1,inner_train_positive,502,103,1
double_cold,1,inner_train_positive,503,44,1
double_cold,1,inner_train_positive,503,103,1
double_cold,1,inner_train_positive,503,123,1
double_cold,1,inner_train_positive,503,78,1
double_cold,1,inner_train_positive,503,89,1
double_cold,1,inner_train_positive,503,74,1
double_cold,1,inner_train_positive,503,67,1
double_cold,1,inner_train_positive,503,7,1
double_cold,1,inner_train_positive,503,148,1
double_cold,1,inner_train_positive,503,142,1
double_cold,1,inner_train_positive,505,74,1
double_cold,1,inner_train_positive,505,204,1
double_cold,1,inner_train_positive,505,67,1
double_cold,1,inner_train_positive,505,103,1
double_cold,1,inner_train_positive,506,142,1
double_cold,1,inner_train_positive,506,148,1
double_cold,1,inner_train_positive,506,150,1
double_cold,1,inner_train_positive,506,89,1
double_cold,1,inner_train_positive,506,67,1
double_cold,1,inner_train_positive,507,103,1
double_cold,1,inner_train_positive,507,67,1
double_cold,1,inner_train_positive,507,84,1
double_cold,1,inner_train_positive,507,134,1
double_cold,1,inner_train_positive,507,62,1
double_cold,1,inner_train_positive,507,86,1
double_cold,1,inner_train_positive,507,204,1
double_cold,1,inner_train_positive,507,174,1
double_cold,1,inner_train_positive,508,204,1
double_cold,1,inner_train_positive,508,90,1
double_cold,1,inner_train_positive,508,103,1
double_cold,1,inner_train_positive,508,89,1
double_cold,1,inner_train_positive,508,176,1
double_cold,1,inner_train_positive,508,208,1
double_cold,1,inner_train_positive,508,188,1
double_cold,1,inner_train_positive,508,67,1
double_cold,1,inner_train_positive,508,148,1
double_cold,1,inner_train_positive,509,103,1
double_cold,1,inner_train_positive,509,204,1
double_cold,1,inner_train_positive,509,17,1
double_cold,1,inner_train_positive,509,55,1
double_cold,1,inner_train_positive,510,81,1
double_cold,1,inner_train_positive,512,204,1
double_cold,1,inner_train_positive,512,67,1
double_cold,1,inner_train_positive,512,89,1
double_cold,1,inner_train_positive,512,103,1
double_cold,1,inner_train_positive,512,7,1
double_cold,1,inner_train_positive,512,90,1
double_cold,1,inner_train_positive,512,174,1
double_cold,1,inner_train_positive,516,103,1
double_cold,1,inner_train_positive,516,204,1
double_cold,1,inner_train_positive,516,55,1
double_cold,1,inner_train_positive,516,17,1
double_cold,1,inner_train_positive,516,84,1
double_cold,1,inner_train_positive,516,188,1
double_cold,1,inner_train_positive,516,3,1
double_cold,1,inner_train_positive,516,67,1
double_cold,1,inner_train_positive,516,134,1
double_cold,1,inner_train_positive,516,7,1
double_cold,1,inner_train_positive,516,16,1
double_cold,1,inner_train_positive,516,81,1
double_cold,1,inner_train_positive,516,40,1
double_cold,1,inner_train_positive,517,89,1
double_cold,1,inner_train_positive,517,103,1
double_cold,1,inner_train_positive,517,204,1
double_cold,1,inner_train_positive,518,67,1
double_cold,1,inner_train_positive,518,148,1
double_cold,1,inner_train_positive,518,22,1
double_cold,1,inner_train_positive,518,74,1
double_cold,1,inner_train_positive,519,55,1
double_cold,1,inner_train_positive,519,3,1
double_cold,1,inner_train_positive,520,103,1
double_cold,1,inner_train_positive,520,89,1
double_cold,1,inner_train_positive,520,90,1
double_cold,1,inner_train_positive,520,123,1
double_cold,1,inner_train_positive,520,84,1
double_cold,1,inner_train_positive,520,204,1
double_cold,1,inner_train_positive,522,103,1
double_cold,1,inner_train_positive,522,123,1
double_cold,1,inner_train_positive,522,89,1
double_cold,1,inner_train_positive,522,84,1
double_cold,1,inner_train_positive,523,103,1
double_cold,1,inner_train_positive,525,67,1
double_cold,1,inner_train_positive,525,55,1
double_cold,1,inner_train_positive,525,140,1
double_cold,1,inner_train_positive,525,148,1
double_cold,1,inner_train_positive,526,103,1
double_cold,1,inner_train_positive,527,89,1
double_cold,1,inner_train_positive,527,148,1
double_cold,1,inner_train_positive,529,89,1
double_cold,1,inner_train_positive,529,103,1
double_cold,1,inner_train_positive,530,89,1
double_cold,1,inner_train_positive,530,103,1
double_cold,1,inner_train_positive,530,123,1
double_cold,1,inner_train_positive,530,35,1
double_cold,1,inner_train_positive,530,148,1
double_cold,1,inner_train_positive,530,55,1
double_cold,1,inner_train_positive,530,204,1
double_cold,1,inner_train_positive,531,90,1
double_cold,1,inner_train_positive,531,124,1
double_cold,1,inner_train_positive,532,67,1
double_cold,1,inner_train_positive,532,204,1
double_cold,1,inner_train_positive,533,89,1
double_cold,1,inner_train_positive,533,67,1
double_cold,1,inner_train_positive,533,86,1
double_cold,1,inner_train_positive,534,89,1
double_cold,1,inner_train_positive,534,103,1
double_cold,1,inner_train_positive,534,148,1
double_cold,1,inner_train_positive,536,74,1
double_cold,1,inner_train_positive,536,204,1
double_cold,1,inner_train_positive,538,103,1
double_cold,1,inner_train_positive,539,89,1
double_cold,1,inner_train_positive,539,74,1
double_cold,1,inner_train_positive,539,204,1
double_cold,1,inner_train_positive,539,55,1
double_cold,1,inner_train_positive,539,7,1
double_cold,1,inner_train_positive,539,17,1
double_cold,1,inner_train_positive,539,84,1
double_cold,1,inner_train_positive,539,146,1
double_cold,1,inner_train_positive,539,188,1
double_cold,1,inner_train_positive,539,67,1
double_cold,1,inner_train_positive,539,100,1
double_cold,1,inner_train_positive,539,140,1
double_cold,1,inner_train_positive,539,82,1
double_cold,1,inner_train_positive,539,103,1
double_cold,1,inner_train_positive,541,89,1
double_cold,1,inner_train_positive,541,188,1
double_cold,1,inner_train_positive,541,55,1
double_cold,1,inner_train_positive,542,74,1
double_cold,1,inner_train_positive,542,103,1
double_cold,1,inner_train_positive,542,16,1
double_cold,1,inner_train_positive,542,3,1
double_cold,1,inner_train_positive,542,204,1
double_cold,1,inner_train_positive,542,67,1
double_cold,1,inner_train_positive,542,7,1
double_cold,1,inner_train_positive,542,55,1
double_cold,1,inner_train_positive,542,188,1
double_cold,1,inner_train_positive,542,148,1
double_cold,1,inner_train_positive,542,142,1
double_cold,1,inner_train_positive,542,134,1
double_cold,1,inner_train_positive,542,95,1
double_cold,1,inner_train_positive,544,204,1
double_cold,1,inner_train_positive,544,74,1
double_cold,1,inner_train_positive,544,103,1
double_cold,1,inner_train_positive,544,134,1
double_cold,1,inner_train_positive,544,148,1
double_cold,1,inner_train_positive,544,7,1
double_cold,1,inner_train_positive,545,123,1
double_cold,1,inner_train_positive,545,55,1
double_cold,1,inner_train_positive,545,7,1
double_cold,1,inner_train_positive,545,148,1
double_cold,1,inner_train_positive,545,103,1
double_cold,1,inner_train_positive,545,180,1
double_cold,1,inner_train_positive,546,74,1
double_cold,1,inner_train_positive,546,174,1
double_cold,1,inner_train_positive,615,7,1
double_cold,1,inner_train_positive,615,55,1
double_cold,1,inner_train_positive,615,174,1
double_cold,1,inner_train_positive,547,123,1
double_cold,1,inner_train_positive,547,67,1
double_cold,1,inner_train_positive,547,134,1
double_cold,1,inner_train_positive,547,55,1
double_cold,1,inner_train_positive,547,74,1
double_cold,1,inner_train_positive,633,89,1
double_cold,1,inner_train_positive,633,103,1
double_cold,1,inner_train_positive,633,205,1
double_cold,1,inner_train_positive,633,3,1
double_cold,1,inner_train_positive,633,84,1
double_cold,1,inner_train_positive,633,123,1
double_cold,1,inner_train_positive,633,55,1
double_cold,1,inner_train_positive,633,204,1
double_cold,1,inner_train_positive,633,67,1
double_cold,1,inner_train_positive,633,7,1
double_cold,1,inner_train_positive,633,146,1
double_cold,1,inner_train_positive,633,74,1
double_cold,1,inner_train_positive,633,148,1
double_cold,1,inner_train_positive,633,134,1
double_cold,1,inner_train_positive,633,174,1
double_cold,1,inner_train_positive,550,103,1
double_cold,1,inner_train_positive,550,89,1
double_cold,1,inner_train_positive,550,55,1
double_cold,1,inner_train_positive,550,123,1
double_cold,1,inner_train_positive,550,142,1
double_cold,1,inner_train_positive,550,148,1
double_cold,1,inner_train_positive,550,67,1
double_cold,1,inner_train_positive,550,84,1
double_cold,1,inner_train_positive,550,188,1
double_cold,1,inner_train_positive,550,16,1
double_cold,1,inner_train_positive,616,67,1
double_cold,1,inner_train_positive,617,7,1
double_cold,1,inner_train_positive,617,55,1
double_cold,1,inner_train_positive,617,188,1
double_cold,1,inner_train_positive,617,67,1
double_cold,1,inner_train_positive,551,123,1
double_cold,1,inner_train_positive,551,103,1
double_cold,1,inner_train_positive,551,90,1
double_cold,1,inner_train_positive,551,84,1
double_cold,1,inner_train_positive,551,150,1
double_cold,1,inner_train_positive,551,73,1
double_cold,1,inner_train_positive,551,55,1
double_cold,1,inner_train_positive,551,74,1
double_cold,1,inner_train_positive,551,204,1
double_cold,1,inner_train_positive,551,17,1
double_cold,1,inner_train_positive,619,7,1
double_cold,1,inner_train_positive,619,103,1
double_cold,1,inner_train_positive,619,148,1
double_cold,1,inner_train_positive,620,103,1
double_cold,1,inner_train_positive,620,7,1
double_cold,1,inner_train_positive,620,55,1
double_cold,1,inner_train_positive,620,17,1
double_cold,1,inner_train_positive,620,84,1
double_cold,1,inner_train_positive,620,188,1
double_cold,1,inner_train_positive,620,148,1
double_cold,1,inner_train_positive,620,142,1
double_cold,1,inner_train_positive,620,67,1
double_cold,1,inner_train_positive,620,134,1
double_cold,1,inner_train_positive,554,103,1
double_cold,1,inner_train_positive,554,89,1
double_cold,1,inner_train_positive,554,55,1
double_cold,1,inner_train_positive,554,204,1
double_cold,1,inner_train_positive,554,188,1
double_cold,1,inner_train_positive,555,103,1
double_cold,1,inner_train_positive,555,89,1
double_cold,1,inner_train_positive,555,7,1
double_cold,1,inner_train_positive,555,204,1
double_cold,1,inner_train_positive,555,55,1
double_cold,1,inner_train_positive,555,84,1
double_cold,1,inner_train_positive,555,140,1
double_cold,1,inner_train_positive,555,148,1
double_cold,1,inner_train_positive,555,174,1
double_cold,1,inner_train_positive,555,67,1
double_cold,1,inner_train_positive,555,17,1
double_cold,1,inner_train_positive,556,148,1
double_cold,1,inner_train_positive,556,103,1
double_cold,1,inner_train_positive,556,84,1
double_cold,1,inner_train_positive,556,3,1
double_cold,1,inner_train_positive,558,188,1
double_cold,1,inner_train_positive,558,84,1
double_cold,1,inner_train_positive,558,55,1
double_cold,1,inner_train_positive,558,81,1
double_cold,1,inner_train_positive,559,123,1
double_cold,1,inner_train_positive,559,67,1
double_cold,1,inner_train_positive,559,55,1
double_cold,1,inner_train_positive,563,55,1
double_cold,1,inner_train_positive,563,7,1
double_cold,1,inner_train_positive,563,74,1
double_cold,1,inner_train_positive,563,103,1
double_cold,1,inner_train_positive,563,148,1
double_cold,1,inner_train_positive,563,142,1
double_cold,1,inner_train_positive,563,67,1
double_cold,1,inner_train_positive,563,95,1
double_cold,1,inner_train_positive,563,3,1
double_cold,1,inner_train_positive,564,103,1
double_cold,1,inner_train_positive,564,89,1
double_cold,1,inner_train_positive,564,67,1
double_cold,1,inner_train_positive,565,103,1
double_cold,1,inner_train_positive,565,7,1
double_cold,1,inner_train_positive,566,103,1
double_cold,1,inner_train_positive,568,89,1
double_cold,1,inner_train_positive,568,103,1
double_cold,1,inner_train_positive,568,7,1
double_cold,1,inner_train_positive,568,204,1
double_cold,1,inner_train_positive,568,188,1
double_cold,1,inner_train_positive,568,134,1
double_cold,1,inner_train_positive,568,123,1
double_cold,1,inner_train_positive,569,67,1
double_cold,1,inner_train_positive,569,134,1
double_cold,1,inner_train_positive,569,3,1
double_cold,1,inner_train_positive,569,103,1
double_cold,1,inner_train_positive,569,81,1
double_cold,1,inner_train_positive,569,89,1
double_cold,1,inner_train_positive,570,123,1
double_cold,1,inner_train_positive,570,3,1
double_cold,1,inner_train_positive,570,103,1
double_cold,1,inner_train_positive,570,7,1
double_cold,1,inner_train_positive,571,7,1
double_cold,1,inner_train_positive,571,55,1
double_cold,1,inner_train_positive,571,134,1
double_cold,1,inner_train_positive,571,103,1
double_cold,1,inner_train_positive,573,89,1
double_cold,1,inner_train_positive,573,204,1
double_cold,1,inner_train_positive,575,123,1
double_cold,1,inner_train_positive,575,103,1
double_cold,1,inner_train_positive,634,89,1
double_cold,1,inner_train_positive,578,89,1
double_cold,1,inner_train_positive,578,44,1
double_cold,1,inner_train_positive,578,55,1
double_cold,1,inner_train_positive,578,67,1
double_cold,1,inner_train_positive,578,174,1
double_cold,1,inner_train_positive,578,103,1
double_cold,1,inner_train_positive,578,194,1
double_cold,1,inner_train_positive,578,3,1
double_cold,1,inner_train_positive,578,123,1
double_cold,1,inner_train_positive,578,213,1
double_cold,1,inner_train_positive,578,148,1
double_cold,1,inner_train_positive,578,188,1
double_cold,1,inner_train_positive,578,84,1
double_cold,1,inner_train_positive,578,198,1
double_cold,1,inner_train_positive,578,7,1
double_cold,1,inner_train_positive,579,7,1
double_cold,1,inner_train_positive,579,55,1
double_cold,1,inner_train_positive,580,67,1
double_cold,1,inner_train_positive,580,89,1
double_cold,1,inner_train_positive,580,140,1
double_cold,1,inner_train_positive,581,89,1
double_cold,1,inner_train_positive,581,148,1
double_cold,1,inner_train_positive,582,89,1
double_cold,1,inner_train_positive,582,103,1
double_cold,1,inner_train_positive,582,204,1
double_cold,1,inner_train_positive,582,7,1
double_cold,1,inner_train_positive,582,84,1
double_cold,1,inner_train_positive,582,124,1
double_cold,1,inner_train_positive,582,123,1
double_cold,1,inner_train_positive,582,188,1
double_cold,1,inner_train_positive,582,75,1
double_cold,1,inner_train_positive,582,67,1
double_cold,1,inner_train_positive,582,148,1
double_cold,1,inner_train_positive,582,150,1
double_cold,1,inner_train_positive,582,174,1
double_cold,1,inner_train_positive,585,103,1
double_cold,1,inner_train_positive,585,67,1
double_cold,1,inner_train_positive,585,89,1
double_cold,1,inner_train_positive,585,174,1
double_cold,1,inner_train_positive,586,89,1
double_cold,1,inner_train_positive,586,55,1
double_cold,1,inner_train_positive,586,148,1
double_cold,1,inner_train_positive,590,67,1
double_cold,1,inner_train_positive,591,123,1
double_cold,1,inner_train_positive,591,204,1
double_cold,1,inner_train_positive,591,55,1
double_cold,1,inner_train_positive,591,7,1
double_cold,1,inner_train_positive,591,17,1
double_cold,1,inner_train_positive,591,188,1
double_cold,1,inner_train_positive,591,67,1
double_cold,1,inner_train_positive,591,103,1
double_cold,1,inner_train_positive,594,67,1
double_cold,1,inner_train_positive,594,3,1
double_cold,1,inner_train_positive,594,123,1
double_cold,1,inner_train_positive,594,7,1
double_cold,1,inner_train_positive,594,204,1
double_cold,1,inner_train_positive,594,74,1
double_cold,1,inner_train_positive,594,84,1
double_cold,1,inner_train_positive,594,103,1
double_cold,1,inner_train_positive,594,89,1
double_cold,1,inner_train_positive,594,150,1
double_cold,1,inner_validation_positive,7,85,1
double_cold,1,inner_validation_positive,43,85,1
double_cold,1,inner_validation_positive,51,34,1
double_cold,1,inner_validation_positive,57,88,1
double_cold,1,inner_validation_positive,57,68,1
double_cold,1,inner_validation_positive,100,85,1
double_cold,1,inner_validation_positive,110,85,1
double_cold,1,inner_validation_positive,110,68,1
double_cold,1,inner_validation_positive,114,85,1
double_cold,1,inner_validation_positive,114,88,1
double_cold,1,inner_validation_positive,114,68,1
double_cold,1,inner_validation_positive,131,34,1
double_cold,1,inner_validation_positive,152,68,1
double_cold,1,inner_validation_positive,152,34,1
double_cold,1,inner_validation_positive,177,68,1
double_cold,1,inner_validation_positive,182,85,1
double_cold,1,inner_validation_positive,182,68,1
double_cold,1,inner_validation_positive,184,68,1
double_cold,1,inner_validation_positive,628,68,1
double_cold,1,inner_validation_positive,228,85,1
double_cold,1,inner_validation_positive,238,68,1
double_cold,1,inner_validation_positive,308,85,1
double_cold,1,inner_validation_positive,407,68,1
double_cold,1,inner_validation_positive,469,68,1
double_cold,1,inner_validation_positive,492,88,1
double_cold,1,inner_validation_positive,549,68,1
double_cold,1,inner_validation_positive,552,68,1
double_cold,1,inner_validation_positive,583,68,1
double_cold,1,inner_validation_positive,584,88,1
double_cold,1,inner_validation_positive,597,88,1
double_cold,1,inner_validation_sampled_unlabeled,492,68,0
double_cold,1,inner_validation_sampled_unlabeled,552,85,0
double_cold,1,inner_validation_sampled_unlabeled,583,88,0
double_cold,1,inner_validation_sampled_unlabeled,552,88,0
double_cold,1,inner_validation_sampled_unlabeled,51,68,0
double_cold,1,inner_validation_sampled_unlabeled,100,34,0
double_cold,1,inner_validation_sampled_unlabeled,549,34,0
double_cold,1,inner_validation_sampled_unlabeled,628,34,0
double_cold,1,inner_validation_sampled_unlabeled,584,34,0
double_cold,1,inner_validation_sampled_unlabeled,184,88,0
double_cold,1,inner_validation_sampled_unlabeled,597,34,0
double_cold,1,inner_validation_sampled_unlabeled,492,85,0
double_cold,1,inner_validation_sampled_unlabeled,7,34,0
double_cold,1,inner_validation_sampled_unlabeled,177,88,0
double_cold,1,inner_validation_sampled_unlabeled,628,85,0
double_cold,1,inner_validation_sampled_unlabeled,110,34,0
double_cold,1,inner_validation_sampled_unlabeled,308,68,0
double_cold,1,inner_validation_sampled_unlabeled,628,88,0
double_cold,1,inner_validation_sampled_unlabeled,584,85,0
double_cold,1,inner_validation_sampled_unlabeled,597,85,0
double_cold,1,inner_validation_sampled_unlabeled,238,85,0
double_cold,1,inner_validation_sampled_unlabeled,114,34,0
double_cold,1,inner_validation_sampled_unlabeled,7,88,0
double_cold,1,inner_validation_sampled_unlabeled,469,88,0
double_cold,1,inner_validation_sampled_unlabeled,238,88,0
double_cold,1,inner_validation_sampled_unlabeled,228,68,0
double_cold,1,inner_validation_sampled_unlabeled,131,68,0
double_cold,1,inner_validation_sampled_unlabeled,43,34,0
double_cold,1,inner_validation_sampled_unlabeled,407,85,0
double_cold,1,inner_validation_sampled_unlabeled,57,85,0
double_cold,1,outer_test_positive,6,101,1
double_cold,1,outer_test_positive,10,209,1
double_cold,1,outer_test_positive,10,114,1
double_cold,1,outer_test_positive,10,177,1
double_cold,1,outer_test_positive,10,41,1
double_cold,1,outer_test_positive,11,186,1
double_cold,1,outer_test_positive,11,41,1
double_cold,1,outer_test_positive,11,43,1
double_cold,1,outer_test_positive,31,177,1
double_cold,1,outer_test_positive,58,160,1
double_cold,1,outer_test_positive,58,177,1
double_cold,1,outer_test_positive,64,41,1
double_cold,1,outer_test_positive,64,94,1
double_cold,1,outer_test_positive,74,21,1
double_cold,1,outer_test_positive,74,41,1
double_cold,1,outer_test_positive,78,160,1
double_cold,1,outer_test_positive,78,177,1
double_cold,1,outer_test_positive,82,41,1
double_cold,1,outer_test_positive,82,160,1
double_cold,1,outer_test_positive,83,101,1
double_cold,1,outer_test_positive,88,160,1
double_cold,1,outer_test_positive,87,160,1
double_cold,1,outer_test_positive,87,41,1
double_cold,1,outer_test_positive,87,101,1
double_cold,1,outer_test_positive,89,32,1
double_cold,1,outer_test_positive,96,101,1
double_cold,1,outer_test_positive,622,94,1
double_cold,1,outer_test_positive,622,177,1
double_cold,1,outer_test_positive,108,41,1
double_cold,1,outer_test_positive,108,160,1
double_cold,1,outer_test_positive,108,101,1
double_cold,1,outer_test_positive,108,161,1
double_cold,1,outer_test_positive,116,21,1
double_cold,1,outer_test_positive,116,41,1
double_cold,1,outer_test_positive,116,186,1
double_cold,1,outer_test_positive,117,21,1
double_cold,1,outer_test_positive,117,177,1
double_cold,1,outer_test_positive,117,94,1
double_cold,1,outer_test_positive,117,122,1
double_cold,1,outer_test_positive,125,41,1
double_cold,1,outer_test_positive,623,41,1
double_cold,1,outer_test_positive,623,160,1
double_cold,1,outer_test_positive,143,177,1
double_cold,1,outer_test_positive,143,41,1
double_cold,1,outer_test_positive,143,101,1
double_cold,1,outer_test_positive,143,94,1
double_cold,1,outer_test_positive,145,21,1
double_cold,1,outer_test_positive,145,41,1
double_cold,1,outer_test_positive,145,43,1
double_cold,1,outer_test_positive,145,177,1
double_cold,1,outer_test_positive,145,186,1
double_cold,1,outer_test_positive,145,138,1
double_cold,1,outer_test_positive,145,158,1
double_cold,1,outer_test_positive,145,114,1
double_cold,1,outer_test_positive,156,41,1
double_cold,1,outer_test_positive,156,101,1
double_cold,1,outer_test_positive,167,177,1
double_cold,1,outer_test_positive,167,41,1
double_cold,1,outer_test_positive,167,101,1
double_cold,1,outer_test_positive,172,177,1
double_cold,1,outer_test_positive,172,94,1
double_cold,1,outer_test_positive,172,160,1
double_cold,1,outer_test_positive,172,101,1
double_cold,1,outer_test_positive,174,21,1
double_cold,1,outer_test_positive,174,41,1
double_cold,1,outer_test_positive,174,160,1
double_cold,1,outer_test_positive,174,61,1
double_cold,1,outer_test_positive,174,101,1
double_cold,1,outer_test_positive,599,41,1
double_cold,1,outer_test_positive,599,101,1
double_cold,1,outer_test_positive,626,21,1
double_cold,1,outer_test_positive,626,41,1
double_cold,1,outer_test_positive,626,101,1
double_cold,1,outer_test_positive,185,177,1
double_cold,1,outer_test_positive,185,41,1
double_cold,1,outer_test_positive,185,12,1
double_cold,1,outer_test_positive,185,94,1
double_cold,1,outer_test_positive,185,161,1
double_cold,1,outer_test_positive,186,94,1
double_cold,1,outer_test_positive,186,41,1
double_cold,1,outer_test_positive,186,160,1
double_cold,1,outer_test_positive,186,101,1
double_cold,1,outer_test_positive,186,114,1
double_cold,1,outer_test_positive,186,32,1
double_cold,1,outer_test_positive,191,43,1
double_cold,1,outer_test_positive,191,177,1
double_cold,1,outer_test_positive,193,41,1
double_cold,1,outer_test_positive,193,177,1
double_cold,1,outer_test_positive,193,43,1
double_cold,1,outer_test_positive,193,101,1
double_cold,1,outer_test_positive,193,97,1
double_cold,1,outer_test_positive,193,160,1
double_cold,1,outer_test_positive,193,94,1
double_cold,1,outer_test_positive,197,164,1
double_cold,1,outer_test_positive,197,177,1
double_cold,1,outer_test_positive,197,160,1
double_cold,1,outer_test_positive,197,101,1
double_cold,1,outer_test_positive,205,21,1
double_cold,1,outer_test_positive,205,177,1
double_cold,1,outer_test_positive,205,43,1
double_cold,1,outer_test_positive,205,41,1
double_cold,1,outer_test_positive,205,160,1
double_cold,1,outer_test_positive,205,101,1
double_cold,1,outer_test_positive,213,21,1
double_cold,1,outer_test_positive,213,41,1
double_cold,1,outer_test_positive,217,21,1
double_cold,1,outer_test_positive,218,94,1
double_cold,1,outer_test_positive,219,177,1
double_cold,1,outer_test_positive,219,94,1
double_cold,1,outer_test_positive,219,41,1
double_cold,1,outer_test_positive,220,177,1
double_cold,1,outer_test_positive,240,21,1
double_cold,1,outer_test_positive,240,41,1
double_cold,1,outer_test_positive,240,94,1
double_cold,1,outer_test_positive,247,160,1
double_cold,1,outer_test_positive,247,161,1
double_cold,1,outer_test_positive,256,21,1
double_cold,1,outer_test_positive,258,177,1
double_cold,1,outer_test_positive,258,41,1
double_cold,1,outer_test_positive,258,61,1
double_cold,1,outer_test_positive,270,186,1
double_cold,1,outer_test_positive,270,21,1
double_cold,1,outer_test_positive,270,177,1
double_cold,1,outer_test_positive,270,94,1
double_cold,1,outer_test_positive,270,43,1
double_cold,1,outer_test_positive,270,160,1
double_cold,1,outer_test_positive,270,101,1
double_cold,1,outer_test_positive,270,70,1
double_cold,1,outer_test_positive,278,101,1
double_cold,1,outer_test_positive,284,12,1
double_cold,1,outer_test_positive,287,21,1
double_cold,1,outer_test_positive,287,94,1
double_cold,1,outer_test_positive,287,12,1
double_cold,1,outer_test_positive,290,160,1
double_cold,1,outer_test_positive,290,161,1
double_cold,1,outer_test_positive,291,101,1
double_cold,1,outer_test_positive,291,41,1
double_cold,1,outer_test_positive,296,42,1
double_cold,1,outer_test_positive,296,41,1
double_cold,1,outer_test_positive,296,160,1
double_cold,1,outer_test_positive,297,209,1
double_cold,1,outer_test_positive,297,160,1
double_cold,1,outer_test_positive,630,160,1
double_cold,1,outer_test_positive,630,41,1
double_cold,1,outer_test_positive,299,177,1
double_cold,1,outer_test_positive,301,160,1
double_cold,1,outer_test_positive,311,21,1
double_cold,1,outer_test_positive,311,177,1
double_cold,1,outer_test_positive,311,122,1
double_cold,1,outer_test_positive,311,101,1
double_cold,1,outer_test_positive,315,21,1
double_cold,1,outer_test_positive,315,101,1
double_cold,1,outer_test_positive,321,97,1
double_cold,1,outer_test_positive,321,21,1
double_cold,1,outer_test_positive,321,41,1
double_cold,1,outer_test_positive,321,32,1
double_cold,1,outer_test_positive,327,41,1
double_cold,1,outer_test_positive,327,94,1
double_cold,1,outer_test_positive,327,177,1
double_cold,1,outer_test_positive,329,94,1
double_cold,1,outer_test_positive,329,177,1
double_cold,1,outer_test_positive,330,160,1
double_cold,1,outer_test_positive,330,101,1
double_cold,1,outer_test_positive,342,41,1
double_cold,1,outer_test_positive,342,101,1
double_cold,1,outer_test_positive,374,101,1
double_cold,1,outer_test_positive,375,21,1
double_cold,1,outer_test_positive,377,21,1
double_cold,1,outer_test_positive,380,101,1
double_cold,1,outer_test_positive,387,21,1
double_cold,1,outer_test_positive,387,94,1
double_cold,1,outer_test_positive,387,101,1
double_cold,1,outer_test_positive,387,161,1
double_cold,1,outer_test_positive,388,41,1
double_cold,1,outer_test_positive,631,21,1
double_cold,1,outer_test_positive,631,177,1
double_cold,1,outer_test_positive,631,41,1
double_cold,1,outer_test_positive,631,43,1
double_cold,1,outer_test_positive,428,101,1
double_cold,1,outer_test_positive,456,21,1
double_cold,1,outer_test_positive,456,101,1
double_cold,1,outer_test_positive,458,21,1
double_cold,1,outer_test_positive,460,94,1
double_cold,1,outer_test_positive,460,101,1
double_cold,1,outer_test_positive,463,21,1
double_cold,1,outer_test_positive,463,209,1
double_cold,1,outer_test_positive,463,94,1
double_cold,1,outer_test_positive,463,177,1
double_cold,1,outer_test_positive,463,160,1
double_cold,1,outer_test_positive,463,101,1
double_cold,1,outer_test_positive,463,114,1
double_cold,1,outer_test_positive,468,21,1
double_cold,1,outer_test_positive,481,21,1
double_cold,1,outer_test_positive,481,101,1
double_cold,1,outer_test_positive,485,21,1
double_cold,1,outer_test_positive,491,177,1
double_cold,1,outer_test_positive,514,94,1
double_cold,1,outer_test_positive,514,41,1
double_cold,1,outer_test_positive,515,101,1
double_cold,1,outer_test_positive,537,41,1
double_cold,1,outer_test_positive,537,177,1
double_cold,1,outer_test_positive,540,209,1
double_cold,1,outer_test_positive,553,21,1
double_cold,1,outer_test_positive,553,161,1
double_cold,1,outer_test_positive,621,41,1
double_cold,1,outer_test_positive,621,101,1
double_cold,1,outer_test_positive,562,160,1
double_cold,1,outer_test_positive,572,21,1
double_cold,1,outer_test_positive,572,94,1
double_cold,1,outer_test_positive,572,41,1
double_cold,1,outer_test_positive,576,101,1
double_cold,1,outer_test_positive,587,209,1
double_cold,1,outer_test_positive,587,101,1
double_cold,1,outer_test_positive,593,160,1
double_cold,1,outer_test_positive,598,177,1
double_cold,1,outer_test_positive,598,41,1
double_cold,1,outer_test_sampled_unlabeled,213,177,0
double_cold,1,outer_test_sampled_unlabeled,630,209,0
double_cold,1,outer_test_sampled_unlabeled,321,158,0
double_cold,1,outer_test_sampled_unlabeled,156,97,0
double_cold,1,outer_test_sampled_unlabeled,145,97,0
double_cold,1,outer_test_sampled_unlabeled,213,186,0
double_cold,1,outer_test_sampled_unlabeled,96,177,0
double_cold,1,outer_test_sampled_unlabeled,299,164,0
double_cold,1,outer_test_sampled_unlabeled,315,160,0
double_cold,1,outer_test_sampled_unlabeled,491,32,0
double_cold,1,outer_test_sampled_unlabeled,240,32,0
double_cold,1,outer_test_sampled_unlabeled,491,41,0
double_cold,1,outer_test_sampled_unlabeled,193,164,0
double_cold,1,outer_test_sampled_unlabeled,10,70,0
double_cold,1,outer_test_sampled_unlabeled,186,70,0
double_cold,1,outer_test_sampled_unlabeled,491,114,0
double_cold,1,outer_test_sampled_unlabeled,468,12,0
double_cold,1,outer_test_sampled_unlabeled,58,122,0
double_cold,1,outer_test_sampled_unlabeled,387,32,0
double_cold,1,outer_test_sampled_unlabeled,278,61,0
double_cold,1,outer_test_sampled_unlabeled,296,186,0
double_cold,1,outer_test_sampled_unlabeled,485,101,0
double_cold,1,outer_test_sampled_unlabeled,290,209,0
double_cold,1,outer_test_sampled_unlabeled,296,21,0
double_cold,1,outer_test_sampled_unlabeled,218,138,0
double_cold,1,outer_test_sampled_unlabeled,256,12,0
double_cold,1,outer_test_sampled_unlabeled,599,177,0
double_cold,1,outer_test_sampled_unlabeled,311,94,0
double_cold,1,outer_test_sampled_unlabeled,83,32,0
double_cold,1,outer_test_sampled_unlabeled,329,164,0
double_cold,1,outer_test_sampled_unlabeled,458,177,0
double_cold,1,outer_test_sampled_unlabeled,458,122,0
double_cold,1,outer_test_sampled_unlabeled,31,186,0
double_cold,1,outer_test_sampled_unlabeled,458,186,0
double_cold,1,outer_test_sampled_unlabeled,458,12,0
double_cold,1,outer_test_sampled_unlabeled,117,12,0
double_cold,1,outer_test_sampled_unlabeled,218,12,0
double_cold,1,outer_test_sampled_unlabeled,587,114,0
double_cold,1,outer_test_sampled_unlabeled,576,114,0
double_cold,1,outer_test_sampled_unlabeled,630,158,0
double_cold,1,outer_test_sampled_unlabeled,468,160,0
double_cold,1,outer_test_sampled_unlabeled,117,158,0
double_cold,1,outer_test_sampled_unlabeled,291,164,0
double_cold,1,outer_test_sampled_unlabeled,537,122,0
double_cold,1,outer_test_sampled_unlabeled,297,61,0
double_cold,1,outer_test_sampled_unlabeled,6,43,0
double_cold,1,outer_test_sampled_unlabeled,88,186,0
double_cold,1,outer_test_sampled_unlabeled,217,160,0
double_cold,1,outer_test_sampled_unlabeled,428,160,0
double_cold,1,outer_test_sampled_unlabeled,174,164,0
double_cold,1,outer_test_sampled_unlabeled,458,42,0
double_cold,1,outer_test_sampled_unlabeled,623,164,0
double_cold,1,outer_test_sampled_unlabeled,197,138,0
double_cold,1,outer_test_sampled_unlabeled,377,41,0
double_cold,1,outer_test_sampled_unlabeled,576,43,0
double_cold,1,outer_test_sampled_unlabeled,284,161,0
double_cold,1,outer_test_sampled_unlabeled,290,21,0
double_cold,1,outer_test_sampled_unlabeled,485,41,0
double_cold,1,outer_test_sampled_unlabeled,116,122,0
double_cold,1,outer_test_sampled_unlabeled,299,161,0
double_cold,1,outer_test_sampled_unlabeled,117,32,0
double_cold,1,outer_test_sampled_unlabeled,626,138,0
double_cold,1,outer_test_sampled_unlabeled,485,114,0
double_cold,1,outer_test_sampled_unlabeled,186,177,0
double_cold,1,outer_test_sampled_unlabeled,197,122,0
double_cold,1,outer_test_sampled_unlabeled,593,43,0
double_cold,1,outer_test_sampled_unlabeled,287,43,0
double_cold,1,outer_test_sampled_unlabeled,388,138,0
double_cold,1,outer_test_sampled_unlabeled,631,164,0
double_cold,1,outer_test_sampled_unlabeled,89,122,0
double_cold,1,outer_test_sampled_unlabeled,278,186,0
double_cold,1,outer_test_sampled_unlabeled,193,209,0
double_cold,1,outer_test_sampled_unlabeled,514,97,0
double_cold,1,outer_test_sampled_unlabeled,315,43,0
double_cold,1,outer_test_sampled_unlabeled,58,94,0
double_cold,1,outer_test_sampled_unlabeled,89,42,0
double_cold,1,outer_test_sampled_unlabeled,78,161,0
double_cold,1,outer_test_sampled_unlabeled,540,161,0
double_cold,1,outer_test_sampled_unlabeled,89,161,0
double_cold,1,outer_test_sampled_unlabeled,301,209,0
double_cold,1,outer_test_sampled_unlabeled,287,164,0
double_cold,1,outer_test_sampled_unlabeled,167,138,0
double_cold,1,outer_test_sampled_unlabeled,456,94,0
double_cold,1,outer_test_sampled_unlabeled,456,158,0
double_cold,1,outer_test_sampled_unlabeled,64,70,0
double_cold,1,outer_test_sampled_unlabeled,96,160,0
double_cold,1,outer_test_sampled_unlabeled,88,101,0
double_cold,1,outer_test_sampled_unlabeled,485,164,0
double_cold,1,outer_test_sampled_unlabeled,258,94,0
double_cold,1,outer_test_sampled_unlabeled,626,32,0
double_cold,1,outer_test_sampled_unlabeled,374,122,0
double_cold,1,outer_test_sampled_unlabeled,78,209,0
double_cold,1,outer_test_sampled_unlabeled,218,158,0
double_cold,1,outer_test_sampled_unlabeled,64,164,0
double_cold,1,outer_test_sampled_unlabeled,143,164,0
double_cold,1,outer_test_sampled_unlabeled,460,21,0
double_cold,1,outer_test_sampled_unlabeled,213,43,0
double_cold,1,outer_test_sampled_unlabeled,82,32,0
double_cold,1,outer_test_sampled_unlabeled,297,161,0
double_cold,1,outer_test_sampled_unlabeled,11,164,0
double_cold,1,outer_test_sampled_unlabeled,380,177,0
double_cold,1,outer_test_sampled_unlabeled,388,160,0
double_cold,1,outer_test_sampled_unlabeled,191,186,0
double_cold,1,outer_test_sampled_unlabeled,174,209,0
double_cold,1,outer_test_sampled_unlabeled,247,41,0
double_cold,1,outer_test_sampled_unlabeled,6,42,0
double_cold,1,outer_test_sampled_unlabeled,31,160,0
double_cold,1,outer_test_sampled_unlabeled,540,101,0
double_cold,1,outer_test_sampled_unlabeled,468,61,0
double_cold,1,outer_test_sampled_unlabeled,213,164,0
double_cold,1,outer_test_sampled_unlabeled,217,61,0
double_cold,1,outer_test_sampled_unlabeled,587,161,0
double_cold,1,outer_test_sampled_unlabeled,270,161,0
double_cold,1,outer_test_sampled_unlabeled,576,42,0
double_cold,1,outer_test_sampled_unlabeled,270,42,0
double_cold,1,outer_test_sampled_unlabeled,191,161,0
double_cold,1,outer_test_sampled_unlabeled,74,97,0
double_cold,1,outer_test_sampled_unlabeled,10,158,0
double_cold,1,outer_test_sampled_unlabeled,342,186,0
double_cold,1,outer_test_sampled_unlabeled,220,160,0
double_cold,1,outer_test_sampled_unlabeled,174,138,0
double_cold,1,outer_test_sampled_unlabeled,460,114,0
double_cold,1,outer_test_sampled_unlabeled,78,21,0
double_cold,1,outer_test_sampled_unlabeled,89,21,0
double_cold,1,outer_test_sampled_unlabeled,290,41,0
double_cold,1,outer_test_sampled_unlabeled,458,43,0
double_cold,1,outer_test_sampled_unlabeled,485,61,0
double_cold,1,outer_test_sampled_unlabeled,593,97,0
double_cold,1,outer_test_sampled_unlabeled,78,158,0
double_cold,1,outer_test_sampled_unlabeled,514,42,0
double_cold,1,outer_test_sampled_unlabeled,125,209,0
double_cold,1,outer_test_sampled_unlabeled,553,97,0
double_cold,1,outer_test_sampled_unlabeled,463,42,0
double_cold,1,outer_test_sampled_unlabeled,315,186,0
double_cold,1,outer_test_sampled_unlabeled,327,32,0
double_cold,1,outer_test_sampled_unlabeled,621,186,0
double_cold,1,outer_test_sampled_unlabeled,64,122,0
double_cold,1,outer_test_sampled_unlabeled,64,186,0
double_cold,1,outer_test_sampled_unlabeled,327,160,0
double_cold,1,outer_test_sampled_unlabeled,291,21,0
double_cold,1,outer_test_sampled_unlabeled,197,32,0
double_cold,1,outer_test_sampled_unlabeled,174,12,0
double_cold,1,outer_test_sampled_unlabeled,143,61,0
double_cold,1,outer_test_sampled_unlabeled,468,209,0
double_cold,1,outer_test_sampled_unlabeled,172,21,0
double_cold,1,outer_test_sampled_unlabeled,217,209,0
double_cold,1,outer_test_sampled_unlabeled,428,209,0
double_cold,1,outer_test_sampled_unlabeled,622,32,0
double_cold,1,outer_test_sampled_unlabeled,621,42,0
double_cold,1,outer_test_sampled_unlabeled,621,161,0
double_cold,1,outer_test_sampled_unlabeled,290,43,0
double_cold,1,outer_test_sampled_unlabeled,315,161,0
double_cold,1,outer_test_sampled_unlabeled,297,122,0
double_cold,1,outer_test_sampled_unlabeled,515,161,0
double_cold,1,outer_test_sampled_unlabeled,553,209,0
double_cold,1,outer_test_sampled_unlabeled,145,70,0
double_cold,1,outer_test_sampled_unlabeled,374,12,0
double_cold,1,outer_test_sampled_unlabeled,205,164,0
double_cold,1,outer_test_sampled_unlabeled,108,158,0
double_cold,1,outer_test_sampled_unlabeled,197,43,0
double_cold,1,outer_test_sampled_unlabeled,387,97,0
double_cold,1,outer_test_sampled_unlabeled,587,122,0
double_cold,1,outer_test_sampled_unlabeled,96,61,0
double_cold,1,outer_test_sampled_unlabeled,481,177,0
double_cold,1,outer_test_sampled_unlabeled,631,12,0
double_cold,1,outer_test_sampled_unlabeled,515,209,0
double_cold,1,outer_test_sampled_unlabeled,481,122,0
double_cold,1,outer_test_sampled_unlabeled,553,138,0
double_cold,1,outer_test_sampled_unlabeled,514,101,0
double_cold,1,outer_test_sampled_unlabeled,82,114,0
double_cold,1,outer_test_sampled_unlabeled,380,21,0
double_cold,1,outer_test_sampled_unlabeled,468,177,0
double_cold,1,outer_test_sampled_unlabeled,213,161,0
double_cold,1,outer_test_sampled_unlabeled,485,138,0
double_cold,1,outer_test_sampled_unlabeled,468,186,0
double_cold,1,outer_test_sampled_unlabeled,31,114,0
double_cold,1,outer_test_sampled_unlabeled,83,97,0
double_cold,1,outer_test_sampled_unlabeled,284,32,0
double_cold,1,outer_test_sampled_unlabeled,117,138,0
double_cold,1,outer_test_sampled_unlabeled,572,209,0
double_cold,1,outer_test_sampled_unlabeled,374,41,0
double_cold,1,outer_test_sampled_unlabeled,87,12,0
double_cold,1,outer_test_sampled_unlabeled,58,61,0
double_cold,1,outer_test_sampled_unlabeled,375,70,0
double_cold,1,outer_test_sampled_unlabeled,377,186,0
double_cold,1,outer_test_sampled_unlabeled,82,43,0
double_cold,1,outer_test_sampled_unlabeled,622,164,0
double_cold,1,outer_test_sampled_unlabeled,388,61,0
double_cold,1,outer_test_sampled_unlabeled,31,43,0
double_cold,1,outer_test_sampled_unlabeled,562,97,0
double_cold,1,outer_test_sampled_unlabeled,96,209,0
double_cold,1,outer_test_sampled_unlabeled,256,42,0
double_cold,1,outer_test_sampled_unlabeled,311,42,0
double_cold,1,outer_test_sampled_unlabeled,74,32,0
double_cold,1,outer_test_sampled_unlabeled,301,41,0
double_cold,1,outer_test_sampled_unlabeled,58,164,0
double_cold,1,outer_test_sampled_unlabeled,621,12,0
double_cold,1,outer_test_sampled_unlabeled,515,12,0
double_cold,1,outer_test_sampled_unlabeled,143,12,0
double_cold,1,outer_test_sampled_unlabeled,88,43,0
double_cold,1,outer_test_sampled_unlabeled,485,161,0
double_cold,1,outer_test_sampled_unlabeled,205,61,0
double_cold,1,outer_test_sampled_unlabeled,87,32,0
double_cold,1,outer_test_sampled_unlabeled,458,97,0
double_cold,1,outer_test_sampled_unlabeled,315,158,0
double_cold,1,outer_test_sampled_unlabeled,117,97,0
double_cold,1,outer_test_sampled_unlabeled,117,42,0
double_cold,1,outer_test_sampled_unlabeled,330,186,0
double_cold,1,outer_test_sampled_unlabeled,514,160,0
double_cold,1,outer_test_sampled_unlabeled,537,61,0
double_cold,1,outer_test_sampled_unlabeled,256,209,0
double_cold,1,outer_test_sampled_unlabeled,290,122,0
double_cold,1,outer_test_sampled_unlabeled,290,186,0
double_cold,1,outer_test_sampled_unlabeled,89,41,0
double_cold,1,outer_test_sampled_unlabeled,321,12,0
double_cold,1,outer_test_sampled_unlabeled,301,43,0
double_cold,2,inner_train_positive,1,123,1
double_cold,2,inner_train_positive,1,103,1
double_cold,2,inner_train_positive,1,142,1
double_cold,2,inner_train_positive,1,148,1
double_cold,2,inner_train_positive,1,67,1
double_cold,2,inner_train_positive,1,7,1
double_cold,2,inner_train_positive,1,41,1
double_cold,2,inner_train_positive,1,74,1
double_cold,2,inner_train_positive,2,123,1
double_cold,2,inner_train_positive,2,67,1
double_cold,2,inner_train_positive,2,7,1
double_cold,2,inner_train_positive,2,124,1
double_cold,2,inner_train_positive,2,103,1
double_cold,2,inner_train_positive,4,67,1
double_cold,2,inner_train_positive,4,41,1
double_cold,2,inner_train_positive,4,55,1
double_cold,2,inner_train_positive,4,103,1
double_cold,2,inner_train_positive,5,89,1
double_cold,2,inner_train_positive,5,21,1
double_cold,2,inner_train_positive,5,55,1
double_cold,2,inner_train_positive,5,103,1
double_cold,2,inner_train_positive,5,41,1
double_cold,2,inner_train_positive,5,123,1
double_cold,2,inner_train_positive,5,7,1
double_cold,2,inner_train_positive,5,179,1
double_cold,2,inner_train_positive,5,67,1
double_cold,2,inner_train_positive,5,101,1
double_cold,2,inner_train_positive,5,148,1
double_cold,2,inner_train_positive,5,3,1
double_cold,2,inner_train_positive,6,123,1
double_cold,2,inner_train_positive,6,67,1
double_cold,2,inner_train_positive,6,103,1
double_cold,2,inner_train_positive,6,101,1
double_cold,2,inner_train_positive,6,148,1
double_cold,2,inner_train_positive,6,3,1
double_cold,2,inner_train_positive,8,89,1
double_cold,2,inner_train_positive,8,21,1
double_cold,2,inner_train_positive,8,41,1
double_cold,2,inner_train_positive,8,67,1
double_cold,2,inner_train_positive,8,103,1
double_cold,2,inner_train_positive,8,55,1
double_cold,2,inner_train_positive,8,177,1
double_cold,2,inner_train_positive,8,148,1
double_cold,2,inner_train_positive,8,74,1
double_cold,2,inner_train_positive,8,68,1
double_cold,2,inner_train_positive,8,150,1
double_cold,2,inner_train_positive,10,209,1
double_cold,2,inner_train_positive,10,3,1
double_cold,2,inner_train_positive,10,103,1
double_cold,2,inner_train_positive,10,89,1
double_cold,2,inner_train_positive,10,7,1
double_cold,2,inner_train_positive,10,67,1
double_cold,2,inner_train_positive,10,114,1
double_cold,2,inner_train_positive,10,55,1
double_cold,2,inner_train_positive,10,123,1
double_cold,2,inner_train_positive,10,177,1
double_cold,2,inner_train_positive,10,74,1
double_cold,2,inner_train_positive,10,41,1
double_cold,2,inner_train_positive,10,179,1
double_cold,2,inner_train_positive,11,89,1
double_cold,2,inner_train_positive,11,123,1
double_cold,2,inner_train_positive,11,7,1
double_cold,2,inner_train_positive,11,186,1
double_cold,2,inner_train_positive,11,103,1
double_cold,2,inner_train_positive,11,68,1
double_cold,2,inner_train_positive,11,151,1
double_cold,2,inner_train_positive,11,41,1
double_cold,2,inner_train_positive,11,43,1
double_cold,2,inner_train_positive,11,67,1
double_cold,2,inner_train_positive,11,74,1
double_cold,2,inner_train_positive,11,16,1
double_cold,2,inner_train_positive,12,209,1
double_cold,2,inner_train_positive,12,123,1
double_cold,2,inner_train_positive,12,3,1
double_cold,2,inner_train_positive,12,74,1
double_cold,2,inner_train_positive,12,103,1
double_cold,2,inner_train_positive,12,142,1
double_cold,2,inner_train_positive,12,148,1
double_cold,2,inner_train_positive,12,7,1
double_cold,2,inner_train_positive,12,67,1
double_cold,2,inner_train_positive,13,89,1
double_cold,2,inner_train_positive,13,103,1
double_cold,2,inner_train_positive,13,123,1
double_cold,2,inner_train_positive,13,68,1
double_cold,2,inner_train_positive,13,67,1
double_cold,2,inner_train_positive,13,177,1
double_cold,2,inner_train_positive,13,55,1
double_cold,2,inner_train_positive,13,7,1
double_cold,2,inner_train_positive,13,100,1
double_cold,2,inner_train_positive,14,89,1
double_cold,2,inner_train_positive,14,74,1
double_cold,2,inner_train_positive,14,67,1
double_cold,2,inner_train_positive,14,103,1
double_cold,2,inner_train_positive,14,7,1
double_cold,2,inner_train_positive,14,123,1
double_cold,2,inner_train_positive,14,98,1
double_cold,2,inner_train_positive,14,63,1
double_cold,2,inner_train_positive,14,55,1
double_cold,2,inner_train_positive,16,89,1
double_cold,2,inner_train_positive,16,21,1
double_cold,2,inner_train_positive,16,103,1
double_cold,2,inner_train_positive,16,41,1
double_cold,2,inner_train_positive,16,123,1
double_cold,2,inner_train_positive,16,67,1
double_cold,2,inner_train_positive,16,55,1
double_cold,2,inner_train_positive,16,150,1
double_cold,2,inner_train_positive,16,74,1
double_cold,2,inner_train_positive,16,7,1
double_cold,2,inner_train_positive,17,89,1
double_cold,2,inner_train_positive,17,21,1
double_cold,2,inner_train_positive,17,103,1
double_cold,2,inner_train_positive,17,7,1
double_cold,2,inner_train_positive,17,67,1
double_cold,2,inner_train_positive,17,55,1
double_cold,2,inner_train_positive,17,124,1
double_cold,2,inner_train_positive,17,123,1
double_cold,2,inner_train_positive,17,74,1
double_cold,2,inner_train_positive,17,179,1
double_cold,2,inner_train_positive,17,101,1
double_cold,2,inner_train_positive,17,148,1
double_cold,2,inner_train_positive,17,68,1
double_cold,2,inner_train_positive,17,150,1
double_cold,2,inner_train_positive,17,177,1
double_cold,2,inner_train_positive,20,67,1
double_cold,2,inner_train_positive,20,103,1
double_cold,2,inner_train_positive,20,7,1
double_cold,2,inner_train_positive,20,55,1
double_cold,2,inner_train_positive,20,142,1
double_cold,2,inner_train_positive,21,74,1
double_cold,2,inner_train_positive,21,67,1
double_cold,2,inner_train_positive,21,103,1
double_cold,2,inner_train_positive,23,103,1
double_cold,2,inner_train_positive,23,101,1
double_cold,2,inner_train_positive,23,148,1
double_cold,2,inner_train_positive,25,67,1
double_cold,2,inner_train_positive,28,67,1
double_cold,2,inner_train_positive,28,148,1
double_cold,2,inner_train_positive,28,101,1
double_cold,2,inner_train_positive,28,55,1
double_cold,2,inner_train_positive,29,3,1
double_cold,2,inner_train_positive,30,55,1
double_cold,2,inner_train_positive,31,89,1
double_cold,2,inner_train_positive,31,74,1
double_cold,2,inner_train_positive,31,103,1
double_cold,2,inner_train_positive,31,177,1
double_cold,2,inner_train_positive,31,7,1
double_cold,2,inner_train_positive,31,67,1
double_cold,2,inner_train_positive,33,7,1
double_cold,2,inner_train_positive,33,55,1
double_cold,2,inner_train_positive,33,89,1
double_cold,2,inner_train_positive,33,41,1
double_cold,2,inner_train_positive,33,103,1
double_cold,2,inner_train_positive,33,123,1
double_cold,2,inner_train_positive,33,74,1
double_cold,2,inner_train_positive,37,209,1
double_cold,2,inner_train_positive,37,89,1
double_cold,2,inner_train_positive,37,123,1
double_cold,2,inner_train_positive,38,177,1
double_cold,2,inner_train_positive,38,89,1
double_cold,2,inner_train_positive,38,34,1
double_cold,2,inner_train_positive,38,7,1
double_cold,2,inner_train_positive,38,55,1
double_cold,2,inner_train_positive,38,103,1
double_cold,2,inner_train_positive,38,3,1
double_cold,2,inner_train_positive,40,89,1
double_cold,2,inner_train_positive,40,55,1
double_cold,2,inner_train_positive,40,95,1
double_cold,2,inner_train_positive,41,103,1
double_cold,2,inner_train_positive,41,123,1
double_cold,2,inner_train_positive,41,55,1
double_cold,2,inner_train_positive,43,103,1
double_cold,2,inner_train_positive,43,55,1
double_cold,2,inner_train_positive,43,67,1
double_cold,2,inner_train_positive,43,89,1
double_cold,2,inner_train_positive,43,177,1
double_cold,2,inner_train_positive,43,7,1
double_cold,2,inner_train_positive,43,3,1
double_cold,2,inner_train_positive,43,74,1
double_cold,2,inner_train_positive,43,73,1
double_cold,2,inner_train_positive,43,150,1
double_cold,2,inner_train_positive,43,142,1
double_cold,2,inner_train_positive,43,148,1
double_cold,2,inner_train_positive,43,101,1
double_cold,2,inner_train_positive,45,55,1
double_cold,2,inner_train_positive,45,123,1
double_cold,2,inner_train_positive,45,7,1
double_cold,2,inner_train_positive,45,95,1
double_cold,2,inner_train_positive,45,3,1
double_cold,2,inner_train_positive,48,142,1
double_cold,2,inner_train_positive,48,101,1
double_cold,2,inner_train_positive,48,148,1
double_cold,2,inner_train_positive,50,89,1
double_cold,2,inner_train_positive,50,101,1
double_cold,2,inner_train_positive,50,148,1
double_cold,2,inner_train_positive,50,95,1
double_cold,2,inner_train_positive,51,89,1
double_cold,2,inner_train_positive,51,34,1
double_cold,2,inner_train_positive,51,177,1
double_cold,2,inner_train_positive,53,103,1
double_cold,2,inner_train_positive,53,41,1
double_cold,2,inner_train_positive,54,124,1
double_cold,2,inner_train_positive,54,3,1
double_cold,2,inner_train_positive,54,123,1
double_cold,2,inner_train_positive,54,55,1
double_cold,2,inner_train_positive,54,7,1
double_cold,2,inner_train_positive,54,103,1
double_cold,2,inner_train_positive,55,89,1
double_cold,2,inner_train_positive,55,67,1
double_cold,2,inner_train_positive,55,55,1
double_cold,2,inner_train_positive,55,3,1
double_cold,2,inner_train_positive,55,123,1
double_cold,2,inner_train_positive,55,103,1
double_cold,2,inner_train_positive,55,177,1
double_cold,2,inner_train_positive,55,41,1
double_cold,2,inner_train_positive,55,7,1
double_cold,2,inner_train_positive,55,179,1
double_cold,2,inner_train_positive,55,148,1
double_cold,2,inner_train_positive,55,0,1
double_cold,2,inner_train_positive,55,74,1
double_cold,2,inner_train_positive,56,89,1
double_cold,2,inner_train_positive,56,67,1
double_cold,2,inner_train_positive,56,44,1
double_cold,2,inner_train_positive,56,177,1
double_cold,2,inner_train_positive,56,103,1
double_cold,2,inner_train_positive,56,175,1
double_cold,2,inner_train_positive,56,123,1
double_cold,2,inner_train_positive,56,7,1
double_cold,2,inner_train_positive,56,55,1
double_cold,2,inner_train_positive,56,68,1
double_cold,2,inner_train_positive,56,165,1
double_cold,2,inner_train_positive,56,43,1
double_cold,2,inner_train_positive,56,3,1
double_cold,2,inner_train_positive,56,148,1
double_cold,2,inner_train_positive,56,74,1
double_cold,2,inner_train_positive,56,107,1
double_cold,2,inner_train_positive,56,101,1
double_cold,2,inner_train_positive,56,142,1
double_cold,2,inner_train_positive,56,41,1
double_cold,2,inner_train_positive,58,7,1
double_cold,2,inner_train_positive,58,55,1
double_cold,2,inner_train_positive,58,74,1
double_cold,2,inner_train_positive,58,103,1
double_cold,2,inner_train_positive,58,123,1
double_cold,2,inner_train_positive,58,179,1
double_cold,2,inner_train_positive,58,67,1
double_cold,2,inner_train_positive,58,150,1
double_cold,2,inner_train_positive,58,89,1
double_cold,2,inner_train_positive,58,68,1
double_cold,2,inner_train_positive,58,177,1
double_cold,2,inner_train_positive,62,142,1
double_cold,2,inner_train_positive,62,55,1
double_cold,2,inner_train_positive,63,67,1
double_cold,2,inner_train_positive,63,55,1
double_cold,2,inner_train_positive,63,7,1
double_cold,2,inner_train_positive,63,41,1
double_cold,2,inner_train_positive,63,103,1
double_cold,2,inner_train_positive,63,3,1
double_cold,2,inner_train_positive,63,150,1
double_cold,2,inner_train_positive,63,101,1
double_cold,2,inner_train_positive,63,148,1
double_cold,2,inner_train_positive,63,89,1
double_cold,2,inner_train_positive,63,68,1
double_cold,2,inner_train_positive,63,177,1
double_cold,2,inner_train_positive,64,89,1
double_cold,2,inner_train_positive,64,148,1
double_cold,2,inner_train_positive,64,142,1
double_cold,2,inner_train_positive,64,41,1
double_cold,2,inner_train_positive,64,103,1
double_cold,2,inner_train_positive,67,89,1
double_cold,2,inner_train_positive,67,103,1
double_cold,2,inner_train_positive,67,67,1
double_cold,2,inner_train_positive,67,148,1
double_cold,2,inner_train_positive,67,142,1
double_cold,2,inner_train_positive,67,197,1
double_cold,2,inner_train_positive,67,144,1
double_cold,2,inner_train_positive,69,103,1
double_cold,2,inner_train_positive,65,103,1
double_cold,2,inner_train_positive,65,123,1
double_cold,2,inner_train_positive,65,129,1
double_cold,2,inner_train_positive,65,50,1
double_cold,2,inner_train_positive,65,67,1
double_cold,2,inner_train_positive,65,3,1
double_cold,2,inner_train_positive,66,103,1
double_cold,2,inner_train_positive,68,55,1
double_cold,2,inner_train_positive,68,103,1
double_cold,2,inner_train_positive,68,67,1
double_cold,2,inner_train_positive,68,7,1
double_cold,2,inner_train_positive,68,41,1
double_cold,2,inner_train_positive,71,89,1
double_cold,2,inner_train_positive,71,67,1
double_cold,2,inner_train_positive,71,140,1
double_cold,2,inner_train_positive,71,41,1
double_cold,2,inner_train_positive,74,67,1
double_cold,2,inner_train_positive,74,89,1
double_cold,2,inner_train_positive,74,21,1
double_cold,2,inner_train_positive,74,52,1
double_cold,2,inner_train_positive,74,123,1
double_cold,2,inner_train_positive,74,41,1
double_cold,2,inner_train_positive,74,68,1
double_cold,2,inner_train_positive,74,103,1
double_cold,2,inner_train_positive,74,55,1
double_cold,2,inner_train_positive,74,7,1
double_cold,2,inner_train_positive,74,179,1
double_cold,2,inner_train_positive,74,74,1
double_cold,2,inner_train_positive,75,123,1
double_cold,2,inner_train_positive,75,137,1
double_cold,2,inner_train_positive,75,89,1
double_cold,2,inner_train_positive,75,103,1
double_cold,2,inner_train_positive,77,103,1
double_cold,2,inner_train_positive,78,74,1
double_cold,2,inner_train_positive,78,177,1
double_cold,2,inner_train_positive,78,103,1
double_cold,2,inner_train_positive,79,7,1
double_cold,2,inner_train_positive,79,55,1
double_cold,2,inner_train_positive,79,41,1
double_cold,2,inner_train_positive,79,95,1
double_cold,2,inner_train_positive,79,67,1
double_cold,2,inner_train_positive,82,7,1
double_cold,2,inner_train_positive,82,55,1
double_cold,2,inner_train_positive,82,74,1
double_cold,2,inner_train_positive,82,41,1
double_cold,2,inner_train_positive,82,103,1
double_cold,2,inner_train_positive,83,101,1
double_cold,2,inner_train_positive,83,148,1
double_cold,2,inner_train_positive,84,103,1
double_cold,2,inner_train_positive,84,55,1
double_cold,2,inner_train_positive,84,67,1
double_cold,2,inner_train_positive,84,7,1
double_cold,2,inner_train_positive,84,73,1
double_cold,2,inner_train_positive,84,74,1
double_cold,2,inner_train_positive,84,89,1
double_cold,2,inner_train_positive,84,173,1
double_cold,2,inner_train_positive,85,89,1
double_cold,2,inner_train_positive,85,67,1
double_cold,2,inner_train_positive,85,74,1
double_cold,2,inner_train_positive,85,7,1
double_cold,2,inner_train_positive,86,7,1
double_cold,2,inner_train_positive,86,103,1
double_cold,2,inner_train_positive,89,103,1
double_cold,2,inner_train_positive,89,32,1
double_cold,2,inner_train_positive,91,67,1
double_cold,2,inner_train_positive,91,103,1
double_cold,2,inner_train_positive,91,7,1
double_cold,2,inner_train_positive,91,123,1
double_cold,2,inner_train_positive,91,55,1
double_cold,2,inner_train_positive,92,103,1
double_cold,2,inner_train_positive,93,103,1
double_cold,2,inner_train_positive,97,41,1
double_cold,2,inner_train_positive,97,68,1
double_cold,2,inner_train_positive,97,89,1
double_cold,2,inner_train_positive,97,150,1
double_cold,2,inner_train_positive,97,177,1
double_cold,2,inner_train_positive,97,67,1
double_cold,2,inner_train_positive,100,7,1
double_cold,2,inner_train_positive,100,55,1
double_cold,2,inner_train_positive,100,123,1
double_cold,2,inner_train_positive,100,103,1
double_cold,2,inner_train_positive,100,67,1
double_cold,2,inner_train_positive,100,142,1
double_cold,2,inner_train_positive,101,89,1
double_cold,2,inner_train_positive,101,67,1
double_cold,2,inner_train_positive,101,74,1
double_cold,2,inner_train_positive,101,3,1
double_cold,2,inner_train_positive,101,103,1
double_cold,2,inner_train_positive,101,55,1
double_cold,2,inner_train_positive,101,7,1
double_cold,2,inner_train_positive,101,124,1
double_cold,2,inner_train_positive,101,41,1
double_cold,2,inner_train_positive,101,142,1
double_cold,2,inner_train_positive,101,148,1
double_cold,2,inner_train_positive,101,101,1
double_cold,2,inner_train_positive,101,176,1
double_cold,2,inner_train_positive,101,73,1
double_cold,2,inner_train_positive,101,177,1
double_cold,2,inner_train_positive,102,67,1
double_cold,2,inner_train_positive,102,74,1
double_cold,2,inner_train_positive,102,103,1
double_cold,2,inner_train_positive,102,7,1
double_cold,2,inner_train_positive,102,55,1
double_cold,2,inner_train_positive,102,41,1
double_cold,2,inner_train_positive,102,123,1
double_cold,2,inner_train_positive,102,89,1
double_cold,2,inner_train_positive,102,101,1
double_cold,2,inner_train_positive,102,148,1
double_cold,2,inner_train_positive,102,43,1
double_cold,2,inner_train_positive,104,103,1
double_cold,2,inner_train_positive,104,41,1
double_cold,2,inner_train_positive,106,142,1
double_cold,2,inner_train_positive,106,148,1
double_cold,2,inner_train_positive,106,140,1
double_cold,2,inner_train_positive,106,41,1
double_cold,2,inner_train_positive,106,55,1
double_cold,2,inner_train_positive,107,74,1
double_cold,2,inner_train_positive,107,89,1
double_cold,2,inner_train_positive,107,103,1
double_cold,2,inner_train_positive,107,7,1
double_cold,2,inner_train_positive,107,177,1
double_cold,2,inner_train_positive,107,67,1
double_cold,2,inner_train_positive,107,55,1
double_cold,2,inner_train_positive,107,3,1
double_cold,2,inner_train_positive,108,89,1
double_cold,2,inner_train_positive,108,55,1
double_cold,2,inner_train_positive,108,67,1
double_cold,2,inner_train_positive,108,41,1
double_cold,2,inner_train_positive,108,103,1
double_cold,2,inner_train_positive,108,192,1
double_cold,2,inner_train_positive,108,115,1
double_cold,2,inner_train_positive,108,7,1
double_cold,2,inner_train_positive,108,101,1
double_cold,2,inner_train_positive,108,148,1
double_cold,2,inner_train_positive,108,144,1
double_cold,2,inner_train_positive,108,161,1
double_cold,2,inner_train_positive,109,89,1
double_cold,2,inner_train_positive,109,21,1
double_cold,2,inner_train_positive,109,74,1
double_cold,2,inner_train_positive,109,67,1
double_cold,2,inner_train_positive,109,103,1
double_cold,2,inner_train_positive,109,68,1
double_cold,2,inner_train_positive,109,3,1
double_cold,2,inner_train_positive,109,123,1
double_cold,2,inner_train_positive,109,55,1
double_cold,2,inner_train_positive,109,7,1
double_cold,2,inner_train_positive,110,89,1
double_cold,2,inner_train_positive,110,21,1
double_cold,2,inner_train_positive,110,41,1
double_cold,2,inner_train_positive,110,103,1
double_cold,2,inner_train_positive,110,3,1
double_cold,2,inner_train_positive,110,124,1
double_cold,2,inner_train_positive,110,67,1
double_cold,2,inner_train_positive,110,123,1
double_cold,2,inner_train_positive,110,68,1
double_cold,2,inner_train_positive,110,7,1
double_cold,2,inner_train_positive,110,55,1
double_cold,2,inner_train_positive,110,197,1
double_cold,2,inner_train_positive,111,74,1
double_cold,2,inner_train_positive,111,103,1
double_cold,2,inner_train_positive,111,67,1
double_cold,2,inner_train_positive,111,3,1
double_cold,2,inner_train_positive,112,67,1
double_cold,2,inner_train_positive,112,89,1
double_cold,2,inner_train_positive,112,177,1
double_cold,2,inner_train_positive,112,103,1
double_cold,2,inner_train_positive,112,43,1
double_cold,2,inner_train_positive,112,73,1
double_cold,2,inner_train_positive,112,74,1
double_cold,2,inner_train_positive,112,171,1
double_cold,2,inner_train_positive,112,123,1
double_cold,2,inner_train_positive,112,101,1
double_cold,2,inner_train_positive,112,148,1
double_cold,2,inner_train_positive,112,142,1
double_cold,2,inner_train_positive,113,177,1
double_cold,2,inner_train_positive,113,3,1
double_cold,2,inner_train_positive,113,103,1
double_cold,2,inner_train_positive,113,67,1
double_cold,2,inner_train_positive,113,89,1
double_cold,2,inner_train_positive,113,7,1
double_cold,2,inner_train_positive,113,31,1
double_cold,2,inner_train_positive,113,55,1
double_cold,2,inner_train_positive,113,73,1
double_cold,2,inner_train_positive,113,150,1
double_cold,2,inner_train_positive,113,159,1
double_cold,2,inner_train_positive,113,16,1
double_cold,2,inner_train_positive,113,68,1
double_cold,2,inner_train_positive,113,137,1
double_cold,2,inner_train_positive,114,89,1
double_cold,2,inner_train_positive,114,67,1
double_cold,2,inner_train_positive,114,103,1
double_cold,2,inner_train_positive,114,55,1
double_cold,2,inner_train_positive,114,41,1
double_cold,2,inner_train_positive,114,3,1
double_cold,2,inner_train_positive,114,7,1
double_cold,2,inner_train_positive,114,177,1
double_cold,2,inner_train_positive,114,73,1
double_cold,2,inner_train_positive,114,142,1
double_cold,2,inner_train_positive,114,148,1
double_cold,2,inner_train_positive,114,61,1
double_cold,2,inner_train_positive,114,144,1
double_cold,2,inner_train_positive,114,68,1
double_cold,2,inner_train_positive,114,150,1
double_cold,2,inner_train_positive,116,89,1
double_cold,2,inner_train_positive,116,21,1
double_cold,2,inner_train_positive,116,7,1
double_cold,2,inner_train_positive,116,67,1
double_cold,2,inner_train_positive,116,41,1
double_cold,2,inner_train_positive,116,55,1
double_cold,2,inner_train_positive,116,74,1
double_cold,2,inner_train_positive,116,103,1
double_cold,2,inner_train_positive,116,142,1
double_cold,2,inner_train_positive,116,148,1
double_cold,2,inner_train_positive,116,186,1
double_cold,2,inner_train_positive,117,89,1
double_cold,2,inner_train_positive,117,21,1
double_cold,2,inner_train_positive,117,103,1
double_cold,2,inner_train_positive,117,177,1
double_cold,2,inner_train_positive,117,44,1
double_cold,2,inner_train_positive,117,205,1
double_cold,2,inner_train_positive,117,3,1
double_cold,2,inner_train_positive,117,123,1
double_cold,2,inner_train_positive,117,7,1
double_cold,2,inner_train_positive,117,55,1
double_cold,2,inner_train_positive,117,67,1
double_cold,2,inner_train_positive,117,185,1
double_cold,2,inner_train_positive,117,90,1
double_cold,2,inner_train_positive,117,18,1
double_cold,2,inner_train_positive,117,16,1
double_cold,2,inner_train_positive,118,123,1
double_cold,2,inner_train_positive,118,103,1
double_cold,2,inner_train_positive,118,89,1
double_cold,2,inner_train_positive,118,175,1
double_cold,2,inner_train_positive,118,74,1
double_cold,2,inner_train_positive,118,129,1
double_cold,2,inner_train_positive,118,43,1
double_cold,2,inner_train_positive,118,7,1
double_cold,2,inner_train_positive,118,41,1
double_cold,2,inner_train_positive,119,67,1
double_cold,2,inner_train_positive,119,41,1
double_cold,2,inner_train_positive,119,103,1
double_cold,2,inner_train_positive,119,7,1
double_cold,2,inner_train_positive,119,16,1
double_cold,2,inner_train_positive,119,197,1
double_cold,2,inner_train_positive,119,74,1
double_cold,2,inner_train_positive,120,7,1
double_cold,2,inner_train_positive,120,89,1
double_cold,2,inner_train_positive,120,69,1
double_cold,2,inner_train_positive,120,3,1
double_cold,2,inner_train_positive,120,55,1
double_cold,2,inner_train_positive,120,67,1
double_cold,2,inner_train_positive,120,41,1
double_cold,2,inner_train_positive,120,103,1
double_cold,2,inner_train_positive,120,113,1
double_cold,2,inner_train_positive,120,123,1
double_cold,2,inner_train_positive,120,101,1
double_cold,2,inner_train_positive,120,148,1
double_cold,2,inner_train_positive,120,68,1
double_cold,2,inner_train_positive,120,150,1
double_cold,2,inner_train_positive,120,177,1
double_cold,2,inner_train_positive,120,74,1
double_cold,2,inner_train_positive,122,89,1
double_cold,2,inner_train_positive,122,21,1
double_cold,2,inner_train_positive,122,69,1
double_cold,2,inner_train_positive,122,103,1
double_cold,2,inner_train_positive,122,7,1
double_cold,2,inner_train_positive,122,176,1
double_cold,2,inner_train_positive,122,148,1
double_cold,2,inner_train_positive,122,67,1
double_cold,2,inner_train_positive,122,38,1
double_cold,2,inner_train_positive,122,3,1
double_cold,2,inner_train_positive,122,177,1
double_cold,2,inner_train_positive,122,25,1
double_cold,2,inner_train_positive,122,55,1
double_cold,2,inner_train_positive,122,123,1
double_cold,2,inner_train_positive,122,101,1
double_cold,2,inner_train_positive,122,95,1
double_cold,2,inner_train_positive,122,50,1
double_cold,2,inner_train_positive,122,74,1
double_cold,2,inner_train_positive,122,43,1
double_cold,2,inner_train_positive,126,89,1
double_cold,2,inner_train_positive,126,21,1
double_cold,2,inner_train_positive,126,74,1
double_cold,2,inner_train_positive,126,67,1
double_cold,2,inner_train_positive,126,55,1
double_cold,2,inner_train_positive,126,90,1
double_cold,2,inner_train_positive,126,103,1
double_cold,2,inner_train_positive,126,177,1
double_cold,2,inner_train_positive,126,176,1
double_cold,2,inner_train_positive,126,3,1
double_cold,2,inner_train_positive,126,41,1
double_cold,2,inner_train_positive,126,123,1
double_cold,2,inner_train_positive,126,68,1
double_cold,2,inner_train_positive,126,142,1
double_cold,2,inner_train_positive,127,67,1
double_cold,2,inner_train_positive,127,103,1
double_cold,2,inner_train_positive,129,55,1
double_cold,2,inner_train_positive,129,7,1
double_cold,2,inner_train_positive,132,89,1
double_cold,2,inner_train_positive,132,3,1
double_cold,2,inner_train_positive,132,123,1
double_cold,2,inner_train_positive,132,7,1
double_cold,2,inner_train_positive,132,55,1
double_cold,2,inner_train_positive,132,67,1
double_cold,2,inner_train_positive,132,103,1
double_cold,2,inner_train_positive,132,43,1
double_cold,2,inner_train_positive,132,36,1
double_cold,2,inner_train_positive,132,56,1
double_cold,2,inner_train_positive,133,41,1
double_cold,2,inner_train_positive,133,68,1
double_cold,2,inner_train_positive,133,103,1
double_cold,2,inner_train_positive,133,89,1
double_cold,2,inner_train_positive,133,197,1
double_cold,2,inner_train_positive,133,67,1
double_cold,2,inner_train_positive,133,55,1
double_cold,2,inner_train_positive,133,16,1
double_cold,2,inner_train_positive,133,7,1
double_cold,2,inner_train_positive,134,89,1
double_cold,2,inner_train_positive,134,21,1
double_cold,2,inner_train_positive,134,3,1
double_cold,2,inner_train_positive,134,123,1
double_cold,2,inner_train_positive,134,78,1
double_cold,2,inner_train_positive,134,55,1
double_cold,2,inner_train_positive,134,41,1
double_cold,2,inner_train_positive,134,103,1
double_cold,2,inner_train_positive,134,67,1
double_cold,2,inner_train_positive,134,144,1
double_cold,2,inner_train_positive,134,16,1
double_cold,2,inner_train_positive,623,103,1
double_cold,2,inner_train_positive,623,74,1
double_cold,2,inner_train_positive,623,7,1
double_cold,2,inner_train_positive,623,41,1
double_cold,2,inner_train_positive,623,16,1
double_cold,2,inner_train_positive,623,3,1
double_cold,2,inner_train_positive,138,89,1
double_cold,2,inner_train_positive,138,55,1
double_cold,2,inner_train_positive,139,89,1
double_cold,2,inner_train_positive,139,67,1
double_cold,2,inner_train_positive,139,103,1
double_cold,2,inner_train_positive,141,89,1
double_cold,2,inner_train_positive,141,21,1
double_cold,2,inner_train_positive,141,68,1
double_cold,2,inner_train_positive,141,67,1
double_cold,2,inner_train_positive,141,41,1
double_cold,2,inner_train_positive,141,103,1
double_cold,2,inner_train_positive,141,123,1
double_cold,2,inner_train_positive,141,7,1
double_cold,2,inner_train_positive,141,55,1
double_cold,2,inner_train_positive,141,177,1
double_cold,2,inner_train_positive,141,3,1
double_cold,2,inner_train_positive,141,126,1
double_cold,2,inner_train_positive,141,32,1
double_cold,2,inner_train_positive,141,150,1
double_cold,2,inner_train_positive,141,187,1
double_cold,2,inner_train_positive,141,142,1
double_cold,2,inner_train_positive,142,89,1
double_cold,2,inner_train_positive,142,41,1
double_cold,2,inner_train_positive,142,123,1
double_cold,2,inner_train_positive,142,43,1
double_cold,2,inner_train_positive,142,7,1
double_cold,2,inner_train_positive,142,103,1
double_cold,2,inner_train_positive,142,67,1
double_cold,2,inner_train_positive,142,55,1
double_cold,2,inner_train_positive,142,90,1
double_cold,2,inner_train_positive,142,176,1
double_cold,2,inner_train_positive,142,3,1
double_cold,2,inner_train_positive,142,177,1
double_cold,2,inner_train_positive,142,142,1
double_cold,2,inner_train_positive,142,148,1
double_cold,2,inner_train_positive,142,101,1
double_cold,2,inner_train_positive,142,68,1
double_cold,2,inner_train_positive,142,150,1
double_cold,2,inner_train_positive,142,135,1
double_cold,2,inner_train_positive,143,177,1
double_cold,2,inner_train_positive,143,89,1
double_cold,2,inner_train_positive,143,67,1
double_cold,2,inner_train_positive,143,103,1
double_cold,2,inner_train_positive,143,7,1
double_cold,2,inner_train_positive,143,55,1
double_cold,2,inner_train_positive,143,41,1
double_cold,2,inner_train_positive,143,123,1
double_cold,2,inner_train_positive,143,179,1
double_cold,2,inner_train_positive,143,101,1
double_cold,2,inner_train_positive,143,148,1
double_cold,2,inner_train_positive,143,142,1
double_cold,2,inner_train_positive,143,201,1
double_cold,2,inner_train_positive,144,177,1
double_cold,2,inner_train_positive,144,89,1
double_cold,2,inner_train_positive,144,21,1
double_cold,2,inner_train_positive,144,108,1
double_cold,2,inner_train_positive,144,63,1
double_cold,2,inner_train_positive,144,67,1
double_cold,2,inner_train_positive,144,123,1
double_cold,2,inner_train_positive,144,3,1
double_cold,2,inner_train_positive,144,103,1
double_cold,2,inner_train_positive,144,55,1
double_cold,2,inner_train_positive,144,41,1
double_cold,2,inner_train_positive,144,90,1
double_cold,2,inner_train_positive,144,176,1
double_cold,2,inner_train_positive,144,46,1
double_cold,2,inner_train_positive,144,7,1
double_cold,2,inner_train_positive,144,101,1
double_cold,2,inner_train_positive,144,148,1
double_cold,2,inner_train_positive,144,150,1
double_cold,2,inner_train_positive,144,68,1
double_cold,2,inner_train_positive,145,89,1
double_cold,2,inner_train_positive,145,21,1
double_cold,2,inner_train_positive,145,74,1
double_cold,2,inner_train_positive,145,199,1
double_cold,2,inner_train_positive,145,41,1
double_cold,2,inner_train_positive,145,103,1
double_cold,2,inner_train_positive,145,43,1
double_cold,2,inner_train_positive,145,7,1
double_cold,2,inner_train_positive,145,10,1
double_cold,2,inner_train_positive,145,90,1
double_cold,2,inner_train_positive,145,177,1
double_cold,2,inner_train_positive,145,176,1
double_cold,2,inner_train_positive,145,3,1
double_cold,2,inner_train_positive,145,186,1
double_cold,2,inner_train_positive,145,124,1
double_cold,2,inner_train_positive,145,123,1
double_cold,2,inner_train_positive,145,67,1
double_cold,2,inner_train_positive,145,55,1
double_cold,2,inner_train_positive,145,138,1
double_cold,2,inner_train_positive,145,158,1
double_cold,2,inner_train_positive,145,153,1
double_cold,2,inner_train_positive,145,95,1
double_cold,2,inner_train_positive,145,50,1
double_cold,2,inner_train_positive,145,26,1
double_cold,2,inner_train_positive,145,114,1
double_cold,2,inner_train_positive,145,18,1
double_cold,2,inner_train_positive,145,150,1
double_cold,2,inner_train_positive,145,68,1
double_cold,2,inner_train_positive,145,34,1
double_cold,2,inner_train_positive,146,89,1
double_cold,2,inner_train_positive,146,55,1
double_cold,2,inner_train_positive,146,74,1
double_cold,2,inner_train_positive,146,103,1
double_cold,2,inner_train_positive,146,177,1
double_cold,2,inner_train_positive,146,41,1
double_cold,2,inner_train_positive,146,3,1
double_cold,2,inner_train_positive,146,199,1
double_cold,2,inner_train_positive,146,124,1
double_cold,2,inner_train_positive,146,123,1
double_cold,2,inner_train_positive,146,67,1
double_cold,2,inner_train_positive,146,7,1
double_cold,2,inner_train_positive,146,95,1
double_cold,2,inner_train_positive,146,144,1
double_cold,2,inner_train_positive,146,50,1
double_cold,2,inner_train_positive,146,18,1
double_cold,2,inner_train_positive,146,114,1
double_cold,2,inner_train_positive,146,139,1
double_cold,2,inner_train_positive,146,150,1
double_cold,2,inner_train_positive,146,68,1
double_cold,2,inner_train_positive,147,89,1
double_cold,2,inner_train_positive,147,21,1
double_cold,2,inner_train_positive,147,41,1
double_cold,2,inner_train_positive,147,55,1
double_cold,2,inner_train_positive,147,67,1
double_cold,2,inner_train_positive,147,7,1
double_cold,2,inner_train_positive,147,123,1
double_cold,2,inner_train_positive,147,137,1
double_cold,2,inner_train_positive,147,103,1
double_cold,2,inner_train_positive,147,197,1
double_cold,2,inner_train_positive,147,144,1
double_cold,2,inner_train_positive,150,68,1
double_cold,2,inner_train_positive,150,89,1
double_cold,2,inner_train_positive,150,103,1
double_cold,2,inner_train_positive,150,142,1
double_cold,2,inner_train_positive,150,148,1
double_cold,2,inner_train_positive,150,129,1
double_cold,2,inner_train_positive,150,161,1
double_cold,2,inner_train_positive,151,89,1
double_cold,2,inner_train_positive,151,55,1
double_cold,2,inner_train_positive,151,103,1
double_cold,2,inner_train_positive,151,7,1
double_cold,2,inner_train_positive,151,123,1
double_cold,2,inner_train_positive,151,67,1
double_cold,2,inner_train_positive,151,101,1
double_cold,2,inner_train_positive,151,148,1
double_cold,2,inner_train_positive,151,41,1
double_cold,2,inner_train_positive,625,89,1
double_cold,2,inner_train_positive,625,21,1
double_cold,2,inner_train_positive,625,103,1
double_cold,2,inner_train_positive,625,123,1
double_cold,2,inner_train_positive,625,67,1
double_cold,2,inner_train_positive,625,74,1
double_cold,2,inner_train_positive,625,55,1
double_cold,2,inner_train_positive,625,41,1
double_cold,2,inner_train_positive,625,95,1
double_cold,2,inner_train_positive,625,7,1
double_cold,2,inner_train_positive,154,103,1
double_cold,2,inner_train_positive,154,67,1
double_cold,2,inner_train_positive,154,7,1
double_cold,2,inner_train_positive,154,55,1
double_cold,2,inner_train_positive,154,41,1
double_cold,2,inner_train_positive,154,89,1
double_cold,2,inner_train_positive,154,68,1
double_cold,2,inner_train_positive,154,74,1
double_cold,2,inner_train_positive,154,142,1
double_cold,2,inner_train_positive,154,148,1
double_cold,2,inner_train_positive,155,89,1
double_cold,2,inner_train_positive,155,21,1
double_cold,2,inner_train_positive,155,69,1
double_cold,2,inner_train_positive,155,123,1
double_cold,2,inner_train_positive,155,67,1
double_cold,2,inner_train_positive,155,103,1
double_cold,2,inner_train_positive,155,55,1
double_cold,2,inner_train_positive,155,7,1
double_cold,2,inner_train_positive,155,74,1
double_cold,2,inner_train_positive,155,148,1
double_cold,2,inner_train_positive,155,142,1
double_cold,2,inner_train_positive,155,101,1
double_cold,2,inner_train_positive,155,51,1
double_cold,2,inner_train_positive,155,43,1
double_cold,2,inner_train_positive,156,89,1
double_cold,2,inner_train_positive,156,41,1
double_cold,2,inner_train_positive,156,123,1
double_cold,2,inner_train_positive,156,103,1
double_cold,2,inner_train_positive,156,55,1
double_cold,2,inner_train_positive,156,7,1
double_cold,2,inner_train_positive,156,74,1
double_cold,2,inner_train_positive,156,142,1
double_cold,2,inner_train_positive,156,148,1
double_cold,2,inner_train_positive,156,67,1
double_cold,2,inner_train_positive,156,101,1
double_cold,2,inner_train_positive,158,103,1
double_cold,2,inner_train_positive,158,90,1
double_cold,2,inner_train_positive,158,89,1
double_cold,2,inner_train_positive,158,177,1
double_cold,2,inner_train_positive,158,176,1
double_cold,2,inner_train_positive,158,150,1
double_cold,2,inner_train_positive,158,67,1
double_cold,2,inner_train_positive,158,7,1
double_cold,2,inner_train_positive,158,55,1
double_cold,2,inner_train_positive,158,123,1
double_cold,2,inner_train_positive,158,148,1
double_cold,2,inner_train_positive,158,142,1
double_cold,2,inner_train_positive,159,7,1
double_cold,2,inner_train_positive,159,148,1
double_cold,2,inner_train_positive,159,142,1
double_cold,2,inner_train_positive,159,67,1
double_cold,2,inner_train_positive,159,123,1
double_cold,2,inner_train_positive,159,103,1
double_cold,2,inner_train_positive,160,3,1
double_cold,2,inner_train_positive,160,55,1
double_cold,2,inner_train_positive,160,123,1
double_cold,2,inner_train_positive,162,148,1
double_cold,2,inner_train_positive,162,142,1
double_cold,2,inner_train_positive,162,137,1
double_cold,2,inner_train_positive,162,89,1
double_cold,2,inner_train_positive,162,140,1
double_cold,2,inner_train_positive,162,41,1
double_cold,2,inner_train_positive,162,123,1
double_cold,2,inner_train_positive,162,67,1
double_cold,2,inner_train_positive,163,89,1
double_cold,2,inner_train_positive,165,7,1
double_cold,2,inner_train_positive,165,55,1
double_cold,2,inner_train_positive,165,103,1
double_cold,2,inner_train_positive,166,101,1
double_cold,2,inner_train_positive,166,148,1
double_cold,2,inner_train_positive,166,74,1
double_cold,2,inner_train_positive,167,89,1
double_cold,2,inner_train_positive,167,7,1
double_cold,2,inner_train_positive,167,177,1
double_cold,2,inner_train_positive,167,176,1
double_cold,2,inner_train_positive,167,90,1
double_cold,2,inner_train_positive,167,103,1
double_cold,2,inner_train_positive,167,55,1
double_cold,2,inner_train_positive,167,41,1
double_cold,2,inner_train_positive,167,148,1
double_cold,2,inner_train_positive,167,142,1
double_cold,2,inner_train_positive,167,137,1
double_cold,2,inner_train_positive,167,67,1
double_cold,2,inner_train_positive,167,101,1
double_cold,2,inner_train_positive,168,89,1
double_cold,2,inner_train_positive,168,3,1
double_cold,2,inner_train_positive,168,74,1
double_cold,2,inner_train_positive,168,103,1
double_cold,2,inner_train_positive,168,78,1
double_cold,2,inner_train_positive,168,67,1
double_cold,2,inner_train_positive,168,7,1
double_cold,2,inner_train_positive,168,55,1
double_cold,2,inner_train_positive,168,41,1
double_cold,2,inner_train_positive,168,142,1
double_cold,2,inner_train_positive,168,148,1
double_cold,2,inner_train_positive,168,68,1
double_cold,2,inner_train_positive,168,129,1
double_cold,2,inner_train_positive,168,101,1
double_cold,2,inner_train_positive,168,137,1
double_cold,2,inner_train_positive,168,150,1
double_cold,2,inner_train_positive,168,177,1
double_cold,2,inner_train_positive,170,103,1
double_cold,2,inner_train_positive,170,142,1
double_cold,2,inner_train_positive,170,148,1
double_cold,2,inner_train_positive,170,3,1
double_cold,2,inner_train_positive,170,67,1
double_cold,2,inner_train_positive,170,55,1
double_cold,2,inner_train_positive,170,7,1
double_cold,2,inner_train_positive,171,89,1
double_cold,2,inner_train_positive,171,74,1
double_cold,2,inner_train_positive,171,103,1
double_cold,2,inner_train_positive,171,191,1
double_cold,2,inner_train_positive,171,123,1
double_cold,2,inner_train_positive,171,90,1
double_cold,2,inner_train_positive,171,67,1
double_cold,2,inner_train_positive,171,41,1
double_cold,2,inner_train_positive,171,7,1
double_cold,2,inner_train_positive,171,3,1
double_cold,2,inner_train_positive,171,55,1
double_cold,2,inner_train_positive,172,89,1
double_cold,2,inner_train_positive,172,3,1
double_cold,2,inner_train_positive,172,103,1
double_cold,2,inner_train_positive,172,78,1
double_cold,2,inner_train_positive,172,90,1
double_cold,2,inner_train_positive,172,177,1
double_cold,2,inner_train_positive,172,176,1
double_cold,2,inner_train_positive,172,55,1
double_cold,2,inner_train_positive,172,73,1
double_cold,2,inner_train_positive,172,67,1
double_cold,2,inner_train_positive,172,7,1
double_cold,2,inner_train_positive,172,142,1
double_cold,2,inner_train_positive,172,148,1
double_cold,2,inner_train_positive,172,129,1
double_cold,2,inner_train_positive,172,101,1
double_cold,2,inner_train_positive,172,74,1
double_cold,2,inner_train_positive,173,89,1
double_cold,2,inner_train_positive,173,3,1
double_cold,2,inner_train_positive,173,7,1
double_cold,2,inner_train_positive,173,103,1
double_cold,2,inner_train_positive,173,67,1
double_cold,2,inner_train_positive,173,55,1
double_cold,2,inner_train_positive,173,41,1
double_cold,2,inner_train_positive,173,44,1
double_cold,2,inner_train_positive,173,74,1
double_cold,2,inner_train_positive,173,148,1
double_cold,2,inner_train_positive,173,142,1
double_cold,2,inner_train_positive,173,179,1
double_cold,2,inner_train_positive,175,89,1
double_cold,2,inner_train_positive,175,21,1
double_cold,2,inner_train_positive,175,205,1
double_cold,2,inner_train_positive,175,7,1
double_cold,2,inner_train_positive,175,3,1
double_cold,2,inner_train_positive,175,55,1
double_cold,2,inner_train_positive,175,68,1
double_cold,2,inner_train_positive,175,103,1
double_cold,2,inner_train_positive,175,67,1
double_cold,2,inner_train_positive,175,123,1
double_cold,2,inner_train_positive,175,101,1
double_cold,2,inner_train_positive,175,148,1
double_cold,2,inner_train_positive,175,142,1
double_cold,2,inner_train_positive,599,103,1
double_cold,2,inner_train_positive,599,67,1
double_cold,2,inner_train_positive,599,41,1
double_cold,2,inner_train_positive,599,148,1
double_cold,2,inner_train_positive,599,101,1
double_cold,2,inner_train_positive,599,95,1
double_cold,2,inner_train_positive,599,55,1
double_cold,2,inner_train_positive,600,7,1
double_cold,2,inner_train_positive,600,55,1
double_cold,2,inner_train_positive,600,89,1
double_cold,2,inner_train_positive,600,101,1
double_cold,2,inner_train_positive,600,148,1
double_cold,2,inner_train_positive,177,103,1
double_cold,2,inner_train_positive,177,68,1
double_cold,2,inner_train_positive,177,123,1
double_cold,2,inner_train_positive,177,7,1
double_cold,2,inner_train_positive,178,89,1
double_cold,2,inner_train_positive,178,103,1
double_cold,2,inner_train_positive,178,142,1
double_cold,2,inner_train_positive,178,148,1
double_cold,2,inner_train_positive,178,179,1
double_cold,2,inner_train_positive,178,90,1
double_cold,2,inner_train_positive,178,67,1
double_cold,2,inner_train_positive,626,89,1
double_cold,2,inner_train_positive,626,21,1
double_cold,2,inner_train_positive,626,103,1
double_cold,2,inner_train_positive,626,150,1
double_cold,2,inner_train_positive,626,41,1
double_cold,2,inner_train_positive,626,123,1
double_cold,2,inner_train_positive,626,101,1
double_cold,2,inner_train_positive,626,148,1
double_cold,2,inner_train_positive,626,67,1
double_cold,2,inner_train_positive,626,74,1
double_cold,2,inner_train_positive,626,55,1
double_cold,2,inner_train_positive,626,7,1
double_cold,2,inner_train_positive,626,142,1
double_cold,2,inner_train_positive,627,89,1
double_cold,2,inner_train_positive,627,21,1
double_cold,2,inner_train_positive,627,103,1
double_cold,2,inner_train_positive,627,123,1
double_cold,2,inner_train_positive,627,177,1
double_cold,2,inner_train_positive,627,90,1
double_cold,2,inner_train_positive,627,55,1
double_cold,2,inner_train_positive,627,67,1
double_cold,2,inner_train_positive,627,73,1
double_cold,2,inner_train_positive,627,43,1
double_cold,2,inner_train_positive,627,148,1
double_cold,2,inner_train_positive,627,142,1
double_cold,2,inner_train_positive,627,7,1
double_cold,2,inner_train_positive,627,74,1
double_cold,2,inner_train_positive,627,101,1
double_cold,2,inner_train_positive,627,18,1
double_cold,2,inner_train_positive,180,89,1
double_cold,2,inner_train_positive,180,21,1
double_cold,2,inner_train_positive,180,68,1
double_cold,2,inner_train_positive,180,103,1
double_cold,2,inner_train_positive,180,205,1
double_cold,2,inner_train_positive,180,123,1
double_cold,2,inner_train_positive,180,7,1
double_cold,2,inner_train_positive,180,177,1
double_cold,2,inner_train_positive,180,55,1
double_cold,2,inner_train_positive,180,67,1
double_cold,2,inner_train_positive,180,124,1
double_cold,2,inner_train_positive,180,43,1
double_cold,2,inner_train_positive,180,148,1
double_cold,2,inner_train_positive,180,83,1
double_cold,2,inner_train_positive,180,101,1
double_cold,2,inner_train_positive,180,74,1
double_cold,2,inner_train_positive,180,201,1
double_cold,2,inner_train_positive,182,55,1
double_cold,2,inner_train_positive,182,89,1
double_cold,2,inner_train_positive,182,3,1
double_cold,2,inner_train_positive,182,103,1
double_cold,2,inner_train_positive,182,205,1
double_cold,2,inner_train_positive,182,123,1
double_cold,2,inner_train_positive,182,177,1
double_cold,2,inner_train_positive,182,137,1
double_cold,2,inner_train_positive,182,7,1
double_cold,2,inner_train_positive,182,139,1
double_cold,2,inner_train_positive,182,68,1
double_cold,2,inner_train_positive,182,67,1
double_cold,2,inner_train_positive,182,185,1
double_cold,2,inner_train_positive,182,124,1
double_cold,2,inner_train_positive,183,89,1
double_cold,2,inner_train_positive,183,21,1
double_cold,2,inner_train_positive,183,214,1
double_cold,2,inner_train_positive,183,177,1
double_cold,2,inner_train_positive,183,67,1
double_cold,2,inner_train_positive,183,55,1
double_cold,2,inner_train_positive,183,103,1
double_cold,2,inner_train_positive,183,7,1
double_cold,2,inner_train_positive,183,44,1
double_cold,2,inner_train_positive,183,205,1
double_cold,2,inner_train_positive,183,123,1
double_cold,2,inner_train_positive,183,3,1
double_cold,2,inner_train_positive,183,74,1
double_cold,2,inner_train_positive,183,41,1
double_cold,2,inner_train_positive,183,13,1
double_cold,2,inner_train_positive,183,185,1
double_cold,2,inner_train_positive,183,90,1
double_cold,2,inner_train_positive,183,43,1
double_cold,2,inner_train_positive,183,197,1
double_cold,2,inner_train_positive,183,124,1
double_cold,2,inner_train_positive,183,142,1
double_cold,2,inner_train_positive,183,148,1
double_cold,2,inner_train_positive,183,151,1
double_cold,2,inner_train_positive,183,16,1
double_cold,2,inner_train_positive,183,161,1
double_cold,2,inner_train_positive,184,103,1
double_cold,2,inner_train_positive,184,68,1
double_cold,2,inner_train_positive,184,89,1
double_cold,2,inner_train_positive,184,41,1
double_cold,2,inner_train_positive,184,101,1
double_cold,2,inner_train_positive,184,148,1
double_cold,2,inner_train_positive,184,7,1
double_cold,2,inner_train_positive,185,89,1
double_cold,2,inner_train_positive,185,123,1
double_cold,2,inner_train_positive,185,44,1
double_cold,2,inner_train_positive,185,177,1
double_cold,2,inner_train_positive,185,67,1
double_cold,2,inner_train_positive,185,3,1
double_cold,2,inner_train_positive,185,103,1
double_cold,2,inner_train_positive,185,41,1
double_cold,2,inner_train_positive,185,7,1
double_cold,2,inner_train_positive,185,55,1
double_cold,2,inner_train_positive,185,12,1
double_cold,2,inner_train_positive,185,58,1
double_cold,2,inner_train_positive,185,137,1
double_cold,2,inner_train_positive,185,161,1
double_cold,2,inner_train_positive,185,201,1
double_cold,2,inner_train_positive,187,89,1
double_cold,2,inner_train_positive,187,46,1
double_cold,2,inner_train_positive,187,21,1
double_cold,2,inner_train_positive,187,103,1
double_cold,2,inner_train_positive,187,3,1
double_cold,2,inner_train_positive,187,55,1
double_cold,2,inner_train_positive,187,7,1
double_cold,2,inner_train_positive,187,73,1
double_cold,2,inner_train_positive,187,67,1
double_cold,2,inner_train_positive,187,90,1
double_cold,2,inner_train_positive,187,148,1
double_cold,2,inner_train_positive,188,89,1
double_cold,2,inner_train_positive,188,21,1
double_cold,2,inner_train_positive,188,103,1
double_cold,2,inner_train_positive,188,74,1
double_cold,2,inner_train_positive,188,78,1
double_cold,2,inner_train_positive,188,7,1
double_cold,2,inner_train_positive,188,123,1
double_cold,2,inner_train_positive,188,141,1
double_cold,2,inner_train_positive,188,137,1
double_cold,2,inner_train_positive,188,201,1
double_cold,2,inner_train_positive,189,55,1
double_cold,2,inner_train_positive,189,148,1
double_cold,2,inner_train_positive,190,67,1
double_cold,2,inner_train_positive,190,103,1
double_cold,2,inner_train_positive,191,89,1
double_cold,2,inner_train_positive,191,7,1
double_cold,2,inner_train_positive,191,103,1
double_cold,2,inner_train_positive,191,123,1
double_cold,2,inner_train_positive,191,3,1
double_cold,2,inner_train_positive,191,55,1
double_cold,2,inner_train_positive,191,67,1
double_cold,2,inner_train_positive,191,68,1
double_cold,2,inner_train_positive,191,124,1
double_cold,2,inner_train_positive,191,43,1
double_cold,2,inner_train_positive,191,74,1
double_cold,2,inner_train_positive,191,148,1
double_cold,2,inner_train_positive,191,90,1
double_cold,2,inner_train_positive,191,177,1
double_cold,2,inner_train_positive,191,142,1
double_cold,2,inner_train_positive,191,201,1
double_cold,2,inner_train_positive,604,103,1
double_cold,2,inner_train_positive,604,55,1
double_cold,2,inner_train_positive,605,55,1
double_cold,2,inner_train_positive,606,67,1
double_cold,2,inner_train_positive,195,89,1
double_cold,2,inner_train_positive,195,3,1
double_cold,2,inner_train_positive,195,41,1
double_cold,2,inner_train_positive,195,78,1
double_cold,2,inner_train_positive,195,139,1
double_cold,2,inner_train_positive,195,123,1
double_cold,2,inner_train_positive,195,103,1
double_cold,2,inner_train_positive,195,67,1
double_cold,2,inner_train_positive,196,103,1
double_cold,2,inner_train_positive,196,89,1
double_cold,2,inner_train_positive,196,55,1
double_cold,2,inner_train_positive,196,67,1
double_cold,2,inner_train_positive,196,41,1
double_cold,2,inner_train_positive,196,123,1
double_cold,2,inner_train_positive,196,7,1
double_cold,2,inner_train_positive,196,148,1
double_cold,2,inner_train_positive,196,90,1
double_cold,2,inner_train_positive,196,177,1
double_cold,2,inner_train_positive,196,74,1
double_cold,2,inner_train_positive,196,16,1
double_cold,2,inner_train_positive,197,89,1
double_cold,2,inner_train_positive,197,164,1
double_cold,2,inner_train_positive,197,103,1
double_cold,2,inner_train_positive,197,7,1
double_cold,2,inner_train_positive,197,123,1
double_cold,2,inner_train_positive,197,177,1
double_cold,2,inner_train_positive,197,67,1
double_cold,2,inner_train_positive,197,148,1
double_cold,2,inner_train_positive,197,101,1
double_cold,2,inner_train_positive,197,55,1
double_cold,2,inner_train_positive,197,68,1
double_cold,2,inner_train_positive,197,150,1
double_cold,2,inner_train_positive,197,74,1
double_cold,2,inner_train_positive,198,103,1
double_cold,2,inner_train_positive,198,89,1
double_cold,2,inner_train_positive,198,21,1
double_cold,2,inner_train_positive,198,74,1
double_cold,2,inner_train_positive,198,7,1
double_cold,2,inner_train_positive,200,67,1
double_cold,2,inner_train_positive,200,103,1
double_cold,2,inner_train_positive,200,68,1
double_cold,2,inner_train_positive,200,41,1
double_cold,2,inner_train_positive,200,7,1
double_cold,2,inner_train_positive,200,55,1
double_cold,2,inner_train_positive,200,89,1
double_cold,2,inner_train_positive,200,114,1
double_cold,2,inner_train_positive,200,90,1
double_cold,2,inner_train_positive,200,177,1
double_cold,2,inner_train_positive,200,123,1
double_cold,2,inner_train_positive,200,140,1
double_cold,2,inner_train_positive,200,101,1
double_cold,2,inner_train_positive,200,148,1
double_cold,2,inner_train_positive,200,142,1
double_cold,2,inner_train_positive,201,74,1
double_cold,2,inner_train_positive,201,103,1
double_cold,2,inner_train_positive,202,41,1
double_cold,2,inner_train_positive,203,21,1
double_cold,2,inner_train_positive,203,89,1
double_cold,2,inner_train_positive,203,7,1
double_cold,2,inner_train_positive,203,103,1
double_cold,2,inner_train_positive,203,74,1
double_cold,2,inner_train_positive,205,89,1
double_cold,2,inner_train_positive,205,123,1
double_cold,2,inner_train_positive,205,21,1
double_cold,2,inner_train_positive,205,103,1
double_cold,2,inner_train_positive,205,67,1
double_cold,2,inner_train_positive,205,199,1
double_cold,2,inner_train_positive,205,55,1
double_cold,2,inner_train_positive,205,26,1
double_cold,2,inner_train_positive,205,177,1
double_cold,2,inner_train_positive,205,7,1
double_cold,2,inner_train_positive,205,43,1
double_cold,2,inner_train_positive,205,148,1
double_cold,2,inner_train_positive,205,41,1
double_cold,2,inner_train_positive,205,74,1
double_cold,2,inner_train_positive,205,101,1
double_cold,2,inner_train_positive,205,16,1
double_cold,2,inner_train_positive,205,142,1
double_cold,2,inner_train_positive,205,6,1
double_cold,2,inner_train_positive,206,89,1
double_cold,2,inner_train_positive,206,123,1
double_cold,2,inner_train_positive,206,103,1
double_cold,2,inner_train_positive,206,67,1
double_cold,2,inner_train_positive,206,177,1
double_cold,2,inner_train_positive,206,7,1
double_cold,2,inner_train_positive,206,55,1
double_cold,2,inner_train_positive,206,3,1
double_cold,2,inner_train_positive,206,74,1
double_cold,2,inner_train_positive,206,43,1
double_cold,2,inner_train_positive,206,101,1
double_cold,2,inner_train_positive,206,148,1
double_cold,2,inner_train_positive,206,16,1
double_cold,2,inner_train_positive,206,142,1
double_cold,2,inner_train_positive,207,103,1
double_cold,2,inner_train_positive,207,7,1
double_cold,2,inner_train_positive,207,89,1
double_cold,2,inner_train_positive,207,176,1
double_cold,2,inner_train_positive,207,67,1
double_cold,2,inner_train_positive,207,39,1
double_cold,2,inner_train_positive,207,47,1
double_cold,2,inner_train_positive,207,55,1
double_cold,2,inner_train_positive,207,41,1
double_cold,2,inner_train_positive,207,3,1
double_cold,2,inner_train_positive,207,74,1
double_cold,2,inner_train_positive,207,95,1
double_cold,2,inner_train_positive,207,177,1
double_cold,2,inner_train_positive,207,144,1
double_cold,2,inner_train_positive,611,89,1
double_cold,2,inner_train_positive,611,67,1
double_cold,2,inner_train_positive,612,67,1
double_cold,2,inner_train_positive,612,41,1
double_cold,2,inner_train_positive,209,89,1
double_cold,2,inner_train_positive,209,103,1
double_cold,2,inner_train_positive,209,90,1
double_cold,2,inner_train_positive,209,177,1
double_cold,2,inner_train_positive,209,176,1
double_cold,2,inner_train_positive,209,68,1
double_cold,2,inner_train_positive,209,7,1
double_cold,2,inner_train_positive,209,67,1
double_cold,2,inner_train_positive,209,55,1
double_cold,2,inner_train_positive,209,179,1
double_cold,2,inner_train_positive,209,148,1
double_cold,2,inner_train_positive,209,101,1
double_cold,2,inner_train_positive,209,114,1
double_cold,2,inner_train_positive,209,16,1
double_cold,2,inner_train_positive,209,74,1
double_cold,2,inner_train_positive,210,89,1
double_cold,2,inner_train_positive,210,67,1
double_cold,2,inner_train_positive,210,68,1
double_cold,2,inner_train_positive,210,150,1
double_cold,2,inner_train_positive,210,177,1
double_cold,2,inner_train_positive,210,103,1
double_cold,2,inner_train_positive,210,7,1
double_cold,2,inner_train_positive,210,123,1
double_cold,2,inner_train_positive,210,55,1
double_cold,2,inner_train_positive,210,16,1
double_cold,2,inner_train_positive,211,123,1
double_cold,2,inner_train_positive,211,3,1
double_cold,2,inner_train_positive,211,7,1
double_cold,2,inner_train_positive,211,103,1
double_cold,2,inner_train_positive,211,68,1
double_cold,2,inner_train_positive,211,67,1
double_cold,2,inner_train_positive,211,55,1
double_cold,2,inner_train_positive,211,179,1
double_cold,2,inner_train_positive,211,101,1
double_cold,2,inner_train_positive,211,148,1
double_cold,2,inner_train_positive,211,177,1
double_cold,2,inner_train_positive,211,16,1
double_cold,2,inner_train_positive,213,89,1
double_cold,2,inner_train_positive,213,21,1
double_cold,2,inner_train_positive,213,3,1
double_cold,2,inner_train_positive,213,7,1
double_cold,2,inner_train_positive,213,67,1
double_cold,2,inner_train_positive,213,41,1
double_cold,2,inner_train_positive,213,103,1
double_cold,2,inner_train_positive,213,123,1
double_cold,2,inner_train_positive,213,142,1
double_cold,2,inner_train_positive,213,55,1
double_cold,2,inner_train_positive,214,68,1
double_cold,2,inner_train_positive,214,7,1
double_cold,2,inner_train_positive,214,103,1
double_cold,2,inner_train_positive,214,90,1
double_cold,2,inner_train_positive,214,177,1
double_cold,2,inner_train_positive,214,89,1
double_cold,2,inner_train_positive,214,176,1
double_cold,2,inner_train_positive,214,3,1
double_cold,2,inner_train_positive,214,123,1
double_cold,2,inner_train_positive,214,67,1
double_cold,2,inner_train_positive,214,41,1
double_cold,2,inner_train_positive,214,179,1
double_cold,2,inner_train_positive,214,101,1
double_cold,2,inner_train_positive,214,148,1
double_cold,2,inner_train_positive,214,55,1
double_cold,2,inner_train_positive,214,74,1
double_cold,2,inner_train_positive,215,8,1
double_cold,2,inner_train_positive,215,97,1
double_cold,2,inner_train_positive,215,89,1
double_cold,2,inner_train_positive,215,103,1
double_cold,2,inner_train_positive,215,177,1
double_cold,2,inner_train_positive,215,7,1
double_cold,2,inner_train_positive,215,67,1
double_cold,2,inner_train_positive,215,205,1
double_cold,2,inner_train_positive,215,55,1
double_cold,2,inner_train_positive,215,3,1
double_cold,2,inner_train_positive,215,148,1
double_cold,2,inner_train_positive,215,68,1
double_cold,2,inner_train_positive,215,123,1
double_cold,2,inner_train_positive,215,142,1
double_cold,2,inner_train_positive,215,74,1
double_cold,2,inner_train_positive,215,172,1
double_cold,2,inner_train_positive,216,103,1
double_cold,2,inner_train_positive,216,67,1
double_cold,2,inner_train_positive,217,89,1
double_cold,2,inner_train_positive,217,21,1
double_cold,2,inner_train_positive,217,67,1
double_cold,2,inner_train_positive,217,55,1
double_cold,2,inner_train_positive,217,73,1
double_cold,2,inner_train_positive,217,124,1
double_cold,2,inner_train_positive,217,103,1
double_cold,2,inner_train_positive,219,103,1
double_cold,2,inner_train_positive,219,177,1
double_cold,2,inner_train_positive,219,7,1
double_cold,2,inner_train_positive,219,89,1
double_cold,2,inner_train_positive,219,41,1
double_cold,2,inner_train_positive,219,67,1
double_cold,2,inner_train_positive,219,55,1
double_cold,2,inner_train_positive,220,89,1
double_cold,2,inner_train_positive,220,176,1
double_cold,2,inner_train_positive,220,177,1
double_cold,2,inner_train_positive,220,103,1
double_cold,2,inner_train_positive,220,67,1
double_cold,2,inner_train_positive,222,89,1
double_cold,2,inner_train_positive,222,21,1
double_cold,2,inner_train_positive,222,67,1
double_cold,2,inner_train_positive,222,7,1
double_cold,2,inner_train_positive,222,103,1
double_cold,2,inner_train_positive,222,3,1
double_cold,2,inner_train_positive,223,103,1
double_cold,2,inner_train_positive,224,89,1
double_cold,2,inner_train_positive,224,68,1
double_cold,2,inner_train_positive,224,103,1
double_cold,2,inner_train_positive,224,67,1
double_cold,2,inner_train_positive,224,199,1
double_cold,2,inner_train_positive,224,55,1
double_cold,2,inner_train_positive,224,3,1
double_cold,2,inner_train_positive,224,124,1
double_cold,2,inner_train_positive,224,123,1
double_cold,2,inner_train_positive,224,74,1
double_cold,2,inner_train_positive,224,82,1
double_cold,2,inner_train_positive,224,100,1
double_cold,2,inner_train_positive,224,140,1
double_cold,2,inner_train_positive,224,197,1
double_cold,2,inner_train_positive,224,7,1
double_cold,2,inner_train_positive,224,50,1
double_cold,2,inner_train_positive,224,142,1
double_cold,2,inner_train_positive,225,89,1
double_cold,2,inner_train_positive,225,68,1
double_cold,2,inner_train_positive,225,103,1
double_cold,2,inner_train_positive,225,67,1
double_cold,2,inner_train_positive,225,41,1
double_cold,2,inner_train_positive,225,123,1
double_cold,2,inner_train_positive,225,55,1
double_cold,2,inner_train_positive,225,7,1
double_cold,2,inner_train_positive,225,203,1
double_cold,2,inner_train_positive,225,124,1
double_cold,2,inner_train_positive,225,74,1
double_cold,2,inner_train_positive,225,148,1
double_cold,2,inner_train_positive,225,142,1
double_cold,2,inner_train_positive,225,137,1
double_cold,2,inner_train_positive,225,197,1
double_cold,2,inner_train_positive,225,95,1
double_cold,2,inner_train_positive,226,89,1
double_cold,2,inner_train_positive,226,21,1
double_cold,2,inner_train_positive,226,68,1
double_cold,2,inner_train_positive,226,7,1
double_cold,2,inner_train_positive,226,103,1
double_cold,2,inner_train_positive,226,67,1
double_cold,2,inner_train_positive,226,55,1
double_cold,2,inner_train_positive,226,3,1
double_cold,2,inner_train_positive,226,41,1
double_cold,2,inner_train_positive,226,137,1
double_cold,2,inner_train_positive,226,123,1
double_cold,2,inner_train_positive,226,197,1
double_cold,2,inner_train_positive,228,89,1
double_cold,2,inner_train_positive,228,55,1
double_cold,2,inner_train_positive,228,3,1
double_cold,2,inner_train_positive,228,7,1
double_cold,2,inner_train_positive,228,41,1
double_cold,2,inner_train_positive,228,103,1
double_cold,2,inner_train_positive,228,124,1
double_cold,2,inner_train_positive,228,67,1
double_cold,2,inner_train_positive,228,148,1
double_cold,2,inner_train_positive,228,142,1
double_cold,2,inner_train_positive,228,28,1
double_cold,2,inner_train_positive,228,123,1
double_cold,2,inner_train_positive,228,101,1
double_cold,2,inner_train_positive,228,74,1
double_cold,2,inner_train_positive,230,89,1
double_cold,2,inner_train_positive,230,21,1
double_cold,2,inner_train_positive,230,103,1
double_cold,2,inner_train_positive,230,98,1
double_cold,2,inner_train_positive,230,41,1
double_cold,2,inner_train_positive,230,67,1
double_cold,2,inner_train_positive,233,103,1
double_cold,2,inner_train_positive,233,90,1
double_cold,2,inner_train_positive,233,139,1
double_cold,2,inner_train_positive,233,148,1
double_cold,2,inner_train_positive,235,74,1
double_cold,2,inner_train_positive,238,67,1
double_cold,2,inner_train_positive,238,90,1
double_cold,2,inner_train_positive,238,103,1
double_cold,2,inner_train_positive,238,89,1
double_cold,2,inner_train_positive,238,177,1
double_cold,2,inner_train_positive,238,176,1
double_cold,2,inner_train_positive,238,41,1
double_cold,2,inner_train_positive,238,123,1
double_cold,2,inner_train_positive,238,7,1
double_cold,2,inner_train_positive,238,68,1
double_cold,2,inner_train_positive,238,151,1
double_cold,2,inner_train_positive,239,68,1
double_cold,2,inner_train_positive,239,103,1
double_cold,2,inner_train_positive,239,3,1
double_cold,2,inner_train_positive,239,89,1
double_cold,2,inner_train_positive,239,7,1
double_cold,2,inner_train_positive,239,78,1
double_cold,2,inner_train_positive,239,10,1
double_cold,2,inner_train_positive,239,55,1
double_cold,2,inner_train_positive,239,139,1
double_cold,2,inner_train_positive,239,123,1
double_cold,2,inner_train_positive,239,67,1
double_cold,2,inner_train_positive,239,142,1
double_cold,2,inner_train_positive,240,89,1
double_cold,2,inner_train_positive,240,21,1
double_cold,2,inner_train_positive,240,103,1
double_cold,2,inner_train_positive,240,3,1
double_cold,2,inner_train_positive,240,7,1
double_cold,2,inner_train_positive,240,55,1
double_cold,2,inner_train_positive,240,41,1
double_cold,2,inner_train_positive,240,67,1
double_cold,2,inner_train_positive,240,123,1
double_cold,2,inner_train_positive,240,142,1
double_cold,2,inner_train_positive,241,89,1
double_cold,2,inner_train_positive,241,21,1
double_cold,2,inner_train_positive,241,205,1
double_cold,2,inner_train_positive,241,103,1
double_cold,2,inner_train_positive,241,3,1
double_cold,2,inner_train_positive,241,7,1
double_cold,2,inner_train_positive,241,68,1
double_cold,2,inner_train_positive,241,177,1
double_cold,2,inner_train_positive,241,124,1
double_cold,2,inner_train_positive,241,55,1
double_cold,2,inner_train_positive,241,176,1
double_cold,2,inner_train_positive,241,67,1
double_cold,2,inner_train_positive,241,123,1
double_cold,2,inner_train_positive,241,74,1
double_cold,2,inner_train_positive,241,50,1
double_cold,2,inner_train_positive,241,142,1
double_cold,2,inner_train_positive,245,55,1
double_cold,2,inner_train_positive,245,103,1
double_cold,2,inner_train_positive,245,7,1
double_cold,2,inner_train_positive,245,67,1
double_cold,2,inner_train_positive,246,103,1
double_cold,2,inner_train_positive,246,3,1
double_cold,2,inner_train_positive,246,89,1
double_cold,2,inner_train_positive,246,67,1
double_cold,2,inner_train_positive,246,7,1
double_cold,2,inner_train_positive,247,89,1
double_cold,2,inner_train_positive,247,7,1
double_cold,2,inner_train_positive,247,55,1
double_cold,2,inner_train_positive,247,3,1
double_cold,2,inner_train_positive,247,161,1
double_cold,2,inner_train_positive,248,103,1
double_cold,2,inner_train_positive,249,123,1
double_cold,2,inner_train_positive,249,139,1
double_cold,2,inner_train_positive,249,103,1
double_cold,2,inner_train_positive,250,123,1
double_cold,2,inner_train_positive,250,103,1
double_cold,2,inner_train_positive,250,74,1
double_cold,2,inner_train_positive,250,67,1
double_cold,2,inner_train_positive,250,7,1
double_cold,2,inner_train_positive,250,55,1
double_cold,2,inner_train_positive,251,103,1
double_cold,2,inner_train_positive,251,68,1
double_cold,2,inner_train_positive,251,89,1
double_cold,2,inner_train_positive,251,139,1
double_cold,2,inner_train_positive,251,67,1
double_cold,2,inner_train_positive,251,7,1
double_cold,2,inner_train_positive,251,137,1
double_cold,2,inner_train_positive,251,129,1
double_cold,2,inner_train_positive,251,148,1
double_cold,2,inner_train_positive,251,101,1
double_cold,2,inner_train_positive,251,55,1
double_cold,2,inner_train_positive,251,43,1
double_cold,2,inner_train_positive,251,177,1
double_cold,2,inner_train_positive,252,89,1
double_cold,2,inner_train_positive,252,205,1
double_cold,2,inner_train_positive,252,7,1
double_cold,2,inner_train_positive,252,78,1
double_cold,2,inner_train_positive,252,103,1
double_cold,2,inner_train_positive,252,55,1
double_cold,2,inner_train_positive,252,74,1
double_cold,2,inner_train_positive,252,3,1
double_cold,2,inner_train_positive,252,139,1
double_cold,2,inner_train_positive,252,142,1
double_cold,2,inner_train_positive,252,148,1
double_cold,2,inner_train_positive,252,67,1
double_cold,2,inner_train_positive,252,123,1
double_cold,2,inner_train_positive,253,89,1
double_cold,2,inner_train_positive,253,103,1
double_cold,2,inner_train_positive,253,7,1
double_cold,2,inner_train_positive,255,55,1
double_cold,2,inner_train_positive,256,89,1
double_cold,2,inner_train_positive,256,67,1
double_cold,2,inner_train_positive,256,21,1
double_cold,2,inner_train_positive,256,123,1
double_cold,2,inner_train_positive,256,103,1
double_cold,2,inner_train_positive,256,7,1
double_cold,2,inner_train_positive,256,55,1
double_cold,2,inner_train_positive,256,74,1
double_cold,2,inner_train_positive,256,36,1
double_cold,2,inner_train_positive,258,67,1
double_cold,2,inner_train_positive,258,177,1
double_cold,2,inner_train_positive,258,44,1
double_cold,2,inner_train_positive,258,103,1
double_cold,2,inner_train_positive,258,89,1
double_cold,2,inner_train_positive,258,41,1
double_cold,2,inner_train_positive,258,139,1
double_cold,2,inner_train_positive,258,123,1
double_cold,2,inner_train_positive,258,61,1
double_cold,2,inner_train_positive,258,74,1
double_cold,2,inner_train_positive,258,55,1
double_cold,2,inner_train_positive,258,7,1
double_cold,2,inner_train_positive,258,50,1
double_cold,2,inner_train_positive,258,124,1
double_cold,2,inner_train_positive,261,103,1
double_cold,2,inner_train_positive,261,41,1
double_cold,2,inner_train_positive,261,89,1
double_cold,2,inner_train_positive,261,97,1
double_cold,2,inner_train_positive,262,123,1
double_cold,2,inner_train_positive,262,101,1
double_cold,2,inner_train_positive,262,148,1
double_cold,2,inner_train_positive,263,89,1
double_cold,2,inner_train_positive,263,3,1
double_cold,2,inner_train_positive,263,21,1
double_cold,2,inner_train_positive,263,123,1
double_cold,2,inner_train_positive,263,103,1
double_cold,2,inner_train_positive,263,7,1
double_cold,2,inner_train_positive,263,55,1
double_cold,2,inner_train_positive,263,43,1
double_cold,2,inner_train_positive,263,67,1
double_cold,2,inner_train_positive,264,89,1
double_cold,2,inner_train_positive,264,21,1
double_cold,2,inner_train_positive,264,103,1
double_cold,2,inner_train_positive,264,177,1
double_cold,2,inner_train_positive,264,34,1
double_cold,2,inner_train_positive,264,55,1
double_cold,2,inner_train_positive,264,7,1
double_cold,2,inner_train_positive,264,41,1
double_cold,2,inner_train_positive,264,139,1
double_cold,2,inner_train_positive,264,179,1
double_cold,2,inner_train_positive,264,142,1
double_cold,2,inner_train_positive,265,89,1
double_cold,2,inner_train_positive,265,21,1
double_cold,2,inner_train_positive,265,55,1
double_cold,2,inner_train_positive,265,103,1
double_cold,2,inner_train_positive,265,3,1
double_cold,2,inner_train_positive,265,123,1
double_cold,2,inner_train_positive,266,123,1
double_cold,2,inner_train_positive,266,103,1
double_cold,2,inner_train_positive,266,3,1
double_cold,2,inner_train_positive,266,74,1
double_cold,2,inner_train_positive,266,55,1
double_cold,2,inner_train_positive,266,71,1
double_cold,2,inner_train_positive,266,191,1
double_cold,2,inner_train_positive,268,41,1
double_cold,2,inner_train_positive,268,123,1
double_cold,2,inner_train_positive,268,89,1
double_cold,2,inner_train_positive,268,137,1
double_cold,2,inner_train_positive,268,103,1
double_cold,2,inner_train_positive,629,89,1
double_cold,2,inner_train_positive,629,21,1
double_cold,2,inner_train_positive,629,103,1
double_cold,2,inner_train_positive,629,74,1
double_cold,2,inner_train_positive,629,123,1
double_cold,2,inner_train_positive,629,55,1
double_cold,2,inner_train_positive,629,7,1
double_cold,2,inner_train_positive,629,68,1
double_cold,2,inner_train_positive,629,67,1
double_cold,2,inner_train_positive,629,142,1
double_cold,2,inner_train_positive,269,103,1
double_cold,2,inner_train_positive,269,67,1
double_cold,2,inner_train_positive,269,7,1
double_cold,2,inner_train_positive,269,55,1
double_cold,2,inner_train_positive,269,3,1
double_cold,2,inner_train_positive,269,142,1
double_cold,2,inner_train_positive,269,148,1
double_cold,2,inner_train_positive,269,89,1
double_cold,2,inner_train_positive,269,123,1
double_cold,2,inner_train_positive,270,89,1
double_cold,2,inner_train_positive,270,186,1
double_cold,2,inner_train_positive,270,21,1
double_cold,2,inner_train_positive,270,67,1
double_cold,2,inner_train_positive,270,7,1
double_cold,2,inner_train_positive,270,103,1
double_cold,2,inner_train_positive,270,176,1
double_cold,2,inner_train_positive,270,55,1
double_cold,2,inner_train_positive,270,3,1
double_cold,2,inner_train_positive,270,123,1
double_cold,2,inner_train_positive,270,177,1
double_cold,2,inner_train_positive,270,74,1
double_cold,2,inner_train_positive,270,30,1
double_cold,2,inner_train_positive,270,68,1
double_cold,2,inner_train_positive,270,148,1
double_cold,2,inner_train_positive,270,90,1
double_cold,2,inner_train_positive,270,99,1
double_cold,2,inner_train_positive,270,77,1
double_cold,2,inner_train_positive,270,142,1
double_cold,2,inner_train_positive,270,43,1
double_cold,2,inner_train_positive,270,129,1
double_cold,2,inner_train_positive,270,73,1
double_cold,2,inner_train_positive,270,198,1
double_cold,2,inner_train_positive,270,101,1
double_cold,2,inner_train_positive,270,65,1
double_cold,2,inner_train_positive,270,70,1
double_cold,2,inner_train_positive,270,173,1
double_cold,2,inner_train_positive,271,67,1
double_cold,2,inner_train_positive,271,179,1
double_cold,2,inner_train_positive,271,103,1
double_cold,2,inner_train_positive,271,3,1
double_cold,2,inner_train_positive,272,101,1
double_cold,2,inner_train_positive,272,148,1
double_cold,2,inner_train_positive,272,103,1
double_cold,2,inner_train_positive,272,16,1
double_cold,2,inner_train_positive,272,67,1
double_cold,2,inner_train_positive,272,7,1
double_cold,2,inner_train_positive,273,89,1
double_cold,2,inner_train_positive,273,41,1
double_cold,2,inner_train_positive,273,67,1
double_cold,2,inner_train_positive,273,103,1
double_cold,2,inner_train_positive,273,150,1
double_cold,2,inner_train_positive,273,55,1
double_cold,2,inner_train_positive,273,90,1
double_cold,2,inner_train_positive,273,3,1
double_cold,2,inner_train_positive,273,18,1
double_cold,2,inner_train_positive,273,101,1
double_cold,2,inner_train_positive,273,148,1
double_cold,2,inner_train_positive,276,67,1
double_cold,2,inner_train_positive,276,103,1
double_cold,2,inner_train_positive,277,89,1
double_cold,2,inner_train_positive,277,103,1
double_cold,2,inner_train_positive,277,7,1
double_cold,2,inner_train_positive,277,55,1
double_cold,2,inner_train_positive,277,41,1
double_cold,2,inner_train_positive,277,139,1
double_cold,2,inner_train_positive,277,67,1
double_cold,2,inner_train_positive,277,161,1
double_cold,2,inner_train_positive,278,67,1
double_cold,2,inner_train_positive,278,3,1
double_cold,2,inner_train_positive,278,103,1
double_cold,2,inner_train_positive,278,123,1
double_cold,2,inner_train_positive,278,7,1
double_cold,2,inner_train_positive,278,55,1
double_cold,2,inner_train_positive,278,101,1
double_cold,2,inner_train_positive,278,148,1
double_cold,2,inner_train_positive,278,144,1
double_cold,2,inner_train_positive,280,89,1
double_cold,2,inner_train_positive,280,21,1
double_cold,2,inner_train_positive,280,67,1
double_cold,2,inner_train_positive,280,74,1
double_cold,2,inner_train_positive,282,103,1
double_cold,2,inner_train_positive,282,55,1
double_cold,2,inner_train_positive,283,103,1
double_cold,2,inner_train_positive,283,21,1
double_cold,2,inner_train_positive,283,89,1
double_cold,2,inner_train_positive,283,7,1
double_cold,2,inner_train_positive,283,55,1
double_cold,2,inner_train_positive,283,139,1
double_cold,2,inner_train_positive,283,144,1
double_cold,2,inner_train_positive,284,3,1
double_cold,2,inner_train_positive,284,205,1
double_cold,2,inner_train_positive,284,103,1
double_cold,2,inner_train_positive,284,55,1
double_cold,2,inner_train_positive,284,7,1
double_cold,2,inner_train_positive,284,89,1
double_cold,2,inner_train_positive,284,12,1
double_cold,2,inner_train_positive,284,67,1
double_cold,2,inner_train_positive,286,205,1
double_cold,2,inner_train_positive,286,103,1
double_cold,2,inner_train_positive,286,7,1
double_cold,2,inner_train_positive,286,89,1
double_cold,2,inner_train_positive,286,55,1
double_cold,2,inner_train_positive,286,148,1
double_cold,2,inner_train_positive,286,101,1
double_cold,2,inner_train_positive,286,124,1
double_cold,2,inner_train_positive,286,12,1
double_cold,2,inner_train_positive,286,67,1
double_cold,2,inner_train_positive,286,139,1
double_cold,2,inner_train_positive,286,3,1
double_cold,2,inner_train_positive,289,123,1
double_cold,2,inner_train_positive,289,103,1
double_cold,2,inner_train_positive,289,55,1
double_cold,2,inner_train_positive,289,7,1
double_cold,2,inner_train_positive,289,53,1
double_cold,2,inner_train_positive,289,179,1
double_cold,2,inner_train_positive,289,67,1
double_cold,2,inner_train_positive,289,148,1
double_cold,2,inner_train_positive,289,101,1
double_cold,2,inner_train_positive,289,74,1
double_cold,2,inner_train_positive,292,67,1
double_cold,2,inner_train_positive,292,89,1
double_cold,2,inner_train_positive,293,89,1
double_cold,2,inner_train_positive,293,21,1
double_cold,2,inner_train_positive,293,103,1
double_cold,2,inner_train_positive,293,67,1
double_cold,2,inner_train_positive,293,41,1
double_cold,2,inner_train_positive,295,69,1
double_cold,2,inner_train_positive,295,123,1
double_cold,2,inner_train_positive,295,103,1
double_cold,2,inner_train_positive,295,41,1
double_cold,2,inner_train_positive,295,74,1
double_cold,2,inner_train_positive,295,142,1
double_cold,2,inner_train_positive,295,148,1
double_cold,2,inner_train_positive,295,101,1
double_cold,2,inner_train_positive,295,89,1
double_cold,2,inner_train_positive,295,67,1
double_cold,2,inner_train_positive,296,89,1
double_cold,2,inner_train_positive,296,42,1
double_cold,2,inner_train_positive,296,103,1
double_cold,2,inner_train_positive,296,67,1
double_cold,2,inner_train_positive,296,7,1
double_cold,2,inner_train_positive,296,142,1
double_cold,2,inner_train_positive,296,148,1
double_cold,2,inner_train_positive,296,41,1
double_cold,2,inner_train_positive,296,144,1
double_cold,2,inner_train_positive,296,74,1
double_cold,2,inner_train_positive,630,3,1
double_cold,2,inner_train_positive,630,7,1
double_cold,2,inner_train_positive,630,89,1
double_cold,2,inner_train_positive,630,67,1
double_cold,2,inner_train_positive,630,103,1
double_cold,2,inner_train_positive,630,41,1
double_cold,2,inner_train_positive,298,89,1
double_cold,2,inner_train_positive,298,68,1
double_cold,2,inner_train_positive,298,103,1
double_cold,2,inner_train_positive,298,41,1
double_cold,2,inner_train_positive,298,67,1
double_cold,2,inner_train_positive,298,142,1
double_cold,2,inner_train_positive,298,148,1
double_cold,2,inner_train_positive,298,144,1
double_cold,2,inner_train_positive,298,161,1
double_cold,2,inner_train_positive,300,103,1
double_cold,2,inner_train_positive,300,137,1
double_cold,2,inner_train_positive,301,67,1
double_cold,2,inner_train_positive,301,103,1
double_cold,2,inner_train_positive,301,148,1
double_cold,2,inner_train_positive,301,142,1
double_cold,2,inner_train_positive,301,89,1
double_cold,2,inner_train_positive,301,137,1
double_cold,2,inner_train_positive,302,67,1
double_cold,2,inner_train_positive,303,89,1
double_cold,2,inner_train_positive,303,21,1
double_cold,2,inner_train_positive,303,7,1
double_cold,2,inner_train_positive,303,103,1
double_cold,2,inner_train_positive,303,114,1
double_cold,2,inner_train_positive,303,148,1
double_cold,2,inner_train_positive,304,21,1
double_cold,2,inner_train_positive,304,89,1
double_cold,2,inner_train_positive,304,103,1
double_cold,2,inner_train_positive,305,123,1
double_cold,2,inner_train_positive,305,103,1
double_cold,2,inner_train_positive,305,89,1
double_cold,2,inner_train_positive,305,55,1
double_cold,2,inner_train_positive,305,7,1
double_cold,2,inner_train_positive,305,74,1
double_cold,2,inner_train_positive,305,137,1
double_cold,2,inner_train_positive,305,67,1
double_cold,2,inner_train_positive,313,89,1
double_cold,2,inner_train_positive,313,103,1
double_cold,2,inner_train_positive,313,142,1
double_cold,2,inner_train_positive,313,148,1
double_cold,2,inner_train_positive,313,95,1
double_cold,2,inner_train_positive,313,55,1
double_cold,2,inner_train_positive,316,103,1
double_cold,2,inner_train_positive,316,30,1
double_cold,2,inner_train_positive,316,123,1
double_cold,2,inner_train_positive,316,55,1
double_cold,2,inner_train_positive,316,129,1
double_cold,2,inner_train_positive,316,7,1
double_cold,2,inner_train_positive,317,55,1
double_cold,2,inner_train_positive,317,129,1
double_cold,2,inner_train_positive,317,103,1
double_cold,2,inner_train_positive,317,7,1
double_cold,2,inner_train_positive,613,103,1
double_cold,2,inner_train_positive,613,89,1
double_cold,2,inner_train_positive,613,137,1
double_cold,2,inner_train_positive,613,129,1
double_cold,2,inner_train_positive,613,67,1
double_cold,2,inner_train_positive,613,50,1
double_cold,2,inner_train_positive,321,97,1
double_cold,2,inner_train_positive,321,8,1
double_cold,2,inner_train_positive,321,89,1
double_cold,2,inner_train_positive,321,21,1
double_cold,2,inner_train_positive,321,103,1
double_cold,2,inner_train_positive,321,123,1
double_cold,2,inner_train_positive,321,56,1
double_cold,2,inner_train_positive,321,41,1
double_cold,2,inner_train_positive,321,3,1
double_cold,2,inner_train_positive,321,67,1
double_cold,2,inner_train_positive,321,73,1
double_cold,2,inner_train_positive,321,155,1
double_cold,2,inner_train_positive,321,149,1
double_cold,2,inner_train_positive,321,32,1
double_cold,2,inner_train_positive,321,7,1
double_cold,2,inner_train_positive,321,16,1
double_cold,2,inner_train_positive,322,205,1
double_cold,2,inner_train_positive,322,55,1
double_cold,2,inner_train_positive,322,3,1
double_cold,2,inner_train_positive,322,103,1
double_cold,2,inner_train_positive,322,67,1
double_cold,2,inner_train_positive,322,89,1
double_cold,2,inner_train_positive,322,7,1
double_cold,2,inner_train_positive,324,89,1
double_cold,2,inner_train_positive,324,21,1
double_cold,2,inner_train_positive,324,177,1
double_cold,2,inner_train_positive,324,44,1
double_cold,2,inner_train_positive,324,3,1
double_cold,2,inner_train_positive,324,7,1
double_cold,2,inner_train_positive,324,55,1
double_cold,2,inner_train_positive,324,103,1
double_cold,2,inner_train_positive,324,137,1
double_cold,2,inner_train_positive,324,74,1
double_cold,2,inner_train_positive,325,103,1
double_cold,2,inner_train_positive,325,55,1
double_cold,2,inner_train_positive,325,74,1
double_cold,2,inner_train_positive,325,123,1
double_cold,2,inner_train_positive,325,67,1
double_cold,2,inner_train_positive,325,101,1
double_cold,2,inner_train_positive,325,148,1
double_cold,2,inner_train_positive,325,7,1
double_cold,2,inner_train_positive,327,74,1
double_cold,2,inner_train_positive,327,90,1
double_cold,2,inner_train_positive,327,89,1
double_cold,2,inner_train_positive,327,41,1
double_cold,2,inner_train_positive,327,7,1
double_cold,2,inner_train_positive,327,67,1
double_cold,2,inner_train_positive,327,55,1
double_cold,2,inner_train_positive,327,103,1
double_cold,2,inner_train_positive,327,177,1
double_cold,2,inner_train_positive,327,150,1
double_cold,2,inner_train_positive,327,68,1
double_cold,2,inner_train_positive,328,55,1
double_cold,2,inner_train_positive,328,103,1
double_cold,2,inner_train_positive,328,74,1
double_cold,2,inner_train_positive,328,67,1
double_cold,2,inner_train_positive,328,123,1
double_cold,2,inner_train_positive,328,7,1
double_cold,2,inner_train_positive,328,89,1
double_cold,2,inner_train_positive,328,68,1
double_cold,2,inner_train_positive,328,150,1
double_cold,2,inner_train_positive,328,177,1
double_cold,2,inner_train_positive,329,74,1
double_cold,2,inner_train_positive,329,89,1
double_cold,2,inner_train_positive,329,103,1
double_cold,2,inner_train_positive,329,68,1
double_cold,2,inner_train_positive,329,90,1
double_cold,2,inner_train_positive,329,55,1
double_cold,2,inner_train_positive,329,7,1
double_cold,2,inner_train_positive,329,67,1
double_cold,2,inner_train_positive,329,177,1
double_cold,2,inner_train_positive,329,123,1
double_cold,2,inner_train_positive,330,67,1
double_cold,2,inner_train_positive,330,103,1
double_cold,2,inner_train_positive,330,101,1
double_cold,2,inner_train_positive,330,148,1
double_cold,2,inner_train_positive,330,144,1
double_cold,2,inner_train_positive,330,7,1
double_cold,2,inner_train_positive,331,103,1
double_cold,2,inner_train_positive,331,55,1
double_cold,2,inner_train_positive,331,67,1
double_cold,2,inner_train_positive,331,7,1
double_cold,2,inner_train_positive,331,89,1
double_cold,2,inner_train_positive,332,103,1
double_cold,2,inner_train_positive,332,67,1
double_cold,2,inner_train_positive,332,197,1
double_cold,2,inner_train_positive,332,55,1
double_cold,2,inner_train_positive,332,16,1
double_cold,2,inner_train_positive,332,74,1
double_cold,2,inner_train_positive,334,89,1
double_cold,2,inner_train_positive,334,68,1
double_cold,2,inner_train_positive,334,55,1
double_cold,2,inner_train_positive,334,7,1
double_cold,2,inner_train_positive,334,103,1
double_cold,2,inner_train_positive,334,67,1
double_cold,2,inner_train_positive,334,142,1
double_cold,2,inner_train_positive,334,148,1
double_cold,2,inner_train_positive,335,67,1
double_cold,2,inner_train_positive,335,103,1
double_cold,2,inner_train_positive,337,67,1
double_cold,2,inner_train_positive,337,103,1
double_cold,2,inner_train_positive,337,7,1
double_cold,2,inner_train_positive,338,103,1
double_cold,2,inner_train_positive,338,55,1
double_cold,2,inner_train_positive,339,41,1
double_cold,2,inner_train_positive,339,89,1
double_cold,2,inner_train_positive,339,97,1
double_cold,2,inner_train_positive,341,103,1
double_cold,2,inner_train_positive,341,136,1
double_cold,2,inner_train_positive,342,67,1
double_cold,2,inner_train_positive,342,41,1
double_cold,2,inner_train_positive,342,101,1
double_cold,2,inner_train_positive,342,148,1
double_cold,2,inner_train_positive,344,89,1
double_cold,2,inner_train_positive,344,55,1
double_cold,2,inner_train_positive,344,90,1
double_cold,2,inner_train_positive,344,103,1
double_cold,2,inner_train_positive,344,7,1
double_cold,2,inner_train_positive,344,177,1
double_cold,2,inner_train_positive,344,67,1
double_cold,2,inner_train_positive,344,135,1
double_cold,2,inner_train_positive,346,21,1
double_cold,2,inner_train_positive,346,89,1
double_cold,2,inner_train_positive,346,103,1
double_cold,2,inner_train_positive,346,177,1
double_cold,2,inner_train_positive,346,7,1
double_cold,2,inner_train_positive,346,67,1
double_cold,2,inner_train_positive,346,55,1
double_cold,2,inner_train_positive,346,142,1
double_cold,2,inner_train_positive,346,148,1
double_cold,2,inner_train_positive,346,179,1
double_cold,2,inner_train_positive,348,101,1
double_cold,2,inner_train_positive,348,148,1
double_cold,2,inner_train_positive,350,89,1
double_cold,2,inner_train_positive,350,7,1
double_cold,2,inner_train_positive,350,55,1
double_cold,2,inner_train_positive,350,103,1
double_cold,2,inner_train_positive,350,74,1
double_cold,2,inner_train_positive,353,148,1
double_cold,2,inner_train_positive,353,142,1
double_cold,2,inner_train_positive,354,89,1
double_cold,2,inner_train_positive,354,21,1
double_cold,2,inner_train_positive,354,103,1
double_cold,2,inner_train_positive,354,7,1
double_cold,2,inner_train_positive,354,179,1
double_cold,2,inner_train_positive,354,142,1
double_cold,2,inner_train_positive,356,101,1
double_cold,2,inner_train_positive,356,148,1
double_cold,2,inner_train_positive,358,103,1
double_cold,2,inner_train_positive,358,89,1
double_cold,2,inner_train_positive,358,7,1
double_cold,2,inner_train_positive,358,177,1
double_cold,2,inner_train_positive,358,142,1
double_cold,2,inner_train_positive,358,148,1
double_cold,2,inner_train_positive,359,142,1
double_cold,2,inner_train_positive,359,148,1
double_cold,2,inner_train_positive,359,103,1
double_cold,2,inner_train_positive,362,123,1
double_cold,2,inner_train_positive,362,41,1
double_cold,2,inner_train_positive,362,140,1
double_cold,2,inner_train_positive,362,103,1
double_cold,2,inner_train_positive,362,7,1
double_cold,2,inner_train_positive,362,101,1
double_cold,2,inner_train_positive,362,148,1
double_cold,2,inner_train_positive,362,142,1
double_cold,2,inner_train_positive,367,67,1
double_cold,2,inner_train_positive,367,142,1
double_cold,2,inner_train_positive,367,148,1
double_cold,2,inner_train_positive,367,68,1
double_cold,2,inner_train_positive,367,101,1
double_cold,2,inner_train_positive,367,103,1
double_cold,2,inner_train_positive,368,150,1
double_cold,2,inner_train_positive,368,148,1
double_cold,2,inner_train_positive,368,101,1
double_cold,2,inner_train_positive,368,103,1
double_cold,2,inner_train_positive,369,50,1
double_cold,2,inner_train_positive,369,21,1
double_cold,2,inner_train_positive,369,89,1
double_cold,2,inner_train_positive,369,148,1
double_cold,2,inner_train_positive,369,103,1
double_cold,2,inner_train_positive,370,67,1
double_cold,2,inner_train_positive,371,90,1
double_cold,2,inner_train_positive,371,177,1
double_cold,2,inner_train_positive,371,103,1
double_cold,2,inner_train_positive,371,7,1
double_cold,2,inner_train_positive,373,123,1
double_cold,2,inner_train_positive,373,103,1
double_cold,2,inner_train_positive,374,103,1
double_cold,2,inner_train_positive,374,148,1
double_cold,2,inner_train_positive,374,142,1
double_cold,2,inner_train_positive,374,101,1
double_cold,2,inner_train_positive,375,89,1
double_cold,2,inner_train_positive,375,21,1
double_cold,2,inner_train_positive,375,103,1
double_cold,2,inner_train_positive,375,150,1
double_cold,2,inner_train_positive,375,142,1
double_cold,2,inner_train_positive,375,148,1
double_cold,2,inner_train_positive,375,55,1
double_cold,2,inner_train_positive,377,21,1
double_cold,2,inner_train_positive,377,89,1
double_cold,2,inner_train_positive,377,103,1
double_cold,2,inner_train_positive,377,150,1
double_cold,2,inner_train_positive,377,123,1
double_cold,2,inner_train_positive,378,55,1
double_cold,2,inner_train_positive,378,103,1
double_cold,2,inner_train_positive,378,123,1
double_cold,2,inner_train_positive,378,7,1
double_cold,2,inner_train_positive,378,148,1
double_cold,2,inner_train_positive,378,101,1
double_cold,2,inner_train_positive,379,103,1
double_cold,2,inner_train_positive,379,123,1
double_cold,2,inner_train_positive,385,103,1
double_cold,2,inner_train_positive,385,123,1
double_cold,2,inner_train_positive,385,55,1
double_cold,2,inner_train_positive,385,41,1
double_cold,2,inner_train_positive,385,7,1
double_cold,2,inner_train_positive,385,90,1
double_cold,2,inner_train_positive,386,123,1
double_cold,2,inner_train_positive,386,101,1
double_cold,2,inner_train_positive,386,148,1
double_cold,2,inner_train_positive,387,89,1
double_cold,2,inner_train_positive,387,21,1
double_cold,2,inner_train_positive,387,103,1
double_cold,2,inner_train_positive,387,7,1
double_cold,2,inner_train_positive,387,30,1
double_cold,2,inner_train_positive,387,101,1
double_cold,2,inner_train_positive,387,148,1
double_cold,2,inner_train_positive,387,161,1
double_cold,2,inner_train_positive,389,21,1
double_cold,2,inner_train_positive,389,89,1
double_cold,2,inner_train_positive,389,103,1
double_cold,2,inner_train_positive,389,123,1
double_cold,2,inner_train_positive,389,98,1
double_cold,2,inner_train_positive,389,7,1
double_cold,2,inner_train_positive,389,67,1
double_cold,2,inner_train_positive,390,89,1
double_cold,2,inner_train_positive,390,21,1
double_cold,2,inner_train_positive,390,103,1
double_cold,2,inner_train_positive,391,89,1
double_cold,2,inner_train_positive,391,21,1
double_cold,2,inner_train_positive,391,7,1
double_cold,2,inner_train_positive,392,103,1
double_cold,2,inner_train_positive,392,7,1
double_cold,2,inner_train_positive,393,103,1
double_cold,2,inner_train_positive,393,41,1
double_cold,2,inner_train_positive,393,148,1
double_cold,2,inner_train_positive,393,101,1
double_cold,2,inner_train_positive,397,103,1
double_cold,2,inner_train_positive,397,123,1
double_cold,2,inner_train_positive,397,89,1
double_cold,2,inner_train_positive,397,67,1
double_cold,2,inner_train_positive,398,103,1
double_cold,2,inner_train_positive,398,68,1
double_cold,2,inner_train_positive,398,89,1
double_cold,2,inner_train_positive,399,103,1
double_cold,2,inner_train_positive,401,103,1
double_cold,2,inner_train_positive,401,142,1
double_cold,2,inner_train_positive,401,148,1
double_cold,2,inner_train_positive,401,41,1
double_cold,2,inner_train_positive,401,55,1
double_cold,2,inner_train_positive,402,89,1
double_cold,2,inner_train_positive,403,103,1
double_cold,2,inner_train_positive,403,142,1
double_cold,2,inner_train_positive,403,148,1
double_cold,2,inner_train_positive,403,67,1
double_cold,2,inner_train_positive,404,41,1
double_cold,2,inner_train_positive,404,103,1
double_cold,2,inner_train_positive,404,55,1
double_cold,2,inner_train_positive,404,7,1
double_cold,2,inner_train_positive,405,21,1
double_cold,2,inner_train_positive,405,89,1
double_cold,2,inner_train_positive,405,103,1
double_cold,2,inner_train_positive,405,148,1
double_cold,2,inner_train_positive,405,101,1
double_cold,2,inner_train_positive,406,74,1
double_cold,2,inner_train_positive,407,55,1
double_cold,2,inner_train_positive,407,123,1
double_cold,2,inner_train_positive,407,103,1
double_cold,2,inner_train_positive,407,67,1
double_cold,2,inner_train_positive,407,3,1
double_cold,2,inner_train_positive,407,89,1
double_cold,2,inner_train_positive,407,68,1
double_cold,2,inner_train_positive,407,177,1
double_cold,2,inner_train_positive,407,150,1
double_cold,2,inner_train_positive,408,124,1
double_cold,2,inner_train_positive,408,103,1
double_cold,2,inner_train_positive,408,123,1
double_cold,2,inner_train_positive,408,142,1
double_cold,2,inner_train_positive,408,148,1
double_cold,2,inner_train_positive,408,41,1
double_cold,2,inner_train_positive,408,150,1
double_cold,2,inner_train_positive,408,89,1
double_cold,2,inner_train_positive,408,68,1
double_cold,2,inner_train_positive,408,177,1
double_cold,2,inner_train_positive,408,67,1
double_cold,2,inner_train_positive,409,7,1
double_cold,2,inner_train_positive,409,144,1
double_cold,2,inner_train_positive,409,103,1
double_cold,2,inner_train_positive,410,103,1
double_cold,2,inner_train_positive,411,89,1
double_cold,2,inner_train_positive,411,21,1
double_cold,2,inner_train_positive,411,103,1
double_cold,2,inner_train_positive,411,55,1
double_cold,2,inner_train_positive,411,41,1
double_cold,2,inner_train_positive,414,55,1
double_cold,2,inner_train_positive,416,41,1
double_cold,2,inner_train_positive,417,68,1
double_cold,2,inner_train_positive,417,211,1
double_cold,2,inner_train_positive,420,148,1
double_cold,2,inner_train_positive,420,101,1
double_cold,2,inner_train_positive,422,89,1
double_cold,2,inner_train_positive,424,89,1
double_cold,2,inner_train_positive,428,101,1
double_cold,2,inner_train_positive,428,148,1
double_cold,2,inner_train_positive,614,103,1
double_cold,2,inner_train_positive,614,140,1
double_cold,2,inner_train_positive,614,41,1
double_cold,2,inner_train_positive,431,7,1
double_cold,2,inner_train_positive,431,41,1
double_cold,2,inner_train_positive,431,123,1
double_cold,2,inner_train_positive,431,103,1
double_cold,2,inner_train_positive,432,89,1
double_cold,2,inner_train_positive,432,7,1
double_cold,2,inner_train_positive,432,55,1
double_cold,2,inner_train_positive,434,103,1
double_cold,2,inner_train_positive,434,89,1
double_cold,2,inner_train_positive,434,148,1
double_cold,2,inner_train_positive,435,89,1
double_cold,2,inner_train_positive,435,148,1
double_cold,2,inner_train_positive,435,142,1
double_cold,2,inner_train_positive,435,101,1
double_cold,2,inner_train_positive,435,103,1
double_cold,2,inner_train_positive,436,89,1
double_cold,2,inner_train_positive,436,21,1
double_cold,2,inner_train_positive,438,89,1
double_cold,2,inner_train_positive,438,103,1
double_cold,2,inner_train_positive,438,7,1
double_cold,2,inner_train_positive,438,67,1
double_cold,2,inner_train_positive,439,89,1
double_cold,2,inner_train_positive,439,7,1
double_cold,2,inner_train_positive,439,55,1
double_cold,2,inner_train_positive,439,41,1
double_cold,2,inner_train_positive,442,101,1
double_cold,2,inner_train_positive,442,148,1
double_cold,2,inner_train_positive,443,103,1
double_cold,2,inner_train_positive,443,7,1
double_cold,2,inner_train_positive,444,89,1
double_cold,2,inner_train_positive,444,21,1
double_cold,2,inner_train_positive,444,103,1
double_cold,2,inner_train_positive,444,7,1
double_cold,2,inner_train_positive,445,103,1
double_cold,2,inner_train_positive,445,7,1
double_cold,2,inner_train_positive,445,67,1
double_cold,2,inner_train_positive,447,89,1
double_cold,2,inner_train_positive,447,21,1
double_cold,2,inner_train_positive,447,103,1
double_cold,2,inner_train_positive,447,7,1
double_cold,2,inner_train_positive,452,148,1
double_cold,2,inner_train_positive,452,101,1
double_cold,2,inner_train_positive,454,103,1
double_cold,2,inner_train_positive,454,89,1
double_cold,2,inner_train_positive,454,55,1
double_cold,2,inner_train_positive,454,67,1
double_cold,2,inner_train_positive,455,103,1
double_cold,2,inner_train_positive,455,55,1
double_cold,2,inner_train_positive,457,89,1
double_cold,2,inner_train_positive,457,7,1
double_cold,2,inner_train_positive,457,150,1
double_cold,2,inner_train_positive,457,67,1
double_cold,2,inner_train_positive,457,68,1
double_cold,2,inner_train_positive,457,177,1
double_cold,2,inner_train_positive,458,89,1
double_cold,2,inner_train_positive,458,21,1
double_cold,2,inner_train_positive,459,55,1
double_cold,2,inner_train_positive,459,148,1
double_cold,2,inner_train_positive,459,103,1
double_cold,2,inner_train_positive,459,7,1
double_cold,2,inner_train_positive,459,67,1
double_cold,2,inner_train_positive,460,123,1
double_cold,2,inner_train_positive,460,101,1
double_cold,2,inner_train_positive,460,148,1
double_cold,2,inner_train_positive,463,89,1
double_cold,2,inner_train_positive,463,21,1
double_cold,2,inner_train_positive,463,209,1
double_cold,2,inner_train_positive,463,103,1
double_cold,2,inner_train_positive,463,150,1
double_cold,2,inner_train_positive,463,177,1
double_cold,2,inner_train_positive,463,74,1
double_cold,2,inner_train_positive,463,123,1
double_cold,2,inner_train_positive,463,7,1
double_cold,2,inner_train_positive,463,101,1
double_cold,2,inner_train_positive,463,148,1
double_cold,2,inner_train_positive,463,114,1
double_cold,2,inner_train_positive,465,89,1
double_cold,2,inner_train_positive,465,103,1
double_cold,2,inner_train_positive,465,90,1
double_cold,2,inner_train_positive,465,177,1
double_cold,2,inner_train_positive,465,176,1
double_cold,2,inner_train_positive,465,55,1
double_cold,2,inner_train_positive,465,7,1
double_cold,2,inner_train_positive,465,124,1
double_cold,2,inner_train_positive,465,41,1
double_cold,2,inner_train_positive,465,101,1
double_cold,2,inner_train_positive,465,148,1
double_cold,2,inner_train_positive,465,67,1
double_cold,2,inner_train_positive,465,142,1
double_cold,2,inner_train_positive,465,161,1
double_cold,2,inner_train_positive,465,3,1
double_cold,2,inner_train_positive,466,89,1
double_cold,2,inner_train_positive,466,21,1
double_cold,2,inner_train_positive,466,150,1
double_cold,2,inner_train_positive,466,103,1
double_cold,2,inner_train_positive,466,7,1
double_cold,2,inner_train_positive,466,67,1
double_cold,2,inner_train_positive,466,3,1
double_cold,2,inner_train_positive,467,89,1
double_cold,2,inner_train_positive,467,21,1
double_cold,2,inner_train_positive,467,7,1
double_cold,2,inner_train_positive,468,89,1
double_cold,2,inner_train_positive,468,21,1
double_cold,2,inner_train_positive,468,103,1
double_cold,2,inner_train_positive,469,89,1
double_cold,2,inner_train_positive,469,7,1
double_cold,2,inner_train_positive,469,150,1
double_cold,2,inner_train_positive,469,67,1
double_cold,2,inner_train_positive,469,68,1
double_cold,2,inner_train_positive,469,177,1
double_cold,2,inner_train_positive,470,103,1
double_cold,2,inner_train_positive,470,55,1
double_cold,2,inner_train_positive,470,89,1
double_cold,2,inner_train_positive,470,67,1
double_cold,2,inner_train_positive,470,68,1
double_cold,2,inner_train_positive,470,150,1
double_cold,2,inner_train_positive,470,177,1
double_cold,2,inner_train_positive,472,89,1
double_cold,2,inner_train_positive,472,21,1
double_cold,2,inner_train_positive,472,67,1
double_cold,2,inner_train_positive,472,103,1
double_cold,2,inner_train_positive,472,74,1
double_cold,2,inner_train_positive,475,41,1
double_cold,2,inner_train_positive,475,103,1
double_cold,2,inner_train_positive,475,67,1
double_cold,2,inner_train_positive,475,89,1
double_cold,2,inner_train_positive,476,41,1
double_cold,2,inner_train_positive,476,148,1
double_cold,2,inner_train_positive,476,101,1
double_cold,2,inner_train_positive,477,55,1
double_cold,2,inner_train_positive,477,103,1
double_cold,2,inner_train_positive,477,89,1
double_cold,2,inner_train_positive,478,3,1
double_cold,2,inner_train_positive,478,103,1
double_cold,2,inner_train_positive,478,123,1
double_cold,2,inner_train_positive,478,101,1
double_cold,2,inner_train_positive,478,148,1
double_cold,2,inner_train_positive,478,67,1
double_cold,2,inner_train_positive,481,89,1
double_cold,2,inner_train_positive,481,21,1
double_cold,2,inner_train_positive,481,103,1
double_cold,2,inner_train_positive,481,148,1
double_cold,2,inner_train_positive,481,142,1
double_cold,2,inner_train_positive,481,101,1
double_cold,2,inner_train_positive,482,55,1
double_cold,2,inner_train_positive,482,142,1
double_cold,2,inner_train_positive,482,148,1
double_cold,2,inner_train_positive,482,67,1
double_cold,2,inner_train_positive,632,41,1
double_cold,2,inner_train_positive,632,103,1
double_cold,2,inner_train_positive,632,7,1
double_cold,2,inner_train_positive,632,101,1
double_cold,2,inner_train_positive,632,148,1
double_cold,2,inner_train_positive,484,21,1
double_cold,2,inner_train_positive,484,89,1
double_cold,2,inner_train_positive,484,209,1
double_cold,2,inner_train_positive,484,55,1
double_cold,2,inner_train_positive,484,67,1
double_cold,2,inner_train_positive,484,103,1
double_cold,2,inner_train_positive,484,7,1
double_cold,2,inner_train_positive,485,89,1
double_cold,2,inner_train_positive,485,21,1
double_cold,2,inner_train_positive,485,67,1
double_cold,2,inner_train_positive,488,74,1
double_cold,2,inner_train_positive,490,101,1
double_cold,2,inner_train_positive,490,148,1
double_cold,2,inner_train_positive,491,90,1
double_cold,2,inner_train_positive,491,103,1
double_cold,2,inner_train_positive,491,89,1
double_cold,2,inner_train_positive,491,176,1
double_cold,2,inner_train_positive,491,177,1
double_cold,2,inner_train_positive,491,67,1
double_cold,2,inner_train_positive,491,142,1
double_cold,2,inner_train_positive,492,21,1
double_cold,2,inner_train_positive,492,89,1
double_cold,2,inner_train_positive,492,140,1
double_cold,2,inner_train_positive,492,41,1
double_cold,2,inner_train_positive,492,67,1
double_cold,2,inner_train_positive,492,103,1
double_cold,2,inner_train_positive,492,74,1
double_cold,2,inner_train_positive,493,7,1
double_cold,2,inner_train_positive,493,55,1
double_cold,2,inner_train_positive,494,89,1
double_cold,2,inner_train_positive,494,123,1
double_cold,2,inner_train_positive,494,103,1
double_cold,2,inner_train_positive,494,7,1
double_cold,2,inner_train_positive,494,177,1
double_cold,2,inner_train_positive,494,67,1
double_cold,2,inner_train_positive,494,55,1
double_cold,2,inner_train_positive,494,68,1
double_cold,2,inner_train_positive,494,150,1
double_cold,2,inner_train_positive,495,7,1
double_cold,2,inner_train_positive,496,67,1
double_cold,2,inner_train_positive,497,103,1
double_cold,2,inner_train_positive,497,7,1
double_cold,2,inner_train_positive,497,148,1
double_cold,2,inner_train_positive,497,101,1
double_cold,2,inner_train_positive,497,67,1
double_cold,2,inner_train_positive,498,101,1
double_cold,2,inner_train_positive,498,148,1
double_cold,2,inner_train_positive,498,103,1
double_cold,2,inner_train_positive,499,67,1
double_cold,2,inner_train_positive,499,89,1
double_cold,2,inner_train_positive,499,55,1
double_cold,2,inner_train_positive,499,148,1
double_cold,2,inner_train_positive,499,103,1
double_cold,2,inner_train_positive,500,67,1
double_cold,2,inner_train_positive,500,7,1
double_cold,2,inner_train_positive,500,55,1
double_cold,2,inner_train_positive,500,74,1
double_cold,2,inner_train_positive,500,103,1
double_cold,2,inner_train_positive,500,142,1
double_cold,2,inner_train_positive,501,7,1
double_cold,2,inner_train_positive,502,41,1
double_cold,2,inner_train_positive,502,103,1
double_cold,2,inner_train_positive,503,177,1
double_cold,2,inner_train_positive,503,44,1
double_cold,2,inner_train_positive,503,103,1
double_cold,2,inner_train_positive,503,123,1
double_cold,2,inner_train_positive,503,78,1
double_cold,2,inner_train_positive,503,89,1
double_cold,2,inner_train_positive,503,74,1
double_cold,2,inner_train_positive,503,41,1
double_cold,2,inner_train_positive,503,67,1
double_cold,2,inner_train_positive,503,7,1
double_cold,2,inner_train_positive,503,148,1
double_cold,2,inner_train_positive,503,142,1
double_cold,2,inner_train_positive,503,101,1
double_cold,2,inner_train_positive,506,101,1
double_cold,2,inner_train_positive,506,142,1
double_cold,2,inner_train_positive,506,148,1
double_cold,2,inner_train_positive,506,177,1
double_cold,2,inner_train_positive,506,150,1
double_cold,2,inner_train_positive,506,89,1
double_cold,2,inner_train_positive,506,68,1
double_cold,2,inner_train_positive,506,67,1
double_cold,2,inner_train_positive,507,103,1
double_cold,2,inner_train_positive,507,67,1
double_cold,2,inner_train_positive,507,41,1
double_cold,2,inner_train_positive,508,90,1
double_cold,2,inner_train_positive,508,103,1
double_cold,2,inner_train_positive,508,89,1
double_cold,2,inner_train_positive,508,177,1
double_cold,2,inner_train_positive,508,176,1
double_cold,2,inner_train_positive,508,208,1
double_cold,2,inner_train_positive,508,46,1
double_cold,2,inner_train_positive,508,67,1
double_cold,2,inner_train_positive,508,148,1
double_cold,2,inner_train_positive,508,101,1
double_cold,2,inner_train_positive,509,103,1
double_cold,2,inner_train_positive,509,55,1
double_cold,2,inner_train_positive,512,67,1
double_cold,2,inner_train_positive,512,89,1
double_cold,2,inner_train_positive,512,103,1
double_cold,2,inner_train_positive,512,7,1
double_cold,2,inner_train_positive,512,90,1
double_cold,2,inner_train_positive,513,89,1
double_cold,2,inner_train_positive,514,103,1
double_cold,2,inner_train_positive,514,74,1
double_cold,2,inner_train_positive,514,41,1
double_cold,2,inner_train_positive,514,123,1
double_cold,2,inner_train_positive,514,7,1
double_cold,2,inner_train_positive,514,67,1
double_cold,2,inner_train_positive,515,74,1
double_cold,2,inner_train_positive,515,89,1
double_cold,2,inner_train_positive,515,103,1
double_cold,2,inner_train_positive,515,67,1
double_cold,2,inner_train_positive,515,101,1
double_cold,2,inner_train_positive,515,148,1
double_cold,2,inner_train_positive,515,51,1
double_cold,2,inner_train_positive,515,173,1
double_cold,2,inner_train_positive,516,103,1
double_cold,2,inner_train_positive,516,55,1
double_cold,2,inner_train_positive,516,177,1
double_cold,2,inner_train_positive,516,41,1
double_cold,2,inner_train_positive,516,3,1
double_cold,2,inner_train_positive,516,67,1
double_cold,2,inner_train_positive,516,7,1
double_cold,2,inner_train_positive,516,16,1
double_cold,2,inner_train_positive,517,21,1
double_cold,2,inner_train_positive,517,89,1
double_cold,2,inner_train_positive,517,103,1
double_cold,2,inner_train_positive,520,103,1
double_cold,2,inner_train_positive,520,89,1
double_cold,2,inner_train_positive,520,90,1
double_cold,2,inner_train_positive,520,123,1
double_cold,2,inner_train_positive,520,41,1
double_cold,2,inner_train_positive,521,89,1
double_cold,2,inner_train_positive,521,21,1
double_cold,2,inner_train_positive,521,55,1
double_cold,2,inner_train_positive,521,103,1
double_cold,2,inner_train_positive,523,103,1
double_cold,2,inner_train_positive,523,41,1
double_cold,2,inner_train_positive,525,67,1
double_cold,2,inner_train_positive,525,55,1
double_cold,2,inner_train_positive,525,140,1
double_cold,2,inner_train_positive,525,41,1
double_cold,2,inner_train_positive,525,177,1
double_cold,2,inner_train_positive,525,101,1
double_cold,2,inner_train_positive,525,148,1
double_cold,2,inner_train_positive,527,21,1
double_cold,2,inner_train_positive,527,89,1
double_cold,2,inner_train_positive,527,148,1
double_cold,2,inner_train_positive,527,101,1
double_cold,2,inner_train_positive,528,3,1
double_cold,2,inner_train_positive,528,103,1
double_cold,2,inner_train_positive,529,89,1
double_cold,2,inner_train_positive,529,21,1
double_cold,2,inner_train_positive,529,103,1
double_cold,2,inner_train_positive,530,89,1
double_cold,2,inner_train_positive,530,21,1
double_cold,2,inner_train_positive,530,69,1
double_cold,2,inner_train_positive,530,103,1
double_cold,2,inner_train_positive,530,123,1
double_cold,2,inner_train_positive,530,177,1
double_cold,2,inner_train_positive,530,101,1
double_cold,2,inner_train_positive,530,148,1
double_cold,2,inner_train_positive,530,55,1
double_cold,2,inner_train_positive,531,90,1
double_cold,2,inner_train_positive,531,124,1
double_cold,2,inner_train_positive,532,67,1
double_cold,2,inner_train_positive,532,41,1
double_cold,2,inner_train_positive,534,89,1
double_cold,2,inner_train_positive,534,21,1
double_cold,2,inner_train_positive,534,103,1
double_cold,2,inner_train_positive,534,101,1
double_cold,2,inner_train_positive,534,148,1
double_cold,2,inner_train_positive,536,74,1
double_cold,2,inner_train_positive,537,7,1
double_cold,2,inner_train_positive,537,55,1
double_cold,2,inner_train_positive,537,41,1
double_cold,2,inner_train_positive,537,103,1
double_cold,2,inner_train_positive,537,177,1
double_cold,2,inner_train_positive,538,103,1
double_cold,2,inner_train_positive,540,209,1
double_cold,2,inner_train_positive,541,21,1
double_cold,2,inner_train_positive,541,89,1
double_cold,2,inner_train_positive,541,68,1
double_cold,2,inner_train_positive,541,55,1
double_cold,2,inner_train_positive,543,103,1
double_cold,2,inner_train_positive,543,74,1
double_cold,2,inner_train_positive,543,123,1
double_cold,2,inner_train_positive,543,148,1
double_cold,2,inner_train_positive,543,101,1
double_cold,2,inner_train_positive,543,67,1
double_cold,2,inner_train_positive,544,74,1
double_cold,2,inner_train_positive,544,103,1
double_cold,2,inner_train_positive,544,41,1
double_cold,2,inner_train_positive,544,148,1
double_cold,2,inner_train_positive,544,7,1
double_cold,2,inner_train_positive,545,123,1
double_cold,2,inner_train_positive,545,55,1
double_cold,2,inner_train_positive,545,7,1
double_cold,2,inner_train_positive,545,101,1
double_cold,2,inner_train_positive,545,148,1
double_cold,2,inner_train_positive,545,103,1
double_cold,2,inner_train_positive,545,180,1
double_cold,2,inner_train_positive,547,41,1
double_cold,2,inner_train_positive,547,123,1
double_cold,2,inner_train_positive,547,67,1
double_cold,2,inner_train_positive,547,55,1
double_cold,2,inner_train_positive,547,74,1
double_cold,2,inner_train_positive,548,78,1
double_cold,2,inner_train_positive,548,90,1
double_cold,2,inner_train_positive,548,67,1
double_cold,2,inner_train_positive,548,7,1
double_cold,2,inner_train_positive,548,55,1
double_cold,2,inner_train_positive,548,123,1
double_cold,2,inner_train_positive,548,103,1
double_cold,2,inner_train_positive,548,73,1
double_cold,2,inner_train_positive,548,3,1
double_cold,2,inner_train_positive,549,103,1
double_cold,2,inner_train_positive,549,55,1
double_cold,2,inner_train_positive,549,7,1
double_cold,2,inner_train_positive,549,89,1
double_cold,2,inner_train_positive,549,74,1
double_cold,2,inner_train_positive,549,177,1
double_cold,2,inner_train_positive,549,142,1
double_cold,2,inner_train_positive,549,148,1
double_cold,2,inner_train_positive,549,68,1
double_cold,2,inner_train_positive,549,150,1
double_cold,2,inner_train_positive,549,67,1
double_cold,2,inner_train_positive,549,41,1
double_cold,2,inner_train_positive,633,89,1
double_cold,2,inner_train_positive,633,68,1
double_cold,2,inner_train_positive,633,103,1
double_cold,2,inner_train_positive,633,205,1
double_cold,2,inner_train_positive,633,3,1
double_cold,2,inner_train_positive,633,123,1
double_cold,2,inner_train_positive,633,55,1
double_cold,2,inner_train_positive,633,67,1
double_cold,2,inner_train_positive,633,177,1
double_cold,2,inner_train_positive,633,7,1
double_cold,2,inner_train_positive,633,43,1
double_cold,2,inner_train_positive,633,74,1
double_cold,2,inner_train_positive,633,148,1
double_cold,2,inner_train_positive,550,103,1
double_cold,2,inner_train_positive,550,68,1
double_cold,2,inner_train_positive,550,89,1
double_cold,2,inner_train_positive,550,55,1
double_cold,2,inner_train_positive,550,1,1
double_cold,2,inner_train_positive,550,123,1
double_cold,2,inner_train_positive,550,142,1
double_cold,2,inner_train_positive,550,148,1
double_cold,2,inner_train_positive,550,67,1
double_cold,2,inner_train_positive,550,101,1
double_cold,2,inner_train_positive,550,16,1
double_cold,2,inner_train_positive,550,177,1
double_cold,2,inner_train_positive,616,41,1
double_cold,2,inner_train_positive,616,67,1
double_cold,2,inner_train_positive,551,123,1
double_cold,2,inner_train_positive,551,103,1
double_cold,2,inner_train_positive,551,90,1
double_cold,2,inner_train_positive,551,150,1
double_cold,2,inner_train_positive,551,73,1
double_cold,2,inner_train_positive,551,55,1
double_cold,2,inner_train_positive,551,74,1
double_cold,2,inner_train_positive,552,89,1
double_cold,2,inner_train_positive,552,21,1
double_cold,2,inner_train_positive,552,68,1
double_cold,2,inner_train_positive,552,103,1
double_cold,2,inner_train_positive,553,21,1
double_cold,2,inner_train_positive,553,89,1
double_cold,2,inner_train_positive,553,103,1
double_cold,2,inner_train_positive,553,123,1
double_cold,2,inner_train_positive,553,142,1
double_cold,2,inner_train_positive,553,148,1
double_cold,2,inner_train_positive,553,55,1
double_cold,2,inner_train_positive,553,161,1
double_cold,2,inner_train_positive,619,41,1
double_cold,2,inner_train_positive,619,7,1
double_cold,2,inner_train_positive,619,103,1
double_cold,2,inner_train_positive,619,101,1
double_cold,2,inner_train_positive,619,148,1
double_cold,2,inner_train_positive,621,41,1
double_cold,2,inner_train_positive,621,148,1
double_cold,2,inner_train_positive,621,101,1
double_cold,2,inner_train_positive,555,103,1
double_cold,2,inner_train_positive,555,89,1
double_cold,2,inner_train_positive,555,7,1
double_cold,2,inner_train_positive,555,177,1
double_cold,2,inner_train_positive,555,55,1
double_cold,2,inner_train_positive,555,41,1
double_cold,2,inner_train_positive,555,140,1
double_cold,2,inner_train_positive,555,148,1
double_cold,2,inner_train_positive,555,101,1
double_cold,2,inner_train_positive,555,67,1
double_cold,2,inner_train_positive,556,101,1
double_cold,2,inner_train_positive,556,148,1
double_cold,2,inner_train_positive,556,103,1
double_cold,2,inner_train_positive,556,3,1
double_cold,2,inner_train_positive,560,103,1
double_cold,2,inner_train_positive,561,67,1
double_cold,2,inner_train_positive,561,89,1
double_cold,2,inner_train_positive,561,95,1
double_cold,2,inner_train_positive,562,55,1
double_cold,2,inner_train_positive,562,7,1
double_cold,2,inner_train_positive,562,123,1
double_cold,2,inner_train_positive,562,103,1
double_cold,2,inner_train_positive,562,67,1
double_cold,2,inner_train_positive,562,89,1
double_cold,2,inner_train_positive,562,108,1
double_cold,2,inner_train_positive,569,67,1
double_cold,2,inner_train_positive,569,3,1
double_cold,2,inner_train_positive,569,103,1
double_cold,2,inner_train_positive,569,89,1
double_cold,2,inner_train_positive,571,7,1
double_cold,2,inner_train_positive,571,55,1
double_cold,2,inner_train_positive,571,103,1
double_cold,2,inner_train_positive,572,89,1
double_cold,2,inner_train_positive,572,21,1
double_cold,2,inner_train_positive,572,41,1
double_cold,2,inner_train_positive,573,89,1
double_cold,2,inner_train_positive,575,123,1
double_cold,2,inner_train_positive,575,103,1
double_cold,2,inner_train_positive,576,101,1
double_cold,2,inner_train_positive,576,148,1
double_cold,2,inner_train_positive,577,74,1
double_cold,2,inner_train_positive,577,209,1
double_cold,2,inner_train_positive,577,89,1
double_cold,2,inner_train_positive,577,103,1
double_cold,2,inner_train_positive,578,89,1
double_cold,2,inner_train_positive,578,68,1
double_cold,2,inner_train_positive,578,41,1
double_cold,2,inner_train_positive,578,44,1
double_cold,2,inner_train_positive,578,177,1
double_cold,2,inner_train_positive,578,55,1
double_cold,2,inner_train_positive,578,67,1
double_cold,2,inner_train_positive,578,103,1
double_cold,2,inner_train_positive,578,194,1
double_cold,2,inner_train_positive,578,3,1
double_cold,2,inner_train_positive,578,43,1
double_cold,2,inner_train_positive,578,123,1
double_cold,2,inner_train_positive,578,101,1
double_cold,2,inner_train_positive,578,148,1
double_cold,2,inner_train_positive,578,15,1
double_cold,2,inner_train_positive,578,198,1
double_cold,2,inner_train_positive,578,7,1
double_cold,2,inner_train_positive,580,67,1
double_cold,2,inner_train_positive,580,89,1
double_cold,2,inner_train_positive,580,41,1
double_cold,2,inner_train_positive,580,140,1
double_cold,2,inner_train_positive,581,89,1
double_cold,2,inner_train_positive,581,101,1
double_cold,2,inner_train_positive,581,148,1
double_cold,2,inner_train_positive,583,103,1
double_cold,2,inner_train_positive,583,7,1
double_cold,2,inner_train_positive,583,55,1
double_cold,2,inner_train_positive,583,89,1
double_cold,2,inner_train_positive,583,177,1
double_cold,2,inner_train_positive,583,67,1
double_cold,2,inner_train_positive,583,41,1
double_cold,2,inner_train_positive,583,74,1
double_cold,2,inner_train_positive,583,150,1
double_cold,2,inner_train_positive,583,68,1
double_cold,2,inner_train_positive,587,103,1
double_cold,2,inner_train_positive,587,209,1
double_cold,2,inner_train_positive,587,123,1
double_cold,2,inner_train_positive,587,55,1
double_cold,2,inner_train_positive,587,7,1
double_cold,2,inner_train_positive,587,89,1
double_cold,2,inner_train_positive,587,142,1
double_cold,2,inner_train_positive,587,148,1
double_cold,2,inner_train_positive,587,67,1
double_cold,2,inner_train_positive,587,101,1
double_cold,2,inner_train_positive,588,103,1
double_cold,2,inner_train_positive,588,55,1
double_cold,2,inner_train_positive,588,89,1
double_cold,2,inner_train_positive,589,41,1
double_cold,2,inner_train_positive,591,123,1
double_cold,2,inner_train_positive,591,55,1
double_cold,2,inner_train_positive,591,7,1
double_cold,2,inner_train_positive,591,41,1
double_cold,2,inner_train_positive,591,67,1
double_cold,2,inner_train_positive,591,103,1
double_cold,2,inner_train_positive,593,103,1
double_cold,2,inner_train_positive,593,89,1
double_cold,2,inner_train_positive,596,3,1
double_cold,2,inner_train_positive,596,89,1
double_cold,2,inner_train_positive,596,205,1
double_cold,2,inner_train_positive,596,103,1
double_cold,2,inner_train_positive,596,55,1
double_cold,2,inner_train_positive,596,7,1
double_cold,2,inner_train_positive,596,43,1
double_cold,2,inner_train_positive,596,123,1
double_cold,2,inner_train_positive,596,74,1
double_cold,2,inner_train_positive,596,67,1
double_cold,2,inner_train_positive,596,142,1
double_cold,2,inner_train_positive,597,89,1
double_cold,2,inner_train_positive,597,21,1
double_cold,2,inner_train_positive,597,44,1
double_cold,2,inner_train_positive,597,177,1
double_cold,2,inner_train_positive,597,103,1
double_cold,2,inner_train_positive,597,7,1
double_cold,2,inner_train_positive,597,3,1
double_cold,2,inner_train_positive,597,55,1
double_cold,2,inner_train_positive,597,124,1
double_cold,2,inner_train_positive,597,43,1
double_cold,2,inner_train_positive,597,142,1
double_cold,2,inner_train_positive,597,148,1
double_cold,2,inner_train_positive,597,67,1
double_cold,2,inner_train_positive,597,41,1
double_cold,2,inner_train_positive,597,197,1
double_cold,2,inner_train_positive,597,74,1
double_cold,2,inner_train_positive,597,161,1
double_cold,2,inner_validation_positive,39,174,1
double_cold,2,inner_validation_positive,39,85,1
double_cold,2,inner_validation_positive,46,94,1
double_cold,2,inner_validation_positive,88,160,1
double_cold,2,inner_validation_positive,87,160,1
double_cold,2,inner_validation_positive,103,174,1
double_cold,2,inner_validation_positive,103,160,1
double_cold,2,inner_validation_positive,622,94,1
double_cold,2,inner_validation_positive,136,49,1
double_cold,2,inner_validation_positive,169,174,1
double_cold,2,inner_validation_positive,169,94,1
double_cold,2,inner_validation_positive,169,160,1
double_cold,2,inner_validation_positive,174,160,1
double_cold,2,inner_validation_positive,179,94,1
double_cold,2,inner_validation_positive,179,174,1
double_cold,2,inner_validation_positive,186,94,1
double_cold,2,inner_validation_positive,186,160,1
double_cold,2,inner_validation_positive,186,174,1
double_cold,2,inner_validation_positive,192,20,1
double_cold,2,inner_validation_positive,192,174,1
double_cold,2,inner_validation_positive,192,35,1
double_cold,2,inner_validation_positive,192,88,1
double_cold,2,inner_validation_positive,192,85,1
double_cold,2,inner_validation_positive,192,94,1
double_cold,2,inner_validation_positive,192,66,1
double_cold,2,inner_validation_positive,192,160,1
double_cold,2,inner_validation_positive,193,174,1
double_cold,2,inner_validation_positive,193,88,1
double_cold,2,inner_validation_positive,193,160,1
double_cold,2,inner_validation_positive,193,94,1
double_cold,2,inner_validation_positive,610,160,1
double_cold,2,inner_validation_positive,218,94,1
double_cold,2,inner_validation_positive,231,94,1
double_cold,2,inner_validation_positive,232,94,1
double_cold,2,inner_validation_positive,232,174,1
double_cold,2,inner_validation_positive,242,35,1
double_cold,2,inner_validation_positive,287,94,1
double_cold,2,inner_validation_positive,287,174,1
double_cold,2,inner_validation_positive,290,160,1
double_cold,2,inner_validation_positive,297,160,1
double_cold,2,inner_validation_positive,299,88,1
double_cold,2,inner_validation_positive,311,85,1
double_cold,2,inner_validation_positive,311,122,1
double_cold,2,inner_validation_positive,318,160,1
double_cold,2,inner_validation_positive,318,94,1
double_cold,2,inner_validation_positive,320,160,1
double_cold,2,inner_validation_positive,326,174,1
double_cold,2,inner_validation_positive,336,94,1
double_cold,2,inner_validation_positive,347,40,1
double_cold,2,inner_validation_positive,433,160,1
double_cold,2,inner_validation_positive,471,88,1
double_cold,2,inner_validation_positive,471,85,1
double_cold,2,inner_validation_positive,557,160,1
double_cold,2,inner_validation_positive,558,85,1
double_cold,2,inner_validation_positive,570,94,1
double_cold,2,inner_validation_positive,585,160,1
double_cold,2,inner_validation_positive,585,94,1
double_cold,2,inner_validation_positive,585,174,1
double_cold,2,inner_validation_positive,595,35,1
double_cold,2,inner_validation_positive,598,133,1
double_cold,2,inner_validation_sampled_unlabeled,88,94,0
double_cold,2,inner_validation_sampled_unlabeled,174,66,0
double_cold,2,inner_validation_sampled_unlabeled,347,174,0
double_cold,2,inner_validation_sampled_unlabeled,169,88,0
double_cold,2,inner_validation_sampled_unlabeled,290,85,0
double_cold,2,inner_validation_sampled_unlabeled,299,94,0
double_cold,2,inner_validation_sampled_unlabeled,610,133,0
double_cold,2,inner_validation_sampled_unlabeled,186,122,0
double_cold,2,inner_validation_sampled_unlabeled,297,133,0
double_cold,2,inner_validation_sampled_unlabeled,595,40,0
double_cold,2,inner_validation_sampled_unlabeled,326,35,0
double_cold,2,inner_validation_sampled_unlabeled,46,133,0
double_cold,2,inner_validation_sampled_unlabeled,347,88,0
double_cold,2,inner_validation_sampled_unlabeled,169,133,0
double_cold,2,inner_validation_sampled_unlabeled,290,66,0
double_cold,2,inner_validation_sampled_unlabeled,570,20,0
double_cold,2,inner_validation_sampled_unlabeled,193,66,0
double_cold,2,inner_validation_sampled_unlabeled,311,49,0
double_cold,2,inner_validation_sampled_unlabeled,39,133,0
double_cold,2,inner_validation_sampled_unlabeled,433,133,0
double_cold,2,inner_validation_sampled_unlabeled,39,35,0
double_cold,2,inner_validation_sampled_unlabeled,87,88,0
double_cold,2,inner_validation_sampled_unlabeled,192,40,0
double_cold,2,inner_validation_sampled_unlabeled,39,160,0
double_cold,2,inner_validation_sampled_unlabeled,433,20,0
double_cold,2,inner_validation_sampled_unlabeled,557,40,0
double_cold,2,inner_validation_sampled_unlabeled,287,88,0
double_cold,2,inner_validation_sampled_unlabeled,347,20,0
double_cold,2,inner_validation_sampled_unlabeled,179,122,0
double_cold,2,inner_validation_sampled_unlabeled,557,49,0
double_cold,2,inner_validation_sampled_unlabeled,186,133,0
double_cold,2,inner_validation_sampled_unlabeled,231,49,0
double_cold,2,inner_validation_sampled_unlabeled,218,49,0
double_cold,2,inner_validation_sampled_unlabeled,186,20,0
double_cold,2,inner_validation_sampled_unlabeled,326,40,0
double_cold,2,inner_validation_sampled_unlabeled,179,88,0
double_cold,2,inner_validation_sampled_unlabeled,231,174,0
double_cold,2,inner_validation_sampled_unlabeled,87,66,0
double_cold,2,inner_validation_sampled_unlabeled,174,122,0
double_cold,2,inner_validation_sampled_unlabeled,570,40,0
double_cold,2,inner_validation_sampled_unlabeled,87,20,0
double_cold,2,inner_validation_sampled_unlabeled,318,133,0
double_cold,2,inner_validation_sampled_unlabeled,320,133,0
double_cold,2,inner_validation_sampled_unlabeled,242,49,0
double_cold,2,inner_validation_sampled_unlabeled,299,49,0
double_cold,2,inner_validation_sampled_unlabeled,290,40,0
double_cold,2,inner_validation_sampled_unlabeled,103,49,0
double_cold,2,inner_validation_sampled_unlabeled,46,122,0
double_cold,2,inner_validation_sampled_unlabeled,231,88,0
double_cold,2,inner_validation_sampled_unlabeled,299,174,0
double_cold,2,inner_validation_sampled_unlabeled,290,122,0
double_cold,2,inner_validation_sampled_unlabeled,595,160,0
double_cold,2,inner_validation_sampled_unlabeled,103,122,0
double_cold,2,inner_validation_sampled_unlabeled,598,122,0
double_cold,2,inner_validation_sampled_unlabeled,311,160,0
double_cold,2,inner_validation_sampled_unlabeled,326,88,0
double_cold,2,inner_validation_sampled_unlabeled,232,35,0
double_cold,2,inner_validation_sampled_unlabeled,192,133,0
double_cold,2,inner_validation_sampled_unlabeled,179,20,0
double_cold,2,inner_validation_sampled_unlabeled,557,66,0
double_cold,2,outer_test_positive,0,48,1
double_cold,2,outer_test_positive,0,204,1
double_cold,2,outer_test_positive,0,146,1
double_cold,2,outer_test_positive,0,188,1
double_cold,2,outer_test_positive,0,17,1
double_cold,2,outer_test_positive,0,84,1
double_cold,2,outer_test_positive,7,188,1
double_cold,2,outer_test_positive,7,84,1
double_cold,2,outer_test_positive,7,204,1
double_cold,2,outer_test_positive,9,204,1
double_cold,2,outer_test_positive,9,84,1
double_cold,2,outer_test_positive,9,146,1
double_cold,2,outer_test_positive,9,188,1
double_cold,2,outer_test_positive,9,22,1
double_cold,2,outer_test_positive,9,167,1
double_cold,2,outer_test_positive,9,134,1
double_cold,2,outer_test_positive,9,86,1
double_cold,2,outer_test_positive,9,81,1
double_cold,2,outer_test_positive,15,204,1
double_cold,2,outer_test_positive,15,188,1
double_cold,2,outer_test_positive,18,204,1
double_cold,2,outer_test_positive,19,204,1
double_cold,2,outer_test_positive,22,204,1
double_cold,2,outer_test_positive,22,188,1
double_cold,2,outer_test_positive,26,204,1
double_cold,2,outer_test_positive,35,188,1
double_cold,2,outer_test_positive,35,84,1
double_cold,2,outer_test_positive,35,134,1
double_cold,2,outer_test_positive,44,204,1
double_cold,2,outer_test_positive,44,84,1
double_cold,2,outer_test_positive,52,204,1
double_cold,2,outer_test_positive,57,102,1
double_cold,2,outer_test_positive,57,204,1
double_cold,2,outer_test_positive,57,84,1
double_cold,2,outer_test_positive,57,188,1
double_cold,2,outer_test_positive,57,152,1
double_cold,2,outer_test_positive,57,167,1
double_cold,2,outer_test_positive,81,204,1
double_cold,2,outer_test_positive,81,146,1
double_cold,2,outer_test_positive,81,22,1
double_cold,2,outer_test_positive,81,84,1
double_cold,2,outer_test_positive,90,17,1
double_cold,2,outer_test_positive,90,204,1
double_cold,2,outer_test_positive,90,112,1
double_cold,2,outer_test_positive,94,204,1
double_cold,2,outer_test_positive,94,86,1
double_cold,2,outer_test_positive,95,204,1
double_cold,2,outer_test_positive,95,146,1
double_cold,2,outer_test_positive,98,188,1
double_cold,2,outer_test_positive,99,204,1
double_cold,2,outer_test_positive,115,188,1
double_cold,2,outer_test_positive,115,84,1
double_cold,2,outer_test_positive,115,204,1
double_cold,2,outer_test_positive,121,102,1
double_cold,2,outer_test_positive,121,204,1
double_cold,2,outer_test_positive,123,17,1
double_cold,2,outer_test_positive,123,188,1
double_cold,2,outer_test_positive,123,84,1
double_cold,2,outer_test_positive,123,134,1
double_cold,2,outer_test_positive,124,102,1
double_cold,2,outer_test_positive,124,48,1
double_cold,2,outer_test_positive,124,84,1
double_cold,2,outer_test_positive,124,146,1
double_cold,2,outer_test_positive,124,188,1
double_cold,2,outer_test_positive,124,22,1
double_cold,2,outer_test_positive,124,134,1
double_cold,2,outer_test_positive,131,22,1
double_cold,2,outer_test_positive,148,134,1
double_cold,2,outer_test_positive,148,81,1
double_cold,2,outer_test_positive,149,188,1
double_cold,2,outer_test_positive,152,17,1
double_cold,2,outer_test_positive,157,204,1
double_cold,2,outer_test_positive,161,204,1
double_cold,2,outer_test_positive,161,134,1
double_cold,2,outer_test_positive,161,17,1
double_cold,2,outer_test_positive,176,204,1
double_cold,2,outer_test_positive,176,188,1
double_cold,2,outer_test_positive,176,22,1
double_cold,2,outer_test_positive,176,84,1
double_cold,2,outer_test_positive,176,17,1
double_cold,2,outer_test_positive,181,204,1
double_cold,2,outer_test_positive,181,84,1
double_cold,2,outer_test_positive,181,193,1
double_cold,2,outer_test_positive,194,188,1
double_cold,2,outer_test_positive,204,84,1
double_cold,2,outer_test_positive,204,188,1
double_cold,2,outer_test_positive,204,204,1
double_cold,2,outer_test_positive,208,81,1
double_cold,2,outer_test_positive,208,204,1
double_cold,2,outer_test_positive,208,84,1
double_cold,2,outer_test_positive,208,22,1
double_cold,2,outer_test_positive,208,86,1
double_cold,2,outer_test_positive,212,204,1
double_cold,2,outer_test_positive,212,188,1
double_cold,2,outer_test_positive,212,84,1
double_cold,2,outer_test_positive,628,81,1
double_cold,2,outer_test_positive,628,204,1
double_cold,2,outer_test_positive,628,84,1
double_cold,2,outer_test_positive,628,146,1
double_cold,2,outer_test_positive,628,188,1
double_cold,2,outer_test_positive,628,134,1
double_cold,2,outer_test_positive,221,188,1
double_cold,2,outer_test_positive,221,11,1
double_cold,2,outer_test_positive,236,204,1
double_cold,2,outer_test_positive,236,188,1
double_cold,2,outer_test_positive,236,84,1
double_cold,2,outer_test_positive,237,204,1
double_cold,2,outer_test_positive,237,84,1
double_cold,2,outer_test_positive,237,146,1
double_cold,2,outer_test_positive,237,188,1
double_cold,2,outer_test_positive,237,134,1
double_cold,2,outer_test_positive,243,81,1
double_cold,2,outer_test_positive,243,204,1
double_cold,2,outer_test_positive,243,146,1
double_cold,2,outer_test_positive,243,188,1
double_cold,2,outer_test_positive,243,22,1
double_cold,2,outer_test_positive,244,204,1
double_cold,2,outer_test_positive,244,188,1
double_cold,2,outer_test_positive,323,204,1
double_cold,2,outer_test_positive,254,84,1
double_cold,2,outer_test_positive,254,204,1
double_cold,2,outer_test_positive,259,81,1
double_cold,2,outer_test_positive,267,204,1
double_cold,2,outer_test_positive,267,188,1
double_cold,2,outer_test_positive,267,134,1
double_cold,2,outer_test_positive,274,188,1
double_cold,2,outer_test_positive,274,134,1
double_cold,2,outer_test_positive,275,81,1
double_cold,2,outer_test_positive,275,204,1
double_cold,2,outer_test_positive,275,146,1
double_cold,2,outer_test_positive,275,188,1
double_cold,2,outer_test_positive,281,188,1
double_cold,2,outer_test_positive,281,204,1
double_cold,2,outer_test_positive,285,188,1
double_cold,2,outer_test_positive,288,84,1
double_cold,2,outer_test_positive,288,188,1
double_cold,2,outer_test_positive,288,204,1
double_cold,2,outer_test_positive,294,188,1
double_cold,2,outer_test_positive,306,134,1
double_cold,2,outer_test_positive,306,204,1
double_cold,2,outer_test_positive,308,188,1
double_cold,2,outer_test_positive,309,204,1
double_cold,2,outer_test_positive,309,84,1
double_cold,2,outer_test_positive,309,146,1
double_cold,2,outer_test_positive,309,188,1
double_cold,2,outer_test_positive,309,134,1
double_cold,2,outer_test_positive,312,188,1
double_cold,2,outer_test_positive,314,204,1
double_cold,2,outer_test_positive,333,22,1
double_cold,2,outer_test_positive,343,204,1
double_cold,2,outer_test_positive,343,84,1
double_cold,2,outer_test_positive,343,22,1
double_cold,2,outer_test_positive,343,81,1
double_cold,2,outer_test_positive,349,204,1
double_cold,2,outer_test_positive,349,22,1
double_cold,2,outer_test_positive,352,146,1
double_cold,2,outer_test_positive,352,204,1
double_cold,2,outer_test_positive,355,204,1
double_cold,2,outer_test_positive,355,84,1
double_cold,2,outer_test_positive,355,81,1
double_cold,2,outer_test_positive,355,188,1
double_cold,2,outer_test_positive,360,188,1
double_cold,2,outer_test_positive,364,81,1
double_cold,2,outer_test_positive,365,81,1
double_cold,2,outer_test_positive,366,204,1
double_cold,2,outer_test_positive,366,81,1
double_cold,2,outer_test_positive,382,81,1
double_cold,2,outer_test_positive,384,22,1
double_cold,2,outer_test_positive,427,204,1
double_cold,2,outer_test_positive,446,204,1
double_cold,2,outer_test_positive,451,204,1
double_cold,2,outer_test_positive,451,84,1
double_cold,2,outer_test_positive,451,188,1
double_cold,2,outer_test_positive,451,134,1
double_cold,2,outer_test_positive,461,204,1
double_cold,2,outer_test_positive,462,134,1
double_cold,2,outer_test_positive,462,86,1
double_cold,2,outer_test_positive,505,204,1
double_cold,2,outer_test_positive,522,84,1
double_cold,2,outer_test_positive,539,204,1
double_cold,2,outer_test_positive,539,17,1
double_cold,2,outer_test_positive,539,84,1
double_cold,2,outer_test_positive,539,146,1
double_cold,2,outer_test_positive,539,188,1
double_cold,2,outer_test_positive,542,204,1
double_cold,2,outer_test_positive,542,188,1
double_cold,2,outer_test_positive,542,134,1
double_cold,2,outer_test_positive,617,188,1
double_cold,2,outer_test_positive,620,17,1
double_cold,2,outer_test_positive,620,84,1
double_cold,2,outer_test_positive,620,188,1
double_cold,2,outer_test_positive,620,134,1
double_cold,2,outer_test_positive,568,204,1
double_cold,2,outer_test_positive,568,188,1
double_cold,2,outer_test_positive,568,134,1
double_cold,2,outer_test_positive,582,204,1
double_cold,2,outer_test_positive,582,84,1
double_cold,2,outer_test_positive,582,188,1
double_cold,2,outer_test_positive,582,75,1
double_cold,2,outer_test_positive,584,204,1
double_cold,2,outer_test_positive,584,84,1
double_cold,2,outer_test_positive,584,188,1
double_cold,2,outer_test_positive,594,204,1
double_cold,2,outer_test_positive,594,84,1
double_cold,2,outer_test_sampled_unlabeled,522,11,0
double_cold,2,outer_test_sampled_unlabeled,244,146,0
double_cold,2,outer_test_sampled_unlabeled,7,81,0
double_cold,2,outer_test_sampled_unlabeled,427,75,0
double_cold,2,outer_test_sampled_unlabeled,505,86,0
double_cold,2,outer_test_sampled_unlabeled,308,112,0
double_cold,2,outer_test_sampled_unlabeled,288,152,0
double_cold,2,outer_test_sampled_unlabeled,382,134,0
double_cold,2,outer_test_sampled_unlabeled,462,188,0
double_cold,2,outer_test_sampled_unlabeled,308,75,0
double_cold,2,outer_test_sampled_unlabeled,131,134,0
double_cold,2,outer_test_sampled_unlabeled,446,146,0
double_cold,2,outer_test_sampled_unlabeled,57,75,0
double_cold,2,outer_test_sampled_unlabeled,294,204,0
double_cold,2,outer_test_sampled_unlabeled,620,152,0
double_cold,2,outer_test_sampled_unlabeled,244,11,0
double_cold,2,outer_test_sampled_unlabeled,352,81,0
double_cold,2,outer_test_sampled_unlabeled,244,75,0
double_cold,2,outer_test_sampled_unlabeled,35,81,0
double_cold,2,outer_test_sampled_unlabeled,584,86,0
double_cold,2,outer_test_sampled_unlabeled,204,48,0
double_cold,2,outer_test_sampled_unlabeled,267,86,0
double_cold,2,outer_test_sampled_unlabeled,95,22,0
double_cold,2,outer_test_sampled_unlabeled,281,48,0
double_cold,2,outer_test_sampled_unlabeled,294,167,0
double_cold,2,outer_test_sampled_unlabeled,95,86,0
double_cold,2,outer_test_sampled_unlabeled,259,112,0
double_cold,2,outer_test_sampled_unlabeled,522,86,0
double_cold,2,outer_test_sampled_unlabeled,288,17,0
double_cold,2,outer_test_sampled_unlabeled,427,86,0
double_cold,2,outer_test_sampled_unlabeled,208,146,0
double_cold,2,outer_test_sampled_unlabeled,274,146,0
double_cold,2,outer_test_sampled_unlabeled,281,75,0
double_cold,2,outer_test_sampled_unlabeled,19,75,0
double_cold,2,outer_test_sampled_unlabeled,237,17,0
double_cold,2,outer_test_sampled_unlabeled,157,146,0
double_cold,2,outer_test_sampled_unlabeled,285,11,0
double_cold,2,outer_test_sampled_unlabeled,99,193,0
double_cold,2,outer_test_sampled_unlabeled,131,17,0
double_cold,2,outer_test_sampled_unlabeled,446,84,0
double_cold,2,outer_test_sampled_unlabeled,131,81,0
double_cold,2,outer_test_sampled_unlabeled,221,48,0
double_cold,2,outer_test_sampled_unlabeled,617,167,0
double_cold,2,outer_test_sampled_unlabeled,221,112,0
double_cold,2,outer_test_sampled_unlabeled,366,167,0
double_cold,2,outer_test_sampled_unlabeled,244,22,0
double_cold,2,outer_test_sampled_unlabeled,244,86,0
double_cold,2,outer_test_sampled_unlabeled,584,152,0
double_cold,2,outer_test_sampled_unlabeled,382,102,0
double_cold,2,outer_test_sampled_unlabeled,505,17,0
double_cold,2,outer_test_sampled_unlabeled,364,75,0
double_cold,2,outer_test_sampled_unlabeled,505,81,0
double_cold,2,outer_test_sampled_unlabeled,582,17,0
double_cold,2,outer_test_sampled_unlabeled,157,11,0
double_cold,2,outer_test_sampled_unlabeled,254,81,0
double_cold,2,outer_test_sampled_unlabeled,237,193,0
double_cold,2,outer_test_sampled_unlabeled,157,84,0
double_cold,2,outer_test_sampled_unlabeled,274,102,0
double_cold,2,outer_test_sampled_unlabeled,194,167,0
double_cold,2,outer_test_sampled_unlabeled,194,112,0
double_cold,2,outer_test_sampled_unlabeled,22,167,0
double_cold,2,outer_test_sampled_unlabeled,355,11,0
double_cold,2,outer_test_sampled_unlabeled,244,134,0
double_cold,2,outer_test_sampled_unlabeled,15,146,0
double_cold,2,outer_test_sampled_unlabeled,131,86,0
double_cold,2,outer_test_sampled_unlabeled,244,152,0
double_cold,2,outer_test_sampled_unlabeled,461,193,0
double_cold,2,outer_test_sampled_unlabeled,568,112,0
double_cold,2,outer_test_sampled_unlabeled,505,193,0
double_cold,2,outer_test_sampled_unlabeled,157,86,0
double_cold,2,outer_test_sampled_unlabeled,121,11,0
double_cold,2,outer_test_sampled_unlabeled,176,11,0
double_cold,2,outer_test_sampled_unlabeled,204,146,0
double_cold,2,outer_test_sampled_unlabeled,15,11,0
double_cold,2,outer_test_sampled_unlabeled,99,17,0
double_cold,2,outer_test_sampled_unlabeled,26,11,0
double_cold,2,outer_test_sampled_unlabeled,98,146,0
double_cold,2,outer_test_sampled_unlabeled,81,75,0
double_cold,2,outer_test_sampled_unlabeled,620,167,0
double_cold,2,outer_test_sampled_unlabeled,95,193,0
double_cold,2,outer_test_sampled_unlabeled,115,22,0
double_cold,2,outer_test_sampled_unlabeled,94,112,0
double_cold,2,outer_test_sampled_unlabeled,294,48,0
double_cold,2,outer_test_sampled_unlabeled,343,188,0
double_cold,2,outer_test_sampled_unlabeled,349,48,0
double_cold,2,outer_test_sampled_unlabeled,149,11,0
double_cold,2,outer_test_sampled_unlabeled,617,146,0
double_cold,2,outer_test_sampled_unlabeled,446,17,0
double_cold,2,outer_test_sampled_unlabeled,360,11,0
double_cold,2,outer_test_sampled_unlabeled,281,84,0
double_cold,2,outer_test_sampled_unlabeled,19,84,0
double_cold,2,outer_test_sampled_unlabeled,121,86,0
double_cold,2,outer_test_sampled_unlabeled,323,193,0
double_cold,2,outer_test_sampled_unlabeled,308,22,0
double_cold,2,outer_test_sampled_unlabeled,281,102,0
double_cold,2,outer_test_sampled_unlabeled,236,134,0
double_cold,2,outer_test_sampled_unlabeled,384,188,0
double_cold,2,outer_test_sampled_unlabeled,617,112,0
double_cold,2,outer_test_sampled_unlabeled,461,188,0
double_cold,2,outer_test_sampled_unlabeled,81,86,0
double_cold,2,outer_test_sampled_unlabeled,19,102,0
double_cold,2,outer_test_sampled_unlabeled,208,17,0
double_cold,2,outer_test_sampled_unlabeled,323,86,0
double_cold,2,outer_test_sampled_unlabeled,628,11,0
double_cold,2,outer_test_sampled_unlabeled,194,146,0
double_cold,2,outer_test_sampled_unlabeled,617,11,0
double_cold,2,outer_test_sampled_unlabeled,221,75,0
double_cold,2,outer_test_sampled_unlabeled,148,188,0
double_cold,2,outer_test_sampled_unlabeled,366,75,0
double_cold,2,outer_test_sampled_unlabeled,312,193,0
double_cold,2,outer_test_sampled_unlabeled,157,81,0
double_cold,2,outer_test_sampled_unlabeled,212,81,0
double_cold,2,outer_test_sampled_unlabeled,446,193,0
double_cold,2,outer_test_sampled_unlabeled,181,75,0
double_cold,2,outer_test_sampled_unlabeled,259,22,0
double_cold,2,outer_test_sampled_unlabeled,152,167,0
double_cold,2,outer_test_sampled_unlabeled,95,188,0
double_cold,2,outer_test_sampled_unlabeled,7,11,0
double_cold,2,outer_test_sampled_unlabeled,542,17,0
double_cold,2,outer_test_sampled_unlabeled,18,75,0
double_cold,2,outer_test_sampled_unlabeled,542,81,0
double_cold,2,outer_test_sampled_unlabeled,9,112,0
double_cold,2,outer_test_sampled_unlabeled,355,102,0
double_cold,2,outer_test_sampled_unlabeled,157,193,0
double_cold,2,outer_test_sampled_unlabeled,221,22,0
double_cold,2,outer_test_sampled_unlabeled,194,102,0
double_cold,2,outer_test_sampled_unlabeled,35,112,0
double_cold,2,outer_test_sampled_unlabeled,149,134,0
double_cold,2,outer_test_sampled_unlabeled,90,48,0
double_cold,2,outer_test_sampled_unlabeled,35,11,0
double_cold,2,outer_test_sampled_unlabeled,176,81,0
double_cold,2,outer_test_sampled_unlabeled,259,152,0
double_cold,2,outer_test_sampled_unlabeled,451,75,0
double_cold,2,outer_test_sampled_unlabeled,382,204,0
double_cold,2,outer_test_sampled_unlabeled,90,84,0
double_cold,2,outer_test_sampled_unlabeled,343,112,0
double_cold,2,outer_test_sampled_unlabeled,568,102,0
double_cold,2,outer_test_sampled_unlabeled,355,22,0
double_cold,2,outer_test_sampled_unlabeled,285,152,0
double_cold,2,outer_test_sampled_unlabeled,237,167,0
double_cold,2,outer_test_sampled_unlabeled,131,48,0
double_cold,2,outer_test_sampled_unlabeled,620,75,0
double_cold,2,outer_test_sampled_unlabeled,149,17,0
double_cold,2,outer_test_sampled_unlabeled,243,152,0
double_cold,2,outer_test_sampled_unlabeled,281,81,0
double_cold,2,outer_test_sampled_unlabeled,52,84,0
double_cold,2,outer_test_sampled_unlabeled,594,193,0
double_cold,2,outer_test_sampled_unlabeled,461,48,0
double_cold,2,outer_test_sampled_unlabeled,384,167,0
double_cold,2,outer_test_sampled_unlabeled,308,193,0
double_cold,2,outer_test_sampled_unlabeled,0,22,0
double_cold,2,outer_test_sampled_unlabeled,81,193,0
double_cold,2,outer_test_sampled_unlabeled,582,167,0
double_cold,2,outer_test_sampled_unlabeled,15,22,0
double_cold,2,outer_test_sampled_unlabeled,15,86,0
double_cold,2,outer_test_sampled_unlabeled,115,152,0
double_cold,2,outer_test_sampled_unlabeled,243,17,0
double_cold,2,outer_test_sampled_unlabeled,364,17,0
double_cold,2,outer_test_sampled_unlabeled,584,112,0
double_cold,2,outer_test_sampled_unlabeled,333,167,0
double_cold,2,outer_test_sampled_unlabeled,181,17,0
double_cold,2,outer_test_sampled_unlabeled,522,48,0
double_cold,2,outer_test_sampled_unlabeled,98,193,0
double_cold,2,outer_test_sampled_unlabeled,90,134,0
double_cold,2,outer_test_sampled_unlabeled,333,75,0
double_cold,2,outer_test_sampled_unlabeled,617,102,0
double_cold,2,outer_test_sampled_unlabeled,294,86,0
double_cold,2,outer_test_sampled_unlabeled,115,17,0
double_cold,2,outer_test_sampled_unlabeled,44,167,0
double_cold,2,outer_test_sampled_unlabeled,123,48,0
double_cold,2,outer_test_sampled_unlabeled,323,167,0
double_cold,2,outer_test_sampled_unlabeled,152,102,0
double_cold,2,outer_test_sampled_unlabeled,44,75,0
double_cold,2,outer_test_sampled_unlabeled,462,81,0
double_cold,2,outer_test_sampled_unlabeled,594,17,0
double_cold,2,outer_test_sampled_unlabeled,294,152,0
double_cold,2,outer_test_sampled_unlabeled,7,22,0
double_cold,2,outer_test_sampled_unlabeled,285,167,0
double_cold,2,outer_test_sampled_unlabeled,35,102,0
double_cold,2,outer_test_sampled_unlabeled,259,188,0
double_cold,2,outer_test_sampled_unlabeled,505,146,0
double_cold,2,outer_test_sampled_unlabeled,19,188,0
double_cold,2,outer_test_sampled_unlabeled,131,11,0
double_cold,2,outer_test_sampled_unlabeled,35,193,0
double_cold,2,outer_test_sampled_unlabeled,0,193,0
double_cold,2,outer_test_sampled_unlabeled,451,193,0
double_cold,2,outer_test_sampled_unlabeled,333,134,0
double_cold,2,outer_test_sampled_unlabeled,294,81,0
double_cold,2,outer_test_sampled_unlabeled,384,112,0
double_cold,2,outer_test_sampled_unlabeled,212,167,0
double_cold,2,outer_test_sampled_unlabeled,352,86,0
double_cold,2,outer_test_sampled_unlabeled,152,134,0
double_cold,2,outer_test_sampled_unlabeled,161,146,0
double_cold,2,outer_test_sampled_unlabeled,18,152,0
double_cold,2,outer_test_sampled_unlabeled,152,152,0
double_cold,2,outer_test_sampled_unlabeled,115,167,0
double_cold,2,outer_test_sampled_unlabeled,52,193,0
double_cold,2,outer_test_sampled_unlabeled,236,48,0
double_cold,2,outer_test_sampled_unlabeled,236,112,0
double_cold,2,outer_test_sampled_unlabeled,99,134,0
double_cold,2,outer_test_sampled_unlabeled,382,86,0
double_cold,2,outer_test_sampled_unlabeled,52,22,0
double_cold,2,outer_test_sampled_unlabeled,52,86,0
double_cold,2,outer_test_sampled_unlabeled,462,204,0
double_cold,3,inner_train_positive,1,188,1
double_cold,3,inner_train_positive,1,103,1
double_cold,3,inner_train_positive,1,142,1
double_cold,3,inner_train_positive,1,84,1
double_cold,3,inner_train_positive,1,7,1
double_cold,3,inner_train_positive,1,74,1
double_cold,3,inner_train_positive,2,7,1
double_cold,3,inner_train_positive,2,103,1
double_cold,3,inner_train_positive,4,188,1
double_cold,3,inner_train_positive,4,55,1
double_cold,3,inner_train_positive,4,103,1
double_cold,3,inner_train_positive,6,188,1
double_cold,3,inner_train_positive,6,103,1
double_cold,3,inner_train_positive,6,204,1
double_cold,3,inner_train_positive,6,3,1
double_cold,3,inner_train_positive,7,188,1
double_cold,3,inner_train_positive,7,103,1
double_cold,3,inner_train_positive,7,142,1
double_cold,3,inner_train_positive,7,55,1
double_cold,3,inner_train_positive,7,84,1
double_cold,3,inner_train_positive,7,204,1
double_cold,3,inner_train_positive,9,89,1
double_cold,3,inner_train_positive,9,103,1
double_cold,3,inner_train_positive,9,21,1
double_cold,3,inner_train_positive,9,74,1
double_cold,3,inner_train_positive,9,44,1
double_cold,3,inner_train_positive,9,3,1
double_cold,3,inner_train_positive,9,55,1
double_cold,3,inner_train_positive,9,204,1
double_cold,3,inner_train_positive,9,84,1
double_cold,3,inner_train_positive,9,43,1
double_cold,3,inner_train_positive,9,146,1
double_cold,3,inner_train_positive,9,188,1
double_cold,3,inner_train_positive,9,22,1
double_cold,3,inner_train_positive,9,142,1
double_cold,3,inner_train_positive,9,167,1
double_cold,3,inner_train_positive,9,134,1
double_cold,3,inner_train_positive,9,7,1
double_cold,3,inner_train_positive,9,86,1
double_cold,3,inner_train_positive,9,81,1
double_cold,3,inner_train_positive,9,150,1
double_cold,3,inner_train_positive,11,89,1
double_cold,3,inner_train_positive,11,7,1
double_cold,3,inner_train_positive,11,186,1
double_cold,3,inner_train_positive,11,103,1
double_cold,3,inner_train_positive,11,204,1
double_cold,3,inner_train_positive,11,188,1
double_cold,3,inner_train_positive,11,43,1
double_cold,3,inner_train_positive,11,84,1
double_cold,3,inner_train_positive,11,74,1
double_cold,3,inner_train_positive,11,16,1
double_cold,3,inner_train_positive,11,81,1
double_cold,3,inner_train_positive,12,209,1
double_cold,3,inner_train_positive,12,3,1
double_cold,3,inner_train_positive,12,74,1
double_cold,3,inner_train_positive,12,103,1
double_cold,3,inner_train_positive,12,142,1
double_cold,3,inner_train_positive,12,7,1
double_cold,3,inner_train_positive,12,84,1
double_cold,3,inner_train_positive,12,40,1
double_cold,3,inner_train_positive,13,89,1
double_cold,3,inner_train_positive,13,103,1
double_cold,3,inner_train_positive,13,55,1
double_cold,3,inner_train_positive,13,204,1
double_cold,3,inner_train_positive,13,7,1
double_cold,3,inner_train_positive,13,84,1
double_cold,3,inner_train_positive,14,89,1
double_cold,3,inner_train_positive,14,74,1
double_cold,3,inner_train_positive,14,103,1
double_cold,3,inner_train_positive,14,7,1
double_cold,3,inner_train_positive,14,204,1
double_cold,3,inner_train_positive,14,84,1
double_cold,3,inner_train_positive,14,55,1
double_cold,3,inner_train_positive,18,204,1
double_cold,3,inner_train_positive,19,204,1
double_cold,3,inner_train_positive,21,204,1
double_cold,3,inner_train_positive,21,188,1
double_cold,3,inner_train_positive,21,74,1
double_cold,3,inner_train_positive,21,103,1
double_cold,3,inner_train_positive,22,103,1
double_cold,3,inner_train_positive,22,204,1
double_cold,3,inner_train_positive,22,188,1
double_cold,3,inner_train_positive,22,55,1
double_cold,3,inner_train_positive,22,3,1
double_cold,3,inner_train_positive,26,204,1
double_cold,3,inner_train_positive,28,55,1
double_cold,3,inner_train_positive,30,204,1
double_cold,3,inner_train_positive,30,55,1
double_cold,3,inner_train_positive,31,89,1
double_cold,3,inner_train_positive,31,74,1
double_cold,3,inner_train_positive,31,103,1
double_cold,3,inner_train_positive,31,17,1
double_cold,3,inner_train_positive,31,7,1
double_cold,3,inner_train_positive,31,204,1
double_cold,3,inner_train_positive,31,84,1
double_cold,3,inner_train_positive,31,134,1
double_cold,3,inner_train_positive,31,86,1
double_cold,3,inner_train_positive,33,7,1
double_cold,3,inner_train_positive,33,55,1
double_cold,3,inner_train_positive,33,89,1
double_cold,3,inner_train_positive,33,103,1
double_cold,3,inner_train_positive,33,74,1
double_cold,3,inner_train_positive,33,204,1
double_cold,3,inner_train_positive,36,103,1
double_cold,3,inner_train_positive,36,142,1
double_cold,3,inner_train_positive,36,89,1
double_cold,3,inner_train_positive,36,134,1
double_cold,3,inner_train_positive,36,55,1
double_cold,3,inner_train_positive,37,209,1
double_cold,3,inner_train_positive,37,204,1
double_cold,3,inner_train_positive,37,89,1
double_cold,3,inner_train_positive,37,134,1
double_cold,3,inner_train_positive,41,103,1
double_cold,3,inner_train_positive,41,134,1
double_cold,3,inner_train_positive,41,55,1
double_cold,3,inner_train_positive,43,103,1
double_cold,3,inner_train_positive,43,55,1
double_cold,3,inner_train_positive,43,204,1
double_cold,3,inner_train_positive,43,89,1
double_cold,3,inner_train_positive,43,7,1
double_cold,3,inner_train_positive,43,17,1
double_cold,3,inner_train_positive,43,22,1
double_cold,3,inner_train_positive,43,3,1
double_cold,3,inner_train_positive,43,74,1
double_cold,3,inner_train_positive,43,150,1
double_cold,3,inner_train_positive,43,146,1
double_cold,3,inner_train_positive,43,142,1
double_cold,3,inner_train_positive,45,55,1
double_cold,3,inner_train_positive,45,7,1
double_cold,3,inner_train_positive,45,95,1
double_cold,3,inner_train_positive,45,3,1
double_cold,3,inner_train_positive,46,94,1
double_cold,3,inner_train_positive,46,204,1
double_cold,3,inner_train_positive,49,89,1
double_cold,3,inner_train_positive,50,89,1
double_cold,3,inner_train_positive,50,95,1
double_cold,3,inner_train_positive,52,204,1
double_cold,3,inner_train_positive,54,188,1
double_cold,3,inner_train_positive,54,3,1
double_cold,3,inner_train_positive,54,55,1
double_cold,3,inner_train_positive,54,94,1
double_cold,3,inner_train_positive,54,7,1
double_cold,3,inner_train_positive,54,204,1
double_cold,3,inner_train_positive,54,103,1
double_cold,3,inner_train_positive,55,89,1
double_cold,3,inner_train_positive,55,55,1
double_cold,3,inner_train_positive,55,3,1
double_cold,3,inner_train_positive,55,103,1
double_cold,3,inner_train_positive,55,7,1
double_cold,3,inner_train_positive,55,188,1
double_cold,3,inner_train_positive,55,86,1
double_cold,3,inner_train_positive,55,74,1
double_cold,3,inner_train_positive,56,89,1
double_cold,3,inner_train_positive,56,44,1
double_cold,3,inner_train_positive,56,103,1
double_cold,3,inner_train_positive,56,175,1
double_cold,3,inner_train_positive,56,7,1
double_cold,3,inner_train_positive,56,102,1
double_cold,3,inner_train_positive,56,55,1
double_cold,3,inner_train_positive,56,165,1
double_cold,3,inner_train_positive,56,17,1
double_cold,3,inner_train_positive,56,43,1
double_cold,3,inner_train_positive,56,204,1
double_cold,3,inner_train_positive,56,84,1
double_cold,3,inner_train_positive,56,3,1
double_cold,3,inner_train_positive,56,188,1
double_cold,3,inner_train_positive,56,74,1
double_cold,3,inner_train_positive,56,196,1
double_cold,3,inner_train_positive,56,86,1
double_cold,3,inner_train_positive,56,94,1
double_cold,3,inner_train_positive,56,142,1
double_cold,3,inner_train_positive,57,103,1
double_cold,3,inner_train_positive,57,89,1
double_cold,3,inner_train_positive,57,44,1
double_cold,3,inner_train_positive,57,205,1
double_cold,3,inner_train_positive,57,3,1
double_cold,3,inner_train_positive,57,102,1
double_cold,3,inner_train_positive,57,204,1
double_cold,3,inner_train_positive,57,53,1
double_cold,3,inner_train_positive,57,84,1
double_cold,3,inner_train_positive,57,59,1
double_cold,3,inner_train_positive,57,55,1
double_cold,3,inner_train_positive,57,35,1
double_cold,3,inner_train_positive,57,188,1
double_cold,3,inner_train_positive,57,74,1
double_cold,3,inner_train_positive,57,7,1
double_cold,3,inner_train_positive,57,142,1
double_cold,3,inner_train_positive,57,162,1
double_cold,3,inner_train_positive,57,152,1
double_cold,3,inner_train_positive,57,158,1
double_cold,3,inner_train_positive,57,167,1
double_cold,3,inner_train_positive,57,150,1
double_cold,3,inner_train_positive,59,55,1
double_cold,3,inner_train_positive,62,160,1
double_cold,3,inner_train_positive,62,142,1
double_cold,3,inner_train_positive,62,55,1
double_cold,3,inner_train_positive,64,89,1
double_cold,3,inner_train_positive,64,142,1
double_cold,3,inner_train_positive,64,94,1
double_cold,3,inner_train_positive,64,103,1
double_cold,3,inner_train_positive,67,89,1
double_cold,3,inner_train_positive,67,103,1
double_cold,3,inner_train_positive,67,204,1
double_cold,3,inner_train_positive,67,84,1
double_cold,3,inner_train_positive,67,188,1
double_cold,3,inner_train_positive,67,142,1
double_cold,3,inner_train_positive,67,134,1
double_cold,3,inner_train_positive,69,103,1
double_cold,3,inner_train_positive,65,103,1
double_cold,3,inner_train_positive,65,160,1
double_cold,3,inner_train_positive,65,129,1
double_cold,3,inner_train_positive,65,3,1
double_cold,3,inner_train_positive,66,103,1
double_cold,3,inner_train_positive,68,204,1
double_cold,3,inner_train_positive,68,55,1
double_cold,3,inner_train_positive,68,103,1
double_cold,3,inner_train_positive,68,7,1
double_cold,3,inner_train_positive,68,188,1
double_cold,3,inner_train_positive,68,134,1
double_cold,3,inner_train_positive,72,103,1
double_cold,3,inner_train_positive,74,89,1
double_cold,3,inner_train_positive,74,21,1
double_cold,3,inner_train_positive,74,14,1
double_cold,3,inner_train_positive,74,52,1
double_cold,3,inner_train_positive,74,29,1
double_cold,3,inner_train_positive,74,204,1
double_cold,3,inner_train_positive,74,103,1
double_cold,3,inner_train_positive,74,146,1
double_cold,3,inner_train_positive,74,188,1
double_cold,3,inner_train_positive,74,55,1
double_cold,3,inner_train_positive,74,7,1
double_cold,3,inner_train_positive,74,74,1
double_cold,3,inner_train_positive,74,84,1
double_cold,3,inner_train_positive,75,204,1
double_cold,3,inner_train_positive,75,89,1
double_cold,3,inner_train_positive,75,103,1
double_cold,3,inner_train_positive,77,103,1
double_cold,3,inner_train_positive,81,204,1
double_cold,3,inner_train_positive,81,55,1
double_cold,3,inner_train_positive,81,146,1
double_cold,3,inner_train_positive,81,22,1
double_cold,3,inner_train_positive,81,142,1
double_cold,3,inner_train_positive,81,84,1
double_cold,3,inner_train_positive,81,61,1
double_cold,3,inner_train_positive,82,7,1
double_cold,3,inner_train_positive,82,55,1
double_cold,3,inner_train_positive,82,188,1
double_cold,3,inner_train_positive,82,74,1
double_cold,3,inner_train_positive,82,160,1
double_cold,3,inner_train_positive,82,103,1
double_cold,3,inner_train_positive,88,3,1
double_cold,3,inner_train_positive,88,160,1
double_cold,3,inner_train_positive,88,103,1
double_cold,3,inner_train_positive,90,3,1
double_cold,3,inner_train_positive,90,103,1
double_cold,3,inner_train_positive,90,89,1
double_cold,3,inner_train_positive,90,7,1
double_cold,3,inner_train_positive,90,17,1
double_cold,3,inner_train_positive,90,91,1
double_cold,3,inner_train_positive,90,55,1
double_cold,3,inner_train_positive,90,16,1
double_cold,3,inner_train_positive,90,204,1
double_cold,3,inner_train_positive,90,42,1
double_cold,3,inner_train_positive,90,74,1
double_cold,3,inner_train_positive,90,161,1
double_cold,3,inner_train_positive,84,103,1
double_cold,3,inner_train_positive,84,55,1
double_cold,3,inner_train_positive,84,204,1
double_cold,3,inner_train_positive,84,7,1
double_cold,3,inner_train_positive,84,17,1
double_cold,3,inner_train_positive,84,74,1
double_cold,3,inner_train_positive,84,188,1
double_cold,3,inner_train_positive,84,89,1
double_cold,3,inner_train_positive,84,134,1
double_cold,3,inner_train_positive,84,173,1
double_cold,3,inner_train_positive,85,89,1
double_cold,3,inner_train_positive,85,74,1
double_cold,3,inner_train_positive,85,146,1
double_cold,3,inner_train_positive,85,7,1
double_cold,3,inner_train_positive,87,160,1
double_cold,3,inner_train_positive,87,89,1
double_cold,3,inner_train_positive,87,204,1
double_cold,3,inner_train_positive,87,146,1
double_cold,3,inner_train_positive,87,103,1
double_cold,3,inner_train_positive,91,103,1
double_cold,3,inner_train_positive,91,7,1
double_cold,3,inner_train_positive,91,134,1
double_cold,3,inner_train_positive,91,55,1
double_cold,3,inner_train_positive,93,103,1
double_cold,3,inner_train_positive,94,103,1
double_cold,3,inner_train_positive,94,204,1
double_cold,3,inner_train_positive,94,89,1
double_cold,3,inner_train_positive,94,86,1
double_cold,3,inner_train_positive,95,204,1
double_cold,3,inner_train_positive,95,55,1
double_cold,3,inner_train_positive,95,146,1
double_cold,3,inner_train_positive,95,103,1
double_cold,3,inner_train_positive,95,142,1
double_cold,3,inner_train_positive,95,7,1
double_cold,3,inner_train_positive,97,204,1
double_cold,3,inner_train_positive,97,134,1
double_cold,3,inner_train_positive,97,89,1
double_cold,3,inner_train_positive,97,150,1
double_cold,3,inner_train_positive,98,160,1
double_cold,3,inner_train_positive,98,188,1
double_cold,3,inner_train_positive,98,94,1
double_cold,3,inner_train_positive,99,204,1
double_cold,3,inner_train_positive,99,103,1
double_cold,3,inner_train_positive,101,89,1
double_cold,3,inner_train_positive,101,74,1
double_cold,3,inner_train_positive,101,3,1
double_cold,3,inner_train_positive,101,103,1
double_cold,3,inner_train_positive,101,55,1
double_cold,3,inner_train_positive,101,204,1
double_cold,3,inner_train_positive,101,84,1
double_cold,3,inner_train_positive,101,7,1
double_cold,3,inner_train_positive,101,188,1
double_cold,3,inner_train_positive,101,142,1
double_cold,3,inner_train_positive,101,81,1
double_cold,3,inner_train_positive,101,17,1
double_cold,3,inner_train_positive,102,74,1
double_cold,3,inner_train_positive,102,103,1
double_cold,3,inner_train_positive,102,7,1
double_cold,3,inner_train_positive,102,55,1
double_cold,3,inner_train_positive,102,188,1
double_cold,3,inner_train_positive,102,22,1
double_cold,3,inner_train_positive,102,89,1
double_cold,3,inner_train_positive,102,94,1
double_cold,3,inner_train_positive,102,204,1
double_cold,3,inner_train_positive,102,43,1
double_cold,3,inner_train_positive,103,89,1
double_cold,3,inner_train_positive,103,21,1
double_cold,3,inner_train_positive,103,103,1
double_cold,3,inner_train_positive,103,205,1
double_cold,3,inner_train_positive,103,78,1
double_cold,3,inner_train_positive,103,7,1
double_cold,3,inner_train_positive,103,55,1
double_cold,3,inner_train_positive,103,84,1
double_cold,3,inner_train_positive,103,146,1
double_cold,3,inner_train_positive,103,188,1
double_cold,3,inner_train_positive,103,160,1
double_cold,3,inner_train_positive,103,129,1
double_cold,3,inner_train_positive,103,74,1
double_cold,3,inner_train_positive,104,204,1
double_cold,3,inner_train_positive,104,103,1
double_cold,3,inner_train_positive,106,204,1
double_cold,3,inner_train_positive,106,142,1
double_cold,3,inner_train_positive,106,140,1
double_cold,3,inner_train_positive,106,55,1
double_cold,3,inner_train_positive,622,89,1
double_cold,3,inner_train_positive,622,103,1
double_cold,3,inner_train_positive,622,94,1
double_cold,3,inner_train_positive,622,7,1
double_cold,3,inner_train_positive,622,55,1
double_cold,3,inner_train_positive,622,86,1
double_cold,3,inner_train_positive,622,84,1
double_cold,3,inner_train_positive,622,150,1
double_cold,3,inner_train_positive,107,74,1
double_cold,3,inner_train_positive,107,89,1
double_cold,3,inner_train_positive,107,103,1
double_cold,3,inner_train_positive,107,84,1
double_cold,3,inner_train_positive,107,7,1
double_cold,3,inner_train_positive,107,55,1
double_cold,3,inner_train_positive,107,3,1
double_cold,3,inner_train_positive,107,204,1
double_cold,3,inner_train_positive,108,89,1
double_cold,3,inner_train_positive,108,55,1
double_cold,3,inner_train_positive,108,84,1
double_cold,3,inner_train_positive,108,103,1
double_cold,3,inner_train_positive,108,192,1
double_cold,3,inner_train_positive,108,115,1
double_cold,3,inner_train_positive,108,188,1
double_cold,3,inner_train_positive,108,160,1
double_cold,3,inner_train_positive,108,7,1
double_cold,3,inner_train_positive,108,86,1
double_cold,3,inner_train_positive,108,161,1
double_cold,3,inner_train_positive,109,89,1
double_cold,3,inner_train_positive,109,21,1
double_cold,3,inner_train_positive,109,74,1
double_cold,3,inner_train_positive,109,103,1
double_cold,3,inner_train_positive,109,204,1
double_cold,3,inner_train_positive,109,3,1
double_cold,3,inner_train_positive,109,22,1
double_cold,3,inner_train_positive,109,55,1
double_cold,3,inner_train_positive,109,84,1
double_cold,3,inner_train_positive,109,7,1
double_cold,3,inner_train_positive,109,188,1
double_cold,3,inner_train_positive,109,17,1
double_cold,3,inner_train_positive,111,74,1
double_cold,3,inner_train_positive,111,103,1
double_cold,3,inner_train_positive,111,3,1
double_cold,3,inner_train_positive,112,89,1
double_cold,3,inner_train_positive,112,103,1
double_cold,3,inner_train_positive,112,43,1
double_cold,3,inner_train_positive,112,17,1
double_cold,3,inner_train_positive,112,204,1
double_cold,3,inner_train_positive,112,74,1
double_cold,3,inner_train_positive,112,171,1
double_cold,3,inner_train_positive,112,134,1
double_cold,3,inner_train_positive,112,84,1
double_cold,3,inner_train_positive,112,142,1
double_cold,3,inner_train_positive,113,3,1
double_cold,3,inner_train_positive,113,103,1
double_cold,3,inner_train_positive,113,102,1
double_cold,3,inner_train_positive,113,89,1
double_cold,3,inner_train_positive,113,7,1
double_cold,3,inner_train_positive,113,55,1
double_cold,3,inner_train_positive,113,84,1
double_cold,3,inner_train_positive,113,150,1
double_cold,3,inner_train_positive,113,160,1
double_cold,3,inner_train_positive,113,17,1
double_cold,3,inner_train_positive,113,11,1
double_cold,3,inner_train_positive,113,16,1
double_cold,3,inner_train_positive,113,204,1
double_cold,3,inner_train_positive,115,103,1
double_cold,3,inner_train_positive,115,188,1
double_cold,3,inner_train_positive,115,74,1
double_cold,3,inner_train_positive,115,150,1
double_cold,3,inner_train_positive,115,7,1
double_cold,3,inner_train_positive,115,84,1
double_cold,3,inner_train_positive,115,204,1
double_cold,3,inner_train_positive,117,89,1
double_cold,3,inner_train_positive,117,21,1
double_cold,3,inner_train_positive,117,103,1
double_cold,3,inner_train_positive,117,44,1
double_cold,3,inner_train_positive,117,205,1
double_cold,3,inner_train_positive,117,3,1
double_cold,3,inner_train_positive,117,7,1
double_cold,3,inner_train_positive,117,94,1
double_cold,3,inner_train_positive,117,122,1
double_cold,3,inner_train_positive,117,55,1
double_cold,3,inner_train_positive,117,204,1
double_cold,3,inner_train_positive,117,185,1
double_cold,3,inner_train_positive,117,188,1
double_cold,3,inner_train_positive,117,84,1
double_cold,3,inner_train_positive,117,18,1
double_cold,3,inner_train_positive,117,16,1
double_cold,3,inner_train_positive,117,81,1
double_cold,3,inner_train_positive,119,160,1
double_cold,3,inner_train_positive,119,103,1
double_cold,3,inner_train_positive,119,86,1
double_cold,3,inner_train_positive,119,84,1
double_cold,3,inner_train_positive,119,204,1
double_cold,3,inner_train_positive,119,7,1
double_cold,3,inner_train_positive,119,16,1
double_cold,3,inner_train_positive,119,81,1
double_cold,3,inner_train_positive,119,2,1
double_cold,3,inner_train_positive,119,74,1
double_cold,3,inner_train_positive,121,102,1
double_cold,3,inner_train_positive,121,103,1
double_cold,3,inner_train_positive,121,94,1
double_cold,3,inner_train_positive,121,55,1
double_cold,3,inner_train_positive,121,160,1
double_cold,3,inner_train_positive,121,129,1
double_cold,3,inner_train_positive,121,7,1
double_cold,3,inner_train_positive,121,89,1
double_cold,3,inner_train_positive,121,204,1
double_cold,3,inner_train_positive,121,133,1
double_cold,3,inner_train_positive,122,89,1
double_cold,3,inner_train_positive,122,21,1
double_cold,3,inner_train_positive,122,69,1
double_cold,3,inner_train_positive,122,103,1
double_cold,3,inner_train_positive,122,7,1
double_cold,3,inner_train_positive,122,94,1
double_cold,3,inner_train_positive,122,204,1
double_cold,3,inner_train_positive,122,38,1
double_cold,3,inner_train_positive,122,84,1
double_cold,3,inner_train_positive,122,3,1
double_cold,3,inner_train_positive,122,188,1
double_cold,3,inner_train_positive,122,25,1
double_cold,3,inner_train_positive,122,55,1
double_cold,3,inner_train_positive,122,86,1
double_cold,3,inner_train_positive,122,95,1
double_cold,3,inner_train_positive,122,134,1
double_cold,3,inner_train_positive,122,74,1
double_cold,3,inner_train_positive,122,43,1
double_cold,3,inner_train_positive,122,81,1
double_cold,3,inner_train_positive,123,103,1
double_cold,3,inner_train_positive,123,7,1
double_cold,3,inner_train_positive,123,55,1
double_cold,3,inner_train_positive,123,17,1
double_cold,3,inner_train_positive,123,188,1
double_cold,3,inner_train_positive,123,142,1
double_cold,3,inner_train_positive,123,89,1
double_cold,3,inner_train_positive,123,84,1
double_cold,3,inner_train_positive,123,134,1
double_cold,3,inner_train_positive,124,21,1
double_cold,3,inner_train_positive,124,89,1
double_cold,3,inner_train_positive,124,103,1
double_cold,3,inner_train_positive,124,74,1
double_cold,3,inner_train_positive,124,102,1
double_cold,3,inner_train_positive,124,55,1
double_cold,3,inner_train_positive,124,48,1
double_cold,3,inner_train_positive,124,7,1
double_cold,3,inner_train_positive,124,117,1
double_cold,3,inner_train_positive,124,84,1
double_cold,3,inner_train_positive,124,3,1
double_cold,3,inner_train_positive,124,35,1
double_cold,3,inner_train_positive,124,146,1
double_cold,3,inner_train_positive,124,188,1
double_cold,3,inner_train_positive,124,22,1
double_cold,3,inner_train_positive,124,56,1
double_cold,3,inner_train_positive,124,160,1
double_cold,3,inner_train_positive,124,134,1
double_cold,3,inner_train_positive,124,142,1
double_cold,3,inner_train_positive,124,16,1
double_cold,3,inner_train_positive,124,161,1
double_cold,3,inner_train_positive,128,103,1
double_cold,3,inner_train_positive,127,103,1
double_cold,3,inner_train_positive,127,204,1
double_cold,3,inner_train_positive,127,84,1
double_cold,3,inner_train_positive,129,55,1
double_cold,3,inner_train_positive,129,7,1
double_cold,3,inner_train_positive,129,160,1
double_cold,3,inner_train_positive,129,84,1
double_cold,3,inner_train_positive,130,89,1
double_cold,3,inner_train_positive,130,21,1
double_cold,3,inner_train_positive,130,103,1
double_cold,3,inner_train_positive,130,7,1
double_cold,3,inner_train_positive,130,3,1
double_cold,3,inner_train_positive,130,84,1
double_cold,3,inner_train_positive,130,188,1
double_cold,3,inner_train_positive,130,55,1
double_cold,3,inner_train_positive,130,134,1
double_cold,3,inner_train_positive,130,86,1
double_cold,3,inner_train_positive,130,16,1
double_cold,3,inner_train_positive,130,23,1
double_cold,3,inner_train_positive,130,142,1
double_cold,3,inner_train_positive,131,74,1
double_cold,3,inner_train_positive,131,103,1
double_cold,3,inner_train_positive,131,7,1
double_cold,3,inner_train_positive,131,55,1
double_cold,3,inner_train_positive,131,22,1
double_cold,3,inner_train_positive,131,89,1
double_cold,3,inner_train_positive,131,16,1
double_cold,3,inner_train_positive,132,89,1
double_cold,3,inner_train_positive,132,3,1
double_cold,3,inner_train_positive,132,81,1
double_cold,3,inner_train_positive,132,7,1
double_cold,3,inner_train_positive,132,55,1
double_cold,3,inner_train_positive,132,103,1
double_cold,3,inner_train_positive,132,188,1
double_cold,3,inner_train_positive,132,43,1
double_cold,3,inner_train_positive,132,84,1
double_cold,3,inner_train_positive,132,56,1
double_cold,3,inner_train_positive,132,134,1
double_cold,3,inner_train_positive,132,190,1
double_cold,3,inner_train_positive,132,167,1
double_cold,3,inner_train_positive,623,103,1
double_cold,3,inner_train_positive,623,188,1
double_cold,3,inner_train_positive,623,74,1
double_cold,3,inner_train_positive,623,7,1
double_cold,3,inner_train_positive,623,160,1
double_cold,3,inner_train_positive,623,204,1
double_cold,3,inner_train_positive,623,16,1
double_cold,3,inner_train_positive,623,3,1
double_cold,3,inner_train_positive,135,89,1
double_cold,3,inner_train_positive,135,103,1
double_cold,3,inner_train_positive,135,55,1
double_cold,3,inner_train_positive,135,3,1
double_cold,3,inner_train_positive,135,188,1
double_cold,3,inner_train_positive,135,16,1
double_cold,3,inner_train_positive,135,84,1
double_cold,3,inner_train_positive,136,89,1
double_cold,3,inner_train_positive,136,21,1
double_cold,3,inner_train_positive,136,209,1
double_cold,3,inner_train_positive,136,32,1
double_cold,3,inner_train_positive,136,103,1
double_cold,3,inner_train_positive,136,204,1
double_cold,3,inner_train_positive,136,55,1
double_cold,3,inner_train_positive,136,49,1
double_cold,3,inner_train_positive,136,84,1
double_cold,3,inner_train_positive,138,89,1
double_cold,3,inner_train_positive,138,55,1
double_cold,3,inner_train_positive,139,89,1
double_cold,3,inner_train_positive,139,103,1
double_cold,3,inner_train_positive,140,89,1
double_cold,3,inner_train_positive,140,55,1
double_cold,3,inner_train_positive,141,89,1
double_cold,3,inner_train_positive,141,21,1
double_cold,3,inner_train_positive,141,102,1
double_cold,3,inner_train_positive,141,103,1
double_cold,3,inner_train_positive,141,134,1
double_cold,3,inner_train_positive,141,122,1
double_cold,3,inner_train_positive,141,7,1
double_cold,3,inner_train_positive,141,55,1
double_cold,3,inner_train_positive,141,204,1
double_cold,3,inner_train_positive,141,84,1
double_cold,3,inner_train_positive,141,3,1
double_cold,3,inner_train_positive,141,94,1
double_cold,3,inner_train_positive,141,126,1
double_cold,3,inner_train_positive,141,146,1
double_cold,3,inner_train_positive,141,32,1
double_cold,3,inner_train_positive,141,81,1
double_cold,3,inner_train_positive,141,91,1
double_cold,3,inner_train_positive,141,150,1
double_cold,3,inner_train_positive,141,187,1
double_cold,3,inner_train_positive,141,17,1
double_cold,3,inner_train_positive,141,142,1
double_cold,3,inner_train_positive,142,89,1
double_cold,3,inner_train_positive,142,43,1
double_cold,3,inner_train_positive,142,105,1
double_cold,3,inner_train_positive,142,7,1
double_cold,3,inner_train_positive,142,103,1
double_cold,3,inner_train_positive,142,17,1
double_cold,3,inner_train_positive,142,55,1
double_cold,3,inner_train_positive,142,204,1
double_cold,3,inner_train_positive,142,3,1
double_cold,3,inner_train_positive,142,188,1
double_cold,3,inner_train_positive,142,142,1
double_cold,3,inner_train_positive,142,150,1
double_cold,3,inner_train_positive,143,89,1
double_cold,3,inner_train_positive,143,103,1
double_cold,3,inner_train_positive,143,7,1
double_cold,3,inner_train_positive,143,204,1
double_cold,3,inner_train_positive,143,55,1
double_cold,3,inner_train_positive,143,94,1
double_cold,3,inner_train_positive,143,84,1
double_cold,3,inner_train_positive,143,142,1
double_cold,3,inner_train_positive,143,201,1
double_cold,3,inner_train_positive,144,89,1
double_cold,3,inner_train_positive,144,21,1
double_cold,3,inner_train_positive,144,3,1
double_cold,3,inner_train_positive,144,17,1
double_cold,3,inner_train_positive,144,103,1
double_cold,3,inner_train_positive,144,105,1
double_cold,3,inner_train_positive,144,55,1
double_cold,3,inner_train_positive,144,204,1
double_cold,3,inner_train_positive,144,188,1
double_cold,3,inner_train_positive,144,46,1
double_cold,3,inner_train_positive,144,7,1
double_cold,3,inner_train_positive,144,150,1
double_cold,3,inner_train_positive,145,89,1
double_cold,3,inner_train_positive,145,21,1
double_cold,3,inner_train_positive,145,74,1
double_cold,3,inner_train_positive,145,103,1
double_cold,3,inner_train_positive,145,35,1
double_cold,3,inner_train_positive,145,43,1
double_cold,3,inner_train_positive,145,7,1
double_cold,3,inner_train_positive,145,22,1
double_cold,3,inner_train_positive,145,204,1
double_cold,3,inner_train_positive,145,3,1
double_cold,3,inner_train_positive,145,186,1
double_cold,3,inner_train_positive,145,188,1
double_cold,3,inner_train_positive,145,55,1
double_cold,3,inner_train_positive,145,84,1
double_cold,3,inner_train_positive,145,138,1
double_cold,3,inner_train_positive,145,158,1
double_cold,3,inner_train_positive,145,95,1
double_cold,3,inner_train_positive,145,114,1
double_cold,3,inner_train_positive,145,18,1
double_cold,3,inner_train_positive,145,17,1
double_cold,3,inner_train_positive,145,150,1
double_cold,3,inner_train_positive,146,89,1
double_cold,3,inner_train_positive,146,55,1
double_cold,3,inner_train_positive,146,74,1
double_cold,3,inner_train_positive,146,103,1
double_cold,3,inner_train_positive,146,3,1
double_cold,3,inner_train_positive,146,204,1
double_cold,3,inner_train_positive,146,35,1
double_cold,3,inner_train_positive,146,92,1
double_cold,3,inner_train_positive,146,188,1
double_cold,3,inner_train_positive,146,22,1
double_cold,3,inner_train_positive,146,7,1
double_cold,3,inner_train_positive,146,95,1
double_cold,3,inner_train_positive,146,18,1
double_cold,3,inner_train_positive,146,114,1
double_cold,3,inner_train_positive,146,150,1
double_cold,3,inner_train_positive,148,94,1
double_cold,3,inner_train_positive,148,55,1
double_cold,3,inner_train_positive,148,7,1
double_cold,3,inner_train_positive,148,134,1
double_cold,3,inner_train_positive,148,16,1
double_cold,3,inner_train_positive,148,81,1
double_cold,3,inner_train_positive,148,103,1
double_cold,3,inner_train_positive,149,89,1
double_cold,3,inner_train_positive,149,103,1
double_cold,3,inner_train_positive,149,7,1
double_cold,3,inner_train_positive,149,142,1
double_cold,3,inner_train_positive,149,55,1
double_cold,3,inner_train_positive,149,188,1
double_cold,3,inner_train_positive,149,156,1
double_cold,3,inner_train_positive,150,160,1
double_cold,3,inner_train_positive,150,204,1
double_cold,3,inner_train_positive,150,89,1
double_cold,3,inner_train_positive,150,146,1
double_cold,3,inner_train_positive,150,103,1
double_cold,3,inner_train_positive,150,142,1
double_cold,3,inner_train_positive,150,129,1
double_cold,3,inner_train_positive,150,161,1
double_cold,3,inner_train_positive,625,89,1
double_cold,3,inner_train_positive,625,21,1
double_cold,3,inner_train_positive,625,103,1
double_cold,3,inner_train_positive,625,74,1
double_cold,3,inner_train_positive,625,81,1
double_cold,3,inner_train_positive,625,55,1
double_cold,3,inner_train_positive,625,91,1
double_cold,3,inner_train_positive,625,95,1
double_cold,3,inner_train_positive,625,7,1
double_cold,3,inner_train_positive,152,89,1
double_cold,3,inner_train_positive,152,17,1
double_cold,3,inner_train_positive,152,103,1
double_cold,3,inner_train_positive,152,55,1
double_cold,3,inner_train_positive,152,16,1
double_cold,3,inner_train_positive,152,97,1
double_cold,3,inner_train_positive,152,142,1
double_cold,3,inner_train_positive,152,160,1
double_cold,3,inner_train_positive,153,74,1
double_cold,3,inner_train_positive,156,89,1
double_cold,3,inner_train_positive,156,103,1
double_cold,3,inner_train_positive,156,55,1
double_cold,3,inner_train_positive,156,7,1
double_cold,3,inner_train_positive,156,74,1
double_cold,3,inner_train_positive,156,142,1
double_cold,3,inner_train_positive,156,204,1
double_cold,3,inner_train_positive,159,204,1
double_cold,3,inner_train_positive,159,7,1
double_cold,3,inner_train_positive,159,142,1
double_cold,3,inner_train_positive,159,134,1
double_cold,3,inner_train_positive,159,160,1
double_cold,3,inner_train_positive,159,103,1
double_cold,3,inner_train_positive,157,89,1
double_cold,3,inner_train_positive,157,21,1
double_cold,3,inner_train_positive,157,103,1
double_cold,3,inner_train_positive,157,7,1
double_cold,3,inner_train_positive,157,160,1
double_cold,3,inner_train_positive,157,94,1
double_cold,3,inner_train_positive,157,204,1
double_cold,3,inner_train_positive,161,89,1
double_cold,3,inner_train_positive,161,204,1
double_cold,3,inner_train_positive,161,7,1
double_cold,3,inner_train_positive,161,3,1
double_cold,3,inner_train_positive,161,55,1
double_cold,3,inner_train_positive,161,103,1
double_cold,3,inner_train_positive,161,43,1
double_cold,3,inner_train_positive,161,134,1
double_cold,3,inner_train_positive,161,160,1
double_cold,3,inner_train_positive,161,129,1
double_cold,3,inner_train_positive,161,17,1
double_cold,3,inner_train_positive,163,89,1
double_cold,3,inner_train_positive,165,7,1
double_cold,3,inner_train_positive,165,55,1
double_cold,3,inner_train_positive,165,103,1
double_cold,3,inner_train_positive,165,160,1
double_cold,3,inner_train_positive,167,89,1
double_cold,3,inner_train_positive,167,7,1
double_cold,3,inner_train_positive,167,204,1
double_cold,3,inner_train_positive,167,103,1
double_cold,3,inner_train_positive,167,55,1
double_cold,3,inner_train_positive,167,17,1
double_cold,3,inner_train_positive,167,188,1
double_cold,3,inner_train_positive,167,48,1
double_cold,3,inner_train_positive,167,142,1
double_cold,3,inner_train_positive,167,134,1
double_cold,3,inner_train_positive,168,89,1
double_cold,3,inner_train_positive,168,3,1
double_cold,3,inner_train_positive,168,74,1
double_cold,3,inner_train_positive,168,103,1
double_cold,3,inner_train_positive,168,78,1
double_cold,3,inner_train_positive,168,94,1
double_cold,3,inner_train_positive,168,204,1
double_cold,3,inner_train_positive,168,17,1
double_cold,3,inner_train_positive,168,7,1
double_cold,3,inner_train_positive,168,55,1
double_cold,3,inner_train_positive,168,146,1
double_cold,3,inner_train_positive,168,142,1
double_cold,3,inner_train_positive,168,160,1
double_cold,3,inner_train_positive,168,129,1
double_cold,3,inner_train_positive,168,84,1
double_cold,3,inner_train_positive,168,81,1
double_cold,3,inner_train_positive,168,150,1
double_cold,3,inner_train_positive,168,188,1
double_cold,3,inner_train_positive,169,89,1
double_cold,3,inner_train_positive,169,21,1
double_cold,3,inner_train_positive,169,209,1
double_cold,3,inner_train_positive,169,103,1
double_cold,3,inner_train_positive,169,7,1
double_cold,3,inner_train_positive,169,78,1
double_cold,3,inner_train_positive,169,94,1
double_cold,3,inner_train_positive,169,204,1
double_cold,3,inner_train_positive,169,55,1
double_cold,3,inner_train_positive,169,60,1
double_cold,3,inner_train_positive,169,188,1
double_cold,3,inner_train_positive,169,3,1
double_cold,3,inner_train_positive,169,150,1
double_cold,3,inner_train_positive,169,142,1
double_cold,3,inner_train_positive,169,160,1
double_cold,3,inner_train_positive,169,84,1
double_cold,3,inner_train_positive,169,61,1
double_cold,3,inner_train_positive,169,169,1
double_cold,3,inner_train_positive,170,103,1
double_cold,3,inner_train_positive,170,188,1
double_cold,3,inner_train_positive,170,142,1
double_cold,3,inner_train_positive,170,3,1
double_cold,3,inner_train_positive,170,160,1
double_cold,3,inner_train_positive,170,55,1
double_cold,3,inner_train_positive,170,7,1
double_cold,3,inner_train_positive,170,204,1
double_cold,3,inner_train_positive,170,33,1
double_cold,3,inner_train_positive,172,89,1
double_cold,3,inner_train_positive,172,3,1
double_cold,3,inner_train_positive,172,103,1
double_cold,3,inner_train_positive,172,78,1
double_cold,3,inner_train_positive,172,55,1
double_cold,3,inner_train_positive,172,7,1
double_cold,3,inner_train_positive,172,142,1
double_cold,3,inner_train_positive,172,94,1
double_cold,3,inner_train_positive,172,160,1
double_cold,3,inner_train_positive,172,129,1
double_cold,3,inner_train_positive,172,84,1
double_cold,3,inner_train_positive,172,74,1
double_cold,3,inner_train_positive,173,89,1
double_cold,3,inner_train_positive,173,3,1
double_cold,3,inner_train_positive,173,7,1
double_cold,3,inner_train_positive,173,103,1
double_cold,3,inner_train_positive,173,55,1
double_cold,3,inner_train_positive,173,204,1
double_cold,3,inner_train_positive,173,44,1
double_cold,3,inner_train_positive,173,74,1
double_cold,3,inner_train_positive,173,188,1
double_cold,3,inner_train_positive,173,142,1
double_cold,3,inner_train_positive,173,134,1
double_cold,3,inner_train_positive,173,166,1
double_cold,3,inner_train_positive,173,84,1
double_cold,3,inner_train_positive,174,103,1
double_cold,3,inner_train_positive,174,89,1
double_cold,3,inner_train_positive,174,21,1
double_cold,3,inner_train_positive,174,74,1
double_cold,3,inner_train_positive,174,205,1
double_cold,3,inner_train_positive,174,134,1
double_cold,3,inner_train_positive,174,3,1
double_cold,3,inner_train_positive,174,204,1
double_cold,3,inner_train_positive,174,142,1
double_cold,3,inner_train_positive,174,160,1
double_cold,3,inner_train_positive,174,84,1
double_cold,3,inner_train_positive,174,61,1
double_cold,3,inner_train_positive,174,55,1
double_cold,3,inner_train_positive,175,89,1
double_cold,3,inner_train_positive,175,21,1
double_cold,3,inner_train_positive,175,205,1
double_cold,3,inner_train_positive,175,48,1
double_cold,3,inner_train_positive,175,7,1
double_cold,3,inner_train_positive,175,204,1
double_cold,3,inner_train_positive,175,3,1
double_cold,3,inner_train_positive,175,55,1
double_cold,3,inner_train_positive,175,94,1
double_cold,3,inner_train_positive,175,103,1
double_cold,3,inner_train_positive,175,92,1
double_cold,3,inner_train_positive,175,142,1
double_cold,3,inner_train_positive,176,3,1
double_cold,3,inner_train_positive,176,103,1
double_cold,3,inner_train_positive,176,89,1
double_cold,3,inner_train_positive,176,7,1
double_cold,3,inner_train_positive,176,204,1
double_cold,3,inner_train_positive,176,150,1
double_cold,3,inner_train_positive,176,188,1
double_cold,3,inner_train_positive,176,22,1
double_cold,3,inner_train_positive,176,94,1
double_cold,3,inner_train_positive,176,84,1
double_cold,3,inner_train_positive,176,55,1
double_cold,3,inner_train_positive,176,142,1
double_cold,3,inner_train_positive,176,17,1
double_cold,3,inner_train_positive,599,103,1
double_cold,3,inner_train_positive,599,95,1
double_cold,3,inner_train_positive,599,55,1
double_cold,3,inner_train_positive,178,89,1
double_cold,3,inner_train_positive,178,188,1
double_cold,3,inner_train_positive,178,103,1
double_cold,3,inner_train_positive,178,142,1
double_cold,3,inner_train_positive,179,89,1
double_cold,3,inner_train_positive,179,21,1
double_cold,3,inner_train_positive,179,3,1
double_cold,3,inner_train_positive,179,103,1
double_cold,3,inner_train_positive,179,94,1
double_cold,3,inner_train_positive,179,150,1
double_cold,3,inner_train_positive,179,188,1
double_cold,3,inner_train_positive,179,55,1
double_cold,3,inner_train_positive,179,74,1
double_cold,3,inner_train_positive,179,7,1
double_cold,3,inner_train_positive,179,81,1
double_cold,3,inner_train_positive,179,38,1
double_cold,3,inner_train_positive,179,204,1
double_cold,3,inner_train_positive,626,89,1
double_cold,3,inner_train_positive,626,21,1
double_cold,3,inner_train_positive,626,103,1
double_cold,3,inner_train_positive,626,204,1
double_cold,3,inner_train_positive,626,150,1
double_cold,3,inner_train_positive,626,188,1
double_cold,3,inner_train_positive,626,74,1
double_cold,3,inner_train_positive,626,55,1
double_cold,3,inner_train_positive,626,7,1
double_cold,3,inner_train_positive,626,142,1
double_cold,3,inner_train_positive,627,89,1
double_cold,3,inner_train_positive,627,21,1
double_cold,3,inner_train_positive,627,103,1
double_cold,3,inner_train_positive,627,55,1
double_cold,3,inner_train_positive,627,17,1
double_cold,3,inner_train_positive,627,43,1
double_cold,3,inner_train_positive,627,188,1
double_cold,3,inner_train_positive,627,142,1
double_cold,3,inner_train_positive,627,84,1
double_cold,3,inner_train_positive,627,134,1
double_cold,3,inner_train_positive,627,7,1
double_cold,3,inner_train_positive,627,74,1
double_cold,3,inner_train_positive,627,204,1
double_cold,3,inner_train_positive,627,18,1
double_cold,3,inner_train_positive,180,89,1
double_cold,3,inner_train_positive,180,21,1
double_cold,3,inner_train_positive,180,103,1
double_cold,3,inner_train_positive,180,205,1
double_cold,3,inner_train_positive,180,7,1
double_cold,3,inner_train_positive,180,55,1
double_cold,3,inner_train_positive,180,43,1
double_cold,3,inner_train_positive,180,188,1
double_cold,3,inner_train_positive,180,204,1
double_cold,3,inner_train_positive,180,83,1
double_cold,3,inner_train_positive,180,74,1
double_cold,3,inner_train_positive,180,17,1
double_cold,3,inner_train_positive,180,201,1
double_cold,3,inner_train_positive,185,89,1
double_cold,3,inner_train_positive,185,44,1
double_cold,3,inner_train_positive,185,3,1
double_cold,3,inner_train_positive,185,103,1
double_cold,3,inner_train_positive,185,7,1
double_cold,3,inner_train_positive,185,55,1
double_cold,3,inner_train_positive,185,204,1
double_cold,3,inner_train_positive,185,12,1
double_cold,3,inner_train_positive,185,134,1
double_cold,3,inner_train_positive,185,94,1
double_cold,3,inner_train_positive,185,84,1
double_cold,3,inner_train_positive,185,81,1
double_cold,3,inner_train_positive,185,161,1
double_cold,3,inner_train_positive,185,201,1
double_cold,3,inner_train_positive,187,89,1
double_cold,3,inner_train_positive,187,84,1
double_cold,3,inner_train_positive,187,46,1
double_cold,3,inner_train_positive,187,21,1
double_cold,3,inner_train_positive,187,103,1
double_cold,3,inner_train_positive,187,3,1
double_cold,3,inner_train_positive,187,55,1
double_cold,3,inner_train_positive,187,204,1
double_cold,3,inner_train_positive,187,7,1
double_cold,3,inner_train_positive,187,178,1
double_cold,3,inner_train_positive,187,160,1
double_cold,3,inner_train_positive,188,89,1
double_cold,3,inner_train_positive,188,21,1
double_cold,3,inner_train_positive,188,103,1
double_cold,3,inner_train_positive,188,74,1
double_cold,3,inner_train_positive,188,78,1
double_cold,3,inner_train_positive,188,204,1
double_cold,3,inner_train_positive,188,7,1
double_cold,3,inner_train_positive,188,84,1
double_cold,3,inner_train_positive,188,188,1
double_cold,3,inner_train_positive,188,201,1
double_cold,3,inner_train_positive,190,103,1
double_cold,3,inner_train_positive,190,204,1
double_cold,3,inner_train_positive,191,89,1
double_cold,3,inner_train_positive,191,7,1
double_cold,3,inner_train_positive,191,92,1
double_cold,3,inner_train_positive,191,204,1
double_cold,3,inner_train_positive,191,103,1
double_cold,3,inner_train_positive,191,3,1
double_cold,3,inner_train_positive,191,55,1
double_cold,3,inner_train_positive,191,43,1
double_cold,3,inner_train_positive,191,74,1
double_cold,3,inner_train_positive,191,17,1
double_cold,3,inner_train_positive,191,81,1
double_cold,3,inner_train_positive,191,84,1
double_cold,3,inner_train_positive,191,142,1
double_cold,3,inner_train_positive,191,201,1
double_cold,3,inner_train_positive,193,89,1
double_cold,3,inner_train_positive,193,81,1
double_cold,3,inner_train_positive,193,103,1
double_cold,3,inner_train_positive,193,7,1
double_cold,3,inner_train_positive,193,3,1
double_cold,3,inner_train_positive,193,111,1
double_cold,3,inner_train_positive,193,43,1
double_cold,3,inner_train_positive,193,55,1
double_cold,3,inner_train_positive,193,188,1
double_cold,3,inner_train_positive,193,150,1
double_cold,3,inner_train_positive,193,142,1
double_cold,3,inner_train_positive,193,97,1
double_cold,3,inner_train_positive,193,134,1
double_cold,3,inner_train_positive,193,160,1
double_cold,3,inner_train_positive,193,95,1
double_cold,3,inner_train_positive,193,94,1
double_cold,3,inner_train_positive,193,74,1
double_cold,3,inner_train_positive,604,103,1
double_cold,3,inner_train_positive,604,55,1
double_cold,3,inner_train_positive,195,89,1
double_cold,3,inner_train_positive,195,3,1
double_cold,3,inner_train_positive,195,78,1
double_cold,3,inner_train_positive,195,188,1
double_cold,3,inner_train_positive,195,103,1
double_cold,3,inner_train_positive,195,160,1
double_cold,3,inner_train_positive,195,84,1
double_cold,3,inner_train_positive,196,103,1
double_cold,3,inner_train_positive,196,89,1
double_cold,3,inner_train_positive,196,84,1
double_cold,3,inner_train_positive,196,55,1
double_cold,3,inner_train_positive,196,204,1
double_cold,3,inner_train_positive,196,94,1
double_cold,3,inner_train_positive,196,188,1
double_cold,3,inner_train_positive,196,134,1
double_cold,3,inner_train_positive,196,7,1
double_cold,3,inner_train_positive,196,145,1
double_cold,3,inner_train_positive,196,74,1
double_cold,3,inner_train_positive,196,16,1
double_cold,3,inner_train_positive,196,81,1
double_cold,3,inner_train_positive,197,89,1
double_cold,3,inner_train_positive,197,164,1
double_cold,3,inner_train_positive,197,81,1
double_cold,3,inner_train_positive,197,103,1
double_cold,3,inner_train_positive,197,48,1
double_cold,3,inner_train_positive,197,7,1
double_cold,3,inner_train_positive,197,204,1
double_cold,3,inner_train_positive,197,160,1
double_cold,3,inner_train_positive,197,84,1
double_cold,3,inner_train_positive,197,134,1
double_cold,3,inner_train_positive,197,55,1
double_cold,3,inner_train_positive,197,17,1
double_cold,3,inner_train_positive,197,150,1
double_cold,3,inner_train_positive,197,74,1
double_cold,3,inner_train_positive,198,103,1
double_cold,3,inner_train_positive,198,89,1
double_cold,3,inner_train_positive,198,21,1
double_cold,3,inner_train_positive,198,74,1
double_cold,3,inner_train_positive,198,7,1
double_cold,3,inner_train_positive,198,204,1
double_cold,3,inner_train_positive,200,103,1
double_cold,3,inner_train_positive,200,7,1
double_cold,3,inner_train_positive,200,55,1
double_cold,3,inner_train_positive,200,89,1
double_cold,3,inner_train_positive,200,114,1
double_cold,3,inner_train_positive,200,204,1
double_cold,3,inner_train_positive,200,140,1
double_cold,3,inner_train_positive,200,84,1
double_cold,3,inner_train_positive,200,142,1
double_cold,3,inner_train_positive,200,33,1
double_cold,3,inner_train_positive,201,74,1
double_cold,3,inner_train_positive,201,103,1
double_cold,3,inner_train_positive,204,89,1
double_cold,3,inner_train_positive,204,103,1
double_cold,3,inner_train_positive,204,7,1
double_cold,3,inner_train_positive,204,55,1
double_cold,3,inner_train_positive,204,84,1
double_cold,3,inner_train_positive,204,188,1
double_cold,3,inner_train_positive,204,74,1
double_cold,3,inner_train_positive,204,204,1
double_cold,3,inner_train_positive,204,60,1
double_cold,3,inner_train_positive,204,72,1
double_cold,3,inner_train_positive,205,89,1
double_cold,3,inner_train_positive,205,182,1
double_cold,3,inner_train_positive,205,21,1
double_cold,3,inner_train_positive,205,103,1
double_cold,3,inner_train_positive,205,134,1
double_cold,3,inner_train_positive,205,204,1
double_cold,3,inner_train_positive,205,168,1
double_cold,3,inner_train_positive,205,55,1
double_cold,3,inner_train_positive,205,84,1
double_cold,3,inner_train_positive,205,7,1
double_cold,3,inner_train_positive,205,43,1
double_cold,3,inner_train_positive,205,105,1
double_cold,3,inner_train_positive,205,74,1
double_cold,3,inner_train_positive,205,160,1
double_cold,3,inner_train_positive,205,16,1
double_cold,3,inner_train_positive,205,142,1
double_cold,3,inner_train_positive,206,89,1
double_cold,3,inner_train_positive,206,182,1
double_cold,3,inner_train_positive,206,103,1
double_cold,3,inner_train_positive,206,134,1
double_cold,3,inner_train_positive,206,204,1
double_cold,3,inner_train_positive,206,7,1
double_cold,3,inner_train_positive,206,168,1
double_cold,3,inner_train_positive,206,55,1
double_cold,3,inner_train_positive,206,3,1
double_cold,3,inner_train_positive,206,84,1
double_cold,3,inner_train_positive,206,74,1
double_cold,3,inner_train_positive,206,43,1
double_cold,3,inner_train_positive,206,105,1
double_cold,3,inner_train_positive,206,188,1
double_cold,3,inner_train_positive,206,160,1
double_cold,3,inner_train_positive,206,94,1
double_cold,3,inner_train_positive,206,16,1
double_cold,3,inner_train_positive,206,142,1
double_cold,3,inner_train_positive,206,133,1
double_cold,3,inner_train_positive,208,89,1
double_cold,3,inner_train_positive,208,74,1
double_cold,3,inner_train_positive,208,205,1
double_cold,3,inner_train_positive,208,103,1
double_cold,3,inner_train_positive,208,81,1
double_cold,3,inner_train_positive,208,204,1
double_cold,3,inner_train_positive,208,84,1
double_cold,3,inner_train_positive,208,55,1
double_cold,3,inner_train_positive,208,7,1
double_cold,3,inner_train_positive,208,22,1
double_cold,3,inner_train_positive,208,86,1
double_cold,3,inner_train_positive,208,142,1
double_cold,3,inner_train_positive,208,3,1
double_cold,3,inner_train_positive,209,89,1
double_cold,3,inner_train_positive,209,103,1
double_cold,3,inner_train_positive,209,7,1
double_cold,3,inner_train_positive,209,204,1
double_cold,3,inner_train_positive,209,146,1
double_cold,3,inner_train_positive,209,188,1
double_cold,3,inner_train_positive,209,55,1
double_cold,3,inner_train_positive,209,134,1
double_cold,3,inner_train_positive,209,114,1
double_cold,3,inner_train_positive,209,16,1
double_cold,3,inner_train_positive,209,81,1
double_cold,3,inner_train_positive,209,74,1
double_cold,3,inner_train_positive,210,89,1
double_cold,3,inner_train_positive,210,102,1
double_cold,3,inner_train_positive,210,150,1
double_cold,3,inner_train_positive,210,204,1
double_cold,3,inner_train_positive,210,103,1
double_cold,3,inner_train_positive,210,7,1
double_cold,3,inner_train_positive,210,146,1
double_cold,3,inner_train_positive,210,188,1
double_cold,3,inner_train_positive,210,94,1
double_cold,3,inner_train_positive,210,55,1
double_cold,3,inner_train_positive,210,16,1
double_cold,3,inner_train_positive,210,81,1
double_cold,3,inner_train_positive,211,81,1
double_cold,3,inner_train_positive,211,3,1
double_cold,3,inner_train_positive,211,7,1
double_cold,3,inner_train_positive,211,103,1
double_cold,3,inner_train_positive,211,204,1
double_cold,3,inner_train_positive,211,188,1
double_cold,3,inner_train_positive,211,22,1
double_cold,3,inner_train_positive,211,55,1
double_cold,3,inner_train_positive,211,35,1
double_cold,3,inner_train_positive,211,16,1
double_cold,3,inner_train_positive,212,89,1
double_cold,3,inner_train_positive,212,21,1
double_cold,3,inner_train_positive,212,7,1
double_cold,3,inner_train_positive,212,103,1
double_cold,3,inner_train_positive,212,204,1
double_cold,3,inner_train_positive,212,3,1
double_cold,3,inner_train_positive,212,55,1
double_cold,3,inner_train_positive,212,188,1
double_cold,3,inner_train_positive,212,84,1
double_cold,3,inner_train_positive,212,43,1
double_cold,3,inner_train_positive,212,74,1
double_cold,3,inner_train_positive,213,89,1
double_cold,3,inner_train_positive,213,21,1
double_cold,3,inner_train_positive,213,3,1
double_cold,3,inner_train_positive,213,7,1
double_cold,3,inner_train_positive,213,204,1
double_cold,3,inner_train_positive,213,103,1
double_cold,3,inner_train_positive,213,188,1
double_cold,3,inner_train_positive,213,22,1
double_cold,3,inner_train_positive,213,84,1
double_cold,3,inner_train_positive,213,142,1
double_cold,3,inner_train_positive,213,17,1
double_cold,3,inner_train_positive,213,105,1
double_cold,3,inner_train_positive,213,55,1
double_cold,3,inner_train_positive,214,7,1
double_cold,3,inner_train_positive,214,103,1
double_cold,3,inner_train_positive,214,89,1
double_cold,3,inner_train_positive,214,204,1
double_cold,3,inner_train_positive,214,3,1
double_cold,3,inner_train_positive,214,188,1
double_cold,3,inner_train_positive,214,55,1
double_cold,3,inner_train_positive,214,74,1
double_cold,3,inner_train_positive,217,89,1
double_cold,3,inner_train_positive,217,21,1
double_cold,3,inner_train_positive,217,55,1
double_cold,3,inner_train_positive,217,103,1
double_cold,3,inner_train_positive,217,188,1
double_cold,3,inner_train_positive,218,103,1
double_cold,3,inner_train_positive,218,7,1
double_cold,3,inner_train_positive,218,142,1
double_cold,3,inner_train_positive,218,94,1
double_cold,3,inner_train_positive,218,188,1
double_cold,3,inner_train_positive,219,103,1
double_cold,3,inner_train_positive,219,7,1
double_cold,3,inner_train_positive,219,89,1
double_cold,3,inner_train_positive,219,48,1
double_cold,3,inner_train_positive,219,94,1
double_cold,3,inner_train_positive,219,188,1
double_cold,3,inner_train_positive,219,55,1
double_cold,3,inner_train_positive,220,89,1
double_cold,3,inner_train_positive,220,204,1
double_cold,3,inner_train_positive,220,103,1
double_cold,3,inner_train_positive,221,89,1
double_cold,3,inner_train_positive,221,188,1
double_cold,3,inner_train_positive,221,11,1
double_cold,3,inner_train_positive,221,103,1
double_cold,3,inner_train_positive,223,103,1
double_cold,3,inner_train_positive,224,89,1
double_cold,3,inner_train_positive,224,103,1
double_cold,3,inner_train_positive,224,94,1
double_cold,3,inner_train_positive,224,55,1
double_cold,3,inner_train_positive,224,3,1
double_cold,3,inner_train_positive,224,204,1
double_cold,3,inner_train_positive,224,188,1
double_cold,3,inner_train_positive,224,22,1
double_cold,3,inner_train_positive,224,74,1
double_cold,3,inner_train_positive,224,82,1
double_cold,3,inner_train_positive,224,140,1
double_cold,3,inner_train_positive,224,81,1
double_cold,3,inner_train_positive,224,167,1
double_cold,3,inner_train_positive,224,7,1
double_cold,3,inner_train_positive,224,142,1
double_cold,3,inner_train_positive,225,89,1
double_cold,3,inner_train_positive,225,103,1
double_cold,3,inner_train_positive,225,102,1
double_cold,3,inner_train_positive,225,91,1
double_cold,3,inner_train_positive,225,55,1
double_cold,3,inner_train_positive,225,204,1
double_cold,3,inner_train_positive,225,24,1
double_cold,3,inner_train_positive,225,7,1
double_cold,3,inner_train_positive,225,17,1
double_cold,3,inner_train_positive,225,188,1
double_cold,3,inner_train_positive,225,74,1
double_cold,3,inner_train_positive,225,142,1
double_cold,3,inner_train_positive,225,81,1
double_cold,3,inner_train_positive,225,167,1
double_cold,3,inner_train_positive,225,134,1
double_cold,3,inner_train_positive,225,95,1
double_cold,3,inner_train_positive,226,89,1
double_cold,3,inner_train_positive,226,21,1
double_cold,3,inner_train_positive,226,7,1
double_cold,3,inner_train_positive,226,103,1
double_cold,3,inner_train_positive,226,55,1
double_cold,3,inner_train_positive,226,3,1
double_cold,3,inner_train_positive,226,204,1
double_cold,3,inner_train_positive,226,17,1
double_cold,3,inner_train_positive,226,94,1
double_cold,3,inner_train_positive,226,188,1
double_cold,3,inner_train_positive,226,160,1
double_cold,3,inner_train_positive,226,84,1
double_cold,3,inner_train_positive,226,81,1
double_cold,3,inner_train_positive,226,167,1
double_cold,3,inner_train_positive,226,86,1
double_cold,3,inner_train_positive,227,103,1
double_cold,3,inner_train_positive,227,89,1
double_cold,3,inner_train_positive,228,89,1
double_cold,3,inner_train_positive,228,55,1
double_cold,3,inner_train_positive,228,204,1
double_cold,3,inner_train_positive,228,3,1
double_cold,3,inner_train_positive,228,7,1
double_cold,3,inner_train_positive,228,17,1
double_cold,3,inner_train_positive,228,103,1
double_cold,3,inner_train_positive,228,142,1
double_cold,3,inner_train_positive,228,74,1
double_cold,3,inner_train_positive,229,89,1
double_cold,3,inner_train_positive,229,21,1
double_cold,3,inner_train_positive,229,3,1
double_cold,3,inner_train_positive,229,55,1
double_cold,3,inner_train_positive,229,7,1
double_cold,3,inner_train_positive,230,89,1
double_cold,3,inner_train_positive,230,21,1
double_cold,3,inner_train_positive,230,103,1
double_cold,3,inner_train_positive,230,22,1
double_cold,3,inner_train_positive,230,94,1
double_cold,3,inner_train_positive,230,81,1
double_cold,3,inner_train_positive,230,133,1
double_cold,3,inner_train_positive,232,21,1
double_cold,3,inner_train_positive,232,89,1
double_cold,3,inner_train_positive,232,103,1
double_cold,3,inner_train_positive,232,94,1
double_cold,3,inner_train_positive,232,22,1
double_cold,3,inner_train_positive,232,7,1
double_cold,3,inner_train_positive,233,103,1
double_cold,3,inner_train_positive,233,22,1
double_cold,3,inner_train_positive,233,94,1
double_cold,3,inner_train_positive,233,81,1
double_cold,3,inner_train_positive,235,74,1
double_cold,3,inner_train_positive,236,89,1
double_cold,3,inner_train_positive,236,3,1
double_cold,3,inner_train_positive,236,103,1
double_cold,3,inner_train_positive,236,55,1
double_cold,3,inner_train_positive,236,204,1
double_cold,3,inner_train_positive,236,7,1
double_cold,3,inner_train_positive,236,74,1
double_cold,3,inner_train_positive,236,94,1
double_cold,3,inner_train_positive,236,188,1
double_cold,3,inner_train_positive,236,84,1
double_cold,3,inner_train_positive,236,160,1
double_cold,3,inner_train_positive,236,16,1
double_cold,3,inner_train_positive,236,142,1
double_cold,3,inner_train_positive,237,103,1
double_cold,3,inner_train_positive,237,89,1
double_cold,3,inner_train_positive,237,7,1
double_cold,3,inner_train_positive,237,78,1
double_cold,3,inner_train_positive,237,204,1
double_cold,3,inner_train_positive,237,84,1
double_cold,3,inner_train_positive,237,146,1
double_cold,3,inner_train_positive,237,188,1
double_cold,3,inner_train_positive,237,55,1
double_cold,3,inner_train_positive,237,134,1
double_cold,3,inner_train_positive,237,142,1
double_cold,3,inner_train_positive,239,103,1
double_cold,3,inner_train_positive,239,3,1
double_cold,3,inner_train_positive,239,89,1
double_cold,3,inner_train_positive,239,7,1
double_cold,3,inner_train_positive,239,78,1
double_cold,3,inner_train_positive,239,204,1
double_cold,3,inner_train_positive,239,55,1
double_cold,3,inner_train_positive,239,94,1
double_cold,3,inner_train_positive,239,146,1
double_cold,3,inner_train_positive,239,188,1
double_cold,3,inner_train_positive,239,142,1
double_cold,3,inner_train_positive,240,89,1
double_cold,3,inner_train_positive,240,21,1
double_cold,3,inner_train_positive,240,103,1
double_cold,3,inner_train_positive,240,204,1
double_cold,3,inner_train_positive,240,3,1
double_cold,3,inner_train_positive,240,7,1
double_cold,3,inner_train_positive,240,55,1
double_cold,3,inner_train_positive,240,17,1
double_cold,3,inner_train_positive,240,94,1
double_cold,3,inner_train_positive,240,188,1
double_cold,3,inner_train_positive,240,84,1
double_cold,3,inner_train_positive,240,134,1
double_cold,3,inner_train_positive,240,142,1
double_cold,3,inner_train_positive,241,89,1
double_cold,3,inner_train_positive,241,21,1
double_cold,3,inner_train_positive,241,205,1
double_cold,3,inner_train_positive,241,103,1
double_cold,3,inner_train_positive,241,3,1
double_cold,3,inner_train_positive,241,7,1
double_cold,3,inner_train_positive,241,94,1
double_cold,3,inner_train_positive,241,204,1
double_cold,3,inner_train_positive,241,84,1
double_cold,3,inner_train_positive,241,55,1
double_cold,3,inner_train_positive,241,74,1
double_cold,3,inner_train_positive,241,142,1
double_cold,3,inner_train_positive,242,89,1
double_cold,3,inner_train_positive,242,21,1
double_cold,3,inner_train_positive,242,35,1
double_cold,3,inner_train_positive,242,55,1
double_cold,3,inner_train_positive,242,103,1
double_cold,3,inner_train_positive,242,7,1
double_cold,3,inner_train_positive,242,204,1
double_cold,3,inner_train_positive,242,74,1
double_cold,3,inner_train_positive,242,86,1
double_cold,3,inner_train_positive,242,188,1
double_cold,3,inner_train_positive,242,84,1
double_cold,3,inner_train_positive,245,55,1
double_cold,3,inner_train_positive,245,204,1
double_cold,3,inner_train_positive,245,103,1
double_cold,3,inner_train_positive,245,7,1
double_cold,3,inner_train_positive,247,89,1
double_cold,3,inner_train_positive,247,7,1
double_cold,3,inner_train_positive,247,55,1
double_cold,3,inner_train_positive,247,3,1
double_cold,3,inner_train_positive,247,160,1
double_cold,3,inner_train_positive,247,204,1
double_cold,3,inner_train_positive,247,81,1
double_cold,3,inner_train_positive,247,161,1
double_cold,3,inner_train_positive,248,103,1
double_cold,3,inner_train_positive,323,89,1
double_cold,3,inner_train_positive,323,21,1
double_cold,3,inner_train_positive,323,55,1
double_cold,3,inner_train_positive,323,204,1
double_cold,3,inner_train_positive,249,94,1
double_cold,3,inner_train_positive,249,188,1
double_cold,3,inner_train_positive,249,103,1
double_cold,3,inner_train_positive,250,103,1
double_cold,3,inner_train_positive,250,188,1
double_cold,3,inner_train_positive,250,74,1
double_cold,3,inner_train_positive,250,17,1
double_cold,3,inner_train_positive,250,7,1
double_cold,3,inner_train_positive,250,55,1
double_cold,3,inner_train_positive,251,103,1
double_cold,3,inner_train_positive,251,89,1
double_cold,3,inner_train_positive,251,204,1
double_cold,3,inner_train_positive,251,7,1
double_cold,3,inner_train_positive,251,160,1
double_cold,3,inner_train_positive,251,129,1
double_cold,3,inner_train_positive,251,55,1
double_cold,3,inner_train_positive,251,35,1
double_cold,3,inner_train_positive,251,43,1
double_cold,3,inner_train_positive,251,81,1
double_cold,3,inner_train_positive,252,89,1
double_cold,3,inner_train_positive,252,22,1
double_cold,3,inner_train_positive,252,205,1
double_cold,3,inner_train_positive,252,7,1
double_cold,3,inner_train_positive,252,78,1
double_cold,3,inner_train_positive,252,204,1
double_cold,3,inner_train_positive,252,103,1
double_cold,3,inner_train_positive,252,55,1
double_cold,3,inner_train_positive,252,74,1
double_cold,3,inner_train_positive,252,146,1
double_cold,3,inner_train_positive,252,3,1
double_cold,3,inner_train_positive,252,142,1
double_cold,3,inner_train_positive,252,17,1
double_cold,3,inner_train_positive,253,89,1
double_cold,3,inner_train_positive,253,103,1
double_cold,3,inner_train_positive,253,7,1
double_cold,3,inner_train_positive,253,204,1
double_cold,3,inner_train_positive,253,81,1
double_cold,3,inner_train_positive,254,21,1
double_cold,3,inner_train_positive,254,89,1
double_cold,3,inner_train_positive,254,55,1
double_cold,3,inner_train_positive,254,7,1
double_cold,3,inner_train_positive,254,103,1
double_cold,3,inner_train_positive,254,84,1
double_cold,3,inner_train_positive,254,204,1
double_cold,3,inner_train_positive,255,55,1
double_cold,3,inner_train_positive,257,89,1
double_cold,3,inner_train_positive,258,44,1
double_cold,3,inner_train_positive,258,103,1
double_cold,3,inner_train_positive,258,89,1
double_cold,3,inner_train_positive,258,146,1
double_cold,3,inner_train_positive,258,84,1
double_cold,3,inner_train_positive,258,61,1
double_cold,3,inner_train_positive,258,74,1
double_cold,3,inner_train_positive,258,55,1
double_cold,3,inner_train_positive,258,7,1
double_cold,3,inner_train_positive,259,3,1
double_cold,3,inner_train_positive,259,103,1
double_cold,3,inner_train_positive,259,89,1
double_cold,3,inner_train_positive,259,81,1
double_cold,3,inner_train_positive,261,103,1
double_cold,3,inner_train_positive,261,204,1
double_cold,3,inner_train_positive,261,89,1
double_cold,3,inner_train_positive,261,97,1
double_cold,3,inner_train_positive,264,48,1
double_cold,3,inner_train_positive,264,89,1
double_cold,3,inner_train_positive,264,21,1
double_cold,3,inner_train_positive,264,103,1
double_cold,3,inner_train_positive,264,55,1
double_cold,3,inner_train_positive,264,22,1
double_cold,3,inner_train_positive,264,7,1
double_cold,3,inner_train_positive,264,142,1
double_cold,3,inner_train_positive,267,89,1
double_cold,3,inner_train_positive,267,103,1
double_cold,3,inner_train_positive,267,204,1
double_cold,3,inner_train_positive,267,3,1
double_cold,3,inner_train_positive,267,43,1
double_cold,3,inner_train_positive,267,188,1
double_cold,3,inner_train_positive,267,94,1
double_cold,3,inner_train_positive,267,55,1
double_cold,3,inner_train_positive,267,134,1
double_cold,3,inner_train_positive,267,74,1
double_cold,3,inner_train_positive,268,89,1
double_cold,3,inner_train_positive,268,103,1
double_cold,3,inner_train_positive,629,89,1
double_cold,3,inner_train_positive,629,21,1
double_cold,3,inner_train_positive,629,103,1
double_cold,3,inner_train_positive,629,74,1
double_cold,3,inner_train_positive,629,204,1
double_cold,3,inner_train_positive,629,55,1
double_cold,3,inner_train_positive,629,7,1
double_cold,3,inner_train_positive,629,92,1
double_cold,3,inner_train_positive,629,84,1
double_cold,3,inner_train_positive,629,142,1
double_cold,3,inner_train_positive,270,89,1
double_cold,3,inner_train_positive,270,186,1
double_cold,3,inner_train_positive,270,21,1
double_cold,3,inner_train_positive,270,7,1
double_cold,3,inner_train_positive,270,103,1
double_cold,3,inner_train_positive,270,55,1
double_cold,3,inner_train_positive,270,3,1
double_cold,3,inner_train_positive,270,102,1
double_cold,3,inner_train_positive,270,94,1
double_cold,3,inner_train_positive,270,74,1
double_cold,3,inner_train_positive,270,204,1
double_cold,3,inner_train_positive,270,84,1
double_cold,3,inner_train_positive,270,188,1
double_cold,3,inner_train_positive,270,81,1
double_cold,3,inner_train_positive,270,77,1
double_cold,3,inner_train_positive,270,142,1
double_cold,3,inner_train_positive,270,43,1
double_cold,3,inner_train_positive,270,106,1
double_cold,3,inner_train_positive,270,134,1
double_cold,3,inner_train_positive,270,160,1
double_cold,3,inner_train_positive,270,129,1
double_cold,3,inner_train_positive,270,65,1
double_cold,3,inner_train_positive,270,17,1
double_cold,3,inner_train_positive,270,70,1
double_cold,3,inner_train_positive,270,173,1
double_cold,3,inner_train_positive,270,143,1
double_cold,3,inner_train_positive,271,103,1
double_cold,3,inner_train_positive,271,3,1
double_cold,3,inner_train_positive,274,188,1
double_cold,3,inner_train_positive,274,74,1
double_cold,3,inner_train_positive,274,134,1
double_cold,3,inner_train_positive,274,55,1
double_cold,3,inner_train_positive,274,125,1
double_cold,3,inner_train_positive,274,103,1
double_cold,3,inner_train_positive,275,89,1
double_cold,3,inner_train_positive,275,21,1
double_cold,3,inner_train_positive,275,3,1
double_cold,3,inner_train_positive,275,81,1
double_cold,3,inner_train_positive,275,204,1
double_cold,3,inner_train_positive,275,7,1
double_cold,3,inner_train_positive,275,55,1
double_cold,3,inner_train_positive,275,146,1
double_cold,3,inner_train_positive,275,103,1
double_cold,3,inner_train_positive,275,188,1
double_cold,3,inner_train_positive,275,74,1
double_cold,3,inner_train_positive,277,89,1
double_cold,3,inner_train_positive,277,103,1
double_cold,3,inner_train_positive,277,94,1
double_cold,3,inner_train_positive,277,204,1
double_cold,3,inner_train_positive,277,7,1
double_cold,3,inner_train_positive,277,55,1
double_cold,3,inner_train_positive,277,188,1
double_cold,3,inner_train_positive,277,84,1
double_cold,3,inner_train_positive,277,161,1
double_cold,3,inner_train_positive,278,3,1
double_cold,3,inner_train_positive,278,103,1
double_cold,3,inner_train_positive,278,146,1
double_cold,3,inner_train_positive,278,7,1
double_cold,3,inner_train_positive,278,55,1
double_cold,3,inner_train_positive,278,84,1
double_cold,3,inner_train_positive,279,205,1
double_cold,3,inner_train_positive,279,103,1
double_cold,3,inner_train_positive,279,81,1
double_cold,3,inner_train_positive,279,7,1
double_cold,3,inner_train_positive,279,55,1
double_cold,3,inner_train_positive,279,188,1
double_cold,3,inner_train_positive,279,89,1
double_cold,3,inner_train_positive,280,89,1
double_cold,3,inner_train_positive,280,21,1
double_cold,3,inner_train_positive,280,22,1
double_cold,3,inner_train_positive,280,74,1
double_cold,3,inner_train_positive,281,21,1
double_cold,3,inner_train_positive,281,89,1
double_cold,3,inner_train_positive,281,55,1
double_cold,3,inner_train_positive,281,103,1
double_cold,3,inner_train_positive,281,188,1
double_cold,3,inner_train_positive,281,204,1
double_cold,3,inner_train_positive,281,3,1
double_cold,3,inner_train_positive,284,3,1
double_cold,3,inner_train_positive,284,205,1
double_cold,3,inner_train_positive,284,103,1
double_cold,3,inner_train_positive,284,204,1
double_cold,3,inner_train_positive,284,55,1
double_cold,3,inner_train_positive,284,7,1
double_cold,3,inner_train_positive,284,89,1
double_cold,3,inner_train_positive,284,12,1
double_cold,3,inner_train_positive,286,205,1
double_cold,3,inner_train_positive,286,103,1
double_cold,3,inner_train_positive,286,7,1
double_cold,3,inner_train_positive,286,204,1
double_cold,3,inner_train_positive,286,89,1
double_cold,3,inner_train_positive,286,55,1
double_cold,3,inner_train_positive,286,94,1
double_cold,3,inner_train_positive,286,12,1
double_cold,3,inner_train_positive,286,3,1
double_cold,3,inner_train_positive,288,89,1
double_cold,3,inner_train_positive,288,103,1
double_cold,3,inner_train_positive,288,150,1
double_cold,3,inner_train_positive,288,84,1
double_cold,3,inner_train_positive,288,43,1
double_cold,3,inner_train_positive,288,188,1
double_cold,3,inner_train_positive,288,7,1
double_cold,3,inner_train_positive,288,204,1
double_cold,3,inner_train_positive,288,74,1
double_cold,3,inner_train_positive,289,103,1
double_cold,3,inner_train_positive,289,55,1
double_cold,3,inner_train_positive,289,188,1
double_cold,3,inner_train_positive,289,7,1
double_cold,3,inner_train_positive,289,53,1
double_cold,3,inner_train_positive,289,74,1
double_cold,3,inner_train_positive,292,89,1
double_cold,3,inner_train_positive,292,160,1
double_cold,3,inner_train_positive,292,94,1
double_cold,3,inner_train_positive,293,89,1
double_cold,3,inner_train_positive,293,21,1
double_cold,3,inner_train_positive,293,103,1
double_cold,3,inner_train_positive,293,188,1
double_cold,3,inner_train_positive,293,160,1
double_cold,3,inner_train_positive,293,204,1
double_cold,3,inner_train_positive,295,69,1
double_cold,3,inner_train_positive,295,103,1
double_cold,3,inner_train_positive,295,160,1
double_cold,3,inner_train_positive,295,74,1
double_cold,3,inner_train_positive,295,142,1
double_cold,3,inner_train_positive,295,89,1
double_cold,3,inner_train_positive,297,209,1
double_cold,3,inner_train_positive,297,89,1
double_cold,3,inner_train_positive,297,160,1
double_cold,3,inner_train_positive,630,3,1
double_cold,3,inner_train_positive,630,7,1
double_cold,3,inner_train_positive,630,89,1
double_cold,3,inner_train_positive,630,103,1
double_cold,3,inner_train_positive,630,160,1
double_cold,3,inner_train_positive,630,204,1
double_cold,3,inner_train_positive,298,89,1
double_cold,3,inner_train_positive,298,103,1
double_cold,3,inner_train_positive,298,204,1
double_cold,3,inner_train_positive,298,81,1
double_cold,3,inner_train_positive,298,142,1
double_cold,3,inner_train_positive,298,160,1
double_cold,3,inner_train_positive,298,86,1
double_cold,3,inner_train_positive,298,188,1
double_cold,3,inner_train_positive,298,161,1
double_cold,3,inner_train_positive,299,44,1
double_cold,3,inner_train_positive,299,103,1
double_cold,3,inner_train_positive,299,204,1
double_cold,3,inner_train_positive,299,3,1
double_cold,3,inner_train_positive,299,89,1
double_cold,3,inner_train_positive,299,55,1
double_cold,3,inner_train_positive,299,7,1
double_cold,3,inner_train_positive,300,103,1
double_cold,3,inner_train_positive,301,204,1
double_cold,3,inner_train_positive,301,103,1
double_cold,3,inner_train_positive,301,142,1
double_cold,3,inner_train_positive,301,89,1
double_cold,3,inner_train_positive,301,160,1
double_cold,3,inner_train_positive,301,17,1
double_cold,3,inner_train_positive,301,84,1
double_cold,3,inner_train_positive,302,160,1
double_cold,3,inner_train_positive,302,188,1
double_cold,3,inner_train_positive,303,89,1
double_cold,3,inner_train_positive,303,21,1
double_cold,3,inner_train_positive,303,7,1
double_cold,3,inner_train_positive,303,103,1
double_cold,3,inner_train_positive,303,114,1
double_cold,3,inner_train_positive,303,160,1
double_cold,3,inner_train_positive,304,21,1
double_cold,3,inner_train_positive,304,89,1
double_cold,3,inner_train_positive,304,103,1
double_cold,3,inner_train_positive,304,204,1
double_cold,3,inner_train_positive,305,103,1
double_cold,3,inner_train_positive,305,89,1
double_cold,3,inner_train_positive,305,204,1
double_cold,3,inner_train_positive,305,55,1
double_cold,3,inner_train_positive,305,7,1
double_cold,3,inner_train_positive,305,74,1
double_cold,3,inner_train_positive,305,86,1
double_cold,3,inner_train_positive,306,103,1
double_cold,3,inner_train_positive,306,89,1
double_cold,3,inner_train_positive,306,55,1
double_cold,3,inner_train_positive,306,7,1
double_cold,3,inner_train_positive,306,94,1
double_cold,3,inner_train_positive,306,134,1
double_cold,3,inner_train_positive,306,204,1
double_cold,3,inner_train_positive,308,103,1
double_cold,3,inner_train_positive,308,188,1
double_cold,3,inner_train_positive,308,74,1
double_cold,3,inner_train_positive,308,150,1
double_cold,3,inner_train_positive,308,3,1
double_cold,3,inner_train_positive,308,7,1
double_cold,3,inner_train_positive,309,89,1
double_cold,3,inner_train_positive,309,3,1
double_cold,3,inner_train_positive,309,205,1
double_cold,3,inner_train_positive,309,55,1
double_cold,3,inner_train_positive,309,103,1
double_cold,3,inner_train_positive,309,7,1
double_cold,3,inner_train_positive,309,204,1
double_cold,3,inner_train_positive,309,84,1
double_cold,3,inner_train_positive,309,146,1
double_cold,3,inner_train_positive,309,188,1
double_cold,3,inner_train_positive,309,74,1
double_cold,3,inner_train_positive,309,134,1
double_cold,3,inner_train_positive,309,160,1
double_cold,3,inner_train_positive,309,142,1
double_cold,3,inner_train_positive,311,89,1
double_cold,3,inner_train_positive,311,21,1
double_cold,3,inner_train_positive,311,103,1
double_cold,3,inner_train_positive,311,205,1
double_cold,3,inner_train_positive,311,3,1
double_cold,3,inner_train_positive,311,7,1
double_cold,3,inner_train_positive,311,122,1
double_cold,3,inner_train_positive,311,204,1
double_cold,3,inner_train_positive,311,55,1
double_cold,3,inner_train_positive,311,84,1
double_cold,3,inner_train_positive,311,18,1
double_cold,3,inner_train_positive,314,89,1
double_cold,3,inner_train_positive,314,7,1
double_cold,3,inner_train_positive,314,204,1
double_cold,3,inner_train_positive,314,103,1
double_cold,3,inner_train_positive,314,55,1
double_cold,3,inner_train_positive,314,74,1
double_cold,3,inner_train_positive,315,89,1
double_cold,3,inner_train_positive,315,21,1
double_cold,3,inner_train_positive,315,103,1
double_cold,3,inner_train_positive,316,103,1
double_cold,3,inner_train_positive,316,55,1
double_cold,3,inner_train_positive,316,160,1
double_cold,3,inner_train_positive,316,129,1
double_cold,3,inner_train_positive,316,7,1
double_cold,3,inner_train_positive,316,84,1
double_cold,3,inner_train_positive,316,188,1
double_cold,3,inner_train_positive,613,103,1
double_cold,3,inner_train_positive,613,146,1
double_cold,3,inner_train_positive,613,89,1
double_cold,3,inner_train_positive,613,160,1
double_cold,3,inner_train_positive,613,129,1
double_cold,3,inner_train_positive,613,204,1
double_cold,3,inner_train_positive,318,89,1
double_cold,3,inner_train_positive,318,21,1
double_cold,3,inner_train_positive,318,55,1
double_cold,3,inner_train_positive,318,7,1
double_cold,3,inner_train_positive,318,160,1
double_cold,3,inner_train_positive,318,94,1
double_cold,3,inner_train_positive,318,84,1
double_cold,3,inner_train_positive,318,150,1
double_cold,3,inner_train_positive,324,89,1
double_cold,3,inner_train_positive,324,21,1
double_cold,3,inner_train_positive,324,44,1
double_cold,3,inner_train_positive,324,3,1
double_cold,3,inner_train_positive,324,7,1
double_cold,3,inner_train_positive,324,55,1
double_cold,3,inner_train_positive,324,94,1
double_cold,3,inner_train_positive,324,103,1
double_cold,3,inner_train_positive,324,22,1
double_cold,3,inner_train_positive,324,188,1
double_cold,3,inner_train_positive,324,74,1
double_cold,3,inner_train_positive,325,103,1
double_cold,3,inner_train_positive,325,188,1
double_cold,3,inner_train_positive,325,55,1
double_cold,3,inner_train_positive,325,74,1
double_cold,3,inner_train_positive,325,7,1
double_cold,3,inner_train_positive,325,40,1
double_cold,3,inner_train_positive,325,204,1
double_cold,3,inner_train_positive,326,89,1
double_cold,3,inner_train_positive,326,21,1
double_cold,3,inner_train_positive,326,103,1
double_cold,3,inner_train_positive,326,81,1
double_cold,3,inner_train_positive,326,3,1
double_cold,3,inner_train_positive,326,7,1
double_cold,3,inner_train_positive,326,55,1
double_cold,3,inner_train_positive,327,74,1
double_cold,3,inner_train_positive,327,89,1
double_cold,3,inner_train_positive,327,204,1
double_cold,3,inner_train_positive,327,7,1
double_cold,3,inner_train_positive,327,55,1
double_cold,3,inner_train_positive,327,84,1
double_cold,3,inner_train_positive,327,103,1
double_cold,3,inner_train_positive,327,94,1
double_cold,3,inner_train_positive,327,188,1
double_cold,3,inner_train_positive,327,150,1
double_cold,3,inner_train_positive,328,55,1
double_cold,3,inner_train_positive,328,94,1
double_cold,3,inner_train_positive,328,103,1
double_cold,3,inner_train_positive,328,188,1
double_cold,3,inner_train_positive,328,74,1
double_cold,3,inner_train_positive,328,7,1
double_cold,3,inner_train_positive,328,89,1
double_cold,3,inner_train_positive,328,150,1
double_cold,3,inner_train_positive,329,74,1
double_cold,3,inner_train_positive,329,89,1
double_cold,3,inner_train_positive,329,103,1
double_cold,3,inner_train_positive,329,94,1
double_cold,3,inner_train_positive,329,55,1
double_cold,3,inner_train_positive,329,7,1
double_cold,3,inner_train_positive,330,103,1
double_cold,3,inner_train_positive,330,160,1
double_cold,3,inner_train_positive,330,7,1
double_cold,3,inner_train_positive,333,89,1
double_cold,3,inner_train_positive,333,22,1
double_cold,3,inner_train_positive,333,55,1
double_cold,3,inner_train_positive,334,89,1
double_cold,3,inner_train_positive,334,55,1
double_cold,3,inner_train_positive,334,84,1
double_cold,3,inner_train_positive,334,7,1
double_cold,3,inner_train_positive,334,103,1
double_cold,3,inner_train_positive,334,142,1
double_cold,3,inner_train_positive,334,160,1
double_cold,3,inner_train_positive,334,204,1
double_cold,3,inner_train_positive,335,103,1
double_cold,3,inner_train_positive,337,103,1
double_cold,3,inner_train_positive,337,146,1
double_cold,3,inner_train_positive,337,7,1
double_cold,3,inner_train_positive,338,103,1
double_cold,3,inner_train_positive,338,55,1
double_cold,3,inner_train_positive,341,103,1
double_cold,3,inner_train_positive,341,204,1
double_cold,3,inner_train_positive,341,136,1
double_cold,3,inner_train_positive,343,89,1
double_cold,3,inner_train_positive,343,103,1
double_cold,3,inner_train_positive,343,7,1
double_cold,3,inner_train_positive,343,204,1
double_cold,3,inner_train_positive,343,55,1
double_cold,3,inner_train_positive,343,84,1
double_cold,3,inner_train_positive,343,74,1
double_cold,3,inner_train_positive,343,22,1
double_cold,3,inner_train_positive,343,140,1
double_cold,3,inner_train_positive,343,82,1
double_cold,3,inner_train_positive,343,160,1
double_cold,3,inner_train_positive,343,46,1
double_cold,3,inner_train_positive,343,81,1
double_cold,3,inner_train_positive,345,89,1
double_cold,3,inner_train_positive,345,21,1
double_cold,3,inner_train_positive,349,89,1
double_cold,3,inner_train_positive,349,21,1
double_cold,3,inner_train_positive,349,204,1
double_cold,3,inner_train_positive,349,22,1
double_cold,3,inner_train_positive,349,74,1
double_cold,3,inner_train_positive,350,89,1
double_cold,3,inner_train_positive,350,7,1
double_cold,3,inner_train_positive,350,55,1
double_cold,3,inner_train_positive,350,188,1
double_cold,3,inner_train_positive,350,103,1
double_cold,3,inner_train_positive,350,74,1
double_cold,3,inner_train_positive,351,103,1
double_cold,3,inner_train_positive,351,3,1
double_cold,3,inner_train_positive,352,89,1
double_cold,3,inner_train_positive,352,103,1
double_cold,3,inner_train_positive,352,7,1
double_cold,3,inner_train_positive,352,55,1
double_cold,3,inner_train_positive,352,3,1
double_cold,3,inner_train_positive,352,146,1
double_cold,3,inner_train_positive,352,142,1
double_cold,3,inner_train_positive,352,204,1
double_cold,3,inner_train_positive,352,160,1
double_cold,3,inner_train_positive,353,204,1
double_cold,3,inner_train_positive,353,146,1
double_cold,3,inner_train_positive,353,142,1
double_cold,3,inner_train_positive,353,160,1
double_cold,3,inner_train_positive,353,134,1
double_cold,3,inner_train_positive,354,89,1
double_cold,3,inner_train_positive,354,21,1
double_cold,3,inner_train_positive,354,84,1
double_cold,3,inner_train_positive,354,103,1
double_cold,3,inner_train_positive,354,7,1
double_cold,3,inner_train_positive,354,204,1
double_cold,3,inner_train_positive,354,134,1
double_cold,3,inner_train_positive,354,81,1
double_cold,3,inner_train_positive,354,142,1
double_cold,3,inner_train_positive,355,205,1
double_cold,3,inner_train_positive,355,103,1
double_cold,3,inner_train_positive,355,7,1
double_cold,3,inner_train_positive,355,55,1
double_cold,3,inner_train_positive,355,204,1
double_cold,3,inner_train_positive,355,84,1
double_cold,3,inner_train_positive,355,81,1
double_cold,3,inner_train_positive,355,188,1
double_cold,3,inner_train_positive,355,74,1
double_cold,3,inner_train_positive,358,103,1
double_cold,3,inner_train_positive,358,89,1
double_cold,3,inner_train_positive,358,7,1
double_cold,3,inner_train_positive,358,142,1
double_cold,3,inner_train_positive,360,103,1
double_cold,3,inner_train_positive,360,89,1
double_cold,3,inner_train_positive,360,21,1
double_cold,3,inner_train_positive,360,142,1
double_cold,3,inner_train_positive,360,7,1
double_cold,3,inner_train_positive,360,188,1
double_cold,3,inner_train_positive,364,142,1
double_cold,3,inner_train_positive,364,55,1
double_cold,3,inner_train_positive,364,3,1
double_cold,3,inner_train_positive,364,81,1
double_cold,3,inner_train_positive,364,103,1
double_cold,3,inner_train_positive,365,81,1
double_cold,3,inner_train_positive,371,103,1
double_cold,3,inner_train_positive,371,7,1
double_cold,3,inner_train_positive,373,188,1
double_cold,3,inner_train_positive,373,103,1
double_cold,3,inner_train_positive,376,89,1
double_cold,3,inner_train_positive,376,21,1
double_cold,3,inner_train_positive,376,103,1
double_cold,3,inner_train_positive,376,150,1
double_cold,3,inner_train_positive,376,142,1
double_cold,3,inner_train_positive,376,55,1
double_cold,3,inner_train_positive,379,103,1
double_cold,3,inner_train_positive,380,103,1
double_cold,3,inner_train_positive,381,103,1
double_cold,3,inner_train_positive,383,89,1
double_cold,3,inner_train_positive,383,21,1
double_cold,3,inner_train_positive,383,103,1
double_cold,3,inner_train_positive,383,150,1
double_cold,3,inner_train_positive,384,22,1
double_cold,3,inner_train_positive,384,103,1
double_cold,3,inner_train_positive,384,150,1
double_cold,3,inner_train_positive,384,55,1
double_cold,3,inner_train_positive,385,103,1
double_cold,3,inner_train_positive,385,55,1
double_cold,3,inner_train_positive,385,7,1
double_cold,3,inner_train_positive,387,89,1
double_cold,3,inner_train_positive,387,21,1
double_cold,3,inner_train_positive,387,103,1
double_cold,3,inner_train_positive,387,7,1
double_cold,3,inner_train_positive,387,84,1
double_cold,3,inner_train_positive,387,94,1
double_cold,3,inner_train_positive,387,161,1
double_cold,3,inner_train_positive,389,21,1
double_cold,3,inner_train_positive,389,89,1
double_cold,3,inner_train_positive,389,103,1
double_cold,3,inner_train_positive,389,94,1
double_cold,3,inner_train_positive,389,7,1
double_cold,3,inner_train_positive,391,89,1
double_cold,3,inner_train_positive,391,21,1
double_cold,3,inner_train_positive,391,7,1
double_cold,3,inner_train_positive,391,94,1
double_cold,3,inner_train_positive,392,103,1
double_cold,3,inner_train_positive,392,7,1
double_cold,3,inner_train_positive,394,103,1
double_cold,3,inner_train_positive,394,89,1
double_cold,3,inner_train_positive,396,103,1
double_cold,3,inner_train_positive,397,103,1
double_cold,3,inner_train_positive,397,89,1
double_cold,3,inner_train_positive,397,160,1
double_cold,3,inner_train_positive,397,22,1
double_cold,3,inner_train_positive,398,103,1
double_cold,3,inner_train_positive,398,89,1
double_cold,3,inner_train_positive,399,103,1
double_cold,3,inner_train_positive,401,103,1
double_cold,3,inner_train_positive,401,142,1
double_cold,3,inner_train_positive,401,55,1
double_cold,3,inner_train_positive,402,89,1
double_cold,3,inner_train_positive,403,103,1
double_cold,3,inner_train_positive,403,142,1
double_cold,3,inner_train_positive,631,89,1
double_cold,3,inner_train_positive,631,21,1
double_cold,3,inner_train_positive,631,3,1
double_cold,3,inner_train_positive,631,103,1
double_cold,3,inner_train_positive,631,7,1
double_cold,3,inner_train_positive,631,55,1
double_cold,3,inner_train_positive,631,43,1
double_cold,3,inner_train_positive,631,188,1
double_cold,3,inner_train_positive,405,21,1
double_cold,3,inner_train_positive,405,89,1
double_cold,3,inner_train_positive,405,103,1
double_cold,3,inner_train_positive,406,204,1
double_cold,3,inner_train_positive,406,74,1
double_cold,3,inner_train_positive,410,103,1
double_cold,3,inner_train_positive,412,89,1
double_cold,3,inner_train_positive,412,21,1
double_cold,3,inner_train_positive,412,74,1
double_cold,3,inner_train_positive,412,103,1
double_cold,3,inner_train_positive,414,84,1
double_cold,3,inner_train_positive,414,55,1
double_cold,3,inner_train_positive,417,211,1
double_cold,3,inner_train_positive,418,94,1
double_cold,3,inner_train_positive,418,150,1
double_cold,3,inner_train_positive,418,89,1
double_cold,3,inner_train_positive,419,89,1
double_cold,3,inner_train_positive,419,103,1
double_cold,3,inner_train_positive,422,89,1
double_cold,3,inner_train_positive,426,160,1
double_cold,3,inner_train_positive,427,204,1
double_cold,3,inner_train_positive,430,55,1
double_cold,3,inner_train_positive,430,3,1
double_cold,3,inner_train_positive,430,74,1
double_cold,3,inner_train_positive,434,103,1
double_cold,3,inner_train_positive,434,89,1
double_cold,3,inner_train_positive,435,89,1
double_cold,3,inner_train_positive,435,142,1
double_cold,3,inner_train_positive,435,103,1
double_cold,3,inner_train_positive,436,89,1
double_cold,3,inner_train_positive,436,21,1
double_cold,3,inner_train_positive,437,160,1
double_cold,3,inner_train_positive,438,89,1
double_cold,3,inner_train_positive,438,160,1
double_cold,3,inner_train_positive,438,103,1
double_cold,3,inner_train_positive,438,7,1
double_cold,3,inner_train_positive,439,89,1
double_cold,3,inner_train_positive,439,204,1
double_cold,3,inner_train_positive,439,7,1
double_cold,3,inner_train_positive,439,55,1
double_cold,3,inner_train_positive,439,188,1
double_cold,3,inner_train_positive,442,204,1
double_cold,3,inner_train_positive,444,89,1
double_cold,3,inner_train_positive,444,21,1
double_cold,3,inner_train_positive,444,103,1
double_cold,3,inner_train_positive,444,7,1
double_cold,3,inner_train_positive,446,7,1
double_cold,3,inner_train_positive,446,204,1
double_cold,3,inner_train_positive,448,89,1
double_cold,3,inner_train_positive,448,21,1
double_cold,3,inner_train_positive,449,74,1
double_cold,3,inner_train_positive,449,89,1
double_cold,3,inner_train_positive,451,204,1
double_cold,3,inner_train_positive,451,84,1
double_cold,3,inner_train_positive,451,188,1
double_cold,3,inner_train_positive,451,142,1
double_cold,3,inner_train_positive,451,134,1
double_cold,3,inner_train_positive,451,3,1
double_cold,3,inner_train_positive,456,21,1
double_cold,3,inner_train_positive,456,89,1
double_cold,3,inner_train_positive,456,103,1
double_cold,3,inner_train_positive,456,204,1
double_cold,3,inner_train_positive,456,55,1
double_cold,3,inner_train_positive,456,142,1
double_cold,3,inner_train_positive,457,89,1
double_cold,3,inner_train_positive,457,7,1
double_cold,3,inner_train_positive,457,150,1
double_cold,3,inner_train_positive,458,89,1
double_cold,3,inner_train_positive,458,21,1
double_cold,3,inner_train_positive,460,94,1
double_cold,3,inner_train_positive,461,204,1
double_cold,3,inner_train_positive,461,160,1
double_cold,3,inner_train_positive,464,160,1
double_cold,3,inner_train_positive,464,94,1
double_cold,3,inner_train_positive,465,89,1
double_cold,3,inner_train_positive,465,103,1
double_cold,3,inner_train_positive,465,204,1
double_cold,3,inner_train_positive,465,55,1
double_cold,3,inner_train_positive,465,7,1
double_cold,3,inner_train_positive,465,146,1
double_cold,3,inner_train_positive,465,22,1
double_cold,3,inner_train_positive,465,134,1
double_cold,3,inner_train_positive,465,160,1
double_cold,3,inner_train_positive,465,94,1
double_cold,3,inner_train_positive,465,142,1
double_cold,3,inner_train_positive,465,161,1
double_cold,3,inner_train_positive,465,3,1
double_cold,3,inner_train_positive,466,160,1
double_cold,3,inner_train_positive,466,89,1
double_cold,3,inner_train_positive,466,21,1
double_cold,3,inner_train_positive,466,150,1
double_cold,3,inner_train_positive,466,103,1
double_cold,3,inner_train_positive,466,7,1
double_cold,3,inner_train_positive,466,3,1
double_cold,3,inner_train_positive,466,62,1
double_cold,3,inner_train_positive,468,89,1
double_cold,3,inner_train_positive,468,21,1
double_cold,3,inner_train_positive,468,103,1
double_cold,3,inner_train_positive,469,89,1
double_cold,3,inner_train_positive,469,160,1
double_cold,3,inner_train_positive,469,94,1
double_cold,3,inner_train_positive,469,7,1
double_cold,3,inner_train_positive,469,150,1
double_cold,3,inner_train_positive,471,89,1
double_cold,3,inner_train_positive,471,21,1
double_cold,3,inner_train_positive,471,3,1
double_cold,3,inner_train_positive,471,7,1
double_cold,3,inner_train_positive,471,55,1
double_cold,3,inner_train_positive,471,103,1
double_cold,3,inner_train_positive,471,150,1
double_cold,3,inner_train_positive,472,89,1
double_cold,3,inner_train_positive,472,21,1
double_cold,3,inner_train_positive,472,204,1
double_cold,3,inner_train_positive,472,103,1
double_cold,3,inner_train_positive,472,74,1
double_cold,3,inner_train_positive,475,204,1
double_cold,3,inner_train_positive,475,103,1
double_cold,3,inner_train_positive,475,81,1
double_cold,3,inner_train_positive,475,89,1
double_cold,3,inner_train_positive,476,215,1
double_cold,3,inner_train_positive,477,55,1
double_cold,3,inner_train_positive,477,103,1
double_cold,3,inner_train_positive,477,89,1
double_cold,3,inner_train_positive,477,160,1
double_cold,3,inner_train_positive,477,94,1
double_cold,3,inner_train_positive,478,204,1
double_cold,3,inner_train_positive,478,3,1
double_cold,3,inner_train_positive,478,103,1
double_cold,3,inner_train_positive,479,84,1
double_cold,3,inner_train_positive,481,89,1
double_cold,3,inner_train_positive,481,21,1
double_cold,3,inner_train_positive,481,103,1
double_cold,3,inner_train_positive,481,204,1
double_cold,3,inner_train_positive,481,188,1
double_cold,3,inner_train_positive,481,142,1
double_cold,3,inner_train_positive,482,55,1
double_cold,3,inner_train_positive,482,204,1
double_cold,3,inner_train_positive,482,142,1
double_cold,3,inner_train_positive,482,134,1
double_cold,3,inner_train_positive,632,103,1
double_cold,3,inner_train_positive,632,7,1
double_cold,3,inner_train_positive,487,103,1
double_cold,3,inner_train_positive,487,55,1
double_cold,3,inner_train_positive,487,89,1
double_cold,3,inner_train_positive,489,103,1
double_cold,3,inner_train_positive,489,7,1
double_cold,3,inner_train_positive,490,204,1
double_cold,3,inner_train_positive,492,21,1
double_cold,3,inner_train_positive,492,89,1
double_cold,3,inner_train_positive,492,204,1
double_cold,3,inner_train_positive,492,140,1
double_cold,3,inner_train_positive,492,103,1
double_cold,3,inner_train_positive,492,74,1
double_cold,3,inner_train_positive,492,81,1
double_cold,3,inner_train_positive,493,7,1
double_cold,3,inner_train_positive,493,55,1
double_cold,3,inner_train_positive,494,89,1
double_cold,3,inner_train_positive,494,81,1
double_cold,3,inner_train_positive,494,103,1
double_cold,3,inner_train_positive,494,7,1
double_cold,3,inner_train_positive,494,55,1
double_cold,3,inner_train_positive,494,92,1
double_cold,3,inner_train_positive,494,160,1
double_cold,3,inner_train_positive,494,150,1
double_cold,3,inner_train_positive,495,7,1
double_cold,3,inner_train_positive,495,134,1
double_cold,3,inner_train_positive,497,188,1
double_cold,3,inner_train_positive,497,103,1
double_cold,3,inner_train_positive,497,7,1
double_cold,3,inner_train_positive,498,204,1
double_cold,3,inner_train_positive,498,103,1
double_cold,3,inner_train_positive,499,89,1
double_cold,3,inner_train_positive,499,55,1
double_cold,3,inner_train_positive,499,103,1
double_cold,3,inner_train_positive,500,7,1
double_cold,3,inner_train_positive,500,55,1
double_cold,3,inner_train_positive,500,188,1
double_cold,3,inner_train_positive,500,74,1
double_cold,3,inner_train_positive,500,103,1
double_cold,3,inner_train_positive,500,94,1
double_cold,3,inner_train_positive,500,142,1
double_cold,3,inner_train_positive,501,188,1
double_cold,3,inner_train_positive,501,7,1
double_cold,3,inner_train_positive,502,103,1
double_cold,3,inner_train_positive,503,44,1
double_cold,3,inner_train_positive,503,103,1
double_cold,3,inner_train_positive,503,78,1
double_cold,3,inner_train_positive,503,89,1
double_cold,3,inner_train_positive,503,74,1
double_cold,3,inner_train_positive,503,7,1
double_cold,3,inner_train_positive,503,142,1
double_cold,3,inner_train_positive,505,74,1
double_cold,3,inner_train_positive,505,204,1
double_cold,3,inner_train_positive,505,103,1
double_cold,3,inner_train_positive,507,103,1
double_cold,3,inner_train_positive,507,160,1
double_cold,3,inner_train_positive,507,84,1
double_cold,3,inner_train_positive,507,134,1
double_cold,3,inner_train_positive,507,62,1
double_cold,3,inner_train_positive,507,86,1
double_cold,3,inner_train_positive,507,204,1
double_cold,3,inner_train_positive,508,204,1
double_cold,3,inner_train_positive,508,103,1
double_cold,3,inner_train_positive,508,89,1
double_cold,3,inner_train_positive,508,208,1
double_cold,3,inner_train_positive,508,46,1
double_cold,3,inner_train_positive,508,188,1
double_cold,3,inner_train_positive,509,103,1
double_cold,3,inner_train_positive,509,204,1
double_cold,3,inner_train_positive,509,17,1
double_cold,3,inner_train_positive,509,55,1
double_cold,3,inner_train_positive,511,89,1
double_cold,3,inner_train_positive,511,21,1
double_cold,3,inner_train_positive,511,103,1
double_cold,3,inner_train_positive,512,204,1
double_cold,3,inner_train_positive,512,89,1
double_cold,3,inner_train_positive,512,103,1
double_cold,3,inner_train_positive,512,7,1
double_cold,3,inner_train_positive,513,89,1
double_cold,3,inner_train_positive,515,74,1
double_cold,3,inner_train_positive,515,89,1
double_cold,3,inner_train_positive,515,103,1
double_cold,3,inner_train_positive,515,134,1
double_cold,3,inner_train_positive,515,204,1
double_cold,3,inner_train_positive,515,173,1
double_cold,3,inner_train_positive,518,22,1
double_cold,3,inner_train_positive,518,74,1
double_cold,3,inner_train_positive,519,55,1
double_cold,3,inner_train_positive,519,3,1
double_cold,3,inner_train_positive,520,103,1
double_cold,3,inner_train_positive,520,89,1
double_cold,3,inner_train_positive,520,84,1
double_cold,3,inner_train_positive,520,204,1
double_cold,3,inner_train_positive,521,89,1
double_cold,3,inner_train_positive,521,21,1
double_cold,3,inner_train_positive,521,55,1
double_cold,3,inner_train_positive,521,103,1
double_cold,3,inner_train_positive,522,103,1
double_cold,3,inner_train_positive,522,89,1
double_cold,3,inner_train_positive,522,84,1
double_cold,3,inner_train_positive,522,94,1
double_cold,3,inner_train_positive,525,55,1
double_cold,3,inner_train_positive,525,140,1
double_cold,3,inner_train_positive,526,103,1
double_cold,3,inner_train_positive,528,3,1
double_cold,3,inner_train_positive,528,103,1
double_cold,3,inner_train_positive,529,89,1
double_cold,3,inner_train_positive,529,21,1
double_cold,3,inner_train_positive,529,103,1
double_cold,3,inner_train_positive,532,160,1
double_cold,3,inner_train_positive,532,204,1
double_cold,3,inner_train_positive,533,89,1
double_cold,3,inner_train_positive,533,86,1
double_cold,3,inner_train_positive,534,89,1
double_cold,3,inner_train_positive,534,21,1
double_cold,3,inner_train_positive,534,103,1
double_cold,3,inner_train_positive,535,103,1
double_cold,3,inner_train_positive,535,7,1
double_cold,3,inner_train_positive,537,204,1
double_cold,3,inner_train_positive,537,7,1
double_cold,3,inner_train_positive,537,55,1
double_cold,3,inner_train_positive,537,103,1
double_cold,3,inner_train_positive,537,84,1
double_cold,3,inner_train_positive,539,89,1
double_cold,3,inner_train_positive,539,21,1
double_cold,3,inner_train_positive,539,74,1
double_cold,3,inner_train_positive,539,204,1
double_cold,3,inner_train_positive,539,55,1
double_cold,3,inner_train_positive,539,7,1
double_cold,3,inner_train_positive,539,17,1
double_cold,3,inner_train_positive,539,84,1
double_cold,3,inner_train_positive,539,146,1
double_cold,3,inner_train_positive,539,188,1
double_cold,3,inner_train_positive,539,140,1
double_cold,3,inner_train_positive,539,82,1
double_cold,3,inner_train_positive,539,103,1
double_cold,3,inner_train_positive,540,209,1
double_cold,3,inner_train_positive,540,204,1
double_cold,3,inner_train_positive,541,21,1
double_cold,3,inner_train_positive,541,89,1
double_cold,3,inner_train_positive,541,188,1
double_cold,3,inner_train_positive,541,55,1
double_cold,3,inner_train_positive,542,74,1
double_cold,3,inner_train_positive,542,103,1
double_cold,3,inner_train_positive,542,16,1
double_cold,3,inner_train_positive,542,3,1
double_cold,3,inner_train_positive,542,204,1
double_cold,3,inner_train_positive,542,7,1
double_cold,3,inner_train_positive,542,55,1
double_cold,3,inner_train_positive,542,188,1
double_cold,3,inner_train_positive,542,142,1
double_cold,3,inner_train_positive,542,134,1
double_cold,3,inner_train_positive,542,95,1
double_cold,3,inner_train_positive,545,55,1
double_cold,3,inner_train_positive,545,7,1
double_cold,3,inner_train_positive,545,103,1
double_cold,3,inner_train_positive,545,180,1
double_cold,3,inner_train_positive,546,74,1
double_cold,3,inner_train_positive,615,7,1
double_cold,3,inner_train_positive,615,55,1
double_cold,3,inner_train_positive,547,134,1
double_cold,3,inner_train_positive,547,55,1
double_cold,3,inner_train_positive,547,74,1
double_cold,3,inner_train_positive,549,204,1
double_cold,3,inner_train_positive,549,103,1
double_cold,3,inner_train_positive,549,55,1
double_cold,3,inner_train_positive,549,7,1
double_cold,3,inner_train_positive,549,89,1
double_cold,3,inner_train_positive,549,74,1
double_cold,3,inner_train_positive,549,142,1
double_cold,3,inner_train_positive,549,134,1
double_cold,3,inner_train_positive,549,160,1
double_cold,3,inner_train_positive,549,94,1
double_cold,3,inner_train_positive,549,150,1
double_cold,3,inner_train_positive,617,7,1
double_cold,3,inner_train_positive,617,55,1
double_cold,3,inner_train_positive,617,188,1
double_cold,3,inner_train_positive,551,103,1
double_cold,3,inner_train_positive,551,84,1
double_cold,3,inner_train_positive,551,150,1
double_cold,3,inner_train_positive,551,94,1
double_cold,3,inner_train_positive,551,55,1
double_cold,3,inner_train_positive,551,74,1
double_cold,3,inner_train_positive,551,204,1
double_cold,3,inner_train_positive,551,17,1
double_cold,3,inner_train_positive,553,21,1
double_cold,3,inner_train_positive,553,89,1
double_cold,3,inner_train_positive,553,103,1
double_cold,3,inner_train_positive,553,204,1
double_cold,3,inner_train_positive,553,146,1
double_cold,3,inner_train_positive,553,188,1
double_cold,3,inner_train_positive,553,142,1
double_cold,3,inner_train_positive,553,55,1
double_cold,3,inner_train_positive,553,161,1
double_cold,3,inner_train_positive,620,103,1
double_cold,3,inner_train_positive,620,7,1
double_cold,3,inner_train_positive,620,55,1
double_cold,3,inner_train_positive,620,17,1
double_cold,3,inner_train_positive,620,84,1
double_cold,3,inner_train_positive,620,188,1
double_cold,3,inner_train_positive,620,142,1
double_cold,3,inner_train_positive,620,134,1
double_cold,3,inner_train_positive,554,103,1
double_cold,3,inner_train_positive,554,89,1
double_cold,3,inner_train_positive,554,21,1
double_cold,3,inner_train_positive,554,55,1
double_cold,3,inner_train_positive,554,204,1
double_cold,3,inner_train_positive,554,188,1
double_cold,3,inner_train_positive,558,188,1
double_cold,3,inner_train_positive,558,84,1
double_cold,3,inner_train_positive,558,55,1
double_cold,3,inner_train_positive,558,81,1
double_cold,3,inner_train_positive,559,55,1
double_cold,3,inner_train_positive,559,161,1
double_cold,3,inner_train_positive,561,89,1
double_cold,3,inner_train_positive,561,95,1
double_cold,3,inner_train_positive,562,55,1
double_cold,3,inner_train_positive,562,7,1
double_cold,3,inner_train_positive,562,103,1
double_cold,3,inner_train_positive,562,160,1
double_cold,3,inner_train_positive,562,84,1
double_cold,3,inner_train_positive,562,89,1
double_cold,3,inner_train_positive,563,55,1
double_cold,3,inner_train_positive,563,7,1
double_cold,3,inner_train_positive,563,74,1
double_cold,3,inner_train_positive,563,103,1
double_cold,3,inner_train_positive,563,142,1
double_cold,3,inner_train_positive,563,160,1
double_cold,3,inner_train_positive,563,95,1
double_cold,3,inner_train_positive,563,3,1
double_cold,3,inner_train_positive,564,103,1
double_cold,3,inner_train_positive,564,89,1
double_cold,3,inner_train_positive,565,103,1
double_cold,3,inner_train_positive,565,7,1
double_cold,3,inner_train_positive,566,160,1
double_cold,3,inner_train_positive,566,103,1
double_cold,3,inner_train_positive,568,89,1
double_cold,3,inner_train_positive,568,103,1
double_cold,3,inner_train_positive,568,7,1
double_cold,3,inner_train_positive,568,204,1
double_cold,3,inner_train_positive,568,188,1
double_cold,3,inner_train_positive,568,134,1
double_cold,3,inner_train_positive,569,134,1
double_cold,3,inner_train_positive,569,3,1
double_cold,3,inner_train_positive,569,103,1
double_cold,3,inner_train_positive,569,81,1
double_cold,3,inner_train_positive,569,89,1
double_cold,3,inner_train_positive,570,94,1
double_cold,3,inner_train_positive,570,3,1
double_cold,3,inner_train_positive,570,103,1
double_cold,3,inner_train_positive,570,7,1
double_cold,3,inner_train_positive,571,7,1
double_cold,3,inner_train_positive,571,55,1
double_cold,3,inner_train_positive,571,134,1
double_cold,3,inner_train_positive,571,160,1
double_cold,3,inner_train_positive,571,103,1
double_cold,3,inner_train_positive,572,89,1
double_cold,3,inner_train_positive,572,21,1
double_cold,3,inner_train_positive,572,94,1
double_cold,3,inner_train_positive,573,89,1
double_cold,3,inner_train_positive,573,160,1
double_cold,3,inner_train_positive,573,204,1
double_cold,3,inner_train_positive,634,89,1
double_cold,3,inner_train_positive,634,127,1
double_cold,3,inner_train_positive,579,7,1
double_cold,3,inner_train_positive,579,55,1
double_cold,3,inner_train_positive,580,89,1
double_cold,3,inner_train_positive,580,140,1
double_cold,3,inner_train_positive,581,89,1
double_cold,3,inner_train_positive,582,89,1
double_cold,3,inner_train_positive,582,21,1
double_cold,3,inner_train_positive,582,103,1
double_cold,3,inner_train_positive,582,204,1
double_cold,3,inner_train_positive,582,7,1
double_cold,3,inner_train_positive,582,84,1
double_cold,3,inner_train_positive,582,43,1
double_cold,3,inner_train_positive,582,188,1
double_cold,3,inner_train_positive,582,178,1
double_cold,3,inner_train_positive,582,150,1
double_cold,3,inner_train_positive,584,89,1
double_cold,3,inner_train_positive,584,21,1
double_cold,3,inner_train_positive,584,103,1
double_cold,3,inner_train_positive,584,7,1
double_cold,3,inner_train_positive,584,204,1
double_cold,3,inner_train_positive,584,74,1
double_cold,3,inner_train_positive,584,160,1
double_cold,3,inner_train_positive,584,129,1
double_cold,3,inner_train_positive,584,84,1
double_cold,3,inner_train_positive,584,142,1
double_cold,3,inner_train_positive,584,55,1
double_cold,3,inner_train_positive,584,188,1
double_cold,3,inner_train_positive,585,103,1
double_cold,3,inner_train_positive,585,160,1
double_cold,3,inner_train_positive,585,94,1
double_cold,3,inner_train_positive,585,89,1
double_cold,3,inner_train_positive,586,89,1
double_cold,3,inner_train_positive,586,55,1
double_cold,3,inner_train_positive,587,103,1
double_cold,3,inner_train_positive,587,209,1
double_cold,3,inner_train_positive,587,204,1
double_cold,3,inner_train_positive,587,55,1
double_cold,3,inner_train_positive,587,7,1
double_cold,3,inner_train_positive,587,89,1
double_cold,3,inner_train_positive,587,142,1
double_cold,3,inner_train_positive,587,134,1
double_cold,3,inner_train_positive,588,103,1
double_cold,3,inner_train_positive,588,204,1
double_cold,3,inner_train_positive,588,55,1
double_cold,3,inner_train_positive,588,89,1
double_cold,3,inner_train_positive,591,204,1
double_cold,3,inner_train_positive,591,55,1
double_cold,3,inner_train_positive,591,7,1
double_cold,3,inner_train_positive,591,17,1
double_cold,3,inner_train_positive,591,188,1
double_cold,3,inner_train_positive,591,103,1
double_cold,3,inner_train_positive,593,160,1
double_cold,3,inner_train_positive,593,103,1
double_cold,3,inner_train_positive,593,89,1
double_cold,3,inner_train_positive,593,84,1
double_cold,3,inner_train_positive,594,3,1
double_cold,3,inner_train_positive,594,160,1
double_cold,3,inner_train_positive,594,7,1
double_cold,3,inner_train_positive,594,204,1
double_cold,3,inner_train_positive,594,74,1
double_cold,3,inner_train_positive,594,84,1
double_cold,3,inner_train_positive,594,103,1
double_cold,3,inner_train_positive,594,89,1
double_cold,3,inner_train_positive,594,150,1
double_cold,3,inner_train_positive,595,89,1
double_cold,3,inner_train_positive,595,21,1
double_cold,3,inner_train_positive,595,103,1
double_cold,3,inner_train_positive,595,7,1
double_cold,3,inner_train_positive,595,3,1
double_cold,3,inner_train_positive,595,55,1
double_cold,3,inner_train_positive,595,146,1
double_cold,3,inner_train_positive,595,74,1
double_cold,3,inner_train_positive,595,204,1
double_cold,3,inner_train_positive,595,134,1
double_cold,3,inner_train_positive,595,35,1
double_cold,3,inner_train_positive,595,84,1
double_cold,3,inner_train_positive,596,3,1
double_cold,3,inner_train_positive,596,89,1
double_cold,3,inner_train_positive,596,205,1
double_cold,3,inner_train_positive,596,103,1
double_cold,3,inner_train_positive,596,55,1
double_cold,3,inner_train_positive,596,7,1
double_cold,3,inner_train_positive,596,43,1
double_cold,3,inner_train_positive,596,188,1
double_cold,3,inner_train_positive,596,22,1
double_cold,3,inner_train_positive,596,184,1
double_cold,3,inner_train_positive,596,134,1
double_cold,3,inner_train_positive,596,84,1
double_cold,3,inner_train_positive,596,86,1
double_cold,3,inner_train_positive,596,74,1
double_cold,3,inner_train_positive,596,142,1
double_cold,3,inner_validation_positive,0,41,1
double_cold,3,inner_validation_positive,10,177,1
double_cold,3,inner_validation_positive,10,41,1
double_cold,3,inner_validation_positive,15,68,1
double_cold,3,inner_validation_positive,15,41,1
double_cold,3,inner_validation_positive,15,101,1
double_cold,3,inner_validation_positive,35,41,1
double_cold,3,inner_validation_positive,44,177,1
double_cold,3,inner_validation_positive,58,68,1
double_cold,3,inner_validation_positive,58,177,1
double_cold,3,inner_validation_positive,78,177,1
double_cold,3,inner_validation_positive,96,101,1
double_cold,3,inner_validation_positive,114,41,1
double_cold,3,inner_validation_positive,114,177,1
double_cold,3,inner_validation_positive,114,88,1
double_cold,3,inner_validation_positive,114,68,1
double_cold,3,inner_validation_positive,116,41,1
double_cold,3,inner_validation_positive,116,88,1
double_cold,3,inner_validation_positive,134,41,1
double_cold,3,inner_validation_positive,151,101,1
double_cold,3,inner_validation_positive,151,41,1
double_cold,3,inner_validation_positive,600,101,1
double_cold,3,inner_validation_positive,181,137,1
double_cold,3,inner_validation_positive,181,177,1
double_cold,3,inner_validation_positive,181,193,1
double_cold,3,inner_validation_positive,186,68,1
double_cold,3,inner_validation_positive,186,41,1
double_cold,3,inner_validation_positive,186,101,1
double_cold,3,inner_validation_positive,192,41,1
double_cold,3,inner_validation_positive,192,88,1
double_cold,3,inner_validation_positive,192,177,1
double_cold,3,inner_validation_positive,192,68,1
double_cold,3,inner_validation_positive,192,64,1
double_cold,3,inner_validation_positive,192,137,1
double_cold,3,inner_validation_positive,192,26,1
double_cold,3,inner_validation_positive,192,101,1
double_cold,3,inner_validation_positive,194,101,1
double_cold,3,inner_validation_positive,194,183,1
double_cold,3,inner_validation_positive,609,41,1
double_cold,3,inner_validation_positive,215,177,1
double_cold,3,inner_validation_positive,215,68,1
double_cold,3,inner_validation_positive,628,41,1
double_cold,3,inner_validation_positive,628,177,1
double_cold,3,inner_validation_positive,628,68,1
double_cold,3,inner_validation_positive,628,101,1
double_cold,3,inner_validation_positive,243,68,1
double_cold,3,inner_validation_positive,243,41,1
double_cold,3,inner_validation_positive,243,88,1
double_cold,3,inner_validation_positive,243,137,1
double_cold,3,inner_validation_positive,285,41,1
double_cold,3,inner_validation_positive,291,101,1
double_cold,3,inner_validation_positive,291,41,1
double_cold,3,inner_validation_positive,296,41,1
double_cold,3,inner_validation_positive,321,41,1
double_cold,3,inner_validation_positive,321,88,1
double_cold,3,inner_validation_positive,348,101,1
double_cold,3,inner_validation_positive,357,177,1
double_cold,3,inner_validation_positive,357,41,1
double_cold,3,inner_validation_positive,362,41,1
double_cold,3,inner_validation_positive,362,101,1
double_cold,3,inner_validation_positive,366,101,1
double_cold,3,inner_validation_positive,374,101,1
double_cold,3,inner_validation_positive,382,68,1
double_cold,3,inner_validation_positive,382,88,1
double_cold,3,inner_validation_positive,411,41,1
double_cold,3,inner_validation_positive,431,41,1
double_cold,3,inner_validation_positive,463,177,1
double_cold,3,inner_validation_positive,463,101,1
double_cold,3,inner_validation_positive,474,41,1
double_cold,3,inner_validation_positive,491,177,1
double_cold,3,inner_validation_positive,514,41,1
double_cold,3,inner_validation_positive,516,177,1
double_cold,3,inner_validation_positive,516,41,1
double_cold,3,inner_validation_positive,516,88,1
double_cold,3,inner_validation_positive,530,177,1
double_cold,3,inner_validation_positive,530,101,1
double_cold,3,inner_validation_positive,616,41,1
double_cold,3,inner_validation_positive,619,41,1
double_cold,3,inner_validation_positive,619,101,1
double_cold,3,inner_validation_positive,576,101,1
double_cold,3,inner_validation_positive,583,177,1
double_cold,3,inner_validation_positive,583,41,1
double_cold,3,inner_validation_positive,583,68,1
double_cold,3,inner_validation_positive,598,177,1
double_cold,3,inner_validation_positive,598,41,1
double_cold,3,inner_validation_sampled_unlabeled,35,88,0
double_cold,3,inner_validation_sampled_unlabeled,296,193,0
double_cold,3,inner_validation_sampled_unlabeled,576,137,0
double_cold,3,inner_validation_sampled_unlabeled,491,41,0
double_cold,3,inner_validation_sampled_unlabeled,285,64,0
double_cold,3,inner_validation_sampled_unlabeled,243,101,0
double_cold,3,inner_validation_sampled_unlabeled,96,88,0
double_cold,3,inner_validation_sampled_unlabeled,192,193,0
double_cold,3,inner_validation_sampled_unlabeled,348,193,0
double_cold,3,inner_validation_sampled_unlabeled,35,26,0
double_cold,3,inner_validation_sampled_unlabeled,243,64,0
double_cold,3,inner_validation_sampled_unlabeled,243,183,0
double_cold,3,inner_validation_sampled_unlabeled,619,137,0
double_cold,3,inner_validation_sampled_unlabeled,616,193,0
double_cold,3,inner_validation_sampled_unlabeled,576,41,0
double_cold,3,inner_validation_sampled_unlabeled,0,64,0
double_cold,3,inner_validation_sampled_unlabeled,382,193,0
double_cold,3,inner_validation_sampled_unlabeled,431,177,0
double_cold,3,inner_validation_sampled_unlabeled,583,183,0
double_cold,3,inner_validation_sampled_unlabeled,321,64,0
double_cold,3,inner_validation_sampled_unlabeled,583,137,0
double_cold,3,inner_validation_sampled_unlabeled,598,137,0
double_cold,3,inner_validation_sampled_unlabeled,514,68,0
double_cold,3,inner_validation_sampled_unlabeled,530,183,0
double_cold,3,inner_validation_sampled_unlabeled,348,26,0
double_cold,3,inner_validation_sampled_unlabeled,619,68,0
double_cold,3,inner_validation_sampled_unlabeled,600,137,0
double_cold,3,inner_validation_sampled_unlabeled,215,137,0
double_cold,3,inner_validation_sampled_unlabeled,58,101,0
double_cold,3,inner_validation_sampled_unlabeled,296,183,0
double_cold,3,inner_validation_sampled_unlabeled,362,64,0
double_cold,3,inner_validation_sampled_unlabeled,491,68,0
double_cold,3,inner_validation_sampled_unlabeled,362,137,0
double_cold,3,inner_validation_sampled_unlabeled,514,88,0
double_cold,3,inner_validation_sampled_unlabeled,366,137,0
double_cold,3,inner_validation_sampled_unlabeled,463,88,0
double_cold,3,inner_validation_sampled_unlabeled,78,88,0
double_cold,3,inner_validation_sampled_unlabeled,291,177,0
double_cold,3,inner_validation_sampled_unlabeled,10,26,0
double_cold,3,inner_validation_sampled_unlabeled,600,41,0
double_cold,3,inner_validation_sampled_unlabeled,134,68,0
double_cold,3,inner_validation_sampled_unlabeled,514,26,0
double_cold,3,inner_validation_sampled_unlabeled,357,88,0
double_cold,3,inner_validation_sampled_unlabeled,474,26,0
double_cold,3,inner_validation_sampled_unlabeled,78,26,0
double_cold,3,inner_validation_sampled_unlabeled,35,64,0
double_cold,3,inner_validation_sampled_unlabeled,431,183,0
double_cold,3,inner_validation_sampled_unlabeled,114,183,0
double_cold,3,inner_validation_sampled_unlabeled,116,101,0
double_cold,3,inner_validation_sampled_unlabeled,296,68,0
double_cold,3,inner_validation_sampled_unlabeled,374,88,0
double_cold,3,inner_validation_sampled_unlabeled,362,68,0
double_cold,3,inner_validation_sampled_unlabeled,491,26,0
double_cold,3,inner_validation_sampled_unlabeled,181,68,0
double_cold,3,inner_validation_sampled_unlabeled,530,137,0
double_cold,3,inner_validation_sampled_unlabeled,186,137,0
double_cold,3,inner_validation_sampled_unlabeled,516,183,0
double_cold,3,inner_validation_sampled_unlabeled,516,137,0
double_cold,3,inner_validation_sampled_unlabeled,357,101,0
double_cold,3,inner_validation_sampled_unlabeled,58,137,0
double_cold,3,inner_validation_sampled_unlabeled,215,26,0
double_cold,3,inner_validation_sampled_unlabeled,15,193,0
double_cold,3,inner_validation_sampled_unlabeled,114,64,0
double_cold,3,inner_validation_sampled_unlabeled,114,137,0
double_cold,3,inner_validation_sampled_unlabeled,285,101,0
double_cold,3,inner_validation_sampled_unlabeled,598,88,0
double_cold,3,inner_validation_sampled_unlabeled,243,193,0
double_cold,3,inner_validation_sampled_unlabeled,151,64,0
double_cold,3,inner_validation_sampled_unlabeled,366,193,0
double_cold,3,inner_validation_sampled_unlabeled,151,183,0
double_cold,3,inner_validation_sampled_unlabeled,382,64,0
double_cold,3,inner_validation_sampled_unlabeled,10,183,0
double_cold,3,inner_validation_sampled_unlabeled,10,137,0
double_cold,3,inner_validation_sampled_unlabeled,474,101,0
double_cold,3,inner_validation_sampled_unlabeled,321,26,0
double_cold,3,inner_validation_sampled_unlabeled,243,177,0
double_cold,3,inner_validation_sampled_unlabeled,15,26,0
double_cold,3,inner_validation_sampled_unlabeled,366,177,0
double_cold,3,inner_validation_sampled_unlabeled,78,64,0
double_cold,3,inner_validation_sampled_unlabeled,0,193,0
double_cold,3,inner_validation_sampled_unlabeled,291,64,0
double_cold,3,inner_validation_sampled_unlabeled,194,177,0
double_cold,3,inner_validation_sampled_unlabeled,357,183,0
double_cold,3,inner_validation_sampled_unlabeled,357,137,0
double_cold,3,inner_validation_sampled_unlabeled,78,41,0
double_cold,3,outer_test_positive,3,123,1
double_cold,3,outer_test_positive,3,67,1
double_cold,3,outer_test_positive,3,148,1
double_cold,3,outer_test_positive,5,123,1
double_cold,3,outer_test_positive,5,179,1
double_cold,3,outer_test_positive,5,67,1
double_cold,3,outer_test_positive,5,148,1
double_cold,3,outer_test_positive,8,67,1
double_cold,3,outer_test_positive,8,148,1
double_cold,3,outer_test_positive,16,123,1
double_cold,3,outer_test_positive,16,67,1
double_cold,3,outer_test_positive,16,174,1
double_cold,3,outer_test_positive,17,67,1
double_cold,3,outer_test_positive,17,124,1
double_cold,3,outer_test_positive,17,123,1
double_cold,3,outer_test_positive,17,179,1
double_cold,3,outer_test_positive,17,148,1
double_cold,3,outer_test_positive,23,148,1
double_cold,3,outer_test_positive,27,174,1
double_cold,3,outer_test_positive,38,34,1
double_cold,3,outer_test_positive,39,174,1
double_cold,3,outer_test_positive,39,34,1
double_cold,3,outer_test_positive,39,85,1
double_cold,3,outer_test_positive,39,90,1
double_cold,3,outer_test_positive,48,148,1
double_cold,3,outer_test_positive,51,34,1
double_cold,3,outer_test_positive,63,67,1
double_cold,3,outer_test_positive,63,174,1
double_cold,3,outer_test_positive,63,148,1
double_cold,3,outer_test_positive,71,67,1
double_cold,3,outer_test_positive,79,67,1
double_cold,3,outer_test_positive,100,123,1
double_cold,3,outer_test_positive,100,67,1
double_cold,3,outer_test_positive,100,85,1
double_cold,3,outer_test_positive,110,85,1
double_cold,3,outer_test_positive,110,124,1
double_cold,3,outer_test_positive,110,67,1
double_cold,3,outer_test_positive,110,123,1
double_cold,3,outer_test_positive,110,197,1
double_cold,3,outer_test_positive,118,123,1
double_cold,3,outer_test_positive,120,67,1
double_cold,3,outer_test_positive,120,123,1
double_cold,3,outer_test_positive,120,148,1
double_cold,3,outer_test_positive,120,85,1
double_cold,3,outer_test_positive,126,67,1
double_cold,3,outer_test_positive,126,90,1
double_cold,3,outer_test_positive,126,176,1
double_cold,3,outer_test_positive,126,123,1
double_cold,3,outer_test_positive,126,174,1
double_cold,3,outer_test_positive,133,197,1
double_cold,3,outer_test_positive,133,67,1
double_cold,3,outer_test_positive,147,67,1
double_cold,3,outer_test_positive,147,123,1
double_cold,3,outer_test_positive,147,197,1
double_cold,3,outer_test_positive,147,144,1
double_cold,3,outer_test_positive,154,67,1
double_cold,3,outer_test_positive,154,148,1
double_cold,3,outer_test_positive,155,123,1
double_cold,3,outer_test_positive,155,67,1
double_cold,3,outer_test_positive,155,148,1
double_cold,3,outer_test_positive,158,90,1
double_cold,3,outer_test_positive,158,176,1
double_cold,3,outer_test_positive,158,67,1
double_cold,3,outer_test_positive,158,123,1
double_cold,3,outer_test_positive,158,148,1
double_cold,3,outer_test_positive,160,123,1
double_cold,3,outer_test_positive,162,148,1
double_cold,3,outer_test_positive,162,123,1
double_cold,3,outer_test_positive,162,67,1
double_cold,3,outer_test_positive,166,148,1
double_cold,3,outer_test_positive,171,123,1
double_cold,3,outer_test_positive,171,90,1
double_cold,3,outer_test_positive,171,67,1
double_cold,3,outer_test_positive,171,174,1
double_cold,3,outer_test_positive,177,123,1
double_cold,3,outer_test_positive,177,174,1
double_cold,3,outer_test_positive,182,123,1
double_cold,3,outer_test_positive,182,85,1
double_cold,3,outer_test_positive,182,139,1
double_cold,3,outer_test_positive,182,67,1
double_cold,3,outer_test_positive,182,124,1
double_cold,3,outer_test_positive,183,67,1
double_cold,3,outer_test_positive,183,123,1
double_cold,3,outer_test_positive,183,85,1
double_cold,3,outer_test_positive,183,90,1
double_cold,3,outer_test_positive,183,197,1
double_cold,3,outer_test_positive,183,124,1
double_cold,3,outer_test_positive,183,148,1
double_cold,3,outer_test_positive,183,151,1
double_cold,3,outer_test_positive,184,148,1
double_cold,3,outer_test_positive,189,148,1
double_cold,3,outer_test_positive,606,67,1
double_cold,3,outer_test_positive,606,174,1
double_cold,3,outer_test_positive,199,90,1
double_cold,3,outer_test_positive,199,100,1
double_cold,3,outer_test_positive,199,139,1
double_cold,3,outer_test_positive,199,67,1
double_cold,3,outer_test_positive,199,123,1
double_cold,3,outer_test_positive,207,176,1
double_cold,3,outer_test_positive,207,67,1
double_cold,3,outer_test_positive,207,47,1
double_cold,3,outer_test_positive,207,85,1
double_cold,3,outer_test_positive,207,174,1
double_cold,3,outer_test_positive,207,144,1
double_cold,3,outer_test_positive,610,123,1
double_cold,3,outer_test_positive,611,67,1
double_cold,3,outer_test_positive,612,67,1
double_cold,3,outer_test_positive,216,67,1
double_cold,3,outer_test_positive,238,67,1
double_cold,3,outer_test_positive,238,90,1
double_cold,3,outer_test_positive,238,176,1
double_cold,3,outer_test_positive,238,123,1
double_cold,3,outer_test_positive,238,151,1
double_cold,3,outer_test_positive,246,67,1
double_cold,3,outer_test_positive,263,123,1
double_cold,3,outer_test_positive,263,67,1
double_cold,3,outer_test_positive,265,123,1
double_cold,3,outer_test_positive,272,148,1
double_cold,3,outer_test_positive,272,67,1
double_cold,3,outer_test_positive,273,85,1
double_cold,3,outer_test_positive,273,67,1
double_cold,3,outer_test_positive,273,90,1
double_cold,3,outer_test_positive,273,148,1
double_cold,3,outer_test_positive,276,67,1
double_cold,3,outer_test_positive,307,123,1
double_cold,3,outer_test_positive,307,67,1
double_cold,3,outer_test_positive,310,123,1
double_cold,3,outer_test_positive,310,179,1
double_cold,3,outer_test_positive,310,67,1
double_cold,3,outer_test_positive,313,148,1
double_cold,3,outer_test_positive,320,67,1
double_cold,3,outer_test_positive,322,174,1
double_cold,3,outer_test_positive,322,67,1
double_cold,3,outer_test_positive,331,67,1
double_cold,3,outer_test_positive,332,67,1
double_cold,3,outer_test_positive,332,197,1
double_cold,3,outer_test_positive,336,123,1
double_cold,3,outer_test_positive,336,67,1
double_cold,3,outer_test_positive,336,124,1
double_cold,3,outer_test_positive,340,90,1
double_cold,3,outer_test_positive,344,90,1
double_cold,3,outer_test_positive,344,67,1
double_cold,3,outer_test_positive,346,67,1
double_cold,3,outer_test_positive,346,174,1
double_cold,3,outer_test_positive,346,85,1
double_cold,3,outer_test_positive,346,148,1
double_cold,3,outer_test_positive,346,179,1
double_cold,3,outer_test_positive,347,148,1
double_cold,3,outer_test_positive,347,67,1
double_cold,3,outer_test_positive,359,148,1
double_cold,3,outer_test_positive,361,148,1
double_cold,3,outer_test_positive,361,67,1
double_cold,3,outer_test_positive,367,67,1
double_cold,3,outer_test_positive,367,148,1
double_cold,3,outer_test_positive,367,174,1
double_cold,3,outer_test_positive,368,148,1
double_cold,3,outer_test_positive,369,50,1
double_cold,3,outer_test_positive,369,148,1
double_cold,3,outer_test_positive,378,123,1
double_cold,3,outer_test_positive,378,148,1
double_cold,3,outer_test_positive,393,148,1
double_cold,3,outer_test_positive,395,67,1
double_cold,3,outer_test_positive,395,148,1
double_cold,3,outer_test_positive,407,123,1
double_cold,3,outer_test_positive,407,67,1
double_cold,3,outer_test_positive,408,124,1
double_cold,3,outer_test_positive,408,123,1
double_cold,3,outer_test_positive,408,148,1
double_cold,3,outer_test_positive,408,67,1
double_cold,3,outer_test_positive,409,144,1
double_cold,3,outer_test_positive,420,148,1
double_cold,3,outer_test_positive,433,123,1
double_cold,3,outer_test_positive,433,148,1
double_cold,3,outer_test_positive,433,67,1
double_cold,3,outer_test_positive,445,67,1
double_cold,3,outer_test_positive,453,123,1
double_cold,3,outer_test_positive,453,73,1
double_cold,3,outer_test_positive,453,67,1
double_cold,3,outer_test_positive,454,67,1
double_cold,3,outer_test_positive,459,148,1
double_cold,3,outer_test_positive,459,67,1
double_cold,3,outer_test_positive,470,67,1
double_cold,3,outer_test_positive,506,148,1
double_cold,3,outer_test_positive,506,67,1
double_cold,3,outer_test_positive,527,148,1
double_cold,3,outer_test_positive,543,123,1
double_cold,3,outer_test_positive,543,148,1
double_cold,3,outer_test_positive,543,67,1
double_cold,3,outer_test_positive,544,148,1
double_cold,3,outer_test_positive,633,123,1
double_cold,3,outer_test_positive,633,67,1
double_cold,3,outer_test_positive,633,148,1
double_cold,3,outer_test_positive,633,174,1
double_cold,3,outer_test_positive,550,123,1
double_cold,3,outer_test_positive,550,148,1
double_cold,3,outer_test_positive,550,67,1
double_cold,3,outer_test_positive,555,148,1
double_cold,3,outer_test_positive,555,174,1
double_cold,3,outer_test_positive,555,67,1
double_cold,3,outer_test_positive,556,148,1
double_cold,3,outer_test_positive,557,148,1
double_cold,3,outer_test_positive,557,67,1
double_cold,3,outer_test_positive,575,123,1
double_cold,3,outer_test_positive,578,67,1
double_cold,3,outer_test_positive,578,174,1
double_cold,3,outer_test_positive,578,194,1
double_cold,3,outer_test_positive,578,123,1
double_cold,3,outer_test_positive,578,148,1
double_cold,3,outer_test_positive,578,15,1
double_cold,3,outer_test_positive,597,124,1
double_cold,3,outer_test_positive,597,148,1
double_cold,3,outer_test_positive,597,67,1
double_cold,3,outer_test_positive,597,197,1
double_cold,3,outer_test_positive,597,174,1
double_cold,3,outer_test_sampled_unlabeled,606,151,0
double_cold,3,outer_test_sampled_unlabeled,610,176,0
double_cold,3,outer_test_sampled_unlabeled,16,148,0
double_cold,3,outer_test_sampled_unlabeled,27,123,0
double_cold,3,outer_test_sampled_unlabeled,216,148,0
double_cold,3,outer_test_sampled_unlabeled,110,194,0
double_cold,3,outer_test_sampled_unlabeled,322,47,0
double_cold,3,outer_test_sampled_unlabeled,433,15,0
double_cold,3,outer_test_sampled_unlabeled,110,148,0
double_cold,3,outer_test_sampled_unlabeled,633,15,0
double_cold,3,outer_test_sampled_unlabeled,407,124,0
double_cold,3,outer_test_sampled_unlabeled,263,34,0
double_cold,3,outer_test_sampled_unlabeled,359,194,0
double_cold,3,outer_test_sampled_unlabeled,347,15,0
double_cold,3,outer_test_sampled_unlabeled,51,144,0
double_cold,3,outer_test_sampled_unlabeled,39,124,0
double_cold,3,outer_test_sampled_unlabeled,606,144,0
double_cold,3,outer_test_sampled_unlabeled,578,100,0
double_cold,3,outer_test_sampled_unlabeled,556,15,0
double_cold,3,outer_test_sampled_unlabeled,5,174,0
double_cold,3,outer_test_sampled_unlabeled,265,15,0
double_cold,3,outer_test_sampled_unlabeled,147,50,0
double_cold,3,outer_test_sampled_unlabeled,118,197,0
double_cold,3,outer_test_sampled_unlabeled,368,174,0
double_cold,3,outer_test_sampled_unlabeled,445,174,0
double_cold,3,outer_test_sampled_unlabeled,38,174,0
double_cold,3,outer_test_sampled_unlabeled,331,179,0
double_cold,3,outer_test_sampled_unlabeled,332,144,0
double_cold,3,outer_test_sampled_unlabeled,3,179,0
double_cold,3,outer_test_sampled_unlabeled,71,15,0
double_cold,3,outer_test_sampled_unlabeled,171,47,0
double_cold,3,outer_test_sampled_unlabeled,453,144,0
double_cold,3,outer_test_sampled_unlabeled,182,47,0
double_cold,3,outer_test_sampled_unlabeled,445,85,0
double_cold,3,outer_test_sampled_unlabeled,276,139,0
double_cold,3,outer_test_sampled_unlabeled,263,139,0
double_cold,3,outer_test_sampled_unlabeled,408,194,0
double_cold,3,outer_test_sampled_unlabeled,5,124,0
double_cold,3,outer_test_sampled_unlabeled,100,151,0
double_cold,3,outer_test_sampled_unlabeled,155,151,0
double_cold,3,outer_test_sampled_unlabeled,17,144,0
double_cold,3,outer_test_sampled_unlabeled,51,139,0
double_cold,3,outer_test_sampled_unlabeled,160,144,0
double_cold,3,outer_test_sampled_unlabeled,555,176,0
double_cold,3,outer_test_sampled_unlabeled,393,50,0
double_cold,3,outer_test_sampled_unlabeled,133,47,0
double_cold,3,outer_test_sampled_unlabeled,276,50,0
double_cold,3,outer_test_sampled_unlabeled,408,50,0
double_cold,3,outer_test_sampled_unlabeled,606,50,0
double_cold,3,outer_test_sampled_unlabeled,273,151,0
double_cold,3,outer_test_sampled_unlabeled,409,85,0
double_cold,3,outer_test_sampled_unlabeled,378,15,0
double_cold,3,outer_test_sampled_unlabeled,154,124,0
double_cold,3,outer_test_sampled_unlabeled,238,50,0
double_cold,3,outer_test_sampled_unlabeled,420,124,0
double_cold,3,outer_test_sampled_unlabeled,39,176,0
double_cold,3,outer_test_sampled_unlabeled,38,123,0
double_cold,3,outer_test_sampled_unlabeled,610,148,0
double_cold,3,outer_test_sampled_unlabeled,126,34,0
double_cold,3,outer_test_sampled_unlabeled,110,47,0
double_cold,3,outer_test_sampled_unlabeled,331,174,0
double_cold,3,outer_test_sampled_unlabeled,320,174,0
double_cold,3,outer_test_sampled_unlabeled,575,144,0
double_cold,3,outer_test_sampled_unlabeled,550,90,0
double_cold,3,outer_test_sampled_unlabeled,453,139,0
double_cold,3,outer_test_sampled_unlabeled,79,151,0
double_cold,3,outer_test_sampled_unlabeled,367,179,0
double_cold,3,outer_test_sampled_unlabeled,368,144,0
double_cold,3,outer_test_sampled_unlabeled,453,148,0
double_cold,3,outer_test_sampled_unlabeled,265,67,0
double_cold,3,outer_test_sampled_unlabeled,433,124,0
double_cold,3,outer_test_sampled_unlabeled,368,34,0
double_cold,3,outer_test_sampled_unlabeled,433,197,0
double_cold,3,outer_test_sampled_unlabeled,71,174,0
double_cold,3,outer_test_sampled_unlabeled,51,15,0
double_cold,3,outer_test_sampled_unlabeled,454,174,0
double_cold,3,outer_test_sampled_unlabeled,611,194,0
double_cold,3,outer_test_sampled_unlabeled,177,100,0
double_cold,3,outer_test_sampled_unlabeled,340,179,0
double_cold,3,outer_test_sampled_unlabeled,597,15,0
double_cold,3,outer_test_sampled_unlabeled,184,197,0
double_cold,3,outer_test_sampled_unlabeled,207,73,0
double_cold,3,outer_test_sampled_unlabeled,71,85,0
double_cold,3,outer_test_sampled_unlabeled,39,144,0
double_cold,3,outer_test_sampled_unlabeled,307,139,0
double_cold,3,outer_test_sampled_unlabeled,199,197,0
double_cold,3,outer_test_sampled_unlabeled,154,174,0
double_cold,3,outer_test_sampled_unlabeled,555,100,0
double_cold,3,outer_test_sampled_unlabeled,100,148,0
double_cold,3,outer_test_sampled_unlabeled,5,139,0
double_cold,3,outer_test_sampled_unlabeled,610,15,0
double_cold,3,outer_test_sampled_unlabeled,126,194,0
double_cold,3,outer_test_sampled_unlabeled,409,34,0
double_cold,3,outer_test_sampled_unlabeled,126,139,0
double_cold,3,outer_test_sampled_unlabeled,575,194,0
double_cold,3,outer_test_sampled_unlabeled,408,47,0
double_cold,3,outer_test_sampled_unlabeled,162,34,0
double_cold,3,outer_test_sampled_unlabeled,313,194,0
double_cold,3,outer_test_sampled_unlabeled,273,176,0
double_cold,3,outer_test_sampled_unlabeled,313,139,0
double_cold,3,outer_test_sampled_unlabeled,368,139,0
double_cold,3,outer_test_sampled_unlabeled,606,148,0
double_cold,3,outer_test_sampled_unlabeled,407,100,0
double_cold,3,outer_test_sampled_unlabeled,183,194,0
double_cold,3,outer_test_sampled_unlabeled,543,174,0
double_cold,3,outer_test_sampled_unlabeled,273,194,0
double_cold,3,outer_test_sampled_unlabeled,273,139,0
double_cold,3,outer_test_sampled_unlabeled,322,151,0
double_cold,3,outer_test_sampled_unlabeled,5,50,0
double_cold,3,outer_test_sampled_unlabeled,154,176,0
double_cold,3,outer_test_sampled_unlabeled,378,67,0
double_cold,3,outer_test_sampled_unlabeled,543,73,0
double_cold,3,outer_test_sampled_unlabeled,347,73,0
double_cold,3,outer_test_sampled_unlabeled,189,124,0
double_cold,3,outer_test_sampled_unlabeled,527,67,0
double_cold,3,outer_test_sampled_unlabeled,313,123,0
double_cold,3,outer_test_sampled_unlabeled,79,194,0
double_cold,3,outer_test_sampled_unlabeled,5,34,0
double_cold,3,outer_test_sampled_unlabeled,550,197,0
double_cold,3,outer_test_sampled_unlabeled,310,197,0
double_cold,3,outer_test_sampled_unlabeled,118,100,0
double_cold,3,outer_test_sampled_unlabeled,322,144,0
double_cold,3,outer_test_sampled_unlabeled,265,174,0
double_cold,3,outer_test_sampled_unlabeled,154,151,0
double_cold,3,outer_test_sampled_unlabeled,71,144,0
double_cold,3,outer_test_sampled_unlabeled,409,176,0
double_cold,3,outer_test_sampled_unlabeled,340,67,0
double_cold,3,outer_test_sampled_unlabeled,454,34,0
double_cold,3,outer_test_sampled_unlabeled,63,85,0
double_cold,3,outer_test_sampled_unlabeled,336,179,0
double_cold,3,outer_test_sampled_unlabeled,409,139,0
double_cold,3,outer_test_sampled_unlabeled,332,47,0
double_cold,3,outer_test_sampled_unlabeled,27,67,0
double_cold,3,outer_test_sampled_unlabeled,158,194,0
double_cold,3,outer_test_sampled_unlabeled,347,139,0
double_cold,3,outer_test_sampled_unlabeled,344,85,0
double_cold,3,outer_test_sampled_unlabeled,307,100,0
double_cold,3,outer_test_sampled_unlabeled,527,124,0
double_cold,3,outer_test_sampled_unlabeled,633,197,0
double_cold,3,outer_test_sampled_unlabeled,459,179,0
double_cold,3,outer_test_sampled_unlabeled,310,144,0
double_cold,3,outer_test_sampled_unlabeled,331,176,0
double_cold,3,outer_test_sampled_unlabeled,48,34,0
double_cold,3,outer_test_sampled_unlabeled,263,197,0
double_cold,3,outer_test_sampled_unlabeled,265,194,0
double_cold,3,outer_test_sampled_unlabeled,320,194,0
double_cold,3,outer_test_sampled_unlabeled,369,123,0
double_cold,3,outer_test_sampled_unlabeled,459,90,0
double_cold,3,outer_test_sampled_unlabeled,322,176,0
double_cold,3,outer_test_sampled_unlabeled,207,100,0
double_cold,3,outer_test_sampled_unlabeled,16,176,0
double_cold,3,outer_test_sampled_unlabeled,550,73,0
double_cold,3,outer_test_sampled_unlabeled,171,34,0
double_cold,3,outer_test_sampled_unlabeled,361,176,0
double_cold,3,outer_test_sampled_unlabeled,166,47,0
double_cold,3,outer_test_sampled_unlabeled,346,124,0
double_cold,3,outer_test_sampled_unlabeled,320,50,0
double_cold,3,outer_test_sampled_unlabeled,454,194,0
double_cold,3,outer_test_sampled_unlabeled,544,194,0
double_cold,3,outer_test_sampled_unlabeled,331,123,0
double_cold,3,outer_test_sampled_unlabeled,184,144,0
double_cold,3,outer_test_sampled_unlabeled,158,15,0
double_cold,3,outer_test_sampled_unlabeled,395,144,0
double_cold,3,outer_test_sampled_unlabeled,575,47,0
double_cold,3,outer_test_sampled_unlabeled,359,124,0
double_cold,3,outer_test_sampled_unlabeled,633,73,0
double_cold,3,outer_test_sampled_unlabeled,344,144,0
double_cold,3,outer_test_sampled_unlabeled,48,176,0
double_cold,3,outer_test_sampled_unlabeled,550,194,0
double_cold,3,outer_test_sampled_unlabeled,48,194,0
double_cold,3,outer_test_sampled_unlabeled,48,139,0
double_cold,3,outer_test_sampled_unlabeled,310,148,0
double_cold,3,outer_test_sampled_unlabeled,184,73,0
double_cold,3,outer_test_sampled_unlabeled,177,67,0
double_cold,3,outer_test_sampled_unlabeled,246,194,0
double_cold,3,outer_test_sampled_unlabeled,361,144,0
double_cold,3,outer_test_sampled_unlabeled,612,34,0
double_cold,3,outer_test_sampled_unlabeled,184,100,0
double_cold,3,outer_test_sampled_unlabeled,378,194,0
double_cold,3,outer_test_sampled_unlabeled,367,139,0
double_cold,3,outer_test_sampled_unlabeled,378,139,0
double_cold,3,outer_test_sampled_unlabeled,433,194,0
double_cold,3,outer_test_sampled_unlabeled,408,85,0
double_cold,3,outer_test_sampled_unlabeled,48,50,0
double_cold,3,outer_test_sampled_unlabeled,39,47,0
double_cold,3,outer_test_sampled_unlabeled,506,123,0
double_cold,3,outer_test_sampled_unlabeled,454,15,0
double_cold,3,outer_test_sampled_unlabeled,557,174,0
double_cold,3,outer_test_sampled_unlabeled,575,15,0
double_cold,3,outer_test_sampled_unlabeled,408,176,0
double_cold,3,outer_test_sampled_unlabeled,63,194,0
double_cold,3,outer_test_sampled_unlabeled,100,124,0
double_cold,3,outer_test_sampled_unlabeled,166,179,0
double_cold,3,outer_test_sampled_unlabeled,189,144,0
double_cold,3,outer_test_sampled_unlabeled,506,144,0
double_cold,3,outer_test_sampled_unlabeled,369,47,0
double_cold,3,outer_test_sampled_unlabeled,550,34,0
double_cold,3,outer_test_sampled_unlabeled,367,50,0
double_cold,3,outer_test_sampled_unlabeled,177,197,0
double_cold,3,outer_test_sampled_unlabeled,155,197,0
double_cold,3,outer_test_sampled_unlabeled,16,100,0
double_cold,3,outer_test_sampled_unlabeled,527,50,0
double_cold,3,outer_test_sampled_unlabeled,359,73,0
double_cold,3,outer_test_sampled_unlabeled,344,139,0
double_cold,3,outer_test_sampled_unlabeled,453,174,0
double_cold,3,outer_test_sampled_unlabeled,527,123,0
double_cold,3,outer_test_sampled_unlabeled,606,179,0
double_cold,3,outer_test_sampled_unlabeled,246,144,0
double_cold,3,outer_test_sampled_unlabeled,27,148,0
double_cold,3,outer_test_sampled_unlabeled,155,90,0
double_cold,3,outer_test_sampled_unlabeled,265,47,0
double_cold,3,outer_test_sampled_unlabeled,555,179,0
double_cold,3,outer_test_sampled_unlabeled,606,197,0
double_cold,3,outer_test_sampled_unlabeled,133,50,0
double_cold,4,inner_train_positive,0,48,1
double_cold,4,inner_train_positive,0,67,1
double_cold,4,inner_train_positive,0,55,1
double_cold,4,inner_train_positive,0,41,1
double_cold,4,inner_train_positive,0,35,1
double_cold,4,inner_train_positive,0,204,1
double_cold,4,inner_train_positive,0,73,1
double_cold,4,inner_train_positive,0,123,1
double_cold,4,inner_train_positive,0,146,1
double_cold,4,inner_train_positive,0,188,1
double_cold,4,inner_train_positive,0,17,1
double_cold,4,inner_train_positive,0,84,1
double_cold,4,inner_train_positive,0,161,1
double_cold,4,inner_train_positive,1,123,1
double_cold,4,inner_train_positive,1,188,1
double_cold,4,inner_train_positive,1,142,1
double_cold,4,inner_train_positive,1,148,1
double_cold,4,inner_train_positive,1,67,1
double_cold,4,inner_train_positive,1,84,1
double_cold,4,inner_train_positive,1,41,1
double_cold,4,inner_train_positive,2,123,1
double_cold,4,inner_train_positive,2,67,1
double_cold,4,inner_train_positive,2,124,1
double_cold,4,inner_train_positive,3,123,1
double_cold,4,inner_train_positive,3,188,1
double_cold,4,inner_train_positive,3,41,1
double_cold,4,inner_train_positive,3,67,1
double_cold,4,inner_train_positive,3,101,1
double_cold,4,inner_train_positive,3,148,1
double_cold,4,inner_train_positive,3,51,1
double_cold,4,inner_train_positive,4,188,1
double_cold,4,inner_train_positive,4,67,1
double_cold,4,inner_train_positive,4,41,1
double_cold,4,inner_train_positive,4,55,1
double_cold,4,inner_train_positive,5,21,1
double_cold,4,inner_train_positive,5,55,1
double_cold,4,inner_train_positive,5,41,1
double_cold,4,inner_train_positive,5,123,1
double_cold,4,inner_train_positive,5,188,1
double_cold,4,inner_train_positive,5,179,1
double_cold,4,inner_train_positive,5,67,1
double_cold,4,inner_train_positive,5,101,1
double_cold,4,inner_train_positive,5,148,1
double_cold,4,inner_train_positive,5,84,1
double_cold,4,inner_train_positive,5,204,1
double_cold,4,inner_train_positive,6,123,1
double_cold,4,inner_train_positive,6,67,1
double_cold,4,inner_train_positive,6,188,1
double_cold,4,inner_train_positive,6,101,1
double_cold,4,inner_train_positive,6,148,1
double_cold,4,inner_train_positive,6,204,1
double_cold,4,inner_train_positive,7,123,1
double_cold,4,inner_train_positive,7,188,1
double_cold,4,inner_train_positive,7,142,1
double_cold,4,inner_train_positive,7,148,1
double_cold,4,inner_train_positive,7,67,1
double_cold,4,inner_train_positive,7,55,1
double_cold,4,inner_train_positive,7,41,1
double_cold,4,inner_train_positive,7,85,1
double_cold,4,inner_train_positive,7,84,1
double_cold,4,inner_train_positive,7,204,1
double_cold,4,inner_train_positive,9,21,1
double_cold,4,inner_train_positive,9,67,1
double_cold,4,inner_train_positive,9,177,1
double_cold,4,inner_train_positive,9,88,1
double_cold,4,inner_train_positive,9,123,1
double_cold,4,inner_train_positive,9,55,1
double_cold,4,inner_train_positive,9,204,1
double_cold,4,inner_train_positive,9,68,1
double_cold,4,inner_train_positive,9,84,1
double_cold,4,inner_train_positive,9,43,1
double_cold,4,inner_train_positive,9,146,1
double_cold,4,inner_train_positive,9,188,1
double_cold,4,inner_train_positive,9,22,1
double_cold,4,inner_train_positive,9,148,1
double_cold,4,inner_train_positive,9,142,1
double_cold,4,inner_train_positive,9,101,1
double_cold,4,inner_train_positive,9,197,1
double_cold,4,inner_train_positive,9,134,1
double_cold,4,inner_train_positive,9,86,1
double_cold,4,inner_train_positive,10,67,1
double_cold,4,inner_train_positive,10,114,1
double_cold,4,inner_train_positive,10,55,1
double_cold,4,inner_train_positive,10,17,1
double_cold,4,inner_train_positive,10,123,1
double_cold,4,inner_train_positive,10,188,1
double_cold,4,inner_train_positive,10,177,1
double_cold,4,inner_train_positive,10,41,1
double_cold,4,inner_train_positive,10,179,1
double_cold,4,inner_train_positive,10,22,1
double_cold,4,inner_train_positive,10,204,1
double_cold,4,inner_train_positive,10,84,1
double_cold,4,inner_train_positive,11,123,1
double_cold,4,inner_train_positive,11,186,1
double_cold,4,inner_train_positive,11,68,1
double_cold,4,inner_train_positive,11,151,1
double_cold,4,inner_train_positive,11,204,1
double_cold,4,inner_train_positive,11,41,1
double_cold,4,inner_train_positive,11,188,1
double_cold,4,inner_train_positive,11,43,1
double_cold,4,inner_train_positive,11,84,1
double_cold,4,inner_train_positive,11,67,1
double_cold,4,inner_train_positive,11,88,1
double_cold,4,inner_train_positive,13,123,1
double_cold,4,inner_train_positive,13,68,1
double_cold,4,inner_train_positive,13,67,1
double_cold,4,inner_train_positive,13,177,1
double_cold,4,inner_train_positive,13,55,1
double_cold,4,inner_train_positive,13,204,1
double_cold,4,inner_train_positive,13,84,1
double_cold,4,inner_train_positive,13,100,1
double_cold,4,inner_train_positive,13,88,1
double_cold,4,inner_train_positive,14,67,1
double_cold,4,inner_train_positive,14,204,1
double_cold,4,inner_train_positive,14,123,1
double_cold,4,inner_train_positive,14,98,1
double_cold,4,inner_train_positive,14,63,1
double_cold,4,inner_train_positive,14,88,1
double_cold,4,inner_train_positive,14,84,1
double_cold,4,inner_train_positive,14,55,1
double_cold,4,inner_train_positive,15,160,1
double_cold,4,inner_train_positive,15,67,1
double_cold,4,inner_train_positive,15,123,1
double_cold,4,inner_train_positive,15,186,1
double_cold,4,inner_train_positive,15,68,1
double_cold,4,inner_train_positive,15,151,1
double_cold,4,inner_train_positive,15,204,1
double_cold,4,inner_train_positive,15,41,1
double_cold,4,inner_train_positive,15,188,1
double_cold,4,inner_train_positive,15,101,1
double_cold,4,inner_train_positive,15,148,1
double_cold,4,inner_train_positive,15,96,1
double_cold,4,inner_train_positive,16,21,1
double_cold,4,inner_train_positive,16,41,1
double_cold,4,inner_train_positive,16,123,1
double_cold,4,inner_train_positive,16,102,1
double_cold,4,inner_train_positive,16,67,1
double_cold,4,inner_train_positive,16,55,1
double_cold,4,inner_train_positive,16,35,1
double_cold,4,inner_train_positive,16,84,1
double_cold,4,inner_train_positive,16,160,1
double_cold,4,inner_train_positive,16,188,1
double_cold,4,inner_train_positive,16,204,1
double_cold,4,inner_train_positive,17,21,1
double_cold,4,inner_train_positive,17,102,1
double_cold,4,inner_train_positive,17,67,1
double_cold,4,inner_train_positive,17,55,1
double_cold,4,inner_train_positive,17,204,1
double_cold,4,inner_train_positive,17,84,1
double_cold,4,inner_train_positive,17,35,1
double_cold,4,inner_train_positive,17,124,1
double_cold,4,inner_train_positive,17,123,1
double_cold,4,inner_train_positive,17,188,1
double_cold,4,inner_train_positive,17,179,1
double_cold,4,inner_train_positive,17,160,1
double_cold,4,inner_train_positive,17,101,1
double_cold,4,inner_train_positive,17,148,1
double_cold,4,inner_train_positive,17,68,1
double_cold,4,inner_train_positive,17,177,1
double_cold,4,inner_train_positive,18,204,1
double_cold,4,inner_train_positive,18,101,1
double_cold,4,inner_train_positive,18,148,1
double_cold,4,inner_train_positive,19,204,1
double_cold,4,inner_train_positive,20,67,1
double_cold,4,inner_train_positive,20,55,1
double_cold,4,inner_train_positive,20,142,1
double_cold,4,inner_train_positive,21,204,1
double_cold,4,inner_train_positive,21,188,1
double_cold,4,inner_train_positive,21,67,1
double_cold,4,inner_train_positive,22,204,1
double_cold,4,inner_train_positive,22,188,1
double_cold,4,inner_train_positive,22,55,1
double_cold,4,inner_train_positive,22,101,1
double_cold,4,inner_train_positive,22,148,1
double_cold,4,inner_train_positive,23,204,1
double_cold,4,inner_train_positive,23,188,1
double_cold,4,inner_train_positive,23,101,1
double_cold,4,inner_train_positive,23,148,1
double_cold,4,inner_train_positive,25,67,1
double_cold,4,inner_train_positive,26,67,1
double_cold,4,inner_train_positive,26,204,1
double_cold,4,inner_train_positive,26,41,1
double_cold,4,inner_train_positive,28,67,1
double_cold,4,inner_train_positive,28,148,1
double_cold,4,inner_train_positive,28,101,1
double_cold,4,inner_train_positive,28,55,1
double_cold,4,inner_train_positive,31,177,1
double_cold,4,inner_train_positive,31,17,1
double_cold,4,inner_train_positive,31,204,1
double_cold,4,inner_train_positive,31,84,1
double_cold,4,inner_train_positive,31,67,1
double_cold,4,inner_train_positive,31,134,1
double_cold,4,inner_train_positive,31,86,1
double_cold,4,inner_train_positive,32,160,1
double_cold,4,inner_train_positive,33,55,1
double_cold,4,inner_train_positive,33,41,1
double_cold,4,inner_train_positive,33,123,1
double_cold,4,inner_train_positive,33,204,1
double_cold,4,inner_train_positive,39,97,1
double_cold,4,inner_train_positive,39,186,1
double_cold,4,inner_train_positive,39,68,1
double_cold,4,inner_train_positive,39,125,1
double_cold,4,inner_train_positive,39,84,1
double_cold,4,inner_train_positive,39,34,1
double_cold,4,inner_train_positive,39,55,1
double_cold,4,inner_train_positive,39,85,1
double_cold,4,inner_train_positive,39,90,1
double_cold,4,inner_train_positive,40,55,1
double_cold,4,inner_train_positive,40,95,1
double_cold,4,inner_train_positive,41,134,1
double_cold,4,inner_train_positive,41,123,1
double_cold,4,inner_train_positive,41,55,1
double_cold,4,inner_train_positive,42,101,1
double_cold,4,inner_train_positive,42,148,1
double_cold,4,inner_train_positive,49,101,1
double_cold,4,inner_train_positive,49,148,1
double_cold,4,inner_train_positive,49,67,1
double_cold,4,inner_train_positive,50,101,1
double_cold,4,inner_train_positive,50,148,1
double_cold,4,inner_train_positive,50,95,1
double_cold,4,inner_train_positive,51,34,1
double_cold,4,inner_train_positive,51,177,1
double_cold,4,inner_train_positive,52,204,1
double_cold,4,inner_train_positive,53,204,1
double_cold,4,inner_train_positive,53,41,1
double_cold,4,inner_train_positive,55,67,1
double_cold,4,inner_train_positive,55,55,1
double_cold,4,inner_train_positive,55,123,1
double_cold,4,inner_train_positive,55,177,1
double_cold,4,inner_train_positive,55,41,1
double_cold,4,inner_train_positive,55,188,1
double_cold,4,inner_train_positive,55,179,1
double_cold,4,inner_train_positive,55,148,1
double_cold,4,inner_train_positive,55,88,1
double_cold,4,inner_train_positive,55,86,1
double_cold,4,inner_train_positive,55,0,1
double_cold,4,inner_train_positive,57,67,1
double_cold,4,inner_train_positive,57,88,1
double_cold,4,inner_train_positive,57,177,1
double_cold,4,inner_train_positive,57,123,1
double_cold,4,inner_train_positive,57,102,1
double_cold,4,inner_train_positive,57,204,1
double_cold,4,inner_train_positive,57,53,1
double_cold,4,inner_train_positive,57,84,1
double_cold,4,inner_train_positive,57,59,1
double_cold,4,inner_train_positive,57,55,1
double_cold,4,inner_train_positive,57,35,1
double_cold,4,inner_train_positive,57,188,1
double_cold,4,inner_train_positive,57,179,1
double_cold,4,inner_train_positive,57,142,1
double_cold,4,inner_train_positive,57,148,1
double_cold,4,inner_train_positive,57,152,1
double_cold,4,inner_train_positive,57,158,1
double_cold,4,inner_train_positive,57,101,1
double_cold,4,inner_train_positive,57,68,1
double_cold,4,inner_train_positive,58,160,1
double_cold,4,inner_train_positive,58,55,1
double_cold,4,inner_train_positive,58,188,1
double_cold,4,inner_train_positive,58,134,1
double_cold,4,inner_train_positive,58,123,1
double_cold,4,inner_train_positive,58,179,1
double_cold,4,inner_train_positive,58,67,1
double_cold,4,inner_train_positive,58,68,1
double_cold,4,inner_train_positive,58,177,1
double_cold,4,inner_train_positive,59,55,1
double_cold,4,inner_train_positive,60,84,1
double_cold,4,inner_train_positive,62,160,1
double_cold,4,inner_train_positive,62,142,1
double_cold,4,inner_train_positive,62,55,1
double_cold,4,inner_train_positive,63,204,1
double_cold,4,inner_train_positive,63,67,1
double_cold,4,inner_train_positive,63,55,1
double_cold,4,inner_train_positive,63,41,1
double_cold,4,inner_train_positive,63,188,1
double_cold,4,inner_train_positive,63,101,1
double_cold,4,inner_train_positive,63,148,1
double_cold,4,inner_train_positive,63,68,1
double_cold,4,inner_train_positive,63,177,1
double_cold,4,inner_train_positive,64,148,1
double_cold,4,inner_train_positive,64,142,1
double_cold,4,inner_train_positive,64,41,1
double_cold,4,inner_train_positive,64,94,1
double_cold,4,inner_train_positive,67,204,1
double_cold,4,inner_train_positive,67,67,1
double_cold,4,inner_train_positive,67,84,1
double_cold,4,inner_train_positive,67,188,1
double_cold,4,inner_train_positive,67,148,1
double_cold,4,inner_train_positive,67,142,1
double_cold,4,inner_train_positive,67,197,1
double_cold,4,inner_train_positive,67,134,1
double_cold,4,inner_train_positive,65,123,1
double_cold,4,inner_train_positive,65,160,1
double_cold,4,inner_train_positive,65,129,1
double_cold,4,inner_train_positive,65,50,1
double_cold,4,inner_train_positive,65,67,1
double_cold,4,inner_train_positive,68,204,1
double_cold,4,inner_train_positive,68,55,1
double_cold,4,inner_train_positive,68,67,1
double_cold,4,inner_train_positive,68,188,1
double_cold,4,inner_train_positive,68,41,1
double_cold,4,inner_train_positive,68,134,1
double_cold,4,inner_train_positive,70,134,1
double_cold,4,inner_train_positive,71,67,1
double_cold,4,inner_train_positive,71,41,1
double_cold,4,inner_train_positive,73,101,1
double_cold,4,inner_train_positive,73,148,1
double_cold,4,inner_train_positive,74,67,1
double_cold,4,inner_train_positive,74,21,1
double_cold,4,inner_train_positive,74,14,1
double_cold,4,inner_train_positive,74,52,1
double_cold,4,inner_train_positive,74,29,1
double_cold,4,inner_train_positive,74,123,1
double_cold,4,inner_train_positive,74,41,1
double_cold,4,inner_train_positive,74,68,1
double_cold,4,inner_train_positive,74,204,1
double_cold,4,inner_train_positive,74,146,1
double_cold,4,inner_train_positive,74,188,1
double_cold,4,inner_train_positive,74,55,1
double_cold,4,inner_train_positive,74,179,1
double_cold,4,inner_train_positive,74,84,1
double_cold,4,inner_train_positive,78,160,1
double_cold,4,inner_train_positive,78,177,1
double_cold,4,inner_train_positive,79,204,1
double_cold,4,inner_train_positive,79,55,1
double_cold,4,inner_train_positive,79,41,1
double_cold,4,inner_train_positive,79,95,1
double_cold,4,inner_train_positive,79,188,1
double_cold,4,inner_train_positive,79,67,1
double_cold,4,inner_train_positive,81,204,1
double_cold,4,inner_train_positive,81,67,1
double_cold,4,inner_train_positive,81,55,1
double_cold,4,inner_train_positive,81,146,1
double_cold,4,inner_train_positive,81,22,1
double_cold,4,inner_train_positive,81,142,1
double_cold,4,inner_train_positive,81,148,1
double_cold,4,inner_train_positive,81,84,1
double_cold,4,inner_train_positive,81,61,1
double_cold,4,inner_train_positive,82,55,1
double_cold,4,inner_train_positive,82,188,1
double_cold,4,inner_train_positive,82,41,1
double_cold,4,inner_train_positive,82,160,1
double_cold,4,inner_train_positive,88,160,1
double_cold,4,inner_train_positive,88,67,1
double_cold,4,inner_train_positive,90,68,1
double_cold,4,inner_train_positive,90,177,1
double_cold,4,inner_train_positive,90,67,1
double_cold,4,inner_train_positive,90,34,1
double_cold,4,inner_train_positive,90,17,1
double_cold,4,inner_train_positive,90,91,1
double_cold,4,inner_train_positive,90,55,1
double_cold,4,inner_train_positive,90,204,1
double_cold,4,inner_train_positive,90,112,1
double_cold,4,inner_train_positive,90,148,1
double_cold,4,inner_train_positive,90,161,1
double_cold,4,inner_train_positive,84,55,1
double_cold,4,inner_train_positive,84,204,1
double_cold,4,inner_train_positive,84,67,1
double_cold,4,inner_train_positive,84,73,1
double_cold,4,inner_train_positive,84,17,1
double_cold,4,inner_train_positive,84,188,1
double_cold,4,inner_train_positive,84,134,1
double_cold,4,inner_train_positive,85,67,1
double_cold,4,inner_train_positive,85,146,1
double_cold,4,inner_train_positive,86,204,1
double_cold,4,inner_train_positive,86,134,1
double_cold,4,inner_train_positive,86,160,1
double_cold,4,inner_train_positive,87,160,1
double_cold,4,inner_train_positive,87,204,1
double_cold,4,inner_train_positive,87,146,1
double_cold,4,inner_train_positive,87,41,1
double_cold,4,inner_train_positive,87,101,1
double_cold,4,inner_train_positive,87,148,1
double_cold,4,inner_train_positive,89,32,1
double_cold,4,inner_train_positive,92,204,1
double_cold,4,inner_train_positive,94,204,1
double_cold,4,inner_train_positive,94,41,1
double_cold,4,inner_train_positive,94,86,1
double_cold,4,inner_train_positive,95,204,1
double_cold,4,inner_train_positive,95,55,1
double_cold,4,inner_train_positive,95,146,1
double_cold,4,inner_train_positive,95,41,1
double_cold,4,inner_train_positive,95,142,1
double_cold,4,inner_train_positive,95,148,1
double_cold,4,inner_train_positive,95,101,1
double_cold,4,inner_train_positive,95,73,1
double_cold,4,inner_train_positive,96,101,1
double_cold,4,inner_train_positive,96,148,1
double_cold,4,inner_train_positive,99,204,1
double_cold,4,inner_train_positive,100,55,1
double_cold,4,inner_train_positive,100,123,1
double_cold,4,inner_train_positive,100,67,1
double_cold,4,inner_train_positive,100,48,1
double_cold,4,inner_train_positive,100,86,1
double_cold,4,inner_train_positive,100,85,1
double_cold,4,inner_train_positive,100,142,1
double_cold,4,inner_train_positive,104,204,1
double_cold,4,inner_train_positive,104,41,1
double_cold,4,inner_train_positive,106,204,1
double_cold,4,inner_train_positive,106,142,1
double_cold,4,inner_train_positive,106,148,1
double_cold,4,inner_train_positive,106,41,1
double_cold,4,inner_train_positive,106,55,1
double_cold,4,inner_train_positive,622,67,1
double_cold,4,inner_train_positive,622,94,1
double_cold,4,inner_train_positive,622,55,1
double_cold,4,inner_train_positive,622,86,1
double_cold,4,inner_train_positive,622,84,1
double_cold,4,inner_train_positive,622,68,1
double_cold,4,inner_train_positive,622,177,1
double_cold,4,inner_train_positive,107,84,1
double_cold,4,inner_train_positive,107,177,1
double_cold,4,inner_train_positive,107,67,1
double_cold,4,inner_train_positive,107,55,1
double_cold,4,inner_train_positive,107,85,1
double_cold,4,inner_train_positive,107,204,1
double_cold,4,inner_train_positive,108,55,1
double_cold,4,inner_train_positive,108,67,1
double_cold,4,inner_train_positive,108,84,1
double_cold,4,inner_train_positive,108,41,1
double_cold,4,inner_train_positive,108,115,1
double_cold,4,inner_train_positive,108,188,1
double_cold,4,inner_train_positive,108,160,1
double_cold,4,inner_train_positive,108,101,1
double_cold,4,inner_train_positive,108,148,1
double_cold,4,inner_train_positive,108,86,1
double_cold,4,inner_train_positive,108,161,1
double_cold,4,inner_train_positive,109,21,1
double_cold,4,inner_train_positive,109,67,1
double_cold,4,inner_train_positive,109,68,1
double_cold,4,inner_train_positive,109,204,1
double_cold,4,inner_train_positive,109,22,1
double_cold,4,inner_train_positive,109,123,1
double_cold,4,inner_train_positive,109,55,1
double_cold,4,inner_train_positive,109,84,1
double_cold,4,inner_train_positive,109,188,1
double_cold,4,inner_train_positive,109,17,1
double_cold,4,inner_train_positive,110,21,1
double_cold,4,inner_train_positive,110,41,1
double_cold,4,inner_train_positive,110,85,1
double_cold,4,inner_train_positive,110,122,1
double_cold,4,inner_train_positive,110,124,1
double_cold,4,inner_train_positive,110,67,1
double_cold,4,inner_train_positive,110,22,1
double_cold,4,inner_train_positive,110,123,1
double_cold,4,inner_train_positive,110,68,1
double_cold,4,inner_train_positive,110,92,1
double_cold,4,inner_train_positive,110,55,1
double_cold,4,inner_train_positive,110,197,1
double_cold,4,inner_train_positive,110,204,1
double_cold,4,inner_train_positive,110,188,1
double_cold,4,inner_train_positive,110,84,1
double_cold,4,inner_train_positive,111,67,1
double_cold,4,inner_train_positive,112,67,1
double_cold,4,inner_train_positive,112,177,1
double_cold,4,inner_train_positive,112,43,1
double_cold,4,inner_train_positive,112,17,1
double_cold,4,inner_train_positive,112,73,1
double_cold,4,inner_train_positive,112,204,1
double_cold,4,inner_train_positive,112,171,1
double_cold,4,inner_train_positive,112,123,1
double_cold,4,inner_train_positive,112,134,1
double_cold,4,inner_train_positive,112,84,1
double_cold,4,inner_train_positive,112,101,1
double_cold,4,inner_train_positive,112,148,1
double_cold,4,inner_train_positive,112,142,1
double_cold,4,inner_train_positive,113,177,1
double_cold,4,inner_train_positive,113,102,1
double_cold,4,inner_train_positive,113,67,1
double_cold,4,inner_train_positive,113,31,1
double_cold,4,inner_train_positive,113,55,1
double_cold,4,inner_train_positive,113,84,1
double_cold,4,inner_train_positive,113,104,1
double_cold,4,inner_train_positive,113,73,1
double_cold,4,inner_train_positive,113,160,1
double_cold,4,inner_train_positive,113,17,1
double_cold,4,inner_train_positive,113,11,1
double_cold,4,inner_train_positive,113,204,1
double_cold,4,inner_train_positive,113,68,1
double_cold,4,inner_train_positive,113,137,1
double_cold,4,inner_train_positive,116,21,1
double_cold,4,inner_train_positive,116,67,1
double_cold,4,inner_train_positive,116,41,1
double_cold,4,inner_train_positive,116,85,1
double_cold,4,inner_train_positive,116,55,1
double_cold,4,inner_train_positive,116,84,1
double_cold,4,inner_train_positive,116,188,1
double_cold,4,inner_train_positive,116,22,1
double_cold,4,inner_train_positive,116,142,1
double_cold,4,inner_train_positive,116,148,1
double_cold,4,inner_train_positive,116,88,1
double_cold,4,inner_train_positive,116,134,1
double_cold,4,inner_train_positive,116,186,1
double_cold,4,inner_train_positive,117,21,1
double_cold,4,inner_train_positive,117,177,1
double_cold,4,inner_train_positive,117,88,1
double_cold,4,inner_train_positive,117,123,1
double_cold,4,inner_train_positive,117,85,1
double_cold,4,inner_train_positive,117,94,1
double_cold,4,inner_train_positive,117,122,1
double_cold,4,inner_train_positive,117,55,1
double_cold,4,inner_train_positive,117,67,1
double_cold,4,inner_train_positive,117,204,1
double_cold,4,inner_train_positive,117,90,1
double_cold,4,inner_train_positive,117,188,1
double_cold,4,inner_train_positive,117,84,1
double_cold,4,inner_train_positive,117,18,1
double_cold,4,inner_train_positive,118,188,1
double_cold,4,inner_train_positive,118,22,1
double_cold,4,inner_train_positive,118,123,1
double_cold,4,inner_train_positive,118,175,1
double_cold,4,inner_train_positive,118,88,1
double_cold,4,inner_train_positive,118,160,1
double_cold,4,inner_train_positive,118,129,1
double_cold,4,inner_train_positive,118,43,1
double_cold,4,inner_train_positive,118,41,1
double_cold,4,inner_train_positive,120,55,1
double_cold,4,inner_train_positive,120,204,1
double_cold,4,inner_train_positive,120,67,1
double_cold,4,inner_train_positive,120,84,1
double_cold,4,inner_train_positive,120,41,1
double_cold,4,inner_train_positive,120,188,1
double_cold,4,inner_train_positive,120,123,1
double_cold,4,inner_train_positive,120,101,1
double_cold,4,inner_train_positive,120,148,1
double_cold,4,inner_train_positive,120,85,1
double_cold,4,inner_train_positive,120,17,1
double_cold,4,inner_train_positive,120,35,1
double_cold,4,inner_train_positive,120,68,1
double_cold,4,inner_train_positive,120,177,1
double_cold,4,inner_train_positive,121,102,1
double_cold,4,inner_train_positive,121,67,1
double_cold,4,inner_train_positive,121,41,1
double_cold,4,inner_train_positive,121,94,1
double_cold,4,inner_train_positive,121,55,1
double_cold,4,inner_train_positive,121,160,1
double_cold,4,inner_train_positive,121,129,1
double_cold,4,inner_train_positive,121,204,1
double_cold,4,inner_train_positive,121,133,1
double_cold,4,inner_train_positive,123,55,1
double_cold,4,inner_train_positive,123,17,1
double_cold,4,inner_train_positive,123,188,1
double_cold,4,inner_train_positive,123,148,1
double_cold,4,inner_train_positive,123,142,1
double_cold,4,inner_train_positive,123,137,1
double_cold,4,inner_train_positive,123,67,1
double_cold,4,inner_train_positive,123,85,1
double_cold,4,inner_train_positive,123,84,1
double_cold,4,inner_train_positive,123,134,1
double_cold,4,inner_train_positive,124,21,1
double_cold,4,inner_train_positive,124,67,1
double_cold,4,inner_train_positive,124,102,1
double_cold,4,inner_train_positive,124,55,1
double_cold,4,inner_train_positive,124,48,1
double_cold,4,inner_train_positive,124,90,1
double_cold,4,inner_train_positive,124,176,1
double_cold,4,inner_train_positive,124,177,1
double_cold,4,inner_train_positive,124,117,1
double_cold,4,inner_train_positive,124,85,1
double_cold,4,inner_train_positive,124,84,1
double_cold,4,inner_train_positive,124,41,1
double_cold,4,inner_train_positive,124,35,1
double_cold,4,inner_train_positive,124,124,1
double_cold,4,inner_train_positive,124,123,1
double_cold,4,inner_train_positive,124,146,1
double_cold,4,inner_train_positive,124,188,1
double_cold,4,inner_train_positive,124,88,1
double_cold,4,inner_train_positive,124,22,1
double_cold,4,inner_train_positive,124,160,1
double_cold,4,inner_train_positive,124,134,1
double_cold,4,inner_train_positive,124,142,1
double_cold,4,inner_train_positive,124,148,1
double_cold,4,inner_train_positive,124,101,1
double_cold,4,inner_train_positive,124,161,1
double_cold,4,inner_train_positive,125,41,1
double_cold,4,inner_train_positive,126,21,1
double_cold,4,inner_train_positive,126,67,1
double_cold,4,inner_train_positive,126,55,1
double_cold,4,inner_train_positive,126,90,1
double_cold,4,inner_train_positive,126,177,1
double_cold,4,inner_train_positive,126,176,1
double_cold,4,inner_train_positive,126,41,1
double_cold,4,inner_train_positive,126,123,1
double_cold,4,inner_train_positive,126,188,1
double_cold,4,inner_train_positive,126,68,1
double_cold,4,inner_train_positive,126,92,1
double_cold,4,inner_train_positive,126,88,1
double_cold,4,inner_train_positive,126,134,1
double_cold,4,inner_train_positive,126,84,1
double_cold,4,inner_train_positive,126,142,1
double_cold,4,inner_train_positive,128,101,1
double_cold,4,inner_train_positive,128,148,1
double_cold,4,inner_train_positive,133,41,1
double_cold,4,inner_train_positive,133,68,1
double_cold,4,inner_train_positive,133,94,1
double_cold,4,inner_train_positive,133,204,1
double_cold,4,inner_train_positive,133,197,1
double_cold,4,inner_train_positive,133,188,1
double_cold,4,inner_train_positive,133,67,1
double_cold,4,inner_train_positive,133,55,1
double_cold,4,inner_train_positive,133,134,1
double_cold,4,inner_train_positive,133,84,1
double_cold,4,inner_train_positive,133,88,1
double_cold,4,inner_train_positive,623,188,1
double_cold,4,inner_train_positive,623,41,1
double_cold,4,inner_train_positive,623,160,1
double_cold,4,inner_train_positive,623,204,1
double_cold,4,inner_train_positive,623,85,1
double_cold,4,inner_train_positive,138,55,1
double_cold,4,inner_train_positive,139,67,1
double_cold,4,inner_train_positive,143,177,1
double_cold,4,inner_train_positive,143,67,1
double_cold,4,inner_train_positive,143,204,1
double_cold,4,inner_train_positive,143,55,1
double_cold,4,inner_train_positive,143,41,1
double_cold,4,inner_train_positive,143,123,1
double_cold,4,inner_train_positive,143,179,1
double_cold,4,inner_train_positive,143,101,1
double_cold,4,inner_train_positive,143,148,1
double_cold,4,inner_train_positive,143,94,1
double_cold,4,inner_train_positive,143,84,1
double_cold,4,inner_train_positive,143,142,1
double_cold,4,inner_train_positive,143,201,1
double_cold,4,inner_train_positive,145,21,1
double_cold,4,inner_train_positive,145,199,1
double_cold,4,inner_train_positive,145,41,1
double_cold,4,inner_train_positive,145,35,1
double_cold,4,inner_train_positive,145,43,1
double_cold,4,inner_train_positive,145,88,1
double_cold,4,inner_train_positive,145,10,1
double_cold,4,inner_train_positive,145,90,1
double_cold,4,inner_train_positive,145,177,1
double_cold,4,inner_train_positive,145,176,1
double_cold,4,inner_train_positive,145,22,1
double_cold,4,inner_train_positive,145,204,1
double_cold,4,inner_train_positive,145,186,1
double_cold,4,inner_train_positive,145,124,1
double_cold,4,inner_train_positive,145,123,1
double_cold,4,inner_train_positive,145,67,1
double_cold,4,inner_train_positive,145,188,1
double_cold,4,inner_train_positive,145,55,1
double_cold,4,inner_train_positive,145,84,1
double_cold,4,inner_train_positive,145,138,1
double_cold,4,inner_train_positive,145,158,1
double_cold,4,inner_train_positive,145,95,1
double_cold,4,inner_train_positive,145,50,1
double_cold,4,inner_train_positive,145,114,1
double_cold,4,inner_train_positive,145,18,1
double_cold,4,inner_train_positive,145,17,1
double_cold,4,inner_train_positive,145,68,1
double_cold,4,inner_train_positive,145,34,1
double_cold,4,inner_train_positive,146,55,1
double_cold,4,inner_train_positive,146,177,1
double_cold,4,inner_train_positive,146,41,1
double_cold,4,inner_train_positive,146,199,1
double_cold,4,inner_train_positive,146,204,1
double_cold,4,inner_train_positive,146,35,1
double_cold,4,inner_train_positive,146,92,1
double_cold,4,inner_train_positive,146,124,1
double_cold,4,inner_train_positive,146,123,1
double_cold,4,inner_train_positive,146,67,1
double_cold,4,inner_train_positive,146,188,1
double_cold,4,inner_train_positive,146,22,1
double_cold,4,inner_train_positive,146,95,1
double_cold,4,inner_train_positive,146,50,1
double_cold,4,inner_train_positive,146,18,1
double_cold,4,inner_train_positive,146,114,1
double_cold,4,inner_train_positive,146,68,1
double_cold,4,inner_train_positive,147,21,1
double_cold,4,inner_train_positive,147,41,1
double_cold,4,inner_train_positive,147,55,1
double_cold,4,inner_train_positive,147,67,1
double_cold,4,inner_train_positive,147,123,1
double_cold,4,inner_train_positive,147,137,1
double_cold,4,inner_train_positive,147,134,1
double_cold,4,inner_train_positive,147,84,1
double_cold,4,inner_train_positive,147,197,1
double_cold,4,inner_train_positive,147,188,1
double_cold,4,inner_train_positive,148,94,1
double_cold,4,inner_train_positive,148,55,1
double_cold,4,inner_train_positive,148,134,1
double_cold,4,inner_train_positive,148,123,1
double_cold,4,inner_train_positive,148,88,1
double_cold,4,inner_train_positive,148,67,1
double_cold,4,inner_train_positive,149,41,1
double_cold,4,inner_train_positive,149,123,1
double_cold,4,inner_train_positive,149,148,1
double_cold,4,inner_train_positive,149,142,1
double_cold,4,inner_train_positive,149,67,1
double_cold,4,inner_train_positive,149,55,1
double_cold,4,inner_train_positive,149,188,1
double_cold,4,inner_train_positive,155,21,1
double_cold,4,inner_train_positive,155,123,1
double_cold,4,inner_train_positive,155,102,1
double_cold,4,inner_train_positive,155,67,1
double_cold,4,inner_train_positive,155,55,1
double_cold,4,inner_train_positive,155,148,1
double_cold,4,inner_train_positive,155,142,1
double_cold,4,inner_train_positive,155,94,1
double_cold,4,inner_train_positive,155,134,1
double_cold,4,inner_train_positive,155,101,1
double_cold,4,inner_train_positive,155,51,1
double_cold,4,inner_train_positive,155,43,1
double_cold,4,inner_train_positive,155,84,1
double_cold,4,inner_train_positive,158,90,1
double_cold,4,inner_train_positive,158,177,1
double_cold,4,inner_train_positive,158,176,1
double_cold,4,inner_train_positive,158,204,1
double_cold,4,inner_train_positive,158,67,1
double_cold,4,inner_train_positive,158,55,1
double_cold,4,inner_train_positive,158,17,1
double_cold,4,inner_train_positive,158,123,1
double_cold,4,inner_train_positive,158,148,1
double_cold,4,inner_train_positive,158,142,1
double_cold,4,inner_train_positive,158,134,1
double_cold,4,inner_train_positive,157,21,1
double_cold,4,inner_train_positive,157,177,1
double_cold,4,inner_train_positive,157,123,1
double_cold,4,inner_train_positive,157,41,1
double_cold,4,inner_train_positive,157,160,1
double_cold,4,inner_train_positive,157,94,1
double_cold,4,inner_train_positive,157,204,1
double_cold,4,inner_train_positive,160,55,1
double_cold,4,inner_train_positive,160,123,1
double_cold,4,inner_train_positive,165,55,1
double_cold,4,inner_train_positive,165,160,1
double_cold,4,inner_train_positive,166,134,1
double_cold,4,inner_train_positive,166,101,1
double_cold,4,inner_train_positive,166,148,1
double_cold,4,inner_train_positive,167,177,1
double_cold,4,inner_train_positive,167,176,1
double_cold,4,inner_train_positive,167,204,1
double_cold,4,inner_train_positive,167,90,1
double_cold,4,inner_train_positive,167,55,1
double_cold,4,inner_train_positive,167,17,1
double_cold,4,inner_train_positive,167,41,1
double_cold,4,inner_train_positive,167,188,1
double_cold,4,inner_train_positive,167,48,1
double_cold,4,inner_train_positive,167,148,1
double_cold,4,inner_train_positive,167,142,1
double_cold,4,inner_train_positive,167,137,1
double_cold,4,inner_train_positive,167,67,1
double_cold,4,inner_train_positive,167,134,1
double_cold,4,inner_train_positive,167,101,1
double_cold,4,inner_train_positive,169,21,1
double_cold,4,inner_train_positive,169,123,1
double_cold,4,inner_train_positive,169,94,1
double_cold,4,inner_train_positive,169,204,1
double_cold,4,inner_train_positive,169,55,1
double_cold,4,inner_train_positive,169,67,1
double_cold,4,inner_train_positive,169,188,1
double_cold,4,inner_train_positive,169,142,1
double_cold,4,inner_train_positive,169,148,1
double_cold,4,inner_train_positive,169,160,1
double_cold,4,inner_train_positive,169,84,1
double_cold,4,inner_train_positive,169,61,1
double_cold,4,inner_train_positive,169,41,1
double_cold,4,inner_train_positive,169,169,1
double_cold,4,inner_train_positive,171,191,1
double_cold,4,inner_train_positive,171,123,1
double_cold,4,inner_train_positive,171,90,1
double_cold,4,inner_train_positive,171,102,1
double_cold,4,inner_train_positive,171,67,1
double_cold,4,inner_train_positive,171,204,1
double_cold,4,inner_train_positive,171,41,1
double_cold,4,inner_train_positive,171,188,1
double_cold,4,inner_train_positive,171,146,1
double_cold,4,inner_train_positive,171,160,1
double_cold,4,inner_train_positive,171,55,1
double_cold,4,inner_train_positive,171,84,1
double_cold,4,inner_train_positive,172,90,1
double_cold,4,inner_train_positive,172,177,1
double_cold,4,inner_train_positive,172,176,1
double_cold,4,inner_train_positive,172,55,1
double_cold,4,inner_train_positive,172,73,1
double_cold,4,inner_train_positive,172,67,1
double_cold,4,inner_train_positive,172,142,1
double_cold,4,inner_train_positive,172,148,1
double_cold,4,inner_train_positive,172,94,1
double_cold,4,inner_train_positive,172,160,1
double_cold,4,inner_train_positive,172,129,1
double_cold,4,inner_train_positive,172,101,1
double_cold,4,inner_train_positive,172,84,1
double_cold,4,inner_train_positive,174,21,1
double_cold,4,inner_train_positive,174,41,1
double_cold,4,inner_train_positive,174,123,1
double_cold,4,inner_train_positive,174,134,1
double_cold,4,inner_train_positive,174,204,1
double_cold,4,inner_train_positive,174,148,1
double_cold,4,inner_train_positive,174,142,1
double_cold,4,inner_train_positive,174,160,1
double_cold,4,inner_train_positive,174,84,1
double_cold,4,inner_train_positive,174,61,1
double_cold,4,inner_train_positive,174,67,1
double_cold,4,inner_train_positive,174,101,1
double_cold,4,inner_train_positive,174,55,1
double_cold,4,inner_train_positive,175,21,1
double_cold,4,inner_train_positive,175,48,1
double_cold,4,inner_train_positive,175,204,1
double_cold,4,inner_train_positive,175,55,1
double_cold,4,inner_train_positive,175,68,1
double_cold,4,inner_train_positive,175,94,1
double_cold,4,inner_train_positive,175,67,1
double_cold,4,inner_train_positive,175,123,1
double_cold,4,inner_train_positive,175,92,1
double_cold,4,inner_train_positive,175,101,1
double_cold,4,inner_train_positive,175,148,1
double_cold,4,inner_train_positive,175,142,1
double_cold,4,inner_train_positive,176,67,1
double_cold,4,inner_train_positive,176,68,1
double_cold,4,inner_train_positive,176,123,1
double_cold,4,inner_train_positive,176,85,1
double_cold,4,inner_train_positive,176,177,1
double_cold,4,inner_train_positive,176,204,1
double_cold,4,inner_train_positive,176,188,1
double_cold,4,inner_train_positive,176,22,1
double_cold,4,inner_train_positive,176,73,1
double_cold,4,inner_train_positive,176,94,1
double_cold,4,inner_train_positive,176,101,1
double_cold,4,inner_train_positive,176,148,1
double_cold,4,inner_train_positive,176,84,1
double_cold,4,inner_train_positive,176,55,1
double_cold,4,inner_train_positive,176,142,1
double_cold,4,inner_train_positive,176,17,1
double_cold,4,inner_train_positive,600,55,1
double_cold,4,inner_train_positive,600,101,1
double_cold,4,inner_train_positive,600,148,1
double_cold,4,inner_train_positive,177,48,1
double_cold,4,inner_train_positive,177,68,1
double_cold,4,inner_train_positive,177,204,1
double_cold,4,inner_train_positive,177,188,1
double_cold,4,inner_train_positive,177,123,1
double_cold,4,inner_train_positive,626,21,1
double_cold,4,inner_train_positive,626,204,1
double_cold,4,inner_train_positive,626,41,1
double_cold,4,inner_train_positive,626,188,1
double_cold,4,inner_train_positive,626,123,1
double_cold,4,inner_train_positive,626,101,1
double_cold,4,inner_train_positive,626,148,1
double_cold,4,inner_train_positive,626,67,1
double_cold,4,inner_train_positive,626,55,1
double_cold,4,inner_train_positive,626,142,1
double_cold,4,inner_train_positive,180,21,1
double_cold,4,inner_train_positive,180,68,1
double_cold,4,inner_train_positive,180,123,1
double_cold,4,inner_train_positive,180,177,1
double_cold,4,inner_train_positive,180,55,1
double_cold,4,inner_train_positive,180,67,1
double_cold,4,inner_train_positive,180,124,1
double_cold,4,inner_train_positive,180,43,1
double_cold,4,inner_train_positive,180,188,1
double_cold,4,inner_train_positive,180,148,1
double_cold,4,inner_train_positive,180,204,1
double_cold,4,inner_train_positive,180,88,1
double_cold,4,inner_train_positive,180,83,1
double_cold,4,inner_train_positive,180,101,1
double_cold,4,inner_train_positive,180,17,1
double_cold,4,inner_train_positive,180,201,1
double_cold,4,inner_train_positive,181,21,1
double_cold,4,inner_train_positive,181,123,1
double_cold,4,inner_train_positive,181,137,1
double_cold,4,inner_train_positive,181,67,1
double_cold,4,inner_train_positive,181,85,1
double_cold,4,inner_train_positive,181,122,1
double_cold,4,inner_train_positive,181,204,1
double_cold,4,inner_train_positive,181,55,1
double_cold,4,inner_train_positive,181,177,1
double_cold,4,inner_train_positive,181,84,1
double_cold,4,inner_train_positive,181,193,1
double_cold,4,inner_train_positive,181,18,1
double_cold,4,inner_train_positive,181,94,1
double_cold,4,inner_train_positive,181,161,1
double_cold,4,inner_train_positive,182,55,1
double_cold,4,inner_train_positive,182,123,1
double_cold,4,inner_train_positive,182,177,1
double_cold,4,inner_train_positive,182,85,1
double_cold,4,inner_train_positive,182,134,1
double_cold,4,inner_train_positive,182,137,1
double_cold,4,inner_train_positive,182,122,1
double_cold,4,inner_train_positive,182,204,1
double_cold,4,inner_train_positive,182,68,1
double_cold,4,inner_train_positive,182,67,1
double_cold,4,inner_train_positive,182,188,1
double_cold,4,inner_train_positive,182,84,1
double_cold,4,inner_train_positive,182,124,1
double_cold,4,inner_train_positive,183,21,1
double_cold,4,inner_train_positive,183,214,1
double_cold,4,inner_train_positive,183,177,1
double_cold,4,inner_train_positive,183,67,1
double_cold,4,inner_train_positive,183,55,1
double_cold,4,inner_train_positive,183,88,1
double_cold,4,inner_train_positive,183,123,1
double_cold,4,inner_train_positive,183,85,1
double_cold,4,inner_train_positive,183,102,1
double_cold,4,inner_train_positive,183,131,1
double_cold,4,inner_train_positive,183,146,1
double_cold,4,inner_train_positive,183,134,1
double_cold,4,inner_train_positive,183,122,1
double_cold,4,inner_train_positive,183,204,1
double_cold,4,inner_train_positive,183,41,1
double_cold,4,inner_train_positive,183,84,1
double_cold,4,inner_train_positive,183,90,1
double_cold,4,inner_train_positive,183,43,1
double_cold,4,inner_train_positive,183,188,1
double_cold,4,inner_train_positive,183,197,1
double_cold,4,inner_train_positive,183,124,1
double_cold,4,inner_train_positive,183,142,1
double_cold,4,inner_train_positive,183,148,1
double_cold,4,inner_train_positive,183,154,1
double_cold,4,inner_train_positive,183,151,1
double_cold,4,inner_train_positive,183,161,1
double_cold,4,inner_train_positive,184,68,1
double_cold,4,inner_train_positive,184,17,1
double_cold,4,inner_train_positive,184,188,1
double_cold,4,inner_train_positive,184,41,1
double_cold,4,inner_train_positive,184,101,1
double_cold,4,inner_train_positive,184,148,1
double_cold,4,inner_train_positive,185,123,1
double_cold,4,inner_train_positive,185,88,1
double_cold,4,inner_train_positive,185,177,1
double_cold,4,inner_train_positive,185,67,1
double_cold,4,inner_train_positive,185,41,1
double_cold,4,inner_train_positive,185,55,1
double_cold,4,inner_train_positive,185,204,1
double_cold,4,inner_train_positive,185,12,1
double_cold,4,inner_train_positive,185,58,1
double_cold,4,inner_train_positive,185,137,1
double_cold,4,inner_train_positive,185,134,1
double_cold,4,inner_train_positive,185,94,1
double_cold,4,inner_train_positive,185,84,1
double_cold,4,inner_train_positive,185,161,1
double_cold,4,inner_train_positive,185,201,1
double_cold,4,inner_train_positive,186,67,1
double_cold,4,inner_train_positive,186,55,1
double_cold,4,inner_train_positive,186,204,1
double_cold,4,inner_train_positive,186,73,1
double_cold,4,inner_train_positive,186,68,1
double_cold,4,inner_train_positive,186,94,1
double_cold,4,inner_train_positive,186,188,1
double_cold,4,inner_train_positive,186,142,1
double_cold,4,inner_train_positive,186,148,1
double_cold,4,inner_train_positive,186,41,1
double_cold,4,inner_train_positive,186,160,1
double_cold,4,inner_train_positive,186,101,1
double_cold,4,inner_train_positive,186,114,1
double_cold,4,inner_train_positive,186,32,1
double_cold,4,inner_train_positive,189,55,1
double_cold,4,inner_train_positive,189,148,1
double_cold,4,inner_train_positive,190,67,1
double_cold,4,inner_train_positive,190,204,1
double_cold,4,inner_train_positive,191,92,1
double_cold,4,inner_train_positive,191,204,1
double_cold,4,inner_train_positive,191,123,1
double_cold,4,inner_train_positive,191,55,1
double_cold,4,inner_train_positive,191,67,1
double_cold,4,inner_train_positive,191,68,1
double_cold,4,inner_train_positive,191,124,1
double_cold,4,inner_train_positive,191,43,1
double_cold,4,inner_train_positive,191,17,1
double_cold,4,inner_train_positive,191,148,1
double_cold,4,inner_train_positive,191,90,1
double_cold,4,inner_train_positive,191,88,1
double_cold,4,inner_train_positive,191,177,1
double_cold,4,inner_train_positive,191,84,1
double_cold,4,inner_train_positive,191,142,1
double_cold,4,inner_train_positive,191,201,1
double_cold,4,inner_train_positive,194,55,1
double_cold,4,inner_train_positive,194,148,1
double_cold,4,inner_train_positive,194,101,1
double_cold,4,inner_train_positive,194,188,1
double_cold,4,inner_train_positive,194,183,1
double_cold,4,inner_train_positive,605,55,1
double_cold,4,inner_train_positive,606,67,1
double_cold,4,inner_train_positive,606,160,1
double_cold,4,inner_train_positive,608,134,1
double_cold,4,inner_train_positive,609,41,1
double_cold,4,inner_train_positive,196,84,1
double_cold,4,inner_train_positive,196,55,1
double_cold,4,inner_train_positive,196,67,1
double_cold,4,inner_train_positive,196,204,1
double_cold,4,inner_train_positive,196,41,1
double_cold,4,inner_train_positive,196,94,1
double_cold,4,inner_train_positive,196,188,1
double_cold,4,inner_train_positive,196,134,1
double_cold,4,inner_train_positive,196,123,1
double_cold,4,inner_train_positive,196,85,1
double_cold,4,inner_train_positive,196,145,1
double_cold,4,inner_train_positive,196,148,1
double_cold,4,inner_train_positive,196,90,1
double_cold,4,inner_train_positive,196,177,1
double_cold,4,inner_train_positive,196,88,1
double_cold,4,inner_train_positive,197,164,1
double_cold,4,inner_train_positive,197,48,1
double_cold,4,inner_train_positive,197,204,1
double_cold,4,inner_train_positive,197,123,1
double_cold,4,inner_train_positive,197,177,1
double_cold,4,inner_train_positive,197,67,1
double_cold,4,inner_train_positive,197,160,1
double_cold,4,inner_train_positive,197,148,1
double_cold,4,inner_train_positive,197,101,1
double_cold,4,inner_train_positive,197,84,1
double_cold,4,inner_train_positive,197,134,1
double_cold,4,inner_train_positive,197,55,1
double_cold,4,inner_train_positive,197,17,1
double_cold,4,inner_train_positive,197,68,1
double_cold,4,inner_train_positive,198,21,1
double_cold,4,inner_train_positive,198,204,1
double_cold,4,inner_train_positive,199,90,1
double_cold,4,inner_train_positive,199,100,1
double_cold,4,inner_train_positive,199,67,1
double_cold,4,inner_train_positive,199,68,1
double_cold,4,inner_train_positive,199,123,1
double_cold,4,inner_train_positive,199,84,1
double_cold,4,inner_train_positive,199,204,1
double_cold,4,inner_train_positive,199,55,1
double_cold,4,inner_train_positive,200,67,1
double_cold,4,inner_train_positive,200,68,1
double_cold,4,inner_train_positive,200,41,1
double_cold,4,inner_train_positive,200,55,1
double_cold,4,inner_train_positive,200,114,1
double_cold,4,inner_train_positive,200,90,1
double_cold,4,inner_train_positive,200,204,1
double_cold,4,inner_train_positive,200,177,1
double_cold,4,inner_train_positive,200,123,1
double_cold,4,inner_train_positive,200,101,1
double_cold,4,inner_train_positive,200,148,1
double_cold,4,inner_train_positive,200,84,1
double_cold,4,inner_train_positive,200,142,1
double_cold,4,inner_train_positive,200,33,1
double_cold,4,inner_train_positive,202,41,1
double_cold,4,inner_train_positive,203,21,1
double_cold,4,inner_train_positive,203,204,1
double_cold,4,inner_train_positive,205,123,1
double_cold,4,inner_train_positive,205,182,1
double_cold,4,inner_train_positive,205,21,1
double_cold,4,inner_train_positive,205,67,1
double_cold,4,inner_train_positive,205,199,1
double_cold,4,inner_train_positive,205,134,1
double_cold,4,inner_train_positive,205,204,1
double_cold,4,inner_train_positive,205,168,1
double_cold,4,inner_train_positive,205,55,1
double_cold,4,inner_train_positive,205,84,1
double_cold,4,inner_train_positive,205,177,1
double_cold,4,inner_train_positive,205,43,1
double_cold,4,inner_train_positive,205,105,1
double_cold,4,inner_train_positive,205,148,1
double_cold,4,inner_train_positive,205,41,1
double_cold,4,inner_train_positive,205,160,1
double_cold,4,inner_train_positive,205,101,1
double_cold,4,inner_train_positive,205,142,1
double_cold,4,inner_train_positive,207,54,1
double_cold,4,inner_train_positive,207,176,1
double_cold,4,inner_train_positive,207,67,1
double_cold,4,inner_train_positive,207,39,1
double_cold,4,inner_train_positive,207,47,1
double_cold,4,inner_train_positive,207,55,1
double_cold,4,inner_train_positive,207,41,1
double_cold,4,inner_train_positive,207,85,1
double_cold,4,inner_train_positive,207,94,1
double_cold,4,inner_train_positive,207,95,1
double_cold,4,inner_train_positive,207,177,1
double_cold,4,inner_train_positive,207,204,1
double_cold,4,inner_train_positive,610,188,1
double_cold,4,inner_train_positive,610,123,1
double_cold,4,inner_train_positive,610,160,1
double_cold,4,inner_train_positive,612,67,1
double_cold,4,inner_train_positive,612,41,1
double_cold,4,inner_train_positive,209,90,1
double_cold,4,inner_train_positive,209,177,1
double_cold,4,inner_train_positive,209,176,1
double_cold,4,inner_train_positive,209,68,1
double_cold,4,inner_train_positive,209,204,1
double_cold,4,inner_train_positive,209,146,1
double_cold,4,inner_train_positive,209,188,1
double_cold,4,inner_train_positive,209,67,1
double_cold,4,inner_train_positive,209,55,1
double_cold,4,inner_train_positive,209,134,1
double_cold,4,inner_train_positive,209,179,1
double_cold,4,inner_train_positive,209,148,1
double_cold,4,inner_train_positive,209,101,1
double_cold,4,inner_train_positive,209,114,1
double_cold,4,inner_train_positive,209,88,1
double_cold,4,inner_train_positive,210,67,1
double_cold,4,inner_train_positive,210,68,1
double_cold,4,inner_train_positive,210,102,1
double_cold,4,inner_train_positive,210,177,1
double_cold,4,inner_train_positive,210,204,1
double_cold,4,inner_train_positive,210,146,1
double_cold,4,inner_train_positive,210,188,1
double_cold,4,inner_train_positive,210,123,1
double_cold,4,inner_train_positive,210,94,1
double_cold,4,inner_train_positive,210,55,1
double_cold,4,inner_train_positive,210,121,1
double_cold,4,inner_train_positive,210,88,1
double_cold,4,inner_train_positive,212,21,1
double_cold,4,inner_train_positive,212,204,1
double_cold,4,inner_train_positive,212,73,1
double_cold,4,inner_train_positive,212,55,1
double_cold,4,inner_train_positive,212,41,1
double_cold,4,inner_train_positive,212,67,1
double_cold,4,inner_train_positive,212,188,1
double_cold,4,inner_train_positive,212,88,1
double_cold,4,inner_train_positive,212,148,1
double_cold,4,inner_train_positive,212,84,1
double_cold,4,inner_train_positive,212,43,1
double_cold,4,inner_train_positive,213,21,1
double_cold,4,inner_train_positive,213,67,1
double_cold,4,inner_train_positive,213,204,1
double_cold,4,inner_train_positive,213,41,1
double_cold,4,inner_train_positive,213,188,1
double_cold,4,inner_train_positive,213,22,1
double_cold,4,inner_train_positive,213,84,1
double_cold,4,inner_train_positive,213,123,1
double_cold,4,inner_train_positive,213,88,1
double_cold,4,inner_train_positive,213,142,1
double_cold,4,inner_train_positive,213,17,1
double_cold,4,inner_train_positive,213,105,1
double_cold,4,inner_train_positive,213,55,1
double_cold,4,inner_train_positive,214,68,1
double_cold,4,inner_train_positive,214,90,1
double_cold,4,inner_train_positive,214,177,1
double_cold,4,inner_train_positive,214,176,1
double_cold,4,inner_train_positive,214,204,1
double_cold,4,inner_train_positive,214,188,1
double_cold,4,inner_train_positive,214,123,1
double_cold,4,inner_train_positive,214,88,1
double_cold,4,inner_train_positive,214,67,1
double_cold,4,inner_train_positive,214,41,1
double_cold,4,inner_train_positive,214,179,1
double_cold,4,inner_train_positive,214,101,1
double_cold,4,inner_train_positive,214,148,1
double_cold,4,inner_train_positive,214,55,1
double_cold,4,inner_train_positive,628,41,1
double_cold,4,inner_train_positive,628,90,1
double_cold,4,inner_train_positive,628,176,1
double_cold,4,inner_train_positive,628,177,1
double_cold,4,inner_train_positive,628,204,1
double_cold,4,inner_train_positive,628,67,1
double_cold,4,inner_train_positive,628,55,1
double_cold,4,inner_train_positive,628,73,1
double_cold,4,inner_train_positive,628,68,1
double_cold,4,inner_train_positive,628,84,1
double_cold,4,inner_train_positive,628,146,1
double_cold,4,inner_train_positive,628,188,1
double_cold,4,inner_train_positive,628,123,1
double_cold,4,inner_train_positive,628,94,1
double_cold,4,inner_train_positive,628,134,1
double_cold,4,inner_train_positive,628,101,1
double_cold,4,inner_train_positive,628,148,1
double_cold,4,inner_train_positive,628,142,1
double_cold,4,inner_train_positive,628,124,1
double_cold,4,inner_train_positive,216,67,1
double_cold,4,inner_train_positive,216,204,1
double_cold,4,inner_train_positive,217,21,1
double_cold,4,inner_train_positive,217,67,1
double_cold,4,inner_train_positive,217,55,1
double_cold,4,inner_train_positive,217,73,1
double_cold,4,inner_train_positive,217,124,1
double_cold,4,inner_train_positive,217,188,1
double_cold,4,inner_train_positive,218,67,1
double_cold,4,inner_train_positive,218,148,1
double_cold,4,inner_train_positive,218,142,1
double_cold,4,inner_train_positive,218,94,1
double_cold,4,inner_train_positive,218,188,1
double_cold,4,inner_train_positive,221,68,1
double_cold,4,inner_train_positive,221,188,1
double_cold,4,inner_train_positive,221,41,1
double_cold,4,inner_train_positive,221,11,1
double_cold,4,inner_train_positive,222,21,1
double_cold,4,inner_train_positive,222,84,1
double_cold,4,inner_train_positive,222,67,1
double_cold,4,inner_train_positive,222,188,1
double_cold,4,inner_train_positive,224,68,1
double_cold,4,inner_train_positive,224,67,1
double_cold,4,inner_train_positive,224,199,1
double_cold,4,inner_train_positive,224,94,1
double_cold,4,inner_train_positive,224,55,1
double_cold,4,inner_train_positive,224,204,1
double_cold,4,inner_train_positive,224,124,1
double_cold,4,inner_train_positive,224,123,1
double_cold,4,inner_train_positive,224,188,1
double_cold,4,inner_train_positive,224,22,1
double_cold,4,inner_train_positive,224,100,1
double_cold,4,inner_train_positive,224,88,1
double_cold,4,inner_train_positive,224,197,1
double_cold,4,inner_train_positive,224,50,1
double_cold,4,inner_train_positive,224,142,1
double_cold,4,inner_train_positive,225,68,1
double_cold,4,inner_train_positive,225,67,1
double_cold,4,inner_train_positive,225,41,1
double_cold,4,inner_train_positive,225,123,1
double_cold,4,inner_train_positive,225,102,1
double_cold,4,inner_train_positive,225,91,1
double_cold,4,inner_train_positive,225,55,1
double_cold,4,inner_train_positive,225,204,1
double_cold,4,inner_train_positive,225,24,1
double_cold,4,inner_train_positive,225,17,1
double_cold,4,inner_train_positive,225,147,1
double_cold,4,inner_train_positive,225,124,1
double_cold,4,inner_train_positive,225,188,1
double_cold,4,inner_train_positive,225,148,1
double_cold,4,inner_train_positive,225,142,1
double_cold,4,inner_train_positive,225,137,1
double_cold,4,inner_train_positive,225,197,1
double_cold,4,inner_train_positive,225,134,1
double_cold,4,inner_train_positive,225,95,1
double_cold,4,inner_train_positive,227,90,1
double_cold,4,inner_train_positive,227,177,1
double_cold,4,inner_train_positive,227,176,1
double_cold,4,inner_train_positive,227,123,1
double_cold,4,inner_train_positive,227,101,1
double_cold,4,inner_train_positive,227,148,1
double_cold,4,inner_train_positive,229,21,1
double_cold,4,inner_train_positive,229,55,1
double_cold,4,inner_train_positive,229,67,1
double_cold,4,inner_train_positive,231,22,1
double_cold,4,inner_train_positive,231,94,1
double_cold,4,inner_train_positive,236,67,1
double_cold,4,inner_train_positive,236,41,1
double_cold,4,inner_train_positive,236,55,1
double_cold,4,inner_train_positive,236,204,1
double_cold,4,inner_train_positive,236,94,1
double_cold,4,inner_train_positive,236,123,1
double_cold,4,inner_train_positive,236,188,1
double_cold,4,inner_train_positive,236,84,1
double_cold,4,inner_train_positive,236,68,1
double_cold,4,inner_train_positive,236,160,1
double_cold,4,inner_train_positive,236,176,1
double_cold,4,inner_train_positive,236,142,1
double_cold,4,inner_train_positive,236,34,1
double_cold,4,inner_train_positive,237,67,1
double_cold,4,inner_train_positive,237,90,1
double_cold,4,inner_train_positive,237,177,1
double_cold,4,inner_train_positive,237,176,1
double_cold,4,inner_train_positive,237,204,1
double_cold,4,inner_train_positive,237,85,1
double_cold,4,inner_train_positive,237,84,1
double_cold,4,inner_train_positive,237,41,1
double_cold,4,inner_train_positive,237,146,1
double_cold,4,inner_train_positive,237,188,1
double_cold,4,inner_train_positive,237,123,1
double_cold,4,inner_train_positive,237,55,1
double_cold,4,inner_train_positive,237,88,1
double_cold,4,inner_train_positive,237,134,1
double_cold,4,inner_train_positive,237,142,1
double_cold,4,inner_train_positive,238,67,1
double_cold,4,inner_train_positive,238,102,1
double_cold,4,inner_train_positive,238,90,1
double_cold,4,inner_train_positive,238,177,1
double_cold,4,inner_train_positive,238,176,1
double_cold,4,inner_train_positive,238,204,1
double_cold,4,inner_train_positive,238,84,1
double_cold,4,inner_train_positive,238,41,1
double_cold,4,inner_train_positive,238,123,1
double_cold,4,inner_train_positive,238,188,1
double_cold,4,inner_train_positive,238,22,1
double_cold,4,inner_train_positive,238,68,1
double_cold,4,inner_train_positive,238,17,1
double_cold,4,inner_train_positive,238,151,1
double_cold,4,inner_train_positive,240,21,1
double_cold,4,inner_train_positive,240,204,1
double_cold,4,inner_train_positive,240,55,1
double_cold,4,inner_train_positive,240,17,1
double_cold,4,inner_train_positive,240,41,1
double_cold,4,inner_train_positive,240,94,1
double_cold,4,inner_train_positive,240,188,1
double_cold,4,inner_train_positive,240,84,1
double_cold,4,inner_train_positive,240,67,1
double_cold,4,inner_train_positive,240,134,1
double_cold,4,inner_train_positive,240,123,1
double_cold,4,inner_train_positive,240,142,1
double_cold,4,inner_train_positive,243,21,1
double_cold,4,inner_train_positive,243,68,1
double_cold,4,inner_train_positive,243,67,1
double_cold,4,inner_train_positive,243,204,1
double_cold,4,inner_train_positive,243,41,1
double_cold,4,inner_train_positive,243,123,1
double_cold,4,inner_train_positive,243,146,1
double_cold,4,inner_train_positive,243,188,1
double_cold,4,inner_train_positive,243,22,1
double_cold,4,inner_train_positive,243,55,1
double_cold,4,inner_train_positive,243,40,1
double_cold,4,inner_train_positive,243,88,1
double_cold,4,inner_train_positive,243,137,1
double_cold,4,inner_train_positive,244,204,1
double_cold,4,inner_train_positive,244,188,1
double_cold,4,inner_train_positive,244,67,1
double_cold,4,inner_train_positive,244,160,1
double_cold,4,inner_train_positive,246,204,1
double_cold,4,inner_train_positive,246,188,1
double_cold,4,inner_train_positive,246,67,1
double_cold,4,inner_train_positive,323,21,1
double_cold,4,inner_train_positive,323,55,1
double_cold,4,inner_train_positive,323,204,1
double_cold,4,inner_train_positive,250,123,1
double_cold,4,inner_train_positive,250,188,1
double_cold,4,inner_train_positive,250,67,1
double_cold,4,inner_train_positive,250,17,1
double_cold,4,inner_train_positive,250,55,1
double_cold,4,inner_train_positive,253,204,1
double_cold,4,inner_train_positive,254,67,1
double_cold,4,inner_train_positive,254,21,1
double_cold,4,inner_train_positive,254,55,1
double_cold,4,inner_train_positive,254,68,1
double_cold,4,inner_train_positive,254,123,1
double_cold,4,inner_train_positive,254,84,1
double_cold,4,inner_train_positive,254,204,1
double_cold,4,inner_train_positive,256,67,1
double_cold,4,inner_train_positive,256,21,1
double_cold,4,inner_train_positive,256,123,1
double_cold,4,inner_train_positive,256,146,1
double_cold,4,inner_train_positive,256,188,1
double_cold,4,inner_train_positive,256,22,1
double_cold,4,inner_train_positive,256,55,1
double_cold,4,inner_train_positive,256,86,1
double_cold,4,inner_train_positive,256,80,1
double_cold,4,inner_train_positive,257,137,1
double_cold,4,inner_train_positive,257,41,1
double_cold,4,inner_train_positive,258,67,1
double_cold,4,inner_train_positive,258,88,1
double_cold,4,inner_train_positive,258,177,1
double_cold,4,inner_train_positive,258,41,1
double_cold,4,inner_train_positive,258,146,1
double_cold,4,inner_train_positive,258,123,1
double_cold,4,inner_train_positive,258,84,1
double_cold,4,inner_train_positive,258,61,1
double_cold,4,inner_train_positive,258,55,1
double_cold,4,inner_train_positive,258,50,1
double_cold,4,inner_train_positive,258,124,1
double_cold,4,inner_train_positive,259,67,1
double_cold,4,inner_train_positive,261,204,1
double_cold,4,inner_train_positive,261,41,1
double_cold,4,inner_train_positive,261,97,1
double_cold,4,inner_train_positive,262,123,1
double_cold,4,inner_train_positive,262,101,1
double_cold,4,inner_train_positive,262,148,1
double_cold,4,inner_train_positive,263,21,1
double_cold,4,inner_train_positive,263,123,1
double_cold,4,inner_train_positive,263,204,1
double_cold,4,inner_train_positive,263,55,1
double_cold,4,inner_train_positive,263,43,1
double_cold,4,inner_train_positive,263,67,1
double_cold,4,inner_train_positive,265,21,1
double_cold,4,inner_train_positive,265,204,1
double_cold,4,inner_train_positive,265,55,1
double_cold,4,inner_train_positive,265,17,1
double_cold,4,inner_train_positive,265,123,1
double_cold,4,inner_train_positive,265,160,1
double_cold,4,inner_train_positive,265,88,1
double_cold,4,inner_train_positive,266,123,1
double_cold,4,inner_train_positive,266,55,1
double_cold,4,inner_train_positive,266,191,1
double_cold,4,inner_train_positive,269,67,1
double_cold,4,inner_train_positive,269,55,1
double_cold,4,inner_train_positive,269,142,1
double_cold,4,inner_train_positive,269,148,1
double_cold,4,inner_train_positive,269,123,1
double_cold,4,inner_train_positive,270,186,1
double_cold,4,inner_train_positive,270,21,1
double_cold,4,inner_train_positive,270,67,1
double_cold,4,inner_train_positive,270,176,1
double_cold,4,inner_train_positive,270,55,1
double_cold,4,inner_train_positive,270,123,1
double_cold,4,inner_train_positive,270,177,1
double_cold,4,inner_train_positive,270,102,1
double_cold,4,inner_train_positive,270,94,1
double_cold,4,inner_train_positive,270,85,1
double_cold,4,inner_train_positive,270,204,1
double_cold,4,inner_train_positive,270,84,1
double_cold,4,inner_train_positive,270,68,1
double_cold,4,inner_train_positive,270,188,1
double_cold,4,inner_train_positive,270,148,1
double_cold,4,inner_train_positive,270,90,1
double_cold,4,inner_train_positive,270,99,1
double_cold,4,inner_train_positive,270,77,1
double_cold,4,inner_train_positive,270,142,1
double_cold,4,inner_train_positive,270,43,1
double_cold,4,inner_train_positive,270,106,1
double_cold,4,inner_train_positive,270,134,1
double_cold,4,inner_train_positive,270,160,1
double_cold,4,inner_train_positive,270,129,1
double_cold,4,inner_train_positive,270,73,1
double_cold,4,inner_train_positive,270,101,1
double_cold,4,inner_train_positive,270,17,1
double_cold,4,inner_train_positive,270,70,1
double_cold,4,inner_train_positive,271,67,1
double_cold,4,inner_train_positive,271,179,1
double_cold,4,inner_train_positive,272,101,1
double_cold,4,inner_train_positive,272,148,1
double_cold,4,inner_train_positive,272,88,1
double_cold,4,inner_train_positive,272,67,1
double_cold,4,inner_train_positive,273,41,1
double_cold,4,inner_train_positive,273,85,1
double_cold,4,inner_train_positive,273,67,1
double_cold,4,inner_train_positive,273,204,1
double_cold,4,inner_train_positive,273,55,1
double_cold,4,inner_train_positive,273,90,1
double_cold,4,inner_train_positive,273,18,1
double_cold,4,inner_train_positive,273,101,1
double_cold,4,inner_train_positive,273,148,1
double_cold,4,inner_train_positive,274,188,1
double_cold,4,inner_train_positive,274,134,1
double_cold,4,inner_train_positive,274,101,1
double_cold,4,inner_train_positive,274,148,1
double_cold,4,inner_train_positive,274,55,1
double_cold,4,inner_train_positive,274,125,1
double_cold,4,inner_train_positive,275,21,1
double_cold,4,inner_train_positive,275,123,1
double_cold,4,inner_train_positive,275,204,1
double_cold,4,inner_train_positive,275,67,1
double_cold,4,inner_train_positive,275,55,1
double_cold,4,inner_train_positive,275,146,1
double_cold,4,inner_train_positive,275,188,1
double_cold,4,inner_train_positive,276,160,1
double_cold,4,inner_train_positive,276,67,1
double_cold,4,inner_train_positive,276,94,1
double_cold,4,inner_train_positive,277,94,1
double_cold,4,inner_train_positive,277,204,1
double_cold,4,inner_train_positive,277,55,1
double_cold,4,inner_train_positive,277,41,1
double_cold,4,inner_train_positive,277,188,1
double_cold,4,inner_train_positive,277,67,1
double_cold,4,inner_train_positive,277,84,1
double_cold,4,inner_train_positive,277,161,1
double_cold,4,inner_train_positive,278,67,1
double_cold,4,inner_train_positive,278,123,1
double_cold,4,inner_train_positive,278,146,1
double_cold,4,inner_train_positive,278,55,1
double_cold,4,inner_train_positive,278,101,1
double_cold,4,inner_train_positive,278,148,1
double_cold,4,inner_train_positive,278,84,1
double_cold,4,inner_train_positive,279,123,1
double_cold,4,inner_train_positive,279,55,1
double_cold,4,inner_train_positive,279,67,1
double_cold,4,inner_train_positive,279,41,1
double_cold,4,inner_train_positive,279,124,1
double_cold,4,inner_train_positive,279,188,1
double_cold,4,inner_train_positive,279,148,1
double_cold,4,inner_train_positive,280,21,1
double_cold,4,inner_train_positive,280,67,1
double_cold,4,inner_train_positive,280,22,1
double_cold,4,inner_train_positive,281,21,1
double_cold,4,inner_train_positive,281,55,1
double_cold,4,inner_train_positive,281,188,1
double_cold,4,inner_train_positive,281,204,1
double_cold,4,inner_train_positive,282,160,1
double_cold,4,inner_train_positive,282,55,1
double_cold,4,inner_train_positive,283,21,1
double_cold,4,inner_train_positive,283,94,1
double_cold,4,inner_train_positive,283,79,1
double_cold,4,inner_train_positive,283,55,1
double_cold,4,inner_train_positive,283,188,1
double_cold,4,inner_train_positive,284,204,1
double_cold,4,inner_train_positive,284,55,1
double_cold,4,inner_train_positive,284,12,1
double_cold,4,inner_train_positive,284,67,1
double_cold,4,inner_train_positive,285,55,1
double_cold,4,inner_train_positive,285,188,1
double_cold,4,inner_train_positive,285,41,1
double_cold,4,inner_train_positive,285,67,1
double_cold,4,inner_train_positive,286,204,1
double_cold,4,inner_train_positive,286,55,1
double_cold,4,inner_train_positive,286,94,1
double_cold,4,inner_train_positive,286,148,1
double_cold,4,inner_train_positive,286,101,1
double_cold,4,inner_train_positive,286,124,1
double_cold,4,inner_train_positive,286,12,1
double_cold,4,inner_train_positive,286,67,1
double_cold,4,inner_train_positive,287,21,1
double_cold,4,inner_train_positive,287,102,1
double_cold,4,inner_train_positive,287,67,1
double_cold,4,inner_train_positive,287,204,1
double_cold,4,inner_train_positive,287,55,1
double_cold,4,inner_train_positive,287,94,1
double_cold,4,inner_train_positive,287,12,1
double_cold,4,inner_train_positive,288,123,1
double_cold,4,inner_train_positive,288,67,1
double_cold,4,inner_train_positive,288,84,1
double_cold,4,inner_train_positive,288,43,1
double_cold,4,inner_train_positive,288,188,1
double_cold,4,inner_train_positive,288,179,1
double_cold,4,inner_train_positive,288,101,1
double_cold,4,inner_train_positive,288,148,1
double_cold,4,inner_train_positive,288,68,1
double_cold,4,inner_train_positive,288,204,1
double_cold,4,inner_train_positive,290,123,1
double_cold,4,inner_train_positive,290,189,1
double_cold,4,inner_train_positive,290,67,1
double_cold,4,inner_train_positive,290,204,1
double_cold,4,inner_train_positive,290,73,1
double_cold,4,inner_train_positive,290,84,1
double_cold,4,inner_train_positive,290,93,1
double_cold,4,inner_train_positive,290,134,1
double_cold,4,inner_train_positive,290,160,1
double_cold,4,inner_train_positive,290,129,1
double_cold,4,inner_train_positive,290,55,1
double_cold,4,inner_train_positive,290,161,1
double_cold,4,inner_train_positive,291,84,1
double_cold,4,inner_train_positive,291,188,1
double_cold,4,inner_train_positive,291,101,1
double_cold,4,inner_train_positive,291,148,1
double_cold,4,inner_train_positive,291,86,1
double_cold,4,inner_train_positive,291,204,1
double_cold,4,inner_train_positive,291,41,1
double_cold,4,inner_train_positive,294,55,1
double_cold,4,inner_train_positive,294,67,1
double_cold,4,inner_train_positive,294,179,1
double_cold,4,inner_train_positive,294,188,1
double_cold,4,inner_train_positive,294,94,1
double_cold,4,inner_train_positive,294,133,1
double_cold,4,inner_train_positive,296,67,1
double_cold,4,inner_train_positive,296,142,1
double_cold,4,inner_train_positive,296,148,1
double_cold,4,inner_train_positive,296,41,1
double_cold,4,inner_train_positive,296,160,1
double_cold,4,inner_train_positive,296,86,1
double_cold,4,inner_train_positive,296,204,1
double_cold,4,inner_train_positive,297,160,1
double_cold,4,inner_train_positive,630,67,1
double_cold,4,inner_train_positive,630,160,1
double_cold,4,inner_train_positive,630,204,1
double_cold,4,inner_train_positive,630,41,1
double_cold,4,inner_train_positive,298,68,1
double_cold,4,inner_train_positive,298,204,1
double_cold,4,inner_train_positive,298,41,1
double_cold,4,inner_train_positive,298,67,1
double_cold,4,inner_train_positive,298,142,1
double_cold,4,inner_train_positive,298,148,1
double_cold,4,inner_train_positive,298,160,1
double_cold,4,inner_train_positive,298,86,1
double_cold,4,inner_train_positive,298,188,1
double_cold,4,inner_train_positive,298,161,1
double_cold,4,inner_train_positive,299,177,1
double_cold,4,inner_train_positive,299,88,1
double_cold,4,inner_train_positive,299,204,1
double_cold,4,inner_train_positive,299,67,1
double_cold,4,inner_train_positive,299,55,1
double_cold,4,inner_train_positive,301,204,1
double_cold,4,inner_train_positive,301,67,1
double_cold,4,inner_train_positive,301,148,1
double_cold,4,inner_train_positive,301,142,1
double_cold,4,inner_train_positive,301,160,1
double_cold,4,inner_train_positive,301,17,1
double_cold,4,inner_train_positive,301,137,1
double_cold,4,inner_train_positive,301,84,1
double_cold,4,inner_train_positive,302,67,1
double_cold,4,inner_train_positive,302,160,1
double_cold,4,inner_train_positive,302,188,1
double_cold,4,inner_train_positive,305,123,1
double_cold,4,inner_train_positive,305,204,1
double_cold,4,inner_train_positive,305,55,1
double_cold,4,inner_train_positive,305,137,1
double_cold,4,inner_train_positive,305,67,1
double_cold,4,inner_train_positive,305,86,1
double_cold,4,inner_train_positive,306,55,1
double_cold,4,inner_train_positive,306,67,1
double_cold,4,inner_train_positive,306,88,1
double_cold,4,inner_train_positive,306,94,1
double_cold,4,inner_train_positive,306,134,1
double_cold,4,inner_train_positive,306,204,1
double_cold,4,inner_train_positive,307,123,1
double_cold,4,inner_train_positive,307,204,1
double_cold,4,inner_train_positive,307,55,1
double_cold,4,inner_train_positive,307,84,1
double_cold,4,inner_train_positive,307,188,1
double_cold,4,inner_train_positive,307,67,1
double_cold,4,inner_train_positive,308,188,1
double_cold,4,inner_train_positive,308,73,1
double_cold,4,inner_train_positive,308,85,1
double_cold,4,inner_train_positive,308,67,1
double_cold,4,inner_train_positive,308,41,1
double_cold,4,inner_train_positive,308,124,1
double_cold,4,inner_train_positive,309,55,1
double_cold,4,inner_train_positive,309,68,1
double_cold,4,inner_train_positive,309,204,1
double_cold,4,inner_train_positive,309,177,1
double_cold,4,inner_train_positive,309,84,1
double_cold,4,inner_train_positive,309,41,1
double_cold,4,inner_train_positive,309,124,1
double_cold,4,inner_train_positive,309,146,1
double_cold,4,inner_train_positive,309,188,1
double_cold,4,inner_train_positive,309,123,1
double_cold,4,inner_train_positive,309,67,1
double_cold,4,inner_train_positive,309,137,1
double_cold,4,inner_train_positive,309,134,1
double_cold,4,inner_train_positive,309,160,1
double_cold,4,inner_train_positive,309,101,1
double_cold,4,inner_train_positive,309,148,1
double_cold,4,inner_train_positive,309,142,1
double_cold,4,inner_train_positive,310,123,1
double_cold,4,inner_train_positive,310,179,1
double_cold,4,inner_train_positive,310,67,1
double_cold,4,inner_train_positive,310,55,1
double_cold,4,inner_train_positive,311,21,1
double_cold,4,inner_train_positive,311,68,1
double_cold,4,inner_train_positive,311,123,1
double_cold,4,inner_train_positive,311,177,1
double_cold,4,inner_train_positive,311,85,1
double_cold,4,inner_train_positive,311,122,1
double_cold,4,inner_train_positive,311,204,1
double_cold,4,inner_train_positive,311,55,1
double_cold,4,inner_train_positive,311,67,1
double_cold,4,inner_train_positive,311,84,1
double_cold,4,inner_train_positive,311,18,1
double_cold,4,inner_train_positive,311,148,1
double_cold,4,inner_train_positive,311,101,1
double_cold,4,inner_train_positive,312,21,1
double_cold,4,inner_train_positive,312,188,1
double_cold,4,inner_train_positive,313,142,1
double_cold,4,inner_train_positive,313,148,1
double_cold,4,inner_train_positive,313,95,1
double_cold,4,inner_train_positive,313,86,1
double_cold,4,inner_train_positive,313,55,1
double_cold,4,inner_train_positive,315,21,1
double_cold,4,inner_train_positive,315,148,1
double_cold,4,inner_train_positive,315,101,1
double_cold,4,inner_train_positive,317,55,1
double_cold,4,inner_train_positive,317,204,1
double_cold,4,inner_train_positive,317,160,1
double_cold,4,inner_train_positive,317,129,1
double_cold,4,inner_train_positive,318,21,1
double_cold,4,inner_train_positive,318,123,1
double_cold,4,inner_train_positive,318,55,1
double_cold,4,inner_train_positive,318,41,1
double_cold,4,inner_train_positive,318,160,1
double_cold,4,inner_train_positive,318,94,1
double_cold,4,inner_train_positive,318,197,1
double_cold,4,inner_train_positive,318,84,1
double_cold,4,inner_train_positive,318,177,1
double_cold,4,inner_train_positive,318,68,1
double_cold,4,inner_train_positive,318,67,1
double_cold,4,inner_train_positive,320,55,1
double_cold,4,inner_train_positive,320,160,1
double_cold,4,inner_train_positive,320,68,1
double_cold,4,inner_train_positive,320,67,1
double_cold,4,inner_train_positive,320,177,1
double_cold,4,inner_train_positive,321,97,1
double_cold,4,inner_train_positive,321,21,1
double_cold,4,inner_train_positive,321,123,1
double_cold,4,inner_train_positive,321,41,1
double_cold,4,inner_train_positive,321,67,1
double_cold,4,inner_train_positive,321,188,1
double_cold,4,inner_train_positive,321,73,1
double_cold,4,inner_train_positive,321,155,1
double_cold,4,inner_train_positive,321,32,1
double_cold,4,inner_train_positive,321,88,1
double_cold,4,inner_train_positive,322,55,1
double_cold,4,inner_train_positive,322,67,1
double_cold,4,inner_train_positive,322,84,1
double_cold,4,inner_train_positive,322,94,1
double_cold,4,inner_train_positive,322,86,1
double_cold,4,inner_train_positive,324,21,1
double_cold,4,inner_train_positive,324,177,1
double_cold,4,inner_train_positive,324,88,1
double_cold,4,inner_train_positive,324,55,1
double_cold,4,inner_train_positive,324,94,1
double_cold,4,inner_train_positive,324,22,1
double_cold,4,inner_train_positive,324,137,1
double_cold,4,inner_train_positive,324,188,1
double_cold,4,inner_train_positive,326,21,1
double_cold,4,inner_train_positive,326,68,1
double_cold,4,inner_train_positive,326,34,1
double_cold,4,inner_train_positive,326,177,1
double_cold,4,inner_train_positive,326,55,1
double_cold,4,inner_train_positive,327,90,1
double_cold,4,inner_train_positive,327,204,1
double_cold,4,inner_train_positive,327,41,1
double_cold,4,inner_train_positive,327,67,1
double_cold,4,inner_train_positive,327,55,1
double_cold,4,inner_train_positive,327,84,1
double_cold,4,inner_train_positive,327,94,1
double_cold,4,inner_train_positive,327,188,1
double_cold,4,inner_train_positive,327,177,1
double_cold,4,inner_train_positive,327,68,1
double_cold,4,inner_train_positive,330,67,1
double_cold,4,inner_train_positive,330,160,1
double_cold,4,inner_train_positive,330,101,1
double_cold,4,inner_train_positive,330,148,1
double_cold,4,inner_train_positive,331,55,1
double_cold,4,inner_train_positive,331,160,1
double_cold,4,inner_train_positive,331,67,1
double_cold,4,inner_train_positive,331,86,1
double_cold,4,inner_train_positive,333,22,1
double_cold,4,inner_train_positive,333,67,1
double_cold,4,inner_train_positive,333,55,1
double_cold,4,inner_train_positive,336,123,1
double_cold,4,inner_train_positive,336,67,1
double_cold,4,inner_train_positive,336,134,1
double_cold,4,inner_train_positive,336,94,1
double_cold,4,inner_train_positive,336,84,1
double_cold,4,inner_train_positive,336,55,1
double_cold,4,inner_train_positive,336,204,1
double_cold,4,inner_train_positive,336,124,1
double_cold,4,inner_train_positive,338,55,1
double_cold,4,inner_train_positive,339,41,1
double_cold,4,inner_train_positive,339,204,1
double_cold,4,inner_train_positive,339,97,1
double_cold,4,inner_train_positive,340,21,1
double_cold,4,inner_train_positive,340,68,1
double_cold,4,inner_train_positive,340,90,1
double_cold,4,inner_train_positive,340,55,1
double_cold,4,inner_train_positive,340,137,1
double_cold,4,inner_train_positive,340,188,1
double_cold,4,inner_train_positive,341,204,1
double_cold,4,inner_train_positive,342,67,1
double_cold,4,inner_train_positive,342,41,1
double_cold,4,inner_train_positive,342,101,1
double_cold,4,inner_train_positive,342,148,1
double_cold,4,inner_train_positive,343,177,1
double_cold,4,inner_train_positive,343,204,1
double_cold,4,inner_train_positive,343,55,1
double_cold,4,inner_train_positive,343,84,1
double_cold,4,inner_train_positive,343,22,1
double_cold,4,inner_train_positive,343,148,1
double_cold,4,inner_train_positive,343,100,1
double_cold,4,inner_train_positive,343,123,1
double_cold,4,inner_train_positive,343,160,1
double_cold,4,inner_train_positive,343,67,1
double_cold,4,inner_train_positive,344,55,1
double_cold,4,inner_train_positive,344,90,1
double_cold,4,inner_train_positive,344,204,1
double_cold,4,inner_train_positive,344,160,1
double_cold,4,inner_train_positive,344,177,1
double_cold,4,inner_train_positive,344,67,1
double_cold,4,inner_train_positive,345,21,1
double_cold,4,inner_train_positive,346,21,1
double_cold,4,inner_train_positive,346,177,1
double_cold,4,inner_train_positive,346,67,1
double_cold,4,inner_train_positive,346,55,1
double_cold,4,inner_train_positive,346,85,1
double_cold,4,inner_train_positive,346,204,1
double_cold,4,inner_train_positive,346,84,1
double_cold,4,inner_train_positive,346,188,1
double_cold,4,inner_train_positive,346,142,1
double_cold,4,inner_train_positive,346,148,1
double_cold,4,inner_train_positive,346,134,1
double_cold,4,inner_train_positive,346,179,1
double_cold,4,inner_train_positive,346,17,1
double_cold,4,inner_train_positive,347,142,1
double_cold,4,inner_train_positive,347,148,1
double_cold,4,inner_train_positive,347,67,1
double_cold,4,inner_train_positive,347,41,1
double_cold,4,inner_train_positive,347,101,1
double_cold,4,inner_train_positive,347,84,1
double_cold,4,inner_train_positive,347,40,1
double_cold,4,inner_train_positive,349,21,1
double_cold,4,inner_train_positive,349,204,1
double_cold,4,inner_train_positive,349,22,1
double_cold,4,inner_train_positive,349,123,1
double_cold,4,inner_train_positive,350,55,1
double_cold,4,inner_train_positive,350,188,1
double_cold,4,inner_train_positive,351,123,1
double_cold,4,inner_train_positive,351,177,1
double_cold,4,inner_train_positive,352,68,1
double_cold,4,inner_train_positive,352,55,1
double_cold,4,inner_train_positive,352,124,1
double_cold,4,inner_train_positive,352,146,1
double_cold,4,inner_train_positive,352,123,1
double_cold,4,inner_train_positive,352,67,1
double_cold,4,inner_train_positive,352,142,1
double_cold,4,inner_train_positive,352,148,1
double_cold,4,inner_train_positive,352,204,1
double_cold,4,inner_train_positive,352,160,1
double_cold,4,inner_train_positive,354,21,1
double_cold,4,inner_train_positive,354,84,1
double_cold,4,inner_train_positive,354,204,1
double_cold,4,inner_train_positive,354,134,1
double_cold,4,inner_train_positive,354,179,1
double_cold,4,inner_train_positive,354,142,1
double_cold,4,inner_train_positive,359,142,1
double_cold,4,inner_train_positive,359,148,1
double_cold,4,inner_train_positive,359,188,1
double_cold,4,inner_train_positive,360,21,1
double_cold,4,inner_train_positive,360,41,1
double_cold,4,inner_train_positive,360,148,1
double_cold,4,inner_train_positive,360,142,1
double_cold,4,inner_train_positive,360,101,1
double_cold,4,inner_train_positive,360,188,1
double_cold,4,inner_train_positive,361,142,1
double_cold,4,inner_train_positive,361,148,1
double_cold,4,inner_train_positive,361,55,1
double_cold,4,inner_train_positive,361,67,1
double_cold,4,inner_train_positive,364,142,1
double_cold,4,inner_train_positive,364,148,1
double_cold,4,inner_train_positive,364,67,1
double_cold,4,inner_train_positive,364,101,1
double_cold,4,inner_train_positive,364,55,1
double_cold,4,inner_train_positive,364,73,1
double_cold,4,inner_train_positive,366,148,1
double_cold,4,inner_train_positive,366,101,1
double_cold,4,inner_train_positive,366,204,1
double_cold,4,inner_train_positive,366,142,1
double_cold,4,inner_train_positive,367,67,1
double_cold,4,inner_train_positive,367,188,1
double_cold,4,inner_train_positive,367,17,1
double_cold,4,inner_train_positive,367,142,1
double_cold,4,inner_train_positive,367,148,1
double_cold,4,inner_train_positive,367,68,1
double_cold,4,inner_train_positive,367,101,1
double_cold,4,inner_train_positive,368,148,1
double_cold,4,inner_train_positive,368,101,1
double_cold,4,inner_train_positive,368,188,1
double_cold,4,inner_train_positive,369,50,1
double_cold,4,inner_train_positive,369,21,1
double_cold,4,inner_train_positive,369,148,1
double_cold,4,inner_train_positive,369,188,1
double_cold,4,inner_train_positive,371,90,1
double_cold,4,inner_train_positive,371,177,1
double_cold,4,inner_train_positive,373,188,1
double_cold,4,inner_train_positive,373,123,1
double_cold,4,inner_train_positive,374,148,1
double_cold,4,inner_train_positive,374,142,1
double_cold,4,inner_train_positive,374,101,1
double_cold,4,inner_train_positive,375,21,1
double_cold,4,inner_train_positive,375,142,1
double_cold,4,inner_train_positive,375,148,1
double_cold,4,inner_train_positive,375,55,1
double_cold,4,inner_train_positive,376,21,1
double_cold,4,inner_train_positive,376,142,1
double_cold,4,inner_train_positive,376,148,1
double_cold,4,inner_train_positive,376,67,1
double_cold,4,inner_train_positive,376,55,1
double_cold,4,inner_train_positive,377,21,1
double_cold,4,inner_train_positive,377,123,1
double_cold,4,inner_train_positive,378,55,1
double_cold,4,inner_train_positive,378,123,1
double_cold,4,inner_train_positive,378,148,1
double_cold,4,inner_train_positive,378,101,1
double_cold,4,inner_train_positive,379,123,1
double_cold,4,inner_train_positive,380,68,1
double_cold,4,inner_train_positive,380,101,1
double_cold,4,inner_train_positive,380,148,1
double_cold,4,inner_train_positive,381,101,1
double_cold,4,inner_train_positive,381,148,1
double_cold,4,inner_train_positive,382,68,1
double_cold,4,inner_train_positive,382,123,1
double_cold,4,inner_train_positive,382,55,1
double_cold,4,inner_train_positive,382,88,1
double_cold,4,inner_train_positive,382,67,1
double_cold,4,inner_train_positive,384,22,1
double_cold,4,inner_train_positive,384,123,1
double_cold,4,inner_train_positive,384,55,1
double_cold,4,inner_train_positive,385,123,1
double_cold,4,inner_train_positive,385,55,1
double_cold,4,inner_train_positive,385,41,1
double_cold,4,inner_train_positive,385,90,1
double_cold,4,inner_train_positive,387,21,1
double_cold,4,inner_train_positive,387,84,1
double_cold,4,inner_train_positive,387,94,1
double_cold,4,inner_train_positive,387,101,1
double_cold,4,inner_train_positive,387,148,1
double_cold,4,inner_train_positive,387,161,1
double_cold,4,inner_train_positive,388,41,1
double_cold,4,inner_train_positive,388,148,1
double_cold,4,inner_train_positive,390,21,1
double_cold,4,inner_train_positive,390,94,1
double_cold,4,inner_train_positive,391,21,1
double_cold,4,inner_train_positive,391,94,1
double_cold,4,inner_train_positive,393,41,1
double_cold,4,inner_train_positive,393,94,1
double_cold,4,inner_train_positive,393,148,1
double_cold,4,inner_train_positive,393,101,1
double_cold,4,inner_train_positive,395,21,1
double_cold,4,inner_train_positive,395,67,1
double_cold,4,inner_train_positive,395,101,1
double_cold,4,inner_train_positive,395,148,1
double_cold,4,inner_train_positive,395,17,1
double_cold,4,inner_train_positive,396,123,1
double_cold,4,inner_train_positive,398,68,1
double_cold,4,inner_train_positive,398,88,1
double_cold,4,inner_train_positive,401,142,1
double_cold,4,inner_train_positive,401,148,1
double_cold,4,inner_train_positive,401,41,1
double_cold,4,inner_train_positive,401,55,1
double_cold,4,inner_train_positive,403,142,1
double_cold,4,inner_train_positive,403,148,1
double_cold,4,inner_train_positive,403,67,1
double_cold,4,inner_train_positive,404,188,1
double_cold,4,inner_train_positive,404,41,1
double_cold,4,inner_train_positive,404,55,1
double_cold,4,inner_train_positive,631,21,1
double_cold,4,inner_train_positive,631,177,1
double_cold,4,inner_train_positive,631,55,1
double_cold,4,inner_train_positive,631,41,1
double_cold,4,inner_train_positive,631,43,1
double_cold,4,inner_train_positive,631,188,1
double_cold,4,inner_train_positive,405,21,1
double_cold,4,inner_train_positive,405,148,1
double_cold,4,inner_train_positive,405,101,1
double_cold,4,inner_train_positive,407,55,1
double_cold,4,inner_train_positive,407,123,1
double_cold,4,inner_train_positive,407,67,1
double_cold,4,inner_train_positive,407,160,1
double_cold,4,inner_train_positive,407,188,1
double_cold,4,inner_train_positive,407,68,1
double_cold,4,inner_train_positive,407,177,1
double_cold,4,inner_train_positive,408,124,1
double_cold,4,inner_train_positive,408,188,1
double_cold,4,inner_train_positive,408,123,1
double_cold,4,inner_train_positive,408,142,1
double_cold,4,inner_train_positive,408,148,1
double_cold,4,inner_train_positive,408,160,1
double_cold,4,inner_train_positive,408,41,1
double_cold,4,inner_train_positive,408,68,1
double_cold,4,inner_train_positive,408,177,1
double_cold,4,inner_train_positive,408,67,1
double_cold,4,inner_train_positive,409,146,1
double_cold,4,inner_train_positive,409,160,1
double_cold,4,inner_train_positive,409,204,1
double_cold,4,inner_train_positive,415,41,1
double_cold,4,inner_train_positive,416,41,1
double_cold,4,inner_train_positive,417,68,1
double_cold,4,inner_train_positive,418,94,1
double_cold,4,inner_train_positive,418,67,1
double_cold,4,inner_train_positive,418,68,1
double_cold,4,inner_train_positive,418,177,1
double_cold,4,inner_train_positive,419,41,1
double_cold,4,inner_train_positive,420,160,1
double_cold,4,inner_train_positive,420,148,1
double_cold,4,inner_train_positive,420,101,1
double_cold,4,inner_train_positive,423,101,1
double_cold,4,inner_train_positive,423,148,1
double_cold,4,inner_train_positive,425,123,1
double_cold,4,inner_train_positive,427,204,1
double_cold,4,inner_train_positive,428,101,1
double_cold,4,inner_train_positive,428,148,1
double_cold,4,inner_train_positive,614,188,1
double_cold,4,inner_train_positive,614,41,1
double_cold,4,inner_train_positive,614,134,1
double_cold,4,inner_train_positive,430,123,1
double_cold,4,inner_train_positive,430,55,1
double_cold,4,inner_train_positive,432,160,1
double_cold,4,inner_train_positive,432,55,1
double_cold,4,inner_train_positive,433,123,1
double_cold,4,inner_train_positive,433,160,1
double_cold,4,inner_train_positive,433,101,1
double_cold,4,inner_train_positive,433,148,1
double_cold,4,inner_train_positive,433,55,1
double_cold,4,inner_train_positive,433,43,1
double_cold,4,inner_train_positive,433,67,1
double_cold,4,inner_train_positive,434,148,1
double_cold,4,inner_train_positive,435,148,1
double_cold,4,inner_train_positive,435,142,1
double_cold,4,inner_train_positive,435,101,1
double_cold,4,inner_train_positive,437,160,1
double_cold,4,inner_train_positive,437,101,1
double_cold,4,inner_train_positive,437,148,1
double_cold,4,inner_train_positive,440,204,1
double_cold,4,inner_train_positive,441,84,1
double_cold,4,inner_train_positive,445,94,1
double_cold,4,inner_train_positive,445,67,1
double_cold,4,inner_train_positive,445,84,1
double_cold,4,inner_train_positive,446,204,1
double_cold,4,inner_train_positive,450,21,1
double_cold,4,inner_train_positive,451,204,1
double_cold,4,inner_train_positive,451,84,1
double_cold,4,inner_train_positive,451,188,1
double_cold,4,inner_train_positive,451,148,1
double_cold,4,inner_train_positive,451,142,1
double_cold,4,inner_train_positive,451,67,1
double_cold,4,inner_train_positive,451,134,1
double_cold,4,inner_train_positive,453,41,1
double_cold,4,inner_train_positive,453,123,1
double_cold,4,inner_train_positive,453,188,1
double_cold,4,inner_train_positive,453,73,1
double_cold,4,inner_train_positive,453,55,1
double_cold,4,inner_train_positive,453,67,1
double_cold,4,inner_train_positive,454,188,1
double_cold,4,inner_train_positive,454,22,1
double_cold,4,inner_train_positive,454,55,1
double_cold,4,inner_train_positive,454,67,1
double_cold,4,inner_train_positive,455,55,1
double_cold,4,inner_train_positive,456,21,1
double_cold,4,inner_train_positive,456,204,1
double_cold,4,inner_train_positive,456,55,1
double_cold,4,inner_train_positive,456,101,1
double_cold,4,inner_train_positive,456,148,1
double_cold,4,inner_train_positive,456,142,1
double_cold,4,inner_train_positive,458,21,1
double_cold,4,inner_train_positive,459,55,1
double_cold,4,inner_train_positive,459,148,1
double_cold,4,inner_train_positive,459,67,1
double_cold,4,inner_train_positive,460,123,1
double_cold,4,inner_train_positive,460,94,1
double_cold,4,inner_train_positive,460,101,1
double_cold,4,inner_train_positive,460,148,1
double_cold,4,inner_train_positive,461,204,1
double_cold,4,inner_train_positive,461,160,1
double_cold,4,inner_train_positive,461,101,1
double_cold,4,inner_train_positive,461,148,1
double_cold,4,inner_train_positive,462,134,1
double_cold,4,inner_train_positive,462,160,1
double_cold,4,inner_train_positive,462,86,1
double_cold,4,inner_train_positive,463,21,1
double_cold,4,inner_train_positive,463,94,1
double_cold,4,inner_train_positive,463,177,1
double_cold,4,inner_train_positive,463,123,1
double_cold,4,inner_train_positive,463,134,1
double_cold,4,inner_train_positive,463,160,1
double_cold,4,inner_train_positive,463,101,1
double_cold,4,inner_train_positive,463,148,1
double_cold,4,inner_train_positive,463,114,1
double_cold,4,inner_train_positive,463,86,1
double_cold,4,inner_train_positive,463,204,1
double_cold,4,inner_train_positive,464,160,1
double_cold,4,inner_train_positive,464,41,1
double_cold,4,inner_train_positive,464,94,1
double_cold,4,inner_train_positive,467,21,1
double_cold,4,inner_train_positive,467,204,1
double_cold,4,inner_train_positive,468,21,1
double_cold,4,inner_train_positive,471,21,1
double_cold,4,inner_train_positive,471,55,1
double_cold,4,inner_train_positive,471,124,1
double_cold,4,inner_train_positive,471,67,1
double_cold,4,inner_train_positive,471,88,1
double_cold,4,inner_train_positive,471,85,1
double_cold,4,inner_train_positive,471,148,1
double_cold,4,inner_train_positive,471,68,1
double_cold,4,inner_train_positive,471,177,1
double_cold,4,inner_train_positive,472,21,1
double_cold,4,inner_train_positive,472,67,1
double_cold,4,inner_train_positive,472,204,1
double_cold,4,inner_train_positive,473,21,1
double_cold,4,inner_train_positive,473,90,1
double_cold,4,inner_train_positive,474,41,1
double_cold,4,inner_train_positive,476,41,1
double_cold,4,inner_train_positive,476,148,1
double_cold,4,inner_train_positive,476,101,1
double_cold,4,inner_train_positive,476,215,1
double_cold,4,inner_train_positive,478,204,1
double_cold,4,inner_train_positive,478,123,1
double_cold,4,inner_train_positive,478,101,1
double_cold,4,inner_train_positive,478,148,1
double_cold,4,inner_train_positive,478,67,1
double_cold,4,inner_train_positive,481,21,1
double_cold,4,inner_train_positive,481,204,1
double_cold,4,inner_train_positive,481,188,1
double_cold,4,inner_train_positive,481,148,1
double_cold,4,inner_train_positive,481,142,1
double_cold,4,inner_train_positive,481,101,1
double_cold,4,inner_train_positive,482,55,1
double_cold,4,inner_train_positive,482,204,1
double_cold,4,inner_train_positive,482,142,1
double_cold,4,inner_train_positive,482,148,1
double_cold,4,inner_train_positive,482,67,1
double_cold,4,inner_train_positive,482,134,1
double_cold,4,inner_train_positive,632,41,1
double_cold,4,inner_train_positive,632,101,1
double_cold,4,inner_train_positive,632,148,1
double_cold,4,inner_train_positive,484,21,1
double_cold,4,inner_train_positive,484,55,1
double_cold,4,inner_train_positive,484,67,1
double_cold,4,inner_train_positive,485,21,1
double_cold,4,inner_train_positive,485,67,1
double_cold,4,inner_train_positive,488,204,1
double_cold,4,inner_train_positive,490,204,1
double_cold,4,inner_train_positive,490,101,1
double_cold,4,inner_train_positive,490,148,1
double_cold,4,inner_train_positive,493,55,1
double_cold,4,inner_train_positive,494,123,1
double_cold,4,inner_train_positive,494,177,1
double_cold,4,inner_train_positive,494,67,1
double_cold,4,inner_train_positive,494,55,1
double_cold,4,inner_train_positive,494,68,1
double_cold,4,inner_train_positive,494,92,1
double_cold,4,inner_train_positive,494,160,1
double_cold,4,inner_train_positive,495,134,1
double_cold,4,inner_train_positive,496,67,1
double_cold,4,inner_train_positive,505,204,1
double_cold,4,inner_train_positive,505,67,1
double_cold,4,inner_train_positive,506,94,1
double_cold,4,inner_train_positive,506,101,1
double_cold,4,inner_train_positive,506,142,1
double_cold,4,inner_train_positive,506,148,1
double_cold,4,inner_train_positive,506,177,1
double_cold,4,inner_train_positive,506,68,1
double_cold,4,inner_train_positive,506,67,1
double_cold,4,inner_train_positive,509,204,1
double_cold,4,inner_train_positive,509,17,1
double_cold,4,inner_train_positive,509,55,1
double_cold,4,inner_train_positive,511,21,1
double_cold,4,inner_train_positive,511,101,1
double_cold,4,inner_train_positive,511,148,1
double_cold,4,inner_train_positive,512,204,1
double_cold,4,inner_train_positive,512,67,1
double_cold,4,inner_train_positive,512,90,1
double_cold,4,inner_train_positive,514,85,1
double_cold,4,inner_train_positive,514,94,1
double_cold,4,inner_train_positive,514,41,1
double_cold,4,inner_train_positive,514,123,1
double_cold,4,inner_train_positive,514,67,1
double_cold,4,inner_train_positive,515,67,1
double_cold,4,inner_train_positive,515,134,1
double_cold,4,inner_train_positive,515,101,1
double_cold,4,inner_train_positive,515,148,1
double_cold,4,inner_train_positive,515,51,1
double_cold,4,inner_train_positive,515,204,1
double_cold,4,inner_train_positive,517,21,1
double_cold,4,inner_train_positive,517,204,1
double_cold,4,inner_train_positive,519,85,1
double_cold,4,inner_train_positive,519,55,1
double_cold,4,inner_train_positive,523,41,1
double_cold,4,inner_train_positive,525,67,1
double_cold,4,inner_train_positive,525,55,1
double_cold,4,inner_train_positive,525,41,1
double_cold,4,inner_train_positive,525,177,1
double_cold,4,inner_train_positive,525,101,1
double_cold,4,inner_train_positive,525,148,1
double_cold,4,inner_train_positive,527,21,1
double_cold,4,inner_train_positive,527,148,1
double_cold,4,inner_train_positive,527,101,1
double_cold,4,inner_train_positive,529,21,1
double_cold,4,inner_train_positive,531,90,1
double_cold,4,inner_train_positive,531,124,1
double_cold,4,inner_train_positive,536,204,1
double_cold,4,inner_train_positive,537,204,1
double_cold,4,inner_train_positive,537,55,1
double_cold,4,inner_train_positive,537,41,1
double_cold,4,inner_train_positive,537,177,1
double_cold,4,inner_train_positive,537,84,1
double_cold,4,inner_train_positive,538,94,1
double_cold,4,inner_train_positive,539,21,1
double_cold,4,inner_train_positive,539,204,1
double_cold,4,inner_train_positive,539,55,1
double_cold,4,inner_train_positive,539,17,1
double_cold,4,inner_train_positive,539,84,1
double_cold,4,inner_train_positive,539,41,1
double_cold,4,inner_train_positive,539,146,1
double_cold,4,inner_train_positive,539,188,1
double_cold,4,inner_train_positive,539,67,1
double_cold,4,inner_train_positive,539,100,1
double_cold,4,inner_train_positive,540,204,1
double_cold,4,inner_train_positive,541,21,1
double_cold,4,inner_train_positive,541,188,1
double_cold,4,inner_train_positive,541,68,1
double_cold,4,inner_train_positive,541,55,1
double_cold,4,inner_train_positive,543,204,1
double_cold,4,inner_train_positive,543,123,1
double_cold,4,inner_train_positive,543,148,1
double_cold,4,inner_train_positive,543,101,1
double_cold,4,inner_train_positive,543,67,1
double_cold,4,inner_train_positive,544,204,1
double_cold,4,inner_train_positive,544,41,1
double_cold,4,inner_train_positive,544,134,1
double_cold,4,inner_train_positive,544,148,1
double_cold,4,inner_train_positive,615,55,1
double_cold,4,inner_train_positive,549,204,1
double_cold,4,inner_train_positive,549,55,1
double_cold,4,inner_train_positive,549,177,1
double_cold,4,inner_train_positive,549,142,1
double_cold,4,inner_train_positive,549,148,1
double_cold,4,inner_train_positive,549,134,1
double_cold,4,inner_train_positive,549,160,1
double_cold,4,inner_train_positive,549,94,1
double_cold,4,inner_train_positive,549,68,1
double_cold,4,inner_train_positive,549,67,1
double_cold,4,inner_train_positive,549,41,1
double_cold,4,inner_train_positive,633,68,1
double_cold,4,inner_train_positive,633,84,1
double_cold,4,inner_train_positive,633,123,1
double_cold,4,inner_train_positive,633,55,1
double_cold,4,inner_train_positive,633,204,1
double_cold,4,inner_train_positive,633,67,1
double_cold,4,inner_train_positive,633,177,1
double_cold,4,inner_train_positive,633,43,1
double_cold,4,inner_train_positive,633,146,1
double_cold,4,inner_train_positive,633,148,1
double_cold,4,inner_train_positive,633,134,1
double_cold,4,inner_train_positive,550,68,1
double_cold,4,inner_train_positive,550,55,1
double_cold,4,inner_train_positive,550,1,1
double_cold,4,inner_train_positive,550,123,1
double_cold,4,inner_train_positive,550,142,1
double_cold,4,inner_train_positive,550,148,1
double_cold,4,inner_train_positive,550,67,1
double_cold,4,inner_train_positive,550,101,1
double_cold,4,inner_train_positive,550,84,1
double_cold,4,inner_train_positive,550,188,1
double_cold,4,inner_train_positive,550,177,1
double_cold,4,inner_train_positive,616,41,1
double_cold,4,inner_train_positive,616,67,1
double_cold,4,inner_train_positive,617,55,1
double_cold,4,inner_train_positive,617,188,1
double_cold,4,inner_train_positive,617,41,1
double_cold,4,inner_train_positive,617,67,1
double_cold,4,inner_train_positive,552,21,1
double_cold,4,inner_train_positive,552,68,1
double_cold,4,inner_train_positive,552,160,1
double_cold,4,inner_train_positive,619,41,1
double_cold,4,inner_train_positive,619,101,1
double_cold,4,inner_train_positive,619,148,1
double_cold,4,inner_train_positive,620,55,1
double_cold,4,inner_train_positive,620,17,1
double_cold,4,inner_train_positive,620,84,1
double_cold,4,inner_train_positive,620,41,1
double_cold,4,inner_train_positive,620,188,1
double_cold,4,inner_train_positive,620,148,1
double_cold,4,inner_train_positive,620,142,1
double_cold,4,inner_train_positive,620,67,1
double_cold,4,inner_train_positive,620,134,1
double_cold,4,inner_train_positive,555,177,1
double_cold,4,inner_train_positive,555,204,1
double_cold,4,inner_train_positive,555,55,1
double_cold,4,inner_train_positive,555,84,1
double_cold,4,inner_train_positive,555,41,1
double_cold,4,inner_train_positive,555,148,1
double_cold,4,inner_train_positive,555,101,1
double_cold,4,inner_train_positive,555,67,1
double_cold,4,inner_train_positive,555,17,1
double_cold,4,inner_train_positive,556,101,1
double_cold,4,inner_train_positive,556,148,1
double_cold,4,inner_train_positive,556,84,1
double_cold,4,inner_train_positive,557,148,1
double_cold,4,inner_train_positive,557,142,1
double_cold,4,inner_train_positive,557,41,1
double_cold,4,inner_train_positive,557,160,1
double_cold,4,inner_train_positive,557,84,1
double_cold,4,inner_train_positive,557,67,1
double_cold,4,inner_train_positive,557,101,1
double_cold,4,inner_train_positive,558,188,1
double_cold,4,inner_train_positive,558,84,1
double_cold,4,inner_train_positive,558,85,1
double_cold,4,inner_train_positive,558,55,1
double_cold,4,inner_train_positive,559,123,1
double_cold,4,inner_train_positive,559,67,1
double_cold,4,inner_train_positive,559,55,1
double_cold,4,inner_train_positive,559,161,1
double_cold,4,inner_train_positive,561,67,1
double_cold,4,inner_train_positive,561,95,1
double_cold,4,inner_train_positive,562,55,1
double_cold,4,inner_train_positive,562,123,1
double_cold,4,inner_train_positive,562,67,1
double_cold,4,inner_train_positive,562,160,1
double_cold,4,inner_train_positive,562,84,1
double_cold,4,inner_train_positive,568,177,1
double_cold,4,inner_train_positive,568,204,1
double_cold,4,inner_train_positive,568,188,1
double_cold,4,inner_train_positive,568,41,1
double_cold,4,inner_train_positive,568,134,1
double_cold,4,inner_train_positive,568,123,1
double_cold,4,inner_train_positive,572,21,1
double_cold,4,inner_train_positive,572,94,1
double_cold,4,inner_train_positive,572,41,1
double_cold,4,inner_train_positive,573,160,1
double_cold,4,inner_train_positive,573,204,1
double_cold,4,inner_train_positive,575,123,1
double_cold,4,inner_train_positive,575,160,1
double_cold,4,inner_train_positive,634,127,1
double_cold,4,inner_train_positive,578,68,1
double_cold,4,inner_train_positive,578,41,1
double_cold,4,inner_train_positive,578,88,1
double_cold,4,inner_train_positive,578,177,1
double_cold,4,inner_train_positive,578,55,1
double_cold,4,inner_train_positive,578,67,1
double_cold,4,inner_train_positive,578,194,1
double_cold,4,inner_train_positive,578,43,1
double_cold,4,inner_train_positive,578,123,1
double_cold,4,inner_train_positive,578,94,1
double_cold,4,inner_train_positive,578,101,1
double_cold,4,inner_train_positive,578,148,1
double_cold,4,inner_train_positive,578,15,1
double_cold,4,inner_train_positive,578,188,1
double_cold,4,inner_train_positive,578,84,1
double_cold,4,inner_train_positive,579,55,1
double_cold,4,inner_train_positive,582,21,1
double_cold,4,inner_train_positive,582,204,1
double_cold,4,inner_train_positive,582,84,1
double_cold,4,inner_train_positive,582,124,1
double_cold,4,inner_train_positive,582,43,1
double_cold,4,inner_train_positive,582,123,1
double_cold,4,inner_train_positive,582,188,1
double_cold,4,inner_train_positive,582,75,1
double_cold,4,inner_train_positive,582,88,1
double_cold,4,inner_train_positive,582,67,1
double_cold,4,inner_train_positive,582,101,1
double_cold,4,inner_train_positive,582,148,1
double_cold,4,inner_train_positive,582,178,1
double_cold,4,inner_train_positive,582,68,1
double_cold,4,inner_train_positive,582,177,1
double_cold,4,inner_train_positive,584,21,1
double_cold,4,inner_train_positive,584,177,1
double_cold,4,inner_train_positive,584,204,1
double_cold,4,inner_train_positive,584,123,1
double_cold,4,inner_train_positive,584,88,1
double_cold,4,inner_train_positive,584,160,1
double_cold,4,inner_train_positive,584,129,1
double_cold,4,inner_train_positive,584,67,1
double_cold,4,inner_train_positive,584,84,1
double_cold,4,inner_train_positive,584,142,1
double_cold,4,inner_train_positive,584,55,1
double_cold,4,inner_train_positive,584,188,1
double_cold,4,inner_train_positive,585,160,1
double_cold,4,inner_train_positive,585,94,1
double_cold,4,inner_train_positive,585,67,1
double_cold,4,inner_train_positive,587,204,1
double_cold,4,inner_train_positive,587,123,1
double_cold,4,inner_train_positive,587,55,1
double_cold,4,inner_train_positive,587,142,1
double_cold,4,inner_train_positive,587,148,1
double_cold,4,inner_train_positive,587,67,1
double_cold,4,inner_train_positive,587,134,1
double_cold,4,inner_train_positive,587,101,1
double_cold,4,inner_train_positive,588,204,1
double_cold,4,inner_train_positive,588,55,1
double_cold,4,inner_train_positive,590,67,1
double_cold,4,inner_train_positive,593,160,1
double_cold,4,inner_train_positive,593,84,1
double_cold,4,inner_train_positive,594,67,1
double_cold,4,inner_train_positive,594,123,1
double_cold,4,inner_train_positive,594,160,1
double_cold,4,inner_train_positive,594,204,1
double_cold,4,inner_train_positive,594,84,1
double_cold,4,inner_train_positive,594,68,1
double_cold,4,inner_train_positive,594,177,1
double_cold,4,inner_train_positive,595,21,1
double_cold,4,inner_train_positive,595,41,1
double_cold,4,inner_train_positive,595,123,1
double_cold,4,inner_train_positive,595,55,1
double_cold,4,inner_train_positive,595,124,1
double_cold,4,inner_train_positive,595,67,1
double_cold,4,inner_train_positive,595,146,1
double_cold,4,inner_train_positive,595,204,1
double_cold,4,inner_train_positive,595,134,1
double_cold,4,inner_train_positive,595,101,1
double_cold,4,inner_train_positive,595,148,1
double_cold,4,inner_train_positive,595,35,1
double_cold,4,inner_train_positive,595,84,1
double_cold,4,inner_train_positive,597,21,1
double_cold,4,inner_train_positive,597,88,1
double_cold,4,inner_train_positive,597,177,1
double_cold,4,inner_train_positive,597,204,1
double_cold,4,inner_train_positive,597,55,1
double_cold,4,inner_train_positive,597,84,1
double_cold,4,inner_train_positive,597,124,1
double_cold,4,inner_train_positive,597,43,1
double_cold,4,inner_train_positive,597,146,1
double_cold,4,inner_train_positive,597,188,1
double_cold,4,inner_train_positive,597,142,1
double_cold,4,inner_train_positive,597,148,1
double_cold,4,inner_train_positive,597,67,1
double_cold,4,inner_train_positive,597,41,1
double_cold,4,inner_train_positive,597,134,1
double_cold,4,inner_train_positive,597,197,1
double_cold,4,inner_train_positive,597,161,1
double_cold,4,inner_train_positive,598,123,1
double_cold,4,inner_train_positive,598,55,1
double_cold,4,inner_train_positive,598,204,1
double_cold,4,inner_train_positive,598,67,1
double_cold,4,inner_train_positive,598,177,1
double_cold,4,inner_train_positive,598,188,1
double_cold,4,inner_train_positive,598,179,1
double_cold,4,inner_train_positive,598,41,1
double_cold,4,inner_train_positive,598,197,1
double_cold,4,inner_train_positive,598,133,1
double_cold,4,inner_validation_positive,8,57,1
double_cold,4,inner_validation_positive,170,174,1
double_cold,4,inner_validation_positive,193,174,1
double_cold,4,inner_validation_positive,193,81,1
double_cold,4,inner_validation_positive,204,60,1
double_cold,4,inner_validation_positive,204,174,1
double_cold,4,inner_validation_positive,208,81,1
double_cold,4,inner_validation_positive,208,139,1
double_cold,4,inner_validation_positive,239,139,1
double_cold,4,inner_validation_positive,239,174,1
double_cold,4,inner_validation_positive,247,81,1
double_cold,4,inner_validation_positive,252,139,1
double_cold,4,inner_validation_positive,314,174,1
double_cold,4,inner_validation_positive,355,81,1
double_cold,4,inner_validation_positive,452,174,1
double_cold,4,inner_validation_positive,465,174,1
double_cold,4,inner_validation_positive,475,81,1
double_cold,4,inner_validation_positive,510,81,1
double_cold,4,inner_validation_positive,548,174,1
double_cold,4,inner_validation_positive,583,174,1
double_cold,4,inner_validation_sampled_unlabeled,170,139,0
double_cold,4,inner_validation_sampled_unlabeled,548,60,0
double_cold,4,inner_validation_sampled_unlabeled,247,139,0
double_cold,4,inner_validation_sampled_unlabeled,8,174,0
double_cold,4,inner_validation_sampled_unlabeled,583,139,0
double_cold,4,inner_validation_sampled_unlabeled,583,81,0
double_cold,4,inner_validation_sampled_unlabeled,475,57,0
double_cold,4,inner_validation_sampled_unlabeled,510,57,0
double_cold,4,inner_validation_sampled_unlabeled,314,60,0
double_cold,4,inner_validation_sampled_unlabeled,252,57,0
double_cold,4,inner_validation_sampled_unlabeled,355,174,0
double_cold,4,inner_validation_sampled_unlabeled,239,81,0
double_cold,4,inner_validation_sampled_unlabeled,452,57,0
double_cold,4,inner_validation_sampled_unlabeled,452,81,0
double_cold,4,inner_validation_sampled_unlabeled,452,139,0
double_cold,4,inner_validation_sampled_unlabeled,465,139,0
double_cold,4,inner_validation_sampled_unlabeled,355,57,0
double_cold,4,inner_validation_sampled_unlabeled,247,57,0
double_cold,4,inner_validation_sampled_unlabeled,170,60,0
double_cold,4,inner_validation_sampled_unlabeled,475,174,0
double_cold,4,outer_test_positive,12,3,1
double_cold,4,outer_test_positive,12,74,1
double_cold,4,outer_test_positive,12,103,1
double_cold,4,outer_test_positive,12,7,1
double_cold,4,outer_test_positive,29,3,1
double_cold,4,outer_test_positive,37,89,1
double_cold,4,outer_test_positive,43,103,1
double_cold,4,outer_test_positive,43,89,1
double_cold,4,outer_test_positive,43,7,1
double_cold,4,outer_test_positive,43,3,1
double_cold,4,outer_test_positive,43,74,1
double_cold,4,outer_test_positive,43,150,1
double_cold,4,outer_test_positive,45,7,1
double_cold,4,outer_test_positive,45,3,1
double_cold,4,outer_test_positive,54,3,1
double_cold,4,outer_test_positive,54,7,1
double_cold,4,outer_test_positive,54,103,1
double_cold,4,outer_test_positive,56,89,1
double_cold,4,outer_test_positive,56,44,1
double_cold,4,outer_test_positive,56,103,1
double_cold,4,outer_test_positive,56,7,1
double_cold,4,outer_test_positive,56,165,1
double_cold,4,outer_test_positive,56,3,1
double_cold,4,outer_test_positive,56,74,1
double_cold,4,outer_test_positive,69,103,1
double_cold,4,outer_test_positive,91,103,1
double_cold,4,outer_test_positive,91,7,1
double_cold,4,outer_test_positive,101,89,1
double_cold,4,outer_test_positive,101,74,1
double_cold,4,outer_test_positive,101,3,1
double_cold,4,outer_test_positive,101,103,1
double_cold,4,outer_test_positive,101,7,1
double_cold,4,outer_test_positive,102,74,1
double_cold,4,outer_test_positive,102,103,1
double_cold,4,outer_test_positive,102,7,1
double_cold,4,outer_test_positive,102,89,1
double_cold,4,outer_test_positive,103,89,1
double_cold,4,outer_test_positive,103,103,1
double_cold,4,outer_test_positive,103,205,1
double_cold,4,outer_test_positive,103,78,1
double_cold,4,outer_test_positive,103,7,1
double_cold,4,outer_test_positive,103,74,1
double_cold,4,outer_test_positive,114,89,1
double_cold,4,outer_test_positive,114,103,1
double_cold,4,outer_test_positive,114,3,1
double_cold,4,outer_test_positive,114,7,1
double_cold,4,outer_test_positive,114,150,1
double_cold,4,outer_test_positive,119,103,1
double_cold,4,outer_test_positive,119,7,1
double_cold,4,outer_test_positive,119,16,1
double_cold,4,outer_test_positive,119,74,1
double_cold,4,outer_test_positive,122,89,1
double_cold,4,outer_test_positive,122,103,1
double_cold,4,outer_test_positive,122,7,1
double_cold,4,outer_test_positive,122,3,1
double_cold,4,outer_test_positive,122,25,1
double_cold,4,outer_test_positive,122,74,1
double_cold,4,outer_test_positive,127,103,1
double_cold,4,outer_test_positive,129,7,1
double_cold,4,outer_test_positive,130,89,1
double_cold,4,outer_test_positive,130,103,1
double_cold,4,outer_test_positive,130,7,1
double_cold,4,outer_test_positive,130,3,1
double_cold,4,outer_test_positive,130,16,1
double_cold,4,outer_test_positive,132,89,1
double_cold,4,outer_test_positive,132,3,1
double_cold,4,outer_test_positive,132,7,1
double_cold,4,outer_test_positive,132,103,1
double_cold,4,outer_test_positive,132,56,1
double_cold,4,outer_test_positive,134,89,1
double_cold,4,outer_test_positive,134,3,1
double_cold,4,outer_test_positive,134,78,1
double_cold,4,outer_test_positive,134,103,1
double_cold,4,outer_test_positive,134,16,1
double_cold,4,outer_test_positive,136,89,1
double_cold,4,outer_test_positive,136,103,1
double_cold,4,outer_test_positive,141,89,1
double_cold,4,outer_test_positive,141,103,1
double_cold,4,outer_test_positive,141,7,1
double_cold,4,outer_test_positive,141,3,1
double_cold,4,outer_test_positive,141,126,1
double_cold,4,outer_test_positive,141,150,1
double_cold,4,outer_test_positive,144,89,1
double_cold,4,outer_test_positive,144,108,1
double_cold,4,outer_test_positive,144,3,1
double_cold,4,outer_test_positive,144,103,1
double_cold,4,outer_test_positive,144,46,1
double_cold,4,outer_test_positive,144,7,1
double_cold,4,outer_test_positive,144,150,1
double_cold,4,outer_test_positive,150,89,1
double_cold,4,outer_test_positive,150,103,1
double_cold,4,outer_test_positive,151,89,1
double_cold,4,outer_test_positive,151,103,1
double_cold,4,outer_test_positive,151,7,1
double_cold,4,outer_test_positive,625,89,1
double_cold,4,outer_test_positive,625,103,1
double_cold,4,outer_test_positive,625,74,1
double_cold,4,outer_test_positive,625,7,1
double_cold,4,outer_test_positive,159,7,1
double_cold,4,outer_test_positive,159,103,1
double_cold,4,outer_test_positive,168,89,1
double_cold,4,outer_test_positive,168,3,1
double_cold,4,outer_test_positive,168,74,1
double_cold,4,outer_test_positive,168,103,1
double_cold,4,outer_test_positive,168,78,1
double_cold,4,outer_test_positive,168,7,1
double_cold,4,outer_test_positive,168,150,1
double_cold,4,outer_test_positive,173,89,1
double_cold,4,outer_test_positive,173,3,1
double_cold,4,outer_test_positive,173,7,1
double_cold,4,outer_test_positive,173,103,1
double_cold,4,outer_test_positive,173,44,1
double_cold,4,outer_test_positive,173,74,1
double_cold,4,outer_test_positive,173,166,1
double_cold,4,outer_test_positive,178,89,1
double_cold,4,outer_test_positive,178,103,1
double_cold,4,outer_test_positive,179,89,1
double_cold,4,outer_test_positive,179,3,1
double_cold,4,outer_test_positive,179,103,1
double_cold,4,outer_test_positive,179,150,1
double_cold,4,outer_test_positive,179,74,1
double_cold,4,outer_test_positive,179,7,1
double_cold,4,outer_test_positive,627,89,1
double_cold,4,outer_test_positive,627,103,1
double_cold,4,outer_test_positive,627,7,1
double_cold,4,outer_test_positive,627,74,1
double_cold,4,outer_test_positive,187,89,1
double_cold,4,outer_test_positive,187,46,1
double_cold,4,outer_test_positive,187,103,1
double_cold,4,outer_test_positive,187,3,1
double_cold,4,outer_test_positive,187,7,1
double_cold,4,outer_test_positive,188,89,1
double_cold,4,outer_test_positive,188,103,1
double_cold,4,outer_test_positive,188,74,1
double_cold,4,outer_test_positive,188,78,1
double_cold,4,outer_test_positive,188,7,1
double_cold,4,outer_test_positive,188,141,1
double_cold,4,outer_test_positive,192,103,1
double_cold,4,outer_test_positive,192,89,1
double_cold,4,outer_test_positive,192,7,1
double_cold,4,outer_test_positive,192,3,1
double_cold,4,outer_test_positive,192,16,1
double_cold,4,outer_test_positive,192,74,1
double_cold,4,outer_test_positive,192,26,1
double_cold,4,outer_test_positive,195,89,1
double_cold,4,outer_test_positive,195,3,1
double_cold,4,outer_test_positive,195,78,1
double_cold,4,outer_test_positive,195,103,1
double_cold,4,outer_test_positive,206,89,1
double_cold,4,outer_test_positive,206,103,1
double_cold,4,outer_test_positive,206,7,1
double_cold,4,outer_test_positive,206,3,1
double_cold,4,outer_test_positive,206,74,1
double_cold,4,outer_test_positive,206,16,1
double_cold,4,outer_test_positive,211,3,1
double_cold,4,outer_test_positive,211,7,1
double_cold,4,outer_test_positive,211,103,1
double_cold,4,outer_test_positive,211,16,1
double_cold,4,outer_test_positive,215,8,1
double_cold,4,outer_test_positive,215,89,1
double_cold,4,outer_test_positive,215,103,1
double_cold,4,outer_test_positive,215,7,1
double_cold,4,outer_test_positive,215,205,1
double_cold,4,outer_test_positive,215,3,1
double_cold,4,outer_test_positive,215,74,1
double_cold,4,outer_test_positive,226,89,1
double_cold,4,outer_test_positive,226,7,1
double_cold,4,outer_test_positive,226,103,1
double_cold,4,outer_test_positive,226,3,1
double_cold,4,outer_test_positive,228,89,1
double_cold,4,outer_test_positive,228,3,1
double_cold,4,outer_test_positive,228,7,1
double_cold,4,outer_test_positive,228,103,1
double_cold,4,outer_test_positive,228,74,1
double_cold,4,outer_test_positive,230,89,1
double_cold,4,outer_test_positive,230,103,1
double_cold,4,outer_test_positive,232,89,1
double_cold,4,outer_test_positive,232,103,1
double_cold,4,outer_test_positive,232,7,1
double_cold,4,outer_test_positive,233,103,1
double_cold,4,outer_test_positive,241,89,1
double_cold,4,outer_test_positive,241,205,1
double_cold,4,outer_test_positive,241,103,1
double_cold,4,outer_test_positive,241,3,1
double_cold,4,outer_test_positive,241,7,1
double_cold,4,outer_test_positive,241,74,1
double_cold,4,outer_test_positive,242,89,1
double_cold,4,outer_test_positive,242,103,1
double_cold,4,outer_test_positive,242,7,1
double_cold,4,outer_test_positive,242,74,1
double_cold,4,outer_test_positive,245,103,1
double_cold,4,outer_test_positive,245,7,1
double_cold,4,outer_test_positive,248,103,1
double_cold,4,outer_test_positive,249,103,1
double_cold,4,outer_test_positive,251,103,1
double_cold,4,outer_test_positive,251,89,1
double_cold,4,outer_test_positive,251,7,1
double_cold,4,outer_test_positive,264,89,1
double_cold,4,outer_test_positive,264,103,1
double_cold,4,outer_test_positive,264,7,1
double_cold,4,outer_test_positive,268,89,1
double_cold,4,outer_test_positive,268,103,1
double_cold,4,outer_test_positive,289,103,1
double_cold,4,outer_test_positive,289,7,1
double_cold,4,outer_test_positive,289,74,1
double_cold,4,outer_test_positive,292,89,1
double_cold,4,outer_test_positive,293,89,1
double_cold,4,outer_test_positive,293,103,1
double_cold,4,outer_test_positive,295,103,1
double_cold,4,outer_test_positive,295,74,1
double_cold,4,outer_test_positive,295,89,1
double_cold,4,outer_test_positive,303,89,1
double_cold,4,outer_test_positive,303,7,1
double_cold,4,outer_test_positive,303,103,1
double_cold,4,outer_test_positive,304,89,1
double_cold,4,outer_test_positive,304,103,1
double_cold,4,outer_test_positive,316,103,1
double_cold,4,outer_test_positive,316,30,1
double_cold,4,outer_test_positive,316,7,1
double_cold,4,outer_test_positive,613,103,1
double_cold,4,outer_test_positive,613,89,1
double_cold,4,outer_test_positive,325,103,1
double_cold,4,outer_test_positive,325,74,1
double_cold,4,outer_test_positive,325,7,1
double_cold,4,outer_test_positive,328,103,1
double_cold,4,outer_test_positive,328,74,1
double_cold,4,outer_test_positive,328,7,1
double_cold,4,outer_test_positive,328,89,1
double_cold,4,outer_test_positive,328,150,1
double_cold,4,outer_test_positive,334,89,1
double_cold,4,outer_test_positive,334,7,1
double_cold,4,outer_test_positive,334,103,1
double_cold,4,outer_test_positive,335,103,1
double_cold,4,outer_test_positive,337,103,1
double_cold,4,outer_test_positive,337,7,1
double_cold,4,outer_test_positive,358,103,1
double_cold,4,outer_test_positive,358,89,1
double_cold,4,outer_test_positive,358,7,1
double_cold,4,outer_test_positive,362,140,1
double_cold,4,outer_test_positive,362,103,1
double_cold,4,outer_test_positive,362,7,1
double_cold,4,outer_test_positive,389,89,1
double_cold,4,outer_test_positive,389,103,1
double_cold,4,outer_test_positive,389,7,1
double_cold,4,outer_test_positive,397,103,1
double_cold,4,outer_test_positive,397,89,1
double_cold,4,outer_test_positive,399,103,1
double_cold,4,outer_test_positive,406,74,1
double_cold,4,outer_test_positive,411,89,1
double_cold,4,outer_test_positive,411,103,1
double_cold,4,outer_test_positive,431,7,1
double_cold,4,outer_test_positive,431,103,1
double_cold,4,outer_test_positive,436,89,1
double_cold,4,outer_test_positive,438,89,1
double_cold,4,outer_test_positive,438,103,1
double_cold,4,outer_test_positive,438,7,1
double_cold,4,outer_test_positive,439,89,1
double_cold,4,outer_test_positive,439,7,1
double_cold,4,outer_test_positive,448,89,1
double_cold,4,outer_test_positive,457,89,1
double_cold,4,outer_test_positive,457,7,1
double_cold,4,outer_test_positive,457,150,1
double_cold,4,outer_test_positive,466,89,1
double_cold,4,outer_test_positive,466,150,1
double_cold,4,outer_test_positive,466,103,1
double_cold,4,outer_test_positive,466,7,1
double_cold,4,outer_test_positive,466,3,1
double_cold,4,outer_test_positive,469,89,1
double_cold,4,outer_test_positive,469,7,1
double_cold,4,outer_test_positive,469,150,1
double_cold,4,outer_test_positive,477,103,1
double_cold,4,outer_test_positive,477,89,1
double_cold,4,outer_test_positive,483,103,1
double_cold,4,outer_test_positive,487,103,1
double_cold,4,outer_test_positive,487,89,1
double_cold,4,outer_test_positive,492,89,1
double_cold,4,outer_test_positive,492,140,1
double_cold,4,outer_test_positive,492,103,1
double_cold,4,outer_test_positive,492,74,1
double_cold,4,outer_test_positive,497,103,1
double_cold,4,outer_test_positive,497,7,1
double_cold,4,outer_test_positive,498,103,1
double_cold,4,outer_test_positive,499,89,1
double_cold,4,outer_test_positive,499,103,1
double_cold,4,outer_test_positive,500,7,1
double_cold,4,outer_test_positive,500,74,1
double_cold,4,outer_test_positive,500,103,1
double_cold,4,outer_test_positive,501,7,1
double_cold,4,outer_test_positive,502,103,1
double_cold,4,outer_test_positive,507,103,1
double_cold,4,outer_test_positive,508,103,1
double_cold,4,outer_test_positive,508,89,1
double_cold,4,outer_test_positive,508,208,1
double_cold,4,outer_test_positive,508,46,1
double_cold,4,outer_test_positive,516,103,1
double_cold,4,outer_test_positive,516,3,1
double_cold,4,outer_test_positive,516,7,1
double_cold,4,outer_test_positive,516,16,1
double_cold,4,outer_test_positive,520,103,1
double_cold,4,outer_test_positive,520,89,1
double_cold,4,outer_test_positive,521,89,1
double_cold,4,outer_test_positive,521,103,1
double_cold,4,outer_test_positive,528,3,1
double_cold,4,outer_test_positive,528,103,1
double_cold,4,outer_test_positive,530,89,1
double_cold,4,outer_test_positive,530,103,1
double_cold,4,outer_test_positive,533,89,1
double_cold,4,outer_test_positive,534,89,1
double_cold,4,outer_test_positive,534,103,1
double_cold,4,outer_test_positive,545,7,1
double_cold,4,outer_test_positive,545,103,1
double_cold,4,outer_test_positive,547,74,1
double_cold,4,outer_test_positive,551,103,1
double_cold,4,outer_test_positive,551,150,1
double_cold,4,outer_test_positive,551,74,1
double_cold,4,outer_test_positive,554,103,1
double_cold,4,outer_test_positive,554,89,1
double_cold,4,outer_test_positive,569,3,1
double_cold,4,outer_test_positive,569,103,1
double_cold,4,outer_test_positive,569,89,1
double_cold,4,outer_test_positive,570,3,1
double_cold,4,outer_test_positive,570,103,1
double_cold,4,outer_test_positive,570,7,1
double_cold,4,outer_test_positive,571,7,1
double_cold,4,outer_test_positive,571,103,1
double_cold,4,outer_test_positive,577,74,1
double_cold,4,outer_test_positive,577,89,1
double_cold,4,outer_test_positive,577,103,1
double_cold,4,outer_test_positive,580,89,1
double_cold,4,outer_test_positive,580,140,1
double_cold,4,outer_test_positive,581,89,1
double_cold,4,outer_test_positive,591,7,1
double_cold,4,outer_test_positive,591,103,1
double_cold,4,outer_test_positive,596,3,1
double_cold,4,outer_test_positive,596,89,1
double_cold,4,outer_test_positive,596,205,1
double_cold,4,outer_test_positive,596,103,1
double_cold,4,outer_test_positive,596,7,1
double_cold,4,outer_test_positive,596,74,1
double_cold,4,outer_test_sampled_unlabeled,334,3,0
double_cold,4,outer_test_sampled_unlabeled,188,205,0
double_cold,4,outer_test_sampled_unlabeled,45,165,0
double_cold,4,outer_test_sampled_unlabeled,187,78,0
double_cold,4,outer_test_sampled_unlabeled,304,7,0
double_cold,4,outer_test_sampled_unlabeled,159,25,0
double_cold,4,outer_test_sampled_unlabeled,251,126,0
double_cold,4,outer_test_sampled_unlabeled,500,165,0
double_cold,4,outer_test_sampled_unlabeled,249,165,0
double_cold,4,outer_test_sampled_unlabeled,132,16,0
double_cold,4,outer_test_sampled_unlabeled,264,46,0
double_cold,4,outer_test_sampled_unlabeled,226,56,0
double_cold,4,outer_test_sampled_unlabeled,500,30,0
double_cold,4,outer_test_sampled_unlabeled,499,74,0
double_cold,4,outer_test_sampled_unlabeled,334,25,0
double_cold,4,outer_test_sampled_unlabeled,37,165,0
double_cold,4,outer_test_sampled_unlabeled,530,165,0
double_cold,4,outer_test_sampled_unlabeled,69,108,0
double_cold,4,outer_test_sampled_unlabeled,179,78,0
double_cold,4,outer_test_sampled_unlabeled,547,7,0
double_cold,4,outer_test_sampled_unlabeled,54,74,0
double_cold,4,outer_test_sampled_unlabeled,362,208,0
double_cold,4,outer_test_sampled_unlabeled,483,89,0
double_cold,4,outer_test_sampled_unlabeled,492,165,0
double_cold,4,outer_test_sampled_unlabeled,130,78,0
double_cold,4,outer_test_sampled_unlabeled,230,165,0
double_cold,4,outer_test_sampled_unlabeled,173,30,0
double_cold,4,outer_test_sampled_unlabeled,502,205,0
double_cold,4,outer_test_sampled_unlabeled,241,30,0
double_cold,4,outer_test_sampled_unlabeled,248,78,0
double_cold,4,outer_test_sampled_unlabeled,581,126,0
double_cold,4,outer_test_sampled_unlabeled,268,56,0
double_cold,4,outer_test_sampled_unlabeled,466,166,0
double_cold,4,outer_test_sampled_unlabeled,625,150,0
double_cold,4,outer_test_sampled_unlabeled,508,141,0
double_cold,4,outer_test_sampled_unlabeled,554,108,0
double_cold,4,outer_test_sampled_unlabeled,211,25,0
double_cold,4,outer_test_sampled_unlabeled,192,30,0
double_cold,4,outer_test_sampled_unlabeled,580,26,0
double_cold,4,outer_test_sampled_unlabeled,134,205,0
double_cold,4,outer_test_sampled_unlabeled,334,141,0
double_cold,4,outer_test_sampled_unlabeled,569,16,0
double_cold,4,outer_test_sampled_unlabeled,516,108,0
double_cold,4,outer_test_sampled_unlabeled,516,126,0
double_cold,4,outer_test_sampled_unlabeled,226,46,0
double_cold,4,outer_test_sampled_unlabeled,581,103,0
double_cold,4,outer_test_sampled_unlabeled,483,205,0
double_cold,4,outer_test_sampled_unlabeled,249,141,0
double_cold,4,outer_test_sampled_unlabeled,233,44,0
double_cold,4,outer_test_sampled_unlabeled,570,56,0
double_cold,4,outer_test_sampled_unlabeled,134,56,0
double_cold,4,outer_test_sampled_unlabeled,397,30,0
double_cold,4,outer_test_sampled_unlabeled,389,166,0
double_cold,4,outer_test_sampled_unlabeled,591,44,0
double_cold,4,outer_test_sampled_unlabeled,497,126,0
double_cold,4,outer_test_sampled_unlabeled,29,30,0
double_cold,4,outer_test_sampled_unlabeled,129,126,0
double_cold,4,outer_test_sampled_unlabeled,569,141,0
double_cold,4,outer_test_sampled_unlabeled,625,140,0
double_cold,4,outer_test_sampled_unlabeled,580,7,0
double_cold,4,outer_test_sampled_unlabeled,268,140,0
double_cold,4,outer_test_sampled_unlabeled,580,16,0
double_cold,4,outer_test_sampled_unlabeled,206,165,0
double_cold,4,outer_test_sampled_unlabeled,230,141,0
double_cold,4,outer_test_sampled_unlabeled,241,150,0
double_cold,4,outer_test_sampled_unlabeled,551,56,0
double_cold,4,outer_test_sampled_unlabeled,144,208,0
double_cold,4,outer_test_sampled_unlabeled,469,166,0
double_cold,4,outer_test_sampled_unlabeled,304,108,0
double_cold,4,outer_test_sampled_unlabeled,264,44,0
double_cold,4,outer_test_sampled_unlabeled,438,26,0
double_cold,4,outer_test_sampled_unlabeled,337,141,0
double_cold,4,outer_test_sampled_unlabeled,627,78,0
double_cold,4,outer_test_sampled_unlabeled,508,108,0
double_cold,4,outer_test_sampled_unlabeled,251,74,0
double_cold,4,outer_test_sampled_unlabeled,119,165,0
double_cold,4,outer_test_sampled_unlabeled,406,78,0
double_cold,4,outer_test_sampled_unlabeled,581,205,0
double_cold,4,outer_test_sampled_unlabeled,362,8,0
double_cold,4,outer_test_sampled_unlabeled,358,56,0
double_cold,4,outer_test_sampled_unlabeled,362,26,0
double_cold,4,outer_test_sampled_unlabeled,362,44,0
double_cold,4,outer_test_sampled_unlabeled,127,150,0
double_cold,4,outer_test_sampled_unlabeled,195,25,0
double_cold,4,outer_test_sampled_unlabeled,448,205,0
double_cold,4,outer_test_sampled_unlabeled,571,56,0
double_cold,4,outer_test_sampled_unlabeled,69,56,0
double_cold,4,outer_test_sampled_unlabeled,179,44,0
double_cold,4,outer_test_sampled_unlabeled,389,3,0
double_cold,4,outer_test_sampled_unlabeled,545,3,0
double_cold,4,outer_test_sampled_unlabeled,516,205,0
double_cold,4,outer_test_sampled_unlabeled,571,150,0
double_cold,4,outer_test_sampled_unlabeled,613,165,0
double_cold,4,outer_test_sampled_unlabeled,498,165,0
double_cold,4,outer_test_sampled_unlabeled,487,25,0
double_cold,4,outer_test_sampled_unlabeled,241,140,0
double_cold,4,outer_test_sampled_unlabeled,436,208,0
double_cold,4,outer_test_sampled_unlabeled,264,25,0
double_cold,4,outer_test_sampled_unlabeled,103,166,0
double_cold,4,outer_test_sampled_unlabeled,438,16,0
double_cold,4,outer_test_sampled_unlabeled,178,205,0
double_cold,4,outer_test_sampled_unlabeled,530,126,0
double_cold,4,outer_test_sampled_unlabeled,448,56,0
double_cold,4,outer_test_sampled_unlabeled,188,26,0
double_cold,4,outer_test_sampled_unlabeled,389,16,0
double_cold,4,outer_test_sampled_unlabeled,411,165,0
double_cold,4,outer_test_sampled_unlabeled,492,108,0
double_cold,4,outer_test_sampled_unlabeled,195,141,0
double_cold,4,outer_test_sampled_unlabeled,516,56,0
double_cold,4,outer_test_sampled_unlabeled,241,126,0
double_cold,4,outer_test_sampled_unlabeled,228,165,0
double_cold,4,outer_test_sampled_unlabeled,102,205,0
double_cold,4,outer_test_sampled_unlabeled,192,108,0
double_cold,4,outer_test_sampled_unlabeled,337,108,0
double_cold,4,outer_test_sampled_unlabeled,358,140,0
double_cold,4,outer_test_sampled_unlabeled,498,25,0
double_cold,4,outer_test_sampled_unlabeled,335,165,0
double_cold,4,outer_test_sampled_unlabeled,500,89,0
double_cold,4,outer_test_sampled_unlabeled,54,30,0
double_cold,4,outer_test_sampled_unlabeled,292,78,0
double_cold,4,outer_test_sampled_unlabeled,150,3,0
double_cold,4,outer_test_sampled_unlabeled,132,205,0
double_cold,4,outer_test_sampled_unlabeled,533,140,0
double_cold,4,outer_test_sampled_unlabeled,292,208,0
double_cold,4,outer_test_sampled_unlabeled,102,56,0
double_cold,4,outer_test_sampled_unlabeled,54,16,0
double_cold,4,outer_test_sampled_unlabeled,114,30,0
double_cold,4,outer_test_sampled_unlabeled,502,26,0
double_cold,4,outer_test_sampled_unlabeled,335,7,0
double_cold,4,outer_test_sampled_unlabeled,498,150,0
double_cold,4,outer_test_sampled_unlabeled,304,56,0
double_cold,4,outer_test_sampled_unlabeled,144,165,0
double_cold,4,outer_test_sampled_unlabeled,533,126,0
double_cold,4,outer_test_sampled_unlabeled,520,25,0
double_cold,4,outer_test_sampled_unlabeled,251,166,0
double_cold,4,outer_test_sampled_unlabeled,12,140,0
double_cold,4,outer_test_sampled_unlabeled,469,208,0
double_cold,4,outer_test_sampled_unlabeled,521,26,0
double_cold,4,outer_test_sampled_unlabeled,502,3,0
double_cold,4,outer_test_sampled_unlabeled,268,74,0
double_cold,4,outer_test_sampled_unlabeled,528,150,0
double_cold,4,outer_test_sampled_unlabeled,103,25,0
double_cold,4,outer_test_sampled_unlabeled,411,141,0
double_cold,4,outer_test_sampled_unlabeled,206,126,0
double_cold,4,outer_test_sampled_unlabeled,122,141,0
double_cold,4,outer_test_sampled_unlabeled,129,46,0
double_cold,4,outer_test_sampled_unlabeled,144,16,0
double_cold,4,outer_test_sampled_unlabeled,230,205,0
double_cold,4,outer_test_sampled_unlabeled,144,25,0
double_cold,4,outer_test_sampled_unlabeled,487,108,0
double_cold,4,outer_test_sampled_unlabeled,251,8,0
double_cold,4,outer_test_sampled_unlabeled,335,150,0
double_cold,4,outer_test_sampled_unlabeled,264,108,0
double_cold,4,outer_test_sampled_unlabeled,129,140,0
double_cold,4,outer_test_sampled_unlabeled,268,78,0
double_cold,4,outer_test_sampled_unlabeled,141,141,0
double_cold,4,outer_test_sampled_unlabeled,358,8,0
double_cold,4,outer_test_sampled_unlabeled,101,166,0
double_cold,4,outer_test_sampled_unlabeled,498,140,0
double_cold,4,outer_test_sampled_unlabeled,102,140,0
double_cold,4,outer_test_sampled_unlabeled,292,166,0
double_cold,4,outer_test_sampled_unlabeled,233,89,0
double_cold,4,outer_test_sampled_unlabeled,530,74,0
double_cold,4,outer_test_sampled_unlabeled,173,56,0
double_cold,4,outer_test_sampled_unlabeled,316,141,0
double_cold,4,outer_test_sampled_unlabeled,362,108,0
double_cold,4,outer_test_sampled_unlabeled,230,56,0
double_cold,4,outer_test_sampled_unlabeled,242,30,0
double_cold,4,outer_test_sampled_unlabeled,249,78,0
double_cold,4,outer_test_sampled_unlabeled,101,26,0
double_cold,4,outer_test_sampled_unlabeled,436,7,0
double_cold,4,outer_test_sampled_unlabeled,303,44,0
double_cold,4,outer_test_sampled_unlabeled,136,16,0
double_cold,4,outer_test_sampled_unlabeled,581,165,0
double_cold,4,outer_test_sampled_unlabeled,136,25,0
double_cold,4,outer_test_sampled_unlabeled,230,78,0
double_cold,4,outer_test_sampled_unlabeled,141,140,0
double_cold,4,outer_test_sampled_unlabeled,483,78,0
double_cold,4,outer_test_sampled_unlabeled,211,46,0
double_cold,4,outer_test_sampled_unlabeled,127,74,0
double_cold,4,outer_test_sampled_unlabeled,591,205,0
double_cold,4,outer_test_sampled_unlabeled,292,165,0
double_cold,4,outer_test_sampled_unlabeled,56,126,0
double_cold,4,outer_test_sampled_unlabeled,303,3,0
double_cold,4,outer_test_sampled_unlabeled,295,8,0
double_cold,4,outer_test_sampled_unlabeled,492,46,0
double_cold,4,outer_test_sampled_unlabeled,29,56,0
double_cold,4,outer_test_sampled_unlabeled,292,30,0
double_cold,4,outer_test_sampled_unlabeled,119,205,0
double_cold,4,outer_test_sampled_unlabeled,264,205,0
double_cold,4,outer_test_sampled_unlabeled,114,108,0
double_cold,4,outer_test_sampled_unlabeled,581,16,0
double_cold,4,outer_test_sampled_unlabeled,507,30,0
double_cold,4,outer_test_sampled_unlabeled,114,126,0
double_cold,4,outer_test_sampled_unlabeled,242,141,0
double_cold,4,outer_test_sampled_unlabeled,457,56,0
double_cold,4,outer_test_sampled_unlabeled,303,25,0
double_cold,4,outer_test_sampled_unlabeled,215,150,0
double_cold,4,outer_test_sampled_unlabeled,188,44,0
double_cold,4,outer_test_sampled_unlabeled,289,108,0
double_cold,4,outer_test_sampled_unlabeled,168,56,0
double_cold,4,outer_test_sampled_unlabeled,54,89,0
double_cold,4,outer_test_sampled_unlabeled,129,3,0
double_cold,4,outer_test_sampled_unlabeled,571,208,0
double_cold,4,outer_test_sampled_unlabeled,500,166,0
double_cold,4,outer_test_sampled_unlabeled,69,208,0
double_cold,4,outer_test_sampled_unlabeled,406,140,0
double_cold,4,outer_test_sampled_unlabeled,571,46,0
double_cold,4,outer_test_sampled_unlabeled,264,56,0
double_cold,4,outer_test_sampled_unlabeled,268,26,0
double_cold,4,outer_test_sampled_unlabeled,268,44,0
double_cold,4,outer_test_sampled_unlabeled,187,56,0
double_cold,4,outer_test_sampled_unlabeled,206,78,0
double_cold,4,outer_test_sampled_unlabeled,293,46,0
double_cold,4,outer_test_sampled_unlabeled,501,108,0
double_cold,4,outer_test_sampled_unlabeled,477,150,0
double_cold,4,outer_test_sampled_unlabeled,580,108,0
double_cold,4,outer_test_sampled_unlabeled,613,141,0
double_cold,4,outer_test_sampled_unlabeled,547,205,0
double_cold,4,outer_test_sampled_unlabeled,439,25,0
double_cold,4,outer_test_sampled_unlabeled,192,166,0
double_cold,4,outer_test_sampled_unlabeled,613,150,0
double_cold,4,outer_test_sampled_unlabeled,466,140,0
double_cold,4,outer_test_sampled_unlabeled,507,150,0
double_cold,4,outer_test_sampled_unlabeled,502,44,0
double_cold,4,outer_test_sampled_unlabeled,436,108,0
double_cold,4,outer_test_sampled_unlabeled,591,140,0
double_cold,4,outer_test_sampled_unlabeled,178,78,0
double_cold,4,outer_test_sampled_unlabeled,130,56,0
double_cold,4,outer_test_sampled_unlabeled,141,205,0
double_cold,4,outer_test_sampled_unlabeled,497,78,0
double_cold,4,outer_test_sampled_unlabeled,530,26,0
double_cold,4,outer_test_sampled_unlabeled,528,56,0
double_cold,4,outer_test_sampled_unlabeled,129,78,0
double_cold,4,outer_test_sampled_unlabeled,500,3,0
double_cold,4,outer_test_sampled_unlabeled,249,3,0
double_cold,4,outer_test_sampled_unlabeled,230,8,0
double_cold,4,outer_test_sampled_unlabeled,431,150,0
double_cold,4,outer_test_sampled_unlabeled,228,56,0
double_cold,4,outer_test_sampled_unlabeled,571,166,0
double_cold,4,outer_test_sampled_unlabeled,54,56,0
double_cold,4,outer_test_sampled_unlabeled,248,150,0
double_cold,4,outer_test_sampled_unlabeled,501,89,0
double_cold,4,outer_test_sampled_unlabeled,389,46,0
double_cold,4,outer_test_sampled_unlabeled,69,166,0
double_cold,4,outer_test_sampled_unlabeled,521,165,0
double_cold,4,outer_test_sampled_unlabeled,530,3,0
double_cold,4,outer_test_sampled_unlabeled,439,141,0
double_cold,4,outer_test_sampled_unlabeled,134,30,0
double_cold,4,outer_test_sampled_unlabeled,188,150,0
double_cold,4,outer_test_sampled_unlabeled,534,140,0
double_cold,4,outer_test_sampled_unlabeled,528,78,0
double_cold,4,outer_test_sampled_unlabeled,132,78,0
double_cold,4,outer_test_sampled_unlabeled,251,44,0
double_cold,4,outer_test_sampled_unlabeled,264,126,0
double_cold,4,outer_test_sampled_unlabeled,577,208,0
double_cold,4,outer_test_sampled_unlabeled,232,30,0
double_cold,4,outer_test_sampled_unlabeled,130,46,0
double_cold,4,outer_test_sampled_unlabeled,195,166,0
double_cold,4,outer_test_sampled_unlabeled,534,108,0
double_cold,4,outer_test_sampled_unlabeled,528,46,0
double_cold,4,outer_test_sampled_unlabeled,534,126,0
double_cold,4,outer_test_sampled_unlabeled,596,208,0
double_cold,4,outer_test_sampled_unlabeled,43,126,0
double_cold,4,outer_test_sampled_unlabeled,521,25,0
double_cold,4,outer_test_sampled_unlabeled,569,74,0
double_cold,4,outer_test_sampled_unlabeled,168,166,0
double_cold,4,outer_test_sampled_unlabeled,596,46,0
double_cold,4,outer_test_sampled_unlabeled,533,8,0
double_cold,4,outer_test_sampled_unlabeled,334,46,0
double_cold,4,outer_test_sampled_unlabeled,613,126,0
double_cold,4,outer_test_sampled_unlabeled,483,16,0
double_cold,4,outer_test_sampled_unlabeled,293,44,0
double_cold,4,outer_test_sampled_unlabeled,547,46,0
double_cold,4,outer_test_sampled_unlabeled,571,165,0
double_cold,4,outer_test_sampled_unlabeled,69,165,0
double_cold,4,outer_test_sampled_unlabeled,551,25,0
double_cold,4,outer_test_sampled_unlabeled,54,140,0
double_cold,4,outer_test_sampled_unlabeled,500,208,0
double_cold,4,outer_test_sampled_unlabeled,188,140,0
double_cold,4,outer_test_sampled_unlabeled,431,108,0
double_cold,4,outer_test_sampled_unlabeled,293,165,0
double_cold,4,outer_test_sampled_unlabeled,69,30,0
double_cold,4,outer_test_sampled_unlabeled,335,140,0
double_cold,4,outer_test_sampled_unlabeled,242,205,0
double_cold,4,outer_test_sampled_unlabeled,211,208,0
double_cold,4,outer_test_sampled_unlabeled,448,44,0
double_cold,4,outer_test_sampled_unlabeled,12,8,0
double_cold,4,outer_test_sampled_unlabeled,293,30,0
double_cold,4,outer_test_sampled_unlabeled,134,141,0
double_cold,4,outer_test_sampled_unlabeled,226,126,0
double_cold,4,outer_test_sampled_unlabeled,627,141,0
double_cold,4,outer_test_sampled_unlabeled,545,89,0
double_cold,4,outer_test_sampled_unlabeled,580,56,0
double_cold,4,outer_test_sampled_unlabeled,188,108,0
double_cold,4,outer_test_sampled_unlabeled,173,208,0
double_cold,4,outer_test_sampled_unlabeled,102,166,0
double_cold,4,outer_test_sampled_unlabeled,554,165,0
double_cold,4,outer_test_sampled_unlabeled,483,150,0
double_cold,4,outer_test_sampled_unlabeled,577,166,0
double_cold,4,outer_test_sampled_unlabeled,516,165,0
double_cold,4,outer_test_sampled_unlabeled,436,56,0
double_cold,4,outer_test_sampled_unlabeled,132,166,0
double_cold,4,outer_test_sampled_unlabeled,516,30,0
double_cold,4,outer_test_sampled_unlabeled,136,56,0
double_cold,4,outer_test_sampled_unlabeled,439,103,0
double_cold,4,outer_test_sampled_unlabeled,129,44,0
double_cold,4,outer_test_sampled_unlabeled,431,89,0
double_cold,4,outer_test_sampled_unlabeled,466,56,0
double_cold,4,outer_test_sampled_unlabeled,178,165,0
double_cold,4,outer_test_sampled_unlabeled,195,7,0
double_cold,4,outer_test_sampled_unlabeled,547,166,0
double_cold,4,outer_test_sampled_unlabeled,554,25,0
double_cold,4,outer_test_sampled_unlabeled,56,166,0
double_cold,4,outer_test_sampled_unlabeled,91,44,0
double_cold,4,outer_test_sampled_unlabeled,178,30,0
double_cold,4,outer_test_sampled_unlabeled,151,165,0
double_cold,4,outer_test_sampled_unlabeled,406,46,0
double_cold,4,outer_test_sampled_unlabeled,399,7,0
double_cold,4,outer_test_sampled_unlabeled,69,150,0
double_cold,4,outer_test_sampled_unlabeled,399,25,0
double_cold,4,outer_test_sampled_unlabeled,502,108,0
double_cold,4,outer_test_sampled_unlabeled,151,30,0
double_cold,4,outer_test_sampled_unlabeled,502,126,0
double_cold,4,outer_test_sampled_unlabeled,264,74,0
double_cold,4,outer_test_sampled_unlabeled,334,26,0
double_cold,4,outer_test_sampled_unlabeled,102,30,0
double_cold,4,outer_test_sampled_unlabeled,228,26,0
double_cold,4,outer_test_sampled_unlabeled,37,166,0
double_cold,4,outer_test_sampled_unlabeled,178,16,0
double_cold,4,outer_test_sampled_unlabeled,178,25,0
double_cold,4,outer_test_sampled_unlabeled,627,126,0
double_cold,4,outer_test_sampled_unlabeled,335,8,0
double_cold,4,outer_test_sampled_unlabeled,545,74,0
double_cold,4,outer_test_sampled_unlabeled,129,16,0
double_cold,4,outer_test_sampled_unlabeled,45,44,0
double_cold,4,outer_test_sampled_unlabeled,151,25,0
double_cold,4,outer_test_sampled_unlabeled,129,25,0
double_cold,4,outer_test_sampled_unlabeled,448,150,0
double_cold,5,inner_train_positive,0,89,1
double_cold,5,inner_train_positive,0,48,1
double_cold,5,inner_train_positive,0,67,1
double_cold,5,inner_train_positive,0,41,1
double_cold,5,inner_train_positive,0,204,1
double_cold,5,inner_train_positive,0,103,1
double_cold,5,inner_train_positive,0,73,1
double_cold,5,inner_train_positive,0,123,1
double_cold,5,inner_train_positive,0,146,1
double_cold,5,inner_train_positive,0,3,1
double_cold,5,inner_train_positive,0,17,1
double_cold,5,inner_train_positive,0,7,1
double_cold,5,inner_train_positive,0,84,1
double_cold,5,inner_train_positive,0,161,1
double_cold,5,inner_train_positive,3,103,1
double_cold,5,inner_train_positive,3,123,1
double_cold,5,inner_train_positive,3,41,1
double_cold,5,inner_train_positive,3,67,1
double_cold,5,inner_train_positive,3,101,1
double_cold,5,inner_train_positive,3,148,1
double_cold,5,inner_train_positive,6,123,1
double_cold,5,inner_train_positive,6,67,1
double_cold,5,inner_train_positive,6,103,1
double_cold,5,inner_train_positive,6,101,1
double_cold,5,inner_train_positive,6,148,1
double_cold,5,inner_train_positive,6,204,1
double_cold,5,inner_train_positive,6,3,1
double_cold,5,inner_train_positive,7,123,1
double_cold,5,inner_train_positive,7,103,1
double_cold,5,inner_train_positive,7,148,1
double_cold,5,inner_train_positive,7,67,1
double_cold,5,inner_train_positive,7,41,1
double_cold,5,inner_train_positive,7,85,1
double_cold,5,inner_train_positive,7,84,1
double_cold,5,inner_train_positive,7,204,1
double_cold,5,inner_train_positive,8,89,1
double_cold,5,inner_train_positive,8,41,1
double_cold,5,inner_train_positive,8,102,1
double_cold,5,inner_train_positive,8,67,1
double_cold,5,inner_train_positive,8,204,1
double_cold,5,inner_train_positive,8,103,1
double_cold,5,inner_train_positive,8,22,1
double_cold,5,inner_train_positive,8,84,1
double_cold,5,inner_train_positive,8,57,1
double_cold,5,inner_train_positive,8,134,1
double_cold,5,inner_train_positive,8,177,1
double_cold,5,inner_train_positive,8,148,1
double_cold,5,inner_train_positive,8,86,1
double_cold,5,inner_train_positive,8,74,1
double_cold,5,inner_train_positive,8,150,1
double_cold,5,inner_train_positive,10,209,1
double_cold,5,inner_train_positive,10,3,1
double_cold,5,inner_train_positive,10,103,1
double_cold,5,inner_train_positive,10,89,1
double_cold,5,inner_train_positive,10,7,1
double_cold,5,inner_train_positive,10,67,1
double_cold,5,inner_train_positive,10,114,1
double_cold,5,inner_train_positive,10,17,1
double_cold,5,inner_train_positive,10,123,1
double_cold,5,inner_train_positive,10,177,1
double_cold,5,inner_train_positive,10,74,1
double_cold,5,inner_train_positive,10,41,1
double_cold,5,inner_train_positive,10,179,1
double_cold,5,inner_train_positive,10,22,1
double_cold,5,inner_train_positive,10,204,1
double_cold,5,inner_train_positive,10,84,1
double_cold,5,inner_train_positive,11,89,1
double_cold,5,inner_train_positive,11,123,1
double_cold,5,inner_train_positive,11,7,1
double_cold,5,inner_train_positive,11,186,1
double_cold,5,inner_train_positive,11,103,1
double_cold,5,inner_train_positive,11,151,1
double_cold,5,inner_train_positive,11,204,1
double_cold,5,inner_train_positive,11,41,1
double_cold,5,inner_train_positive,11,43,1
double_cold,5,inner_train_positive,11,84,1
double_cold,5,inner_train_positive,11,67,1
double_cold,5,inner_train_positive,11,74,1
double_cold,5,inner_train_positive,11,16,1
double_cold,5,inner_train_positive,11,81,1
double_cold,5,inner_train_positive,12,209,1
double_cold,5,inner_train_positive,12,123,1
double_cold,5,inner_train_positive,12,3,1
double_cold,5,inner_train_positive,12,74,1
double_cold,5,inner_train_positive,12,103,1
double_cold,5,inner_train_positive,12,148,1
double_cold,5,inner_train_positive,12,7,1
double_cold,5,inner_train_positive,12,84,1
double_cold,5,inner_train_positive,12,67,1
double_cold,5,inner_train_positive,16,89,1
double_cold,5,inner_train_positive,16,103,1
double_cold,5,inner_train_positive,16,41,1
double_cold,5,inner_train_positive,16,123,1
double_cold,5,inner_train_positive,16,102,1
double_cold,5,inner_train_positive,16,67,1
double_cold,5,inner_train_positive,16,150,1
double_cold,5,inner_train_positive,16,74,1
double_cold,5,inner_train_positive,16,84,1
double_cold,5,inner_train_positive,16,7,1
double_cold,5,inner_train_positive,16,204,1
double_cold,5,inner_train_positive,17,89,1
double_cold,5,inner_train_positive,17,103,1
double_cold,5,inner_train_positive,17,7,1
double_cold,5,inner_train_positive,17,102,1
double_cold,5,inner_train_positive,17,67,1
double_cold,5,inner_train_positive,17,204,1
double_cold,5,inner_train_positive,17,84,1
double_cold,5,inner_train_positive,17,124,1
double_cold,5,inner_train_positive,17,123,1
double_cold,5,inner_train_positive,17,74,1
double_cold,5,inner_train_positive,17,179,1
double_cold,5,inner_train_positive,17,101,1
double_cold,5,inner_train_positive,17,148,1
double_cold,5,inner_train_positive,17,150,1
double_cold,5,inner_train_positive,17,177,1
double_cold,5,inner_train_positive,18,204,1
double_cold,5,inner_train_positive,18,101,1
double_cold,5,inner_train_positive,18,148,1
double_cold,5,inner_train_positive,19,204,1
double_cold,5,inner_train_positive,22,103,1
double_cold,5,inner_train_positive,22,204,1
double_cold,5,inner_train_positive,22,101,1
double_cold,5,inner_train_positive,22,148,1
double_cold,5,inner_train_positive,22,3,1
double_cold,5,inner_train_positive,23,103,1
double_cold,5,inner_train_positive,23,204,1
double_cold,5,inner_train_positive,23,101,1
double_cold,5,inner_train_positive,23,148,1
double_cold,5,inner_train_positive,25,67,1
double_cold,5,inner_train_positive,26,67,1
double_cold,5,inner_train_positive,26,204,1
double_cold,5,inner_train_positive,26,41,1
double_cold,5,inner_train_positive,29,3,1
double_cold,5,inner_train_positive,30,204,1
double_cold,5,inner_train_positive,31,89,1
double_cold,5,inner_train_positive,31,74,1
double_cold,5,inner_train_positive,31,103,1
double_cold,5,inner_train_positive,31,177,1
double_cold,5,inner_train_positive,31,17,1
double_cold,5,inner_train_positive,31,7,1
double_cold,5,inner_train_positive,31,204,1
double_cold,5,inner_train_positive,31,84,1
double_cold,5,inner_train_positive,31,67,1
double_cold,5,inner_train_positive,31,134,1
double_cold,5,inner_train_positive,31,86,1
double_cold,5,inner_train_positive,35,7,1
double_cold,5,inner_train_positive,35,41,1
double_cold,5,inner_train_positive,35,84,1
double_cold,5,inner_train_positive,35,140,1
double_cold,5,inner_train_positive,35,123,1
double_cold,5,inner_train_positive,35,134,1
double_cold,5,inner_train_positive,35,103,1
double_cold,5,inner_train_positive,37,209,1
double_cold,5,inner_train_positive,37,204,1
double_cold,5,inner_train_positive,37,89,1
double_cold,5,inner_train_positive,37,123,1
double_cold,5,inner_train_positive,37,134,1
double_cold,5,inner_train_positive,38,204,1
double_cold,5,inner_train_positive,38,177,1
double_cold,5,inner_train_positive,38,89,1
double_cold,5,inner_train_positive,38,34,1
double_cold,5,inner_train_positive,38,7,1
double_cold,5,inner_train_positive,38,103,1
double_cold,5,inner_train_positive,38,3,1
double_cold,5,inner_train_positive,39,89,1
double_cold,5,inner_train_positive,39,186,1
double_cold,5,inner_train_positive,39,7,1
double_cold,5,inner_train_positive,39,103,1
double_cold,5,inner_train_positive,39,84,1
double_cold,5,inner_train_positive,39,34,1
double_cold,5,inner_train_positive,39,85,1
double_cold,5,inner_train_positive,39,90,1
double_cold,5,inner_train_positive,39,74,1
double_cold,5,inner_train_positive,39,3,1
double_cold,5,inner_train_positive,40,89,1
double_cold,5,inner_train_positive,41,103,1
double_cold,5,inner_train_positive,41,134,1
double_cold,5,inner_train_positive,41,123,1
double_cold,5,inner_train_positive,43,103,1
double_cold,5,inner_train_positive,43,204,1
double_cold,5,inner_train_positive,43,67,1
double_cold,5,inner_train_positive,43,89,1
double_cold,5,inner_train_positive,43,177,1
double_cold,5,inner_train_positive,43,7,1
double_cold,5,inner_train_positive,43,17,1
double_cold,5,inner_train_positive,43,22,1
double_cold,5,inner_train_positive,43,3,1
double_cold,5,inner_train_positive,43,74,1
double_cold,5,inner_train_positive,43,73,1
double_cold,5,inner_train_positive,43,150,1
double_cold,5,inner_train_positive,43,146,1
double_cold,5,inner_train_positive,43,148,1
double_cold,5,inner_train_positive,43,101,1
double_cold,5,inner_train_positive,43,85,1
double_cold,5,inner_train_positive,44,204,1
double_cold,5,inner_train_positive,44,177,1
double_cold,5,inner_train_positive,44,94,1
double_cold,5,inner_train_positive,44,103,1
double_cold,5,inner_train_positive,44,84,1
double_cold,5,inner_train_positive,45,123,1
double_cold,5,inner_train_positive,45,7,1
double_cold,5,inner_train_positive,45,3,1
double_cold,5,inner_train_positive,46,94,1
double_cold,5,inner_train_positive,46,67,1
double_cold,5,inner_train_positive,46,204,1
double_cold,5,inner_train_positive,49,89,1
double_cold,5,inner_train_positive,49,101,1
double_cold,5,inner_train_positive,49,148,1
double_cold,5,inner_train_positive,49,67,1
double_cold,5,inner_train_positive,51,89,1
double_cold,5,inner_train_positive,51,34,1
double_cold,5,inner_train_positive,51,177,1
double_cold,5,inner_train_positive,53,204,1
double_cold,5,inner_train_positive,53,103,1
double_cold,5,inner_train_positive,53,41,1
double_cold,5,inner_train_positive,54,124,1
double_cold,5,inner_train_positive,54,3,1
double_cold,5,inner_train_positive,54,123,1
double_cold,5,inner_train_positive,54,94,1
double_cold,5,inner_train_positive,54,7,1
double_cold,5,inner_train_positive,54,204,1
double_cold,5,inner_train_positive,54,103,1
double_cold,5,inner_train_positive,56,89,1
double_cold,5,inner_train_positive,56,67,1
double_cold,5,inner_train_positive,56,44,1
double_cold,5,inner_train_positive,56,177,1
double_cold,5,inner_train_positive,56,103,1
double_cold,5,inner_train_positive,56,123,1
double_cold,5,inner_train_positive,56,7,1
double_cold,5,inner_train_positive,56,102,1
double_cold,5,inner_train_positive,56,165,1
double_cold,5,inner_train_positive,56,17,1
double_cold,5,inner_train_positive,56,43,1
double_cold,5,inner_train_positive,56,204,1
double_cold,5,inner_train_positive,56,84,1
double_cold,5,inner_train_positive,56,3,1
double_cold,5,inner_train_positive,56,148,1
double_cold,5,inner_train_positive,56,74,1
double_cold,5,inner_train_positive,56,196,1
double_cold,5,inner_train_positive,56,86,1
double_cold,5,inner_train_positive,56,94,1
double_cold,5,inner_train_positive,56,101,1
double_cold,5,inner_train_positive,56,41,1
double_cold,5,inner_train_positive,57,67,1
double_cold,5,inner_train_positive,57,103,1
double_cold,5,inner_train_positive,57,89,1
double_cold,5,inner_train_positive,57,44,1
double_cold,5,inner_train_positive,57,177,1
double_cold,5,inner_train_positive,57,205,1
double_cold,5,inner_train_positive,57,3,1
double_cold,5,inner_train_positive,57,123,1
double_cold,5,inner_train_positive,57,102,1
double_cold,5,inner_train_positive,57,204,1
double_cold,5,inner_train_positive,57,84,1
double_cold,5,inner_train_positive,57,59,1
double_cold,5,inner_train_positive,57,74,1
double_cold,5,inner_train_positive,57,179,1
double_cold,5,inner_train_positive,57,7,1
double_cold,5,inner_train_positive,57,148,1
double_cold,5,inner_train_positive,57,162,1
double_cold,5,inner_train_positive,57,152,1
double_cold,5,inner_train_positive,57,158,1
double_cold,5,inner_train_positive,57,167,1
double_cold,5,inner_train_positive,57,101,1
double_cold,5,inner_train_positive,57,150,1
double_cold,5,inner_train_positive,58,7,1
double_cold,5,inner_train_positive,58,74,1
double_cold,5,inner_train_positive,58,103,1
double_cold,5,inner_train_positive,58,134,1
double_cold,5,inner_train_positive,58,123,1
double_cold,5,inner_train_positive,58,179,1
double_cold,5,inner_train_positive,58,67,1
double_cold,5,inner_train_positive,58,150,1
double_cold,5,inner_train_positive,58,89,1
double_cold,5,inner_train_positive,58,177,1
double_cold,5,inner_train_positive,60,84,1
double_cold,5,inner_train_positive,63,204,1
double_cold,5,inner_train_positive,63,67,1
double_cold,5,inner_train_positive,63,7,1
double_cold,5,inner_train_positive,63,41,1
double_cold,5,inner_train_positive,63,103,1
double_cold,5,inner_train_positive,63,3,1
double_cold,5,inner_train_positive,63,150,1
double_cold,5,inner_train_positive,63,101,1
double_cold,5,inner_train_positive,63,148,1
double_cold,5,inner_train_positive,63,89,1
double_cold,5,inner_train_positive,63,177,1
double_cold,5,inner_train_positive,64,89,1
double_cold,5,inner_train_positive,64,148,1
double_cold,5,inner_train_positive,64,41,1
double_cold,5,inner_train_positive,64,94,1
double_cold,5,inner_train_positive,64,103,1
double_cold,5,inner_train_positive,67,89,1
double_cold,5,inner_train_positive,67,103,1
double_cold,5,inner_train_positive,67,204,1
double_cold,5,inner_train_positive,67,67,1
double_cold,5,inner_train_positive,67,84,1
double_cold,5,inner_train_positive,67,148,1
double_cold,5,inner_train_positive,67,197,1
double_cold,5,inner_train_positive,67,134,1
double_cold,5,inner_train_positive,67,144,1
double_cold,5,inner_train_positive,69,103,1
double_cold,5,inner_train_positive,70,134,1
double_cold,5,inner_train_positive,72,101,1
double_cold,5,inner_train_positive,72,148,1
double_cold,5,inner_train_positive,72,103,1
double_cold,5,inner_train_positive,73,101,1
double_cold,5,inner_train_positive,73,148,1
double_cold,5,inner_train_positive,74,67,1
double_cold,5,inner_train_positive,74,89,1
double_cold,5,inner_train_positive,74,14,1
double_cold,5,inner_train_positive,74,29,1
double_cold,5,inner_train_positive,74,123,1
double_cold,5,inner_train_positive,74,41,1
double_cold,5,inner_train_positive,74,204,1
double_cold,5,inner_train_positive,74,103,1
double_cold,5,inner_train_positive,74,146,1
double_cold,5,inner_train_positive,74,7,1
double_cold,5,inner_train_positive,74,179,1
double_cold,5,inner_train_positive,74,74,1
double_cold,5,inner_train_positive,74,84,1
double_cold,5,inner_train_positive,79,204,1
double_cold,5,inner_train_positive,79,7,1
double_cold,5,inner_train_positive,79,41,1
double_cold,5,inner_train_positive,79,67,1
double_cold,5,inner_train_positive,81,204,1
double_cold,5,inner_train_positive,81,67,1
double_cold,5,inner_train_positive,81,146,1
double_cold,5,inner_train_positive,81,22,1
double_cold,5,inner_train_positive,81,148,1
double_cold,5,inner_train_positive,81,84,1
double_cold,5,inner_train_positive,81,61,1
double_cold,5,inner_train_positive,83,101,1
double_cold,5,inner_train_positive,83,148,1
double_cold,5,inner_train_positive,88,3,1
double_cold,5,inner_train_positive,88,67,1
double_cold,5,inner_train_positive,88,103,1
double_cold,5,inner_train_positive,90,3,1
double_cold,5,inner_train_positive,90,103,1
double_cold,5,inner_train_positive,90,177,1
double_cold,5,inner_train_positive,90,89,1
double_cold,5,inner_train_positive,90,7,1
double_cold,5,inner_train_positive,90,67,1
double_cold,5,inner_train_positive,90,34,1
double_cold,5,inner_train_positive,90,17,1
double_cold,5,inner_train_positive,90,16,1
double_cold,5,inner_train_positive,90,204,1
double_cold,5,inner_train_positive,90,112,1
double_cold,5,inner_train_positive,90,42,1
double_cold,5,inner_train_positive,90,148,1
double_cold,5,inner_train_positive,90,74,1
double_cold,5,inner_train_positive,90,161,1
double_cold,5,inner_train_positive,85,89,1
double_cold,5,inner_train_positive,85,67,1
double_cold,5,inner_train_positive,85,74,1
double_cold,5,inner_train_positive,85,146,1
double_cold,5,inner_train_positive,85,7,1
double_cold,5,inner_train_positive,87,89,1
double_cold,5,inner_train_positive,87,204,1
double_cold,5,inner_train_positive,87,146,1
double_cold,5,inner_train_positive,87,41,1
double_cold,5,inner_train_positive,87,103,1
double_cold,5,inner_train_positive,87,101,1
double_cold,5,inner_train_positive,87,148,1
double_cold,5,inner_train_positive,89,103,1
double_cold,5,inner_train_positive,89,32,1
double_cold,5,inner_train_positive,91,67,1
double_cold,5,inner_train_positive,91,103,1
double_cold,5,inner_train_positive,91,7,1
double_cold,5,inner_train_positive,91,123,1
double_cold,5,inner_train_positive,91,134,1
double_cold,5,inner_train_positive,95,204,1
double_cold,5,inner_train_positive,95,146,1
double_cold,5,inner_train_positive,95,41,1
double_cold,5,inner_train_positive,95,103,1
double_cold,5,inner_train_positive,95,148,1
double_cold,5,inner_train_positive,95,7,1
double_cold,5,inner_train_positive,95,101,1
double_cold,5,inner_train_positive,95,73,1
double_cold,5,inner_train_positive,96,101,1
double_cold,5,inner_train_positive,96,148,1
double_cold,5,inner_train_positive,98,94,1
double_cold,5,inner_train_positive,99,204,1
double_cold,5,inner_train_positive,99,103,1
double_cold,5,inner_train_positive,100,7,1
double_cold,5,inner_train_positive,100,123,1
double_cold,5,inner_train_positive,100,103,1
double_cold,5,inner_train_positive,100,67,1
double_cold,5,inner_train_positive,100,48,1
double_cold,5,inner_train_positive,100,86,1
double_cold,5,inner_train_positive,100,85,1
double_cold,5,inner_train_positive,101,89,1
double_cold,5,inner_train_positive,101,67,1
double_cold,5,inner_train_positive,101,74,1
double_cold,5,inner_train_positive,101,3,1
double_cold,5,inner_train_positive,101,103,1
double_cold,5,inner_train_positive,101,204,1
double_cold,5,inner_train_positive,101,84,1
double_cold,5,inner_train_positive,101,7,1
double_cold,5,inner_train_positive,101,124,1
double_cold,5,inner_train_positive,101,41,1
double_cold,5,inner_train_positive,101,148,1
double_cold,5,inner_train_positive,101,101,1
double_cold,5,inner_train_positive,101,176,1
double_cold,5,inner_train_positive,101,81,1
double_cold,5,inner_train_positive,101,73,1
double_cold,5,inner_train_positive,101,17,1
double_cold,5,inner_train_positive,101,177,1
double_cold,5,inner_train_positive,102,67,1
double_cold,5,inner_train_positive,102,74,1
double_cold,5,inner_train_positive,102,103,1
double_cold,5,inner_train_positive,102,7,1
double_cold,5,inner_train_positive,102,41,1
double_cold,5,inner_train_positive,102,22,1
double_cold,5,inner_train_positive,102,123,1
double_cold,5,inner_train_positive,102,89,1
double_cold,5,inner_train_positive,102,101,1
double_cold,5,inner_train_positive,102,148,1
double_cold,5,inner_train_positive,102,94,1
double_cold,5,inner_train_positive,102,204,1
double_cold,5,inner_train_positive,102,43,1
double_cold,5,inner_train_positive,103,89,1
double_cold,5,inner_train_positive,103,103,1
double_cold,5,inner_train_positive,103,41,1
double_cold,5,inner_train_positive,103,205,1
double_cold,5,inner_train_positive,103,67,1
double_cold,5,inner_train_positive,103,7,1
double_cold,5,inner_train_positive,103,84,1
double_cold,5,inner_train_positive,103,146,1
double_cold,5,inner_train_positive,103,123,1
double_cold,5,inner_train_positive,103,101,1
double_cold,5,inner_train_positive,103,148,1
double_cold,5,inner_train_positive,103,74,1
double_cold,5,inner_train_positive,622,89,1
double_cold,5,inner_train_positive,622,103,1
double_cold,5,inner_train_positive,622,67,1
double_cold,5,inner_train_positive,622,94,1
double_cold,5,inner_train_positive,622,7,1
double_cold,5,inner_train_positive,622,86,1
double_cold,5,inner_train_positive,622,84,1
double_cold,5,inner_train_positive,622,150,1
double_cold,5,inner_train_positive,622,177,1
double_cold,5,inner_train_positive,108,89,1
double_cold,5,inner_train_positive,108,67,1
double_cold,5,inner_train_positive,108,84,1
double_cold,5,inner_train_positive,108,41,1
double_cold,5,inner_train_positive,108,103,1
double_cold,5,inner_train_positive,108,192,1
double_cold,5,inner_train_positive,108,7,1
double_cold,5,inner_train_positive,108,101,1
double_cold,5,inner_train_positive,108,148,1
double_cold,5,inner_train_positive,108,86,1
double_cold,5,inner_train_positive,108,144,1
double_cold,5,inner_train_positive,108,161,1
double_cold,5,inner_train_positive,111,74,1
double_cold,5,inner_train_positive,111,103,1
double_cold,5,inner_train_positive,111,67,1
double_cold,5,inner_train_positive,111,3,1
double_cold,5,inner_train_positive,114,94,1
double_cold,5,inner_train_positive,114,89,1
double_cold,5,inner_train_positive,114,85,1
double_cold,5,inner_train_positive,114,122,1
double_cold,5,inner_train_positive,114,67,1
double_cold,5,inner_train_positive,114,103,1
double_cold,5,inner_train_positive,114,41,1
double_cold,5,inner_train_positive,114,3,1
double_cold,5,inner_train_positive,114,7,1
double_cold,5,inner_train_positive,114,204,1
double_cold,5,inner_train_positive,114,177,1
double_cold,5,inner_train_positive,114,73,1
double_cold,5,inner_train_positive,114,148,1
double_cold,5,inner_train_positive,114,84,1
double_cold,5,inner_train_positive,114,61,1
double_cold,5,inner_train_positive,114,144,1
double_cold,5,inner_train_positive,114,150,1
double_cold,5,inner_train_positive,115,103,1
double_cold,5,inner_train_positive,115,74,1
double_cold,5,inner_train_positive,115,150,1
double_cold,5,inner_train_positive,115,73,1
double_cold,5,inner_train_positive,115,7,1
double_cold,5,inner_train_positive,115,84,1
double_cold,5,inner_train_positive,115,204,1
double_cold,5,inner_train_positive,117,89,1
double_cold,5,inner_train_positive,117,103,1
double_cold,5,inner_train_positive,117,177,1
double_cold,5,inner_train_positive,117,44,1
double_cold,5,inner_train_positive,117,205,1
double_cold,5,inner_train_positive,117,3,1
double_cold,5,inner_train_positive,117,123,1
double_cold,5,inner_train_positive,117,85,1
double_cold,5,inner_train_positive,117,7,1
double_cold,5,inner_train_positive,117,94,1
double_cold,5,inner_train_positive,117,122,1
double_cold,5,inner_train_positive,117,67,1
double_cold,5,inner_train_positive,117,204,1
double_cold,5,inner_train_positive,117,185,1
double_cold,5,inner_train_positive,117,90,1
double_cold,5,inner_train_positive,117,84,1
double_cold,5,inner_train_positive,117,16,1
double_cold,5,inner_train_positive,117,81,1
double_cold,5,inner_train_positive,118,22,1
double_cold,5,inner_train_positive,118,123,1
double_cold,5,inner_train_positive,118,103,1
double_cold,5,inner_train_positive,118,89,1
double_cold,5,inner_train_positive,118,74,1
double_cold,5,inner_train_positive,118,43,1
double_cold,5,inner_train_positive,118,7,1
double_cold,5,inner_train_positive,118,41,1
double_cold,5,inner_train_positive,119,67,1
double_cold,5,inner_train_positive,119,41,1
double_cold,5,inner_train_positive,119,103,1
double_cold,5,inner_train_positive,119,86,1
double_cold,5,inner_train_positive,119,84,1
double_cold,5,inner_train_positive,119,204,1
double_cold,5,inner_train_positive,119,7,1
double_cold,5,inner_train_positive,119,16,1
double_cold,5,inner_train_positive,119,81,1
double_cold,5,inner_train_positive,119,2,1
double_cold,5,inner_train_positive,119,197,1
double_cold,5,inner_train_positive,119,74,1
double_cold,5,inner_train_positive,120,7,1
double_cold,5,inner_train_positive,120,89,1
double_cold,5,inner_train_positive,120,69,1
double_cold,5,inner_train_positive,120,3,1
double_cold,5,inner_train_positive,120,204,1
double_cold,5,inner_train_positive,120,67,1
double_cold,5,inner_train_positive,120,84,1
double_cold,5,inner_train_positive,120,41,1
double_cold,5,inner_train_positive,120,103,1
double_cold,5,inner_train_positive,120,113,1
double_cold,5,inner_train_positive,120,123,1
double_cold,5,inner_train_positive,120,101,1
double_cold,5,inner_train_positive,120,148,1
double_cold,5,inner_train_positive,120,85,1
double_cold,5,inner_train_positive,120,17,1
double_cold,5,inner_train_positive,120,150,1
double_cold,5,inner_train_positive,120,177,1
double_cold,5,inner_train_positive,120,74,1
double_cold,5,inner_train_positive,121,102,1
double_cold,5,inner_train_positive,121,67,1
double_cold,5,inner_train_positive,121,41,1
double_cold,5,inner_train_positive,121,103,1
double_cold,5,inner_train_positive,121,94,1
double_cold,5,inner_train_positive,121,7,1
double_cold,5,inner_train_positive,121,89,1
double_cold,5,inner_train_positive,121,204,1
double_cold,5,inner_train_positive,122,89,1
double_cold,5,inner_train_positive,122,69,1
double_cold,5,inner_train_positive,122,103,1
double_cold,5,inner_train_positive,122,7,1
double_cold,5,inner_train_positive,122,176,1
double_cold,5,inner_train_positive,122,94,1
double_cold,5,inner_train_positive,122,148,1
double_cold,5,inner_train_positive,122,204,1
double_cold,5,inner_train_positive,122,67,1
double_cold,5,inner_train_positive,122,84,1
double_cold,5,inner_train_positive,122,3,1
double_cold,5,inner_train_positive,122,177,1
double_cold,5,inner_train_positive,122,25,1
double_cold,5,inner_train_positive,122,123,1
double_cold,5,inner_train_positive,122,101,1
double_cold,5,inner_train_positive,122,86,1
double_cold,5,inner_train_positive,122,134,1
double_cold,5,inner_train_positive,122,50,1
double_cold,5,inner_train_positive,122,74,1
double_cold,5,inner_train_positive,122,43,1
double_cold,5,inner_train_positive,122,81,1
double_cold,5,inner_train_positive,123,103,1
double_cold,5,inner_train_positive,123,7,1
double_cold,5,inner_train_positive,123,17,1
double_cold,5,inner_train_positive,123,148,1
double_cold,5,inner_train_positive,123,89,1
double_cold,5,inner_train_positive,123,67,1
double_cold,5,inner_train_positive,123,85,1
double_cold,5,inner_train_positive,123,84,1
double_cold,5,inner_train_positive,123,134,1
double_cold,5,inner_train_positive,123,108,1
double_cold,5,inner_train_positive,124,89,1
double_cold,5,inner_train_positive,124,103,1
double_cold,5,inner_train_positive,124,74,1
double_cold,5,inner_train_positive,124,67,1
double_cold,5,inner_train_positive,124,102,1
double_cold,5,inner_train_positive,124,48,1
double_cold,5,inner_train_positive,124,7,1
double_cold,5,inner_train_positive,124,90,1
double_cold,5,inner_train_positive,124,176,1
double_cold,5,inner_train_positive,124,177,1
double_cold,5,inner_train_positive,124,85,1
double_cold,5,inner_train_positive,124,84,1
double_cold,5,inner_train_positive,124,41,1
double_cold,5,inner_train_positive,124,3,1
double_cold,5,inner_train_positive,124,124,1
double_cold,5,inner_train_positive,124,123,1
double_cold,5,inner_train_positive,124,146,1
double_cold,5,inner_train_positive,124,22,1
double_cold,5,inner_train_positive,124,56,1
double_cold,5,inner_train_positive,124,134,1
double_cold,5,inner_train_positive,124,16,1
double_cold,5,inner_train_positive,124,148,1
double_cold,5,inner_train_positive,124,101,1
double_cold,5,inner_train_positive,124,161,1
double_cold,5,inner_train_positive,125,41,1
double_cold,5,inner_train_positive,126,89,1
double_cold,5,inner_train_positive,126,74,1
double_cold,5,inner_train_positive,126,67,1
double_cold,5,inner_train_positive,126,90,1
double_cold,5,inner_train_positive,126,103,1
double_cold,5,inner_train_positive,126,177,1
double_cold,5,inner_train_positive,126,176,1
double_cold,5,inner_train_positive,126,3,1
double_cold,5,inner_train_positive,126,41,1
double_cold,5,inner_train_positive,126,123,1
double_cold,5,inner_train_positive,126,81,1
double_cold,5,inner_train_positive,126,92,1
double_cold,5,inner_train_positive,126,134,1
double_cold,5,inner_train_positive,126,84,1
double_cold,5,inner_train_positive,127,67,1
double_cold,5,inner_train_positive,127,103,1
double_cold,5,inner_train_positive,127,204,1
double_cold,5,inner_train_positive,127,84,1
double_cold,5,inner_train_positive,129,7,1
double_cold,5,inner_train_positive,129,84,1
double_cold,5,inner_train_positive,130,89,1
double_cold,5,inner_train_positive,130,67,1
double_cold,5,inner_train_positive,130,41,1
double_cold,5,inner_train_positive,130,103,1
double_cold,5,inner_train_positive,130,7,1
double_cold,5,inner_train_positive,130,177,1
double_cold,5,inner_train_positive,130,3,1
double_cold,5,inner_train_positive,130,84,1
double_cold,5,inner_train_positive,130,124,1
double_cold,5,inner_train_positive,130,123,1
double_cold,5,inner_train_positive,130,101,1
double_cold,5,inner_train_positive,130,148,1
double_cold,5,inner_train_positive,130,134,1
double_cold,5,inner_train_positive,130,86,1
double_cold,5,inner_train_positive,130,16,1
double_cold,5,inner_train_positive,131,74,1
double_cold,5,inner_train_positive,131,41,1
double_cold,5,inner_train_positive,131,123,1
double_cold,5,inner_train_positive,131,103,1
double_cold,5,inner_train_positive,131,7,1
double_cold,5,inner_train_positive,131,22,1
double_cold,5,inner_train_positive,131,67,1
double_cold,5,inner_train_positive,131,179,1
double_cold,5,inner_train_positive,131,89,1
double_cold,5,inner_train_positive,131,177,1
double_cold,5,inner_train_positive,131,16,1
double_cold,5,inner_train_positive,131,34,1
double_cold,5,inner_train_positive,133,41,1
double_cold,5,inner_train_positive,133,94,1
double_cold,5,inner_train_positive,133,103,1
double_cold,5,inner_train_positive,133,204,1
double_cold,5,inner_train_positive,133,89,1
double_cold,5,inner_train_positive,133,197,1
double_cold,5,inner_train_positive,133,67,1
double_cold,5,inner_train_positive,133,134,1
double_cold,5,inner_train_positive,133,84,1
double_cold,5,inner_train_positive,133,16,1
double_cold,5,inner_train_positive,133,7,1
double_cold,5,inner_train_positive,133,81,1
double_cold,5,inner_train_positive,623,103,1
double_cold,5,inner_train_positive,623,74,1
double_cold,5,inner_train_positive,623,7,1
double_cold,5,inner_train_positive,623,41,1
double_cold,5,inner_train_positive,623,204,1
double_cold,5,inner_train_positive,623,85,1
double_cold,5,inner_train_positive,623,16,1
double_cold,5,inner_train_positive,623,3,1
double_cold,5,inner_train_positive,136,89,1
double_cold,5,inner_train_positive,136,209,1
double_cold,5,inner_train_positive,136,32,1
double_cold,5,inner_train_positive,136,103,1
double_cold,5,inner_train_positive,136,204,1
double_cold,5,inner_train_positive,136,49,1
double_cold,5,inner_train_positive,136,84,1
double_cold,5,inner_train_positive,139,89,1
double_cold,5,inner_train_positive,139,67,1
double_cold,5,inner_train_positive,139,103,1
double_cold,5,inner_train_positive,140,67,1
double_cold,5,inner_train_positive,140,89,1
double_cold,5,inner_train_positive,141,89,1
double_cold,5,inner_train_positive,141,67,1
double_cold,5,inner_train_positive,141,41,1
double_cold,5,inner_train_positive,141,102,1
double_cold,5,inner_train_positive,141,103,1
double_cold,5,inner_train_positive,141,134,1
double_cold,5,inner_train_positive,141,123,1
double_cold,5,inner_train_positive,141,85,1
double_cold,5,inner_train_positive,141,122,1
double_cold,5,inner_train_positive,141,7,1
double_cold,5,inner_train_positive,141,204,1
double_cold,5,inner_train_positive,141,177,1
double_cold,5,inner_train_positive,141,84,1
double_cold,5,inner_train_positive,141,3,1
double_cold,5,inner_train_positive,141,94,1
double_cold,5,inner_train_positive,141,126,1
double_cold,5,inner_train_positive,141,146,1
double_cold,5,inner_train_positive,141,32,1
double_cold,5,inner_train_positive,141,81,1
double_cold,5,inner_train_positive,141,150,1
double_cold,5,inner_train_positive,141,17,1
double_cold,5,inner_train_positive,143,177,1
double_cold,5,inner_train_positive,143,89,1
double_cold,5,inner_train_positive,143,67,1
double_cold,5,inner_train_positive,143,103,1
double_cold,5,inner_train_positive,143,7,1
double_cold,5,inner_train_positive,143,204,1
double_cold,5,inner_train_positive,143,41,1
double_cold,5,inner_train_positive,143,123,1
double_cold,5,inner_train_positive,143,179,1
double_cold,5,inner_train_positive,143,101,1
double_cold,5,inner_train_positive,143,148,1
double_cold,5,inner_train_positive,143,94,1
double_cold,5,inner_train_positive,143,84,1
double_cold,5,inner_train_positive,144,177,1
double_cold,5,inner_train_positive,144,89,1
double_cold,5,inner_train_positive,144,108,1
double_cold,5,inner_train_positive,144,63,1
double_cold,5,inner_train_positive,144,67,1
double_cold,5,inner_train_positive,144,123,1
double_cold,5,inner_train_positive,144,3,1
double_cold,5,inner_train_positive,144,17,1
double_cold,5,inner_train_positive,144,103,1
double_cold,5,inner_train_positive,144,105,1
double_cold,5,inner_train_positive,144,204,1
double_cold,5,inner_train_positive,144,41,1
double_cold,5,inner_train_positive,144,90,1
double_cold,5,inner_train_positive,144,176,1
double_cold,5,inner_train_positive,144,7,1
double_cold,5,inner_train_positive,144,101,1
double_cold,5,inner_train_positive,144,148,1
double_cold,5,inner_train_positive,144,150,1
double_cold,5,inner_train_positive,145,89,1
double_cold,5,inner_train_positive,145,74,1
double_cold,5,inner_train_positive,145,41,1
double_cold,5,inner_train_positive,145,103,1
double_cold,5,inner_train_positive,145,43,1
double_cold,5,inner_train_positive,145,7,1
double_cold,5,inner_train_positive,145,10,1
double_cold,5,inner_train_positive,145,90,1
double_cold,5,inner_train_positive,145,177,1
double_cold,5,inner_train_positive,145,176,1
double_cold,5,inner_train_positive,145,22,1
double_cold,5,inner_train_positive,145,204,1
double_cold,5,inner_train_positive,145,3,1
double_cold,5,inner_train_positive,145,186,1
double_cold,5,inner_train_positive,145,124,1
double_cold,5,inner_train_positive,145,123,1
double_cold,5,inner_train_positive,145,67,1
double_cold,5,inner_train_positive,145,84,1
double_cold,5,inner_train_positive,145,138,1
double_cold,5,inner_train_positive,145,158,1
double_cold,5,inner_train_positive,145,153,1
double_cold,5,inner_train_positive,145,50,1
double_cold,5,inner_train_positive,145,114,1
double_cold,5,inner_train_positive,145,17,1
double_cold,5,inner_train_positive,145,150,1
double_cold,5,inner_train_positive,145,34,1
double_cold,5,inner_train_positive,147,89,1
double_cold,5,inner_train_positive,147,41,1
double_cold,5,inner_train_positive,147,67,1
double_cold,5,inner_train_positive,147,7,1
double_cold,5,inner_train_positive,147,123,1
double_cold,5,inner_train_positive,147,103,1
double_cold,5,inner_train_positive,147,134,1
double_cold,5,inner_train_positive,147,84,1
double_cold,5,inner_train_positive,147,197,1
double_cold,5,inner_train_positive,147,144,1
double_cold,5,inner_train_positive,148,94,1
double_cold,5,inner_train_positive,148,7,1
double_cold,5,inner_train_positive,148,134,1
double_cold,5,inner_train_positive,148,123,1
double_cold,5,inner_train_positive,148,16,1
double_cold,5,inner_train_positive,148,67,1
double_cold,5,inner_train_positive,148,81,1
double_cold,5,inner_train_positive,148,103,1
double_cold,5,inner_train_positive,149,89,1
double_cold,5,inner_train_positive,149,41,1
double_cold,5,inner_train_positive,149,103,1
double_cold,5,inner_train_positive,149,123,1
double_cold,5,inner_train_positive,149,7,1
double_cold,5,inner_train_positive,149,148,1
double_cold,5,inner_train_positive,149,67,1
double_cold,5,inner_train_positive,149,144,1
double_cold,5,inner_train_positive,149,156,1
double_cold,5,inner_train_positive,151,89,1
double_cold,5,inner_train_positive,151,103,1
double_cold,5,inner_train_positive,151,204,1
double_cold,5,inner_train_positive,151,7,1
double_cold,5,inner_train_positive,151,123,1
double_cold,5,inner_train_positive,151,146,1
double_cold,5,inner_train_positive,151,67,1
double_cold,5,inner_train_positive,151,101,1
double_cold,5,inner_train_positive,151,148,1
double_cold,5,inner_train_positive,151,41,1
double_cold,5,inner_train_positive,625,89,1
double_cold,5,inner_train_positive,625,103,1
double_cold,5,inner_train_positive,625,123,1
double_cold,5,inner_train_positive,625,67,1
double_cold,5,inner_train_positive,625,74,1
double_cold,5,inner_train_positive,625,81,1
double_cold,5,inner_train_positive,625,41,1
double_cold,5,inner_train_positive,625,7,1
double_cold,5,inner_train_positive,153,74,1
double_cold,5,inner_train_positive,154,103,1
double_cold,5,inner_train_positive,154,67,1
double_cold,5,inner_train_positive,154,7,1
double_cold,5,inner_train_positive,154,41,1
double_cold,5,inner_train_positive,154,89,1
double_cold,5,inner_train_positive,154,74,1
double_cold,5,inner_train_positive,154,148,1
double_cold,5,inner_train_positive,155,89,1
double_cold,5,inner_train_positive,155,69,1
double_cold,5,inner_train_positive,155,123,1
double_cold,5,inner_train_positive,155,102,1
double_cold,5,inner_train_positive,155,67,1
double_cold,5,inner_train_positive,155,103,1
double_cold,5,inner_train_positive,155,7,1
double_cold,5,inner_train_positive,155,74,1
double_cold,5,inner_train_positive,155,148,1
double_cold,5,inner_train_positive,155,94,1
double_cold,5,inner_train_positive,155,134,1
double_cold,5,inner_train_positive,155,101,1
double_cold,5,inner_train_positive,155,43,1
double_cold,5,inner_train_positive,155,84,1
double_cold,5,inner_train_positive,156,89,1
double_cold,5,inner_train_positive,156,41,1
double_cold,5,inner_train_positive,156,123,1
double_cold,5,inner_train_positive,156,103,1
double_cold,5,inner_train_positive,156,7,1
double_cold,5,inner_train_positive,156,74,1
double_cold,5,inner_train_positive,156,148,1
double_cold,5,inner_train_positive,156,67,1
double_cold,5,inner_train_positive,156,101,1
double_cold,5,inner_train_positive,156,204,1
double_cold,5,inner_train_positive,158,103,1
double_cold,5,inner_train_positive,158,90,1
double_cold,5,inner_train_positive,158,89,1
double_cold,5,inner_train_positive,158,177,1
double_cold,5,inner_train_positive,158,176,1
double_cold,5,inner_train_positive,158,204,1
double_cold,5,inner_train_positive,158,150,1
double_cold,5,inner_train_positive,158,67,1
double_cold,5,inner_train_positive,158,7,1
double_cold,5,inner_train_positive,158,17,1
double_cold,5,inner_train_positive,158,123,1
double_cold,5,inner_train_positive,158,148,1
double_cold,5,inner_train_positive,158,134,1
double_cold,5,inner_train_positive,159,204,1
double_cold,5,inner_train_positive,159,7,1
double_cold,5,inner_train_positive,159,148,1
double_cold,5,inner_train_positive,159,67,1
double_cold,5,inner_train_positive,159,134,1
double_cold,5,inner_train_positive,159,123,1
double_cold,5,inner_train_positive,159,103,1
double_cold,5,inner_train_positive,160,3,1
double_cold,5,inner_train_positive,160,123,1
double_cold,5,inner_train_positive,161,89,1
double_cold,5,inner_train_positive,161,204,1
double_cold,5,inner_train_positive,161,7,1
double_cold,5,inner_train_positive,161,3,1
double_cold,5,inner_train_positive,161,103,1
double_cold,5,inner_train_positive,161,43,1
double_cold,5,inner_train_positive,161,123,1
double_cold,5,inner_train_positive,161,67,1
double_cold,5,inner_train_positive,161,134,1
double_cold,5,inner_train_positive,161,17,1
double_cold,5,inner_train_positive,163,89,1
double_cold,5,inner_train_positive,166,134,1
double_cold,5,inner_train_positive,166,101,1
double_cold,5,inner_train_positive,166,148,1
double_cold,5,inner_train_positive,166,74,1
double_cold,5,inner_train_positive,167,89,1
double_cold,5,inner_train_positive,167,7,1
double_cold,5,inner_train_positive,167,177,1
double_cold,5,inner_train_positive,167,176,1
double_cold,5,inner_train_positive,167,204,1
double_cold,5,inner_train_positive,167,90,1
double_cold,5,inner_train_positive,167,103,1
double_cold,5,inner_train_positive,167,17,1
double_cold,5,inner_train_positive,167,41,1
double_cold,5,inner_train_positive,167,48,1
double_cold,5,inner_train_positive,167,148,1
double_cold,5,inner_train_positive,167,67,1
double_cold,5,inner_train_positive,167,134,1
double_cold,5,inner_train_positive,167,101,1
double_cold,5,inner_train_positive,168,89,1
double_cold,5,inner_train_positive,168,3,1
double_cold,5,inner_train_positive,168,74,1
double_cold,5,inner_train_positive,168,103,1
double_cold,5,inner_train_positive,168,94,1
double_cold,5,inner_train_positive,168,204,1
double_cold,5,inner_train_positive,168,67,1
double_cold,5,inner_train_positive,168,17,1
double_cold,5,inner_train_positive,168,7,1
double_cold,5,inner_train_positive,168,146,1
double_cold,5,inner_train_positive,168,41,1
double_cold,5,inner_train_positive,168,148,1
double_cold,5,inner_train_positive,168,101,1
double_cold,5,inner_train_positive,168,84,1
double_cold,5,inner_train_positive,168,81,1
double_cold,5,inner_train_positive,168,150,1
double_cold,5,inner_train_positive,168,177,1
double_cold,5,inner_train_positive,171,89,1
double_cold,5,inner_train_positive,171,74,1
double_cold,5,inner_train_positive,171,103,1
double_cold,5,inner_train_positive,171,81,1
double_cold,5,inner_train_positive,171,123,1
double_cold,5,inner_train_positive,171,90,1
double_cold,5,inner_train_positive,171,102,1
double_cold,5,inner_train_positive,171,67,1
double_cold,5,inner_train_positive,171,204,1
double_cold,5,inner_train_positive,171,41,1
double_cold,5,inner_train_positive,171,7,1
double_cold,5,inner_train_positive,171,3,1
double_cold,5,inner_train_positive,171,146,1
double_cold,5,inner_train_positive,171,84,1
double_cold,5,inner_train_positive,172,89,1
double_cold,5,inner_train_positive,172,3,1
double_cold,5,inner_train_positive,172,103,1
double_cold,5,inner_train_positive,172,90,1
double_cold,5,inner_train_positive,172,177,1
double_cold,5,inner_train_positive,172,176,1
double_cold,5,inner_train_positive,172,73,1
double_cold,5,inner_train_positive,172,67,1
double_cold,5,inner_train_positive,172,7,1
double_cold,5,inner_train_positive,172,148,1
double_cold,5,inner_train_positive,172,94,1
double_cold,5,inner_train_positive,172,101,1
double_cold,5,inner_train_positive,172,84,1
double_cold,5,inner_train_positive,172,74,1
double_cold,5,inner_train_positive,173,89,1
double_cold,5,inner_train_positive,173,3,1
double_cold,5,inner_train_positive,173,7,1
double_cold,5,inner_train_positive,173,103,1
double_cold,5,inner_train_positive,173,67,1
double_cold,5,inner_train_positive,173,204,1
double_cold,5,inner_train_positive,173,41,1
double_cold,5,inner_train_positive,173,44,1
double_cold,5,inner_train_positive,173,74,1
double_cold,5,inner_train_positive,173,148,1
double_cold,5,inner_train_positive,173,134,1
double_cold,5,inner_train_positive,173,179,1
double_cold,5,inner_train_positive,173,84,1
double_cold,5,inner_train_positive,176,67,1
double_cold,5,inner_train_positive,176,3,1
double_cold,5,inner_train_positive,176,123,1
double_cold,5,inner_train_positive,176,85,1
double_cold,5,inner_train_positive,176,103,1
double_cold,5,inner_train_positive,176,89,1
double_cold,5,inner_train_positive,176,7,1
double_cold,5,inner_train_positive,176,177,1
double_cold,5,inner_train_positive,176,204,1
double_cold,5,inner_train_positive,176,150,1
double_cold,5,inner_train_positive,176,22,1
double_cold,5,inner_train_positive,176,73,1
double_cold,5,inner_train_positive,176,94,1
double_cold,5,inner_train_positive,176,101,1
double_cold,5,inner_train_positive,176,148,1
double_cold,5,inner_train_positive,176,84,1
double_cold,5,inner_train_positive,176,139,1
double_cold,5,inner_train_positive,176,17,1
double_cold,5,inner_train_positive,599,103,1
double_cold,5,inner_train_positive,599,67,1
double_cold,5,inner_train_positive,599,41,1
double_cold,5,inner_train_positive,599,148,1
double_cold,5,inner_train_positive,599,101,1
double_cold,5,inner_train_positive,177,48,1
double_cold,5,inner_train_positive,177,103,1
double_cold,5,inner_train_positive,177,204,1
double_cold,5,inner_train_positive,177,123,1
double_cold,5,inner_train_positive,177,7,1
double_cold,5,inner_train_positive,178,89,1
double_cold,5,inner_train_positive,178,103,1
double_cold,5,inner_train_positive,178,148,1
double_cold,5,inner_train_positive,178,179,1
double_cold,5,inner_train_positive,178,90,1
double_cold,5,inner_train_positive,178,67,1
double_cold,5,inner_train_positive,179,89,1
double_cold,5,inner_train_positive,179,67,1
double_cold,5,inner_train_positive,179,3,1
double_cold,5,inner_train_positive,179,103,1
double_cold,5,inner_train_positive,179,10,1
double_cold,5,inner_train_positive,179,94,1
double_cold,5,inner_train_positive,179,150,1
double_cold,5,inner_train_positive,179,123,1
double_cold,5,inner_train_positive,179,177,1
double_cold,5,inner_train_positive,179,41,1
double_cold,5,inner_train_positive,179,74,1
double_cold,5,inner_train_positive,179,7,1
double_cold,5,inner_train_positive,179,81,1
double_cold,5,inner_train_positive,179,50,1
double_cold,5,inner_train_positive,179,204,1
double_cold,5,inner_train_positive,179,139,1
double_cold,5,inner_train_positive,626,89,1
double_cold,5,inner_train_positive,626,103,1
double_cold,5,inner_train_positive,626,204,1
double_cold,5,inner_train_positive,626,150,1
double_cold,5,inner_train_positive,626,41,1
double_cold,5,inner_train_positive,626,123,1
double_cold,5,inner_train_positive,626,101,1
double_cold,5,inner_train_positive,626,148,1
double_cold,5,inner_train_positive,626,67,1
double_cold,5,inner_train_positive,626,74,1
double_cold,5,inner_train_positive,626,7,1
double_cold,5,inner_train_positive,627,89,1
double_cold,5,inner_train_positive,627,103,1
double_cold,5,inner_train_positive,627,123,1
double_cold,5,inner_train_positive,627,177,1
double_cold,5,inner_train_positive,627,90,1
double_cold,5,inner_train_positive,627,67,1
double_cold,5,inner_train_positive,627,73,1
double_cold,5,inner_train_positive,627,17,1
double_cold,5,inner_train_positive,627,43,1
double_cold,5,inner_train_positive,627,148,1
double_cold,5,inner_train_positive,627,84,1
double_cold,5,inner_train_positive,627,134,1
double_cold,5,inner_train_positive,627,7,1
double_cold,5,inner_train_positive,627,74,1
double_cold,5,inner_train_positive,627,101,1
double_cold,5,inner_train_positive,627,204,1
double_cold,5,inner_train_positive,181,89,1
double_cold,5,inner_train_positive,181,103,1
double_cold,5,inner_train_positive,181,205,1
double_cold,5,inner_train_positive,181,123,1
double_cold,5,inner_train_positive,181,67,1
double_cold,5,inner_train_positive,181,85,1
double_cold,5,inner_train_positive,181,122,1
double_cold,5,inner_train_positive,181,204,1
double_cold,5,inner_train_positive,181,3,1
double_cold,5,inner_train_positive,181,7,1
double_cold,5,inner_train_positive,181,177,1
double_cold,5,inner_train_positive,181,185,1
double_cold,5,inner_train_positive,181,84,1
double_cold,5,inner_train_positive,181,193,1
double_cold,5,inner_train_positive,181,94,1
double_cold,5,inner_train_positive,181,161,1
double_cold,5,inner_train_positive,182,89,1
double_cold,5,inner_train_positive,182,3,1
double_cold,5,inner_train_positive,182,103,1
double_cold,5,inner_train_positive,182,205,1
double_cold,5,inner_train_positive,182,123,1
double_cold,5,inner_train_positive,182,177,1
double_cold,5,inner_train_positive,182,85,1
double_cold,5,inner_train_positive,182,134,1
double_cold,5,inner_train_positive,182,122,1
double_cold,5,inner_train_positive,182,204,1
double_cold,5,inner_train_positive,182,7,1
double_cold,5,inner_train_positive,182,139,1
double_cold,5,inner_train_positive,182,67,1
double_cold,5,inner_train_positive,182,185,1
double_cold,5,inner_train_positive,182,84,1
double_cold,5,inner_train_positive,182,124,1
double_cold,5,inner_train_positive,183,89,1
double_cold,5,inner_train_positive,183,177,1
double_cold,5,inner_train_positive,183,67,1
double_cold,5,inner_train_positive,183,103,1
double_cold,5,inner_train_positive,183,7,1
double_cold,5,inner_train_positive,183,44,1
double_cold,5,inner_train_positive,183,205,1
double_cold,5,inner_train_positive,183,123,1
double_cold,5,inner_train_positive,183,85,1
double_cold,5,inner_train_positive,183,102,1
double_cold,5,inner_train_positive,183,131,1
double_cold,5,inner_train_positive,183,146,1
double_cold,5,inner_train_positive,183,3,1
double_cold,5,inner_train_positive,183,134,1
double_cold,5,inner_train_positive,183,122,1
double_cold,5,inner_train_positive,183,204,1
double_cold,5,inner_train_positive,183,74,1
double_cold,5,inner_train_positive,183,41,1
double_cold,5,inner_train_positive,183,13,1
double_cold,5,inner_train_positive,183,84,1
double_cold,5,inner_train_positive,183,185,1
double_cold,5,inner_train_positive,183,90,1
double_cold,5,inner_train_positive,183,43,1
double_cold,5,inner_train_positive,183,81,1
double_cold,5,inner_train_positive,183,197,1
double_cold,5,inner_train_positive,183,124,1
double_cold,5,inner_train_positive,183,148,1
double_cold,5,inner_train_positive,183,154,1
double_cold,5,inner_train_positive,183,151,1
double_cold,5,inner_train_positive,183,16,1
double_cold,5,inner_train_positive,183,161,1
double_cold,5,inner_train_positive,185,89,1
double_cold,5,inner_train_positive,185,123,1
double_cold,5,inner_train_positive,185,44,1
double_cold,5,inner_train_positive,185,177,1
double_cold,5,inner_train_positive,185,67,1
double_cold,5,inner_train_positive,185,3,1
double_cold,5,inner_train_positive,185,103,1
double_cold,5,inner_train_positive,185,41,1
double_cold,5,inner_train_positive,185,7,1
double_cold,5,inner_train_positive,185,204,1
double_cold,5,inner_train_positive,185,12,1
double_cold,5,inner_train_positive,185,134,1
double_cold,5,inner_train_positive,185,94,1
double_cold,5,inner_train_positive,185,84,1
double_cold,5,inner_train_positive,185,81,1
double_cold,5,inner_train_positive,185,161,1
double_cold,5,inner_train_positive,187,89,1
double_cold,5,inner_train_positive,187,84,1
double_cold,5,inner_train_positive,187,103,1
double_cold,5,inner_train_positive,187,3,1
double_cold,5,inner_train_positive,187,85,1
double_cold,5,inner_train_positive,187,204,1
double_cold,5,inner_train_positive,187,7,1
double_cold,5,inner_train_positive,187,73,1
double_cold,5,inner_train_positive,187,67,1
double_cold,5,inner_train_positive,187,90,1
double_cold,5,inner_train_positive,187,178,1
double_cold,5,inner_train_positive,187,148,1
double_cold,5,inner_train_positive,188,89,1
double_cold,5,inner_train_positive,188,103,1
double_cold,5,inner_train_positive,188,74,1
double_cold,5,inner_train_positive,188,204,1
double_cold,5,inner_train_positive,188,7,1
double_cold,5,inner_train_positive,188,123,1
double_cold,5,inner_train_positive,188,141,1
double_cold,5,inner_train_positive,188,84,1
double_cold,5,inner_train_positive,189,148,1
double_cold,5,inner_train_positive,190,67,1
double_cold,5,inner_train_positive,190,103,1
double_cold,5,inner_train_positive,190,204,1
double_cold,5,inner_train_positive,191,89,1
double_cold,5,inner_train_positive,191,7,1
double_cold,5,inner_train_positive,191,92,1
double_cold,5,inner_train_positive,191,204,1
double_cold,5,inner_train_positive,191,103,1
double_cold,5,inner_train_positive,191,123,1
double_cold,5,inner_train_positive,191,3,1
double_cold,5,inner_train_positive,191,67,1
double_cold,5,inner_train_positive,191,124,1
double_cold,5,inner_train_positive,191,43,1
double_cold,5,inner_train_positive,191,74,1
double_cold,5,inner_train_positive,191,17,1
double_cold,5,inner_train_positive,191,148,1
double_cold,5,inner_train_positive,191,90,1
double_cold,5,inner_train_positive,191,81,1
double_cold,5,inner_train_positive,191,177,1
double_cold,5,inner_train_positive,191,84,1
double_cold,5,inner_train_positive,192,123,1
double_cold,5,inner_train_positive,192,67,1
double_cold,5,inner_train_positive,192,103,1
double_cold,5,inner_train_positive,192,20,1
double_cold,5,inner_train_positive,192,89,1
double_cold,5,inner_train_positive,192,92,1
double_cold,5,inner_train_positive,192,32,1
double_cold,5,inner_train_positive,192,7,1
double_cold,5,inner_train_positive,192,3,1
double_cold,5,inner_train_positive,192,41,1
double_cold,5,inner_train_positive,192,181,1
double_cold,5,inner_train_positive,192,16,1
double_cold,5,inner_train_positive,192,177,1
double_cold,5,inner_train_positive,192,34,1
double_cold,5,inner_train_positive,192,204,1
double_cold,5,inner_train_positive,192,85,1
double_cold,5,inner_train_positive,192,84,1
double_cold,5,inner_train_positive,192,17,1
double_cold,5,inner_train_positive,192,5,1
double_cold,5,inner_train_positive,192,94,1
double_cold,5,inner_train_positive,192,124,1
double_cold,5,inner_train_positive,192,74,1
double_cold,5,inner_train_positive,192,146,1
double_cold,5,inner_train_positive,192,148,1
double_cold,5,inner_train_positive,192,134,1
double_cold,5,inner_train_positive,192,66,1
double_cold,5,inner_train_positive,192,45,1
double_cold,5,inner_train_positive,192,101,1
double_cold,5,inner_train_positive,192,197,1
double_cold,5,inner_train_positive,192,144,1
double_cold,5,inner_train_positive,193,89,1
double_cold,5,inner_train_positive,193,41,1
double_cold,5,inner_train_positive,193,81,1
double_cold,5,inner_train_positive,193,103,1
double_cold,5,inner_train_positive,193,177,1
double_cold,5,inner_train_positive,193,7,1
double_cold,5,inner_train_positive,193,67,1
double_cold,5,inner_train_positive,193,3,1
double_cold,5,inner_train_positive,193,111,1
double_cold,5,inner_train_positive,193,43,1
double_cold,5,inner_train_positive,193,124,1
double_cold,5,inner_train_positive,193,101,1
double_cold,5,inner_train_positive,193,123,1
double_cold,5,inner_train_positive,193,73,1
double_cold,5,inner_train_positive,193,150,1
double_cold,5,inner_train_positive,193,76,1
double_cold,5,inner_train_positive,193,148,1
double_cold,5,inner_train_positive,193,134,1
double_cold,5,inner_train_positive,193,94,1
double_cold,5,inner_train_positive,193,74,1
double_cold,5,inner_train_positive,194,89,1
double_cold,5,inner_train_positive,194,148,1
double_cold,5,inner_train_positive,194,103,1
double_cold,5,inner_train_positive,194,101,1
double_cold,5,inner_train_positive,194,183,1
double_cold,5,inner_train_positive,604,103,1
double_cold,5,inner_train_positive,606,67,1
double_cold,5,inner_train_positive,608,89,1
double_cold,5,inner_train_positive,608,134,1
double_cold,5,inner_train_positive,609,41,1
double_cold,5,inner_train_positive,195,89,1
double_cold,5,inner_train_positive,195,3,1
double_cold,5,inner_train_positive,195,41,1
double_cold,5,inner_train_positive,195,139,1
double_cold,5,inner_train_positive,195,123,1
double_cold,5,inner_train_positive,195,103,1
double_cold,5,inner_train_positive,195,67,1
double_cold,5,inner_train_positive,195,84,1
double_cold,5,inner_train_positive,197,89,1
double_cold,5,inner_train_positive,197,164,1
double_cold,5,inner_train_positive,197,81,1
double_cold,5,inner_train_positive,197,103,1
double_cold,5,inner_train_positive,197,48,1
double_cold,5,inner_train_positive,197,7,1
double_cold,5,inner_train_positive,197,204,1
double_cold,5,inner_train_positive,197,123,1
double_cold,5,inner_train_positive,197,177,1
double_cold,5,inner_train_positive,197,67,1
double_cold,5,inner_train_positive,197,148,1
double_cold,5,inner_train_positive,197,101,1
double_cold,5,inner_train_positive,197,84,1
double_cold,5,inner_train_positive,197,134,1
double_cold,5,inner_train_positive,197,17,1
double_cold,5,inner_train_positive,197,150,1
double_cold,5,inner_train_positive,197,74,1
double_cold,5,inner_train_positive,199,89,1
double_cold,5,inner_train_positive,199,74,1
double_cold,5,inner_train_positive,199,90,1
double_cold,5,inner_train_positive,199,100,1
double_cold,5,inner_train_positive,199,139,1
double_cold,5,inner_train_positive,199,67,1
double_cold,5,inner_train_positive,199,103,1
double_cold,5,inner_train_positive,199,123,1
double_cold,5,inner_train_positive,199,84,1
double_cold,5,inner_train_positive,199,3,1
double_cold,5,inner_train_positive,199,7,1
double_cold,5,inner_train_positive,199,204,1
double_cold,5,inner_train_positive,201,74,1
double_cold,5,inner_train_positive,201,103,1
double_cold,5,inner_train_positive,203,89,1
double_cold,5,inner_train_positive,203,7,1
double_cold,5,inner_train_positive,203,204,1
double_cold,5,inner_train_positive,203,103,1
double_cold,5,inner_train_positive,203,74,1
double_cold,5,inner_train_positive,204,89,1
double_cold,5,inner_train_positive,204,103,1
double_cold,5,inner_train_positive,204,67,1
double_cold,5,inner_train_positive,204,90,1
double_cold,5,inner_train_positive,204,177,1
double_cold,5,inner_train_positive,204,176,1
double_cold,5,inner_train_positive,204,7,1
double_cold,5,inner_train_positive,204,84,1
double_cold,5,inner_train_positive,204,123,1
double_cold,5,inner_train_positive,204,74,1
double_cold,5,inner_train_positive,204,204,1
double_cold,5,inner_train_positive,204,60,1
double_cold,5,inner_train_positive,204,85,1
double_cold,5,inner_train_positive,205,89,1
double_cold,5,inner_train_positive,205,123,1
double_cold,5,inner_train_positive,205,103,1
double_cold,5,inner_train_positive,205,67,1
double_cold,5,inner_train_positive,205,134,1
double_cold,5,inner_train_positive,205,204,1
double_cold,5,inner_train_positive,205,168,1
double_cold,5,inner_train_positive,205,84,1
double_cold,5,inner_train_positive,205,177,1
double_cold,5,inner_train_positive,205,7,1
double_cold,5,inner_train_positive,205,43,1
double_cold,5,inner_train_positive,205,105,1
double_cold,5,inner_train_positive,205,148,1
double_cold,5,inner_train_positive,205,41,1
double_cold,5,inner_train_positive,205,74,1
double_cold,5,inner_train_positive,205,101,1
double_cold,5,inner_train_positive,205,16,1
double_cold,5,inner_train_positive,205,6,1
double_cold,5,inner_train_positive,206,89,1
double_cold,5,inner_train_positive,206,123,1
double_cold,5,inner_train_positive,206,103,1
double_cold,5,inner_train_positive,206,67,1
double_cold,5,inner_train_positive,206,134,1
double_cold,5,inner_train_positive,206,204,1
double_cold,5,inner_train_positive,206,177,1
double_cold,5,inner_train_positive,206,7,1
double_cold,5,inner_train_positive,206,168,1
double_cold,5,inner_train_positive,206,3,1
double_cold,5,inner_train_positive,206,84,1
double_cold,5,inner_train_positive,206,74,1
double_cold,5,inner_train_positive,206,43,1
double_cold,5,inner_train_positive,206,105,1
double_cold,5,inner_train_positive,206,94,1
double_cold,5,inner_train_positive,206,101,1
double_cold,5,inner_train_positive,206,148,1
double_cold,5,inner_train_positive,206,16,1
double_cold,5,inner_train_positive,207,103,1
double_cold,5,inner_train_positive,207,7,1
double_cold,5,inner_train_positive,207,89,1
double_cold,5,inner_train_positive,207,176,1
double_cold,5,inner_train_positive,207,67,1
double_cold,5,inner_train_positive,207,47,1
double_cold,5,inner_train_positive,207,41,1
double_cold,5,inner_train_positive,207,85,1
double_cold,5,inner_train_positive,207,3,1
double_cold,5,inner_train_positive,207,94,1
double_cold,5,inner_train_positive,207,74,1
double_cold,5,inner_train_positive,207,177,1
double_cold,5,inner_train_positive,207,204,1
double_cold,5,inner_train_positive,207,144,1
double_cold,5,inner_train_positive,208,89,1
double_cold,5,inner_train_positive,208,74,1
double_cold,5,inner_train_positive,208,205,1
double_cold,5,inner_train_positive,208,103,1
double_cold,5,inner_train_positive,208,81,1
double_cold,5,inner_train_positive,208,85,1
double_cold,5,inner_train_positive,208,204,1
double_cold,5,inner_train_positive,208,67,1
double_cold,5,inner_train_positive,208,177,1
double_cold,5,inner_train_positive,208,34,1
double_cold,5,inner_train_positive,208,84,1
double_cold,5,inner_train_positive,208,7,1
double_cold,5,inner_train_positive,208,22,1
double_cold,5,inner_train_positive,208,41,1
double_cold,5,inner_train_positive,208,86,1
double_cold,5,inner_train_positive,208,139,1
double_cold,5,inner_train_positive,208,3,1
double_cold,5,inner_train_positive,610,123,1
double_cold,5,inner_train_positive,612,67,1
double_cold,5,inner_train_positive,612,41,1
double_cold,5,inner_train_positive,211,81,1
double_cold,5,inner_train_positive,211,123,1
double_cold,5,inner_train_positive,211,3,1
double_cold,5,inner_train_positive,211,7,1
double_cold,5,inner_train_positive,211,103,1
double_cold,5,inner_train_positive,211,204,1
double_cold,5,inner_train_positive,211,22,1
double_cold,5,inner_train_positive,211,67,1
double_cold,5,inner_train_positive,211,179,1
double_cold,5,inner_train_positive,211,101,1
double_cold,5,inner_train_positive,211,148,1
double_cold,5,inner_train_positive,211,177,1
double_cold,5,inner_train_positive,211,16,1
double_cold,5,inner_train_positive,212,89,1
double_cold,5,inner_train_positive,212,7,1
double_cold,5,inner_train_positive,212,103,1
double_cold,5,inner_train_positive,212,204,1
double_cold,5,inner_train_positive,212,3,1
double_cold,5,inner_train_positive,212,73,1
double_cold,5,inner_train_positive,212,41,1
double_cold,5,inner_train_positive,212,67,1
double_cold,5,inner_train_positive,212,148,1
double_cold,5,inner_train_positive,212,84,1
double_cold,5,inner_train_positive,212,43,1
double_cold,5,inner_train_positive,212,74,1
double_cold,5,inner_train_positive,213,89,1
double_cold,5,inner_train_positive,213,3,1
double_cold,5,inner_train_positive,213,7,1
double_cold,5,inner_train_positive,213,67,1
double_cold,5,inner_train_positive,213,204,1
double_cold,5,inner_train_positive,213,41,1
double_cold,5,inner_train_positive,213,103,1
double_cold,5,inner_train_positive,213,22,1
double_cold,5,inner_train_positive,213,84,1
double_cold,5,inner_train_positive,213,123,1
double_cold,5,inner_train_positive,213,17,1
double_cold,5,inner_train_positive,213,105,1
double_cold,5,inner_train_positive,215,8,1
double_cold,5,inner_train_positive,215,89,1
double_cold,5,inner_train_positive,215,103,1
double_cold,5,inner_train_positive,215,177,1
double_cold,5,inner_train_positive,215,7,1
double_cold,5,inner_train_positive,215,67,1
double_cold,5,inner_train_positive,215,205,1
double_cold,5,inner_train_positive,215,204,1
double_cold,5,inner_train_positive,215,3,1
double_cold,5,inner_train_positive,215,17,1
double_cold,5,inner_train_positive,215,146,1
double_cold,5,inner_train_positive,215,148,1
double_cold,5,inner_train_positive,215,123,1
double_cold,5,inner_train_positive,215,134,1
double_cold,5,inner_train_positive,215,200,1
double_cold,5,inner_train_positive,215,74,1
double_cold,5,inner_train_positive,215,172,1
double_cold,5,inner_train_positive,215,84,1
double_cold,5,inner_train_positive,628,89,1
double_cold,5,inner_train_positive,628,16,1
double_cold,5,inner_train_positive,628,41,1
double_cold,5,inner_train_positive,628,69,1
double_cold,5,inner_train_positive,628,103,1
double_cold,5,inner_train_positive,628,81,1
double_cold,5,inner_train_positive,628,90,1
double_cold,5,inner_train_positive,628,176,1
double_cold,5,inner_train_positive,628,177,1
double_cold,5,inner_train_positive,628,204,1
double_cold,5,inner_train_positive,628,67,1
double_cold,5,inner_train_positive,628,7,1
double_cold,5,inner_train_positive,628,73,1
double_cold,5,inner_train_positive,628,74,1
double_cold,5,inner_train_positive,628,84,1
double_cold,5,inner_train_positive,628,3,1
double_cold,5,inner_train_positive,628,146,1
double_cold,5,inner_train_positive,628,123,1
double_cold,5,inner_train_positive,628,94,1
double_cold,5,inner_train_positive,628,134,1
double_cold,5,inner_train_positive,628,101,1
double_cold,5,inner_train_positive,628,148,1
double_cold,5,inner_train_positive,628,124,1
double_cold,5,inner_train_positive,216,103,1
double_cold,5,inner_train_positive,216,67,1
double_cold,5,inner_train_positive,216,204,1
double_cold,5,inner_train_positive,217,89,1
double_cold,5,inner_train_positive,217,67,1
double_cold,5,inner_train_positive,217,73,1
double_cold,5,inner_train_positive,217,124,1
double_cold,5,inner_train_positive,217,103,1
double_cold,5,inner_train_positive,218,103,1
double_cold,5,inner_train_positive,218,67,1
double_cold,5,inner_train_positive,218,7,1
double_cold,5,inner_train_positive,218,148,1
double_cold,5,inner_train_positive,218,94,1
double_cold,5,inner_train_positive,219,103,1
double_cold,5,inner_train_positive,219,177,1
double_cold,5,inner_train_positive,219,7,1
double_cold,5,inner_train_positive,219,89,1
double_cold,5,inner_train_positive,219,48,1
double_cold,5,inner_train_positive,219,94,1
double_cold,5,inner_train_positive,219,41,1
double_cold,5,inner_train_positive,219,67,1
double_cold,5,inner_train_positive,220,89,1
double_cold,5,inner_train_positive,220,176,1
double_cold,5,inner_train_positive,220,204,1
double_cold,5,inner_train_positive,220,177,1
double_cold,5,inner_train_positive,220,103,1
double_cold,5,inner_train_positive,220,67,1
double_cold,5,inner_train_positive,226,89,1
double_cold,5,inner_train_positive,226,7,1
double_cold,5,inner_train_positive,226,103,1
double_cold,5,inner_train_positive,226,67,1
double_cold,5,inner_train_positive,226,3,1
double_cold,5,inner_train_positive,226,204,1
double_cold,5,inner_train_positive,226,41,1
double_cold,5,inner_train_positive,226,17,1
double_cold,5,inner_train_positive,226,94,1
double_cold,5,inner_train_positive,226,123,1
double_cold,5,inner_train_positive,226,84,1
double_cold,5,inner_train_positive,226,81,1
double_cold,5,inner_train_positive,226,197,1
double_cold,5,inner_train_positive,226,167,1
double_cold,5,inner_train_positive,226,86,1
double_cold,5,inner_train_positive,227,103,1
double_cold,5,inner_train_positive,227,90,1
double_cold,5,inner_train_positive,227,89,1
double_cold,5,inner_train_positive,227,177,1
double_cold,5,inner_train_positive,227,176,1
double_cold,5,inner_train_positive,227,123,1
double_cold,5,inner_train_positive,227,101,1
double_cold,5,inner_train_positive,227,148,1
double_cold,5,inner_train_positive,228,89,1
double_cold,5,inner_train_positive,228,85,1
double_cold,5,inner_train_positive,228,204,1
double_cold,5,inner_train_positive,228,3,1
double_cold,5,inner_train_positive,228,7,1
double_cold,5,inner_train_positive,228,17,1
double_cold,5,inner_train_positive,228,41,1
double_cold,5,inner_train_positive,228,103,1
double_cold,5,inner_train_positive,228,124,1
double_cold,5,inner_train_positive,228,67,1
double_cold,5,inner_train_positive,228,148,1
double_cold,5,inner_train_positive,228,28,1
double_cold,5,inner_train_positive,228,123,1
double_cold,5,inner_train_positive,228,101,1
double_cold,5,inner_train_positive,228,74,1
double_cold,5,inner_train_positive,229,89,1
double_cold,5,inner_train_positive,229,3,1
double_cold,5,inner_train_positive,229,7,1
double_cold,5,inner_train_positive,229,67,1
double_cold,5,inner_train_positive,230,89,1
double_cold,5,inner_train_positive,230,103,1
double_cold,5,inner_train_positive,230,22,1
double_cold,5,inner_train_positive,230,94,1
double_cold,5,inner_train_positive,230,41,1
double_cold,5,inner_train_positive,230,67,1
double_cold,5,inner_train_positive,230,81,1
double_cold,5,inner_train_positive,231,103,1
double_cold,5,inner_train_positive,231,89,1
double_cold,5,inner_train_positive,231,22,1
double_cold,5,inner_train_positive,231,94,1
double_cold,5,inner_train_positive,232,89,1
double_cold,5,inner_train_positive,232,103,1
double_cold,5,inner_train_positive,232,94,1
double_cold,5,inner_train_positive,232,22,1
double_cold,5,inner_train_positive,232,7,1
double_cold,5,inner_train_positive,233,103,1
double_cold,5,inner_train_positive,233,90,1
double_cold,5,inner_train_positive,233,22,1
double_cold,5,inner_train_positive,233,139,1
double_cold,5,inner_train_positive,233,94,1
double_cold,5,inner_train_positive,233,148,1
double_cold,5,inner_train_positive,233,81,1
double_cold,5,inner_train_positive,234,94,1
double_cold,5,inner_train_positive,236,89,1
double_cold,5,inner_train_positive,236,67,1
double_cold,5,inner_train_positive,236,3,1
double_cold,5,inner_train_positive,236,103,1
double_cold,5,inner_train_positive,236,41,1
double_cold,5,inner_train_positive,236,204,1
double_cold,5,inner_train_positive,236,7,1
double_cold,5,inner_train_positive,236,74,1
double_cold,5,inner_train_positive,236,94,1
double_cold,5,inner_train_positive,236,123,1
double_cold,5,inner_train_positive,236,84,1
double_cold,5,inner_train_positive,236,176,1
double_cold,5,inner_train_positive,236,16,1
double_cold,5,inner_train_positive,236,34,1
double_cold,5,inner_train_positive,237,67,1
double_cold,5,inner_train_positive,237,103,1
double_cold,5,inner_train_positive,237,89,1
double_cold,5,inner_train_positive,237,7,1
double_cold,5,inner_train_positive,237,90,1
double_cold,5,inner_train_positive,237,177,1
double_cold,5,inner_train_positive,237,176,1
double_cold,5,inner_train_positive,237,204,1
double_cold,5,inner_train_positive,237,85,1
double_cold,5,inner_train_positive,237,84,1
double_cold,5,inner_train_positive,237,41,1
double_cold,5,inner_train_positive,237,146,1
double_cold,5,inner_train_positive,237,123,1
double_cold,5,inner_train_positive,237,134,1
double_cold,5,inner_train_positive,238,67,1
double_cold,5,inner_train_positive,238,102,1
double_cold,5,inner_train_positive,238,90,1
double_cold,5,inner_train_positive,238,103,1
double_cold,5,inner_train_positive,238,89,1
double_cold,5,inner_train_positive,238,177,1
double_cold,5,inner_train_positive,238,176,1
double_cold,5,inner_train_positive,238,204,1
double_cold,5,inner_train_positive,238,84,1
double_cold,5,inner_train_positive,238,41,1
double_cold,5,inner_train_positive,238,123,1
double_cold,5,inner_train_positive,238,22,1
double_cold,5,inner_train_positive,238,7,1
double_cold,5,inner_train_positive,238,17,1
double_cold,5,inner_train_positive,238,151,1
double_cold,5,inner_train_positive,240,89,1
double_cold,5,inner_train_positive,240,103,1
double_cold,5,inner_train_positive,240,204,1
double_cold,5,inner_train_positive,240,3,1
double_cold,5,inner_train_positive,240,7,1
double_cold,5,inner_train_positive,240,17,1
double_cold,5,inner_train_positive,240,41,1
double_cold,5,inner_train_positive,240,94,1
double_cold,5,inner_train_positive,240,84,1
double_cold,5,inner_train_positive,240,67,1
double_cold,5,inner_train_positive,240,134,1
double_cold,5,inner_train_positive,240,123,1
double_cold,5,inner_train_positive,242,123,1
double_cold,5,inner_train_positive,242,89,1
double_cold,5,inner_train_positive,242,103,1
double_cold,5,inner_train_positive,242,7,1
double_cold,5,inner_train_positive,242,177,1
double_cold,5,inner_train_positive,242,204,1
double_cold,5,inner_train_positive,242,67,1
double_cold,5,inner_train_positive,242,74,1
double_cold,5,inner_train_positive,242,179,1
double_cold,5,inner_train_positive,242,101,1
double_cold,5,inner_train_positive,242,148,1
double_cold,5,inner_train_positive,242,86,1
double_cold,5,inner_train_positive,242,84,1
double_cold,5,inner_train_positive,243,89,1
double_cold,5,inner_train_positive,243,81,1
double_cold,5,inner_train_positive,243,103,1
double_cold,5,inner_train_positive,243,67,1
double_cold,5,inner_train_positive,243,204,1
double_cold,5,inner_train_positive,243,41,1
double_cold,5,inner_train_positive,243,7,1
double_cold,5,inner_train_positive,243,123,1
double_cold,5,inner_train_positive,243,146,1
double_cold,5,inner_train_positive,243,22,1
double_cold,5,inner_train_positive,244,204,1
double_cold,5,inner_train_positive,244,103,1
double_cold,5,inner_train_positive,244,67,1
double_cold,5,inner_train_positive,244,7,1
double_cold,5,inner_train_positive,244,89,1
double_cold,5,inner_train_positive,245,204,1
double_cold,5,inner_train_positive,245,103,1
double_cold,5,inner_train_positive,245,7,1
double_cold,5,inner_train_positive,245,67,1
double_cold,5,inner_train_positive,246,103,1
double_cold,5,inner_train_positive,246,204,1
double_cold,5,inner_train_positive,246,3,1
double_cold,5,inner_train_positive,246,89,1
double_cold,5,inner_train_positive,246,67,1
double_cold,5,inner_train_positive,246,7,1
double_cold,5,inner_train_positive,247,89,1
double_cold,5,inner_train_positive,247,7,1
double_cold,5,inner_train_positive,247,3,1
double_cold,5,inner_train_positive,247,204,1
double_cold,5,inner_train_positive,247,81,1
double_cold,5,inner_train_positive,247,161,1
double_cold,5,inner_train_positive,248,103,1
double_cold,5,inner_train_positive,249,94,1
double_cold,5,inner_train_positive,249,123,1
double_cold,5,inner_train_positive,249,139,1
double_cold,5,inner_train_positive,249,103,1
double_cold,5,inner_train_positive,251,103,1
double_cold,5,inner_train_positive,251,89,1
double_cold,5,inner_train_positive,251,204,1
double_cold,5,inner_train_positive,251,139,1
double_cold,5,inner_train_positive,251,67,1
double_cold,5,inner_train_positive,251,7,1
double_cold,5,inner_train_positive,251,148,1
double_cold,5,inner_train_positive,251,101,1
double_cold,5,inner_train_positive,251,43,1
double_cold,5,inner_train_positive,251,81,1
double_cold,5,inner_train_positive,251,177,1
double_cold,5,inner_train_positive,253,89,1
double_cold,5,inner_train_positive,253,103,1
double_cold,5,inner_train_positive,253,7,1
double_cold,5,inner_train_positive,253,204,1
double_cold,5,inner_train_positive,253,81,1
double_cold,5,inner_train_positive,254,67,1
double_cold,5,inner_train_positive,254,89,1
double_cold,5,inner_train_positive,254,123,1
double_cold,5,inner_train_positive,254,7,1
double_cold,5,inner_train_positive,254,103,1
double_cold,5,inner_train_positive,254,84,1
double_cold,5,inner_train_positive,254,204,1
double_cold,5,inner_train_positive,257,89,1
double_cold,5,inner_train_positive,257,41,1
double_cold,5,inner_train_positive,258,67,1
double_cold,5,inner_train_positive,258,177,1
double_cold,5,inner_train_positive,258,44,1
double_cold,5,inner_train_positive,258,103,1
double_cold,5,inner_train_positive,258,89,1
double_cold,5,inner_train_positive,258,41,1
double_cold,5,inner_train_positive,258,139,1
double_cold,5,inner_train_positive,258,146,1
double_cold,5,inner_train_positive,258,123,1
double_cold,5,inner_train_positive,258,84,1
double_cold,5,inner_train_positive,258,61,1
double_cold,5,inner_train_positive,258,74,1
double_cold,5,inner_train_positive,258,7,1
double_cold,5,inner_train_positive,258,50,1
double_cold,5,inner_train_positive,258,124,1
double_cold,5,inner_train_positive,259,3,1
double_cold,5,inner_train_positive,259,67,1
double_cold,5,inner_train_positive,259,103,1
double_cold,5,inner_train_positive,259,89,1
double_cold,5,inner_train_positive,259,81,1
double_cold,5,inner_train_positive,263,89,1
double_cold,5,inner_train_positive,263,3,1
double_cold,5,inner_train_positive,263,123,1
double_cold,5,inner_train_positive,263,103,1
double_cold,5,inner_train_positive,263,204,1
double_cold,5,inner_train_positive,263,7,1
double_cold,5,inner_train_positive,263,43,1
double_cold,5,inner_train_positive,263,67,1
double_cold,5,inner_train_positive,264,48,1
double_cold,5,inner_train_positive,264,89,1
double_cold,5,inner_train_positive,264,103,1
double_cold,5,inner_train_positive,264,177,1
double_cold,5,inner_train_positive,264,34,1
double_cold,5,inner_train_positive,264,22,1
double_cold,5,inner_train_positive,264,7,1
double_cold,5,inner_train_positive,264,41,1
double_cold,5,inner_train_positive,264,139,1
double_cold,5,inner_train_positive,264,179,1
double_cold,5,inner_train_positive,267,89,1
double_cold,5,inner_train_positive,267,123,1
double_cold,5,inner_train_positive,267,103,1
double_cold,5,inner_train_positive,267,67,1
double_cold,5,inner_train_positive,267,204,1
double_cold,5,inner_train_positive,267,3,1
double_cold,5,inner_train_positive,267,177,1
double_cold,5,inner_train_positive,267,43,1
double_cold,5,inner_train_positive,267,94,1
double_cold,5,inner_train_positive,267,101,1
double_cold,5,inner_train_positive,267,148,1
double_cold,5,inner_train_positive,267,134,1
double_cold,5,inner_train_positive,267,74,1
double_cold,5,inner_train_positive,270,89,1
double_cold,5,inner_train_positive,270,186,1
double_cold,5,inner_train_positive,270,67,1
double_cold,5,inner_train_positive,270,7,1
double_cold,5,inner_train_positive,270,103,1
double_cold,5,inner_train_positive,270,176,1
double_cold,5,inner_train_positive,270,3,1
double_cold,5,inner_train_positive,270,123,1
double_cold,5,inner_train_positive,270,177,1
double_cold,5,inner_train_positive,270,102,1
double_cold,5,inner_train_positive,270,94,1
double_cold,5,inner_train_positive,270,74,1
double_cold,5,inner_train_positive,270,85,1
double_cold,5,inner_train_positive,270,204,1
double_cold,5,inner_train_positive,270,30,1
double_cold,5,inner_train_positive,270,84,1
double_cold,5,inner_train_positive,270,148,1
double_cold,5,inner_train_positive,270,90,1
double_cold,5,inner_train_positive,270,81,1
double_cold,5,inner_train_positive,270,99,1
double_cold,5,inner_train_positive,270,43,1
double_cold,5,inner_train_positive,270,106,1
double_cold,5,inner_train_positive,270,134,1
double_cold,5,inner_train_positive,270,73,1
double_cold,5,inner_train_positive,270,198,1
double_cold,5,inner_train_positive,270,101,1
double_cold,5,inner_train_positive,270,17,1
double_cold,5,inner_train_positive,270,70,1
double_cold,5,inner_train_positive,270,173,1
double_cold,5,inner_train_positive,271,67,1
double_cold,5,inner_train_positive,271,179,1
double_cold,5,inner_train_positive,271,103,1
double_cold,5,inner_train_positive,271,3,1
double_cold,5,inner_train_positive,272,101,1
double_cold,5,inner_train_positive,272,148,1
double_cold,5,inner_train_positive,272,103,1
double_cold,5,inner_train_positive,272,16,1
double_cold,5,inner_train_positive,272,67,1
double_cold,5,inner_train_positive,272,7,1
double_cold,5,inner_train_positive,272,81,1
double_cold,5,inner_train_positive,273,89,1
double_cold,5,inner_train_positive,273,41,1
double_cold,5,inner_train_positive,273,85,1
double_cold,5,inner_train_positive,273,67,1
double_cold,5,inner_train_positive,273,103,1
double_cold,5,inner_train_positive,273,204,1
double_cold,5,inner_train_positive,273,150,1
double_cold,5,inner_train_positive,273,81,1
double_cold,5,inner_train_positive,273,90,1
double_cold,5,inner_train_positive,273,3,1
double_cold,5,inner_train_positive,273,101,1
double_cold,5,inner_train_positive,273,148,1
double_cold,5,inner_train_positive,274,74,1
double_cold,5,inner_train_positive,274,134,1
double_cold,5,inner_train_positive,274,101,1
double_cold,5,inner_train_positive,274,148,1
double_cold,5,inner_train_positive,274,103,1
double_cold,5,inner_train_positive,276,67,1
double_cold,5,inner_train_positive,276,94,1
double_cold,5,inner_train_positive,276,103,1
double_cold,5,inner_train_positive,278,67,1
double_cold,5,inner_train_positive,278,3,1
double_cold,5,inner_train_positive,278,103,1
double_cold,5,inner_train_positive,278,123,1
double_cold,5,inner_train_positive,278,146,1
double_cold,5,inner_train_positive,278,7,1
double_cold,5,inner_train_positive,278,101,1
double_cold,5,inner_train_positive,278,148,1
double_cold,5,inner_train_positive,278,84,1
double_cold,5,inner_train_positive,278,144,1
double_cold,5,inner_train_positive,281,89,1
double_cold,5,inner_train_positive,281,103,1
double_cold,5,inner_train_positive,281,204,1
double_cold,5,inner_train_positive,281,3,1
double_cold,5,inner_train_positive,282,103,1
double_cold,5,inner_train_positive,284,3,1
double_cold,5,inner_train_positive,284,205,1
double_cold,5,inner_train_positive,284,103,1
double_cold,5,inner_train_positive,284,204,1
double_cold,5,inner_train_positive,284,7,1
double_cold,5,inner_train_positive,284,89,1
double_cold,5,inner_train_positive,284,12,1
double_cold,5,inner_train_positive,284,67,1
double_cold,5,inner_train_positive,285,74,1
double_cold,5,inner_train_positive,285,41,1
double_cold,5,inner_train_positive,285,103,1
double_cold,5,inner_train_positive,285,67,1
double_cold,5,inner_train_positive,287,89,1
double_cold,5,inner_train_positive,287,205,1
double_cold,5,inner_train_positive,287,103,1
double_cold,5,inner_train_positive,287,102,1
double_cold,5,inner_train_positive,287,67,1
double_cold,5,inner_train_positive,287,204,1
double_cold,5,inner_train_positive,287,94,1
double_cold,5,inner_train_positive,287,12,1
double_cold,5,inner_train_positive,290,89,1
double_cold,5,inner_train_positive,290,123,1
double_cold,5,inner_train_positive,290,189,1
double_cold,5,inner_train_positive,290,103,1
double_cold,5,inner_train_positive,290,67,1
double_cold,5,inner_train_positive,290,150,1
double_cold,5,inner_train_positive,290,204,1
double_cold,5,inner_train_positive,290,3,1
double_cold,5,inner_train_positive,290,73,1
double_cold,5,inner_train_positive,290,84,1
double_cold,5,inner_train_positive,290,134,1
double_cold,5,inner_train_positive,290,7,1
double_cold,5,inner_train_positive,290,74,1
double_cold,5,inner_train_positive,290,87,1
double_cold,5,inner_train_positive,290,161,1
double_cold,5,inner_train_positive,293,89,1
double_cold,5,inner_train_positive,293,103,1
double_cold,5,inner_train_positive,293,67,1
double_cold,5,inner_train_positive,293,204,1
double_cold,5,inner_train_positive,293,41,1
double_cold,5,inner_train_positive,295,69,1
double_cold,5,inner_train_positive,295,123,1
double_cold,5,inner_train_positive,295,103,1
double_cold,5,inner_train_positive,295,41,1
double_cold,5,inner_train_positive,295,85,1
double_cold,5,inner_train_positive,295,74,1
double_cold,5,inner_train_positive,295,148,1
double_cold,5,inner_train_positive,295,101,1
double_cold,5,inner_train_positive,295,89,1
double_cold,5,inner_train_positive,295,67,1
double_cold,5,inner_train_positive,296,89,1
double_cold,5,inner_train_positive,296,42,1
double_cold,5,inner_train_positive,296,103,1
double_cold,5,inner_train_positive,296,67,1
double_cold,5,inner_train_positive,296,7,1
double_cold,5,inner_train_positive,296,148,1
double_cold,5,inner_train_positive,296,41,1
double_cold,5,inner_train_positive,296,86,1
double_cold,5,inner_train_positive,296,204,1
double_cold,5,inner_train_positive,296,144,1
double_cold,5,inner_train_positive,296,74,1
double_cold,5,inner_train_positive,297,209,1
double_cold,5,inner_train_positive,297,89,1
double_cold,5,inner_train_positive,630,3,1
double_cold,5,inner_train_positive,630,7,1
double_cold,5,inner_train_positive,630,89,1
double_cold,5,inner_train_positive,630,67,1
double_cold,5,inner_train_positive,630,103,1
double_cold,5,inner_train_positive,630,204,1
double_cold,5,inner_train_positive,630,41,1
double_cold,5,inner_train_positive,299,177,1
double_cold,5,inner_train_positive,299,44,1
double_cold,5,inner_train_positive,299,103,1
double_cold,5,inner_train_positive,299,204,1
double_cold,5,inner_train_positive,299,3,1
double_cold,5,inner_train_positive,299,67,1
double_cold,5,inner_train_positive,299,89,1
double_cold,5,inner_train_positive,299,7,1
double_cold,5,inner_train_positive,300,103,1
double_cold,5,inner_train_positive,301,204,1
double_cold,5,inner_train_positive,301,67,1
double_cold,5,inner_train_positive,301,103,1
double_cold,5,inner_train_positive,301,148,1
double_cold,5,inner_train_positive,301,89,1
double_cold,5,inner_train_positive,301,17,1
double_cold,5,inner_train_positive,301,84,1
double_cold,5,inner_train_positive,303,89,1
double_cold,5,inner_train_positive,303,7,1
double_cold,5,inner_train_positive,303,103,1
double_cold,5,inner_train_positive,303,114,1
double_cold,5,inner_train_positive,303,148,1
double_cold,5,inner_train_positive,304,89,1
double_cold,5,inner_train_positive,304,103,1
double_cold,5,inner_train_positive,304,204,1
double_cold,5,inner_train_positive,306,103,1
double_cold,5,inner_train_positive,306,89,1
double_cold,5,inner_train_positive,306,7,1
double_cold,5,inner_train_positive,306,67,1
double_cold,5,inner_train_positive,306,94,1
double_cold,5,inner_train_positive,306,134,1
double_cold,5,inner_train_positive,306,204,1
double_cold,5,inner_train_positive,307,123,1
double_cold,5,inner_train_positive,307,103,1
double_cold,5,inner_train_positive,307,204,1
double_cold,5,inner_train_positive,307,7,1
double_cold,5,inner_train_positive,307,84,1
double_cold,5,inner_train_positive,307,67,1
double_cold,5,inner_train_positive,307,89,1
double_cold,5,inner_train_positive,308,103,1
double_cold,5,inner_train_positive,308,74,1
double_cold,5,inner_train_positive,308,73,1
double_cold,5,inner_train_positive,308,150,1
double_cold,5,inner_train_positive,308,3,1
double_cold,5,inner_train_positive,308,7,1
double_cold,5,inner_train_positive,308,85,1
double_cold,5,inner_train_positive,308,67,1
double_cold,5,inner_train_positive,308,41,1
double_cold,5,inner_train_positive,308,124,1
double_cold,5,inner_train_positive,309,89,1
double_cold,5,inner_train_positive,309,3,1
double_cold,5,inner_train_positive,309,205,1
double_cold,5,inner_train_positive,309,103,1
double_cold,5,inner_train_positive,309,7,1
double_cold,5,inner_train_positive,309,204,1
double_cold,5,inner_train_positive,309,177,1
double_cold,5,inner_train_positive,309,84,1
double_cold,5,inner_train_positive,309,41,1
double_cold,5,inner_train_positive,309,124,1
double_cold,5,inner_train_positive,309,146,1
double_cold,5,inner_train_positive,309,74,1
double_cold,5,inner_train_positive,309,123,1
double_cold,5,inner_train_positive,309,67,1
double_cold,5,inner_train_positive,309,134,1
double_cold,5,inner_train_positive,309,101,1
double_cold,5,inner_train_positive,309,148,1
double_cold,5,inner_train_positive,310,123,1
double_cold,5,inner_train_positive,310,7,1
double_cold,5,inner_train_positive,310,179,1
double_cold,5,inner_train_positive,310,67,1
double_cold,5,inner_train_positive,310,103,1
double_cold,5,inner_train_positive,311,89,1
double_cold,5,inner_train_positive,311,103,1
double_cold,5,inner_train_positive,311,205,1
double_cold,5,inner_train_positive,311,3,1
double_cold,5,inner_train_positive,311,123,1
double_cold,5,inner_train_positive,311,177,1
double_cold,5,inner_train_positive,311,7,1
double_cold,5,inner_train_positive,311,85,1
double_cold,5,inner_train_positive,311,122,1
double_cold,5,inner_train_positive,311,204,1
double_cold,5,inner_train_positive,311,67,1
double_cold,5,inner_train_positive,311,84,1
double_cold,5,inner_train_positive,311,148,1
double_cold,5,inner_train_positive,311,101,1
double_cold,5,inner_train_positive,312,89,1
double_cold,5,inner_train_positive,312,3,1
double_cold,5,inner_train_positive,312,103,1
double_cold,5,inner_train_positive,312,19,1
double_cold,5,inner_train_positive,312,74,1
double_cold,5,inner_train_positive,313,89,1
double_cold,5,inner_train_positive,313,103,1
double_cold,5,inner_train_positive,313,148,1
double_cold,5,inner_train_positive,313,86,1
double_cold,5,inner_train_positive,314,89,1
double_cold,5,inner_train_positive,314,67,1
double_cold,5,inner_train_positive,314,7,1
double_cold,5,inner_train_positive,314,204,1
double_cold,5,inner_train_positive,314,103,1
double_cold,5,inner_train_positive,314,148,1
double_cold,5,inner_train_positive,314,101,1
double_cold,5,inner_train_positive,314,74,1
double_cold,5,inner_train_positive,315,89,1
double_cold,5,inner_train_positive,315,148,1
double_cold,5,inner_train_positive,315,101,1
double_cold,5,inner_train_positive,315,103,1
double_cold,5,inner_train_positive,316,103,1
double_cold,5,inner_train_positive,316,30,1
double_cold,5,inner_train_positive,316,123,1
double_cold,5,inner_train_positive,316,7,1
double_cold,5,inner_train_positive,316,84,1
double_cold,5,inner_train_positive,316,85,1
double_cold,5,inner_train_positive,317,204,1
double_cold,5,inner_train_positive,317,103,1
double_cold,5,inner_train_positive,317,7,1
double_cold,5,inner_train_positive,613,103,1
double_cold,5,inner_train_positive,613,146,1
double_cold,5,inner_train_positive,613,89,1
double_cold,5,inner_train_positive,613,204,1
double_cold,5,inner_train_positive,613,67,1
double_cold,5,inner_train_positive,613,50,1
double_cold,5,inner_train_positive,320,7,1
double_cold,5,inner_train_positive,320,89,1
double_cold,5,inner_train_positive,320,67,1
double_cold,5,inner_train_positive,320,150,1
double_cold,5,inner_train_positive,320,177,1
double_cold,5,inner_train_positive,321,8,1
double_cold,5,inner_train_positive,321,89,1
double_cold,5,inner_train_positive,321,103,1
double_cold,5,inner_train_positive,321,123,1
double_cold,5,inner_train_positive,321,56,1
double_cold,5,inner_train_positive,321,41,1
double_cold,5,inner_train_positive,321,3,1
double_cold,5,inner_train_positive,321,67,1
double_cold,5,inner_train_positive,321,73,1
double_cold,5,inner_train_positive,321,149,1
double_cold,5,inner_train_positive,321,32,1
double_cold,5,inner_train_positive,321,7,1
double_cold,5,inner_train_positive,321,16,1
double_cold,5,inner_train_positive,321,81,1
double_cold,5,inner_train_positive,322,205,1
double_cold,5,inner_train_positive,322,3,1
double_cold,5,inner_train_positive,322,103,1
double_cold,5,inner_train_positive,322,67,1
double_cold,5,inner_train_positive,322,89,1
double_cold,5,inner_train_positive,322,84,1
double_cold,5,inner_train_positive,322,81,1
double_cold,5,inner_train_positive,322,94,1
double_cold,5,inner_train_positive,322,86,1
double_cold,5,inner_train_positive,322,7,1
double_cold,5,inner_train_positive,328,94,1
double_cold,5,inner_train_positive,328,103,1
double_cold,5,inner_train_positive,328,74,1
double_cold,5,inner_train_positive,328,67,1
double_cold,5,inner_train_positive,328,123,1
double_cold,5,inner_train_positive,328,7,1
double_cold,5,inner_train_positive,328,89,1
double_cold,5,inner_train_positive,328,150,1
double_cold,5,inner_train_positive,328,177,1
double_cold,5,inner_train_positive,329,74,1
double_cold,5,inner_train_positive,329,89,1
double_cold,5,inner_train_positive,329,103,1
double_cold,5,inner_train_positive,329,90,1
double_cold,5,inner_train_positive,329,94,1
double_cold,5,inner_train_positive,329,7,1
double_cold,5,inner_train_positive,329,67,1
double_cold,5,inner_train_positive,329,177,1
double_cold,5,inner_train_positive,329,123,1
double_cold,5,inner_train_positive,330,67,1
double_cold,5,inner_train_positive,330,103,1
double_cold,5,inner_train_positive,330,101,1
double_cold,5,inner_train_positive,330,148,1
double_cold,5,inner_train_positive,330,144,1
double_cold,5,inner_train_positive,330,7,1
double_cold,5,inner_train_positive,331,103,1
double_cold,5,inner_train_positive,331,67,1
double_cold,5,inner_train_positive,331,7,1
double_cold,5,inner_train_positive,331,89,1
double_cold,5,inner_train_positive,331,81,1
double_cold,5,inner_train_positive,331,86,1
double_cold,5,inner_train_positive,332,103,1
double_cold,5,inner_train_positive,332,67,1
double_cold,5,inner_train_positive,332,94,1
double_cold,5,inner_train_positive,332,197,1
double_cold,5,inner_train_positive,332,16,1
double_cold,5,inner_train_positive,332,74,1
double_cold,5,inner_train_positive,333,89,1
double_cold,5,inner_train_positive,333,22,1
double_cold,5,inner_train_positive,333,67,1
double_cold,5,inner_train_positive,333,144,1
double_cold,5,inner_train_positive,334,89,1
double_cold,5,inner_train_positive,334,84,1
double_cold,5,inner_train_positive,334,7,1
double_cold,5,inner_train_positive,334,103,1
double_cold,5,inner_train_positive,334,67,1
double_cold,5,inner_train_positive,334,148,1
double_cold,5,inner_train_positive,334,204,1
double_cold,5,inner_train_positive,335,67,1
double_cold,5,inner_train_positive,335,103,1
double_cold,5,inner_train_positive,337,67,1
double_cold,5,inner_train_positive,337,103,1
double_cold,5,inner_train_positive,337,146,1
double_cold,5,inner_train_positive,337,7,1
double_cold,5,inner_train_positive,339,41,1
double_cold,5,inner_train_positive,339,204,1
double_cold,5,inner_train_positive,339,89,1
double_cold,5,inner_train_positive,342,67,1
double_cold,5,inner_train_positive,342,41,1
double_cold,5,inner_train_positive,342,101,1
double_cold,5,inner_train_positive,342,148,1
double_cold,5,inner_train_positive,343,89,1
double_cold,5,inner_train_positive,343,103,1
double_cold,5,inner_train_positive,343,7,1
double_cold,5,inner_train_positive,343,177,1
double_cold,5,inner_train_positive,343,204,1
double_cold,5,inner_train_positive,343,84,1
double_cold,5,inner_train_positive,343,74,1
double_cold,5,inner_train_positive,343,22,1
double_cold,5,inner_train_positive,343,148,1
double_cold,5,inner_train_positive,343,100,1
double_cold,5,inner_train_positive,343,140,1
double_cold,5,inner_train_positive,343,82,1
double_cold,5,inner_train_positive,343,123,1
double_cold,5,inner_train_positive,343,67,1
double_cold,5,inner_train_positive,343,81,1
double_cold,5,inner_train_positive,344,89,1
double_cold,5,inner_train_positive,344,90,1
double_cold,5,inner_train_positive,344,103,1
double_cold,5,inner_train_positive,344,204,1
double_cold,5,inner_train_positive,344,7,1
double_cold,5,inner_train_positive,344,177,1
double_cold,5,inner_train_positive,344,67,1
double_cold,5,inner_train_positive,344,135,1
double_cold,5,inner_train_positive,345,89,1
double_cold,5,inner_train_positive,346,89,1
double_cold,5,inner_train_positive,346,103,1
double_cold,5,inner_train_positive,346,177,1
double_cold,5,inner_train_positive,346,7,1
double_cold,5,inner_train_positive,346,67,1
double_cold,5,inner_train_positive,346,85,1
double_cold,5,inner_train_positive,346,204,1
double_cold,5,inner_train_positive,346,84,1
double_cold,5,inner_train_positive,346,148,1
double_cold,5,inner_train_positive,346,134,1
double_cold,5,inner_train_positive,346,179,1
double_cold,5,inner_train_positive,346,17,1
double_cold,5,inner_train_positive,347,103,1
double_cold,5,inner_train_positive,347,148,1
double_cold,5,inner_train_positive,347,67,1
double_cold,5,inner_train_positive,347,41,1
double_cold,5,inner_train_positive,347,101,1
double_cold,5,inner_train_positive,347,84,1
double_cold,5,inner_train_positive,352,89,1
double_cold,5,inner_train_positive,352,103,1
double_cold,5,inner_train_positive,352,7,1
double_cold,5,inner_train_positive,352,3,1
double_cold,5,inner_train_positive,352,124,1
double_cold,5,inner_train_positive,352,146,1
double_cold,5,inner_train_positive,352,123,1
double_cold,5,inner_train_positive,352,67,1
double_cold,5,inner_train_positive,352,148,1
double_cold,5,inner_train_positive,352,204,1
double_cold,5,inner_train_positive,353,204,1
double_cold,5,inner_train_positive,353,146,1
double_cold,5,inner_train_positive,353,148,1
double_cold,5,inner_train_positive,353,134,1
double_cold,5,inner_train_positive,355,205,1
double_cold,5,inner_train_positive,355,103,1
double_cold,5,inner_train_positive,355,151,1
double_cold,5,inner_train_positive,355,7,1
double_cold,5,inner_train_positive,355,204,1
double_cold,5,inner_train_positive,355,84,1
double_cold,5,inner_train_positive,355,81,1
double_cold,5,inner_train_positive,355,74,1
double_cold,5,inner_train_positive,355,85,1
double_cold,5,inner_train_positive,357,103,1
double_cold,5,inner_train_positive,357,89,1
double_cold,5,inner_train_positive,357,7,1
double_cold,5,inner_train_positive,357,177,1
double_cold,5,inner_train_positive,357,140,1
double_cold,5,inner_train_positive,357,41,1
double_cold,5,inner_train_positive,357,3,1
double_cold,5,inner_train_positive,358,103,1
double_cold,5,inner_train_positive,358,89,1
double_cold,5,inner_train_positive,358,7,1
double_cold,5,inner_train_positive,358,177,1
double_cold,5,inner_train_positive,358,148,1
double_cold,5,inner_train_positive,360,103,1
double_cold,5,inner_train_positive,360,89,1
double_cold,5,inner_train_positive,360,41,1
double_cold,5,inner_train_positive,360,148,1
double_cold,5,inner_train_positive,360,7,1
double_cold,5,inner_train_positive,360,101,1
double_cold,5,inner_train_positive,361,148,1
double_cold,5,inner_train_positive,361,103,1
double_cold,5,inner_train_positive,361,67,1
double_cold,5,inner_train_positive,362,123,1
double_cold,5,inner_train_positive,362,41,1
double_cold,5,inner_train_positive,362,140,1
double_cold,5,inner_train_positive,362,103,1
double_cold,5,inner_train_positive,362,7,1
double_cold,5,inner_train_positive,362,101,1
double_cold,5,inner_train_positive,362,148,1
double_cold,5,inner_train_positive,364,148,1
double_cold,5,inner_train_positive,364,67,1
double_cold,5,inner_train_positive,364,101,1
double_cold,5,inner_train_positive,364,3,1
double_cold,5,inner_train_positive,364,73,1
double_cold,5,inner_train_positive,364,81,1
double_cold,5,inner_train_positive,364,103,1
double_cold,5,inner_train_positive,365,81,1
double_cold,5,inner_train_positive,366,103,1
double_cold,5,inner_train_positive,366,148,1
double_cold,5,inner_train_positive,366,101,1
double_cold,5,inner_train_positive,366,204,1
double_cold,5,inner_train_positive,366,81,1
double_cold,5,inner_train_positive,367,67,1
double_cold,5,inner_train_positive,367,17,1
double_cold,5,inner_train_positive,367,148,1
double_cold,5,inner_train_positive,367,101,1
double_cold,5,inner_train_positive,367,103,1
double_cold,5,inner_train_positive,368,150,1
double_cold,5,inner_train_positive,368,148,1
double_cold,5,inner_train_positive,368,101,1
double_cold,5,inner_train_positive,368,103,1
double_cold,5,inner_train_positive,369,50,1
double_cold,5,inner_train_positive,369,89,1
double_cold,5,inner_train_positive,369,148,1
double_cold,5,inner_train_positive,369,103,1
double_cold,5,inner_train_positive,370,67,1
double_cold,5,inner_train_positive,370,204,1
double_cold,5,inner_train_positive,373,123,1
double_cold,5,inner_train_positive,373,103,1
double_cold,5,inner_train_positive,374,103,1
double_cold,5,inner_train_positive,374,148,1
double_cold,5,inner_train_positive,374,101,1
double_cold,5,inner_train_positive,375,89,1
double_cold,5,inner_train_positive,375,103,1
double_cold,5,inner_train_positive,375,150,1
double_cold,5,inner_train_positive,375,148,1
double_cold,5,inner_train_positive,375,81,1
double_cold,5,inner_train_positive,376,89,1
double_cold,5,inner_train_positive,376,103,1
double_cold,5,inner_train_positive,376,150,1
double_cold,5,inner_train_positive,376,148,1
double_cold,5,inner_train_positive,376,67,1
double_cold,5,inner_train_positive,377,89,1
double_cold,5,inner_train_positive,377,103,1
double_cold,5,inner_train_positive,377,150,1
double_cold,5,inner_train_positive,377,123,1
double_cold,5,inner_train_positive,378,103,1
double_cold,5,inner_train_positive,378,123,1
double_cold,5,inner_train_positive,378,7,1
double_cold,5,inner_train_positive,378,148,1
double_cold,5,inner_train_positive,378,101,1
double_cold,5,inner_train_positive,380,103,1
double_cold,5,inner_train_positive,380,101,1
double_cold,5,inner_train_positive,380,148,1
double_cold,5,inner_train_positive,381,103,1
double_cold,5,inner_train_positive,381,101,1
double_cold,5,inner_train_positive,381,148,1
double_cold,5,inner_train_positive,383,89,1
double_cold,5,inner_train_positive,383,103,1
double_cold,5,inner_train_positive,383,150,1
double_cold,5,inner_train_positive,383,101,1
double_cold,5,inner_train_positive,383,148,1
double_cold,5,inner_train_positive,384,22,1
double_cold,5,inner_train_positive,384,103,1
double_cold,5,inner_train_positive,384,150,1
double_cold,5,inner_train_positive,384,123,1
double_cold,5,inner_train_positive,386,123,1
double_cold,5,inner_train_positive,386,101,1
double_cold,5,inner_train_positive,386,148,1
double_cold,5,inner_train_positive,387,89,1
double_cold,5,inner_train_positive,387,103,1
double_cold,5,inner_train_positive,387,7,1
double_cold,5,inner_train_positive,387,30,1
double_cold,5,inner_train_positive,387,84,1
double_cold,5,inner_train_positive,387,94,1
double_cold,5,inner_train_positive,387,101,1
double_cold,5,inner_train_positive,387,148,1
double_cold,5,inner_train_positive,387,161,1
double_cold,5,inner_train_positive,388,41,1
double_cold,5,inner_train_positive,388,148,1
double_cold,5,inner_train_positive,389,89,1
double_cold,5,inner_train_positive,389,103,1
double_cold,5,inner_train_positive,389,123,1
double_cold,5,inner_train_positive,389,94,1
double_cold,5,inner_train_positive,389,7,1
double_cold,5,inner_train_positive,389,67,1
double_cold,5,inner_train_positive,390,89,1
double_cold,5,inner_train_positive,390,103,1
double_cold,5,inner_train_positive,390,94,1
double_cold,5,inner_train_positive,393,103,1
double_cold,5,inner_train_positive,393,41,1
double_cold,5,inner_train_positive,393,94,1
double_cold,5,inner_train_positive,393,148,1
double_cold,5,inner_train_positive,393,101,1
double_cold,5,inner_train_positive,394,103,1
double_cold,5,inner_train_positive,394,89,1
double_cold,5,inner_train_positive,395,89,1
double_cold,5,inner_train_positive,395,103,1
double_cold,5,inner_train_positive,395,67,1
double_cold,5,inner_train_positive,395,101,1
double_cold,5,inner_train_positive,395,148,1
double_cold,5,inner_train_positive,395,17,1
double_cold,5,inner_train_positive,396,103,1
double_cold,5,inner_train_positive,396,123,1
double_cold,5,inner_train_positive,397,103,1
double_cold,5,inner_train_positive,397,123,1
double_cold,5,inner_train_positive,397,89,1
double_cold,5,inner_train_positive,397,67,1
double_cold,5,inner_train_positive,397,22,1
double_cold,5,inner_train_positive,402,89,1
double_cold,5,inner_train_positive,404,41,1
double_cold,5,inner_train_positive,404,103,1
double_cold,5,inner_train_positive,404,7,1
double_cold,5,inner_train_positive,631,89,1
double_cold,5,inner_train_positive,631,3,1
double_cold,5,inner_train_positive,631,103,1
double_cold,5,inner_train_positive,631,7,1
double_cold,5,inner_train_positive,631,177,1
double_cold,5,inner_train_positive,631,41,1
double_cold,5,inner_train_positive,631,43,1
double_cold,5,inner_train_positive,407,123,1
double_cold,5,inner_train_positive,407,103,1
double_cold,5,inner_train_positive,407,67,1
double_cold,5,inner_train_positive,407,3,1
double_cold,5,inner_train_positive,407,89,1
double_cold,5,inner_train_positive,407,177,1
double_cold,5,inner_train_positive,407,150,1
double_cold,5,inner_train_positive,408,124,1
double_cold,5,inner_train_positive,408,103,1
double_cold,5,inner_train_positive,408,123,1
double_cold,5,inner_train_positive,408,148,1
double_cold,5,inner_train_positive,408,41,1
double_cold,5,inner_train_positive,408,150,1
double_cold,5,inner_train_positive,408,89,1
double_cold,5,inner_train_positive,408,177,1
double_cold,5,inner_train_positive,408,67,1
double_cold,5,inner_train_positive,409,146,1
double_cold,5,inner_train_positive,409,7,1
double_cold,5,inner_train_positive,409,204,1
double_cold,5,inner_train_positive,409,144,1
double_cold,5,inner_train_positive,409,103,1
double_cold,5,inner_train_positive,411,89,1
double_cold,5,inner_train_positive,411,103,1
double_cold,5,inner_train_positive,411,94,1
double_cold,5,inner_train_positive,411,41,1
double_cold,5,inner_train_positive,412,89,1
double_cold,5,inner_train_positive,412,74,1
double_cold,5,inner_train_positive,412,103,1
double_cold,5,inner_train_positive,415,74,1
double_cold,5,inner_train_positive,415,41,1
double_cold,5,inner_train_positive,418,94,1
double_cold,5,inner_train_positive,418,150,1
double_cold,5,inner_train_positive,418,89,1
double_cold,5,inner_train_positive,418,67,1
double_cold,5,inner_train_positive,418,177,1
double_cold,5,inner_train_positive,419,89,1
double_cold,5,inner_train_positive,419,41,1
double_cold,5,inner_train_positive,419,103,1
double_cold,5,inner_train_positive,423,101,1
double_cold,5,inner_train_positive,423,148,1
double_cold,5,inner_train_positive,424,89,1
double_cold,5,inner_train_positive,425,123,1
double_cold,5,inner_train_positive,427,204,1
double_cold,5,inner_train_positive,428,101,1
double_cold,5,inner_train_positive,428,148,1
double_cold,5,inner_train_positive,614,103,1
double_cold,5,inner_train_positive,614,140,1
double_cold,5,inner_train_positive,614,41,1
double_cold,5,inner_train_positive,614,134,1
double_cold,5,inner_train_positive,431,7,1
double_cold,5,inner_train_positive,431,41,1
double_cold,5,inner_train_positive,431,123,1
double_cold,5,inner_train_positive,431,204,1
double_cold,5,inner_train_positive,431,103,1
double_cold,5,inner_train_positive,432,89,1
double_cold,5,inner_train_positive,432,7,1
double_cold,5,inner_train_positive,433,74,1
double_cold,5,inner_train_positive,433,89,1
double_cold,5,inner_train_positive,433,103,1
double_cold,5,inner_train_positive,433,123,1
double_cold,5,inner_train_positive,433,101,1
double_cold,5,inner_train_positive,433,148,1
double_cold,5,inner_train_positive,433,16,1
double_cold,5,inner_train_positive,433,43,1
double_cold,5,inner_train_positive,433,67,1
double_cold,5,inner_train_positive,436,89,1
double_cold,5,inner_train_positive,437,101,1
double_cold,5,inner_train_positive,437,148,1
double_cold,5,inner_train_positive,439,89,1
double_cold,5,inner_train_positive,439,204,1
double_cold,5,inner_train_positive,439,7,1
double_cold,5,inner_train_positive,439,41,1
double_cold,5,inner_train_positive,440,204,1
double_cold,5,inner_train_positive,440,81,1
double_cold,5,inner_train_positive,441,84,1
double_cold,5,inner_train_positive,442,204,1
double_cold,5,inner_train_positive,442,101,1
double_cold,5,inner_train_positive,442,148,1
double_cold,5,inner_train_positive,445,94,1
double_cold,5,inner_train_positive,445,103,1
double_cold,5,inner_train_positive,445,7,1
double_cold,5,inner_train_positive,445,67,1
double_cold,5,inner_train_positive,445,84,1
double_cold,5,inner_train_positive,446,7,1
double_cold,5,inner_train_positive,446,204,1
double_cold,5,inner_train_positive,448,89,1
double_cold,5,inner_train_positive,448,101,1
double_cold,5,inner_train_positive,448,148,1
double_cold,5,inner_train_positive,449,74,1
double_cold,5,inner_train_positive,449,89,1
double_cold,5,inner_train_positive,450,89,1
double_cold,5,inner_train_positive,451,204,1
double_cold,5,inner_train_positive,451,84,1
double_cold,5,inner_train_positive,451,148,1
double_cold,5,inner_train_positive,451,67,1
double_cold,5,inner_train_positive,451,134,1
double_cold,5,inner_train_positive,451,3,1
double_cold,5,inner_train_positive,453,89,1
double_cold,5,inner_train_positive,453,103,1
double_cold,5,inner_train_positive,453,41,1
double_cold,5,inner_train_positive,453,123,1
double_cold,5,inner_train_positive,453,3,1
double_cold,5,inner_train_positive,453,73,1
double_cold,5,inner_train_positive,453,7,1
double_cold,5,inner_train_positive,453,74,1
double_cold,5,inner_train_positive,453,67,1
double_cold,5,inner_train_positive,454,103,1
double_cold,5,inner_train_positive,454,22,1
double_cold,5,inner_train_positive,454,89,1
double_cold,5,inner_train_positive,454,67,1
double_cold,5,inner_train_positive,455,103,1
double_cold,5,inner_train_positive,456,89,1
double_cold,5,inner_train_positive,456,103,1
double_cold,5,inner_train_positive,456,204,1
double_cold,5,inner_train_positive,456,101,1
double_cold,5,inner_train_positive,456,148,1
double_cold,5,inner_train_positive,457,89,1
double_cold,5,inner_train_positive,457,7,1
double_cold,5,inner_train_positive,457,150,1
double_cold,5,inner_train_positive,457,67,1
double_cold,5,inner_train_positive,457,177,1
double_cold,5,inner_train_positive,458,89,1
double_cold,5,inner_train_positive,459,148,1
double_cold,5,inner_train_positive,459,103,1
double_cold,5,inner_train_positive,459,7,1
double_cold,5,inner_train_positive,459,67,1
double_cold,5,inner_train_positive,460,123,1
double_cold,5,inner_train_positive,460,94,1
double_cold,5,inner_train_positive,460,101,1
double_cold,5,inner_train_positive,460,148,1
double_cold,5,inner_train_positive,461,204,1
double_cold,5,inner_train_positive,461,101,1
double_cold,5,inner_train_positive,461,148,1
double_cold,5,inner_train_positive,462,134,1
double_cold,5,inner_train_positive,462,86,1
double_cold,5,inner_train_positive,462,3,1
double_cold,5,inner_train_positive,464,41,1
double_cold,5,inner_train_positive,464,94,1
double_cold,5,inner_train_positive,466,89,1
double_cold,5,inner_train_positive,466,150,1
double_cold,5,inner_train_positive,466,103,1
double_cold,5,inner_train_positive,466,7,1
double_cold,5,inner_train_positive,466,67,1
double_cold,5,inner_train_positive,466,3,1
double_cold,5,inner_train_positive,467,89,1
double_cold,5,inner_train_positive,467,204,1
double_cold,5,inner_train_positive,467,7,1
double_cold,5,inner_train_positive,468,89,1
double_cold,5,inner_train_positive,468,103,1
double_cold,5,inner_train_positive,469,89,1
double_cold,5,inner_train_positive,469,94,1
double_cold,5,inner_train_positive,469,7,1
double_cold,5,inner_train_positive,469,150,1
double_cold,5,inner_train_positive,469,67,1
double_cold,5,inner_train_positive,469,177,1
double_cold,5,inner_train_positive,473,89,1
double_cold,5,inner_train_positive,473,90,1
double_cold,5,inner_train_positive,473,103,1
double_cold,5,inner_train_positive,473,7,1
double_cold,5,inner_train_positive,474,41,1
double_cold,5,inner_train_positive,477,103,1
double_cold,5,inner_train_positive,477,89,1
double_cold,5,inner_train_positive,477,94,1
double_cold,5,inner_train_positive,479,84,1
double_cold,5,inner_train_positive,481,89,1
double_cold,5,inner_train_positive,481,103,1
double_cold,5,inner_train_positive,481,204,1
double_cold,5,inner_train_positive,481,148,1
double_cold,5,inner_train_positive,481,101,1
double_cold,5,inner_train_positive,483,103,1
double_cold,5,inner_train_positive,483,204,1
double_cold,5,inner_train_positive,485,89,1
double_cold,5,inner_train_positive,485,67,1
double_cold,5,inner_train_positive,487,103,1
double_cold,5,inner_train_positive,487,41,1
double_cold,5,inner_train_positive,487,89,1
double_cold,5,inner_train_positive,488,204,1
double_cold,5,inner_train_positive,488,74,1
double_cold,5,inner_train_positive,489,103,1
double_cold,5,inner_train_positive,489,67,1
double_cold,5,inner_train_positive,489,7,1
double_cold,5,inner_train_positive,491,90,1
double_cold,5,inner_train_positive,491,103,1
double_cold,5,inner_train_positive,491,89,1
double_cold,5,inner_train_positive,491,176,1
double_cold,5,inner_train_positive,491,177,1
double_cold,5,inner_train_positive,491,67,1
double_cold,5,inner_train_positive,492,89,1
double_cold,5,inner_train_positive,492,204,1
double_cold,5,inner_train_positive,492,140,1
double_cold,5,inner_train_positive,492,41,1
double_cold,5,inner_train_positive,492,67,1
double_cold,5,inner_train_positive,492,103,1
double_cold,5,inner_train_positive,492,74,1
double_cold,5,inner_train_positive,492,81,1
double_cold,5,inner_train_positive,496,67,1
double_cold,5,inner_train_positive,498,204,1
double_cold,5,inner_train_positive,498,101,1
double_cold,5,inner_train_positive,498,148,1
double_cold,5,inner_train_positive,498,103,1
double_cold,5,inner_train_positive,499,67,1
double_cold,5,inner_train_positive,499,89,1
double_cold,5,inner_train_positive,499,148,1
double_cold,5,inner_train_positive,499,103,1
double_cold,5,inner_train_positive,500,67,1
double_cold,5,inner_train_positive,500,7,1
double_cold,5,inner_train_positive,500,74,1
double_cold,5,inner_train_positive,500,103,1
double_cold,5,inner_train_positive,500,94,1
double_cold,5,inner_train_positive,501,7,1
double_cold,5,inner_train_positive,502,41,1
double_cold,5,inner_train_positive,502,103,1
double_cold,5,inner_train_positive,505,74,1
double_cold,5,inner_train_positive,505,204,1
double_cold,5,inner_train_positive,505,67,1
double_cold,5,inner_train_positive,505,103,1
double_cold,5,inner_train_positive,507,103,1
double_cold,5,inner_train_positive,507,67,1
double_cold,5,inner_train_positive,507,41,1
double_cold,5,inner_train_positive,507,84,1
double_cold,5,inner_train_positive,507,134,1
double_cold,5,inner_train_positive,507,86,1
double_cold,5,inner_train_positive,507,204,1
double_cold,5,inner_train_positive,508,204,1
double_cold,5,inner_train_positive,508,90,1
double_cold,5,inner_train_positive,508,103,1
double_cold,5,inner_train_positive,508,89,1
double_cold,5,inner_train_positive,508,177,1
double_cold,5,inner_train_positive,508,176,1
double_cold,5,inner_train_positive,508,208,1
double_cold,5,inner_train_positive,508,67,1
double_cold,5,inner_train_positive,508,148,1
double_cold,5,inner_train_positive,508,101,1
double_cold,5,inner_train_positive,513,89,1
double_cold,5,inner_train_positive,514,85,1
double_cold,5,inner_train_positive,514,103,1
double_cold,5,inner_train_positive,514,94,1
double_cold,5,inner_train_positive,514,74,1
double_cold,5,inner_train_positive,514,41,1
double_cold,5,inner_train_positive,514,123,1
double_cold,5,inner_train_positive,514,7,1
double_cold,5,inner_train_positive,514,67,1
double_cold,5,inner_train_positive,515,74,1
double_cold,5,inner_train_positive,515,89,1
double_cold,5,inner_train_positive,515,103,1
double_cold,5,inner_train_positive,515,67,1
double_cold,5,inner_train_positive,515,134,1
double_cold,5,inner_train_positive,515,101,1
double_cold,5,inner_train_positive,515,148,1
double_cold,5,inner_train_positive,515,204,1
double_cold,5,inner_train_positive,515,173,1
double_cold,5,inner_train_positive,516,103,1
double_cold,5,inner_train_positive,516,204,1
double_cold,5,inner_train_positive,516,177,1
double_cold,5,inner_train_positive,516,17,1
double_cold,5,inner_train_positive,516,84,1
double_cold,5,inner_train_positive,516,41,1
double_cold,5,inner_train_positive,516,3,1
double_cold,5,inner_train_positive,516,67,1
double_cold,5,inner_train_positive,516,134,1
double_cold,5,inner_train_positive,516,7,1
double_cold,5,inner_train_positive,516,16,1
double_cold,5,inner_train_positive,516,81,1
double_cold,5,inner_train_positive,519,85,1
double_cold,5,inner_train_positive,519,3,1
double_cold,5,inner_train_positive,520,103,1
double_cold,5,inner_train_positive,520,89,1
double_cold,5,inner_train_positive,520,90,1
double_cold,5,inner_train_positive,520,123,1
double_cold,5,inner_train_positive,520,41,1
double_cold,5,inner_train_positive,520,84,1
double_cold,5,inner_train_positive,520,204,1
double_cold,5,inner_train_positive,522,103,1
double_cold,5,inner_train_positive,522,123,1
double_cold,5,inner_train_positive,522,89,1
double_cold,5,inner_train_positive,522,84,1
double_cold,5,inner_train_positive,522,94,1
double_cold,5,inner_train_positive,523,103,1
double_cold,5,inner_train_positive,523,41,1
double_cold,5,inner_train_positive,527,89,1
double_cold,5,inner_train_positive,527,148,1
double_cold,5,inner_train_positive,527,101,1
double_cold,5,inner_train_positive,528,3,1
double_cold,5,inner_train_positive,528,103,1
double_cold,5,inner_train_positive,530,89,1
double_cold,5,inner_train_positive,530,69,1
double_cold,5,inner_train_positive,530,103,1
double_cold,5,inner_train_positive,530,123,1
double_cold,5,inner_train_positive,530,177,1
double_cold,5,inner_train_positive,530,101,1
double_cold,5,inner_train_positive,530,148,1
double_cold,5,inner_train_positive,530,204,1
double_cold,5,inner_train_positive,532,67,1
double_cold,5,inner_train_positive,532,204,1
double_cold,5,inner_train_positive,532,41,1
double_cold,5,inner_train_positive,535,103,1
double_cold,5,inner_train_positive,535,7,1
double_cold,5,inner_train_positive,536,74,1
double_cold,5,inner_train_positive,536,204,1
double_cold,5,inner_train_positive,538,94,1
double_cold,5,inner_train_positive,538,103,1
double_cold,5,inner_train_positive,539,89,1
double_cold,5,inner_train_positive,539,74,1
double_cold,5,inner_train_positive,539,204,1
double_cold,5,inner_train_positive,539,7,1
double_cold,5,inner_train_positive,539,17,1
double_cold,5,inner_train_positive,539,84,1
double_cold,5,inner_train_positive,539,41,1
double_cold,5,inner_train_positive,539,146,1
double_cold,5,inner_train_positive,539,67,1
double_cold,5,inner_train_positive,539,100,1
double_cold,5,inner_train_positive,539,140,1
double_cold,5,inner_train_positive,539,82,1
double_cold,5,inner_train_positive,539,103,1
double_cold,5,inner_train_positive,540,209,1
double_cold,5,inner_train_positive,540,204,1
double_cold,5,inner_train_positive,542,74,1
double_cold,5,inner_train_positive,542,103,1
double_cold,5,inner_train_positive,542,16,1
double_cold,5,inner_train_positive,542,3,1
double_cold,5,inner_train_positive,542,204,1
double_cold,5,inner_train_positive,542,67,1
double_cold,5,inner_train_positive,542,7,1
double_cold,5,inner_train_positive,542,41,1
double_cold,5,inner_train_positive,542,148,1
double_cold,5,inner_train_positive,542,134,1
double_cold,5,inner_train_positive,543,103,1
double_cold,5,inner_train_positive,543,74,1
double_cold,5,inner_train_positive,543,204,1
double_cold,5,inner_train_positive,543,123,1
double_cold,5,inner_train_positive,543,148,1
double_cold,5,inner_train_positive,543,101,1
double_cold,5,inner_train_positive,543,67,1
double_cold,5,inner_train_positive,544,204,1
double_cold,5,inner_train_positive,544,74,1
double_cold,5,inner_train_positive,544,103,1
double_cold,5,inner_train_positive,544,41,1
double_cold,5,inner_train_positive,544,134,1
double_cold,5,inner_train_positive,544,148,1
double_cold,5,inner_train_positive,544,7,1
double_cold,5,inner_train_positive,545,123,1
double_cold,5,inner_train_positive,545,7,1
double_cold,5,inner_train_positive,545,101,1
double_cold,5,inner_train_positive,545,148,1
double_cold,5,inner_train_positive,545,103,1
double_cold,5,inner_train_positive,546,74,1
double_cold,5,inner_train_positive,615,7,1
double_cold,5,inner_train_positive,547,41,1
double_cold,5,inner_train_positive,547,123,1
double_cold,5,inner_train_positive,547,67,1
double_cold,5,inner_train_positive,547,134,1
double_cold,5,inner_train_positive,547,74,1
double_cold,5,inner_train_positive,633,89,1
double_cold,5,inner_train_positive,633,103,1
double_cold,5,inner_train_positive,633,205,1
double_cold,5,inner_train_positive,633,3,1
double_cold,5,inner_train_positive,633,84,1
double_cold,5,inner_train_positive,633,123,1
double_cold,5,inner_train_positive,633,204,1
double_cold,5,inner_train_positive,633,67,1
double_cold,5,inner_train_positive,633,177,1
double_cold,5,inner_train_positive,633,7,1
double_cold,5,inner_train_positive,633,43,1
double_cold,5,inner_train_positive,633,146,1
double_cold,5,inner_train_positive,633,74,1
double_cold,5,inner_train_positive,633,148,1
double_cold,5,inner_train_positive,633,134,1
double_cold,5,inner_train_positive,550,103,1
double_cold,5,inner_train_positive,550,89,1
double_cold,5,inner_train_positive,550,1,1
double_cold,5,inner_train_positive,550,123,1
double_cold,5,inner_train_positive,550,148,1
double_cold,5,inner_train_positive,550,67,1
double_cold,5,inner_train_positive,550,101,1
double_cold,5,inner_train_positive,550,84,1
double_cold,5,inner_train_positive,550,16,1
double_cold,5,inner_train_positive,550,177,1
double_cold,5,inner_train_positive,617,7,1
double_cold,5,inner_train_positive,617,41,1
double_cold,5,inner_train_positive,617,67,1
double_cold,5,inner_train_positive,551,123,1
double_cold,5,inner_train_positive,551,103,1
double_cold,5,inner_train_positive,551,90,1
double_cold,5,inner_train_positive,551,84,1
double_cold,5,inner_train_positive,551,150,1
double_cold,5,inner_train_positive,551,73,1
double_cold,5,inner_train_positive,551,85,1
double_cold,5,inner_train_positive,551,94,1
double_cold,5,inner_train_positive,551,74,1
double_cold,5,inner_train_positive,551,204,1
double_cold,5,inner_train_positive,551,17,1
double_cold,5,inner_train_positive,552,89,1
double_cold,5,inner_train_positive,552,103,1
double_cold,5,inner_train_positive,553,89,1
double_cold,5,inner_train_positive,553,103,1
double_cold,5,inner_train_positive,553,204,1
double_cold,5,inner_train_positive,553,146,1
double_cold,5,inner_train_positive,553,123,1
double_cold,5,inner_train_positive,553,148,1
double_cold,5,inner_train_positive,553,161,1
double_cold,5,inner_train_positive,620,103,1
double_cold,5,inner_train_positive,620,7,1
double_cold,5,inner_train_positive,620,17,1
double_cold,5,inner_train_positive,620,84,1
double_cold,5,inner_train_positive,620,41,1
double_cold,5,inner_train_positive,620,148,1
double_cold,5,inner_train_positive,620,67,1
double_cold,5,inner_train_positive,620,134,1
double_cold,5,inner_train_positive,621,41,1
double_cold,5,inner_train_positive,621,148,1
double_cold,5,inner_train_positive,621,101,1
double_cold,5,inner_train_positive,554,103,1
double_cold,5,inner_train_positive,554,89,1
double_cold,5,inner_train_positive,554,204,1
double_cold,5,inner_train_positive,555,103,1
double_cold,5,inner_train_positive,555,89,1
double_cold,5,inner_train_positive,555,7,1
double_cold,5,inner_train_positive,555,177,1
double_cold,5,inner_train_positive,555,204,1
double_cold,5,inner_train_positive,555,84,1
double_cold,5,inner_train_positive,555,41,1
double_cold,5,inner_train_positive,555,140,1
double_cold,5,inner_train_positive,555,148,1
double_cold,5,inner_train_positive,555,101,1
double_cold,5,inner_train_positive,555,67,1
double_cold,5,inner_train_positive,555,17,1
double_cold,5,inner_train_positive,556,101,1
double_cold,5,inner_train_positive,556,148,1
double_cold,5,inner_train_positive,556,103,1
double_cold,5,inner_train_positive,556,84,1
double_cold,5,inner_train_positive,556,3,1
double_cold,5,inner_train_positive,557,148,1
double_cold,5,inner_train_positive,557,41,1
double_cold,5,inner_train_positive,557,103,1
double_cold,5,inner_train_positive,557,84,1
double_cold,5,inner_train_positive,557,67,1
double_cold,5,inner_train_positive,557,101,1
double_cold,5,inner_train_positive,557,3,1
double_cold,5,inner_train_positive,559,123,1
double_cold,5,inner_train_positive,559,67,1
double_cold,5,inner_train_positive,559,161,1
double_cold,5,inner_train_positive,560,103,1
double_cold,5,inner_train_positive,560,81,1
double_cold,5,inner_train_positive,561,67,1
double_cold,5,inner_train_positive,561,89,1
double_cold,5,inner_train_positive,562,7,1
double_cold,5,inner_train_positive,562,123,1
double_cold,5,inner_train_positive,562,103,1
double_cold,5,inner_train_positive,562,67,1
double_cold,5,inner_train_positive,562,84,1
double_cold,5,inner_train_positive,562,89,1
double_cold,5,inner_train_positive,562,108,1
double_cold,5,inner_train_positive,563,7,1
double_cold,5,inner_train_positive,563,74,1
double_cold,5,inner_train_positive,563,103,1
double_cold,5,inner_train_positive,563,148,1
double_cold,5,inner_train_positive,563,41,1
double_cold,5,inner_train_positive,563,67,1
double_cold,5,inner_train_positive,563,101,1
double_cold,5,inner_train_positive,563,3,1
double_cold,5,inner_train_positive,566,103,1
double_cold,5,inner_train_positive,568,89,1
double_cold,5,inner_train_positive,568,103,1
double_cold,5,inner_train_positive,568,7,1
double_cold,5,inner_train_positive,568,177,1
double_cold,5,inner_train_positive,568,204,1
double_cold,5,inner_train_positive,568,41,1
double_cold,5,inner_train_positive,568,134,1
double_cold,5,inner_train_positive,568,123,1
double_cold,5,inner_train_positive,569,67,1
double_cold,5,inner_train_positive,569,134,1
double_cold,5,inner_train_positive,569,3,1
double_cold,5,inner_train_positive,569,103,1
double_cold,5,inner_train_positive,569,81,1
double_cold,5,inner_train_positive,569,89,1
double_cold,5,inner_train_positive,570,123,1
double_cold,5,inner_train_positive,570,94,1
double_cold,5,inner_train_positive,570,3,1
double_cold,5,inner_train_positive,570,103,1
double_cold,5,inner_train_positive,570,7,1
double_cold,5,inner_train_positive,571,7,1
double_cold,5,inner_train_positive,571,134,1
double_cold,5,inner_train_positive,571,103,1
double_cold,5,inner_train_positive,575,123,1
double_cold,5,inner_train_positive,575,103,1
double_cold,5,inner_train_positive,576,101,1
double_cold,5,inner_train_positive,576,148,1
double_cold,5,inner_train_positive,577,74,1
double_cold,5,inner_train_positive,577,209,1
double_cold,5,inner_train_positive,577,204,1
double_cold,5,inner_train_positive,577,89,1
double_cold,5,inner_train_positive,577,103,1
double_cold,5,inner_train_positive,578,89,1
double_cold,5,inner_train_positive,578,41,1
double_cold,5,inner_train_positive,578,44,1
double_cold,5,inner_train_positive,578,177,1
double_cold,5,inner_train_positive,578,67,1
double_cold,5,inner_train_positive,578,103,1
double_cold,5,inner_train_positive,578,3,1
double_cold,5,inner_train_positive,578,43,1
double_cold,5,inner_train_positive,578,123,1
double_cold,5,inner_train_positive,578,213,1
double_cold,5,inner_train_positive,578,94,1
double_cold,5,inner_train_positive,578,101,1
double_cold,5,inner_train_positive,578,148,1
double_cold,5,inner_train_positive,578,84,1
double_cold,5,inner_train_positive,578,198,1
double_cold,5,inner_train_positive,578,7,1
double_cold,5,inner_train_positive,579,7,1
double_cold,5,inner_train_positive,581,89,1
double_cold,5,inner_train_positive,581,101,1
double_cold,5,inner_train_positive,581,148,1
double_cold,5,inner_train_positive,582,89,1
double_cold,5,inner_train_positive,582,103,1
double_cold,5,inner_train_positive,582,204,1
double_cold,5,inner_train_positive,582,7,1
double_cold,5,inner_train_positive,582,84,1
double_cold,5,inner_train_positive,582,124,1
double_cold,5,inner_train_positive,582,43,1
double_cold,5,inner_train_positive,582,123,1
double_cold,5,inner_train_positive,582,75,1
double_cold,5,inner_train_positive,582,67,1
double_cold,5,inner_train_positive,582,101,1
double_cold,5,inner_train_positive,582,148,1
double_cold,5,inner_train_positive,582,178,1
double_cold,5,inner_train_positive,582,150,1
double_cold,5,inner_train_positive,582,177,1
double_cold,5,inner_train_positive,584,89,1
double_cold,5,inner_train_positive,584,103,1
double_cold,5,inner_train_positive,584,7,1
double_cold,5,inner_train_positive,584,177,1
double_cold,5,inner_train_positive,584,204,1
double_cold,5,inner_train_positive,584,123,1
double_cold,5,inner_train_positive,584,74,1
double_cold,5,inner_train_positive,584,67,1
double_cold,5,inner_train_positive,584,84,1
double_cold,5,inner_train_positive,586,89,1
double_cold,5,inner_train_positive,586,148,1
double_cold,5,inner_train_positive,587,103,1
double_cold,5,inner_train_positive,587,209,1
double_cold,5,inner_train_positive,587,204,1
double_cold,5,inner_train_positive,587,123,1
double_cold,5,inner_train_positive,587,7,1
double_cold,5,inner_train_positive,587,89,1
double_cold,5,inner_train_positive,587,148,1
double_cold,5,inner_train_positive,587,67,1
double_cold,5,inner_train_positive,587,134,1
double_cold,5,inner_train_positive,587,101,1
double_cold,5,inner_train_positive,591,123,1
double_cold,5,inner_train_positive,591,204,1
double_cold,5,inner_train_positive,591,7,1
double_cold,5,inner_train_positive,591,17,1
double_cold,5,inner_train_positive,591,41,1
double_cold,5,inner_train_positive,591,67,1
double_cold,5,inner_train_positive,591,103,1
double_cold,5,inner_train_positive,593,103,1
double_cold,5,inner_train_positive,593,89,1
double_cold,5,inner_train_positive,593,84,1
double_cold,5,inner_train_positive,594,67,1
double_cold,5,inner_train_positive,594,3,1
double_cold,5,inner_train_positive,594,123,1
double_cold,5,inner_train_positive,594,7,1
double_cold,5,inner_train_positive,594,204,1
double_cold,5,inner_train_positive,594,74,1
double_cold,5,inner_train_positive,594,84,1
double_cold,5,inner_train_positive,594,103,1
double_cold,5,inner_train_positive,594,89,1
double_cold,5,inner_train_positive,594,150,1
double_cold,5,inner_train_positive,594,177,1
double_cold,5,inner_train_positive,596,3,1
double_cold,5,inner_train_positive,596,89,1
double_cold,5,inner_train_positive,596,205,1
double_cold,5,inner_train_positive,596,103,1
double_cold,5,inner_train_positive,596,7,1
double_cold,5,inner_train_positive,596,43,1
double_cold,5,inner_train_positive,596,123,1
double_cold,5,inner_train_positive,596,22,1
double_cold,5,inner_train_positive,596,184,1
double_cold,5,inner_train_positive,596,134,1
double_cold,5,inner_train_positive,596,84,1
double_cold,5,inner_train_positive,596,86,1
double_cold,5,inner_train_positive,596,74,1
double_cold,5,inner_train_positive,596,67,1
double_cold,5,inner_train_positive,597,89,1
double_cold,5,inner_train_positive,597,44,1
double_cold,5,inner_train_positive,597,177,1
double_cold,5,inner_train_positive,597,103,1
double_cold,5,inner_train_positive,597,204,1
double_cold,5,inner_train_positive,597,7,1
double_cold,5,inner_train_positive,597,3,1
double_cold,5,inner_train_positive,597,84,1
double_cold,5,inner_train_positive,597,124,1
double_cold,5,inner_train_positive,597,43,1
double_cold,5,inner_train_positive,597,146,1
double_cold,5,inner_train_positive,597,148,1
double_cold,5,inner_train_positive,597,67,1
double_cold,5,inner_train_positive,597,41,1
double_cold,5,inner_train_positive,597,134,1
double_cold,5,inner_train_positive,597,197,1
double_cold,5,inner_train_positive,597,167,1
double_cold,5,inner_train_positive,597,74,1
double_cold,5,inner_train_positive,597,161,1
double_cold,5,inner_train_positive,598,89,1
double_cold,5,inner_train_positive,598,103,1
double_cold,5,inner_train_positive,598,74,1
double_cold,5,inner_train_positive,598,205,1
double_cold,5,inner_train_positive,598,123,1
double_cold,5,inner_train_positive,598,204,1
double_cold,5,inner_train_positive,598,67,1
double_cold,5,inner_train_positive,598,3,1
double_cold,5,inner_train_positive,598,177,1
double_cold,5,inner_train_positive,598,7,1
double_cold,5,inner_train_positive,598,179,1
double_cold,5,inner_train_positive,598,41,1
double_cold,5,inner_train_positive,598,197,1
double_cold,5,inner_train_positive,598,167,1
double_cold,5,inner_train_positive,598,16,1
double_cold,5,inner_validation_positive,5,21,1
double_cold,5,inner_validation_positive,5,188,1
double_cold,5,inner_validation_positive,9,21,1
double_cold,5,inner_validation_positive,9,188,1
double_cold,5,inner_validation_positive,15,160,1
double_cold,5,inner_validation_positive,15,188,1
double_cold,5,inner_validation_positive,48,160,1
double_cold,5,inner_validation_positive,78,160,1
double_cold,5,inner_validation_positive,82,188,1
double_cold,5,inner_validation_positive,82,160,1
double_cold,5,inner_validation_positive,84,188,1
double_cold,5,inner_validation_positive,110,21,1
double_cold,5,inner_validation_positive,110,188,1
double_cold,5,inner_validation_positive,116,21,1
double_cold,5,inner_validation_positive,116,188,1
double_cold,5,inner_validation_positive,116,174,1
double_cold,5,inner_validation_positive,132,174,1
double_cold,5,inner_validation_positive,132,188,1
double_cold,5,inner_validation_positive,132,190,1
double_cold,5,inner_validation_positive,134,21,1
double_cold,5,inner_validation_positive,134,78,1
double_cold,5,inner_validation_positive,134,188,1
double_cold,5,inner_validation_positive,150,160,1
double_cold,5,inner_validation_positive,152,97,1
double_cold,5,inner_validation_positive,152,160,1
double_cold,5,inner_validation_positive,157,21,1
double_cold,5,inner_validation_positive,157,160,1
double_cold,5,inner_validation_positive,162,160,1
double_cold,5,inner_validation_positive,174,21,1
double_cold,5,inner_validation_positive,174,160,1
double_cold,5,inner_validation_positive,184,188,1
double_cold,5,inner_validation_positive,186,188,1
double_cold,5,inner_validation_positive,186,160,1
double_cold,5,inner_validation_positive,186,174,1
double_cold,5,inner_validation_positive,221,188,1
double_cold,5,inner_validation_positive,221,11,1
double_cold,5,inner_validation_positive,241,21,1
double_cold,5,inner_validation_positive,241,174,1
double_cold,5,inner_validation_positive,323,21,1
double_cold,5,inner_validation_positive,256,21,1
double_cold,5,inner_validation_positive,256,188,1
double_cold,5,inner_validation_positive,256,80,1
double_cold,5,inner_validation_positive,265,21,1
double_cold,5,inner_validation_positive,265,160,1
double_cold,5,inner_validation_positive,275,21,1
double_cold,5,inner_validation_positive,275,188,1
double_cold,5,inner_validation_positive,288,188,1
double_cold,5,inner_validation_positive,289,188,1
double_cold,5,inner_validation_positive,291,188,1
double_cold,5,inner_validation_positive,292,160,1
double_cold,5,inner_validation_positive,294,188,1
double_cold,5,inner_validation_positive,325,188,1
double_cold,5,inner_validation_positive,327,174,1
double_cold,5,inner_validation_positive,327,188,1
double_cold,5,inner_validation_positive,340,21,1
double_cold,5,inner_validation_positive,340,188,1
double_cold,5,inner_validation_positive,349,21,1
double_cold,5,inner_validation_positive,359,188,1
double_cold,5,inner_validation_positive,399,174,1
double_cold,5,inner_validation_positive,420,160,1
double_cold,5,inner_validation_positive,426,160,1
double_cold,5,inner_validation_positive,438,160,1
double_cold,5,inner_validation_positive,463,21,1
double_cold,5,inner_validation_positive,463,160,1
double_cold,5,inner_validation_positive,497,188,1
double_cold,5,inner_validation_positive,517,21,1
double_cold,5,inner_validation_positive,521,21,1
double_cold,5,inner_validation_positive,534,21,1
double_cold,5,inner_validation_positive,548,78,1
double_cold,5,inner_validation_positive,548,188,1
double_cold,5,inner_validation_positive,548,174,1
double_cold,5,inner_validation_positive,572,21,1
double_cold,5,inner_validation_sampled_unlabeled,438,97,0
double_cold,5,inner_validation_sampled_unlabeled,174,11,0
double_cold,5,inner_validation_sampled_unlabeled,572,97,0
double_cold,5,inner_validation_sampled_unlabeled,174,78,0
double_cold,5,inner_validation_sampled_unlabeled,292,174,0
double_cold,5,inner_validation_sampled_unlabeled,534,174,0
double_cold,5,inner_validation_sampled_unlabeled,162,174,0
double_cold,5,inner_validation_sampled_unlabeled,5,190,0
double_cold,5,inner_validation_sampled_unlabeled,399,80,0
double_cold,5,inner_validation_sampled_unlabeled,548,160,0
double_cold,5,inner_validation_sampled_unlabeled,438,11,0
double_cold,5,inner_validation_sampled_unlabeled,9,78,0
double_cold,5,inner_validation_sampled_unlabeled,325,21,0
double_cold,5,inner_validation_sampled_unlabeled,184,174,0
double_cold,5,inner_validation_sampled_unlabeled,48,188,0
double_cold,5,inner_validation_sampled_unlabeled,438,78,0
double_cold,5,inner_validation_sampled_unlabeled,517,78,0
double_cold,5,inner_validation_sampled_unlabeled,15,11,0
double_cold,5,inner_validation_sampled_unlabeled,420,11,0
double_cold,5,inner_validation_sampled_unlabeled,497,97,0
double_cold,5,inner_validation_sampled_unlabeled,340,174,0
double_cold,5,inner_validation_sampled_unlabeled,221,174,0
double_cold,5,inner_validation_sampled_unlabeled,152,190,0
double_cold,5,inner_validation_sampled_unlabeled,157,174,0
double_cold,5,inner_validation_sampled_unlabeled,132,160,0
double_cold,5,inner_validation_sampled_unlabeled,134,11,0
double_cold,5,inner_validation_sampled_unlabeled,184,21,0
double_cold,5,inner_validation_sampled_unlabeled,426,21,0
double_cold,5,inner_validation_sampled_unlabeled,517,160,0
double_cold,5,inner_validation_sampled_unlabeled,521,188,0
double_cold,5,inner_validation_sampled_unlabeled,325,11,0
double_cold,5,inner_validation_sampled_unlabeled,521,11,0
double_cold,5,inner_validation_sampled_unlabeled,9,190,0
double_cold,5,inner_validation_sampled_unlabeled,327,11,0
double_cold,5,inner_validation_sampled_unlabeled,349,11,0
double_cold,5,inner_validation_sampled_unlabeled,463,97,0
double_cold,5,inner_validation_sampled_unlabeled,327,78,0
double_cold,5,inner_validation_sampled_unlabeled,349,78,0
double_cold,5,inner_validation_sampled_unlabeled,186,78,0
double_cold,5,inner_validation_sampled_unlabeled,497,160,0
double_cold,5,inner_validation_sampled_unlabeled,289,97,0
double_cold,5,inner_validation_sampled_unlabeled,152,174,0
double_cold,5,inner_validation_sampled_unlabeled,157,97,0
double_cold,5,inner_validation_sampled_unlabeled,275,80,0
double_cold,5,inner_validation_sampled_unlabeled,517,80,0
double_cold,5,inner_validation_sampled_unlabeled,521,160,0
double_cold,5,inner_validation_sampled_unlabeled,420,190,0
double_cold,5,inner_validation_sampled_unlabeled,150,174,0
double_cold,5,inner_validation_sampled_unlabeled,323,190,0
double_cold,5,inner_validation_sampled_unlabeled,48,80,0
double_cold,5,inner_validation_sampled_unlabeled,426,11,0
double_cold,5,inner_validation_sampled_unlabeled,534,160,0
double_cold,5,inner_validation_sampled_unlabeled,241,78,0
double_cold,5,inner_validation_sampled_unlabeled,463,188,0
double_cold,5,inner_validation_sampled_unlabeled,340,78,0
double_cold,5,inner_validation_sampled_unlabeled,82,97,0
double_cold,5,inner_validation_sampled_unlabeled,548,21,0
double_cold,5,inner_validation_sampled_unlabeled,289,78,0
double_cold,5,inner_validation_sampled_unlabeled,288,80,0
double_cold,5,inner_validation_sampled_unlabeled,517,174,0
double_cold,5,inner_validation_sampled_unlabeled,572,174,0
double_cold,5,inner_validation_sampled_unlabeled,399,78,0
double_cold,5,inner_validation_sampled_unlabeled,534,80,0
double_cold,5,inner_validation_sampled_unlabeled,327,190,0
double_cold,5,inner_validation_sampled_unlabeled,548,97,0
double_cold,5,inner_validation_sampled_unlabeled,327,80,0
double_cold,5,inner_validation_sampled_unlabeled,289,160,0
double_cold,5,inner_validation_sampled_unlabeled,162,80,0
double_cold,5,inner_validation_sampled_unlabeled,291,11,0
double_cold,5,inner_validation_sampled_unlabeled,134,174,0
double_cold,5,inner_validation_sampled_unlabeled,359,97,0
double_cold,5,inner_validation_sampled_unlabeled,150,188,0
double_cold,5,outer_test_positive,1,142,1
double_cold,5,outer_test_positive,4,55,1
double_cold,5,outer_test_positive,13,68,1
double_cold,5,outer_test_positive,13,55,1
double_cold,5,outer_test_positive,13,88,1
double_cold,5,outer_test_positive,14,88,1
double_cold,5,outer_test_positive,14,55,1
double_cold,5,outer_test_positive,20,55,1
double_cold,5,outer_test_positive,20,142,1
double_cold,5,outer_test_positive,28,55,1
double_cold,5,outer_test_positive,33,55,1
double_cold,5,outer_test_positive,36,142,1
double_cold,5,outer_test_positive,36,55,1
double_cold,5,outer_test_positive,50,95,1
double_cold,5,outer_test_positive,55,55,1
double_cold,5,outer_test_positive,55,88,1
double_cold,5,outer_test_positive,62,142,1
double_cold,5,outer_test_positive,62,55,1
double_cold,5,outer_test_positive,65,129,1
double_cold,5,outer_test_positive,68,55,1
double_cold,5,outer_test_positive,75,137,1
double_cold,5,outer_test_positive,97,68,1
double_cold,5,outer_test_positive,106,142,1
double_cold,5,outer_test_positive,106,55,1
double_cold,5,outer_test_positive,107,55,1
double_cold,5,outer_test_positive,109,68,1
double_cold,5,outer_test_positive,109,55,1
double_cold,5,outer_test_positive,112,171,1
double_cold,5,outer_test_positive,112,142,1
double_cold,5,outer_test_positive,113,31,1
double_cold,5,outer_test_positive,113,55,1
double_cold,5,outer_test_positive,113,68,1
double_cold,5,outer_test_positive,113,137,1
double_cold,5,outer_test_positive,135,55,1
double_cold,5,outer_test_positive,138,55,1
double_cold,5,outer_test_positive,142,55,1
double_cold,5,outer_test_positive,142,142,1
double_cold,5,outer_test_positive,142,88,1
double_cold,5,outer_test_positive,142,68,1
double_cold,5,outer_test_positive,146,55,1
double_cold,5,outer_test_positive,146,35,1
double_cold,5,outer_test_positive,146,95,1
double_cold,5,outer_test_positive,146,18,1
double_cold,5,outer_test_positive,146,68,1
double_cold,5,outer_test_positive,165,55,1
double_cold,5,outer_test_positive,169,55,1
double_cold,5,outer_test_positive,169,142,1
double_cold,5,outer_test_positive,170,142,1
double_cold,5,outer_test_positive,170,55,1
double_cold,5,outer_test_positive,175,55,1
double_cold,5,outer_test_positive,175,68,1
double_cold,5,outer_test_positive,175,142,1
double_cold,5,outer_test_positive,600,55,1
double_cold,5,outer_test_positive,180,68,1
double_cold,5,outer_test_positive,180,55,1
double_cold,5,outer_test_positive,180,88,1
double_cold,5,outer_test_positive,180,201,1
double_cold,5,outer_test_positive,196,55,1
double_cold,5,outer_test_positive,196,145,1
double_cold,5,outer_test_positive,196,88,1
double_cold,5,outer_test_positive,200,68,1
double_cold,5,outer_test_positive,200,55,1
double_cold,5,outer_test_positive,200,142,1
double_cold,5,outer_test_positive,209,68,1
double_cold,5,outer_test_positive,209,55,1
double_cold,5,outer_test_positive,209,88,1
double_cold,5,outer_test_positive,210,68,1
double_cold,5,outer_test_positive,210,55,1
double_cold,5,outer_test_positive,210,88,1
double_cold,5,outer_test_positive,214,68,1
double_cold,5,outer_test_positive,214,88,1
double_cold,5,outer_test_positive,214,55,1
double_cold,5,outer_test_positive,224,68,1
double_cold,5,outer_test_positive,224,55,1
double_cold,5,outer_test_positive,224,88,1
double_cold,5,outer_test_positive,224,142,1
double_cold,5,outer_test_positive,225,68,1
double_cold,5,outer_test_positive,225,91,1
double_cold,5,outer_test_positive,225,55,1
double_cold,5,outer_test_positive,225,142,1
double_cold,5,outer_test_positive,225,137,1
double_cold,5,outer_test_positive,225,95,1
double_cold,5,outer_test_positive,239,68,1
double_cold,5,outer_test_positive,239,55,1
double_cold,5,outer_test_positive,239,142,1
double_cold,5,outer_test_positive,250,55,1
double_cold,5,outer_test_positive,252,55,1
double_cold,5,outer_test_positive,252,142,1
double_cold,5,outer_test_positive,266,55,1
double_cold,5,outer_test_positive,266,191,1
double_cold,5,outer_test_positive,629,55,1
double_cold,5,outer_test_positive,629,68,1
double_cold,5,outer_test_positive,629,142,1
double_cold,5,outer_test_positive,277,55,1
double_cold,5,outer_test_positive,279,55,1
double_cold,5,outer_test_positive,283,79,1
double_cold,5,outer_test_positive,283,55,1
double_cold,5,outer_test_positive,286,55,1
double_cold,5,outer_test_positive,298,68,1
double_cold,5,outer_test_positive,298,142,1
double_cold,5,outer_test_positive,305,55,1
double_cold,5,outer_test_positive,305,137,1
double_cold,5,outer_test_positive,318,55,1
double_cold,5,outer_test_positive,318,68,1
double_cold,5,outer_test_positive,324,88,1
double_cold,5,outer_test_positive,324,55,1
double_cold,5,outer_test_positive,324,137,1
double_cold,5,outer_test_positive,326,68,1
double_cold,5,outer_test_positive,326,55,1
double_cold,5,outer_test_positive,338,55,1
double_cold,5,outer_test_positive,350,55,1
double_cold,5,outer_test_positive,354,142,1
double_cold,5,outer_test_positive,385,55,1
double_cold,5,outer_test_positive,398,68,1
double_cold,5,outer_test_positive,398,88,1
double_cold,5,outer_test_positive,401,142,1
double_cold,5,outer_test_positive,401,55,1
double_cold,5,outer_test_positive,403,142,1
double_cold,5,outer_test_positive,430,55,1
double_cold,5,outer_test_positive,435,142,1
double_cold,5,outer_test_positive,465,55,1
double_cold,5,outer_test_positive,465,142,1
double_cold,5,outer_test_positive,471,55,1
double_cold,5,outer_test_positive,471,88,1
double_cold,5,outer_test_positive,471,68,1
double_cold,5,outer_test_positive,484,55,1
double_cold,5,outer_test_positive,493,55,1
double_cold,5,outer_test_positive,494,55,1
double_cold,5,outer_test_positive,494,68,1
double_cold,5,outer_test_positive,503,88,1
double_cold,5,outer_test_positive,503,142,1
double_cold,5,outer_test_positive,509,55,1
double_cold,5,outer_test_positive,525,55,1
double_cold,5,outer_test_positive,541,68,1
double_cold,5,outer_test_positive,541,55,1
double_cold,5,outer_test_positive,549,55,1
double_cold,5,outer_test_positive,549,142,1
double_cold,5,outer_test_positive,549,68,1
double_cold,5,outer_test_positive,558,55,1
double_cold,5,outer_test_positive,583,55,1
double_cold,5,outer_test_positive,583,68,1
double_cold,5,outer_test_positive,595,55,1
double_cold,5,outer_test_positive,595,35,1
double_cold,5,outer_test_sampled_unlabeled,33,91,0
double_cold,5,outer_test_sampled_unlabeled,509,145,0
double_cold,5,outer_test_sampled_unlabeled,169,88,0
double_cold,5,outer_test_sampled_unlabeled,403,145,0
double_cold,5,outer_test_sampled_unlabeled,305,95,0
double_cold,5,outer_test_sampled_unlabeled,350,191,0
double_cold,5,outer_test_sampled_unlabeled,165,191,0
double_cold,5,outer_test_sampled_unlabeled,465,95,0
double_cold,5,outer_test_sampled_unlabeled,509,129,0
double_cold,5,outer_test_sampled_unlabeled,277,142,0
double_cold,5,outer_test_sampled_unlabeled,338,137,0
double_cold,5,outer_test_sampled_unlabeled,305,79,0
double_cold,5,outer_test_sampled_unlabeled,525,18,0
double_cold,5,outer_test_sampled_unlabeled,250,88,0
double_cold,5,outer_test_sampled_unlabeled,36,18,0
double_cold,5,outer_test_sampled_unlabeled,525,91,0
double_cold,5,outer_test_sampled_unlabeled,279,142,0
double_cold,5,outer_test_sampled_unlabeled,75,129,0
double_cold,5,outer_test_sampled_unlabeled,286,129,0
double_cold,5,outer_test_sampled_unlabeled,112,68,0
double_cold,5,outer_test_sampled_unlabeled,169,129,0
double_cold,5,outer_test_sampled_unlabeled,435,35,0
double_cold,5,outer_test_sampled_unlabeled,350,31,0
double_cold,5,outer_test_sampled_unlabeled,55,171,0
double_cold,5,outer_test_sampled_unlabeled,250,191,0
double_cold,5,outer_test_sampled_unlabeled,33,95,0
double_cold,5,outer_test_sampled_unlabeled,170,91,0
double_cold,5,outer_test_sampled_unlabeled,354,31,0
double_cold,5,outer_test_sampled_unlabeled,250,145,0
double_cold,5,outer_test_sampled_unlabeled,55,79,0
double_cold,5,outer_test_sampled_unlabeled,20,88,0
double_cold,5,outer_test_sampled_unlabeled,210,145,0
double_cold,5,outer_test_sampled_unlabeled,385,171,0
double_cold,5,outer_test_sampled_unlabeled,465,145,0
double_cold,5,outer_test_sampled_unlabeled,629,95,0
double_cold,5,outer_test_sampled_unlabeled,252,129,0
double_cold,5,outer_test_sampled_unlabeled,146,191,0
double_cold,5,outer_test_sampled_unlabeled,583,18,0
double_cold,5,outer_test_sampled_unlabeled,493,137,0
double_cold,5,outer_test_sampled_unlabeled,68,79,0
double_cold,5,outer_test_sampled_unlabeled,493,201,0
double_cold,5,outer_test_sampled_unlabeled,583,201,0
double_cold,5,outer_test_sampled_unlabeled,350,88,0
double_cold,5,outer_test_sampled_unlabeled,266,201,0
double_cold,5,outer_test_sampled_unlabeled,277,201,0
double_cold,5,outer_test_sampled_unlabeled,4,171,0
double_cold,5,outer_test_sampled_unlabeled,266,137,0
double_cold,5,outer_test_sampled_unlabeled,277,137,0
double_cold,5,outer_test_sampled_unlabeled,36,68,0
double_cold,5,outer_test_sampled_unlabeled,14,129,0
double_cold,5,outer_test_sampled_unlabeled,4,18,0
double_cold,5,outer_test_sampled_unlabeled,97,35,0
double_cold,5,outer_test_sampled_unlabeled,50,79,0
double_cold,5,outer_test_sampled_unlabeled,595,95,0
double_cold,5,outer_test_sampled_unlabeled,196,142,0
double_cold,5,outer_test_sampled_unlabeled,33,145,0
double_cold,5,outer_test_sampled_unlabeled,33,35,0
double_cold,5,outer_test_sampled_unlabeled,558,201,0
double_cold,5,outer_test_sampled_unlabeled,142,79,0
double_cold,5,outer_test_sampled_unlabeled,170,95,0
double_cold,5,outer_test_sampled_unlabeled,225,31,0
double_cold,5,outer_test_sampled_unlabeled,180,191,0
double_cold,5,outer_test_sampled_unlabeled,318,88,0
double_cold,5,outer_test_sampled_unlabeled,180,145,0
double_cold,5,outer_test_sampled_unlabeled,277,68,0
double_cold,5,outer_test_sampled_unlabeled,403,55,0
double_cold,5,outer_test_sampled_unlabeled,50,145,0
double_cold,5,outer_test_sampled_unlabeled,338,191,0
double_cold,5,outer_test_sampled_unlabeled,62,18,0
double_cold,5,outer_test_sampled_unlabeled,68,31,0
double_cold,5,outer_test_sampled_unlabeled,385,95,0
double_cold,5,outer_test_sampled_unlabeled,68,95,0
double_cold,5,outer_test_sampled_unlabeled,112,95,0
double_cold,5,outer_test_sampled_unlabeled,75,55,0
double_cold,5,outer_test_sampled_unlabeled,109,142,0
double_cold,5,outer_test_sampled_unlabeled,629,129,0
double_cold,5,outer_test_sampled_unlabeled,600,68,0
double_cold,5,outer_test_sampled_unlabeled,283,68,0
double_cold,5,outer_test_sampled_unlabeled,326,137,0
double_cold,5,outer_test_sampled_unlabeled,4,31,0
double_cold,5,outer_test_sampled_unlabeled,541,18,0
double_cold,5,outer_test_sampled_unlabeled,398,79,0
double_cold,5,outer_test_sampled_unlabeled,541,201,0
double_cold,5,outer_test_sampled_unlabeled,107,171,0
double_cold,5,outer_test_sampled_unlabeled,277,91,0
double_cold,5,outer_test_sampled_unlabeled,283,171,0
double_cold,5,outer_test_sampled_unlabeled,106,35,0
double_cold,5,outer_test_sampled_unlabeled,494,95,0
double_cold,5,outer_test_sampled_unlabeled,503,137,0
double_cold,5,outer_test_sampled_unlabeled,36,31,0
double_cold,5,outer_test_sampled_unlabeled,583,191,0
double_cold,5,outer_test_sampled_unlabeled,277,191,0
double_cold,5,outer_test_sampled_unlabeled,28,91,0
double_cold,5,outer_test_sampled_unlabeled,398,191,0
double_cold,5,outer_test_sampled_unlabeled,1,201,0
double_cold,5,outer_test_sampled_unlabeled,68,145,0
double_cold,5,outer_test_sampled_unlabeled,338,79,0
double_cold,5,outer_test_sampled_unlabeled,549,79,0
double_cold,5,outer_test_sampled_unlabeled,509,171,0
double_cold,5,outer_test_sampled_unlabeled,135,137,0
double_cold,5,outer_test_sampled_unlabeled,135,201,0
double_cold,5,outer_test_sampled_unlabeled,50,142,0
double_cold,5,outer_test_sampled_unlabeled,180,35,0
double_cold,5,outer_test_sampled_unlabeled,277,31,0
double_cold,5,outer_test_sampled_unlabeled,509,91,0
double_cold,5,outer_test_sampled_unlabeled,398,95,0
double_cold,5,outer_test_sampled_unlabeled,209,171,0
double_cold,5,outer_test_sampled_unlabeled,97,201,0
double_cold,5,outer_test_sampled_unlabeled,13,171,0
double_cold,5,outer_test_sampled_unlabeled,541,171,0
double_cold,5,outer_test_sampled_unlabeled,252,68,0
double_cold,5,outer_test_sampled_unlabeled,326,18,0
double_cold,5,outer_test_sampled_unlabeled,138,31,0
double_cold,5,outer_test_sampled_unlabeled,62,191,0
double_cold,5,outer_test_sampled_unlabeled,266,88,0
double_cold,5,outer_test_sampled_unlabeled,549,129,0
double_cold,5,outer_test_sampled_unlabeled,629,18,0
double_cold,5,outer_test_sampled_unlabeled,225,35,0
double_cold,5,outer_test_sampled_unlabeled,50,18,0
double_cold,5,outer_test_sampled_unlabeled,239,79,0
double_cold,5,outer_test_sampled_unlabeled,493,142,0
double_cold,5,outer_test_sampled_unlabeled,283,88,0
double_cold,5,outer_test_sampled_unlabeled,62,129,0
double_cold,5,outer_test_sampled_unlabeled,277,35,0
double_cold,5,outer_test_sampled_unlabeled,430,95,0
double_cold,5,outer_test_sampled_unlabeled,210,137,0
double_cold,5,outer_test_sampled_unlabeled,350,68,0
double_cold,5,outer_test_sampled_unlabeled,252,191,0
double_cold,5,outer_test_sampled_unlabeled,28,145,0
double_cold,5,outer_test_sampled_unlabeled,138,35,0
double_cold,5,outer_test_sampled_unlabeled,169,68,0
double_cold,5,outer_test_sampled_unlabeled,326,95,0
double_cold,5,outer_test_sampled_unlabeled,113,79,0
double_cold,5,outer_test_sampled_unlabeled,286,95,0
double_cold,5,outer_test_sampled_unlabeled,13,31,0
double_cold,5,outer_test_sampled_unlabeled,13,95,0
double_cold,5,outer_test_sampled_unlabeled,169,95,0
double_cold,5,outer_test_sampled_unlabeled,354,171,0
double_cold,5,outer_test_sampled_unlabeled,471,79,0
double_cold,5,outer_test_sampled_unlabeled,209,79,0
double_cold,5,outer_test_sampled_unlabeled,484,137,0
double_cold,5,outer_test_sampled_unlabeled,503,31,0
double_cold,5,outer_test_sampled_unlabeled,503,95,0
