DrugBank_ID,Drug_Name,Gene
DB00001,Lepirudin,F2
DB00002,Cetuximab,EGFR
DB00002,Cetuximab,FCGR3B
DB00002,Cetuximab,C1QA
DB00002,Cetuximab,C1QB
DB00002,Cetuximab,C1QC
DB00002,Cetuximab,FCGR3A
DB00002,Cetuximab,FCGR1A
DB00002,Cetuximab,FCGR2A
DB00003,Dornase alfa,DNASE1
DB00004,Denileukin diftitox,IL2RA
DB00004,Denileukin diftitox,IL2RB
DB00005,Etanercept,TNF
DB00005,Etanercept,LTA
DB00005,Etanercept,FCGR1A
DB00005,Etanercept,FCGR2A
DB00005,Etanercept,FCGR2B
DB00005,Etanercept,FCGR2C
DB00005,Etanercept,FCGR3A
DB00005,Etanercept,FCGR3B
DB00005,Etanercept,C1QA
DB00006,Bivalirudin,F2
DB00007,Leuprolide,GNRHR
DB00007,Leuprolide,GNRH1
DB00008,Peginterferon alfa-2a,IFNAR2
DB00008,Peginterferon alfa-2a,IFNAR1
DB00008,Peginterferon alfa-2a,IFNA2
DB00009,Alteplase,PLG
DB00009,Alteplase,FGA
DB00009,Alteplase,FGG
DB00009,Alteplase,SERPINE1
DB00010,Sermorelin,GHRHR
DB00011,Interferon alfa-n1,IFNAR1
DB00011,Interferon alfa-n1,IFNAR2
DB00012,Darbepoetin alfa,EPOR
DB00013,Urokinase,PLG
DB00013,Urokinase,PLAUR
DB00013,Urokinase,SERPINE1
DB00013,Urokinase,SERPINB2
DB00013,Urokinase,PLAU
DB00013,Urokinase,SERPINA5
DB00013,Urokinase,LRP2
DB00013,Urokinase,ST14
DB00013,Urokinase,NID1
DB00014,Goserelin,LHCGR
DB00014,Goserelin,GNRHR
DB00014,Goserelin,GNRH1
DB00015,Reteplase,PLG
DB00015,Reteplase,FGA
DB00015,Reteplase,SERPINE1
DB00016,Erythropoietin,EPOR
DB00017,Salmon calcitonin,CALCR
DB00018,Interferon alfa-n3,IFNAR1
DB00018,Interferon alfa-n3,IFNAR2
DB00019,Pegfilgrastim,CSF3R
DB00020,Sargramostim,CSF2RA
DB00020,Sargramostim,IL3RA
DB00020,Sargramostim,CSF2RB
DB00020,Sargramostim,SDC2
DB00022,Peginterferon alfa-2b,IFNAR1
DB00022,Peginterferon alfa-2b,IFNAR2
DB00022,Peginterferon alfa-2b,IFNA2
DB00024,Thyrotropin alfa,TSHR
DB00025,"Antihemophilic factor, human recombinant",F10
DB00025,"Antihemophilic factor, human recombinant",F9
DB00025,"Antihemophilic factor, human recombinant",VWF
DB00025,"Antihemophilic factor, human recombinant",PHYH
DB00025,"Antihemophilic factor, human recombinant",ASGR2
DB00025,"Antihemophilic factor, human recombinant",HSPA5
DB00025,"Antihemophilic factor, human recombinant",CALR
DB00025,"Antihemophilic factor, human recombinant",CANX
DB00025,"Antihemophilic factor, human recombinant",LMAN1
DB00025,"Antihemophilic factor, human recombinant",LRP1
DB00025,"Antihemophilic factor, human recombinant",MCFD2
DB00026,Anakinra,IL1R1
DB00027,Gramicidin D,folP
DB00028,Human immunoglobulin G,FCGR1A
DB00028,Human immunoglobulin G,FCGR1BP
DB00028,Human immunoglobulin G,FCGR2A
DB00028,Human immunoglobulin G,FCGR2B
DB00028,Human immunoglobulin G,FCGR2C
DB00028,Human immunoglobulin G,FCGR3A
DB00028,Human immunoglobulin G,FCGR3B
DB00028,Human immunoglobulin G,C3
DB00028,Human immunoglobulin G,C4A
DB00028,Human immunoglobulin G,C4B
DB00028,Human immunoglobulin G,C5
DB00029,Anistreplase,PLG
DB00029,Anistreplase,FGA
DB00029,Anistreplase,SERPINE1
DB00030,Insulin human,INSR
DB00030,Insulin human,IGF1R
DB00030,Insulin human,CPE
DB00030,Insulin human,CCN3
DB00030,Insulin human,LRP2
DB00030,Insulin human,IGFBP7
DB00031,Tenecteplase,PLG
DB00032,Menotropins,FSHR
DB00032,Menotropins,LHCGR
DB00033,Interferon gamma-1b,IFNGR1
DB00033,Interferon gamma-1b,IFNGR2
DB00034,Interferon alfa-2a,IFNAR1
DB00034,Interferon alfa-2a,IFNAR2
DB00035,Desmopressin,AVPR2
DB00035,Desmopressin,AVPR1A
DB00035,Desmopressin,AVPR1B
DB00035,Desmopressin,OXTR
DB00036,Coagulation factor VIIa Recombinant Human,F10
DB00036,Coagulation factor VIIa Recombinant Human,F3
DB00038,Oprelvekin,IL11RA
DB00039,Palifermin,FGFR2
DB00039,Palifermin,FGFR1
DB00039,Palifermin,HSPG2
DB00040,Glucagon,GCGR
DB00040,Glucagon,GLP2R
DB00040,Glucagon,GLP1R
DB00041,Aldesleukin,IL2RB
DB00041,Aldesleukin,IL2RA
DB00041,Aldesleukin,IL2RG
DB00041,Aldesleukin,IL2
DB00042,Botulinum toxin type B,VAMP2
DB00042,Botulinum toxin type B,VAMP1
DB00042,Botulinum toxin type B,SYT2
DB00043,Omalizumab,IGHE
DB00043,Omalizumab,FCER1G
DB00044,Lutropin alfa,LHCGR
DB00045,Lyme disease vaccine (recombinant OspA),TLR2
DB00046,Insulin lispro,INSR
DB00046,Insulin lispro,IGF1R
DB00047,Insulin glargine,INSR
DB00047,Insulin glargine,INS
DB00047,Insulin glargine,IGF1R
DB00048,Collagenase clostridium histolyticum,COL1A1
DB00048,Collagenase clostridium histolyticum,COL2A1
DB00048,Collagenase clostridium histolyticum,COL3A1
DB00050,Cetrorelix,GNRHR
DB00051,Adalimumab,TNF
DB00052,Somatotropin,GHR
DB00052,Somatotropin,PRLR
DB00054,Abciximab,ITGB3
DB00054,Abciximab,ITGA2B
DB00054,Abciximab,FCGR2A
DB00054,Abciximab,FCGR2B
DB00054,Abciximab,VTN
DB00055,Drotrecogin alfa,F8
DB00055,Drotrecogin alfa,F5
DB00055,Drotrecogin alfa,SERPINE1
DB00055,Drotrecogin alfa,THBD
DB00055,Drotrecogin alfa,PROS1
DB00055,Drotrecogin alfa,F2
DB00055,Drotrecogin alfa,PF4
DB00055,Drotrecogin alfa,SERPINA5
DB00055,Drotrecogin alfa,SERPINB6
DB00055,Drotrecogin alfa,PROCR
DB00056,Gemtuzumab ozogamicin,CD33
DB00056,Gemtuzumab ozogamicin,FCGR3B
DB00056,Gemtuzumab ozogamicin,FCGR3A
DB00056,Gemtuzumab ozogamicin,FCGR1A
DB00058,Alpha-1-proteinase inhibitor,ELANE
DB00060,Interferon beta-1a,IFNAR1
DB00060,Interferon beta-1a,IFNAR2
DB00060,Interferon beta-1a,IFNB1
DB00061,Pegademase,GRB2
DB00063,Eptifibatide,ITGB3
DB00063,Eptifibatide,ITGA2B
DB00063,Eptifibatide,CACNA2D1
DB00065,Infliximab,TNF
DB00066,Follitropin,FSHR
DB00067,Vasopressin,AVPR2
DB00067,Vasopressin,AVPR1A
DB00067,Vasopressin,AVPR1B
DB00067,Vasopressin,OXTR
DB00068,Interferon beta-1b,IFNAR1
DB00068,Interferon beta-1b,IFNAR2
DB00069,Interferon alfacon-1,IFNAR1
DB00069,Interferon alfacon-1,IFNAR2
DB00070,Hyaluronidase (ovine),TGFB1
DB00071,Insulin pork,INSR
DB00071,Insulin pork,IGF1R
DB00072,Trastuzumab,ERBB2
DB00073,Rituximab,MS4A1
DB00074,Basiliximab,IL2RA
DB00074,Basiliximab,IL2RB
DB00075,Muromonab,CD3D
DB00075,Muromonab,CD3E
DB00075,Muromonab,CD3G
DB00075,Muromonab,CD247
DB00075,Muromonab,FCGR3B
DB00078,Ibritumomab tiuxetan,MS4A1
DB00080,Daptomycin,folP
DB00081,Tositumomab,MS4A1
DB00081,Tositumomab,FCGR2B
DB00082,Pegvisomant,GHR
DB00083,Botulinum toxin type A,SNAP25
DB00083,Botulinum toxin type A,RHOB
DB00086,Streptokinase,PLG
DB00086,Streptokinase,F2R
DB00087,Alemtuzumab,CD52
DB00087,Alemtuzumab,FCGR3B
DB00087,Alemtuzumab,FCGR3A
DB00087,Alemtuzumab,FCGR1A
DB00087,Alemtuzumab,FCGR2A
DB00087,Alemtuzumab,FCGR2B
DB00087,Alemtuzumab,FCGR2C
DB00089,Capromab pendetide,FOLH1
DB00091,Cyclosporine,CAMLG
DB00091,Cyclosporine,PPP3R2
DB00091,Cyclosporine,PPIA
DB00091,Cyclosporine,PPIF
DB00091,Cyclosporine,PPP3CA
DB00092,Alefacept,CD2
DB00092,Alefacept,CD58
DB00092,Alefacept,FCGR3A
DB00092,Alefacept,FCGR3B
DB00093,Felypressin,AVPR1A
DB00094,Urofollitropin,FSHR
DB00095,Efalizumab,ITGAX
DB00095,Efalizumab,ITGAL
DB00097,Choriogonadotropin alfa,FSHR
DB00097,Choriogonadotropin alfa,LHCGR
DB00098,Antithymocyte immunoglobulin (rabbit),MR1
DB00098,Antithymocyte immunoglobulin (rabbit),CD86
DB00098,Antithymocyte immunoglobulin (rabbit),FCGR2B
DB00098,Antithymocyte immunoglobulin (rabbit),ITGAL
DB00098,Antithymocyte immunoglobulin (rabbit),ITGAV
DB00098,Antithymocyte immunoglobulin (rabbit),ITGB1
DB00098,Antithymocyte immunoglobulin (rabbit),ITGB3
DB00098,Antithymocyte immunoglobulin (rabbit),CD1A
DB00098,Antithymocyte immunoglobulin (rabbit),CD4
DB00099,Filgrastim,CSF3R
DB00100,Coagulation Factor IX (Recombinant),F10
DB00100,Coagulation Factor IX (Recombinant),F11
DB00100,Coagulation Factor IX (Recombinant),F7
DB00100,Coagulation Factor IX (Recombinant),F8
DB00100,Coagulation Factor IX (Recombinant),LRP1
DB00100,Coagulation Factor IX (Recombinant),GGCX
DB00102,Becaplermin,PDGFRB
DB00102,Becaplermin,PDGFRA
DB00102,Becaplermin,A2M
DB00104,Octreotide,SSTR2
DB00105,Interferon alfa-2b,IFNAR2
DB00105,Interferon alfa-2b,IFNAR1
DB00105,Interferon alfa-2b,IFNA2
DB00106,Abarelix,GNRHR
DB00107,Oxytocin,OXTR
DB00107,Oxytocin,AVPR2
DB00107,Oxytocin,AVPR1B
DB00107,Oxytocin,AVPR1A
DB00108,Natalizumab,ITGA4
DB00108,Natalizumab,FCGR3B
DB00108,Natalizumab,FCGR1A
DB00108,Natalizumab,ICAM1
DB00109,Enfuvirtide,gp41
DB00110,Palivizumab,F
DB00110,Palivizumab,FCGR3B
DB00110,Palivizumab,FCGR3A
DB00110,Palivizumab,FCGR1A
DB00110,Palivizumab,C1R
DB00110,Palivizumab,C1QA
DB00110,Palivizumab,C1QB
DB00110,Palivizumab,C1QC
DB00110,Palivizumab,F
DB00110,Palivizumab,FCGR2B
DB00111,Daclizumab,IL2RA
DB00111,Daclizumab,IL2RB
DB00111,Daclizumab,FCGR3B
DB00111,Daclizumab,C1R
DB00111,Daclizumab,C1QA
DB00111,Daclizumab,C1QB
DB00111,Daclizumab,C1QC
DB00111,Daclizumab,FCGR3A
DB00111,Daclizumab,FCGR1A
DB00111,Daclizumab,FCGR2A
DB00111,Daclizumab,FCGR2B
DB00111,Daclizumab,FCGR2C
DB00112,Bevacizumab,VEGFA
DB00112,Bevacizumab,C1QA
DB00112,Bevacizumab,C1QB
DB00112,Bevacizumab,C1QC
DB00112,Bevacizumab,FCGR3A
DB00112,Bevacizumab,FCGR1A
DB00112,Bevacizumab,FCGR2A
DB00112,Bevacizumab,FCGR2B
DB00112,Bevacizumab,FCGR2C
DB00113,Technetium Tc-99m arcitumomab,CEACAM1
DB00114,Pyridoxal phosphate,ABAT
DB00114,Pyridoxal phosphate,F2
DB00114,Pyridoxal phosphate,AGXT2
DB00114,Pyridoxal phosphate,GAD1
DB00114,Pyridoxal phosphate,CBS
DB00114,Pyridoxal phosphate,KYNU
DB00114,Pyridoxal phosphate,SHMT1
DB00114,Pyridoxal phosphate,NFS1
DB00114,Pyridoxal phosphate,GOT1
DB00114,Pyridoxal phosphate,OAT
DB00114,Pyridoxal phosphate,ODC1
DB00114,Pyridoxal phosphate,AADAT
DB00114,Pyridoxal phosphate,PNPO
DB00114,Pyridoxal phosphate,SGPL1
DB00114,Pyridoxal phosphate,TAT
DB00114,Pyridoxal phosphate,KYAT1
DB00114,Pyridoxal phosphate,PYGL
DB00114,Pyridoxal phosphate,SPTLC2
DB00114,Pyridoxal phosphate,CSAD
DB00114,Pyridoxal phosphate,HDC
DB00114,Pyridoxal phosphate,AZIN2
DB00114,Pyridoxal phosphate,SDS
DB00114,Pyridoxal phosphate,GCAT
DB00114,Pyridoxal phosphate,GLDC
DB00114,Pyridoxal phosphate,GPT
DB00114,Pyridoxal phosphate,PSAT1
DB00114,Pyridoxal phosphate,ALAS1
DB00114,Pyridoxal phosphate,AGXT
DB00114,Pyridoxal phosphate,PDXP
DB00114,Pyridoxal phosphate,SPTLC1
DB00114,Pyridoxal phosphate,CTH
DB00114,Pyridoxal phosphate,BCAT1
DB00114,Pyridoxal phosphate,BCAT2
DB00114,Pyridoxal phosphate,PLPBP
DB00114,Pyridoxal phosphate,GOT2
DB00114,Pyridoxal phosphate,PYGB
DB00114,Pyridoxal phosphate,PYGM
DB00114,Pyridoxal phosphate,DDC
DB00114,Pyridoxal phosphate,
DB00114,Pyridoxal phosphate,GAD2
DB00114,Pyridoxal phosphate,KYAT3
DB00114,Pyridoxal phosphate,GADL1
DB00114,Pyridoxal phosphate,SCLY
DB00114,Pyridoxal phosphate,IGSF10
DB00114,Pyridoxal phosphate,PHYKPL
DB00114,Pyridoxal phosphate,SHMT2
DB00114,Pyridoxal phosphate,ALAS2
DB00114,Pyridoxal phosphate,GPT2
DB00114,Pyridoxal phosphate,MOCOS
DB00114,Pyridoxal phosphate,SDSL
DB00114,Pyridoxal phosphate,SRR
DB00114,Pyridoxal phosphate,SEPSECS
DB00114,Pyridoxal phosphate,SPTLC3
DB00114,Pyridoxal phosphate,GAD65
DB00114,Pyridoxal phosphate,GOT1
DB00115,Cyanocobalamin,MTR
DB00115,Cyanocobalamin,MMUT
DB00115,Cyanocobalamin,MTRR
DB00115,Cyanocobalamin,MMAA
DB00115,Cyanocobalamin,MMACHC
DB00115,Cyanocobalamin,MTHFR
DB00116,Tetrahydrofolic acid,MTHFD1
DB00116,Tetrahydrofolic acid,MTHFD2
DB00116,Tetrahydrofolic acid,AMT
DB00116,Tetrahydrofolic acid,ALDH1L1
DB00116,Tetrahydrofolic acid,MTR
DB00116,Tetrahydrofolic acid,FTCD
DB00116,Tetrahydrofolic acid,ATIC
DB00116,Tetrahydrofolic acid,SHMT1
DB00116,Tetrahydrofolic acid,SHMT2
DB00116,Tetrahydrofolic acid,MTHFR
DB00116,Tetrahydrofolic acid,
DB00116,Tetrahydrofolic acid,MTFMT
DB00117,Histidine,HDC
DB00117,Histidine,HARS1
DB00117,Histidine,SLC38A3
DB00117,Histidine,HAL
DB00118,Ademetionine,COMT
DB00118,Ademetionine,CMTR1
DB00118,Ademetionine,AS3MT
DB00118,Ademetionine,GNMT
DB00118,Ademetionine,AMD1
DB00118,Ademetionine,MAT2A
DB00118,Ademetionine,CBS
DB00118,Ademetionine,MAT1A
DB00119,Pyruvic acid,ABAT
DB00119,Pyruvic acid,CA4
DB00119,Pyruvic acid,SLC16A3
DB00119,Pyruvic acid,SLC16A2
DB00119,Pyruvic acid,AGXT2
DB00119,Pyruvic acid,SLC16A5
DB00119,Pyruvic acid,PKLR
DB00119,Pyruvic acid,SLC16A6
DB00119,Pyruvic acid,SLC16A7
DB00119,Pyruvic acid,PDHB
DB00119,Pyruvic acid,PKM
DB00119,Pyruvic acid,SLC16A4
DB00119,Pyruvic acid,SLC16A8
DB00119,Pyruvic acid,SLC16A1
DB00119,Pyruvic acid,PC
DB00120,Phenylalanine,TH
DB00120,Phenylalanine,TAT
DB00120,Phenylalanine,SLC7A8
DB00120,Phenylalanine,FARSA
DB00120,Phenylalanine,PAH
DB00120,Phenylalanine,FARS2
DB00120,Phenylalanine,FARSB
DB00121,Biotin,PCCB
DB00121,Biotin,HLCS
DB00121,Biotin,MCCC2
DB00121,Biotin,ACACB
DB00121,Biotin,MCCC1
DB00121,Biotin,PC
DB00121,Biotin,PCCA
DB00121,Biotin,ACACA
DB00122,Choline,CHRNA2
DB00122,Choline,CHRNA7
DB00122,Choline,PCYT1B
DB00123,Lysine,SLC7A1
DB00123,Lysine,SLC7A4
DB00123,Lysine,SLC7A3
DB00123,Lysine,SLC7A2
DB00123,Lysine,KARS1
DB00125,Arginine,SLC7A3
DB00125,Arginine,TK1
DB00125,Arginine,AZIN2
DB00125,Arginine,ASL
DB00125,Arginine,NOS2
DB00125,Arginine,SLC7A1
DB00125,Arginine,ARG2
DB00125,Arginine,SLC7A4
DB00125,Arginine,ASS1
DB00125,Arginine,NOS3
DB00126,Ascorbic acid,SLC23A1
DB00126,Ascorbic acid,SLC23A2
DB00126,Ascorbic acid,
DB00126,Ascorbic acid,xylA
DB00126,Ascorbic acid,PLOD2
DB00126,Ascorbic acid,PHYH
DB00126,Ascorbic acid,PLOD3
DB00126,Ascorbic acid,BBOX1
DB00126,Ascorbic acid,DBH
DB00126,Ascorbic acid,PAM
DB00126,Ascorbic acid,P3H1
DB00126,Ascorbic acid,P3H2
DB00126,Ascorbic acid,P3H3
DB00126,Ascorbic acid,P4HA1
DB00126,Ascorbic acid,OGFOD1
DB00126,Ascorbic acid,OGFOD2
DB00126,Ascorbic acid,ALKBH2
DB00126,Ascorbic acid,ALKBH3
DB00126,Ascorbic acid,KDM5D
DB00126,Ascorbic acid,PLOD1
DB00126,Ascorbic acid,TMLHE
DB00126,Ascorbic acid,P4HTM
DB00126,Ascorbic acid,EGLN1
DB00126,Ascorbic acid,EGLN2
DB00126,Ascorbic acid,EGLN3
DB00127,Spermine,SMS
DB00127,Spermine,SMOX
DB00127,Spermine,CA14
DB00127,Spermine,CA6
DB00127,Spermine,CA9
DB00127,Spermine,GRIN1
DB00127,Spermine,CA4
DB00127,Spermine,GRIN2A
DB00127,Spermine,ODC1
DB00127,Spermine,CASR
DB00127,Spermine,ADRB1
DB00127,Spermine,ADRB2
DB00128,Aspartic acid,GRIN1
DB00128,Aspartic acid,GRIN2B
DB00128,Aspartic acid,GRIN2A
DB00128,Aspartic acid,ADSS1
DB00128,Aspartic acid,SLC25A13
DB00128,Aspartic acid,GOT1
DB00128,Aspartic acid,ASPA
DB00128,Aspartic acid,ASNS
DB00128,Aspartic acid,ASS1
DB00128,Aspartic acid,ACY1
DB00128,Aspartic acid,GOT2
DB00128,Aspartic acid,DARS1
DB00128,Aspartic acid,SLC25A12
DB00128,Aspartic acid,ASPH
DB00128,Aspartic acid,PAICS
DB00128,Aspartic acid,ADSS2
DB00128,Aspartic acid,SLC1A1
DB00128,Aspartic acid,DARS2
DB00128,Aspartic acid,ASRGL1
DB00128,Aspartic acid,RNASE1
DB00128,Aspartic acid,LYZ
DB00129,Ornithine,OAT
DB00129,Ornithine,OTC
DB00129,Ornithine,ARG1
DB00129,Ornithine,OAZ1
DB00129,Ornithine,SLC7A1
DB00129,Ornithine,SLC7A2
DB00129,Ornithine,SLC25A2
DB00129,Ornithine,ARG2
DB00129,Ornithine,SLC25A15
DB00129,Ornithine,GATM
DB00130,L-Glutamine,CTPS1
DB00130,L-Glutamine,PPAT
DB00130,L-Glutamine,GLUL
DB00131,Adenosine phosphate,PRKAA1
DB00131,Adenosine phosphate,ADK
DB00131,Adenosine phosphate,PRKAB1
DB00131,Adenosine phosphate,ACSS2
DB00131,Adenosine phosphate,PRKAA1
DB00131,Adenosine phosphate,ADCY1
DB00131,Adenosine phosphate,ACSL1
DB00131,Adenosine phosphate,CREB1
DB00131,Adenosine phosphate,PDE4B
DB00131,Adenosine phosphate,PYGL
DB00131,Adenosine phosphate,HINT1
DB00131,Adenosine phosphate,PDE4D
DB00131,Adenosine phosphate,FBP1
DB00132,alpha-Linolenic acid,FADS1
DB00132,alpha-Linolenic acid,FADS2
DB00132,alpha-Linolenic acid,TRPV1
DB00132,alpha-Linolenic acid,PTGS2
DB00132,alpha-Linolenic acid,FFAR1
DB00132,alpha-Linolenic acid,PPARA
DB00132,alpha-Linolenic acid,NR1H4
DB00132,alpha-Linolenic acid,PPARD
DB00132,alpha-Linolenic acid,PPARG
DB00132,alpha-Linolenic acid,RXRA
DB00132,alpha-Linolenic acid,ELOVL2
DB00132,alpha-Linolenic acid,ELOVL5
DB00132,alpha-Linolenic acid,SLC8A1
DB00133,Serine,CBS
DB00133,Serine,SDS
DB00133,Serine,SRR
DB00133,Serine,SPTLC2
DB00133,Serine,SPTLC1
DB00133,Serine,SARS1
DB00133,Serine,AGXT
DB00134,Methionine,MTRR
DB00134,Methionine,MTR
DB00134,Methionine,METAP2
DB00134,Methionine,BHMT
DB00134,Methionine,BHMT2
DB00135,Tyrosine,TH
DB00135,Tyrosine,YARS2
DB00135,Tyrosine,YARS1
DB00135,Tyrosine,TAT
DB00136,Calcitriol,VDR
DB00136,Calcitriol,HOXA10
DB00138,Cystine,SLC7A11
DB00138,Cystine,CTNS
DB00139,Succinic acid,ALDH5A1
DB00139,Succinic acid,SUCNR1
DB00140,Riboflavin,RFK
DB00140,Riboflavin,ribC
DB00140,Riboflavin,BLVRB
DB00140,Riboflavin,MPO
DB00141,N-Acetylglucosamine,B4GALT1
DB00141,N-Acetylglucosamine,B4GALT4
DB00141,N-Acetylglucosamine,NAGK
DB00141,N-Acetylglucosamine,NAGPA
DB00141,N-Acetylglucosamine,NAGLU
DB00141,N-Acetylglucosamine,RENBP
DB00142,Glutamic acid,GRM1
DB00142,Glutamic acid,GRM4
DB00142,Glutamic acid,GRIK4
DB00142,Glutamic acid,GRIK5
DB00142,Glutamic acid,GRM7
DB00142,Glutamic acid,GRM8
DB00142,Glutamic acid,SLC1A7
DB00142,Glutamic acid,OPLAH
DB00142,Glutamic acid,PFAS
DB00142,Glutamic acid,BCAT2
DB00142,Glutamic acid,GRIN2D
DB00142,Glutamic acid,GLS
DB00142,Glutamic acid,GOT2
DB00142,Glutamic acid,EPRS1
DB00142,Glutamic acid,ASNS
DB00142,Glutamic acid,GLUL
DB00142,Glutamic acid,GOT1
DB00142,Glutamic acid,TAT
DB00142,Glutamic acid,GPT
DB00142,Glutamic acid,GGCX
DB00142,Glutamic acid,SLC1A3
DB00142,Glutamic acid,SLC1A2
DB00142,Glutamic acid,SLC1A1
DB00142,Glutamic acid,GCLC
DB00142,Glutamic acid,SLC1A6
DB00142,Glutamic acid,GLUD2
DB00142,Glutamic acid,GMPS
DB00142,Glutamic acid,BCAT1
DB00142,Glutamic acid,ABAT
DB00142,Glutamic acid,GRIN1
DB00142,Glutamic acid,FPGS
DB00142,Glutamic acid,ENPEP
DB00142,Glutamic acid,GRIN2A
DB00142,Glutamic acid,GRIN2B
DB00142,Glutamic acid,GRIN2C
DB00142,Glutamic acid,EARS2
DB00142,Glutamic acid,NADSYN1
DB00142,Glutamic acid,NAGS
DB00142,Glutamic acid,AADAT
DB00142,Glutamic acid,GRIN3A
DB00142,Glutamic acid,GPT2
DB00142,Glutamic acid,AASS
DB00142,Glutamic acid,GLS2
DB00142,Glutamic acid,DNPEP
DB00142,Glutamic acid,SLC7A11
DB00142,Glutamic acid,CPQ
DB00142,Glutamic acid,PSAT1
DB00142,Glutamic acid,GLUD1
DB00142,Glutamic acid,GRIK1
DB00142,Glutamic acid,GRIA1
DB00142,Glutamic acid,GCLM
DB00142,Glutamic acid,FOLH1
DB00142,Glutamic acid,GAD2
DB00142,Glutamic acid,GAD1
DB00142,Glutamic acid,FTCD
DB00142,Glutamic acid,GRIA2
DB00142,Glutamic acid,GRIA3
DB00142,Glutamic acid,GRIA4
DB00142,Glutamic acid,ALDH18A1
DB00142,Glutamic acid,GRIK2
DB00142,Glutamic acid,GRIK3
DB00142,Glutamic acid,GOT1
DB00143,Glutathione,AKR1B1
DB00143,Glutathione,IMPDH1
DB00143,Glutathione,MMP9
DB00143,Glutathione,CYP3A4
DB00143,Glutathione,GPX5
DB00143,Glutathione,GSR
DB00143,Glutathione,GSS
DB00143,Glutathione,GSTM1
DB00143,Glutathione,GSTK1
DB00143,Glutathione,GSTA3
DB00143,Glutathione,GSTM3
DB00143,Glutathione,GSTA4
DB00143,Glutathione,GSTM4
DB00143,Glutathione,GSTA5
DB00143,Glutathione,GSTP1
DB00143,Glutathione,GSTO1
DB00143,Glutathione,GPX1
DB00143,Glutathione,GPX2
DB00143,Glutathione,GSTT1
DB00143,Glutathione,GSTZ1
DB00143,Glutathione,GPX5
DB00143,Glutathione,GPX3
DB00143,Glutathione,GLO1
DB00143,Glutathione,LTC4S
DB00143,Glutathione,MGST3
DB00143,Glutathione,HPGDS
DB00143,Glutathione,GSTA1
DB00143,Glutathione,GSTA2
DB00143,Glutathione,MGST1
DB00143,Glutathione,ESD
DB00143,Glutathione,GGT1
DB00143,Glutathione,GSTM2
DB00143,Glutathione,GLRX
DB00143,Glutathione,GPX4
DB00143,Glutathione,GSTM5
DB00143,Glutathione,GPX6
DB00143,Glutathione,HAGH
DB00143,Glutathione,GPX1
DB00143,Glutathione,GPX7
DB00143,Glutathione,MGST2
DB00143,Glutathione,GSTO2
DB00143,Glutathione,GLRX2
DB00144,Phosphatidyl serine,PISD
DB00144,Phosphatidyl serine,SCARB1
DB00144,Phosphatidyl serine,PRKCA
DB00144,Phosphatidyl serine,PTDSS1
DB00144,Phosphatidyl serine,DGKG
DB00144,Phosphatidyl serine,DGKD
DB00144,Phosphatidyl serine,PTDSS2
DB00144,Phosphatidyl serine,SMPD4
DB00144,Phosphatidyl serine,SMPD3
DB00144,Phosphatidyl serine,ATP8A1
DB00145,Glycine,GRIN2A
DB00145,Glycine,GCAT
DB00145,Glycine,ALAS1
DB00145,Glycine,ALAS2
DB00145,Glycine,GARS1
DB00145,Glycine,BAAT
DB00145,Glycine,GPR18
DB00145,Glycine,GSS
DB00145,Glycine,GRIN2C
DB00145,Glycine,
DB00145,Glycine,GLYAT
DB00145,Glycine,SHMT2
DB00145,Glycine,GLYATL2
DB00145,Glycine,GLYATL1
DB00145,Glycine,AGXT2
DB00145,Glycine,PIPOX
DB00145,Glycine,GRIN3B
DB00145,Glycine,GLRA1
DB00145,Glycine,AGXT
DB00145,Glycine,GLRB
DB00145,Glycine,SHMT1
DB00145,Glycine,GLRA3
DB00145,Glycine,GLRA2
DB00145,Glycine,GNMT
DB00145,Glycine,GATM
DB00146,Calcifediol,VDR
DB00147,Pyridoxal,PDXK
DB00148,Creatine,CKM
DB00148,Creatine,CKMT1A
DB00148,Creatine,CKB
DB00148,Creatine,CKMT2
DB00148,Creatine,GAMT
DB00149,Leucine,LARS2
DB00149,Leucine,LCMT2
DB00149,Leucine,LCMT1
DB00149,Leucine,LARS1
DB00149,Leucine,BCAT2
DB00149,Leucine,BCAT1
DB00150,Tryptophan,IDO1
DB00150,Tryptophan,WARS1
DB00150,Tryptophan,trpS
DB00150,Tryptophan,WARS2
DB00151,Cysteine,GCLM
DB00151,Cysteine,GCLC
DB00151,Cysteine,GOT1
DB00151,Cysteine,GOT2
DB00151,Cysteine,CTH
DB00151,Cysteine,CBS
DB00151,Cysteine,CARS1
DB00151,Cysteine,MGMT
DB00151,Cysteine,GSS
DB00151,Cysteine,CARS2
DB00151,Cysteine,CSAD
DB00151,Cysteine,NFS1
DB00151,Cysteine,CDO1
DB00152,Thiamine,TPK1
DB00152,Thiamine,aceE
DB00153,Ergocalciferol,VDR
DB00153,Ergocalciferol,CACNG1
DB00154,Daleuton,PTGS2
DB00154,Daleuton,PTGS1
DB00155,Citrulline,NOS3
DB00155,Citrulline,ASS1
DB00155,Citrulline,DDAH2
DB00155,Citrulline,DDAH1
DB00155,Citrulline,OTC
DB00155,Citrulline,NOS1
DB00155,Citrulline,NOS2
DB00155,Citrulline,PADI4
DB00155,Citrulline,PADI6
DB00155,Citrulline,PADI1
DB00155,Citrulline,PADI3
DB00155,Citrulline,PADI2
DB00156,Threonine,TARS1
DB00156,Threonine,TARS2
DB00156,Threonine,bla
DB00157,NADH,MT-ND3
DB00157,NADH,UGDH
DB00157,NADH,ADH1A
DB00157,NADH,SORD
DB00157,NADH,ADH4
DB00157,NADH,ADH1C
DB00157,NADH,ADH1B
DB00157,NADH,ADH7
DB00157,NADH,GPD1
DB00157,NADH,LDHAL6A
DB00157,NADH,ADH5
DB00157,NADH,AKR1B1
DB00157,NADH,HSD17B10
DB00157,NADH,MDH2
DB00157,NADH,LDHA
DB00157,NADH,ME2
DB00157,NADH,HSD17B4
DB00157,NADH,LDHAL6B
DB00157,NADH,LDHC
DB00157,NADH,LDHB
DB00157,NADH,EHHADH
DB00157,NADH,HADH
DB00157,NADH,ME3
DB00157,NADH,BDH1
DB00157,NADH,MDH1
DB00157,NADH,HIBADH
DB00157,NADH,HSD17B3
DB00157,NADH,HMGCR
DB00157,NADH,ME1
DB00157,NADH,PHGDH
DB00157,NADH,HSD17B7
DB00157,NADH,IDH3G
DB00157,NADH,IDH3B
DB00157,NADH,IDH3A
DB00157,NADH,HSD17B1
DB00157,NADH,HSD17B2
DB00157,NADH,RDH5
DB00157,NADH,H6PD
DB00157,NADH,HSD17B8
DB00157,NADH,AKR1C4
DB00157,NADH,IMPDH2
DB00157,NADH,AKR1C3
DB00157,NADH,HPGD
DB00157,NADH,GFUS
DB00157,NADH,AKR1C1
DB00157,NADH,HSD11B1
DB00157,NADH,HSD3B2
DB00157,NADH,HSD3B1
DB00157,NADH,IMPDH1
DB00157,NADH,HADHA
DB00157,NADH,ALDH2
DB00157,NADH,HSD11B2
DB00157,NADH,AKR1C2
DB00157,NADH,NSDHL
DB00157,NADH,ALDH3B2
DB00157,NADH,ALDH6A1
DB00157,NADH,ALDH3A1
DB00157,NADH,ALDH1A1
DB00157,NADH,GAPDHS
DB00157,NADH,ALDH9A1
DB00157,NADH,ALDH1A3
DB00157,NADH,ALDH1B1
DB00157,NADH,ALDH3B1
DB00157,NADH,GAPDH
DB00157,NADH,ALDH1A2
DB00157,NADH,ALDH3A2
DB00157,NADH,ALDH5A1
DB00157,NADH,ALDH7A1
DB00157,NADH,BLVRB
DB00157,NADH,PYCR2
DB00157,NADH,PYCR1
DB00157,NADH,GLUD1
DB00157,NADH,PDHB
DB00157,NADH,PDHA2
DB00157,NADH,PDHA1
DB00157,NADH,BLVRA
DB00157,NADH,ACADS
DB00157,NADH,DHFR
DB00157,NADH,OGDH
DB00157,NADH,GLUD2
DB00157,NADH,DHCR7
DB00157,NADH,NQO2
DB00157,NADH,MT-ND2
DB00157,NADH,AASS
DB00157,NADH,NDUFS7
DB00157,NADH,MTHFD1
DB00157,NADH,MTHFD2
DB00157,NADH,ALDH4A1
DB00157,NADH,CYB5R3
DB00157,NADH,NDUFA11
DB00157,NADH,MT-ND4
DB00157,NADH,QDPR
DB00157,NADH,MT-ND1
DB00157,NADH,NNT
DB00157,NADH,NDUFA5
DB00157,NADH,NDUFA9
DB00157,NADH,MT-ND4L
DB00157,NADH,NDUFA10
DB00157,NADH,NDUFA7
DB00157,NADH,NDUFA1
DB00157,NADH,MT-ND6
DB00157,NADH,MT-ND5
DB00157,NADH,COXFA4
DB00157,NADH,NDUFA6
DB00157,NADH,NDUFAB1
DB00157,NADH,NDUFA2
DB00157,NADH,NDUFA8
DB00157,NADH,NDUFA3
DB00157,NADH,NDUFB8
DB00157,NADH,NDUFC2
DB00157,NADH,NDUFB1
DB00157,NADH,NDUFS1
DB00157,NADH,NDUFB10
DB00157,NADH,NDUFB4
DB00157,NADH,NDUFB3
DB00157,NADH,NDUFB2
DB00157,NADH,NDUFB7
DB00157,NADH,NDUFB9
DB00157,NADH,NDUFS2
DB00157,NADH,NDUFB5
DB00157,NADH,NDUFC1
DB00157,NADH,NDUFB6
DB00157,NADH,NDUFV3
DB00157,NADH,DLD
DB00157,NADH,NDUFS3
DB00157,NADH,GSR
DB00157,NADH,NDUFA12
DB00157,NADH,NDUFS5
DB00157,NADH,NDUFS4
DB00157,NADH,NDUFV1
DB00157,NADH,NDUFV2
DB00157,NADH,NDUFA13
DB00157,NADH,CDO1
DB00157,NADH,NDUFS6
DB00157,NADH,COXFA4L2
DB00157,NADH,NDUFS8
DB00157,NADH,CYP4A11
DB00157,NADH,DLAT
DB00157,NADH,AMT
DB00157,NADH,MSMO1
DB00157,NADH,HMOX1
DB00157,NADH,HMOX2
DB00157,NADH,CYP17A1
DB00157,NADH,TYR
DB00158,Folic acid,SLC19A1
DB00158,Folic acid,SLC46A1
DB00158,Folic acid,FOLR3
DB00158,Folic acid,FOLR2
DB00158,Folic acid,FOLR1
DB00159,Icosapent,PTGS2
DB00159,Icosapent,PTGS1
DB00159,Icosapent,PPARG
DB00159,Icosapent,PPARD
DB00159,Icosapent,FFAR1
DB00159,Icosapent,SLC8A1
DB00159,Icosapent,FABP7
DB00159,Icosapent,FADS1
DB00159,Icosapent,ACSL4
DB00159,Icosapent,TRPV1
DB00159,Icosapent,PPARA
DB00159,Icosapent,ALOX5
DB00160,Alanine,ABAT
DB00160,Alanine,AGXT
DB00160,Alanine,GPT
DB00160,Alanine,NFS1
DB00160,Alanine,SLC36A1
DB00160,Alanine,SLC7A8
DB00160,Alanine,AGXT2
DB00160,Alanine,AARS1
DB00160,Alanine,SLC1A4
DB00160,Alanine,KYNU
DB00160,Alanine,AARS2
DB00160,Alanine,PHYKPL
DB00160,Alanine,GPT2
DB00161,Valine,PCCB
DB00161,Valine,BCAT1
DB00161,Valine,VARS1
DB00162,Vitamin A,RXRG
DB00162,Vitamin A,APOD
DB00162,Vitamin A,PTGDS
DB00162,Vitamin A,RDH12
DB00162,Vitamin A,RDH5
DB00162,Vitamin A,RDH13
DB00162,Vitamin A,ALDH1A2
DB00162,Vitamin A,ALDH1A1
DB00162,Vitamin A,LRAT
DB00162,Vitamin A,DHRS3
DB00162,Vitamin A,ALDH1A3
DB00162,Vitamin A,RETSAT
DB00162,Vitamin A,RDH11
DB00162,Vitamin A,DHRS4
DB00162,Vitamin A,RDH14
DB00162,Vitamin A,RDH8
DB00163,Vitamin E,SEC14L4
DB00163,Vitamin E,SEC14L3
DB00163,Vitamin E,SEC14L2
DB00163,Vitamin E,NR1I2
DB00163,Vitamin E,PRKCB
DB00163,Vitamin E,ALOX5
DB00163,Vitamin E,PRKCA
DB00163,Vitamin E,DGKA
DB00163,Vitamin E,PPP2CB
DB00163,Vitamin E,PPP2CA
DB00165,Pyridoxine,PDXK
DB00165,Pyridoxine,DDC
DB00166,Lipoic acid,LIPT1
DB00166,Lipoic acid,ACHE
DB00166,Lipoic acid,PTGS2
DB00166,Lipoic acid,SLC5A6
DB00166,Lipoic acid,LIAS
DB00167,Isoleucine,ACADSB
DB00167,Isoleucine,BCAT1
DB00167,Isoleucine,BCAT2
DB00167,Isoleucine,IARS1
DB00167,Isoleucine,IARS2
DB00168,Aspartame,TAS1R3
DB00168,Aspartame,TAS1R2
DB00168,Aspartame,TRPV1
DB00169,Cholecalciferol,VDR
DB00170,Menadione,GGCX
DB00170,Menadione,VKORC1
DB00170,Menadione,VKORC1L1
DB00170,Menadione,AOX1
DB00170,Menadione,F2
DB00170,Menadione,F9
DB00170,Menadione,PROC
DB00170,Menadione,PROS1
DB00170,Menadione,NQO2
DB00170,Menadione,NQO1
DB00170,Menadione,BGLAP
DB00171,ATP,ABL1
DB00171,ATP,ABCC6
DB00171,ATP,ABCC4
DB00171,ATP,ABCC1
DB00171,ATP,CFTR
DB00171,ATP,PIK3CA
DB00171,ATP,CSNK2A1
DB00171,ATP,CSNK2B
DB00171,ATP,P2RY11
DB00171,ATP,PPP5C
DB00171,ATP,ABL2
DB00171,ATP,ABCA1
DB00171,ATP,ACSS2
DB00171,ATP,ALK
DB00171,ATP,NAE1
DB00171,ATP,PRKAA1
DB00171,ATP,ARAF
DB00171,ATP,ACVRL1
DB00171,ATP,ACSL1
DB00171,ATP,NT5C2
DB00171,ATP,GET3
DB00171,ATP,ABCC9
DB00171,ATP,AKT1
DB00171,ATP,GRK2
DB00171,ATP,APAF1
DB00171,ATP,ACSS1
DB00171,ATP,ACVR1B
DB00171,ATP,ACVR1
DB00171,ATP,ABCB11
DB00171,ATP,ASNS
DB00171,ATP,CDK15
DB00171,ATP,SLC25A4
DB00171,ATP,ABCC8
DB00171,ATP,ASS1
DB00171,ATP,AFG3L2
DB00171,ATP,GRK3
DB00171,ATP,AMHR2
DB00171,ATP,TNK2
DB00171,ATP,ADCY1
DB00171,ATP,ABCB1
DB00171,ATP,ABCG1
DB00171,ATP,ABCC2
DB00172,Proline,PPIB
DB00172,Proline,PPIA
DB00172,Proline,PYCR1
DB00172,Proline,EPRS1
DB00172,Proline,SLC6A14
DB00172,Proline,SLC6A7
DB00172,Proline,PYCR2
DB00172,Proline,P4HA2
DB00172,Proline,PRODH
DB00172,Proline,PPIH
DB00172,Proline,PLPBP
DB00172,Proline,P4HA1
DB00172,Proline,PPIF
DB00172,Proline,PPIC
DB00172,Proline,PPIG
DB00172,Proline,P3H1
DB00172,Proline,P5CR2
DB00172,Proline,PARS2
DB00172,Proline,P3H2
DB00172,Proline,P3H3
DB00172,Proline,PYCR3
DB00172,Proline,L3HYPDH
DB00173,Adenine,APRT
DB00173,Adenine,MTAP
DB00173,Adenine,cobT
DB00173,Adenine,ACACB
DB00173,Adenine,ACP1
DB00173,Adenine,mtnN
DB00173,Adenine,PECR
DB00173,Adenine,mutY
DB00173,Adenine,ptd
DB00173,Adenine,SRPK2
DB00173,Adenine,ruvB
DB00174,Asparagine,SLC38A1
DB00174,Asparagine,SLC1A5
DB00174,Asparagine,ASNS
DB00174,Asparagine,NARS1
DB00174,Asparagine,ASRGL1
DB00174,Asparagine,NARS2
DB00175,Pravastatin,HMGCR
DB00175,Pravastatin,HDAC2
DB00176,Fluvoxamine,SLC6A4
DB00176,Fluvoxamine,KCNH2
DB00177,Valsartan,AGTR1
DB00178,Ramipril,ACE
DB00178,Ramipril,BDKRB1
DB00179,Masoprocol,ALOX5
DB00179,Masoprocol,TRPM7
DB00179,Masoprocol,ERBB2
DB00179,Masoprocol,SHBG
DB00180,Flunisolide,NR3C1
DB00181,Baclofen,GABBR2
DB00181,Baclofen,GABBR1
DB00181,Baclofen,CXCR4
DB00182,Amphetamine,SLC18A2
DB00182,Amphetamine,SLC6A3
DB00182,Amphetamine,CARTPT
DB00182,Amphetamine,TAAR1
DB00182,Amphetamine,MAOA
DB00182,Amphetamine,SLC6A2
DB00182,Amphetamine,ADRA1A
DB00182,Amphetamine,ADRB1
DB00182,Amphetamine,DRD2
DB00182,Amphetamine,MAOB
DB00182,Amphetamine,SLC6A4
DB00183,Pentagastrin,CCKBR
DB00184,Nicotine,CHRNA4
DB00184,Nicotine,CHRNA7
DB00184,Nicotine,CHRNB2
DB00184,Nicotine,CHRNA2
DB00184,Nicotine,CHRNA3
DB00184,Nicotine,CHRNA5
DB00184,Nicotine,CHRNA6
DB00184,Nicotine,CHRNA9
DB00184,Nicotine,CHRNA10
DB00184,Nicotine,CHRNB3
DB00184,Nicotine,CHRNB4
DB00184,Nicotine,CYP19A1
DB00184,Nicotine,CHAT
DB00185,Cevimeline,CHRM3
DB00185,Cevimeline,CHRM1
DB00186,Lorazepam,GABRA1
DB00186,Lorazepam,GABRA1
DB00186,Lorazepam,TSPO
DB00187,Esmolol,ADRB1
DB00188,Bortezomib,PSMB5
DB00188,Bortezomib,PSMB1
DB00188,Bortezomib,PRSS1
DB00189,Ethchlorvynol,GABRA1
DB00189,Ethchlorvynol,GABRA1
DB00189,Ethchlorvynol,GABRB2
DB00190,Carbidopa,DDC
DB00191,Phentermine,SLC6A2
DB00191,Phentermine,SLC6A4
DB00191,Phentermine,SLC6A3
DB00191,Phentermine,MAOA
DB00191,Phentermine,MAOB
DB00191,Phentermine,NPY
DB00192,Indecainide,SCN5A
DB00193,Tramadol,OPRM1
DB00193,Tramadol,SLC6A2
DB00193,Tramadol,SLC6A4
DB00193,Tramadol,SCN2A
DB00193,Tramadol,OPRK1
DB00193,Tramadol,OPRD1
DB00193,Tramadol,GRIN1
DB00193,Tramadol,ADORA1
DB00193,Tramadol,ADRA2A
DB00193,Tramadol,HTR2C
DB00193,Tramadol,CHRNA7
DB00193,Tramadol,CHRM3
DB00193,Tramadol,CHRM1
DB00193,Tramadol,TACR1
DB00193,Tramadol,TRPV1
DB00194,Vidarabine,
DB00194,Vidarabine,TK
DB00194,Vidarabine,TK
DB00194,Vidarabine,ADORA2B
DB00195,Betaxolol,ADRB1
DB00195,Betaxolol,ADRB2
DB00196,Fluconazole,ERG11
DB00197,Troglitazone,PPARG
DB00197,Troglitazone,ESRRG
DB00197,Troglitazone,ESRRA
DB00197,Troglitazone,PPARD
DB00197,Troglitazone,PPARA
DB00197,Troglitazone,GSTP1
DB00197,Troglitazone,ACSL4
DB00197,Troglitazone,SERPINE1
DB00197,Troglitazone,SLC29A1
DB00198,Oseltamivir,NA
DB00198,Oseltamivir,NEU1
DB00198,Oseltamivir,NEU2
DB00199,Erythromycin,MLNR
DB00199,Erythromycin,KCNH2
DB00200,Hydroxocobalamin,MTR
DB00200,Hydroxocobalamin,MMUT
DB00200,Hydroxocobalamin,MMAA
DB00200,Hydroxocobalamin,TCN1
DB00200,Hydroxocobalamin,AMN
DB00200,Hydroxocobalamin,CUBN
DB00200,Hydroxocobalamin,MMACHC
DB00201,Caffeine,ADORA1
DB00201,Caffeine,ADORA2A
DB00201,Caffeine,ADORA2B
DB00201,Caffeine,ADORA3
DB00201,Caffeine,PDE4D
DB00201,Caffeine,NT5E
DB00201,Caffeine,PDE4B
DB00201,Caffeine,RYR1
DB00201,Caffeine,PDE4A
DB00201,Caffeine,PRKDC
DB00201,Caffeine,PIK3CD
DB00201,Caffeine,PIK3CA
DB00201,Caffeine,PIK3CB
DB00201,Caffeine,ITPR1
DB00201,Caffeine,ATM
DB00202,Succinylcholine,CHRNA10
DB00202,Succinylcholine,CHRM2
DB00202,Succinylcholine,CHRM3
DB00203,Sildenafil,PDE5A
DB00203,Sildenafil,SERPING1
DB00203,Sildenafil,PDE6G
DB00203,Sildenafil,PDE6H
DB00203,Sildenafil,ODC1
DB00203,Sildenafil,CD274
DB00204,Dofetilide,KCNH2
DB00204,Dofetilide,KCNK2
DB00204,Dofetilide,KCNJ12
DB00205,Pyrimethamine,DHFR
DB00205,Pyrimethamine,
DB00205,Pyrimethamine,HEXB
DB00205,Pyrimethamine,FOLR1
DB00206,Reserpine,SLC18A2
DB00206,Reserpine,SLC18A1
DB00206,Reserpine,BIRC5
DB00207,Azithromycin,PADI4
DB00208,Ticlopidine,P2RY12
DB00208,Ticlopidine,PTAFR
DB00209,Trospium,CHRM5
DB00209,Trospium,CHRM3
DB00209,Trospium,CHRM1
DB00210,Adapalene,RARB
DB00210,Adapalene,RARG
DB00210,Adapalene,RXRB
DB00210,Adapalene,RXRG
DB00210,Adapalene,RXRA
DB00210,Adapalene,JUN
DB00210,Adapalene,TLR2
DB00210,Adapalene,RARA
DB00210,Adapalene,GOT1
DB00211,Midodrine,ADRA1A
DB00211,Midodrine,ADRA1B
DB00211,Midodrine,ADRA1D
DB00212,Remikiren,REN
DB00213,Pantoprazole,ATP4A
DB00213,Pantoprazole,ATP4B
DB00213,Pantoprazole,DDAH1
DB00214,Torasemide,SLC12A2
DB00214,Torasemide,SLC12A1
DB00215,Citalopram,SLC6A4
DB00215,Citalopram,HRH1
DB00216,Eletriptan,HTR1B
DB00216,Eletriptan,HTR1D
DB00216,Eletriptan,HTR1F
DB00216,Eletriptan,HTR1A
DB00216,Eletriptan,HTR1E
DB00216,Eletriptan,HTR2B
DB00216,Eletriptan,HTR7
DB00217,Bethanidine,KCNJ1
DB00217,Bethanidine,ADRA2A
DB00217,Bethanidine,ADRB1
DB00217,Bethanidine,ADRB1
DB00218,Moxifloxacin,gyrA
DB00218,Moxifloxacin,parC
DB00218,Moxifloxacin,gyrB
DB00218,Moxifloxacin,gyrA
DB00218,Moxifloxacin,TOP2A
DB00218,Moxifloxacin,PON1
DB00219,Oxyphenonium,CHRM1
DB00220,Nelfinavir,gag-pol
DB00221,Isoetharine,ADRB1
DB00221,Isoetharine,ADRB2
DB00222,Glimepiride,KCNJ11
DB00222,Glimepiride,KCNJ1
DB00222,Glimepiride,ABCC8
DB00222,Glimepiride,ABCC9
DB00223,Diflorasone,NR3C1
DB00223,Diflorasone,PLA2G1B
DB00224,Indinavir,pol
DB00224,Indinavir,gag-pol
DB00226,Guanadrel,SLC6A2
DB00227,Lovastatin,HMGCR
DB00227,Lovastatin,ITGAL
DB00227,Lovastatin,HDAC2
DB00228,Enflurane,GABRA1
DB00228,Enflurane,CACNG1
DB00228,Enflurane,GLRA1
DB00228,Enflurane,KCND1
DB00228,Enflurane,ATP2C1
DB00228,Enflurane,GRIN1
DB00228,Enflurane,ATP2A1
DB00229,Cefotiam,pbpA
DB00229,Cefotiam,ftsI
DB00230,Pregabalin,CACNA2D1
DB00231,Temazepam,GABRA1
DB00231,Temazepam,TSPO
DB00231,Temazepam,GABRA1
DB00232,Methyclothiazide,SLC12A1
DB00232,Methyclothiazide,CA1
DB00232,Methyclothiazide,CA2
DB00232,Methyclothiazide,CA4
DB00233,Aminosalicylic acid,DHFR
DB00233,Aminosalicylic acid,PTGS1
DB00233,Aminosalicylic acid,PTGS2
DB00233,Aminosalicylic acid,CHUK
DB00233,Aminosalicylic acid,ALOX5
DB00233,Aminosalicylic acid,PLA2G2E
DB00234,Reboxetine,SLC6A2
DB00235,Milrinone,PDE3A
DB00237,Butabarbital,GABRA1
DB00237,Butabarbital,GABRA1
DB00237,Butabarbital,CHRNA10
DB00237,Butabarbital,GRIA1
DB00237,Butabarbital,GRIA2
DB00237,Butabarbital,GRIA3
DB00237,Butabarbital,GRIA4
DB00237,Butabarbital,GRIK1
DB00237,Butabarbital,GRIK2
DB00237,Butabarbital,GRIK3
DB00237,Butabarbital,GRIK4
DB00237,Butabarbital,GRIK5
DB00238,Nevirapine,pol
DB00238,Nevirapine,gag-pol
DB00239,Oxiconazole,ERG11
DB00239,Oxiconazole,ERG7
DB00239,Oxiconazole,NR1I2
DB00240,Alclometasone,NR3C1
DB00240,Alclometasone,SERPINA6
DB00241,Butalbital,GABRA2
DB00241,Butalbital,GABRA3
DB00241,Butalbital,GABRA4
DB00241,Butalbital,GABRA5
DB00241,Butalbital,GABRA6
DB00241,Butalbital,GABRA1
DB00241,Butalbital,GABRA1
DB00241,Butalbital,CHRNA4
DB00241,Butalbital,CHRNA7
DB00241,Butalbital,GRIA2
DB00241,Butalbital,GRIK2
DB00242,Cladribine,RRM1
DB00242,Cladribine,RRM2
DB00242,Cladribine,RRM2B
DB00242,Cladribine,POLA1
DB00242,Cladribine,POLE
DB00242,Cladribine,POLE2
DB00242,Cladribine,POLE3
DB00242,Cladribine,POLE4
DB00242,Cladribine,PNP
DB00242,Cladribine,ADA
DB00242,Cladribine,PARP1
DB00243,Ranolazine,PLG
DB00243,Ranolazine,SCN1A
DB00243,Ranolazine,KCNJ12
DB00243,Ranolazine,CACNA1C
DB00243,Ranolazine,ADRA1A
DB00243,Ranolazine,ADRB1
DB00244,Mesalazine,PTGS2
DB00244,Mesalazine,PTGS1
DB00244,Mesalazine,ALOX5
DB00244,Mesalazine,PPARG
DB00244,Mesalazine,CHUK
DB00244,Mesalazine,IKBKB
DB00244,Mesalazine,NOS2
DB00245,Benzatropine,CHRM1
DB00245,Benzatropine,SLC6A3
DB00245,Benzatropine,HRH1
DB00245,Benzatropine,SLC6A4
DB00245,Benzatropine,SLC6A2
DB00246,Ziprasidone,DRD2
DB00246,Ziprasidone,HTR2A
DB00246,Ziprasidone,HTR1A
DB00246,Ziprasidone,HTR1D
DB00246,Ziprasidone,HTR2C
DB00246,Ziprasidone,CHRNA7
DB00246,Ziprasidone,DRD1
DB00246,Ziprasidone,DRD5
DB00246,Ziprasidone,DRD3
DB00246,Ziprasidone,DRD4
DB00246,Ziprasidone,HTR1B
DB00246,Ziprasidone,HTR1E
DB00246,Ziprasidone,HTR6
DB00246,Ziprasidone,HTR7
DB00246,Ziprasidone,HRH1
DB00246,Ziprasidone,ADRA1A
DB00246,Ziprasidone,ADRA1B
DB00246,Ziprasidone,ADRA2A
DB00246,Ziprasidone,ADRA2B
DB00246,Ziprasidone,ADRA2C
DB00246,Ziprasidone,CHRM1
DB00246,Ziprasidone,CHRM2
DB00246,Ziprasidone,CHRM3
DB00246,Ziprasidone,CHRM4
DB00246,Ziprasidone,CHRM5
DB00246,Ziprasidone,HTR3A
DB00246,Ziprasidone,HTR5A
DB00247,Methysergide,HTR2B
DB00247,Methysergide,HTR2C
DB00247,Methysergide,HTR2A
DB00247,Methysergide,HTR1A
DB00247,Methysergide,HTR7
DB00247,Methysergide,HTR1B
DB00247,Methysergide,HTR1F
DB00247,Methysergide,HTR1E
DB00248,Cabergoline,DRD2
DB00248,Cabergoline,HTR2B
DB00248,Cabergoline,DRD3
DB00248,Cabergoline,HTR2A
DB00248,Cabergoline,ADRA2B
DB00248,Cabergoline,HTR1D
DB00248,Cabergoline,DRD4
DB00248,Cabergoline,ADRA2A
DB00248,Cabergoline,HTR1A
DB00248,Cabergoline,ADRA2C
DB00248,Cabergoline,DRD5
DB00248,Cabergoline,DRD1
DB00248,Cabergoline,HTR1B
DB00248,Cabergoline,HTR2C
DB00248,Cabergoline,HTR7
DB00248,Cabergoline,ADRA1A
DB00248,Cabergoline,ADRA1B
DB00248,Cabergoline,ADRA1D
DB00248,Cabergoline,ADRB1
DB00248,Cabergoline,ADRB2
DB00248,Cabergoline,DRD1
DB00249,Idoxuridine,TK1
DB00249,Idoxuridine,TK
DB00250,Dapsone,folP2
DB00250,Dapsone,folP1
DB00251,Terconazole,ERG11
DB00252,Phenytoin,SCN5A
DB00252,Phenytoin,SCN1A
DB00252,Phenytoin,KCNH2
DB00252,Phenytoin,CACNA1C
DB00252,Phenytoin,SCN2A
DB00252,Phenytoin,SCN8A
DB00252,Phenytoin,NR1I2
DB00252,Phenytoin,SCN1B
DB00252,Phenytoin,SCN3A
DB00253,Medrysone,NR3C1
DB00253,Medrysone,ESRRG
DB00253,Medrysone,ESRRB
DB00253,Medrysone,ESRRA
DB00255,Diethylstilbestrol,ESR2
DB00255,Diethylstilbestrol,ESR1
DB00255,Diethylstilbestrol,ESRRG
DB00255,Diethylstilbestrol,ESRRA
DB00255,Diethylstilbestrol,ESRRB
DB00255,Diethylstilbestrol,NCOA2
DB00255,Diethylstilbestrol,NR1I2
DB00255,Diethylstilbestrol,AR
DB00255,Diethylstilbestrol,SHBG
DB00256,Lymecycline,rpsD
DB00257,Clotrimazole,ERG11
DB00257,Clotrimazole,KCNN4
DB00257,Clotrimazole,CXCR2
DB00257,Clotrimazole,NR1I2
DB00257,Clotrimazole,HCAR2
DB00259,Sulfanilamide,folP
DB00260,Cycloserine,ddlA
DB00260,Cycloserine,alr
DB00260,Cycloserine,GRIN1
DB00261,Anagrelide,PDE3A
DB00262,Carmustine,GSR
DB00263,Sulfisoxazole,folP
DB00264,Metoprolol,ADRB1
DB00264,Metoprolol,ADRB2
DB00264,Metoprolol,ADRB1
DB00265,Crotamiton,TRPV4
DB00266,Dicoumarol,VKORC1
DB00266,Dicoumarol,NQO1
DB00266,Dicoumarol,CRYZ
DB00267,Cefmenoxime,ftsI
DB00267,Cefmenoxime,pbpA
DB00268,Ropinirole,DRD3
DB00268,Ropinirole,DRD2
DB00268,Ropinirole,DRD4
DB00268,Ropinirole,ADRA1A
DB00269,Chlorotrianisene,ESR1
DB00270,Isradipine,CACNA1C
DB00270,Isradipine,CACNA2D1
DB00270,Isradipine,CACNB2
DB00270,Isradipine,CACNA1H
DB00270,Isradipine,CACNA2D2
DB00270,Isradipine,CACNA1D
DB00270,Isradipine,CACNA1S
DB00272,Betazole,HRH2
DB00273,Topiramate,GABRA1
DB00273,Topiramate,SCN1A
DB00273,Topiramate,GRIK1
DB00273,Topiramate,CA2
DB00273,Topiramate,CA4
DB00273,Topiramate,CACNA1C
DB00273,Topiramate,GRIK1
DB00273,Topiramate,CA1
DB00273,Topiramate,CA3
DB00273,Topiramate,CACNA1E
DB00274,Cefmetazole,mecA
DB00274,Cefmetazole,mrcA
DB00274,Cefmetazole,mrcB
DB00274,Cefmetazole,ftsI
DB00274,Cefmetazole,dacA
DB00274,Cefmetazole,dacC
DB00275,Olmesartan,AGTR1
DB00276,Amsacrine,TOP2A
DB00276,Amsacrine,TOP2B
DB00276,Amsacrine,KCNH2
DB00276,Amsacrine,ORM1
DB00276,Amsacrine,ALB
DB00277,Theophylline,ADORA1
DB00277,Theophylline,ADORA2A
DB00277,Theophylline,ADORA2B
DB00277,Theophylline,PDE4B
DB00277,Theophylline,PDE5A
DB00277,Theophylline,PDE4A
DB00277,Theophylline,PDE3A
DB00277,Theophylline,HDAC2
DB00277,Theophylline,PARP1
DB00277,Theophylline,RIC3
DB00277,Theophylline,NT5E
DB00277,Theophylline,CPNE1
DB00278,Argatroban,F2
DB00279,Liothyronine,THRA
DB00279,Liothyronine,THRB
DB00279,Liothyronine,PCNA
DB00280,Disopyramide,SCN5A
DB00280,Disopyramide,CHRM1
DB00280,Disopyramide,CHRM2
DB00280,Disopyramide,CHRM3
DB00280,Disopyramide,KCND2
DB00280,Disopyramide,KCND3
DB00280,Disopyramide,KCNH2
DB00280,Disopyramide,ORM2
DB00281,Lidocaine,SCN10A
DB00281,Lidocaine,SCN9A
DB00281,Lidocaine,SCN5A
DB00281,Lidocaine,SCN11A
DB00281,Lidocaine,EGFR
DB00281,Lidocaine,SCN4A
DB00281,Lidocaine,ORM1
DB00281,Lidocaine,ORM2
DB00282,Pamidronic acid,FDPS
DB00282,Pamidronic acid,GGPS1
DB00282,Pamidronic acid,CASP3
DB00282,Pamidronic acid,CASP9
DB00283,Clemastine,HRH1
DB00284,Acarbose,MGAM
DB00284,Acarbose,SI
DB00284,Acarbose,AMY2A
DB00284,Acarbose,GAA
DB00285,Venlafaxine,SLC6A4
DB00285,Venlafaxine,SLC6A2
DB00285,Venlafaxine,SLC6A3
DB00286,Conjugated estrogens,ESR2
DB00286,Conjugated estrogens,ESR1
DB00287,Travoprost,PTGFR
DB00288,Amcinonide,NR3C1
DB00288,Amcinonide,ESRRG
DB00288,Amcinonide,ESRRB
DB00288,Amcinonide,ESRRA
DB00288,Amcinonide,ANXA1
DB00289,Atomoxetine,SLC6A2
DB00289,Atomoxetine,SLC6A4
DB00289,Atomoxetine,GRIN1
DB00289,Atomoxetine,KCNJ3
DB00289,Atomoxetine,OPRK1
DB00290,Bleomycin,LIG1
DB00290,Bleomycin,LIG3
DB00292,Etomidate,GABRA1
DB00292,Etomidate,ADRA2B
DB00292,Etomidate,GABRA1
DB00292,Etomidate,GABRG3
DB00293,Raltitrexed,TYMS
DB00293,Raltitrexed,TMP1
DB00293,Raltitrexed,FPGS
DB00294,Etonogestrel,PGR
DB00295,Morphine,OPRM1
DB00295,Morphine,OPRK1
DB00295,Morphine,OPRD1
DB00295,Morphine,LY96
DB00296,Ropivacaine,SCN10A
DB00297,Bupivacaine,SCN10A
DB00297,Bupivacaine,PTGER1
DB00298,Dapiprazole,ADRA1A
DB00298,Dapiprazole,ADRA1D
DB00298,Dapiprazole,ADRA1B
DB00298,Dapiprazole,DRD2
DB00299,Penciclovir,
DB00299,Penciclovir,TK
DB00299,Penciclovir,TK1
DB00300,Tenofovir disoproxil,pol
DB00300,Tenofovir disoproxil,gag-pol
DB00300,Tenofovir disoproxil,P
DB00301,Flucloxacillin,pbpA
DB00302,Tranexamic acid,PLG
DB00303,Ertapenem,mrcA
DB00303,Ertapenem,mrcB
DB00303,Ertapenem,mrdA
DB00303,Ertapenem,mrdA
DB00303,Ertapenem,ftsI
DB00303,Ertapenem,ftsI
DB00303,Ertapenem,dacB
DB00303,Ertapenem,dacC
DB00304,Desogestrel,PGR
DB00304,Desogestrel,ESR1
DB00306,Talbutal,GABRA2
DB00306,Talbutal,GABRA3
DB00306,Talbutal,GABRA4
DB00306,Talbutal,GABRA5
DB00306,Talbutal,GABRA6
DB00306,Talbutal,GABRA1
DB00306,Talbutal,GABRA1
DB00306,Talbutal,GABRG3
DB00306,Talbutal,CHRNA4
DB00306,Talbutal,CHRNA7
DB00306,Talbutal,GRIA2
DB00306,Talbutal,GRIK2
DB00307,Bexarotene,RXRA
DB00307,Bexarotene,RXRB
DB00307,Bexarotene,RXRG
DB00308,Ibutilide,CACNA1C
DB00308,Ibutilide,CACNB1
DB00308,Ibutilide,KCNH2
DB00308,Ibutilide,CACNA2D1
DB00308,Ibutilide,CACNG1
DB00308,Ibutilide,KCNK1
DB00308,Ibutilide,KCNK6
DB00308,Ibutilide,KCNH6
DB00308,Ibutilide,KCNH7
DB00308,Ibutilide,KCNJ11
DB00309,Vindesine,TUBB1
DB00310,Chlorthalidone,CA1
DB00310,Chlorthalidone,SLC12A1
DB00311,Ethoxzolamide,CA2
DB00311,Ethoxzolamide,CA4
DB00311,Ethoxzolamide,CA7
DB00311,Ethoxzolamide,CA1
DB00311,Ethoxzolamide,CA3
DB00312,Pentobarbital,GABRA1
DB00312,Pentobarbital,GABRA2
DB00312,Pentobarbital,GABRA3
DB00312,Pentobarbital,GABRA4
DB00312,Pentobarbital,GABRA5
DB00312,Pentobarbital,GABRA6
DB00312,Pentobarbital,GABRA1
DB00312,Pentobarbital,CHRNA4
DB00312,Pentobarbital,CHRNA7
DB00312,Pentobarbital,GRIA2
DB00312,Pentobarbital,GRIK2
DB00312,Pentobarbital,GRIN1
DB00312,Pentobarbital,NR1I2
DB00313,Valproic acid,HDAC9
DB00313,Valproic acid,GSK3A
DB00313,Valproic acid,ABAT
DB00313,Valproic acid,ACADSB
DB00313,Valproic acid,OGDH
DB00313,Valproic acid,ALDH5A1
DB00313,Valproic acid,SCN1A
DB00313,Valproic acid,HDAC2
DB00313,Valproic acid,PPARA
DB00313,Valproic acid,PPARD
DB00313,Valproic acid,PPARG
DB00313,Valproic acid,HDAC1
DB00313,Valproic acid,CDKN1A
DB00313,Valproic acid,HGF
DB00313,Valproic acid,ODC1
DB00313,Valproic acid,CD274
DB00314,Capreomycin,tlyA
DB00315,Zolmitriptan,HTR1B
DB00315,Zolmitriptan,HTR1D
DB00315,Zolmitriptan,HTR1F
DB00315,Zolmitriptan,HTR1E
DB00315,Zolmitriptan,HTR7
DB00315,Zolmitriptan,HTR1A
DB00315,Zolmitriptan,HTR2A
DB00315,Zolmitriptan,HTR2B
DB00316,Acetaminophen,PTGS2
DB00316,Acetaminophen,PTGS1
DB00316,Acetaminophen,SLC6A4
DB00316,Acetaminophen,SLC6A2
DB00316,Acetaminophen,PTGES3
DB00316,Acetaminophen,TRPV1
DB00317,Gefitinib,EGFR
DB00318,Codeine,OPRM1
DB00318,Codeine,OPRK1
DB00318,Codeine,OPRD1
DB00319,Piperacillin,pbp3
DB00319,Piperacillin,penA
DB00319,Piperacillin,pbp2a
DB00319,Piperacillin,pbp1b
DB00320,Dihydroergotamine,HTR1B
DB00320,Dihydroergotamine,HTR1D
DB00320,Dihydroergotamine,HTR1F
DB00320,Dihydroergotamine,DRD2
DB00320,Dihydroergotamine,ADRA2A
DB00320,Dihydroergotamine,HTR1A
DB00320,Dihydroergotamine,HTR1E
DB00320,Dihydroergotamine,HTR2A
DB00320,Dihydroergotamine,HTR2B
DB00320,Dihydroergotamine,HTR2C
DB00320,Dihydroergotamine,ADRA1A
DB00320,Dihydroergotamine,ADRA2A
DB00320,Dihydroergotamine,DRD3
DB00320,Dihydroergotamine,DRD4
DB00320,Dihydroergotamine,HTR4
DB00320,Dihydroergotamine,ADRB3
DB00321,Amitriptyline,SLC6A2
DB00321,Amitriptyline,SLC6A4
DB00321,Amitriptyline,HTR2A
DB00321,Amitriptyline,HTR1A
DB00321,Amitriptyline,OPRD1
DB00321,Amitriptyline,OPRK1
DB00321,Amitriptyline,NTRK1
DB00321,Amitriptyline,NTRK2
DB00321,Amitriptyline,ADRA1A
DB00321,Amitriptyline,ADRA1D
DB00321,Amitriptyline,ADRA2A
DB00321,Amitriptyline,HRH1
DB00321,Amitriptyline,KCNQ2
DB00321,Amitriptyline,KCNA1
DB00321,Amitriptyline,HRH2
DB00321,Amitriptyline,HRH4
DB00321,Amitriptyline,SIGMAR1
DB00321,Amitriptyline,HTR2C
DB00321,Amitriptyline,ADRA1B
DB00321,Amitriptyline,HTR7
DB00321,Amitriptyline,HTR1D
DB00321,Amitriptyline,OPRM1
DB00321,Amitriptyline,HTR1B
DB00321,Amitriptyline,HTR6
DB00321,Amitriptyline,KCNQ3
DB00321,Amitriptyline,Htr2c
DB00321,Amitriptyline,CHRM1
DB00321,Amitriptyline,KCNH2
DB00322,Floxuridine,TYMS
DB00322,Floxuridine,TMP1
DB00323,Tolcapone,COMT
DB00324,Fluorometholone,NR3C1
DB00325,Nitroprusside,NPR1
DB00325,Nitroprusside,GUCY1B1
DB00325,Nitroprusside,ITPR2
DB00325,Nitroprusside,ITPR3
DB00325,Nitroprusside,GUCY1A1
DB00325,Nitroprusside,ITPR1
DB00327,Hydromorphone,OPRM1
DB00327,Hydromorphone,OPRD1
DB00327,Hydromorphone,OPRK1
DB00328,Indomethacin,PTGS2
DB00328,Indomethacin,PLA2G2A
DB00328,Indomethacin,PTGS1
DB00328,Indomethacin,PTGS1
DB00328,Indomethacin,EIF2AK2
DB00328,Indomethacin,PTGR2
DB00328,Indomethacin,PPARG
DB00328,Indomethacin,GLO1
DB00328,Indomethacin,PTGDR2
DB00328,Indomethacin,PPARA
DB00328,Indomethacin,AKR1C3
DB00330,Ethambutol,embC
DB00330,Ethambutol,embB
DB00330,Ethambutol,embA
DB00331,Metformin,ETFDH
DB00331,Metformin,PRKAB1
DB00331,Metformin,SLC47A1
DB00331,Metformin,ACACB
DB00331,Metformin,GPD1
DB00332,Ipratropium,CHRM3
DB00332,Ipratropium,CHRM1
DB00332,Ipratropium,CHRM2
DB00333,Methadone,OPRM1
DB00333,Methadone,GRIN1
DB00333,Methadone,OPRD1
DB00333,Methadone,CHRNA7
DB00333,Methadone,HTR3A
DB00333,Methadone,CHRNA3
DB00333,Methadone,CHRNA4
DB00333,Methadone,CHRNB2
DB00334,Olanzapine,HTR2A
DB00334,Olanzapine,DRD2
DB00334,Olanzapine,DRD1
DB00334,Olanzapine,DRD5
DB00334,Olanzapine,DRD3
DB00334,Olanzapine,DRD4
DB00334,Olanzapine,HTR2C
DB00334,Olanzapine,HTR3A
DB00334,Olanzapine,HTR6
DB00334,Olanzapine,HRH1
DB00334,Olanzapine,ADRA1A
DB00334,Olanzapine,ADRA1B
DB00334,Olanzapine,CHRM1
DB00334,Olanzapine,CHRM2
DB00334,Olanzapine,CHRM3
DB00334,Olanzapine,CHRM4
DB00334,Olanzapine,DRD1
DB00334,Olanzapine,HTR1A
DB00334,Olanzapine,ADRB1
DB00334,Olanzapine,GABRA1
DB00335,Atenolol,ADRB1
DB00335,Atenolol,ADRB2
DB00336,Nitrofural,gor
DB00337,Pimecrolimus,MTOR
DB00337,Pimecrolimus,PPP3CA
DB00337,Pimecrolimus,FKBP1A
DB00338,Omeprazole,ATP4A
DB00338,Omeprazole,ATP4B
DB00338,Omeprazole,AHR
DB00339,Pyrazinamide,fas
DB00339,Pyrazinamide,inhA
DB00340,Metixene,CHRM1
DB00340,Metixene,CHRM1
DB00341,Cetirizine,HRH1
DB00342,Terfenadine,HRH1
DB00342,Terfenadine,CHRM3
DB00342,Terfenadine,CHRM1
DB00342,Terfenadine,CHRM5
DB00342,Terfenadine,CHRM4
DB00342,Terfenadine,CHRM2
DB00342,Terfenadine,KCNH2
DB00343,Diltiazem,CACNA1C
DB00343,Diltiazem,CACNG1
DB00343,Diltiazem,CACNA2D1
DB00344,Protriptyline,SLC6A2
DB00344,Protriptyline,SLC6A4
DB00345,Aminohippuric acid,SLC22A8
DB00346,Alfuzosin,ADRA1A
DB00346,Alfuzosin,ADRA1A
DB00346,Alfuzosin,ADRA1B
DB00346,Alfuzosin,ADRA1D
DB00347,Trimethadione,CACNA1G
DB00348,Nitisinone,HPD
DB00349,Clobazam,GABRA1
DB00349,Clobazam,GABRA1
DB00349,Clobazam,GABRG3
DB00349,Clobazam,GABRA1
DB00350,Minoxidil,KCNJ1
DB00350,Minoxidil,PTGS1
DB00351,Megestrol acetate,PGR
DB00351,Megestrol acetate,NR3C1
DB00353,Methylergometrine,DRD1
DB00353,Methylergometrine,HTR2B
DB00354,Buclizine,HRH1
DB00354,Buclizine,CHRM1
DB00355,Aztreonam,pbpC
DB00355,Aztreonam,ampC
DB00355,Aztreonam,ftsI
DB00355,Aztreonam,bla
DB00356,Chlorzoxazone,KCNMA1
DB00357,Aminoglutethimide,CYP11A1
DB00357,Aminoglutethimide,CYP19A1
DB00358,Mefloquine,ADORA2A
DB00359,Sulfadiazine,
DB00359,Sulfadiazine,folP
DB00360,Sapropterin,PAH
DB00360,Sapropterin,NOS3
DB00360,Sapropterin,TH
DB00360,Sapropterin,TPH1
DB00361,Vinorelbine,TUBB
DB00361,Vinorelbine,MAPK1
DB00361,Vinorelbine,BCL2
DB00361,Vinorelbine,MAP4
DB00362,Anidulafungin,fksA
DB00362,Anidulafungin,GSC2
DB00363,Clozapine,DRD2
DB00363,Clozapine,HTR2A
DB00363,Clozapine,DRD1
DB00363,Clozapine,DRD3
DB00363,Clozapine,DRD4
DB00363,Clozapine,DRD5
DB00363,Clozapine,HTR1A
DB00363,Clozapine,HTR1B
DB00363,Clozapine,HTR1D
DB00363,Clozapine,HTR1E
DB00363,Clozapine,HTR3A
DB00363,Clozapine,HTR2C
DB00363,Clozapine,HTR6
DB00363,Clozapine,HTR7
DB00363,Clozapine,ADRA2C
DB00363,Clozapine,HRH1
DB00363,Clozapine,HRH4
DB00363,Clozapine,ADRA1A
DB00363,Clozapine,ADRA1B
DB00363,Clozapine,ADRA2A
DB00363,Clozapine,ADRA2B
DB00363,Clozapine,CHRM1
DB00363,Clozapine,CHRM2
DB00363,Clozapine,CHRM3
DB00363,Clozapine,CHRM4
DB00363,Clozapine,CHRM5
DB00363,Clozapine,CALY
DB00363,Clozapine,GSTP1
DB00363,Clozapine,GABBR1
DB00363,Clozapine,GABBR2
DB00363,Clozapine,GABRA1
DB00363,Clozapine,GABRB1
DB00363,Clozapine,GABRG1
DB00364,Sucralfate,PGA5
DB00364,Sucralfate,FGF2
DB00364,Sucralfate,EGF
DB00364,Sucralfate,FGA
DB00365,Grepafloxacin,gyrA
DB00365,Grepafloxacin,parC
DB00365,Grepafloxacin,gyrB
DB00365,Grepafloxacin,gyrA
DB00366,Doxylamine,HRH1
DB00366,Doxylamine,CHRM1
DB00366,Doxylamine,NR1I3
DB00367,Levonorgestrel,PGR
DB00367,Levonorgestrel,SRD5A1
DB00367,Levonorgestrel,ESR1
DB00367,Levonorgestrel,AR
DB00367,Levonorgestrel,SHBG
DB00367,Levonorgestrel,NR3C1
DB00368,Norepinephrine,ADRA1A
DB00368,Norepinephrine,ADRA1B
DB00368,Norepinephrine,ADRA1D
DB00368,Norepinephrine,ADRA2A
DB00368,Norepinephrine,ADRA2B
DB00368,Norepinephrine,ADRA2C
DB00368,Norepinephrine,ADRB1
DB00368,Norepinephrine,ADRB2
DB00368,Norepinephrine,ADRB3
DB00368,Norepinephrine,PAH
DB00368,Norepinephrine,SLC18A2
DB00368,Norepinephrine,SLC18A1
DB00369,Cidofovir,UL54
DB00369,Cidofovir,
DB00370,Mirtazapine,HTR2A
DB00370,Mirtazapine,
DB00370,Mirtazapine,ADRA2A
DB00370,Mirtazapine,HTR2C
DB00370,Mirtazapine,ADRA1A
DB00370,Mirtazapine,OPRK1
DB00370,Mirtazapine,HRH1
DB00371,Meprobamate,GABRA1
DB00371,Meprobamate,GABRA1
DB00371,Meprobamate,GABRA2
DB00371,Meprobamate,GABRA3
DB00371,Meprobamate,GABRA4
DB00371,Meprobamate,GABRA5
DB00371,Meprobamate,GABRA6
DB00371,Meprobamate,PRKCE
DB00371,Meprobamate,PDF
DB00372,Thiethylperazine,DRD2
DB00373,Timolol,ADRB1
DB00373,Timolol,ADRB2
DB00374,Treprostinil,PTGIR
DB00374,Treprostinil,PTGER2
DB00374,Treprostinil,PTGDR
DB00374,Treprostinil,PPARD
DB00374,Treprostinil,P2RY12
DB00376,Trihexyphenidyl,CHRM1
DB00376,Trihexyphenidyl,CHRM2
DB00376,Trihexyphenidyl,CHRM3
DB00376,Trihexyphenidyl,CHRM4
DB00376,Trihexyphenidyl,CHRM5
DB00376,Trihexyphenidyl,ADRB3
DB00377,Palonosetron,HTR3A
DB00378,Dydrogesterone,PGR
DB00379,Mexiletine,SCN5A
DB00379,Mexiletine,AHR
DB00380,Dexrazoxane,TOP2A
DB00380,Dexrazoxane,TOP2B
DB00381,Amlodipine,CACNA1C
DB00381,Amlodipine,CACNA1I
DB00381,Amlodipine,CACNA2D1
DB00381,Amlodipine,CACNA1B
DB00381,Amlodipine,CACNB1
DB00381,Amlodipine,CACNA2D3
DB00381,Amlodipine,CA1
DB00381,Amlodipine,SMPD1
DB00381,Amlodipine,CACNA2D1
DB00382,Tacrine,BCHE
DB00382,Tacrine,ACHE
DB00382,Tacrine,CES1
DB00383,Oxyphencyclimine,CHRM3
DB00383,Oxyphencyclimine,CHRM1
DB00383,Oxyphencyclimine,CHRM2
DB00383,Oxyphencyclimine,CHRM5
DB00384,Triamterene,SCNN1G
DB00384,Triamterene,SCNN1A
DB00384,Triamterene,SCNN1B
DB00384,Triamterene,SCNN1D
DB00385,Valrubicin,TOP2A
DB00385,Valrubicin,TOP2B
DB00387,Procyclidine,CHRM3
DB00387,Procyclidine,CHRM1
DB00387,Procyclidine,CHRM2
DB00387,Procyclidine,CHRM4
DB00387,Procyclidine,CHRM5
DB00388,Phenylephrine,ADRA1A
DB00388,Phenylephrine,ADRA1B
DB00388,Phenylephrine,ADRA1D
DB00388,Phenylephrine,DRD2
DB00389,Carbimazole,TPO
DB00390,Digoxin,ATP1A1
DB00390,Digoxin,ATP1B3
DB00390,Digoxin,ATP1B2
DB00390,Digoxin,ATP1B1
DB00390,Digoxin,ATP1A3
DB00390,Digoxin,ATP1A2
DB00390,Digoxin,SLCO4C1
DB00391,Sulpiride,DRD2
DB00391,Sulpiride,DRD3
DB00391,Sulpiride,CA2
DB00391,Sulpiride,CA3
DB00391,Sulpiride,DRD4
DB00392,Profenamine,CHRM1
DB00392,Profenamine,GRIN3A
DB00392,Profenamine,HRH1
DB00392,Profenamine,CHRM2
DB00393,Nimodipine,CACNA1C
DB00393,Nimodipine,CACNA1D
DB00393,Nimodipine,CACNA1F
DB00393,Nimodipine,CACNA1S
DB00393,Nimodipine,CACNB1
DB00393,Nimodipine,CACNB2
DB00393,Nimodipine,CACNB3
DB00393,Nimodipine,CACNB4
DB00393,Nimodipine,NR3C2
DB00393,Nimodipine,AHR
DB00394,Beclomethasone dipropionate,NR3C1
DB00394,Beclomethasone dipropionate,ESRRB
DB00394,Beclomethasone dipropionate,ESRRG
DB00394,Beclomethasone dipropionate,ESRRA
DB00395,Carisoprodol,GABRA1
DB00395,Carisoprodol,GABRB2
DB00395,Carisoprodol,GABRG2
DB00395,Carisoprodol,GABRA5
DB00395,Carisoprodol,GABRA3
DB00396,Progesterone,PGR
DB00396,Progesterone,NR3C2
DB00396,Progesterone,ESR1
DB00396,Progesterone,CYP17A1
DB00396,Progesterone,OPRK1
DB00396,Progesterone,ORM1
DB00396,Progesterone,NR3C1
DB00396,Progesterone,AR
DB00396,Progesterone,SHBG
DB00396,Progesterone,ESR2
DB00397,Phenylpropanolamine,DRD1
DB00397,Phenylpropanolamine,TERT
DB00397,Phenylpropanolamine,ADRB1
DB00397,Phenylpropanolamine,ADRB2
DB00397,Phenylpropanolamine,ADRA2A
DB00398,Sorafenib,BRAF
DB00398,Sorafenib,RAF1
DB00398,Sorafenib,FLT4
DB00398,Sorafenib,KDR
DB00398,Sorafenib,FLT1
DB00398,Sorafenib,FLT3
DB00398,Sorafenib,PDGFRB
DB00398,Sorafenib,KIT
DB00398,Sorafenib,FGFR1
DB00398,Sorafenib,RET
DB00398,Sorafenib,EGFR
DB00399,Zoledronic acid,GGPS1
DB00399,Zoledronic acid,FDPS
DB00400,Griseofulvin,
DB00400,Griseofulvin,KRT12
DB00401,Nisoldipine,CACNA1C
DB00401,Nisoldipine,CACNA2D1
DB00401,Nisoldipine,CACNB2
DB00401,Nisoldipine,CACNA1D
DB00401,Nisoldipine,CACNA1S
DB00402,Eszopiclone,GABRA1
DB00402,Eszopiclone,GABRA1
DB00402,Eszopiclone,TSPO
DB00402,Eszopiclone,GABRA2
DB00402,Eszopiclone,GABRA3
DB00402,Eszopiclone,GABRA5
DB00403,Ceruletide,CCKAR
DB00403,Ceruletide,CCKBR
DB00404,Alprazolam,GABRA1
DB00404,Alprazolam,GABRA1
DB00404,Alprazolam,TSPO
DB00405,Dexbrompheniramine,HRH1
DB00407,Ardeparin,SERPINC1
DB00407,Ardeparin,SERPIND1
DB00408,Loxapine,HTR2A
DB00408,Loxapine,DRD2
DB00408,Loxapine,HTR2C
DB00408,Loxapine,HTR1A
DB00408,Loxapine,HTR1B
DB00408,Loxapine,HTR1D
DB00408,Loxapine,HTR1E
DB00408,Loxapine,HTR3A
DB00408,Loxapine,HTR5A
DB00408,Loxapine,HTR6
DB00408,Loxapine,HTR7
DB00408,Loxapine,ADRA1A
DB00408,Loxapine,ADRA1B
DB00408,Loxapine,ADRA2A
DB00408,Loxapine,ADRA2B
DB00408,Loxapine,ADRA2C
DB00408,Loxapine,ADRB1
DB00408,Loxapine,CHRM1
DB00408,Loxapine,CHRM2
DB00408,Loxapine,CHRM3
DB00408,Loxapine,CHRM4
DB00408,Loxapine,CHRM5
DB00408,Loxapine,DRD1
DB00408,Loxapine,DRD3
DB00408,Loxapine,DRD4
DB00408,Loxapine,DRD5
DB00408,Loxapine,HRH1
DB00408,Loxapine,HRH2
DB00408,Loxapine,HRH4
DB00408,Loxapine,SLC6A4
DB00408,Loxapine,SLC6A2
DB00408,Loxapine,SLC6A3
DB00408,Loxapine,DRD1
DB00409,Remoxipride,DRD2
DB00409,Remoxipride,DRD4
DB00409,Remoxipride,DRD3
DB00409,Remoxipride,HTR2A
DB00409,Remoxipride,SIGMAR1
DB00410,Mupirocin,ileS
DB00411,Carbamoylcholine,CHRM1
DB00411,Carbamoylcholine,CHRM2
DB00411,Carbamoylcholine,CHRNA2
DB00411,Carbamoylcholine,CHRM3
DB00411,Carbamoylcholine,CHRM4
DB00412,Rosiglitazone,PPARG
DB00412,Rosiglitazone,RXRA
DB00412,Rosiglitazone,ACSL4
DB00413,Pramipexole,DRD3
DB00413,Pramipexole,DRD2
DB00413,Pramipexole,DRD4
DB00413,Pramipexole,HTR1A
DB00413,Pramipexole,ADRA2A
DB00414,Acetohexamide,KCNJ1
DB00414,Acetohexamide,ABCC8
DB00415,Ampicillin,pbp2a
DB00415,Ampicillin,pbp1b
DB00415,Ampicillin,pbp3
DB00415,Ampicillin,pbpA
DB00415,Ampicillin,penA
DB00415,Ampicillin,SLC15A1
DB00415,Ampicillin,SLC15A2
DB00416,Metocurine iodide,CHRNA2
DB00416,Metocurine iodide,CHRNB2
DB00416,Metocurine iodide,CHRNA4
DB00417,Phenoxymethylpenicillin,mecA
DB00417,Phenoxymethylpenicillin,pbpA
DB00417,Phenoxymethylpenicillin,dacB
DB00417,Phenoxymethylpenicillin,SLC15A1
DB00418,Secobarbital,GABRA2
DB00418,Secobarbital,GABRA3
DB00418,Secobarbital,GABRA4
DB00418,Secobarbital,GABRA5
DB00418,Secobarbital,GABRA6
DB00418,Secobarbital,GABRA1
DB00418,Secobarbital,CHRNA4
DB00418,Secobarbital,CHRNA7
DB00418,Secobarbital,GRIA2
DB00418,Secobarbital,GRIK2
DB00418,Secobarbital,GRIN1
DB00419,Miglustat,UGCG
DB00420,Promazine,DRD2
DB00420,Promazine,CHRM5
DB00420,Promazine,HTR2A
DB00420,Promazine,HTR2C
DB00420,Promazine,ADRA1A
DB00420,Promazine,CHRM1
DB00420,Promazine,HRH1
DB00421,Spironolactone,NR3C2
DB00421,Spironolactone,NR3C1
DB00421,Spironolactone,AR
DB00421,Spironolactone,PGR
DB00421,Spironolactone,ESR1
DB00421,Spironolactone,NR1I2
DB00421,Spironolactone,CACNA1C
DB00422,Methylphenidate,SLC6A3
DB00422,Methylphenidate,SLC6A2
DB00422,Methylphenidate,HTR1A
DB00423,Methocarbamol,CA1
DB00424,Hyoscyamine,CHRM1
DB00424,Hyoscyamine,CHRM2
DB00424,Hyoscyamine,CHRM5
DB00424,Hyoscyamine,CHRM3
DB00424,Hyoscyamine,CHRM4
DB00424,Hyoscyamine,ADCY1
DB00425,Zolpidem,GABRA1
DB00425,Zolpidem,GABRG3
DB00425,Zolpidem,GABRA2
DB00425,Zolpidem,GABRA3
DB00425,Zolpidem,GABRG2
DB00426,Famciclovir,
DB00427,Triprolidine,HRH1
DB00428,Streptozocin,
DB00428,Streptozocin,SLC2A2
DB00428,Streptozocin,OGA
DB00429,Carboprost tromethamine,PTGER1
DB00429,Carboprost tromethamine,PTGFR
DB00430,Cefpiramide,ftsI
DB00430,Cefpiramide,mrcB
DB00430,Cefpiramide,mrcA
DB00430,Cefpiramide,ponB
DB00430,Cefpiramide,dacC
DB00430,Cefpiramide,mrcA
DB00430,Cefpiramide,mecA
DB00431,Lindane,GABRB1
DB00431,Lindane,GLRA1
DB00431,Lindane,GLRA2
DB00431,Lindane,GLRA3
DB00431,Lindane,GLRB
DB00431,Lindane,GABRB3
DB00431,Lindane,GABRR1
DB00431,Lindane,PGR
DB00431,Lindane,ESR1
DB00431,Lindane,NR1I2
DB00432,Trifluridine,TYMS
DB00432,Trifluridine,TMP1
DB00433,Prochlorperazine,DRD2
DB00433,Prochlorperazine,HRH1
DB00433,Prochlorperazine,ADRA1A
DB00433,Prochlorperazine,ADRA2A
DB00434,Cyproheptadine,HRH1
DB00434,Cyproheptadine,HTR2A
DB00434,Cyproheptadine,HTR2C
DB00434,Cyproheptadine,HTR2B
DB00434,Cyproheptadine,HRH2
DB00434,Cyproheptadine,CHRM1
DB00434,Cyproheptadine,CHRM2
DB00434,Cyproheptadine,CHRM3
DB00434,Cyproheptadine,HTR7
DB00435,Nitric Oxide,GUCY1A2
DB00435,Nitric Oxide,IDO1
DB00435,Nitric Oxide,GUCY1B1
DB00435,Nitric Oxide,GUCY1A1
DB00435,Nitric Oxide,MT1A
DB00435,Nitric Oxide,NOS3
DB00436,Bendroflumethiazide,SLC12A3
DB00436,Bendroflumethiazide,KCNMA1
DB00436,Bendroflumethiazide,SLC12A1
DB00436,Bendroflumethiazide,CA1
DB00436,Bendroflumethiazide,CA2
DB00436,Bendroflumethiazide,CA4
DB00437,Allopurinol,XDH
DB00438,Ceftazidime,ftsI
DB00438,Ceftazidime,mrcA
DB00438,Ceftazidime,mrcB
DB00438,Ceftazidime,mrdA
DB00438,Ceftazidime,bla
DB00439,Cerivastatin,HMGCR
DB00440,Trimethoprim,folA
DB00440,Trimethoprim,DHFR
DB00441,Gemcitabine,RRM1
DB00441,Gemcitabine,RRM2
DB00441,Gemcitabine,TYMS
DB00441,Gemcitabine,CMPK1
DB00442,Entecavir,rt
DB00443,Betamethasone,NR3C1
DB00444,Teniposide,TOP2A
DB00444,Teniposide,TOP2B
DB00445,Epirubicin,TOP2B
DB00445,Epirubicin,TOP2A
DB00446,Chloramphenicol,rplP
DB00446,Chloramphenicol,draA
DB00446,Chloramphenicol,CD55
DB00447,Loracarbef,pbp3
DB00447,Loracarbef,pbpA
DB00448,Lansoprazole,ATP4A
DB00448,Lansoprazole,MAPT
DB00449,Dipivefrin,ADRA1A
DB00449,Dipivefrin,ADRA2A
DB00449,Dipivefrin,ADRB2
DB00449,Dipivefrin,BCHE
DB00449,Dipivefrin,ADRB1
DB00449,Dipivefrin,ACHE
DB00450,Droperidol,ADRA1A
DB00450,Droperidol,DRD2
DB00451,Levothyroxine,ITGAV
DB00451,Levothyroxine,ITGB3
DB00451,Levothyroxine,THRA
DB00451,Levothyroxine,THRB
DB00452,Framycetin,rpsL
DB00452,Framycetin,CXCR4
DB00453,Clomocycline,rpsD
DB00453,Clomocycline,rpsI
DB00454,Meperidine,OPRK1
DB00454,Meperidine,GRIN1
DB00454,Meperidine,GRIN2B
DB00454,Meperidine,GRIN2A
DB00454,Meperidine,GRIN2C
DB00454,Meperidine,GRIN2D
DB00454,Meperidine,CHRM1
DB00454,Meperidine,OPRM1
DB00454,Meperidine,SLC6A3
DB00454,Meperidine,SLC6A2
DB00454,Meperidine,SLC6A4
DB00454,Meperidine,CES1
DB00455,Loratadine,HRH1
DB00455,Loratadine,KCNH2
DB00456,Cefalotin,
DB00456,Cefalotin,pbpA
DB00456,Cefalotin,pbp1b
DB00456,Cefalotin,pbp3
DB00456,Cefalotin,pbp2a
DB00456,Cefalotin,penA
DB00456,Cefalotin,pbpA
DB00456,Cefalotin,ampC
DB00457,Prazosin,ADRA1A
DB00457,Prazosin,ADRA1B
DB00457,Prazosin,ADRA1D
DB00457,Prazosin,KCNH2
DB00457,Prazosin,ADRA2A
DB00457,Prazosin,ADRA2B
DB00457,Prazosin,ADRA1A
DB00458,Imipramine,SLC6A2
DB00458,Imipramine,SLC6A4
DB00458,Imipramine,HTR2A
DB00458,Imipramine,HRH1
DB00458,Imipramine,ADRA1A
DB00458,Imipramine,ADRA1D
DB00458,Imipramine,CHRM1
DB00458,Imipramine,CHRM2
DB00458,Imipramine,CHRM3
DB00458,Imipramine,CHRM4
DB00458,Imipramine,CHRM5
DB00458,Imipramine,KCND2
DB00458,Imipramine,KCND3
DB00458,Imipramine,HTR2C
DB00458,Imipramine,ADRA1B
DB00458,Imipramine,HTR7
DB00458,Imipramine,DRD1
DB00458,Imipramine,DRD2
DB00458,Imipramine,KCNH2
DB00458,Imipramine,SLC6A3
DB00458,Imipramine,HTR1A
DB00458,Imipramine,HTR6
DB00458,Imipramine,KCNH1
DB00459,Acitretin,RXRA
DB00459,Acitretin,RARA
DB00459,Acitretin,RARB
DB00459,Acitretin,RARG
DB00459,Acitretin,RXRG
DB00459,Acitretin,RXRB
DB00459,Acitretin,STAT3
DB00459,Acitretin,RBP1
DB00461,Nabumetone,PTGS2
DB00461,Nabumetone,PTGS1
DB00462,Methscopolamine bromide,CHRM2
DB00462,Methscopolamine bromide,CHRM1
DB00462,Methscopolamine bromide,CHRM3
DB00463,Metharbital,GABRA2
DB00463,Metharbital,GABRA3
DB00463,Metharbital,GABRA4
DB00463,Metharbital,GABRA5
DB00463,Metharbital,GABRA6
DB00463,Metharbital,GABRA1
DB00463,Metharbital,GABRA1
DB00463,Metharbital,GABRG3
DB00463,Metharbital,CHRNA4
DB00463,Metharbital,CHRNA7
DB00463,Metharbital,GRIA2
DB00463,Metharbital,GRIK2
DB00464,Sodium tetradecyl sulfate,PROS1
DB00464,Sodium tetradecyl sulfate,PROC
DB00465,Ketorolac,PTGS2
DB00465,Ketorolac,PTGS1
DB00466,Picrotoxin,GABRR1
DB00466,Picrotoxin,GABRA1
DB00466,Picrotoxin,GLRA2
DB00466,Picrotoxin,GLRA3
DB00466,Picrotoxin,GLRA1
DB00467,Enoxacin,gyrA
DB00467,Enoxacin,parC
DB00467,Enoxacin,TOP2A
DB00467,Enoxacin,TOP2B
DB00468,Quinine,GP9
DB00468,Quinine,KCNN4
DB00469,Tenoxicam,PTGS2
DB00469,Tenoxicam,PTGS1
DB00470,Dronabinol,CNR1
DB00470,Dronabinol,CNR2
DB00471,Montelukast,CYSLTR1
DB00471,Montelukast,ALOX5
DB00472,Fluoxetine,SLC6A4
DB00472,Fluoxetine,HTR2C
DB00472,Fluoxetine,CHRNA2
DB00472,Fluoxetine,CHRNA3
DB00472,Fluoxetine,CHRNB4
DB00472,Fluoxetine,CKS1B
DB00472,Fluoxetine,KCNH2
DB00473,Hexylcaine,SCN5A
DB00473,Hexylcaine,SCN10A
DB00474,Methohexital,GABRA1
DB00475,Chlordiazepoxide,GABRA1
DB00475,Chlordiazepoxide,GABRA1
DB00475,Chlordiazepoxide,TSPO
DB00476,Duloxetine,SLC6A4
DB00476,Duloxetine,SLC6A2
DB00476,Duloxetine,SLC6A3
DB00477,Chlorpromazine,DRD2
DB00477,Chlorpromazine,DRD1
DB00477,Chlorpromazine,HTR1A
DB00477,Chlorpromazine,HTR2A
DB00477,Chlorpromazine,ADRA1A
DB00477,Chlorpromazine,ADRA1B
DB00477,Chlorpromazine,HRH1
DB00477,Chlorpromazine,KCNH2
DB00477,Chlorpromazine,DRD1
DB00477,Chlorpromazine,DRD3
DB00477,Chlorpromazine,HTR2C
DB00477,Chlorpromazine,ADRA1A
DB00477,Chlorpromazine,ADRA2A
DB00477,Chlorpromazine,CHRM1
DB00477,Chlorpromazine,CHRM3
DB00477,Chlorpromazine,HTR6
DB00477,Chlorpromazine,HTR7
DB00477,Chlorpromazine,DRD4
DB00477,Chlorpromazine,DRD5
DB00477,Chlorpromazine,HTR2A
DB00477,Chlorpromazine,SMPD1
DB00477,Chlorpromazine,ORM1
DB00477,Chlorpromazine,HRH4
DB00477,Chlorpromazine,CALM1
DB00478,Rimantadine,M
DB00479,Amikacin,rpsL
DB00480,Lenalidomide,CRBN
DB00480,Lenalidomide,TNFSF11
DB00480,Lenalidomide,TNF
DB00480,Lenalidomide,CDH5
DB00480,Lenalidomide,PTGS2
DB00481,Raloxifene,ESR1
DB00481,Raloxifene,ESR2
DB00481,Raloxifene,SERPINB9
DB00481,Raloxifene,TFF1
DB00482,Celecoxib,PTGS2
DB00482,Celecoxib,NEU1
DB00482,Celecoxib,STAT3
DB00482,Celecoxib,CA2
DB00482,Celecoxib,CA3
DB00482,Celecoxib,CDH11
DB00482,Celecoxib,PDPK1
DB00483,Gallamine triethiodide,CHRM2
DB00483,Gallamine triethiodide,ACHE
DB00483,Gallamine triethiodide,CHRNA2
DB00483,Gallamine triethiodide,CHRM1
DB00483,Gallamine triethiodide,CHRM5
DB00484,Brimonidine,ADRA2A
DB00484,Brimonidine,ADRA2B
DB00484,Brimonidine,ADRA2C
DB00485,Dicloxacillin,pbp1b
DB00485,Dicloxacillin,pbp2a
DB00485,Dicloxacillin,pbp3
DB00485,Dicloxacillin,pbpA
DB00485,Dicloxacillin,penA
DB00486,Nabilone,CNR2
DB00486,Nabilone,CNR1
DB00487,Pefloxacin,parC
DB00487,Pefloxacin,gyrA
DB00487,Pefloxacin,TOP2A
DB00487,Pefloxacin,TOP2B
DB00487,Pefloxacin,topA
DB00489,Sotalol,ADRB1
DB00489,Sotalol,ADRB2
DB00489,Sotalol,KCNH2
DB00490,Buspirone,HTR1A
DB00490,Buspirone,DRD2
DB00490,Buspirone,DRD3
DB00490,Buspirone,DRD4
DB00490,Buspirone,ADRA1A
DB00491,Miglitol,GAA
DB00491,Miglitol,GANAB
DB00491,Miglitol,GANC
DB00491,Miglitol,MGAM
DB00492,Fosinopril,ACE
DB00493,Cefotaxime,pbp1b
DB00493,Cefotaxime,pbp2a
DB00493,Cefotaxime,pbpC
DB00493,Cefotaxime,pbpA
DB00493,Cefotaxime,penA
DB00493,Cefotaxime,SLC22A6
DB00493,Cefotaxime,SLC22A8
DB00493,Cefotaxime,SLC22A11
DB00493,Cefotaxime,SLC22A7
DB00493,Cefotaxime,SLC15A1
DB00493,Cefotaxime,ALB
DB00493,Cefotaxime,
DB00493,Cefotaxime,SLC15A2
DB00494,Entacapone,COMT
DB00495,Zidovudine,pol
DB00495,Zidovudine,FLT3
DB00495,Zidovudine,gag-pol
DB00495,Zidovudine,TERT
DB00496,Darifenacin,CHRM3
DB00496,Darifenacin,CHRM1
DB00496,Darifenacin,CHRM2
DB00496,Darifenacin,CHRM4
DB00496,Darifenacin,CHRM5
DB00497,Oxycodone,OPRM1
DB00497,Oxycodone,OPRK1
DB00497,Oxycodone,OPRD1
DB00497,Oxycodone,CACNA1B
DB00498,Phenindione,VKORC1
DB00499,Flutamide,AR
DB00499,Flutamide,AHR
DB00499,Flutamide,NR1I2
DB00500,Tolmetin,PTGS2
DB00500,Tolmetin,PTGS1
DB00501,Cimetidine,HRH2
DB00502,Haloperidol,HTR2C
DB00502,Haloperidol,DRD2
DB00502,Haloperidol,HTR2A
DB00502,Haloperidol,DRD3
DB00502,Haloperidol,MCHR1
DB00502,Haloperidol,SLC18A2
DB00502,Haloperidol,SIGMAR1
DB00502,Haloperidol,HRH1
DB00502,Haloperidol,CHRM3
DB00502,Haloperidol,ADRA1A
DB00502,Haloperidol,ADRA2A
DB00502,Haloperidol,ADRA2B
DB00502,Haloperidol,ADRA2C
DB00502,Haloperidol,HTR1A
DB00502,Haloperidol,HTR6
DB00502,Haloperidol,HTR7
DB00502,Haloperidol,GRIN2B
DB00502,Haloperidol,DRD1
DB00503,Ritonavir,pol
DB00503,Ritonavir,gag-pol
DB00503,Ritonavir,NR1I2
DB00504,Levallorphan,OPRM1
DB00504,Levallorphan,CHRNA2
DB00505,Tridihexethyl,CHRM3
DB00505,Tridihexethyl,CHRM1
DB00505,Tridihexethyl,CHRM2
DB00505,Tridihexethyl,CHRM5
DB00507,Nitazoxanide,por
DB00508,Triflupromazine,DRD2
DB00508,Triflupromazine,DRD1
DB00508,Triflupromazine,HTR2B
DB00508,Triflupromazine,CHRM1
DB00508,Triflupromazine,CHRM2
DB00509,Dextrothyroxine,THRA
DB00509,Dextrothyroxine,THRB
DB00509,Dextrothyroxine,TPO
DB00511,Acetyldigitoxin,ATP1A1
DB00513,Aminocaproic acid,PLG
DB00513,Aminocaproic acid,PLAT
DB00513,Aminocaproic acid,LPA
DB00514,Dextromethorphan,SIGMAR1
DB00514,Dextromethorphan,GRIN3A
DB00514,Dextromethorphan,CYP19A1
DB00514,Dextromethorphan,CHRNA2
DB00514,Dextromethorphan,SLC6A4
DB00514,Dextromethorphan,PGRMC1
DB00514,Dextromethorphan,CHRNA3
DB00514,Dextromethorphan,CHRNA4
DB00514,Dextromethorphan,CHRNB4
DB00514,Dextromethorphan,CHRNB2
DB00514,Dextromethorphan,CHRNA7
DB00514,Dextromethorphan,OPRM1
DB00514,Dextromethorphan,OPRD1
DB00514,Dextromethorphan,OPRK1
DB00514,Dextromethorphan,CYBA
DB00514,Dextromethorphan,SLC6A2
DB00515,Cisplatin,MPG
DB00515,Cisplatin,A2M
DB00515,Cisplatin,TF
DB00515,Cisplatin,ATOX1
DB00517,Anisotropine methylbromide,CHRM1
DB00517,Anisotropine methylbromide,CHRM2
DB00517,Anisotropine methylbromide,CHRM3
DB00517,Anisotropine methylbromide,CHRM5
DB00518,Albendazole,
DB00518,Albendazole,TUBA1A
DB00518,Albendazole,TUBB4B
DB00518,Albendazole,fccA
DB00519,Trandolapril,ACE
DB00520,Caspofungin,fksA
DB00520,Caspofungin,GSC2
DB00521,Carteolol,ADRB2
DB00521,Carteolol,ADRB1
DB00522,Bentiromide,HPN
DB00523,Alitretinoin,RARA
DB00523,Alitretinoin,RXRA
DB00523,Alitretinoin,RARB
DB00523,Alitretinoin,RXRB
DB00523,Alitretinoin,RARG
DB00523,Alitretinoin,RXRG
DB00523,Alitretinoin,IGFBP3
DB00523,Alitretinoin,PSG5
DB00523,Alitretinoin,CYP26C1
DB00524,Metolazone,SLC12A3
DB00525,Tolnaftate,ERG1
DB00525,Tolnaftate,SQLE
DB00527,Cinchocaine,SCN5A
DB00527,Cinchocaine,SCN10A
DB00527,Cinchocaine,CALM1
DB00528,Lercanidipine,CACNG1
DB00528,Lercanidipine,CACNA2D1
DB00529,Foscarnet,
DB00529,Foscarnet,UL54
DB00530,Erlotinib,NR1I2
DB00530,Erlotinib,EGFR
DB00531,Cyclophosphamide,NR1I2
DB00532,Mephenytoin,SCN5A
DB00532,Mephenytoin,NR1I2
DB00533,Rofecoxib,PTGS2
DB00533,Rofecoxib,ELN
DB00534,Chlormerodrin,SLC12A1
DB00534,Chlormerodrin,ALDH5A1
DB00535,Cefdinir,penA
DB00535,Cefdinir,pbp3
DB00535,Cefdinir,MPO
DB00536,Guanidine,ALDH2
DB00536,Guanidine,RNASE1
DB00536,Guanidine,DLG4
DB00536,Guanidine,E
DB00536,Guanidine,GAMT
DB00536,Guanidine,rocF
DB00537,Ciprofloxacin,parC
DB00537,Ciprofloxacin,gyrA
DB00537,Ciprofloxacin,gyrA
DB00537,Ciprofloxacin,gyrB
DB00537,Ciprofloxacin,TMP1
DB00537,Ciprofloxacin,TOP2A
DB00537,Ciprofloxacin,KCNH2
DB00537,Ciprofloxacin,gyrA
DB00537,Ciprofloxacin,parC
DB00537,Ciprofloxacin,parE
DB00537,Ciprofloxacin,gyrA
DB00537,Ciprofloxacin,mdtK
DB00537,Ciprofloxacin,
DB00539,Toremifene,ESR1
DB00539,Toremifene,SHBG
DB00540,Nortriptyline,SLC6A2
DB00540,Nortriptyline,SLC6A4
DB00540,Nortriptyline,HTR2A
DB00540,Nortriptyline,HTR1A
DB00540,Nortriptyline,HRH1
DB00540,Nortriptyline,ADRA1A
DB00540,Nortriptyline,ADRA1D
DB00540,Nortriptyline,HTR2C
DB00540,Nortriptyline,ADRA1B
DB00540,Nortriptyline,ADRA2A
DB00540,Nortriptyline,ADRB1
DB00540,Nortriptyline,DRD2
DB00540,Nortriptyline,PGRMC1
DB00540,Nortriptyline,Htr2c
DB00540,Nortriptyline,CHRM1
DB00541,Vincristine,TUBB
DB00541,Vincristine,TUBA4A
DB00542,Benazepril,ACE
DB00543,Amoxapine,SLC6A4
DB00543,Amoxapine,SLC6A2
DB00543,Amoxapine,DRD2
DB00543,Amoxapine,DRD1
DB00543,Amoxapine,ADRA2A
DB00543,Amoxapine,ADRA1A
DB00543,Amoxapine,CHRM1
DB00543,Amoxapine,GABRA1
DB00543,Amoxapine,HTR2A
DB00543,Amoxapine,HTR2C
DB00543,Amoxapine,HTR6
DB00543,Amoxapine,HTR7
DB00543,Amoxapine,DRD3
DB00543,Amoxapine,DRD4
DB00543,Amoxapine,HRH1
DB00543,Amoxapine,ADRA1A
DB00543,Amoxapine,CHRM1
DB00543,Amoxapine,HTR2B
DB00543,Amoxapine,HTR3A
DB00543,Amoxapine,HTR1A
DB00543,Amoxapine,HTR1B
DB00543,Amoxapine,ADRA2A
DB00543,Amoxapine,HRH4
DB00543,Amoxapine,GABRA1
DB00543,Amoxapine,SLC6A3
DB00544,Fluorouracil,TYMS
DB00544,Fluorouracil,TERT
DB00544,Fluorouracil,DPYD
DB00544,Fluorouracil,TMP1
DB00545,Pyridostigmine,F10
DB00545,Pyridostigmine,BCHE
DB00545,Pyridostigmine,ACHE
DB00546,Adinazolam,GABRA1
DB00546,Adinazolam,GABRA1
DB00546,Adinazolam,TSPO
DB00547,Desoximetasone,NR3C1
DB00547,Desoximetasone,ESRRG
DB00547,Desoximetasone,ESRRB
DB00547,Desoximetasone,ESRRA
DB00548,Azelaic acid,trxB
DB00548,Azelaic acid,SRD5A3
DB00548,Azelaic acid,AKR1D1
DB00548,Azelaic acid,SRD5A2
DB00548,Azelaic acid,TYR
DB00548,Azelaic acid,polA
DB00548,Azelaic acid,SRD5A1
DB00549,Zafirlukast,CYSLTR1
DB00550,Propylthiouracil,TPO
DB00550,Propylthiouracil,DIO1
DB00551,Acetohydroxamic acid,ureC
DB00551,Acetohydroxamic acid,MMP12
DB00552,Pentostatin,ADA
DB00553,Methoxsalen,CYP2A6
DB00554,Piroxicam,PTGS2
DB00554,Piroxicam,PTGS1
DB00555,Lamotrigine,CACNA1E
DB00555,Lamotrigine,SCN1A
DB00555,Lamotrigine,SCN11A
DB00555,Lamotrigine,ADORA1
DB00555,Lamotrigine,ADORA2A
DB00555,Lamotrigine,ADRA1A
DB00555,Lamotrigine,ADRA2A
DB00555,Lamotrigine,ADRB1
DB00555,Lamotrigine,DRD1
DB00555,Lamotrigine,DRD2
DB00555,Lamotrigine,GABRA1
DB00555,Lamotrigine,GABRA1
DB00555,Lamotrigine,HRH1
DB00555,Lamotrigine,OPRK1
DB00555,Lamotrigine,CHRNA1
DB00555,Lamotrigine,HTR2A
DB00555,Lamotrigine,HTR3A
DB00555,Lamotrigine,GRIA1
DB00557,Hydroxyzine,HRH1
DB00557,Hydroxyzine,KCNH2
DB00558,Zanamivir,NA
DB00558,Zanamivir,NA
DB00558,Zanamivir,NEU2
DB00559,Bosentan,EDNRB
DB00559,Bosentan,EDNRA
DB00560,Tigecycline,rpsI
DB00560,Tigecycline,rpsL
DB00560,Tigecycline,rpsM
DB00560,Tigecycline,rpsN
DB00560,Tigecycline,rpsS
DB00561,Doxapram,KCNK3
DB00561,Doxapram,KCNK9
DB00562,Benzthiazide,SLC12A3
DB00562,Benzthiazide,CA1
DB00562,Benzthiazide,CA2
DB00562,Benzthiazide,CA1
DB00562,Benzthiazide,CA4
DB00562,Benzthiazide,CA9
DB00562,Benzthiazide,CA12
DB00563,Methotrexate,TYMS
DB00563,Methotrexate,ATIC
DB00563,Methotrexate,DHFR
DB00563,Methotrexate,SLC19A1
DB00563,Methotrexate,SLC46A1
DB00564,Carbamazepine,SCN1A
DB00564,Carbamazepine,CHRNA4
DB00564,Carbamazepine,NR1I2
DB00565,Cisatracurium,CHRNA10
DB00565,Cisatracurium,CHRNA2
DB00565,Cisatracurium,CHRNA1
DB00565,Cisatracurium,CHRM2
DB00567,Cephalexin,pbp3
DB00567,Cephalexin,pbp2a
DB00567,Cephalexin,pbp1b
DB00567,Cephalexin,penA
DB00567,Cephalexin,pbpA
DB00568,Cinnarizine,HRH1
DB00568,Cinnarizine,CACNA1C
DB00568,Cinnarizine,CACNA1D
DB00568,Cinnarizine,CACNA1F
DB00568,Cinnarizine,CACNA1S
DB00568,Cinnarizine,CACNA1G
DB00568,Cinnarizine,CACNA1H
DB00568,Cinnarizine,CACNA1I
DB00568,Cinnarizine,DRD2
DB00568,Cinnarizine,DRD1
DB00568,Cinnarizine,CHRM1
DB00569,Fondaparinux,F10
DB00569,Fondaparinux,SERPINC1
DB00570,Vinblastine,TUBA1A
DB00570,Vinblastine,TUBB
DB00570,Vinblastine,TUBD1
DB00570,Vinblastine,TUBG1
DB00570,Vinblastine,TUBE1
DB00570,Vinblastine,TUBB2A
DB00570,Vinblastine,JUN
DB00571,Propranolol,ADRB1
DB00571,Propranolol,ADRB2
DB00571,Propranolol,ADRB3
DB00571,Propranolol,HTR1A
DB00571,Propranolol,HTR1B
DB00572,Atropine,CHRM1
DB00572,Atropine,CHRM2
DB00572,Atropine,CHRM3
DB00572,Atropine,CHRM4
DB00572,Atropine,CHRM5
DB00572,Atropine,GLRA1
DB00572,Atropine,CHRNA4
DB00572,Atropine,CHRNB2
DB00573,Fenoprofen,PTGS2
DB00573,Fenoprofen,PTGS1
DB00573,Fenoprofen,PPARA
DB00573,Fenoprofen,PPARG
DB00574,Fenfluramine,SLC6A4
DB00574,Fenfluramine,HTR1D
DB00574,Fenfluramine,HTR2C
DB00574,Fenfluramine,SIGMAR1
DB00574,Fenfluramine,HTR2A
DB00574,Fenfluramine,HTR2B
DB00574,Fenfluramine,HTR1A
DB00575,Clonidine,ADRA2B
DB00575,Clonidine,ADRA2C
DB00575,Clonidine,ADRA2A
DB00575,Clonidine,AOC3
DB00575,Clonidine,ADRA1A
DB00575,Clonidine,ADRA1B
DB00575,Clonidine,ADRA1D
DB00576,Sulfamethizole,folP
DB00577,Valaciclovir,TK
DB00577,Valaciclovir,
DB00578,Carbenicillin,dacA
DB00578,Carbenicillin,bla
DB00579,Mazindol,SLC6A2
DB00579,Mazindol,SLC6A3
DB00579,Mazindol,SLC6A4
DB00579,Mazindol,SLC18A2
DB00580,Valdecoxib,PTGS2
DB00580,Valdecoxib,CA2
DB00580,Valdecoxib,CA3
DB00581,Lactulose,ebgA
DB00582,Voriconazole,ERG11
DB00583,Levocarnitine,CPT1B
DB00583,Levocarnitine,XDH
DB00583,Levocarnitine,CES1
DB00583,Levocarnitine,MPO
DB00583,Levocarnitine,CPT1A
DB00583,Levocarnitine,SLC22A4
DB00583,Levocarnitine,SLC22A5
DB00583,Levocarnitine,CRAT
DB00583,Levocarnitine,SLC25A29
DB00583,Levocarnitine,SLC25A20
DB00583,Levocarnitine,CROT
DB00583,Levocarnitine,CPT2
DB00584,Enalapril,ACE
DB00585,Nizatidine,HRH2
DB00586,Diclofenac,PTGS2
DB00586,Diclofenac,PTGS1
DB00587,Cinalukast,CYSLTR1
DB00588,Fluticasone propionate,NR3C1
DB00588,Fluticasone propionate,PGR
DB00588,Fluticasone propionate,PLA2G4A
DB00588,Fluticasone propionate,NR3C2
DB00589,Lisuride,DRD2
DB00589,Lisuride,DRD3
DB00589,Lisuride,DRD4
DB00589,Lisuride,HTR2A
DB00589,Lisuride,HTR2C
DB00589,Lisuride,DRD1
DB00589,Lisuride,DRD5
DB00589,Lisuride,HTR1A
DB00589,Lisuride,HTR1D
DB00589,Lisuride,HTR2B
DB00589,Lisuride,HTR1B
DB00589,Lisuride,ADRA2A
DB00589,Lisuride,ADRA2B
DB00589,Lisuride,ADRA2C
DB00589,Lisuride,HTR7
DB00590,Doxazosin,ADRA1A
DB00590,Doxazosin,ADRA1D
DB00590,Doxazosin,KCNH2
DB00590,Doxazosin,ADRA1B
DB00591,Fluocinolone acetonide,NR3C1
DB00591,Fluocinolone acetonide,ANXA1
DB00591,Fluocinolone acetonide,ANXA2
DB00591,Fluocinolone acetonide,ANXA3
DB00591,Fluocinolone acetonide,ANXA4
DB00591,Fluocinolone acetonide,ANXA5
DB00591,Fluocinolone acetonide,PLA2G1B
DB00592,Piperazine,GABRB3
DB00593,Ethosuximide,CACNA1G
DB00594,Amiloride,SCNN1A
DB00594,Amiloride,SCNN1B
DB00594,Amiloride,SCNN1G
DB00594,Amiloride,SCNN1D
DB00594,Amiloride,AOC1
DB00594,Amiloride,ASIC2
DB00594,Amiloride,ASIC1
DB00594,Amiloride,SLC9A1
DB00594,Amiloride,PLAU
DB00595,Oxytetracycline,rpsI
DB00595,Oxytetracycline,rpsD
DB00596,Ulobetasol,NR3C1
DB00596,Ulobetasol,ESRRG
DB00596,Ulobetasol,ESRRB
DB00596,Ulobetasol,ESRRA
DB00598,Labetalol,ADRB1
DB00598,Labetalol,ADRB2
DB00598,Labetalol,ADRA1A
DB00599,Thiopental,GABRA1
DB00599,Thiopental,GABRA2
DB00599,Thiopental,GABRA3
DB00599,Thiopental,GABRA4
DB00599,Thiopental,GABRA5
DB00599,Thiopental,GABRA6
DB00599,Thiopental,CHRNA4
DB00599,Thiopental,CHRNA7
DB00599,Thiopental,GRIA2
DB00599,Thiopental,GRIK2
DB00599,Thiopental,FAAH
DB00599,Thiopental,CHRM3
DB00600,Monobenzone,TYR
DB00602,Ivermectin,glc-2
DB00602,Ivermectin,glc-1
DB00602,Ivermectin,GluClX
DB00603,Medroxyprogesterone acetate,PGR
DB00603,Medroxyprogesterone acetate,ESR1
DB00603,Medroxyprogesterone acetate,ABCB1
DB00603,Medroxyprogesterone acetate,GABRA1
DB00604,Cisapride,HTR4
DB00604,Cisapride,HTR3A
DB00604,Cisapride,HTR2A
DB00604,Cisapride,KCNH2
DB00605,Sulindac,PTGS2
DB00605,Sulindac,AKR1B1
DB00605,Sulindac,PTGS1
DB00605,Sulindac,MAPK3
DB00605,Sulindac,PPARD
DB00605,Sulindac,PTGDR2
DB00605,Sulindac,AKR1B10
DB00606,Cyclothiazide,FXYD2
DB00606,Cyclothiazide,CA1
DB00606,Cyclothiazide,CA2
DB00606,Cyclothiazide,CA1
DB00606,Cyclothiazide,SFRP4
DB00607,Nafcillin,pbp1b
DB00607,Nafcillin,penA
DB00607,Nafcillin,pbp2a
DB00607,Nafcillin,pbp3
DB00607,Nafcillin,pbpA
DB00608,Chloroquine,ACKR1
DB00608,Chloroquine,GSTA2
DB00608,Chloroquine,TNF
DB00608,Chloroquine,TLR9
DB00608,Chloroquine,GST
DB00608,Chloroquine,HMGB1
DB00608,Chloroquine,GSTM1
DB00608,Chloroquine,ACE2
DB00609,Ethionamide,inhA
DB00609,Ethionamide,NFE2L2
DB00609,Ethionamide,katG
DB00610,Metaraminol,ADRA1A
DB00610,Metaraminol,DRD2
DB00611,Butorphanol,OPRK1
DB00611,Butorphanol,OPRD1
DB00611,Butorphanol,OPRM1
DB00612,Bisoprolol,ADRB1
DB00612,Bisoprolol,ADRB2
DB00613,Amodiaquine,HNMT
DB00615,Rifabutin,rpoA
DB00615,Rifabutin,rpoB
DB00615,Rifabutin,rpoC
DB00615,Rifabutin,HSP90AA1
DB00615,Rifabutin,HSP90B1
DB00616,Candoxatril,MME
DB00616,Candoxatril,ACE
DB00617,Paramethadione,CACNA1I
DB00617,Paramethadione,CACNA1G
DB00618,Demeclocycline,AVPR2
DB00619,Imatinib,BCR
DB00619,Imatinib,KIT
DB00619,Imatinib,RET
DB00619,Imatinib,PDGFRA
DB00619,Imatinib,ABL1
DB00619,Imatinib,PDGFRB
DB00619,Imatinib,CSF1R
DB00619,Imatinib,DDR1
DB00619,Imatinib,DDR2
DB00619,Imatinib,MCL1
DB00620,Triamcinolone,NR3C1
DB00621,Oxandrolone,AR
DB00622,Nicardipine,CACNA1C
DB00622,Nicardipine,CACNB2
DB00622,Nicardipine,CACNA2D1
DB00622,Nicardipine,CACNA1D
DB00622,Nicardipine,PDE1A
DB00622,Nicardipine,PDE1B
DB00622,Nicardipine,ADRA1A
DB00622,Nicardipine,ADRA1B
DB00622,Nicardipine,ADRA1D
DB00622,Nicardipine,CHRM1
DB00622,Nicardipine,CHRM2
DB00622,Nicardipine,CHRM3
DB00622,Nicardipine,CHRM4
DB00622,Nicardipine,CHRM5
DB00622,Nicardipine,CACNG1
DB00622,Nicardipine,CACNA1G
DB00622,Nicardipine,CACNA1H
DB00622,Nicardipine,CACNA1I
DB00622,Nicardipine,CALM1
DB00623,Fluphenazine,DRD2
DB00623,Fluphenazine,DRD1
DB00623,Fluphenazine,HTR1B
DB00623,Fluphenazine,AR
DB00623,Fluphenazine,HTR2A
DB00623,Fluphenazine,HTR2C
DB00623,Fluphenazine,CALM1
DB00624,Testosterone,AR
DB00624,Testosterone,ESR1
DB00624,Testosterone,NR3C2
DB00625,Efavirenz,pol
DB00625,Efavirenz,gag-pol
DB00626,Bacitracin,IDE
DB00626,Bacitracin,A2M
DB00627,Niacin,HCAR3
DB00627,Niacin,HCAR2
DB00627,Niacin,QPRT
DB00627,Niacin,NNMT
DB00627,Niacin,DGAT2
DB00628,Clorazepic acid,GABRA1
DB00628,Clorazepic acid,GABRA1
DB00628,Clorazepic acid,TSPO
DB00629,Guanabenz,ADRA2A
DB00629,Guanabenz,ADRA2B
DB00630,Alendronic acid,FDPS
DB00630,Alendronic acid,PTPN4
DB00630,Alendronic acid,PTPRS
DB00630,Alendronic acid,PTPRE
DB00630,Alendronic acid,ATP6V1A
DB00631,Clofarabine,POLA1
DB00631,Clofarabine,RRM1
DB00631,Clofarabine,RRM2B
DB00631,Clofarabine,RRM2
DB00632,Docosanol,
DB00632,Docosanol,
DB00633,Dexmedetomidine,ADRA2A
DB00634,Sulfacetamide,folP
DB00634,Sulfacetamide,sul1
DB00634,Sulfacetamide,FOL1
DB00635,Prednisone,NR3C1
DB00636,Clofibrate,PPARA
DB00636,Clofibrate,LPL
DB00637,Astemizole,HRH1
DB00637,Astemizole,KCNH2
DB00637,Astemizole,KCNH1
DB00637,Astemizole,MAPT
DB00638,Inulin,INS
DB00638,Inulin,cft
DB00639,Butoconazole,ERG11
DB00640,Adenosine,ADORA1
DB00640,Adenosine,ADORA2A
DB00640,Adenosine,ADORA2B
DB00640,Adenosine,ADORA3
DB00641,Simvastatin,HMGCR
DB00641,Simvastatin,ITGAL
DB00641,Simvastatin,HDAC2
DB00642,Pemetrexed,TYMS
DB00642,Pemetrexed,ATIC
DB00642,Pemetrexed,DHFR
DB00642,Pemetrexed,GART
DB00642,Pemetrexed,TMP1
DB00643,Mebendazole,TUBA1A
DB00643,Mebendazole,TUBB4B
DB00644,Gonadorelin,GNRHR
DB00644,Gonadorelin,GNRHR2
DB00645,Dyclonine,SCN10A
DB00645,Dyclonine,SCN5A
DB00647,Dextropropoxyphene,OPRM1
DB00647,Dextropropoxyphene,OPRD1
DB00647,Dextropropoxyphene,OPRK1
DB00647,Dextropropoxyphene,GRIN1
DB00648,Mitotane,CYP11B1
DB00648,Mitotane,ESR1
DB00648,Mitotane,PGR
DB00648,Mitotane,AR
DB00648,Mitotane,FDX1
DB00649,Stavudine,pol
DB00649,Stavudine,gag-pol
DB00650,Leucovorin,DHFR
DB00650,Leucovorin,SLC46A1
DB00651,Dyphylline,PDE4B
DB00651,Dyphylline,PDE4A
DB00651,Dyphylline,PDE4C
DB00651,Dyphylline,PDE4D
DB00651,Dyphylline,ADORA1
DB00651,Dyphylline,ADORA2A
DB00651,Dyphylline,NT5E
DB00652,Pentazocine,SIGMAR1
DB00652,Pentazocine,OPRM1
DB00652,Pentazocine,OPRK1
DB00653,Magnesium sulfate,CACNA1C
DB00654,Latanoprost,PTGFR
DB00655,Estrone,ESR1
DB00655,Estrone,ESR2
DB00655,Estrone,AR
DB00655,Estrone,CYP19A1
DB00655,Estrone,SHBG
DB00656,Trazodone,HTR2A
DB00656,Trazodone,HTR2C
DB00656,Trazodone,SLC6A4
DB00656,Trazodone,HTR1A
DB00656,Trazodone,HRH1
DB00656,Trazodone,ADRA1A
DB00656,Trazodone,ADRA2A
DB00656,Trazodone,Htr2c
DB00657,Mecamylamine,CHRNA2
DB00657,Mecamylamine,CHRNA7
DB00657,Mecamylamine,CHRNA4
DB00657,Mecamylamine,CHRNB2
DB00659,Acamprosate,GRIN1
DB00659,Acamprosate,GRM5
DB00659,Acamprosate,GABBR1
DB00661,Verapamil,CACNA1C
DB00661,Verapamil,CACNA1B
DB00661,Verapamil,CACNA1A
DB00661,Verapamil,KCNJ11
DB00661,Verapamil,CACNA1G
DB00661,Verapamil,CACNA1H
DB00661,Verapamil,KCNH2
DB00661,Verapamil,SLC6A4
DB00661,Verapamil,ADRA1A
DB00661,Verapamil,ADRA1B
DB00661,Verapamil,ADRA1D
DB00661,Verapamil,CACNG1
DB00661,Verapamil,ABCB1
DB00662,Trimethobenzamide,DRD2
DB00663,Flumethasone,NR3C1
DB00663,Flumethasone,ESRRG
DB00663,Flumethasone,ESRRB
DB00663,Flumethasone,ESRRA
DB00664,Sulfametopyrazine,
DB00664,Sulfametopyrazine,folP
DB00665,Nilutamide,AR
DB00666,Nafarelin,GNRHR
DB00666,Nafarelin,GNRHR2
DB00668,Epinephrine,ADRA1A
DB00668,Epinephrine,ADRA1B
DB00668,Epinephrine,ADRB1
DB00668,Epinephrine,ADRB2
DB00668,Epinephrine,ADRA2A
DB00668,Epinephrine,ADRA2B
DB00668,Epinephrine,ADRA1D
DB00668,Epinephrine,TNF
DB00669,Sumatriptan,HTR1A
DB00669,Sumatriptan,HTR1D
DB00669,Sumatriptan,HTR1B
DB00669,Sumatriptan,HTR1F
DB00670,Pirenzepine,CHRM1
DB00671,Cefixime,dacA
DB00671,Cefixime,mrdA
DB00672,Chlorpropamide,ABCC8
DB00672,Chlorpropamide,KCNJ10
DB00673,Aprepitant,TACR1
DB00674,Galantamine,ACHE
DB00674,Galantamine,CHRNA7
DB00674,Galantamine,
DB00674,Galantamine,BCHE
DB00675,Tamoxifen,ESR1
DB00675,Tamoxifen,ESR2
DB00675,Tamoxifen,PRKCA
DB00675,Tamoxifen,SHBG
DB00675,Tamoxifen,EBP
DB00675,Tamoxifen,AR
DB00675,Tamoxifen,KCNH2
DB00675,Tamoxifen,NR1I2
DB00675,Tamoxifen,ESRRG
DB00675,Tamoxifen,MAPK8
DB00676,Benzyl benzoate,LIPE
DB00677,Isoflurophate,ACHE
DB00677,Isoflurophate,BCHE
DB00677,Isoflurophate,TF
DB00678,Losartan,EPOR
DB00678,Losartan,AGTR1
DB00679,Thioridazine,DRD2
DB00679,Thioridazine,DRD1
DB00679,Thioridazine,ADRA1A
DB00679,Thioridazine,ADRA1B
DB00679,Thioridazine,HTR2A
DB00679,Thioridazine,KCNH2
DB00680,Moricizine,SCN5A
DB00682,Warfarin,VKORC1
DB00682,Warfarin,NR1I2
DB00683,Midazolam,GABRA1
DB00683,Midazolam,GABRA1
DB00683,Midazolam,TSPO
DB00683,Midazolam,ADORA2A
DB00685,Trovafloxacin,gyrA
DB00685,Trovafloxacin,parC
DB00685,Trovafloxacin,gyrB
DB00685,Trovafloxacin,gyrA
DB00685,Trovafloxacin,TOP2A
DB00686,Pentosan polysulfate,FGF2
DB00686,Pentosan polysulfate,FGF1
DB00686,Pentosan polysulfate,FGF4
DB00687,Fludrocortisone,NR3C2
DB00687,Fludrocortisone,AR
DB00687,Fludrocortisone,NR3C1
DB00688,Mycophenolate mofetil,IMPDH1
DB00688,Mycophenolate mofetil,IMPDH2
DB00688,Mycophenolate mofetil,PTGER2
DB00688,Mycophenolate mofetil,PTS
DB00689,Cephaloglycin,mrcB
DB00690,Flurazepam,GABRA1
DB00690,Flurazepam,GABRA1
DB00690,Flurazepam,TSPO
DB00691,Moexipril,ACE
DB00692,Phentolamine,ADRA1A
DB00692,Phentolamine,ADRA2A
DB00692,Phentolamine,DRD2
DB00692,Phentolamine,KCNJ11
DB00693,Fluorescein,SLC22A8
DB00693,Fluorescein,IGKV2-30
DB00694,Daunorubicin,TOP2A
DB00694,Daunorubicin,TOP2B
DB00695,Furosemide,SLC12A1
DB00695,Furosemide,CA2
DB00695,Furosemide,GPR35
DB00696,Ergotamine,HTR1D
DB00696,Ergotamine,HTR1B
DB00696,Ergotamine,HTR2A
DB00696,Ergotamine,ADRA1A
DB00696,Ergotamine,ADRA1B
DB00696,Ergotamine,ADRA1D
DB00696,Ergotamine,DRD2
DB00696,Ergotamine,ADRA2A
DB00696,Ergotamine,DRD1
DB00696,Ergotamine,HTR1A
DB00696,Ergotamine,HTR1F
DB00696,Ergotamine,HTR2C
DB00696,Ergotamine,HTR2B
DB00696,Ergotamine,ADRA2C
DB00697,Tizanidine,ADRA1A
DB00697,Tizanidine,ADRA2A
DB00697,Tizanidine,NISCH
DB00698,Nitrofurantoin,ydbK
DB00698,Nitrofurantoin,nfsA
DB00698,Nitrofurantoin,rpsJ
DB00699,Nicergoline,ADRA1A
DB00700,Eplerenone,NR3C2
DB00701,Amprenavir,pol
DB00701,Amprenavir,gag-pol
DB00703,Methazolamide,CA1
DB00703,Methazolamide,CA4
DB00703,Methazolamide,CA2
DB00703,Methazolamide,CA7
DB00703,Methazolamide,CA3
DB00704,Naltrexone,OPRM1
DB00704,Naltrexone,OPRK1
DB00704,Naltrexone,OPRD1
DB00704,Naltrexone,SIGMAR1
DB00705,Delavirdine,pol
DB00705,Delavirdine,gag-pol
DB00706,Tamsulosin,ADRA1A
DB00706,Tamsulosin,ADRA1D
DB00706,Tamsulosin,ADRA1B
DB00707,Porfimer sodium,LDLR
DB00707,Porfimer sodium,FCGR1A
DB00708,Sufentanil,OPRM1
DB00708,Sufentanil,OPRD1
DB00708,Sufentanil,OPRK1
DB00709,Lamivudine,pol
DB00709,Lamivudine,P
DB00709,Lamivudine,gag-pol
DB00710,Ibandronate,GGPS1
DB00710,Ibandronate,FDPS
DB00711,Diethylcarbamazine,ALOX5
DB00711,Diethylcarbamazine,PTGS1
DB00712,Flurbiprofen,PTGS2
DB00712,Flurbiprofen,PTGS1
DB00713,Oxacillin,pbp3
DB00713,Oxacillin,pbp2a
DB00713,Oxacillin,pbpA
DB00713,Oxacillin,penA
DB00713,Oxacillin,pbp1b
DB00713,Oxacillin,pbpA
DB00713,Oxacillin,mecA
DB00713,Oxacillin,SLC15A1
DB00713,Oxacillin,SLC15A2
DB00713,Oxacillin,bla
DB00714,Apomorphine,DRD4
DB00714,Apomorphine,DRD2
DB00714,Apomorphine,DRD3
DB00714,Apomorphine,DRD5
DB00714,Apomorphine,DRD1
DB00714,Apomorphine,HTR2C
DB00714,Apomorphine,ADRA2C
DB00714,Apomorphine,ADRA2B
DB00714,Apomorphine,HTR1A
DB00714,Apomorphine,HTR2A
DB00714,Apomorphine,HTR2B
DB00714,Apomorphine,ADRA2A
DB00714,Apomorphine,HTR1D
DB00714,Apomorphine,HTR1B
DB00715,Paroxetine,SLC6A4
DB00715,Paroxetine,SLC6A2
DB00715,Paroxetine,HTR2A
DB00715,Paroxetine,ADRA1A
DB00715,Paroxetine,ADRA2A
DB00715,Paroxetine,ADRB1
DB00715,Paroxetine,DRD2
DB00715,Paroxetine,HRH1
DB00715,Paroxetine,CHRM1
DB00715,Paroxetine,HTR2B
DB00715,Paroxetine,DRD1
DB00716,Nedocromil,CYSLTR1
DB00716,Nedocromil,CYSLTR2
DB00716,Nedocromil,FPR1
DB00716,Nedocromil,PTGDR
DB00717,Norethisterone,PGR
DB00717,Norethisterone,AR
DB00717,Norethisterone,NR3C1
DB00718,Adefovir dipivoxil,P
DB00719,Azatadine,HRH1
DB00720,Clodronic acid,SLC25A4
DB00720,Clodronic acid,SLC25A5
DB00720,Clodronic acid,SLC25A6
DB00721,Procaine,SCN10A
DB00721,Procaine,GRIN3A
DB00721,Procaine,HTR3A
DB00721,Procaine,SLC6A3
DB00721,Procaine,CHRNA2
DB00721,Procaine,KCNMA1
DB00721,Procaine,PLA2G4A
DB00721,Procaine,ASPG
DB00721,Procaine,MAOA
DB00721,Procaine,DNMT1
DB00721,Procaine,DNMT3A
DB00722,Lisinopril,ACE
DB00722,Lisinopril,REN
DB00723,Methoxamine,ADRA1A
DB00723,Methoxamine,ADRA1D
DB00723,Methoxamine,ADRA1B
DB00724,Imiquimod,TLR7
DB00724,Imiquimod,TLR8
DB00725,Homatropine methylbromide,CHRM2
DB00725,Homatropine methylbromide,CHRM1
DB00725,Homatropine methylbromide,CHRM4
DB00725,Homatropine methylbromide,CHRM5
DB00725,Homatropine methylbromide,CHRM3
DB00726,Trimipramine,SLC6A4
DB00726,Trimipramine,SLC6A2
DB00726,Trimipramine,SLC6A3
DB00726,Trimipramine,HTR2A
DB00726,Trimipramine,HTR1A
DB00726,Trimipramine,ADRA1A
DB00726,Trimipramine,ADRA1B
DB00726,Trimipramine,DRD2
DB00726,Trimipramine,ADRA2B
DB00726,Trimipramine,HRH1
DB00726,Trimipramine,HTR2C
DB00726,Trimipramine,HTR3A
DB00726,Trimipramine,HTR1D
DB00726,Trimipramine,ADRA2A
DB00726,Trimipramine,DRD1
DB00726,Trimipramine,ADRB1
DB00726,Trimipramine,CHRM1
DB00726,Trimipramine,Htr2c
DB00727,Nitroglycerin,GUCY1B1
DB00727,Nitroglycerin,GUCY1A1
DB00727,Nitroglycerin,EGFR
DB00727,Nitroglycerin,NPR1
DB00728,Rocuronium,CHRNA2
DB00728,Rocuronium,CHRM2
DB00728,Rocuronium,HTR3A
DB00730,Thiabendazole,frdA
DB00731,Nateglinide,ABCC8
DB00731,Nateglinide,PPARG
DB00732,Atracurium besylate,CHRNA2
DB00733,Pralidoxime,ACHE
DB00733,Pralidoxime,BCHE
DB00734,Risperidone,HTR2A
DB00734,Risperidone,DRD2
DB00734,Risperidone,ADRA1B
DB00734,Risperidone,ADRA2B
DB00734,Risperidone,ADRA1A
DB00734,Risperidone,ADRA2C
DB00734,Risperidone,HRH1
DB00734,Risperidone,HTR2C
DB00734,Risperidone,HTR1D
DB00734,Risperidone,HTR1A
DB00734,Risperidone,HTR7
DB00734,Risperidone,DRD1
DB00735,Naftifine,SQLE
DB00736,Esomeprazole,ATP4A
DB00736,Esomeprazole,ATP4B
DB00736,Esomeprazole,DDAH1
DB00737,Meclizine,HRH1
DB00737,Meclizine,NR1I3
DB00738,Pentamidine,TPSAB1
DB00738,Pentamidine,TRDMT1
DB00739,Hetacillin,pbp2a
DB00739,Hetacillin,pbp1b
DB00739,Hetacillin,pbp3
DB00739,Hetacillin,pbpA
DB00739,Hetacillin,penA
DB00740,Riluzole,SCN5A
DB00740,Riluzole,SLC7A11
DB00740,Riluzole,SCN11A
DB00741,Hydrocortisone,NR3C1
DB00741,Hydrocortisone,ANXA1
DB00743,Gadobenic acid,ALB
DB00744,Zileuton,ALOX5
DB00745,Modafinil,SLC6A3
DB00745,Modafinil,ADRA1B
DB00746,Deferoxamine,APP
DB00747,Scopolamine,CHRM1
DB00747,Scopolamine,CHRM2
DB00747,Scopolamine,CHRM3
DB00747,Scopolamine,CHRM4
DB00747,Scopolamine,CHRM5
DB00747,Scopolamine,CHRNA4
DB00747,Scopolamine,CHRNB2
DB00747,Scopolamine,SI
DB00748,Carbinoxamine,HRH1
DB00749,Etodolac,PTGS2
DB00749,Etodolac,PTGS1
DB00749,Etodolac,RXRA
DB00750,Prilocaine,SCN5A
DB00751,Epinastine,HRH1
DB00751,Epinastine,HRH2
DB00751,Epinastine,HTR2A
DB00751,Epinastine,HTR7
DB00751,Epinastine,ADRA1A
DB00751,Epinastine,ADRA2A
DB00752,Tranylcypromine,MAOB
DB00752,Tranylcypromine,MAOA
DB00753,Isoflurane,GABRA1
DB00753,Isoflurane,ATP2C1
DB00753,Isoflurane,GLRA1
DB00753,Isoflurane,GRIA1
DB00753,Isoflurane,KCNA1
DB00753,Isoflurane,GABRA1
DB00753,Isoflurane,ATP5F1D
DB00753,Isoflurane,CHRNA4
DB00753,Isoflurane,CHRNB2
DB00753,Isoflurane,CALM1
DB00754,Ethotoin,SCN5A
DB00754,Ethotoin,NR1I2
DB00755,Tretinoin,RARA
DB00755,Tretinoin,RARB
DB00755,Tretinoin,RARG
DB00755,Tretinoin,RXRB
DB00755,Tretinoin,RXRG
DB00755,Tretinoin,RXRA
DB00755,Tretinoin,CRABP1
DB00755,Tretinoin,RARRES1
DB00755,Tretinoin,ALDH1A1
DB00755,Tretinoin,ALDH1A2
DB00755,Tretinoin,GPRC5A
DB00755,Tretinoin,LCN1
DB00755,Tretinoin,OBP2A
DB00755,Tretinoin,RBP4
DB00755,Tretinoin,PDK4
DB00755,Tretinoin,
DB00756,Hexachlorophene,dld
DB00756,Hexachlorophene,SDHD
DB00756,Hexachlorophene,GLUD1
DB00756,Hexachlorophene,ESR1
DB00757,Dolasetron,HTR3A
DB00758,Clopidogrel,P2RY12
DB00759,Tetracycline,rpsG
DB00759,Tetracycline,rpsN
DB00759,Tetracycline,rpsC
DB00759,Tetracycline,rpsH
DB00759,Tetracycline,rpsS
DB00759,Tetracycline,PRNP
DB00760,Meropenem,dacB
DB00761,Potassium chloride,SLC12A2
DB00761,Potassium chloride,SLC12A1
DB00761,Potassium chloride,SLC12A5
DB00761,Potassium chloride,SLC12A6
DB00761,Potassium chloride,SLC12A7
DB00761,Potassium chloride,SLC12A4
DB00762,Irinotecan,TOP1MT
DB00762,Irinotecan,TOP1
DB00763,Methimazole,TPO
DB00764,Mometasone,NR3C1
DB00764,Mometasone,PGR
DB00765,Metyrosine,TH
DB00766,Clavulanic acid,blaZ
DB00767,Benzquinamide,HRH1
DB00767,Benzquinamide,CHRM4
DB00767,Benzquinamide,CHRM1
DB00767,Benzquinamide,CHRM5
DB00767,Benzquinamide,CHRM2
DB00767,Benzquinamide,CHRM3
DB00768,Olopatadine,HRH1
DB00768,Olopatadine,HRH2
DB00768,Olopatadine,HRH3
DB00768,Olopatadine,S100A1
DB00768,Olopatadine,S100A12
DB00768,Olopatadine,S100B
DB00768,Olopatadine,S100A13
DB00768,Olopatadine,S100A2
DB00769,Hydrocortamate,NR3C1
DB00770,Alprostadil,PTGER1
DB00770,Alprostadil,PTGER2
DB00770,Alprostadil,PTGER3
DB00770,Alprostadil,PTGER4
DB00770,Alprostadil,TBXA2R
DB00770,Alprostadil,PTGDR2
DB00771,Clidinium,CHRM1
DB00772,Malathion,BCHE
DB00772,Malathion,ACHE
DB00773,Etoposide,TOP2A
DB00773,Etoposide,TOP2B
DB00774,Hydroflumethiazide,SLC12A1
DB00774,Hydroflumethiazide,CA7
DB00774,Hydroflumethiazide,CA9
DB00774,Hydroflumethiazide,ATP1A1
DB00774,Hydroflumethiazide,KCNMA1
DB00774,Hydroflumethiazide,CA1
DB00774,Hydroflumethiazide,CA2
DB00774,Hydroflumethiazide,CA4
DB00774,Hydroflumethiazide,CA12
DB00775,Tirofiban,ITGA2B
DB00775,Tirofiban,ITGB3
DB00776,Oxcarbazepine,SCN11A
DB00776,Oxcarbazepine,SCN1A
DB00777,Propiomazine,HRH1
DB00777,Propiomazine,CHRM1
DB00777,Propiomazine,ADRA1A
DB00777,Propiomazine,DRD2
DB00777,Propiomazine,HTR2A
DB00777,Propiomazine,HTR2C
DB00778,Roxithromycin,rplJ
DB00778,Roxithromycin,ABCB1
DB00779,Nalidixic acid,TOP2B
DB00779,Nalidixic acid,gyrA
DB00779,Nalidixic acid,gyrB
DB00779,Nalidixic acid,TOP2A
DB00780,Phenelzine,MAOA
DB00780,Phenelzine,MAOB
DB00780,Phenelzine,AOC3
DB00780,Phenelzine,ABAT
DB00780,Phenelzine,GPT
DB00780,Phenelzine,GPT2
DB00780,Phenelzine,GAD65
DB00782,Propantheline,CHRM1
DB00783,Estradiol,ESR1
DB00783,Estradiol,ESR2
DB00783,Estradiol,NR1I2
DB00783,Estradiol,CHRNA4
DB00783,Estradiol,GPER1
DB00783,Estradiol,MT-ATP6
DB00783,Estradiol,BECN1
DB00784,Mefenamic acid,PTGS2
DB00784,Mefenamic acid,PTGS1
DB00785,Cryptenamine,CHRM2
DB00785,Cryptenamine,ADRB1
DB00786,Marimastat,MMP1
DB00786,Marimastat,MMP2
DB00786,Marimastat,MMP3
DB00786,Marimastat,MMP7
DB00786,Marimastat,MMP8
DB00786,Marimastat,MMP9
DB00786,Marimastat,MMP10
DB00786,Marimastat,MMP11
DB00786,Marimastat,MMP12
DB00786,Marimastat,MMP13
DB00786,Marimastat,MMP14
DB00786,Marimastat,MMP15
DB00786,Marimastat,MMP16
DB00786,Marimastat,MMP17
DB00786,Marimastat,MMP19
DB00786,Marimastat,MMP20
DB00786,Marimastat,MMP21
DB00786,Marimastat,MMP23B
DB00786,Marimastat,MMP24
DB00786,Marimastat,MMP25
DB00786,Marimastat,MMP26
DB00786,Marimastat,MMP27
DB00786,Marimastat,MMP28
DB00787,Acyclovir,
DB00787,Acyclovir,
DB00788,Naproxen,PTGS1
DB00788,Naproxen,PTGS2
DB00788,Naproxen,PNLIP
DB00788,Naproxen,pab
DB00789,Gadopentetic acid,PGD
DB00790,Perindopril,ACE
DB00790,Perindopril,SFRP4
DB00792,Tripelennamine,HRH1
DB00794,Primidone,GABRA2
DB00794,Primidone,GABRA3
DB00794,Primidone,GABRA4
DB00794,Primidone,GABRA5
DB00794,Primidone,GABRA6
DB00794,Primidone,GABRA1
DB00794,Primidone,GABRA1
DB00794,Primidone,CHRNA4
DB00794,Primidone,CHRNA7
DB00794,Primidone,GRIA2
DB00794,Primidone,GRIK2
DB00795,Sulfasalazine,ALOX5
DB00795,Sulfasalazine,PTGS2
DB00795,Sulfasalazine,PTGS1
DB00795,Sulfasalazine,ACAT1
DB00795,Sulfasalazine,PLA2G1B
DB00795,Sulfasalazine,IKBKB
DB00795,Sulfasalazine,REL
DB00795,Sulfasalazine,RELB
DB00795,Sulfasalazine,RELA
DB00795,Sulfasalazine,ABCG2
DB00795,Sulfasalazine,SLC7A11
DB00795,Sulfasalazine,NFKB1
DB00795,Sulfasalazine,NFKB2
DB00795,Sulfasalazine,CHUK
DB00795,Sulfasalazine,PPARG
DB00796,Candesartan cilexetil,AGTR1
DB00797,Tolazoline,ADRA1A
DB00797,Tolazoline,DRD2
DB00797,Tolazoline,ADRA2A
DB00797,Tolazoline,HRH1
DB00797,Tolazoline,HRH2
DB00797,Tolazoline,ADRA2C
DB00797,Tolazoline,ADRA2B
DB00798,Gentamicin,rpsL
DB00798,Gentamicin,nadE
DB00799,Tazarotene,RARA
DB00799,Tazarotene,RXRB
DB00799,Tazarotene,RARG
DB00799,Tazarotene,RARB
DB00800,Fenoldopam,DRD5
DB00800,Fenoldopam,DRD1
DB00800,Fenoldopam,ADRA1B
DB00800,Fenoldopam,ADRA1D
DB00800,Fenoldopam,ADRA1A
DB00800,Fenoldopam,ADRA2B
DB00800,Fenoldopam,ADRA2C
DB00800,Fenoldopam,ADRA2A
DB00801,Halazepam,GABRA1
DB00801,Halazepam,TSPO
DB00801,Halazepam,GABRA1
DB00802,Alfentanil,OPRM1
DB00803,Colistin,folP
DB00804,Dicyclomine,CHRM1
DB00804,Dicyclomine,CHRM3
DB00804,Dicyclomine,CHRM2
DB00805,Minaprine,MAOA
DB00805,Minaprine,HTR2B
DB00805,Minaprine,HTR2A
DB00805,Minaprine,HTR2C
DB00805,Minaprine,ACHE
DB00805,Minaprine,SLC6A4
DB00805,Minaprine,DRD1
DB00805,Minaprine,DRD2
DB00805,Minaprine,CHRM1
DB00806,Pentoxifylline,ADORA2A
DB00806,Pentoxifylline,NT5E
DB00806,Pentoxifylline,TNF
DB00806,Pentoxifylline,ADORA1
DB00807,Proparacaine,SCN10A
DB00808,Indapamide,SLC12A3
DB00808,Indapamide,KCNQ1
DB00809,Tropicamide,CHRM4
DB00809,Tropicamide,CHRM1
DB00809,Tropicamide,CHRM2
DB00809,Tropicamide,CHRM3
DB00810,Biperiden,CHRM1
DB00811,Ribavirin,IMPDH1
DB00811,Ribavirin,L
DB00811,Ribavirin,
DB00811,Ribavirin,IMPDH2
DB00811,Ribavirin,PB1
DB00812,Phenylbutazone,PTGS1
DB00812,Phenylbutazone,PTGS2
DB00812,Phenylbutazone,PTGIS
DB00813,Fentanyl,OPRM1
DB00813,Fentanyl,OPRD1
DB00813,Fentanyl,OPRK1
DB00813,Fentanyl,ABCB1
DB00814,Meloxicam,PTGS2
DB00814,Meloxicam,PTGS1
DB00815,Sodium lauryl sulfate,ALB
DB00816,Orciprenaline,ADRB2
DB00817,Rosoxacin,gyrB
DB00817,Rosoxacin,parC
DB00817,Rosoxacin,TOP2B
DB00817,Rosoxacin,TOP2A
DB00818,Propofol,GABRB2
DB00818,Propofol,GABRB3
DB00818,Propofol,GABRA1
DB00818,Propofol,SCN4A
DB00818,Propofol,SCN2A
DB00819,Acetazolamide,CA1
DB00819,Acetazolamide,CA2
DB00819,Acetazolamide,CA4
DB00819,Acetazolamide,CA12
DB00819,Acetazolamide,CA14
DB00819,Acetazolamide,CA3
DB00819,Acetazolamide,CA7
DB00819,Acetazolamide,AQP1
DB00820,Tadalafil,PDE5A
DB00820,Tadalafil,PDE11A
DB00820,Tadalafil,PDE6G
DB00821,Carprofen,PTGS2
DB00821,Carprofen,PTGS1
DB00822,Disulfiram,DBH
DB00822,Disulfiram,ALDH2
DB00822,Disulfiram,ALDH3A2
DB00823,Ethynodiol diacetate,PGR
DB00823,Ethynodiol diacetate,ESR1
DB00824,Enprofylline,PDE4B
DB00824,Enprofylline,ADORA2B
DB00824,Enprofylline,PDE4A
DB00824,Enprofylline,NT5E
DB00824,Enprofylline,ADORA1
DB00824,Enprofylline,ADORA2A
DB00824,Enprofylline,ADORA3
DB00825,Levomenthol,TRPM8
DB00825,Levomenthol,TRPA1
DB00825,Levomenthol,TRPV3
DB00825,Levomenthol,CACNA1C
DB00825,Levomenthol,OPRK1
DB00827,Cinoxacin,gyrA
DB00827,Cinoxacin,TOP2B
DB00827,Cinoxacin,TOP2A
DB00828,Fosfomycin,murA
DB00829,Diazepam,GABRA1
DB00829,Diazepam,GABRA1
DB00829,Diazepam,TSPO
DB00830,Phenmetrazine,SLC6A2
DB00830,Phenmetrazine,SLC6A3
DB00831,Trifluoperazine,DRD2
DB00831,Trifluoperazine,CALY
DB00831,Trifluoperazine,ADRA1A
DB00831,Trifluoperazine,CALM3
DB00831,Trifluoperazine,CALM2
DB00831,Trifluoperazine,CALM1
DB00831,Trifluoperazine,TNNC1
DB00831,Trifluoperazine,S100A4
DB00831,Trifluoperazine,CALM1
DB00833,Cefaclor,pbp3
DB00833,Cefaclor,pbpA
DB00834,Mifepristone,PGR
DB00834,Mifepristone,NR3C1
DB00834,Mifepristone,NR1I2
DB00835,Brompheniramine,HRH1
DB00835,Brompheniramine,CHRM1
DB00835,Brompheniramine,CHRM2
DB00835,Brompheniramine,CHRM3
DB00835,Brompheniramine,CHRM4
DB00835,Brompheniramine,CHRM5
DB00836,Loperamide,OPRM1
DB00836,Loperamide,OPRD1
DB00836,Loperamide,OPRK1
DB00836,Loperamide,POMC
DB00836,Loperamide,CACNA1A
DB00836,Loperamide,KCNH2
DB00836,Loperamide,CALM1
DB00837,Progabide,GABRA1
DB00837,Progabide,GABBR1
DB00837,Progabide,GABBR2
DB00838,Clocortolone,NR3C1
DB00838,Clocortolone,PLA2G1B
DB00839,Tolazamide,ABCC8
DB00839,Tolazamide,KCNJ10
DB00841,Dobutamine,ADRA1A
DB00841,Dobutamine,ADRB1
DB00841,Dobutamine,ADRB2
DB00841,Dobutamine,ESR1
DB00842,Oxazepam,GABRA1
DB00842,Oxazepam,GABRA1
DB00842,Oxazepam,TSPO
DB00843,Donepezil,ACHE
DB00843,Donepezil,HTR2A
DB00843,Donepezil,BCHE
DB00843,Donepezil,NOS1
DB00843,Donepezil,TNFAIP6
DB00843,Donepezil,IL1B
DB00843,Donepezil,NFKB2
DB00843,Donepezil,GRIN1
DB00844,Nalbuphine,OPRK1
DB00844,Nalbuphine,OPRM1
DB00844,Nalbuphine,OPRD1
DB00845,Clofazimine,PPARG
DB00845,Clofazimine,KCNA3
DB00846,Flurandrenolide,NR3C1
DB00846,Flurandrenolide,ESRRG
DB00846,Flurandrenolide,ESRRB
DB00846,Flurandrenolide,ESRRA
DB00847,Cysteamine,SST
DB00847,Cysteamine,NPY2R
DB00848,Levamisole,CHRNA3
DB00848,Levamisole,ALPL
DB00848,Levamisole,ALPG
DB00848,Levamisole,unc-38
DB00848,Levamisole,unc-63
DB00848,Levamisole,lev-1
DB00848,Levamisole,unc-29
DB00849,Methylphenobarbital,GABRA2
DB00849,Methylphenobarbital,GABRA3
DB00849,Methylphenobarbital,GABRA4
DB00849,Methylphenobarbital,GABRA5
DB00849,Methylphenobarbital,GABRA6
DB00849,Methylphenobarbital,GABRA1
DB00849,Methylphenobarbital,CHRNA4
DB00849,Methylphenobarbital,CHRNA7
DB00849,Methylphenobarbital,GRIA2
DB00849,Methylphenobarbital,GRIK2
DB00849,Methylphenobarbital,NR1I2
DB00850,Perphenazine,DRD2
DB00850,Perphenazine,DRD1
DB00850,Perphenazine,CALM1
DB00851,Dacarbazine,POLA2
DB00851,Dacarbazine,PGD
DB00852,Pseudoephedrine,SLC6A2
DB00852,Pseudoephedrine,SLC6A3
DB00852,Pseudoephedrine,ADRA1A
DB00852,Pseudoephedrine,ADRA2A
DB00852,Pseudoephedrine,SLC6A4
DB00852,Pseudoephedrine,DRD2
DB00852,Pseudoephedrine,ADRB2
DB00852,Pseudoephedrine,ADRB1
DB00852,Pseudoephedrine,NFATC1
DB00852,Pseudoephedrine,TNF
DB00852,Pseudoephedrine,NFKB1
DB00852,Pseudoephedrine,ATF1
DB00852,Pseudoephedrine,IL2
DB00854,Levorphanol,OPRM1
DB00854,Levorphanol,OPRD1
DB00854,Levorphanol,OPRK1
DB00855,Aminolevulinic acid,ALAD
DB00855,Aminolevulinic acid,PPOX
DB00857,Terbinafine,ERG1
DB00857,Terbinafine,SQLE
DB00858,Drostanolone,AR
DB00860,Prednisolone,NR3C1
DB00860,Prednisolone,NR3C2
DB00861,Diflunisal,PTGS2
DB00861,Diflunisal,PTGS1
DB00862,Vardenafil,PDE5A
DB00862,Vardenafil,PDE6G
DB00862,Vardenafil,PDE6H
DB00863,Ranitidine,HRH2
DB00863,Ranitidine,ACHE
DB00864,Tacrolimus,FKBP1A
DB00864,Tacrolimus,PPP3CA
DB00865,Benzphetamine,SLC18A2
DB00865,Benzphetamine,ADRA2A
DB00865,Benzphetamine,ADRA1A
DB00865,Benzphetamine,SLC6A3
DB00866,Alprenolol,ADRB1
DB00866,Alprenolol,ADRB2
DB00866,Alprenolol,HTR1A
DB00866,Alprenolol,ADRB3
DB00867,Ritodrine,ADRB2
DB00867,Ritodrine,ADRB1
DB00867,Ritodrine,KCNJ1
DB00867,Ritodrine,KCNMA1
DB00867,Ritodrine,ATP2C1
DB00867,Ritodrine,MYLK
DB00867,Ritodrine,SULT1C4
DB00868,Benzonatate,SCN5A
DB00869,Dorzolamide,CA2
DB00869,Dorzolamide,CA4
DB00869,Dorzolamide,CA1
DB00869,Dorzolamide,CA3
DB00870,Suprofen,PTGS1
DB00870,Suprofen,PTGS2
DB00871,Terbutaline,ADRB2
DB00871,Terbutaline,ADRB3
DB00871,Terbutaline,ADRB1
DB00872,Conivaptan,AVPR1A
DB00872,Conivaptan,AVPR2
DB14596,Loteprednol etabonate,NR3C1
DB14596,Loteprednol etabonate,ESRRG
DB14596,Loteprednol etabonate,ESRRB
DB14596,Loteprednol etabonate,ESRRA
DB00874,Guaifenesin,GRIN1
DB00875,Flupentixol,DRD2
DB00875,Flupentixol,DRD1
DB00875,Flupentixol,HTR2A
DB00875,Flupentixol,ADRA1A
DB00875,Flupentixol,DRD3
DB00875,Flupentixol,DRD4
DB00875,Flupentixol,HTR2C
DB00875,Flupentixol,CHRM1
DB00876,Eprosartan,AGTR1
DB00877,Sirolimus,MTOR
DB00879,Emtricitabine,pol
DB00879,Emtricitabine,gag-pol
DB00880,Chlorothiazide,SLC12A3
DB00880,Chlorothiazide,CA1
DB00880,Chlorothiazide,CA2
DB00881,Quinapril,ACE
DB00882,Clomifene,ESR1
DB00882,Clomifene,ESR2
DB00883,Isosorbide dinitrate,NPR1
DB00884,Risedronic acid,FDPS
DB00885,Pemirolast,HRH1
DB00886,Omapatrilat,MME
DB00886,Omapatrilat,ACE
DB00887,Bumetanide,SLC12A1
DB00887,Bumetanide,SLC12A2
DB00887,Bumetanide,SLC12A4
DB00887,Bumetanide,SLC12A5
DB00887,Bumetanide,CFTR
DB00889,Granisetron,HTR3A
DB00889,Granisetron,HTR3B
DB00890,Dienestrol,ESR1
DB00890,Dienestrol,SHBG
DB00891,Sulfapyridine,folP
DB00891,Sulfapyridine,sulI
DB00892,Oxybuprocaine,SCN10A
DB00893,Iron Dextran,HBB
DB00893,Iron Dextran,HBA1
DB00893,Iron Dextran,FTH1
DB00893,Iron Dextran,FTL
DB00894,Testolactone,CYP19A1
DB00895,Benzylpenicilloyl polylysine,FCER1G
DB00895,Benzylpenicilloyl polylysine,FCER1A
DB00896,Rimexolone,NR3C1
DB00896,Rimexolone,ESRRA
DB00897,Triazolam,GABRA1
DB00897,Triazolam,GABRA1
DB00897,Triazolam,TSPO
DB00898,Ethanol,GABRA1
DB00898,Ethanol,GRIN3A
DB00898,Ethanol,GLRA1
DB00898,Ethanol,GLRA2
DB00898,Ethanol,CACNB1
DB00898,Ethanol,HTR3A
DB00898,Ethanol,GABRA2
DB00898,Ethanol,CHRNA10
DB00898,Ethanol,CACNA1C
DB00898,Ethanol,GABRA5
DB00898,Ethanol,GABRA4
DB00898,Ethanol,GABRA3
DB00898,Ethanol,GRIA1
DB00898,Ethanol,CACNG1
DB00898,Ethanol,CHRNA2
DB00898,Ethanol,GABRA6
DB00898,Ethanol,GRIA2
DB00898,Ethanol,GRIA4
DB00898,Ethanol,GRIA3
DB00898,Ethanol,CHRNA4
DB00898,Ethanol,CHRNB2
DB00898,Ethanol,KCNJ3
DB00898,Ethanol,KCNJ6
DB00898,Ethanol,VCAM1
DB00898,Ethanol,SLC29A1
DB00898,Ethanol,KCNJ5
DB00898,Ethanol,CHRNA7
DB00898,Ethanol,CHRNA9
DB00898,Ethanol,GABRB1
DB00898,Ethanol,GABRB3
DB00898,Ethanol,GABRB2
DB00898,Ethanol,CACNA1S
DB00898,Ethanol,CACNA1D
DB00898,Ethanol,CHRNB4
DB00898,Ethanol,CHRNA3
DB00898,Ethanol,CHRNA5
DB00898,Ethanol,CHRNA6
DB00898,Ethanol,CHRNB3
DB00898,Ethanol,GABRG1
DB00898,Ethanol,GABRG3
DB00898,Ethanol,GABRE
DB00898,Ethanol,GABRP
DB00898,Ethanol,GABRQ
DB00898,Ethanol,GABRD
DB00898,Ethanol,SLC29A2
DB00898,Ethanol,HTR3E
DB00898,Ethanol,HTR3B
DB00898,Ethanol,HTR3D
DB00898,Ethanol,HTR3C
DB00898,Ethanol,CACNG2
DB00898,Ethanol,KCNJ9
DB00898,Ethanol,L1CAM
DB00898,Ethanol,ACHE
DB00898,Ethanol,ADH7
DB00899,Remifentanil,OPRM1
DB00899,Remifentanil,OPRD1
DB00899,Remifentanil,OPRK1
DB00900,Didanosine,pol
DB00900,Didanosine,gag-pol
DB00900,Didanosine,PNP
DB00901,Bitolterol,ADRB2
DB00901,Bitolterol,ADRB3
DB00902,Methdilazine,HRH1
DB00903,Etacrynic acid,SLC12A1
DB00903,Etacrynic acid,ATP1A1
DB00903,Etacrynic acid,LEF1
DB00903,Etacrynic acid,GSTP1
DB00904,Ondansetron,HTR3A
DB00904,Ondansetron,HTR4
DB00904,Ondansetron,OPRM1
DB00904,Ondansetron,HTR1A
DB00904,Ondansetron,HTR1B
DB00905,Bimatoprost,PTGFR
DB00905,Bimatoprost,PTGER1
DB00905,Bimatoprost,PTGER3
DB00906,Tiagabine,SLC6A1
DB00907,Cocaine,SLC6A3
DB00907,Cocaine,SLC6A2
DB00907,Cocaine,SCN1A
DB00907,Cocaine,SLC6A4
DB00907,Cocaine,CHRM1
DB00907,Cocaine,CHRM2
DB00907,Cocaine,SIGMAR1
DB00907,Cocaine,CES1
DB00908,Quinidine,SCN5A
DB00908,Quinidine,KCNK1
DB00908,Quinidine,KCNK6
DB00908,Quinidine,KCNH2
DB00908,Quinidine,ADRA1A
DB00908,Quinidine,ADRA1B
DB00908,Quinidine,ADRA1D
DB00909,Zonisamide,SCN1A
DB00909,Zonisamide,SCN2A
DB00909,Zonisamide,SCN3A
DB00909,Zonisamide,SCN4A
DB00909,Zonisamide,SCN5A
DB00909,Zonisamide,SCN9A
DB00909,Zonisamide,SCN11A
DB00909,Zonisamide,SCN1B
DB00909,Zonisamide,SCN2B
DB00909,Zonisamide,SCN3B
DB00909,Zonisamide,SCN4B
DB00909,Zonisamide,CACNA1G
DB00909,Zonisamide,CACNA1H
DB00909,Zonisamide,CACNA1I
DB00909,Zonisamide,CA1
DB00909,Zonisamide,CA2
DB00909,Zonisamide,CA3
DB00909,Zonisamide,CA4
DB00909,Zonisamide,CA5A
DB00909,Zonisamide,CA5B
DB00909,Zonisamide,CA6
DB00909,Zonisamide,CA7
DB00909,Zonisamide,CA8
DB00909,Zonisamide,CA9
DB00909,Zonisamide,CA10
DB00909,Zonisamide,CA11
DB00909,Zonisamide,CA12
DB00909,Zonisamide,CA13
DB00909,Zonisamide,CA14
DB00909,Zonisamide,MAOB
DB00909,Zonisamide,MAOA
DB00909,Zonisamide,GABRA1
DB00910,Paricalcitol,VDR
DB00912,Repaglinide,ABCC8
DB00912,Repaglinide,HRH1
DB00912,Repaglinide,ABCC9
DB00912,Repaglinide,PPARG
DB00913,Anileridine,OPRM1
DB00914,Phenformin,PRKAA1
DB00914,Phenformin,PRKAG1
DB00914,Phenformin,PRKAB1
DB00914,Phenformin,KCNJ8
DB00915,Amantadine,M
DB00915,Amantadine,GRIN3A
DB00915,Amantadine,DRD2
DB00915,Amantadine,CHRNA7
DB00915,Amantadine,CHRNA4
DB00915,Amantadine,CHRNA3
DB00916,Metronidazole,rdxA
DB00917,Dinoprostone,PTGER2
DB00917,Dinoprostone,PTGER1
DB00917,Dinoprostone,PTGER3
DB00917,Dinoprostone,PTGER4
DB00917,Dinoprostone,PTGFR
DB00917,Dinoprostone,PTGDR2
DB00918,Almotriptan,HTR1D
DB00918,Almotriptan,HTR1B
DB00919,Spectinomycin,rpsL
DB00920,Ketotifen,HRH1
DB00920,Ketotifen,PGD
DB00921,Buprenorphine,OPRK1
DB00921,Buprenorphine,OPRM1
DB00921,Buprenorphine,OPRD1
DB00921,Buprenorphine,OPRL1
DB00922,Levosimendan,TNNC1
DB00922,Levosimendan,KCNJ11
DB00922,Levosimendan,KCNJ8
DB00922,Levosimendan,PDE3A
DB00923,Ceforanide,pbpA
DB00924,Cyclobenzaprine,HTR2A
DB00924,Cyclobenzaprine,ADRA2C
DB00924,Cyclobenzaprine,HTR2B
DB00924,Cyclobenzaprine,HTR2C
DB00924,Cyclobenzaprine,HTR6
DB00924,Cyclobenzaprine,SLC6A4
DB00924,Cyclobenzaprine,SLC6A2
DB00924,Cyclobenzaprine,HTR7
DB00924,Cyclobenzaprine,TLR4
DB00924,Cyclobenzaprine,AOX1
DB00925,Phenoxybenzamine,ADRA1A
DB00925,Phenoxybenzamine,ADRA2A
DB00925,Phenoxybenzamine,ADRA1B
DB00925,Phenoxybenzamine,DRD2
DB00925,Phenoxybenzamine,ADRA2C
DB00925,Phenoxybenzamine,ADRA2B
DB00925,Phenoxybenzamine,ADRB2
DB00925,Phenoxybenzamine,ADRA1D
DB00925,Phenoxybenzamine,CALM1
DB00926,Etretinate,RARA
DB00926,Etretinate,RXRA
DB00926,Etretinate,RARB
DB00926,Etretinate,RXRG
DB00926,Etretinate,RXRB
DB00926,Etretinate,RARG
DB00927,Famotidine,HRH2
DB00928,Azacitidine,DNMT1
DB00928,Azacitidine,PARP1
DB00929,Misoprostol,PTGER3
DB00929,Misoprostol,PTGER2
DB00929,Misoprostol,PTGER1
DB00929,Misoprostol,PTGIR
DB00929,Misoprostol,PTGER4
DB00932,Tipranavir,pol
DB00932,Tipranavir,gag-pol
DB00933,Mesoridazine,DRD2
DB00933,Mesoridazine,HTR2A
DB00934,Maprotiline,SLC6A2
DB00934,Maprotiline,HRH1
DB00934,Maprotiline,CHRM1
DB00934,Maprotiline,CHRM2
DB00934,Maprotiline,CHRM3
DB00934,Maprotiline,CHRM4
DB00934,Maprotiline,CHRM5
DB00934,Maprotiline,ADRA1A
DB00934,Maprotiline,HTR2A
DB00934,Maprotiline,HTR2C
DB00934,Maprotiline,HTR7
DB00934,Maprotiline,DRD2
DB00934,Maprotiline,ADRA2A
DB00935,Oxymetazoline,ADRA1A
DB00935,Oxymetazoline,ADRA2A
DB00935,Oxymetazoline,ADRA2B
DB00935,Oxymetazoline,ADRA2C
DB00935,Oxymetazoline,ADRA1B
DB00935,Oxymetazoline,ADRA1D
DB00935,Oxymetazoline,HTR1A
DB00935,Oxymetazoline,HTR1B
DB00935,Oxymetazoline,HTR1D
DB00935,Oxymetazoline,Htr2c
DB00936,Salicylic acid,PTGS1
DB00936,Salicylic acid,PTGS2
DB00936,Salicylic acid,CA1
DB00936,Salicylic acid,CA4
DB00936,Salicylic acid,CA2
DB00936,Salicylic acid,CA12
DB00936,Salicylic acid,CA6
DB00936,Salicylic acid,AKR1C1
DB00937,Diethylpropion,SLC6A2
DB00937,Diethylpropion,SLC6A3
DB00937,Diethylpropion,SLC6A4
DB00938,Salmeterol,ADRB2
DB00938,Salmeterol,ADRB1
DB00938,Salmeterol,ADRB3
DB00939,Meclofenamic acid,PTGS1
DB00939,Meclofenamic acid,PTGS2
DB00939,Meclofenamic acid,ALOX5
DB00939,Meclofenamic acid,KCNQ2
DB00939,Meclofenamic acid,KCNQ3
DB00940,Methantheline,HRH2
DB00940,Methantheline,CHRM5
DB00940,Methantheline,CHRM2
DB00940,Methantheline,CHRM3
DB00940,Methantheline,CHRM4
DB00940,Methantheline,CHRM1
DB00941,Hexafluronium,BCHE
DB00942,Cycrimine,CHRM1
DB00943,Zalcitabine,pol
DB00943,Zalcitabine,gag-pol
DB00944,Demecarium,ACHE
DB00944,Demecarium,BCHE
DB00945,Acetylsalicylic acid,PTGS1
DB00945,Acetylsalicylic acid,PTGS2
DB00945,Acetylsalicylic acid,HMGCR
DB00945,Acetylsalicylic acid,AKR1C1
DB00945,Acetylsalicylic acid,PRKAA1
DB00945,Acetylsalicylic acid,EDNRA
DB00945,Acetylsalicylic acid,TP53
DB00945,Acetylsalicylic acid,HSPA5
DB00945,Acetylsalicylic acid,RPS6KA3
DB00945,Acetylsalicylic acid,NFKBIA
DB00945,Acetylsalicylic acid,TNFAIP6
DB00945,Acetylsalicylic acid,CASP1
DB00945,Acetylsalicylic acid,CASP3
DB00945,Acetylsalicylic acid,CCND1
DB00945,Acetylsalicylic acid,MYC
DB00945,Acetylsalicylic acid,PCNA
DB00945,Acetylsalicylic acid,NEU1
DB00946,Phenprocoumon,VKORC1
DB00947,Fulvestrant,ESR1
DB00948,Mezlocillin,pbpA
DB00948,Mezlocillin,pbp3
DB00948,Mezlocillin,ftsI
DB00948,Mezlocillin,mrdA
DB00949,Felbamate,GRIN2B
DB00949,Felbamate,GRIN2A
DB00950,Fexofenadine,HRH1
DB00951,Isoniazid,katG
DB00951,Isoniazid,inhA
DB00951,Isoniazid,folA
DB00952,Naratriptan,HTR1A
DB00952,Naratriptan,HTR1D
DB00952,Naratriptan,HTR1B
DB00952,Naratriptan,HTR1F
DB00953,Rizatriptan,HTR1B
DB00953,Rizatriptan,HTR1D
DB00953,Rizatriptan,HTR1F
DB00953,Rizatriptan,HTR7
DB00953,Rizatriptan,HTR1A
DB00953,Rizatriptan,HTR1E
DB00955,Netilmicin,rpsL
DB00956,Hydrocodone,OPRM1
DB00956,Hydrocodone,OPRD1
DB00956,Hydrocodone,SIGMAR1
DB00957,Norgestimate,PGR
DB00957,Norgestimate,ESR1
DB00957,Norgestimate,AR
DB00959,Methylprednisolone,NR3C1
DB00959,Methylprednisolone,ANXA1
DB00960,Pindolol,ADRB1
DB00960,Pindolol,ADRB2
DB00960,Pindolol,ADRB3
DB00960,Pindolol,HTR1A
DB00960,Pindolol,HTR1B
DB00961,Mepivacaine,SCN10A
DB00962,Zaleplon,GABRA1
DB00963,Bromfenac,PTGS2
DB00963,Bromfenac,PTGS1
DB00964,Apraclonidine,ADRA1A
DB00964,Apraclonidine,ADRA2A
DB00964,Apraclonidine,ADRA2B
DB00966,Telmisartan,PPARG
DB00966,Telmisartan,AGTR1
DB00967,Desloratadine,HRH1
DB00968,Methyldopa,DDC
DB00968,Methyldopa,ADRA2A
DB00968,Methyldopa,DRD2
DB00969,Alosetron,HTR3A
DB00969,Alosetron,HTR3B
DB00970,Dactinomycin,TOP2A
DB00970,Dactinomycin,TOP1
DB00972,Azelastine,HRH1
DB00972,Azelastine,HRH2
DB00972,Azelastine,PLA2G1B
DB00972,Azelastine,LTC4S
DB00973,Ezetimibe,NPC1L1
DB00973,Ezetimibe,SOAT1
DB00973,Ezetimibe,ANPEP
DB00975,Dipyridamole,PDE10A
DB00975,Dipyridamole,PDE5A
DB00975,Dipyridamole,PDE4A
DB00975,Dipyridamole,ADA
DB00975,Dipyridamole,RCAN1
DB00975,Dipyridamole,ORM1
DB00977,Ethinylestradiol,ESR1
DB00977,Ethinylestradiol,NR1I2
DB00978,Lomefloxacin,gyrA
DB00978,Lomefloxacin,parC
DB00978,Lomefloxacin,TOP2A
DB00978,Lomefloxacin,TOP2B
DB00979,Cyclopentolate,CHRM1
DB00979,Cyclopentolate,CHRM5
DB00980,Ramelteon,MTNR1B
DB00980,Ramelteon,MTNR1A
DB00981,Physostigmine,ACHE
DB00981,Physostigmine,CHRNA4
DB00981,Physostigmine,CHRNB2
DB00982,Isotretinoin,RARG
DB00982,Isotretinoin,RARA
DB00983,Formoterol,ADRB2
DB00983,Formoterol,ADRB1
DB00983,Formoterol,ADRB3
DB00984,Nandrolone phenpropionate,AR
DB00985,Dimenhydrinate,HRH1
DB00986,Glycopyrronium,CHRM1
DB00986,Glycopyrronium,CHRM3
DB00986,Glycopyrronium,CHRM2
DB00986,Glycopyrronium,CHRM4
DB00986,Glycopyrronium,CHRM5
DB00987,Cytarabine,POLB
DB00987,Cytarabine,
DB00988,Dopamine,DRD2
DB00988,Dopamine,DRD1
DB00988,Dopamine,DRD5
DB00988,Dopamine,DRD3
DB00988,Dopamine,DRD4
DB00988,Dopamine,SLC6A3
DB00988,Dopamine,DBH
DB00988,Dopamine,HTR1A
DB00988,Dopamine,HTR7
DB00988,Dopamine,DRD1
DB00988,Dopamine,SLC6A2
DB00988,Dopamine,SLC6A4
DB00988,Dopamine,HTR3A
DB00988,Dopamine,HTR3B
DB00988,Dopamine,SOD1
DB00988,Dopamine,SLC18A2
DB00989,Rivastigmine,ACHE
DB00989,Rivastigmine,BCHE
DB00990,Exemestane,CYP19A1
DB00991,Oxaprozin,PTGS1
DB00991,Oxaprozin,PTGS2
DB00992,Methyl aminolevulinate,FECH
DB00993,Azathioprine,PPAT
DB00993,Azathioprine,RAC1
DB00994,Neomycin,rpsL
DB00994,Neomycin,CASR
DB00995,Auranofin,PRDX5
DB00995,Auranofin,IKBKB
DB00995,Auranofin,ESRRG
DB00995,Auranofin,ESRRB
DB00995,Auranofin,ESRRA
DB00996,Gabapentin,CACNA2D1
DB00996,Gabapentin,GABBR2
DB00996,Gabapentin,GABBR1
DB00996,Gabapentin,CACNA2D2
DB00996,Gabapentin,CACNA2D1
DB00996,Gabapentin,ADORA1
DB00996,Gabapentin,KCNQ3
DB00996,Gabapentin,KCNQ5
DB00997,Doxorubicin,TOP2A
DB00997,Doxorubicin,TOP2B
DB00997,Doxorubicin,TOP1
DB00997,Doxorubicin,TERT
DB00997,Doxorubicin,NOLC1
DB00998,Frovatriptan,HTR1D
DB00998,Frovatriptan,HTR1B
DB00999,Hydrochlorothiazide,SLC12A3
DB00999,Hydrochlorothiazide,KCNMA1
DB00999,Hydrochlorothiazide,ACE
DB01000,Cyclacillin,pbpA
DB01000,Cyclacillin,pbp3
DB01000,Cyclacillin,mecA
DB01000,Cyclacillin,dacA
DB01001,Albuterol,ADRB2
DB01001,Albuterol,ADRB1
DB01001,Albuterol,ADRB3
DB01002,Levobupivacaine,SCN10A
DB01003,Cromoglicic acid,HSP90AA1
DB01003,Cromoglicic acid,S100P
DB01004,Ganciclovir,
DB01004,Ganciclovir,TK
DB01005,Hydroxyurea,RRM1
DB01005,Hydroxyurea,RRM2
DB01006,Letrozole,CYP19A1
DB01007,Tioconazole,ERG11
DB01007,Tioconazole,CYP51A1
DB01009,Ketoprofen,PTGS2
DB01009,Ketoprofen,PTGS1
DB01009,Ketoprofen,CXCR1
DB01010,Edrophonium,BCHE
DB01010,Edrophonium,ACHE
DB01011,Metyrapone,CYP11B1
DB01011,Metyrapone,camC
DB01012,Cinacalcet,CASR
DB01013,Clobetasol propionate,NR3C1
DB01013,Clobetasol propionate,ANXA1
DB01013,Clobetasol propionate,NR3C2
DB01014,Balsalazide,PPARG
DB01014,Balsalazide,PTGS2
DB01014,Balsalazide,PTGS1
DB01014,Balsalazide,ALOX5
DB01015,Sulfamethoxazole,folP
DB01016,Glyburide,ABCC8
DB01016,Glyburide,ABCC8
DB01016,Glyburide,ABCC9
DB01016,Glyburide,ABCB11
DB01016,Glyburide,ABCA1
DB01016,Glyburide,KCNJ11
DB01016,Glyburide,CPT1A
DB01016,Glyburide,CFTR
DB01016,Glyburide,TRPM4
DB01017,Minocycline,rpsI
DB01017,Minocycline,rpsD
DB01017,Minocycline,IL1B
DB01017,Minocycline,ALOX5
DB01017,Minocycline,MMP9
DB01017,Minocycline,VEGFA
DB01017,Minocycline,CASP1
DB01017,Minocycline,CASP3
DB01017,Minocycline,CYCS
DB01017,Minocycline,MAPK1
DB01017,Minocycline,NOS2
DB01018,Guanfacine,ADRA2A
DB01018,Guanfacine,ADRA2B
DB01019,Bethanechol,CHRM3
DB01019,Bethanechol,CHRM5
DB01019,Bethanechol,CHRM1
DB01019,Bethanechol,CHRM2
DB01019,Bethanechol,CHRM4
DB01020,Isosorbide mononitrate,GUCY1A2
DB01021,Trichlormethiazide,SLC12A3
DB01021,Trichlormethiazide,ATP1A1
DB01021,Trichlormethiazide,SLC12A1
DB01021,Trichlormethiazide,CA1
DB01021,Trichlormethiazide,CA2
DB01021,Trichlormethiazide,CA4
DB01022,Phylloquinone,GGCX
DB01022,Phylloquinone,F2
DB01022,Phylloquinone,BGLAP
DB01023,Felodipine,CACNA1C
DB01023,Felodipine,CACNA2D1
DB01023,Felodipine,CACNB2
DB01023,Felodipine,CACNA1D
DB01023,Felodipine,CACNA1S
DB01023,Felodipine,CACNA1H
DB01023,Felodipine,CACNA2D2
DB01023,Felodipine,PDE1B
DB01023,Felodipine,PDE1A
DB01023,Felodipine,NR3C2
DB01023,Felodipine,TNNC2
DB01023,Felodipine,TNNC1
DB01023,Felodipine,CALM1
DB01024,Mycophenolic acid,IMPDH2
DB01024,Mycophenolic acid,IMPDH1
DB01025,Amlexanox,HSP90AA1
DB01025,Amlexanox,S100A12
DB01025,Amlexanox,S100A13
DB01025,Amlexanox,IL3
DB01025,Amlexanox,FGF1
DB01026,Ketoconazole,ERG11
DB01026,Ketoconazole,CYP17A1
DB01026,Ketoconazole,ERG11
DB01026,Ketoconazole,AR
DB01026,Ketoconazole,CYP21A2
DB01026,Ketoconazole,KCNH2
DB01026,Ketoconazole,NR1I2
DB01026,Ketoconazole,NR1I3
DB01028,Methoxyflurane,GABRA1
DB01028,Methoxyflurane,GRIA1
DB01028,Methoxyflurane,GLRA1
DB01028,Methoxyflurane,KCNA1
DB01028,Methoxyflurane,GABRA1
DB01028,Methoxyflurane,ATP2C1
DB01028,Methoxyflurane,MT-ND1
DB01029,Irbesartan,AGTR1
DB01029,Irbesartan,JUN
DB01030,Topotecan,TOP1
DB01030,Topotecan,TOP1MT
DB01031,Ethinamate,CA2
DB01031,Ethinamate,CA1
DB01032,Probenecid,SLC22A6
DB01032,Probenecid,SLC22A11
DB01032,Probenecid,SLC22A8
DB01032,Probenecid,TAS2R16
DB01032,Probenecid,PANX1
DB01033,Mercaptopurine,HPRT1
DB01033,Mercaptopurine,IMPDH1
DB01033,Mercaptopurine,PPAT
DB01033,Mercaptopurine,IMPDH1
DB01034,Cerulenin,fabB
DB01034,Cerulenin,fabF
DB01034,Cerulenin,fabH
DB01034,Cerulenin,FASN
DB01035,Procainamide,KCNH2
DB01035,Procainamide,SCN5A
DB01035,Procainamide,DNMT1
DB01036,Tolterodine,CHRM3
DB01036,Tolterodine,CHRM2
DB01036,Tolterodine,CHRM5
DB01036,Tolterodine,CHRM1
DB01036,Tolterodine,CHRM4
DB01037,Selegiline,MAOB
DB01037,Selegiline,TACR1
DB01037,Selegiline,MAOA
DB01038,Carphenazine,DRD2
DB01038,Carphenazine,DRD1
DB01038,Carphenazine,DRD5
DB01039,Fenofibrate,PPARA
DB01039,Fenofibrate,NR1I2
DB01039,Fenofibrate,MMP25
DB01041,Thalidomide,CRBN
DB01041,Thalidomide,ORM1
DB01041,Thalidomide,TNF
DB01043,Memantine,GRIN1
DB01043,Memantine,HTR3A
DB01043,Memantine,CHRNA7
DB01043,Memantine,DRD2
DB01043,Memantine,GRIN1
DB01043,Memantine,GABRA1
DB01044,Gatifloxacin,gyrA
DB01044,Gatifloxacin,gyrB
DB01044,Gatifloxacin,parC
DB01044,Gatifloxacin,parE
DB01044,Gatifloxacin,gyrB
DB01044,Gatifloxacin,gyrA
DB01045,Rifampin,rpoB
DB01045,Rifampin,NR1I2
DB01046,Lubiprostone,CLCN2
DB01047,Fluocinonide,NR3C1
DB01047,Fluocinonide,ESRRG
DB01047,Fluocinonide,ESRRB
DB01047,Fluocinonide,ESRRA
DB01047,Fluocinonide,SMO
DB01048,Abacavir,pol
DB01048,Abacavir,gag-pol
DB01049,Ergoloid mesylate,DRD1
DB01049,Ergoloid mesylate,ADRA1A
DB01049,Ergoloid mesylate,ADRB1
DB01049,Ergoloid mesylate,HTR1A
DB01050,Ibuprofen,PTGS2
DB01050,Ibuprofen,PTGS1
DB01050,Ibuprofen,CXCL8
DB01050,Ibuprofen,CXCR2
DB01050,Ibuprofen,CXCR1
DB01050,Ibuprofen,BCL2
DB01050,Ibuprofen,THBD
DB01050,Ibuprofen,FABP2
DB01050,Ibuprofen,PPARG
DB01050,Ibuprofen,CFTR
DB01050,Ibuprofen,PPARA
DB01050,Ibuprofen,GP1BA
DB01050,Ibuprofen,S100A7
DB01051,Novobiocin,gyrB
DB01051,Novobiocin,TOP2B
DB01051,Novobiocin,TOP2A
DB01051,Novobiocin,topA
DB01053,Benzylpenicillin,pbpC
DB01053,Benzylpenicillin,mrcB
DB01053,Benzylpenicillin,mrcA
DB01053,Benzylpenicillin,ftsI
DB01053,Benzylpenicillin,pbp3
DB01053,Benzylpenicillin,SLC22A8
DB01053,Benzylpenicillin,SLC15A1
DB01053,Benzylpenicillin,SLC15A2
DB01054,Nitrendipine,CACNA1C
DB01054,Nitrendipine,CACNA2D1
DB01054,Nitrendipine,CACNB2
DB01054,Nitrendipine,CACNA1D
DB01054,Nitrendipine,CACNA1S
DB01054,Nitrendipine,CACNA2D2
DB01054,Nitrendipine,CACNA1H
DB01054,Nitrendipine,CACNA1C
DB01054,Nitrendipine,KCNMA1
DB01055,Mimosine,SHMT1
DB01055,Mimosine,CCL2
DB01055,Mimosine,TYR
DB01056,Tocainide,SCN5A
DB01057,Echothiophate,BCHE
DB01057,Echothiophate,ACHE
DB01058,Praziquantel,HPGDS
DB01059,Norfloxacin,gyrA
DB01059,Norfloxacin,parC
DB01059,Norfloxacin,gyrB
DB01059,Norfloxacin,TOP2A
DB01059,Norfloxacin,gyrA
DB01059,Norfloxacin,TOP2A
DB01059,Norfloxacin,parC
DB01060,Amoxicillin,PBP1
DB01061,Azlocillin,pbpA
DB01062,Oxybutynin,CHRM3
DB01062,Oxybutynin,CHRM2
DB01062,Oxybutynin,CHRM1
DB01063,Acetophenazine,DRD2
DB01063,Acetophenazine,AR
DB01064,Isoprenaline,ADRB1
DB01064,Isoprenaline,ADRB2
DB01064,Isoprenaline,ADRB3
DB01064,Isoprenaline,IL12B
DB01064,Isoprenaline,SOD1
DB01065,Melatonin,MTNR1A
DB01065,Melatonin,MTNR1B
DB01065,Melatonin,NQO2
DB01065,Melatonin,ESR1
DB01065,Melatonin,RORB
DB01065,Melatonin,MPO
DB01065,Melatonin,EPX
DB01065,Melatonin,CALR
DB01065,Melatonin,CALM1
DB01066,Cefditoren,penA
DB01066,Cefditoren,pbpA
DB01067,Glipizide,ABCC8
DB01067,Glipizide,KCNJ10
DB01067,Glipizide,PPARG
DB01068,Clonazepam,GABRA1
DB01068,Clonazepam,NR1I2
DB01069,Promethazine,HRH1
DB01069,Promethazine,DRD2
DB01069,Promethazine,CHRM1
DB01069,Promethazine,CHRM2
DB01069,Promethazine,CHRM3
DB01069,Promethazine,CHRM4
DB01069,Promethazine,CHRM5
DB01069,Promethazine,ADRA1A
DB01069,Promethazine,HRH2
DB01069,Promethazine,LPAR4
DB01069,Promethazine,SCN1A
DB01069,Promethazine,KCND1
DB01069,Promethazine,CALM1
DB01069,Promethazine,GRIN1
DB01070,Dihydrotachysterol,VDR
DB01071,Mequitazine,HRH1
DB01072,Atazanavir,pol
DB01072,Atazanavir,gag-pol
DB01073,Fludarabine,DCK
DB01073,Fludarabine,POLA1
DB01073,Fludarabine,RRM1
DB01073,Fludarabine,ADA
DB01074,Perhexiline,CPT1A
DB01074,Perhexiline,CPT2
DB01074,Perhexiline,CPT1B
DB01074,Perhexiline,KCNH2
DB01075,Diphenhydramine,HRH1
DB01075,Diphenhydramine,CHRM2
DB01075,Diphenhydramine,HNMT
DB01076,Atorvastatin,HMGCR
DB01076,Atorvastatin,DPP4
DB01076,Atorvastatin,AHR
DB01076,Atorvastatin,HDAC2
DB01076,Atorvastatin,NR1I3
DB01077,Etidronic acid,PTPRS
DB01077,Etidronic acid,ATP6V1A
DB01077,Etidronic acid,SLC25A4
DB01077,Etidronic acid,SLC25A5
DB01077,Etidronic acid,SLC25A6
DB01078,Deslanoside,ATP1A1
DB01079,Tegaserod,HTR4
DB01079,Tegaserod,HTR2C
DB01079,Tegaserod,HTR2A
DB01079,Tegaserod,HTR2B
DB01080,Vigabatrin,ABAT
DB01081,Diphenoxylate,OPRM1
DB01081,Diphenoxylate,OPRD1
DB01082,Streptomycin,rpsL
DB01082,Streptomycin,PADI4
DB01083,Orlistat,PNLIP
DB01083,Orlistat,LIPF
DB01083,Orlistat,CNR1
DB01083,Orlistat,FASN
DB01084,Emedastine,HRH1
DB01085,Pilocarpine,CHRM3
DB01085,Pilocarpine,CHRM1
DB01085,Pilocarpine,CHRM2
DB01085,Pilocarpine,CHRM5
DB01085,Pilocarpine,CHRM4
DB01086,Benzocaine,SCN10A
DB01087,Primaquine,KRT7
DB01087,Primaquine,NQO2
DB01088,Iloprost,PTGIR
DB01088,Iloprost,PTGER1
DB01088,Iloprost,PTGER2
DB01088,Iloprost,PDE4A
DB01088,Iloprost,PDE4B
DB01088,Iloprost,PDE4C
DB01088,Iloprost,PDE4D
DB01088,Iloprost,PLAT
DB01088,Iloprost,PTGDR2
DB01089,Deserpidine,SLC18A2
DB01089,Deserpidine,ACE
DB01090,Pentolinium,CHRNA3
DB01090,Pentolinium,CHRNB4
DB01090,Pentolinium,CHRNA10
DB01090,Pentolinium,CHRNA4
DB01091,Butenafine,SQLE
DB01091,Butenafine,ERG1
DB01092,Ouabain,ATP1A1
DB01092,Ouabain,ATP1A2
DB01092,Ouabain,ATP1A3
DB01093,Dimethyl sulfoxide,IL5RA
DB01093,Dimethyl sulfoxide,MUC16
DB01093,Dimethyl sulfoxide,MYC
DB01094,Hesperetin,MTTP
DB01094,Hesperetin,SOAT1
DB01094,Hesperetin,DGAT1
DB01094,Hesperetin,SHBG
DB01094,Hesperetin,SOAT2
DB01095,Fluvastatin,HMGCR
DB01095,Fluvastatin,HDAC2
DB01097,Leflunomide,DHODH
DB01097,Leflunomide,PTK2B
DB01097,Leflunomide,
DB01097,Leflunomide,AHR
DB01098,Rosuvastatin,HMGCR
DB01098,Rosuvastatin,ITGAL
DB01099,Flucytosine,TMP1
DB01099,Flucytosine,DNMT1
DB01100,Pimozide,DRD2
DB01100,Pimozide,DRD3
DB01100,Pimozide,KCNH2
DB01100,Pimozide,CALM1
DB01101,Capecitabine,TYMS
DB01101,Capecitabine,TMP1
DB01102,Arbutamine,ADRB1
DB01102,Arbutamine,ADRB2
DB01102,Arbutamine,ADRB3
DB01103,Quinacrine,PLA2G6
DB01103,Quinacrine,PLA2G4A
DB01103,Quinacrine,PLCL1
DB01103,Quinacrine,PLA2G1B
DB01104,Sertraline,SLC6A4
DB01104,Sertraline,SLC6A3
DB01104,Sertraline,PGRMC1
DB01104,Sertraline,SLC6A2
DB01104,Sertraline,SLC29A4
DB01105,Sibutramine,SLC6A3
DB01105,Sibutramine,SLC6A4
DB01105,Sibutramine,SLC6A2
DB01106,Levocabastine,HRH1
DB01106,Levocabastine,NTSR2
DB01107,Methyprylon,GABRA1
DB01107,Methyprylon,GABRA1
DB01108,Trilostane,HSD3B1
DB01108,Trilostane,HSD3B2
DB01108,Trilostane,ESR1
DB01108,Trilostane,ESR2
DB01109,Heparin,SERPINC1
DB01109,Heparin,F10
DB01109,Heparin,SELP
DB01109,Heparin,FGFR4
DB01109,Heparin,FGF4
DB01109,Heparin,FGF19
DB01109,Heparin,FGFR1
DB01109,Heparin,FGF1
DB01109,Heparin,FGFR2
DB01109,Heparin,FGF2
DB01109,Heparin,PF4
DB01109,Heparin,HGF
DB01110,Miconazole,ERG11
DB01110,Miconazole,NOS3
DB01110,Miconazole,NOS2
DB01110,Miconazole,NR1I2
DB01110,Miconazole,KCNMA1
DB01110,Miconazole,KCND1
DB01110,Miconazole,KCNJ12
DB01110,Miconazole,CACNA1C
DB01111,Colistimethate,folP
DB01112,Cefuroxime,pbpA
DB01113,Papaverine,PDE4B
DB01113,Papaverine,PDE4D
DB01113,Papaverine,PDE5A
DB01113,Papaverine,PDE10A
DB01113,Papaverine,PDE4D
DB01114,Chlorpheniramine,HRH1
DB01114,Chlorpheniramine,SLC6A4
DB01114,Chlorpheniramine,SLC6A2
DB01114,Chlorpheniramine,SLC6A3
DB01115,Nifedipine,CACNA1C
DB01115,Nifedipine,CACNA1D
DB01115,Nifedipine,CACNB2
DB01115,Nifedipine,NR1I2
DB01115,Nifedipine,CACNA1S
DB01115,Nifedipine,KCND3
DB01115,Nifedipine,CACNA1G
DB01115,Nifedipine,CALM1
DB01116,Trimethaphan,CHRNA10
DB01116,Trimethaphan,CHRNA4
DB01117,Atovaquone,MT-CYB
DB01117,Atovaquone,
DB01117,Atovaquone,DHODH
DB01118,Amiodarone,KCNH2
DB01118,Amiodarone,ADRB1
DB01118,Amiodarone,CACNA1I
DB01118,Amiodarone,CACNA1C
DB01118,Amiodarone,THRA
DB01118,Amiodarone,PPARG
DB01118,Amiodarone,PPARA
DB01118,Amiodarone,PPARGC1B
DB01119,Diazoxide,KCNJ11
DB01119,Diazoxide,ATP5F1A
DB01120,Gliclazide,ABCC8
DB01120,Gliclazide,VEGFA
DB01121,Phenacemide,SCN1A
DB01122,Ambenonium,ACHE
DB01123,Proflavine,F2
DB01123,Proflavine,qacR
DB01123,Proflavine,lfrR
DB01124,Tolbutamide,ABCC8
DB01124,Tolbutamide,ABCC9
DB01124,Tolbutamide,KCNJ1
DB01125,Anisindione,GGCX
DB01125,Anisindione,F2
DB01126,Dutasteride,SRD5A1
DB01126,Dutasteride,SRD5A2
DB01126,Dutasteride,SRD5A3
DB01127,Econazole,ERG11
DB01127,Econazole,NR1I2
DB01128,Bicalutamide,AR
DB01129,Rabeprazole,ATP4A
DB01130,Prednicarbate,NR3C1
DB01130,Prednicarbate,ESRRG
DB01130,Prednicarbate,ESRRB
DB01130,Prednicarbate,ESRRA
DB01131,Proguanil,PDF
DB01131,Proguanil,
DB01132,Pioglitazone,PPARG
DB01132,Pioglitazone,MAOB
DB01133,Tiludronic acid,PTPN12
DB01133,Tiludronic acid,PTPN6
DB01133,Tiludronic acid,PTPRE
DB01133,Tiludronic acid,ATP6V0A1
DB01134,Desoxycorticosterone pivalate,NR3C2
DB01135,Doxacurium,CHRNA2
DB01135,Doxacurium,CHRM2
DB01136,Carvedilol,ADRB1
DB01136,Carvedilol,ADRB2
DB01136,Carvedilol,ADRA1B
DB01136,Carvedilol,ADRA1A
DB01136,Carvedilol,ADRA1D
DB01136,Carvedilol,NDUFC2
DB01136,Carvedilol,VEGFA
DB01136,Carvedilol,NPPB
DB01136,Carvedilol,GJA1
DB01136,Carvedilol,KCNH2
DB01136,Carvedilol,VCAM1
DB01136,Carvedilol,ADRA2C
DB01136,Carvedilol,ADRA2B
DB01136,Carvedilol,ADRA2A
DB01136,Carvedilol,SELE
DB01136,Carvedilol,HIF1A
DB01136,Carvedilol,KCNJ4
DB01136,Carvedilol,KCNJ2
DB01137,Levofloxacin,gyrA
DB01137,Levofloxacin,parC
DB01137,Levofloxacin,gyrB
DB01137,Levofloxacin,gyrA
DB01138,Sulfinpyrazone,SLC22A12
DB01138,Sulfinpyrazone,ABCC1
DB01138,Sulfinpyrazone,ABCC2
DB01138,Sulfinpyrazone,NR1I2
DB01139,Cefapirin,pbpA
DB01140,Cefadroxil,pbp3
DB01140,Cefadroxil,pbpA
DB01140,Cefadroxil,pbp1b
DB01140,Cefadroxil,penA
DB01141,Micafungin,fksA
DB01141,Micafungin,GSC2
DB01142,Doxepin,HRH1
DB01142,Doxepin,HRH2
DB01142,Doxepin,SLC6A2
DB01142,Doxepin,SLC6A4
DB01142,Doxepin,HTR2A
DB01142,Doxepin,HTR2B
DB01142,Doxepin,HTR2C
DB01142,Doxepin,CHRM1
DB01142,Doxepin,CHRM2
DB01142,Doxepin,CHRM3
DB01142,Doxepin,CHRM4
DB01142,Doxepin,CHRM5
DB01142,Doxepin,ADRA1A
DB01142,Doxepin,ADRA1B
DB01142,Doxepin,ADRA1D
DB01142,Doxepin,HTR1A
DB01142,Doxepin,HTR6
DB01142,Doxepin,HRH4
DB01142,Doxepin,KCNH2
DB01143,Amifostine,ALPG
DB01144,Diclofenamide,CA2
DB01144,Diclofenamide,CA1
DB01144,Diclofenamide,CA4
DB01144,Diclofenamide,CA7
DB01144,Diclofenamide,CA3
DB01145,Sulfoxone,
DB01146,Diphenylpyraline,HRH1
DB01146,Diphenylpyraline,SLC6A3
DB01147,Cloxacillin,dacA
DB01147,Cloxacillin,pbpX
DB01147,Cloxacillin,pbpA
DB01148,Flavoxate,CHRM1
DB01148,Flavoxate,CHRM2
DB01148,Flavoxate,CHRM5
DB01149,Nefazodone,HTR2A
DB01149,Nefazodone,HTR2C
DB01149,Nefazodone,SLC6A4
DB01149,Nefazodone,HTR1A
DB01149,Nefazodone,SLC6A2
DB01149,Nefazodone,SLC6A3
DB01149,Nefazodone,ADRA1B
DB01149,Nefazodone,ADRA2A
DB01149,Nefazodone,ADRA1A
DB01149,Nefazodone,KCNH2
DB01150,Cefprozil,ponA
DB01150,Cefprozil,pbpX
DB01150,Cefprozil,penA
DB01151,Desipramine,SLC6A2
DB01151,Desipramine,SLC6A4
DB01151,Desipramine,HTR2A
DB01151,Desipramine,ADRB2
DB01151,Desipramine,ADRB1
DB01151,Desipramine,SMPD1
DB01151,Desipramine,HRH1
DB01151,Desipramine,ADRA1A
DB01151,Desipramine,CHRM1
DB01151,Desipramine,CHRM2
DB01151,Desipramine,CHRM3
DB01151,Desipramine,CHRM4
DB01151,Desipramine,CHRM5
DB01151,Desipramine,HTR1A
DB01151,Desipramine,HTR2C
DB01151,Desipramine,DRD2
DB01151,Desipramine,ADRA2A
DB01153,Sertaconazole,ERG11
DB01154,Thiamylal,KCNJ8
DB01154,Thiamylal,KCNJ11
DB01154,Thiamylal,GABRA1
DB01154,Thiamylal,GABRG3
DB01155,Gemifloxacin,gyrA
DB01155,Gemifloxacin,parC
DB01155,Gemifloxacin,gyrB
DB01155,Gemifloxacin,gyrA
DB01156,Bupropion,SLC6A3
DB01156,Bupropion,SLC6A2
DB01156,Bupropion,SLC6A4
DB01156,Bupropion,CHRNA3
DB01156,Bupropion,HTR3A
DB01157,Trimetrexate,DHFR
DB01157,Trimetrexate,PDF
DB01158,Bretylium,ATP1A1
DB01158,Bretylium,ADRB1
DB01159,Halothane,KCNK3
DB01159,Halothane,KCNK9
DB01159,Halothane,GABRA1
DB01159,Halothane,ATP2B1
DB01159,Halothane,KCNMA1
DB01159,Halothane,GRIN3A
DB01159,Halothane,GRIN3B
DB01159,Halothane,GRIN2A
DB01159,Halothane,GLRA1
DB01159,Halothane,RHO
DB01159,Halothane,KCNJ6
DB01159,Halothane,KCNJ3
DB01159,Halothane,MT-ND1
DB01159,Halothane,KCNN4
DB01159,Halothane,GABRA1
DB01159,Halothane,GNG2
DB01159,Halothane,NPSR1
DB01160,Dinoprost tromethamine,PTGFR
DB01160,Dinoprost tromethamine,PTGIR
DB01161,Chloroprocaine,SCN1A
DB01161,Chloroprocaine,ATP1A1
DB01161,Chloroprocaine,SLC6A3
DB01162,Terazosin,ADRA1A
DB01162,Terazosin,ADRA1B
DB01162,Terazosin,ADRA1D
DB01162,Terazosin,TGFB1
DB01162,Terazosin,KCNH2
DB01162,Terazosin,KCNH6
DB01162,Terazosin,KCNH7
DB01163,Amdinocillin,pbp2a
DB01163,Amdinocillin,mrdA
DB01163,Amdinocillin,pbp3
DB01163,Amdinocillin,pbpA
DB01163,Amdinocillin,penA
DB01163,Amdinocillin,pbp1b
DB01164,Calcium chloride,S100A13
DB01165,Ofloxacin,gyrA
DB01165,Ofloxacin,parC
DB01165,Ofloxacin,TOP2A
DB01165,Ofloxacin,gyrB
DB01165,Ofloxacin,gyrA
DB01166,Cilostazol,PDE3A
DB01167,Itraconazole,ERG11
DB01167,Itraconazole,ERG11
DB01168,Procarbazine,MAOA
DB01169,Arsenic trioxide,IKBKB
DB01169,Arsenic trioxide,TXNRD1
DB01169,Arsenic trioxide,JUN
DB01169,Arsenic trioxide,CCND1
DB01169,Arsenic trioxide,MAPK3
DB01169,Arsenic trioxide,MAPK1
DB01169,Arsenic trioxide,AKT1
DB01169,Arsenic trioxide,CDKN1A
DB01169,Arsenic trioxide,PML
DB01170,Guanethidine,SLC6A2
DB01171,Moclobemide,MAOA
DB01171,Moclobemide,MAOA
DB01171,Moclobemide,MAOB
DB01172,Kanamycin,rpsL
DB01173,Orphenadrine,GRIN2D
DB01173,Orphenadrine,GRIN1
DB01173,Orphenadrine,GRIN3B
DB01173,Orphenadrine,GRIN3A
DB01173,Orphenadrine,HRH1
DB01173,Orphenadrine,SLC6A2
DB01173,Orphenadrine,SCN10A
DB01174,Phenobarbital,GABRA1
DB01174,Phenobarbital,CHRNA4
DB01174,Phenobarbital,CHRNA7
DB01174,Phenobarbital,GRIA2
DB01174,Phenobarbital,GRIK2
DB01174,Phenobarbital,GRIN1
DB01174,Phenobarbital,NR1I2
DB01175,Escitalopram,SLC6A4
DB01175,Escitalopram,CHRM1
DB01175,Escitalopram,HRH1
DB01175,Escitalopram,HTR1A
DB01175,Escitalopram,HTR2A
DB01175,Escitalopram,ADRA1A
DB01175,Escitalopram,HTR2C
DB01175,Escitalopram,ADRA2A
DB01175,Escitalopram,DRD2
DB01175,Escitalopram,SLC6A2
DB01175,Escitalopram,SLC6A3
DB01176,Cyclizine,HRH1
DB01176,Cyclizine,SULT1E1
DB01177,Idarubicin,TOP2A
DB01177,Idarubicin,TOP2B
DB01178,Chlormezanone,TSPO
DB01179,Podofilox,TUBA4A
DB01179,Podofilox,TUBB
DB01179,Podofilox,TOP2A
DB01179,Podofilox,TOP2B
DB01180,Rescinnamine,ACE
DB01181,Ifosfamide,NR1I2
DB01182,Propafenone,SCN5A
DB01182,Propafenone,KCNH2
DB01182,Propafenone,ADRB1
DB01182,Propafenone,ADRB2
DB01183,Naloxone,OPRM1
DB01183,Naloxone,OPRD1
DB01183,Naloxone,OPRK1
DB01183,Naloxone,ESR1
DB01183,Naloxone,TLR4
DB01183,Naloxone,CES1
DB01184,Domperidone,DRD3
DB01184,Domperidone,DRD2
DB01184,Domperidone,HTR2A
DB01185,Fluoxymesterone,AR
DB01185,Fluoxymesterone,ESR1
DB01185,Fluoxymesterone,NR3C1
DB01185,Fluoxymesterone,HSD11B2
DB01186,Pergolide,DRD2
DB01186,Pergolide,DRD3
DB01186,Pergolide,DRD4
DB01186,Pergolide,DRD5
DB01186,Pergolide,DRD1
DB01186,Pergolide,HTR1A
DB01186,Pergolide,HTR2B
DB01186,Pergolide,HTR2A
DB01186,Pergolide,HTR1D
DB01186,Pergolide,ADRA2A
DB01186,Pergolide,HTR1B
DB01186,Pergolide,HTR2C
DB01186,Pergolide,ADRA1A
DB01186,Pergolide,ADRA1B
DB01186,Pergolide,ADRA1D
DB01188,Ciclopirox,ATP1A1
DB01189,Desflurane,GABRA1
DB01189,Desflurane,GLRA1
DB01189,Desflurane,GRIA1
DB01189,Desflurane,KCNA1
DB01189,Desflurane,MT-ND1
DB01189,Desflurane,ATP2C1
DB01189,Desflurane,ATP5F1D
DB01190,Clindamycin,rplA
DB01191,Dexfenfluramine,SLC6A4
DB01191,Dexfenfluramine,HTR2C
DB01192,Oxymorphone,OPRM1
DB01192,Oxymorphone,OPRD1
DB01193,Acebutolol,ADRB1
DB01193,Acebutolol,ADRB2
DB01194,Brinzolamide,CA2
DB01194,Brinzolamide,CA1
DB01194,Brinzolamide,CA4
DB01194,Brinzolamide,CA5A
DB01194,Brinzolamide,CA3
DB01195,Flecainide,SCN4A
DB01195,Flecainide,SCN5A
DB01195,Flecainide,KCNH2
DB01195,Flecainide,RYR2
DB01196,Estramustine,ESR2
DB01196,Estramustine,ESR1
DB01196,Estramustine,MAP2
DB01196,Estramustine,MAP1A
DB01197,Captopril,ACE
DB01197,Captopril,MMP2
DB01197,Captopril,MMP9
DB01197,Captopril,LTA4H
DB01197,Captopril,BDKRB1
DB01198,Zopiclone,GABRA1
DB01198,Zopiclone,GABRA2
DB01198,Zopiclone,GABRA3
DB01198,Zopiclone,GABRA5
DB01198,Zopiclone,TSPO
DB01199,Tubocurarine,CHRNA2
DB01199,Tubocurarine,HTR3A
DB01199,Tubocurarine,ACHE
DB01199,Tubocurarine,CHRNA7
DB01200,Bromocriptine,DRD2
DB01200,Bromocriptine,DRD3
DB01200,Bromocriptine,HTR1D
DB01200,Bromocriptine,ADRA2A
DB01200,Bromocriptine,HTR1A
DB01200,Bromocriptine,ADRA2C
DB01200,Bromocriptine,ADRA2B
DB01200,Bromocriptine,HTR2B
DB01200,Bromocriptine,DRD4
DB01200,Bromocriptine,HTR2A
DB01200,Bromocriptine,HTR1B
DB01200,Bromocriptine,HTR2C
DB01200,Bromocriptine,DRD5
DB01200,Bromocriptine,DRD1
DB01200,Bromocriptine,ADRA1A
DB01200,Bromocriptine,ADRA1B
DB01200,Bromocriptine,ADRA1D
DB01200,Bromocriptine,HTR7
DB01201,Rifapentine,rpoC
DB01202,Levetiracetam,CACNA1B
DB01202,Levetiracetam,SV2A
DB01202,Levetiracetam,HTR3A
DB01203,Nadolol,ADRB1
DB01203,Nadolol,ADRB2
DB01204,Mitoxantrone,TOP2A
DB01204,Mitoxantrone,TOP2B
DB01205,Flumazenil,GABRG2
DB01205,Flumazenil,GABRA5
DB01205,Flumazenil,GABRA1
DB01205,Flumazenil,GABRA1
DB01205,Flumazenil,GABRG3
DB01205,Flumazenil,GABRA2
DB01205,Flumazenil,GABRA3
DB01205,Flumazenil,TSPO
DB01206,Lomustine,STMN4
DB01207,Ridogrel,TBXAS1
DB01207,Ridogrel,TBXA2R
DB01208,Sparfloxacin,gyrA
DB01208,Sparfloxacin,parC
DB01208,Sparfloxacin,TOP2A
DB01208,Sparfloxacin,gyrB
DB01208,Sparfloxacin,gyrA
DB01209,Dezocine,OPRM1
DB01209,Dezocine,OPRK1
DB01210,Levobunolol,ADRB1
DB01210,Levobunolol,ADRB2
DB01211,Clarithromycin,rplJ
DB01211,Clarithromycin,KCNH2
DB01211,Clarithromycin,SLCO1B1
DB01211,Clarithromycin,SLCO1B3
DB01212,Ceftriaxone,penA
DB01212,Ceftriaxone,SLC22A11
DB01212,Ceftriaxone,SLC22A6
DB01212,Ceftriaxone,SLC22A8
DB01212,Ceftriaxone,SLC15A1
DB01213,Fomepizole,ADH1A
DB01213,Fomepizole,ADH1B
DB01213,Fomepizole,ADH1C
DB01213,Fomepizole,CAT
DB01214,Metipranolol,ADRB1
DB01214,Metipranolol,ADRB2
DB01215,Estazolam,GABRA1
DB01215,Estazolam,GABRA1
DB01215,Estazolam,TSPO
DB01216,Finasteride,SRD5A2
DB01216,Finasteride,SRD5A3
DB01216,Finasteride,SRD5A1
DB01216,Finasteride,AKR1D1
DB01217,Anastrozole,CYP19A1
DB01218,Halofantrine,KCNH2
DB01218,Halofantrine,CALM3
DB01218,Halofantrine,CALM2
DB01218,Halofantrine,CALM1
DB01218,Halofantrine,PMII
DB01219,Dantrolene,RYR1
DB01220,Rifaximin,rpoB
DB01220,Rifaximin,NR1I2
DB01221,Ketamine,GRIN3A
DB01221,Ketamine,HTR3A
DB01221,Ketamine,CHRNA7
DB01221,Ketamine,BCHE
DB01221,Ketamine,NOS1
DB01221,Ketamine,TACR1
DB01221,Ketamine,DRD2
DB01221,Ketamine,OPRD1
DB01221,Ketamine,SLC6A2
DB01221,Ketamine,OPRK1
DB01221,Ketamine,OPRM1
DB01221,Ketamine,CHRM1
DB01221,Ketamine,HTR2A
DB01221,Ketamine,HTR1A
DB01222,Budesonide,NR3C1
DB01222,Budesonide,ANXA1
DB01223,Aminophylline,PDE3A
DB01223,Aminophylline,ADORA1
DB01223,Aminophylline,ADORA3
DB01223,Aminophylline,HDAC2
DB01224,Quetiapine,HTR2A
DB01224,Quetiapine,DRD2
DB01224,Quetiapine,HTR1A
DB01224,Quetiapine,HTR1B
DB01224,Quetiapine,HTR1D
DB01224,Quetiapine,HTR1E
DB01224,Quetiapine,HTR2C
DB01224,Quetiapine,HTR3A
DB01224,Quetiapine,HTR6
DB01224,Quetiapine,HTR7
DB01224,Quetiapine,DRD1
DB01224,Quetiapine,DRD5
DB01224,Quetiapine,DRD3
DB01224,Quetiapine,DRD4
DB01224,Quetiapine,HRH1
DB01224,Quetiapine,ADRA1A
DB01224,Quetiapine,ADRA2A
DB01224,Quetiapine,ADRA2B
DB01224,Quetiapine,ADRA2C
DB01224,Quetiapine,CHRM1
DB01224,Quetiapine,CHRM2
DB01224,Quetiapine,CHRM3
DB01224,Quetiapine,CHRM4
DB01224,Quetiapine,CHRM5
DB01225,Enoxaparin,SERPINC1
DB01225,Enoxaparin,F10
DB01225,Enoxaparin,F2
DB01226,Mivacurium,CHRNA2
DB01226,Mivacurium,CHRM2
DB01226,Mivacurium,CHRM3
DB01226,Mivacurium,BCHE
DB01227,Levacetylmethadol,OPRM1
DB01227,Levacetylmethadol,CHRNB4
DB01227,Levacetylmethadol,CHRNA3
DB01228,Encainide,SCN5A
DB01229,Paclitaxel,TUBB1
DB01229,Paclitaxel,BCL2
DB01229,Paclitaxel,NR1I2
DB01231,Diphenidol,CHRM2
DB01231,Diphenidol,CHRM1
DB01231,Diphenidol,CHRM3
DB01231,Diphenidol,CHRM4
DB01232,Saquinavir,pol
DB01232,Saquinavir,gag-pol
DB01233,Metoclopramide,HTR4
DB01233,Metoclopramide,HTR3A
DB01233,Metoclopramide,CHRM1
DB01233,Metoclopramide,DRD2
DB01234,Dexamethasone,NR3C1
DB01234,Dexamethasone,NR0B1
DB01234,Dexamethasone,ANXA1
DB01234,Dexamethasone,NOS2
DB01234,Dexamethasone,NR1I2
DB01235,Levodopa,DRD1
DB01235,Levodopa,DRD5
DB01235,Levodopa,DRD2
DB01235,Levodopa,DRD3
DB01235,Levodopa,DRD4
DB01236,Sevoflurane,GABRA1
DB01236,Sevoflurane,GLRA1
DB01236,Sevoflurane,GRIA1
DB01236,Sevoflurane,ATP2C1
DB01236,Sevoflurane,CCDC51
DB01236,Sevoflurane,MT-ND1
DB01237,Bromodiphenhydramine,HRH1
DB01238,Aripiprazole,DRD2
DB01238,Aripiprazole,HTR2A
DB01238,Aripiprazole,HTR1A
DB01238,Aripiprazole,ADRA1A
DB01238,Aripiprazole,ADRA1B
DB01238,Aripiprazole,DRD3
DB01238,Aripiprazole,HTR1D
DB01238,Aripiprazole,HTR7
DB01238,Aripiprazole,ADRA2A
DB01238,Aripiprazole,ADRA2C
DB01238,Aripiprazole,HRH1
DB01238,Aripiprazole,HTR1B
DB01238,Aripiprazole,HTR2C
DB01238,Aripiprazole,HTR3A
DB01238,Aripiprazole,HTR6
DB01238,Aripiprazole,DRD1
DB01238,Aripiprazole,DRD4
DB01238,Aripiprazole,ADRA2B
DB01238,Aripiprazole,HTR1E
DB01238,Aripiprazole,DRD5
DB01238,Aripiprazole,HTR2B
DB01238,Aripiprazole,HTR5A
DB01238,Aripiprazole,ADRB1
DB01238,Aripiprazole,ADRB2
DB01238,Aripiprazole,HRH2
DB01238,Aripiprazole,HRH3
DB01238,Aripiprazole,HRH4
DB01238,Aripiprazole,CHRM1
DB01238,Aripiprazole,CHRM2
DB01238,Aripiprazole,CHRM3
DB01238,Aripiprazole,CHRM4
DB01238,Aripiprazole,CHRM5
DB01238,Aripiprazole,OPRK1
DB01238,Aripiprazole,OPRM1
DB01238,Aripiprazole,OPRD1
DB01238,Aripiprazole,GRIN1
DB01238,Aripiprazole,SLC6A3
DB01238,Aripiprazole,SLC6A4
DB01239,Chlorprothixene,DRD2
DB01239,Chlorprothixene,DRD1
DB01239,Chlorprothixene,DRD3
DB01239,Chlorprothixene,HTR2A
DB01239,Chlorprothixene,HRH1
DB01239,Chlorprothixene,HTR1A
DB01239,Chlorprothixene,CHRM1
DB01239,Chlorprothixene,CHRM2
DB01239,Chlorprothixene,CHRM3
DB01239,Chlorprothixene,CHRM4
DB01239,Chlorprothixene,CHRM5
DB01240,Epoprostenol,PTGIS
DB01240,Epoprostenol,P2RY12
DB01240,Epoprostenol,PTGIR
DB01241,Gemfibrozil,PPARA
DB01241,Gemfibrozil,LPL
DB01241,Gemfibrozil,SLCO1B1
DB01241,Gemfibrozil,SLC22A8
DB01241,Gemfibrozil,SLCO2B1
DB01241,Gemfibrozil,SLCO1B3
DB01242,Clomipramine,SLC6A4
DB01242,Clomipramine,HTR2A
DB01242,Clomipramine,HTR2B
DB01242,Clomipramine,HTR2C
DB01242,Clomipramine,SLC6A2
DB01242,Clomipramine,GSTP1
DB01243,Chloroxine,OPRK1
DB01244,Bepridil,CACNA1A
DB01244,Bepridil,CACNA1H
DB01244,Bepridil,CACNA2D2
DB01244,Bepridil,ATP1A1
DB01244,Bepridil,KCNQ1
DB01244,Bepridil,TNNC1
DB01244,Bepridil,PDE1B
DB01244,Bepridil,PDE1A
DB01244,Bepridil,KCNH2
DB01244,Bepridil,CALM1
DB01245,Decamethonium,CHRNA2
DB01245,Decamethonium,CHRNA1
DB01245,Decamethonium,CHRNA4
DB01245,Decamethonium,CHRNB2
DB01245,Decamethonium,ACHE
DB01246,Alimemazine,HRH1
DB01247,Isocarboxazid,MAOA
DB01247,Isocarboxazid,MAOB
DB01248,Docetaxel,TUBB1
DB01248,Docetaxel,BCL2
DB01248,Docetaxel,NR1I2
DB01250,Olsalazine,PTGS1
DB01250,Olsalazine,TPMT
DB01250,Olsalazine,XDH
DB01251,Gliquidone,ABCC8
DB01251,Gliquidone,KCNJ8
DB01251,Gliquidone,KCNJ10
DB01252,Mitiglinide,ABCC8
DB01252,Mitiglinide,KCNJ10
DB01252,Mitiglinide,PPARG
DB01253,Ergometrine,ADRA1A
DB01253,Ergometrine,DRD2
DB01254,Dasatinib,ABL1
DB01254,Dasatinib,SRC
DB01254,Dasatinib,EPHA2
DB01254,Dasatinib,LCK
DB01254,Dasatinib,YES1
DB01254,Dasatinib,KIT
DB01254,Dasatinib,PDGFRB
DB01254,Dasatinib,FYN
DB01254,Dasatinib,BCR
DB01254,Dasatinib,STAT5B
DB01254,Dasatinib,ABL2
DB01254,Dasatinib,BTK
DB01254,Dasatinib,NR4A3
DB01254,Dasatinib,CSK
DB01254,Dasatinib,EPHA5
DB01254,Dasatinib,EPHB4
DB01254,Dasatinib,FGR
DB01254,Dasatinib,FRK
DB01254,Dasatinib,HSPA8
DB01254,Dasatinib,LYN
DB01254,Dasatinib,MAP3K20
DB01254,Dasatinib,MAPK14
DB01254,Dasatinib,PPAT
DB01255,Lisdexamfetamine,TAAR1
DB01256,Retapamulin,rplC
DB01257,Eculizumab,C5
DB01259,Lapatinib,EGFR
DB01259,Lapatinib,ERBB2
DB01259,Lapatinib,EEF2K
DB01260,Desonide,NR3C1
DB01260,Desonide,ESRRG
DB01260,Desonide,ESRRB
DB01260,Desonide,ESRRA
DB01261,Sitagliptin,DPP4
DB01262,Decitabine,DNMT1
DB01262,Decitabine,DNMT3A
DB01262,Decitabine,DNMT3B
DB01262,Decitabine,HDAC1
DB01263,Posaconazole,ERG11
DB01264,Darunavir,pol
DB01264,Darunavir,gag-pol
DB01265,Telbivudine,P
DB01267,Paliperidone,HTR2A
DB01267,Paliperidone,DRD2
DB01267,Paliperidone,DRD4
DB01267,Paliperidone,DRD3
DB01267,Paliperidone,HTR2C
DB01267,Paliperidone,HRH1
DB01267,Paliperidone,ADRA1A
DB01267,Paliperidone,ADRA1B
DB01267,Paliperidone,HTR1D
DB01267,Paliperidone,ADRA2A
DB01267,Paliperidone,ADRA2B
DB01267,Paliperidone,ADRA2C
DB01267,Paliperidone,HTR1A
DB01267,Paliperidone,DRD1
DB01267,Paliperidone,HTR7
DB01268,Sunitinib,PDGFRB
DB01268,Sunitinib,FLT1
DB01268,Sunitinib,KIT
DB01268,Sunitinib,KDR
DB01268,Sunitinib,FLT4
DB01268,Sunitinib,FLT3
DB01268,Sunitinib,CSF1R
DB01268,Sunitinib,PDGFRA
DB01268,Sunitinib,MET
DB01269,Panitumumab,EGFR
DB01270,Ranibizumab,VEGFA
DB01271,Idursulfase,IDS
DB01272,Alglucosidase alfa,GAA
DB01272,Alglucosidase alfa,M6PR
DB01272,Alglucosidase alfa,IGF2R
DB01273,Varenicline,CHRNA4
DB01273,Varenicline,CHRNA7
DB01273,Varenicline,CHRNA3
DB01273,Varenicline,CHRNA6
DB01273,Varenicline,CHRNB2
DB01274,Arformoterol,ADRB2
DB01274,Arformoterol,ADCY1
DB01275,Hydralazine,AOC3
DB01275,Hydralazine,HIF1A
DB01275,Hydralazine,P4HA1
DB01276,Exenatide,GLP1R
DB01277,Mecasermin,IGF1
DB01277,Mecasermin,IGF1R
DB01277,Mecasermin,IGFBP3
DB01277,Mecasermin,INSR
DB01277,Mecasermin,IGF2R
DB01278,Pramlintide,CALCR
DB01278,Pramlintide,RAMP1
DB01278,Pramlintide,RAMP2
DB01278,Pramlintide,RAMP3
DB01278,Pramlintide,GLP1R
DB01279,Galsulfase,ARSB
DB01280,Nelarabine,POLA1
DB01280,Nelarabine,LIG1
DB01280,Nelarabine,PRIM1
DB01280,Nelarabine,RRM1
DB01281,Abatacept,CD80
DB01281,Abatacept,CD86
DB01282,Carbetocin,OXTR
DB01283,Lumiracoxib,PTGS2
DB01283,Lumiracoxib,PTGS1
DB01284,Tetracosactide,MC2R
DB01285,Corticotropin,MC2R
DB01285,Corticotropin,CRH
DB01288,Fenoterol,ADRB2
DB01288,Fenoterol,ADRB1
DB01288,Fenoterol,ADRB3
DB01289,Glisoxepide,KCNJ8
DB01289,Glisoxepide,KCNJ10
DB01289,Glisoxepide,INS
DB01291,Pirbuterol,ADRB2
DB01291,Pirbuterol,ADRB1
DB01294,Bismuth subsalicylate,ALB
DB01295,Bevantolol,ADRB1
DB01295,Bevantolol,DRD2
DB01295,Bevantolol,ADRB2
DB01295,Bevantolol,ADRA1A
DB01296,Glucosamine,IL1B
DB01296,Glucosamine,DRD2
DB01296,Glucosamine,IFNG
DB01296,Glucosamine,RELA
DB01297,Practolol,ADRB1
DB01298,Sulfacytine,folP
DB01299,Sulfadoxine,
DB01299,Sulfadoxine,MAOB
DB01299,Sulfadoxine,folP
DB01299,Sulfadoxine,
DB01301,Rolitetracycline,rpsI
DB01303,Oxtriphylline,PDE3A
DB01303,Oxtriphylline,PDE4A
DB01303,Oxtriphylline,ADORA2A
DB01303,Oxtriphylline,ADORA1
DB01303,Oxtriphylline,HDAC2
DB01306,Insulin aspart,INSR
DB01306,Insulin aspart,INS
DB01306,Insulin aspart,IGF1R
DB01307,Insulin detemir,INSR
DB01307,Insulin detemir,INS
DB01307,Insulin detemir,IGF1R
DB01309,Insulin glulisine,INSR
DB01309,Insulin glulisine,IGF1R
DB01319,Fosamprenavir,pol
DB01319,Fosamprenavir,gag-pol
DB01320,Fosphenytoin,SCN5A
DB01321,Josamycin,rplD
DB01323,St. John's Wort,SLC6A2
DB01324,Polythiazide,SLC12A3
DB01325,Quinethazone,SLC12A1
DB01325,Quinethazone,SLC12A2
DB01325,Quinethazone,SLC12A3
DB01325,Quinethazone,CA1
DB01325,Quinethazone,CA2
DB01326,Cefamandole,pbpA
DB01327,Cefazolin,mrcA
DB01327,Cefazolin,mrcB
DB01327,Cefazolin,pbpC
DB01327,Cefazolin,mrdA
DB01327,Cefazolin,ftsI
DB01327,Cefazolin,PON1
DB01327,Cefazolin,IL15
DB01327,Cefazolin,IL2
DB01328,Cefonicid,mrcA
DB01328,Cefonicid,ftsI
DB01328,Cefonicid,mrcB
DB01328,Cefonicid,dacB
DB01328,Cefonicid,mrdA
DB01329,Cefoperazone,ftsI
DB01329,Cefoperazone,mrcB
DB01329,Cefoperazone,mrdA
DB01329,Cefoperazone,mrcA
DB01329,Cefoperazone,ponB
DB01329,Cefoperazone,dacC
DB01329,Cefoperazone,mrcA
DB01329,Cefoperazone,dacA
DB01329,Cefoperazone,dacB
DB01330,Cefotetan,pbp3
DB01331,Cefoxitin,dacC
DB01331,Cefoxitin,dacA
DB01331,Cefoxitin,pbpG
DB01331,Cefoxitin,dacB
DB01331,Cefoxitin,mrcA
DB01331,Cefoxitin,mrcB
DB01331,Cefoxitin,ftsI
DB01331,Cefoxitin,pbp3
DB01331,Cefoxitin,pbp1b
DB01331,Cefoxitin,pbp2a
DB01331,Cefoxitin,pbpA
DB01331,Cefoxitin,penA
DB01332,Ceftizoxime,mrcA
DB01332,Ceftizoxime,mrcB
DB01332,Ceftizoxime,dacC
DB01333,Cefradine,mrcA
DB01336,Metocurine,CHRNA2
DB01336,Metocurine,CHRM2
DB01337,Pancuronium,CHRNA2
DB01337,Pancuronium,CHRM2
DB01337,Pancuronium,CHRM3
DB01338,Pipecuronium,CHRNA2
DB01338,Pipecuronium,CHRM2
DB01338,Pipecuronium,CHRM3
DB01339,Vecuronium,CHRNA2
DB01340,Cilazapril,ACE
DB01341,Dihydroquinidine barbiturate,GABRA1
DB01342,Forasartan,AGTR1
DB01345,Potassium cation,ATP1A1
DB01346,Quinidine barbiturate,GABRA1
DB01346,Quinidine barbiturate,GABRA2
DB01346,Quinidine barbiturate,SCN5A
DB01346,Quinidine barbiturate,KCNK1
DB01346,Quinidine barbiturate,GRIA2
DB01347,Saprisartan,AGTR1
DB01348,Spirapril,ACE
DB01349,Tasosartan,AGTR1
DB01349,Tasosartan,AGTR2
DB01351,Amobarbital,GABRA1
DB01351,Amobarbital,GABRA2
DB01351,Amobarbital,GABRA3
DB01351,Amobarbital,GABRA4
DB01351,Amobarbital,GABRA5
DB01351,Amobarbital,GABRA6
DB01351,Amobarbital,CHRNA4
DB01351,Amobarbital,CHRNA7
DB01351,Amobarbital,GRIA2
DB01351,Amobarbital,GRIK2
DB01352,Aprobarbital,GABRA1
DB01352,Aprobarbital,GABRA2
DB01352,Aprobarbital,GABRA3
DB01352,Aprobarbital,GABRA4
DB01352,Aprobarbital,GABRA5
DB01352,Aprobarbital,GABRA6
DB01352,Aprobarbital,CHRNA4
DB01352,Aprobarbital,CHRNA7
DB01352,Aprobarbital,GRIA2
DB01352,Aprobarbital,GRIK2
DB01353,Butobarbital,GABRA2
DB01353,Butobarbital,GABRA3
DB01353,Butobarbital,GABRA4
DB01353,Butobarbital,GABRA5
DB01353,Butobarbital,GABRA6
DB01353,Butobarbital,GABRA1
DB01353,Butobarbital,CHRNA4
DB01353,Butobarbital,CHRNA7
DB01353,Butobarbital,GRIA2
DB01353,Butobarbital,GRIK2
DB01354,Heptabarbital,GABRA1
DB01354,Heptabarbital,GABRA2
DB01354,Heptabarbital,GABRA3
DB01354,Heptabarbital,GABRA4
DB01354,Heptabarbital,GABRA5
DB01354,Heptabarbital,GABRA6
DB01354,Heptabarbital,CHRNA4
DB01354,Heptabarbital,CHRNA7
DB01354,Heptabarbital,GRIA2
DB01354,Heptabarbital,GRIK2
DB01355,Hexobarbital,GABRA2
DB01355,Hexobarbital,GABRA3
DB01355,Hexobarbital,GABRA4
DB01355,Hexobarbital,GABRA5
DB01355,Hexobarbital,GABRA6
DB01355,Hexobarbital,GABRA1
DB01355,Hexobarbital,CHRNA4
DB01355,Hexobarbital,CHRNA7
DB01355,Hexobarbital,GRIA2
DB01355,Hexobarbital,GRIK2
DB01356,Lithium cation,GSK3B
DB01356,Lithium cation,IMPA1
DB01356,Lithium cation,IMPA2
DB01356,Lithium cation,GRIA3
DB01357,Mestranol,ESR1
DB01359,Penbutolol,ADRB1
DB01359,Penbutolol,ADRB2
DB01359,Penbutolol,HTR1A
DB01359,Penbutolol,HTR1B
DB01363,Ephedra sinica root,SLC6A3
DB01363,Ephedra sinica root,SLC6A2
DB01363,Ephedra sinica root,ADRA2A
DB01363,Ephedra sinica root,ADRA2B
DB01363,Ephedra sinica root,ADRA2C
DB01363,Ephedra sinica root,MAOA
DB01363,Ephedra sinica root,MAOB
DB01363,Ephedra sinica root,ADRB1
DB01363,Ephedra sinica root,ADRB2
DB01363,Ephedra sinica root,ADRB3
DB01363,Ephedra sinica root,SLC6A4
DB01363,Ephedra sinica root,SLC18A2
DB01363,Ephedra sinica root,SLC18A1
DB01364,Ephedrine,ADRA1A
DB01364,Ephedrine,ADRB1
DB01364,Ephedrine,ADRB2
DB01364,Ephedrine,DRD2
DB01364,Ephedrine,SLC6A2
DB01365,Mephentermine,ADRA1A
DB01365,Mephentermine,DRD2
DB01365,Mephentermine,ADRB1
DB01366,Procaterol,ADRB2
DB01367,Rasagiline,MAOB
DB01367,Rasagiline,BCL2
DB01369,Quinupristin,rplJ
DB01369,Quinupristin,rplV
DB01370,Aluminium,ATP1A1
DB01370,Aluminium,KLK1
DB01370,Aluminium,APP
DB01370,Aluminium,TF
DB01373,Calcium,CACNA1C
DB01373,Calcium,ATP2C1
DB01373,Calcium,TNNC2
DB01373,Calcium,TNNC1
DB01373,Calcium,SPTBN1
DB01373,Calcium,S100B
DB01373,Calcium,CAST
DB01373,Calcium,COMP
DB01373,Calcium,AOC1
DB01373,Calcium,S100A13
DB01373,Calcium,ALPP
DB01373,Calcium,S100A8
DB01373,Calcium,S100A9
DB01373,Calcium,S100A2
DB01373,Calcium,CP
DB01373,Calcium,BMP4
DB01373,Calcium,MGP
DB01373,Calcium,PCDH19
DB01373,Calcium,PDCD6
DB01373,Calcium,CALM1
DB01375,Aluminium monostearate,TNNC1
DB01375,Aluminium monostearate,VDAC1
DB01375,Aluminium monostearate,VDAC2
DB01375,Aluminium monostearate,VDAC3
DB01378,Magnesium cation,ATP1A1
DB01380,Cortisone acetate,NR3C1
DB01380,Cortisone acetate,ESRRG
DB01380,Cortisone acetate,ESRRB
DB01380,Cortisone acetate,ESRRA
DB01380,Cortisone acetate,ANXA1
DB01381,Ginkgo biloba,SLC6A2
DB01381,Ginkgo biloba,PLA2G2A
DB01381,Ginkgo biloba,GLRA1
DB01381,Ginkgo biloba,GABRA1
DB01381,Ginkgo biloba,GABRB2
DB01381,Ginkgo biloba,GABRG2
DB01381,Ginkgo biloba,MAOA
DB01381,Ginkgo biloba,NOS2
DB01382,Glymidine,KCNJ1
DB01382,Glymidine,KCNJ10
DB01382,Glymidine,ABCC8
DB01384,Paramethasone,NR3C1
DB01384,Paramethasone,SERPINA6
DB01388,Mibefradil,CACNA1G
DB01388,Mibefradil,CACNA1H
DB01388,Mibefradil,CACNA1C
DB01388,Mibefradil,CACNA1D
DB01388,Mibefradil,CACNA1F
DB01388,Mibefradil,CACNA1I
DB01388,Mibefradil,CACNA1S
DB01388,Mibefradil,CACNB1
DB01388,Mibefradil,CACNB2
DB01388,Mibefradil,CACNB3
DB01388,Mibefradil,CACNB4
DB01390,Sodium bicarbonate,KCND3
DB01390,Sodium bicarbonate,CACNA1H
DB01392,Yohimbine,ADRA2A
DB01392,Yohimbine,ADRA2B
DB01392,Yohimbine,ADRA2C
DB01392,Yohimbine,HTR1A
DB01392,Yohimbine,HTR1B
DB01392,Yohimbine,HTR1D
DB01392,Yohimbine,DRD2
DB01392,Yohimbine,DRD3
DB01392,Yohimbine,HTR2A
DB01392,Yohimbine,HTR2C
DB01392,Yohimbine,KCNJ1
DB01392,Yohimbine,HTR2B
DB01393,Bezafibrate,PPARD
DB01393,Bezafibrate,PPARG
DB01393,Bezafibrate,PPARA
DB01393,Bezafibrate,NR1I2
DB01393,Bezafibrate,RXRA
DB01393,Bezafibrate,RXRB
DB01393,Bezafibrate,RXRG
DB01394,Colchicine,TUBB
DB01395,Drospirenone,NR3C2
DB01395,Drospirenone,AR
DB01395,Drospirenone,PGR
DB01395,Drospirenone,NR3C1
DB01396,Digitoxin,ATP1A1
DB01396,Digitoxin,ATP1B3
DB01396,Digitoxin,ATP1B2
DB01396,Digitoxin,ATP1B1
DB01396,Digitoxin,ATP1A3
DB01396,Digitoxin,ATP1A2
DB01397,Magnesium salicylate,PTGS2
DB01397,Magnesium salicylate,PTGS1
DB01399,Salsalate,PTGS2
DB01399,Salsalate,PTGS1
DB01400,Neostigmine,ACHE
DB01401,Choline magnesium trisalicylate,PTGS1
DB01401,Choline magnesium trisalicylate,PTGS2
DB01403,Methotrimeprazine,DRD2
DB01403,Methotrimeprazine,DRD1
DB01403,Methotrimeprazine,DRD5
DB01403,Methotrimeprazine,DRD3
DB01403,Methotrimeprazine,DRD4
DB01403,Methotrimeprazine,HTR2A
DB01403,Methotrimeprazine,HTR2C
DB01403,Methotrimeprazine,HRH1
DB01403,Methotrimeprazine,CHRM1
DB01403,Methotrimeprazine,CHRM2
DB01403,Methotrimeprazine,CHRM3
DB01403,Methotrimeprazine,CHRM4
DB01403,Methotrimeprazine,CHRM5
DB01403,Methotrimeprazine,ADRA1A
DB01403,Methotrimeprazine,ADRA1B
DB01403,Methotrimeprazine,ADRA1D
DB01403,Methotrimeprazine,ADRA2A
DB01403,Methotrimeprazine,ADRA2B
DB01403,Methotrimeprazine,ADRA2C
DB01404,Ginseng,AHR
DB01404,Ginseng,IL6
DB01404,Ginseng,PTGS2
DB01405,Temafloxacin,gyrA
DB01405,Temafloxacin,parC
DB01405,Temafloxacin,gyrB
DB01405,Temafloxacin,gyrA
DB01406,Danazol,ESR1
DB01406,Danazol,AR
DB01406,Danazol,PGR
DB01406,Danazol,GNRHR
DB01406,Danazol,GNRHR2
DB01406,Danazol,CCL2
DB01407,Clenbuterol,ADRB2
DB01407,Clenbuterol,ADRB1
DB01407,Clenbuterol,ADRB3
DB01407,Clenbuterol,NGF
DB01407,Clenbuterol,TNF
DB01408,Bambuterol,ADRB2
DB01408,Bambuterol,BCHE
DB01409,Tiotropium,CHRM3
DB01409,Tiotropium,CHRM1
DB01409,Tiotropium,CHRM2
DB01409,Tiotropium,CHRM4
DB01409,Tiotropium,CHRM5
DB01410,Ciclesonide,NR3C1
DB01410,Ciclesonide,SERPINA6
DB01411,Pranlukast,CYSLTR1
DB01411,Pranlukast,TNF
DB01411,Pranlukast,IL5
DB01411,Pranlukast,RNASE3
DB01411,Pranlukast,NFKB1
DB01411,Pranlukast,MUC2
DB01411,Pranlukast,NFKB2
DB01412,Theobromine,ADORA1
DB01412,Theobromine,ADORA2A
DB01412,Theobromine,NT5E
DB01412,Theobromine,PDE4B
DB01413,Cefepime,mrcA
DB01413,Cefepime,mrcB
DB01413,Cefepime,mrdA
DB01413,Cefepime,ftsI
DB01413,Cefepime,ponB
DB01413,Cefepime,pbpB
DB01413,Cefepime,pbpA
DB01414,Cefacetrile,mrcA
DB01414,Cefacetrile,mrcB
DB01415,Ceftibuten,ftsI
DB01415,Ceftibuten,mrcA
DB01415,Ceftibuten,mrcB
DB01415,Ceftibuten,mrdA
DB01416,Cefpodoxime,ftsI
DB01418,Acenocoumarol,VKORC1
DB01419,Antrafenine,PTGS1
DB01419,Antrafenine,PTGS2
DB01420,Testosterone propionate,AR
DB01421,Paromomycin,rpsJ
DB01421,Paromomycin,RPSA
DB01421,Paromomycin,RPL10L
DB01422,Nitroxoline,METAP2
DB01425,Alizapride,DRD2
DB01426,Ajmaline,SCN5A
DB01427,Amrinone,PDE4A
DB01427,Amrinone,PDE3A
DB01427,Amrinone,PDE3B
DB01427,Amrinone,TNF
DB01428,Oxybenzone,LIPE
DB01428,Oxybenzone,PGR
DB01428,Oxybenzone,AR
DB01428,Oxybenzone,ESR1
DB01428,Oxybenzone,ESR2
DB01429,Aprindine,SCN5A
DB01429,Aprindine,CALM3
DB01429,Aprindine,CALM2
DB01429,Aprindine,CALM1
DB01429,Aprindine,CALM1
DB01430,Almitrine,ATP1A1
DB01431,Allylestrenol,PGR
DB01431,Allylestrenol,SLC6A9
DB01431,Allylestrenol,ESR1
DB01433,Methadyl acetate,OPRM1
DB01435,Antipyrine,PTGS1
DB01435,Antipyrine,PTGS2
DB01436,Alfacalcidol,VDR
DB01436,Alfacalcidol,CYP27B1
DB01436,Alfacalcidol,RXRA
DB01437,Glutethimide,GABRA1
DB01437,Glutethimide,GABRA1
DB01437,Glutethimide,CYP2D6
DB01438,Phenazopyridine,SCN1A
DB01439,3-Methylthiofentanyl,OPRK1
DB01439,3-Methylthiofentanyl,OPRM1
DB01439,3-Methylthiofentanyl,OPRD1
DB01440,gamma-Hydroxybutyric acid,GABBR2
DB01440,gamma-Hydroxybutyric acid,GABBR1
DB01440,gamma-Hydroxybutyric acid,GABBR1
DB01440,gamma-Hydroxybutyric acid,SLC52A2
DB01442,MMDA,HTR2A
DB01442,MMDA,SLC6A3
DB01442,MMDA,SLC6A4
DB01442,MMDA,SLC6A2
DB01442,MMDA,SLC18A2
DB01442,MMDA,SLC18A1
DB01442,MMDA,MAOA
DB01442,MMDA,MAOB
DB01444,Dimethylthiambutene,OPRM1
DB01444,Dimethylthiambutene,OPRD1
DB01445,Bufotenine,HTR5A
DB01445,Bufotenine,HTR7
DB01445,Bufotenine,HTR6
DB01445,Bufotenine,HTR2A
DB01445,Bufotenine,HTR1D
DB01452,Diamorphine,OPRM1
DB01452,Diamorphine,OPRK1
DB01452,Diamorphine,OPRD1
DB01452,Diamorphine,CES1
DB01454,Midomafetamine,SLC18A2
DB01454,Midomafetamine,SLC6A2
DB01454,Midomafetamine,SLC6A4
DB01454,Midomafetamine,HTR2C
DB01454,Midomafetamine,HTR2A
DB01454,Midomafetamine,HTR2B
DB01454,Midomafetamine,SLC6A3
DB01460,Diethyltryptamine,HTR6
DB01462,Etonitazene,OPRM1
DB01462,Etonitazene,OPRD1
DB01462,Etonitazene,OPRK1
DB01463,Fencamfamin,SLC6A3
DB01463,Fencamfamin,DRD2
DB01465,"2,5-Dimethoxyamphetamine",HTR2A
DB01465,"2,5-Dimethoxyamphetamine",HTR1A
DB01465,"2,5-Dimethoxyamphetamine",HTR1D
DB01466,Ethylmorphine,OPRM1
DB01467,"2,5-Dimethoxy-4-ethylamphetamine",HTR2A
DB01472,4-Methoxyamphetamine,SLC6A3
DB01472,4-Methoxyamphetamine,SLC6A4
DB01472,4-Methoxyamphetamine,SLC18A2
DB01472,4-Methoxyamphetamine,MAOA
DB01472,4-Methoxyamphetamine,ADRA1A
DB01472,4-Methoxyamphetamine,ADRA1D
DB01472,4-Methoxyamphetamine,ADRA2A
DB01472,4-Methoxyamphetamine,MAOB
DB01481,1-Testosterone,AR
DB01483,Barbital,GABRA1
DB01483,Barbital,GABRA2
DB01483,Barbital,GABRA3
DB01483,Barbital,GABRA4
DB01483,Barbital,GABRA5
DB01483,Barbital,GABRA6
DB01483,Barbital,CHRNA4
DB01483,Barbital,CHRNA7
DB01483,Barbital,GRIA2
DB01483,Barbital,GRIK2
DB01484,Brolamfetamine,HTR1A
DB01484,Brolamfetamine,HTR2A
DB01484,Brolamfetamine,HTR1D
DB01488,Dimethyltryptamine,HTR6
DB01488,Dimethyltryptamine,SIGMAR1
DB01488,Dimethyltryptamine,HTR2A
DB01489,Camazepam,GABRA1
DB01489,Camazepam,GABRA1
DB01493,Ethylestrenol,AR
DB01496,"Dihydro-2-thioxo-5-((5-(2-(trifluoromethyl)phenyl)-2-furanyl)methyl)-4,6(1H,5H)-pyrimidinedione",GABRA1
DB01496,"Dihydro-2-thioxo-5-((5-(2-(trifluoromethyl)phenyl)-2-furanyl)methyl)-4,6(1H,5H)-pyrimidinedione",GABRA2
DB01496,"Dihydro-2-thioxo-5-((5-(2-(trifluoromethyl)phenyl)-2-furanyl)methyl)-4,6(1H,5H)-pyrimidinedione",GABRA3
DB01496,"Dihydro-2-thioxo-5-((5-(2-(trifluoromethyl)phenyl)-2-furanyl)methyl)-4,6(1H,5H)-pyrimidinedione",GABRA4
DB01496,"Dihydro-2-thioxo-5-((5-(2-(trifluoromethyl)phenyl)-2-furanyl)methyl)-4,6(1H,5H)-pyrimidinedione",GABRA5
DB01496,"Dihydro-2-thioxo-5-((5-(2-(trifluoromethyl)phenyl)-2-furanyl)methyl)-4,6(1H,5H)-pyrimidinedione",GABRA6
DB01496,"Dihydro-2-thioxo-5-((5-(2-(trifluoromethyl)phenyl)-2-furanyl)methyl)-4,6(1H,5H)-pyrimidinedione",CHRNA7
DB01496,"Dihydro-2-thioxo-5-((5-(2-(trifluoromethyl)phenyl)-2-furanyl)methyl)-4,6(1H,5H)-pyrimidinedione",CHRNA4
DB01496,"Dihydro-2-thioxo-5-((5-(2-(trifluoromethyl)phenyl)-2-furanyl)methyl)-4,6(1H,5H)-pyrimidinedione",GRIA2
DB01496,"Dihydro-2-thioxo-5-((5-(2-(trifluoromethyl)phenyl)-2-furanyl)methyl)-4,6(1H,5H)-pyrimidinedione",GRIK2
DB01497,Etorphine,OPRM1
DB01497,Etorphine,OPRD1
DB01497,Etorphine,OPRK1
DB01497,Etorphine,OPRL1
DB01497,Etorphine,TRIM13
DB01497,Etorphine,POMC
DB01501,Difenoxin,OPRM1
DB01509,Tenamfetamine,SLC6A3
DB01509,Tenamfetamine,SLC6A4
DB01509,Tenamfetamine,SLC6A2
DB01511,Delorazepam,GABRA1
DB01511,Delorazepam,GABRA1
DB01520,Tenocyclidine,GRIN3A
DB01520,Tenocyclidine,GRIN3B
DB01520,Tenocyclidine,GRIN2A
DB01520,Tenocyclidine,GRIN2C
DB01520,Tenocyclidine,GRIN2B
DB01520,Tenocyclidine,CHRNA7
DB01520,Tenocyclidine,GRIN2D
DB01524,Androstenediol,ESR2
DB01524,Androstenediol,ESR1
DB01528,"4-Methyl-2,5-dimethoxyamphetamine",HTR2A
DB01535,Carfentanil,OPRM1
DB01535,Carfentanil,OPRD1
DB01535,Carfentanil,OPRK1
DB01536,Androstenedione,HSD17B1
DB01536,Androstenedione,HSD3B1
DB01536,Androstenedione,AKR1C3
DB01536,Androstenedione,CYP19A1
DB01536,Androstenedione,eryF
DB01537,"4-Bromo-2,5-dimethoxyphenethylamine",HTR2C
DB01537,"4-Bromo-2,5-dimethoxyphenethylamine",HTR2A
DB01541,Boldenone,AR
DB01544,Flunitrazepam,GABRA1
DB01544,Flunitrazepam,GABRA1
DB01544,Flunitrazepam,TSPO
DB01545,Ethyl loflazepate,GABRA1
DB01545,Ethyl loflazepate,GABRA1
DB01548,Diprenorphine,OPRM1
DB01548,Diprenorphine,OPRD1
DB01548,Diprenorphine,OPRK1
DB01548,Diprenorphine,TRIM13
DB01549,Rolicyclidine,GRIN3A
DB01549,Rolicyclidine,DRD2
DB01551,Dihydrocodeine,OPRM1
DB01553,Cloxazolam,GABRA1
DB01553,Cloxazolam,GABRA1
DB01556,Chlorphentermine,SLC6A4
DB01558,Bromazepam,GABRA1
DB01558,Bromazepam,GABRA1
DB01559,Clotiazepam,GABRA1
DB01559,Clotiazepam,GABRA1
DB01559,Clotiazepam,TSPO
DB01561,Androstanedione,HSD17B1
DB01561,Androstanedione,ksi
DB01564,Calusterone,AR
DB01565,Dihydromorphine,OPRM1
DB01565,Dihydromorphine,OPRK1
DB01565,Dihydromorphine,OPRD1
DB01565,Dihydromorphine,TRIM13
DB01565,Dihydromorphine,POMC
DB01567,Fludiazepam,GABRA1
DB01567,Fludiazepam,GABRA2
DB01567,Fludiazepam,GABRA3
DB01567,Fludiazepam,GABRA5
DB01567,Fludiazepam,GABRG1
DB01567,Fludiazepam,GABRG2
DB01567,Fludiazepam,GABRG3
DB01567,Fludiazepam,GABRB1
DB01567,Fludiazepam,GABRB2
DB01567,Fludiazepam,GABRB3
DB01567,Fludiazepam,GABRD
DB01567,Fludiazepam,GABRE
DB01567,Fludiazepam,GABRP
DB01567,Fludiazepam,GABRR1
DB01567,Fludiazepam,GABRR2
DB01567,Fludiazepam,GABRR3
DB01567,Fludiazepam,TSPO
DB01569,Formebolone,HSD11B2
DB01571,3-Methylfentanyl,OPRM1
DB01571,3-Methylfentanyl,OPRD1
DB01571,3-Methylfentanyl,OPRK1
DB01576,Dextroamphetamine,SLC18A2
DB01576,Dextroamphetamine,SLC6A2
DB01576,Dextroamphetamine,SLC6A3
DB01576,Dextroamphetamine,TAAR1
DB01576,Dextroamphetamine,ADRA1B
DB01576,Dextroamphetamine,ADRA1A
DB01577,Metamfetamine,SLC6A3
DB01577,Metamfetamine,SLC6A4
DB01577,Metamfetamine,SLC6A2
DB01577,Metamfetamine,SLC18A2
DB01577,Metamfetamine,SLC18A1
DB01577,Metamfetamine,TAAR1
DB01577,Metamfetamine,ADRA2A
DB01577,Metamfetamine,ADRA2B
DB01577,Metamfetamine,ADRA2C
DB01577,Metamfetamine,MAOA
DB01577,Metamfetamine,MAOB
DB01577,Metamfetamine,ADRA1B
DB01577,Metamfetamine,DRD2
DB01579,Phendimetrazine,ADRA1A
DB01579,Phendimetrazine,SLC6A2
DB01579,Phendimetrazine,ADRA1B
DB01580,Oxprenolol,ADRB1
DB01580,Oxprenolol,ADRB3
DB01580,Oxprenolol,ADRB2
DB01581,Sulfamerazine,folP
DB01582,Sulfamethazine,folP
DB01583,Liotrix,THRA
DB01583,Liotrix,THRB
DB01586,Ursodeoxycholic acid,AKR1C2
DB01586,Ursodeoxycholic acid,BLVRA
DB01586,Ursodeoxycholic acid,SLC23A2
DB01586,Ursodeoxycholic acid,NR1H4
DB01587,Ketazolam,GABRA1
DB01587,Ketazolam,GABRA1
DB01588,Prazepam,GABRA1
DB01588,Prazepam,GABRA1
DB01588,Prazepam,TSPO
DB01589,Quazepam,GABRA1
DB01589,Quazepam,GABRA1
DB01589,Quazepam,TSPO
DB01590,Everolimus,MTOR
DB01591,Solifenacin,CHRM3
DB01591,Solifenacin,CHRM2
DB01591,Solifenacin,CHRM4
DB01591,Solifenacin,CHRM5
DB01591,Solifenacin,CHRM1
DB01592,Iron,HBA1
DB01592,Iron,TFRC
DB01592,Iron,EGLN1
DB01592,Iron,HDAC8
DB01592,Iron,AHSP
DB01592,Iron,FXN
DB01592,Iron,FTH1
DB01592,Iron,FEN1
DB01592,Iron,NEIL1
DB01592,Iron,NEIL2
DB01592,Iron,POLB
DB01592,Iron,CP
DB01592,Iron,TF
DB01593,Zinc,BDKRB1
DB01593,Zinc,MGMT
DB01593,Zinc,ALDOA
DB01593,Zinc,EEF1A1
DB01593,Zinc,ENO1
DB01593,Zinc,GAPDHS
DB01593,Zinc,NME1
DB01593,Zinc,P4HB
DB01593,Zinc,PDIA3
DB01593,Zinc,PRDX1
DB01593,Zinc,PSPH
DB01593,Zinc,TPI1
DB01593,Zinc,TUFM
DB01593,Zinc,ESR1
DB01593,Zinc,IL3
DB01593,Zinc,MT2A
DB01593,Zinc,CCS
DB01593,Zinc,HDAC1
DB01593,Zinc,HDAC4
DB01593,Zinc,MPG
DB01593,Zinc,SEMG1
DB01593,Zinc,SOD1
DB01593,Zinc,HDAC8
DB01593,Zinc,SIVA1
DB01593,Zinc,GLRA1
DB01593,Zinc,MDM2
DB01593,Zinc,INS
DB01593,Zinc,UTRN
DB01593,Zinc,ASPA
DB01593,Zinc,S100A8
DB01593,Zinc,S100A9
DB01593,Zinc,MMP9
DB01593,Zinc,TP73
DB01593,Zinc,S100A2
DB01593,Zinc,TP53
DB01593,Zinc,MT3
DB01593,Zinc,PDCD6
DB01593,Zinc,DAND5
DB01593,Zinc,MT1A
DB01593,Zinc,A1BG
DB01593,Zinc,A2M
DB01593,Zinc,AGT
DB01593,Zinc,AHSG
DB01593,Zinc,APCS
DB01593,Zinc,APOA1
DB01593,Zinc,APOA2
DB01593,Zinc,APOA4
DB01593,Zinc,APOBR
DB01593,Zinc,APOE
DB01593,Zinc,APOL1
DB01593,Zinc,C1QB
DB01593,Zinc,C1QC
DB01593,Zinc,C1R
DB01593,Zinc,C1S
DB01593,Zinc,C3
DB01593,Zinc,C4B
DB01593,Zinc,C4BPA
DB01593,Zinc,C4BPB
DB01593,Zinc,C5
DB01593,Zinc,BRCC3
DB01593,Zinc,C8A
DB01593,Zinc,C8B
DB01593,Zinc,C8G
DB01593,Zinc,CFB
DB01593,Zinc,CFH
DB01593,Zinc,CFI
DB01593,Zinc,CLU
DB01593,Zinc,CP
DB01593,Zinc,CPN1
DB01593,Zinc,CPN2
DB01593,Zinc,DCD
DB01593,Zinc,DSP
DB01593,Zinc,F12
DB01593,Zinc,F13B
DB01593,Zinc,F2
DB01593,Zinc,FCN3
DB01593,Zinc,FGA
DB01593,Zinc,FN1
DB01593,Zinc,GSN
DB01593,Zinc,HBA1
DB01593,Zinc,HBB
DB01593,Zinc,HPR
DB01593,Zinc,HRNR
DB01593,Zinc,IGFALS
DB01593,Zinc,IGHA1
DB01593,Zinc,IGHM
DB01593,Zinc,IGKV1-17
DB01593,Zinc,IGKV3-20
DB01593,Zinc,IGLV3-21
DB01593,Zinc,ITIH1
DB01593,Zinc,ITIH2
DB01593,Zinc,ITIH3
DB01593,Zinc,ITIH4
DB01593,Zinc,JCHAIN
DB01593,Zinc,JUP
DB01593,Zinc,KLKB1
DB01593,Zinc,KNG1
DB01593,Zinc,KRT1
DB01593,Zinc,KRT10
DB01593,Zinc,KRT14
DB01593,Zinc,KRT16
DB01593,Zinc,KRT2
DB01593,Zinc,KRT5
DB01593,Zinc,KRT6A
DB01593,Zinc,KRT9
DB01593,Zinc,ORM2
DB01593,Zinc,PGLYRP2
DB01593,Zinc,PON1
DB01593,Zinc,PZP
DB01593,Zinc,S100A7
DB01593,Zinc,SELENOP
DB01593,Zinc,SERPINA1
DB01593,Zinc,SERPINA3
DB01593,Zinc,SERPINA4
DB01593,Zinc,SERPINA6
DB01593,Zinc,SERPIND1
DB01593,Zinc,SHBG
DB01593,Zinc,TF
DB01593,Zinc,TTR
DB01593,Zinc,VTN
DB01593,Zinc,APLP1
DB01593,Zinc,APLP2
DB01593,Zinc,APP
DB01593,Zinc,PARP1
DB01594,Cinolazepam,GABRA1
DB01594,Cinolazepam,GABRA1
DB01594,Cinolazepam,TSPO
DB01595,Nitrazepam,GABRA1
DB01595,Nitrazepam,GABRA1
DB01595,Nitrazepam,GABRA1
DB01595,Nitrazepam,SCN1A
DB01597,Cilastatin,DPEP1
DB01598,Imipenem,mrdA
DB01598,Imipenem,mrcB
DB01598,Imipenem,mrcA
DB01598,Imipenem,pbpC
DB01598,Imipenem,pbp4
DB01598,Imipenem,blaB
DB01599,Probucol,ABCA1
DB01599,Probucol,CES1
DB01600,Tiaprofenic acid,PTGS1
DB01600,Tiaprofenic acid,PTGS2
DB01601,Lopinavir,pol
DB01602,Bacampicillin,dacA
DB01603,Meticillin,mecA
DB01603,Meticillin,pbp2a
DB01603,Meticillin,pbp1b
DB01603,Meticillin,penA
DB01603,Meticillin,pbp3
DB01603,Meticillin,pbpA
DB01604,Pivampicillin,pbpA
DB01605,Pivmecillinam,pbpA
DB01606,Tazobactam,bla
DB01606,Tazobactam,
DB01606,Tazobactam,bla
DB01606,Tazobactam,blaZ
DB01607,Ticarcillin,mecA
DB01608,Periciazine,DRD1
DB01608,Periciazine,ADRA2A
DB01608,Periciazine,ADRA1B
DB01608,Periciazine,AR
DB01610,Valganciclovir,
DB01611,Hydroxychloroquine,TLR7
DB01611,Hydroxychloroquine,TLR9
DB01611,Hydroxychloroquine,ACE2
DB01612,Amyl Nitrite,NPR1
DB01613,Erythrityl tetranitrate,NPR1
DB01613,Erythrityl tetranitrate,NPR2
DB01614,Acepromazine,DRD2
DB01614,Acepromazine,DRD1
DB01614,Acepromazine,HTR2A
DB01614,Acepromazine,HTR1A
DB01614,Acepromazine,ADRA1A
DB01614,Acepromazine,ADRA1B
DB01615,Aceprometazine,HRH1
DB01616,Alverine,HTR1A
DB01618,Molindone,DRD2
DB01618,Molindone,HTR1A
DB01618,Molindone,HTR2A
DB01618,Molindone,CHRM1
DB01619,Phenindamine,HRH1
DB01620,Pheniramine,HRH4
DB01620,Pheniramine,HRH1
DB01620,Pheniramine,NR1I3
DB01621,Pipotiazine,DRD2
DB01621,Pipotiazine,DRD1
DB01621,Pipotiazine,HTR2A
DB01621,Pipotiazine,HTR1A
DB01622,Thioproperazine,DRD2
DB01622,Thioproperazine,ADRA1A
DB01622,Thioproperazine,ADRA1B
DB01622,Thioproperazine,DRD1
DB01623,Thiothixene,DRD2
DB01623,Thiothixene,DRD1
DB01623,Thiothixene,HTR2A
DB01624,Zuclopenthixol,DRD1
DB01624,Zuclopenthixol,DRD5
DB01624,Zuclopenthixol,DRD2
DB01624,Zuclopenthixol,ADRA1A
DB01624,Zuclopenthixol,ADRA2A
DB01624,Zuclopenthixol,HTR2A
DB01624,Zuclopenthixol,HRH1
DB01625,Isopropamide,CHRM3
DB01625,Isopropamide,CHRM4
DB01626,Pargyline,MAOB
DB01626,Pargyline,MAOA
DB01628,Etoricoxib,PTGS2
DB01629,5-fluorouridine,SOD1
DB01629,5-fluorouridine,udp
DB01630,SC-74020,MMP2
DB01631,Methyl nonanoate,IGHG1
DB01631,Methyl nonanoate,LCN2
DB01632,5-O-phosphono-alpha-D-ribofuranosyl diphosphate,LACZ
DB01632,5-O-phosphono-alpha-D-ribofuranosyl diphosphate,HPRT1
DB01632,5-O-phosphono-alpha-D-ribofuranosyl diphosphate,pyrE
DB01632,5-O-phosphono-alpha-D-ribofuranosyl diphosphate,UCKL1
DB01632,5-O-phosphono-alpha-D-ribofuranosyl diphosphate,HGPRTase
DB01632,5-O-phosphono-alpha-D-ribofuranosyl diphosphate,APRT
DB01632,5-O-phosphono-alpha-D-ribofuranosyl diphosphate,trpD
DB01633,Deoxy-2-fluoro-beta-D-cellotrioside,cel5A
DB01634,2-Oxy-4-Hydroxy-5-(2-Hydrazinopyridine)Phenylalanine,tynA
DB01639,N-Methyl-Pyridoxal-5'-Phosphate,aspC
DB01640,"6-(4-{[2-(3-iodobenzyl)-3-oxocyclohex-1-en-1-yl]amino}phenyl)-5-methyl-4,5-dihydropyridazin-3(2H)-one",PDE3B
DB01642,methyl beta-D-glucopyranoside,cel5A
DB01642,methyl beta-D-glucopyranoside,celCCF
DB01642,methyl beta-D-glucopyranoside,celA1
DB01643,Thymidine monophosphate,TK1
DB01643,Thymidine monophosphate,TMP1
DB01643,Thymidine monophosphate,tmk
DB01643,Thymidine monophosphate,DTYMK
DB01643,Thymidine monophosphate,TYMS
DB01643,Thymidine monophosphate,topA
DB01643,Thymidine monophosphate,thyA
DB01643,Thymidine monophosphate,
DB01643,Thymidine monophosphate,dnaQ
DB01643,Thymidine monophosphate,rmlA
DB01644,"3,6-dihydroxy-xanthene-9-propionic acid",GSR
DB01645,Genistein,ESR2
DB01645,Genistein,NCOA1
DB01645,Genistein,ESR1
DB01645,Genistein,NCOA2
DB01645,Genistein,ESRRB
DB01645,Genistein,ESRRA
DB01645,Genistein,NR1I2
DB01645,Genistein,AKT1
DB01645,Genistein,GPER1
DB01645,Genistein,CYP1B1
DB01645,Genistein,SHBG
DB01645,Genistein,TOP2A
DB01645,Genistein,PTK2B
DB01645,Genistein,CFTR
DB01646,N-Acetylmethionine,RHO
DB01646,N-Acetylmethionine,Aaar
DB01647,Daxalipram,PDE4B
DB01647,Daxalipram,PDE4A
DB01647,Daxalipram,PDE4D
DB01649,7-methyl-GpppA,DCPS
DB01649,7-methyl-GpppA,EIF4E
DB01650,trans-2-hydroxycinnamic acid,CA1
DB01650,trans-2-hydroxycinnamic acid,CA2
DB01650,trans-2-hydroxycinnamic acid,
DB01651,"Methyl 4,6-O-[(1R)-1-carboxyethylidene]-beta-D-galactopyranoside",APCS
DB01652,4-hydroxybenzoyl-CoA,fcbB
DB01652,4-hydroxybenzoyl-CoA,
DB01655,L-gulonic acid 6-phosphate,ulaD
DB01656,Roflumilast,PDE4A
DB01657,"2-amino-3-[4-hydroxy-6-oxo-3-(2-phenyl-cyclopropylimino)-cyclohexa-1,4-dienyl]-propionic acid",tynA
DB01661,1-(5-phospho-D-ribosyl)-ATP,hisG
DB01662,Trans-O-Hydroxy-Alpha-Methyl Cinnamate,CTRB1
DB01663,"lambda-bis(2,2'-bipyridine)-(5-methyl-2-2'-bipyridine)-C9-adamantane ruthenium (II)",camC
DB01664,(S)-DES-ME-AMPA,GRIA2
DB01665,2H-Benzimidazol-2-amine,PRSS1
DB01666,D-Myo-Inositol-Hexasulphate,phyA
DB01666,D-Myo-Inositol-Hexasulphate,FST
DB01667,8-azaguanine,PNP
DB01668,Nanaomycin D,actVA 6
DB01669,Virginiamycin M1,vatD
DB01670,Propyl acetate,est
DB01671,p-Hydroxymercuribenzoic acid,CA2
DB01672,"2,3-Dihydroxy-Benzoic Acid",dhbE
DB01672,"2,3-Dihydroxy-Benzoic Acid",LCN2
DB01673,Uridine-5'-Diphosphate-N-Acetylmuramoyl-L-Alanine,murD
DB01673,Uridine-5'-Diphosphate-N-Acetylmuramoyl-L-Alanine,murC
DB01675,Methacrylyl-Coenzyme A,ACAD8
DB01676,Trinitrotoluene,onr
DB01677,Fumaric acid,IFNG
DB01677,Fumaric acid,mdh
DB01677,Fumaric acid,fccA
DB01677,Fumaric acid,ME2
DB01677,Fumaric acid,FAH
DB01677,Fumaric acid,fccA
DB01678,RU84687,SRC
DB01681,Benzene Hexacarboxylic Acid,PGAM2
DB01683,Chymostatin,CMA1
DB01683,Chymostatin,pam
DB01684,1-Hydroxy-1-Thio-Glycerol,PREP
DB01685,Topiroxostat,XDH
DB01686,"N,N-dimethylarginine",NOS2
DB01686,"N,N-dimethylarginine",NOS3
DB01688,P-Cresol,cobT
DB01689,Inhibitor Idd 384,AKR1B1
DB01690,Bis(Adenosine)-5'-Triphosphate,coaE
DB01691,Indole Naphthyridinone,inhA
DB01691,Indole Naphthyridinone,fabI
DB01692,Dithioerythritol,prfA
DB01692,Dithioerythritol,ribH
DB01692,Dithioerythritol,TK1
DB01694,D-tartaric acid,dlgD
DB01694,D-tartaric acid,B3GAT1
DB01694,D-tartaric acid,TREM1
DB01694,D-tartaric acid,DDX6
DB01694,D-tartaric acid,
DB01694,D-tartaric acid,HIF1AN
DB01694,D-tartaric acid,serA
DB01694,D-tartaric acid,lpxA
DB01694,D-tartaric acid,ATP6V1C1
DB01694,D-tartaric acid,rmlC
DB01694,D-tartaric acid,
DB01694,D-tartaric acid,phnA
DB01694,D-tartaric acid,
DB01695,N-Hydroxy-4-phosphonobutanamide,TPI1
DB01698,Rutin,AKR1C3
DB01698,Rutin,CBR1
DB01699,(4e)-4-Aminohex-4-Enoic Acid,ABAT
DB01700,AICA ribonucleotide,ATIC
DB01701,"1,2-Dichloro-Propane",linB
DB01702,"2-(3,4-Dihydroxyphenyl)Acetic Acid",pac
DB01702,"2-(3,4-Dihydroxyphenyl)Acetic Acid",pcaG
DB01702,"2-(3,4-Dihydroxyphenyl)Acetic Acid",pcaH
DB01702,"2-(3,4-Dihydroxyphenyl)Acetic Acid",mndD
DB01702,"2-(3,4-Dihydroxyphenyl)Acetic Acid",
DB01703,N-(2-ferrocenylethyl)maleimide,camC
DB01704,"2,4-Dihydroxy-Trans Cinnamic Acid",CTRB1
DB01705,Bis(5-Amidino-Benzimidazolyl)Methane,PRSS1
DB01705,Bis(5-Amidino-Benzimidazolyl)Methane,botB
DB01708,Prasterone,G6PD
DB01708,Prasterone,ESR1
DB01708,Prasterone,ESR2
DB01708,Prasterone,GABRA1
DB01708,Prasterone,GRIN1
DB01708,Prasterone,AR
DB01708,Prasterone,PPARA
DB01708,Prasterone,SIGMAR1
DB01708,Prasterone,NR1I2
DB01708,Prasterone,NR1I3
DB01709,2-phospho-D-glyceric acid,kdsA
DB01709,2-phospho-D-glyceric acid,gpmI
DB01709,2-phospho-D-glyceric acid,TPI
DB01709,2-phospho-D-glyceric acid,ENO3
DB01710,Porphyrin Fe(III),MB
DB01711,"2,3,4,5,6-Pentafluorobenzyl Alcohol",ADH1C
DB01712,"(3R)-4-(p-toluenesulfonyl)-1,4-thiazane-3-carboxylicacid-L-phenylalanine ethyl ester",FKBP1A
DB01713,UDP-alpha-D-xylose,hasB
DB01715,"7,8-Diamino-Nonanoic Acid",bioD1
DB01717,Bis(Adenosine)-5'-Pentaphosphate,adk
DB01717,Bis(Adenosine)-5'-Pentaphosphate,adk
DB01717,Bis(Adenosine)-5'-Pentaphosphate,adk
DB01717,Bis(Adenosine)-5'-Pentaphosphate,AK2
DB01717,Bis(Adenosine)-5'-Pentaphosphate,AK8
DB01717,Bis(Adenosine)-5'-Pentaphosphate,adk
DB01717,Bis(Adenosine)-5'-Pentaphosphate,AK1
DB01718,Cetrimonium,cmaA1
DB01718,Cetrimonium,mmaA2
DB01719,Thio-Maltopentaose,
DB01720,(2Z)-2-(Benzoylamino)-3-[4-(2-bromophenoxy)phenyl]acrylic acid,
DB01721,"N-[2-hydroxy-1-indanyl]-5-[(2-tertiarybutylaminocarbonyl)-4(benzo[1,3]dioxol-5-ylmethyl)-piperazino]-4-hydroxy-2-(1-phenylethyl)-pentanamide",gag-pol
DB01723,"{3-[3-(3,4-Dimethoxy-Phenyl)-1-(1-{1-[2-(3,4,5-Trimethoxy-Phenyl)-Butyryl]-Piperidin-2yl}-Vinyloxy)-Propyl]-Phenoxy}-Acetic Acid",FKBP1A
DB01725,"2-{2-hydroxy-[1,1'-biphenyl]-3-yl}-1H-1,3-benzodiazole-5-carboximidamide",F2
DB01725,"2-{2-hydroxy-[1,1'-biphenyl]-3-yl}-1H-1,3-benzodiazole-5-carboximidamide",PLAU
DB01725,"2-{2-hydroxy-[1,1'-biphenyl]-3-yl}-1H-1,3-benzodiazole-5-carboximidamide",PRSS1
DB01726,2-Aminophenol,cobT
DB01727,Isocitric Acid,icd
DB01727,Isocitric Acid,icd
DB01727,Isocitric Acid,ACO2
DB01727,Isocitric Acid,IDH2
DB01727,Isocitric Acid,IDH1
DB01727,Isocitric Acid,prpB
DB01728,"1,2-dihexadecanoyl-sn-glycero-3-phosphoethanolamine",RHO
DB01731,(S)-wiskostatin,WAS
DB01732,"(4R,5S,6S,7R)-1,3-dibenzyl-4,7-bis(phenoxymethyl)-5,6-dihydroxy-1,3 diazepan-2-one",gag-pol
DB01733,L-Phospholactate,PKM
DB01734,3-(Oxalyl-Amino)-Naphthalene-2-Carboxylic Acid,PTPN1
DB01735,3-Chloroalaninate,acdS
DB01736,[3-(Dodecanoylamino)Propyl](Hydroxy)Dimethylammonium,SLC25A4
DB01737,"Nalpha-(2-Naphthylsulfonylglycyl)-3-Amidino-D,L-Phenylalanine-Isopropylester",PRSS1
DB01738,Phosphorylcolamine,PRKCB
DB01741,CRA_17693,PRSS1
DB01742,(3r)-1-Acetyl-3-Methylpiperidine,PPIA
DB01744,Camphor,TRPV1
DB01744,Camphor,TRPV3
DB01744,Camphor,TRPA1
DB01744,Camphor,TRPM8
DB01744,Camphor,camC
DB01745,N-Alpha-(2-Naphthylsulfonyl)-N(3-Amidino-L-Phenylalaninyl)Isopipecolinic Acid Methyl Ester,PRSS1
DB01747,Coprogen,fhuD
DB01748,N-Benzyl-4-Sulfamoyl-Benzamide,CA2
DB01750,1-naphthaleneacetic acid,SKP1
DB01752,S-adenosyl-L-homocysteine,DNMT3B
DB01752,S-adenosyl-L-homocysteine,HNMT
DB01752,S-adenosyl-L-homocysteine,OPG102
DB01752,S-adenosyl-L-homocysteine,cbiF
DB01752,S-adenosyl-L-homocysteine,PCMT1
DB01752,S-adenosyl-L-homocysteine,
DB01752,S-adenosyl-L-homocysteine,PNMT
DB01752,S-adenosyl-L-homocysteine,cmaA2
DB01752,S-adenosyl-L-homocysteine,rsrIM
DB01752,S-adenosyl-L-homocysteine,COMTD1
DB01752,S-adenosyl-L-homocysteine,dnrK
DB01752,S-adenosyl-L-homocysteine,GAMT
DB01752,S-adenosyl-L-homocysteine,prmC
DB01752,S-adenosyl-L-homocysteine,prmC
DB01752,S-adenosyl-L-homocysteine,PRMT3
DB01752,S-adenosyl-L-homocysteine,rsmH
DB01752,S-adenosyl-L-homocysteine,ermC'
DB01752,S-adenosyl-L-homocysteine,TRDMT1
DB01752,S-adenosyl-L-homocysteine,GNMT
DB01752,S-adenosyl-L-homocysteine,trmL
DB01752,S-adenosyl-L-homocysteine,pvuIIM
DB01752,S-adenosyl-L-homocysteine,DAM
DB01752,S-adenosyl-L-homocysteine,pcaA
DB01752,S-adenosyl-L-homocysteine,PRMT1
DB01752,S-adenosyl-L-homocysteine,cysG
DB01752,S-adenosyl-L-homocysteine,hhaIM
DB01752,S-adenosyl-L-homocysteine,SETD7
DB01752,S-adenosyl-L-homocysteine,trmD
DB01752,S-adenosyl-L-homocysteine,mmaA2
DB01752,S-adenosyl-L-homocysteine,DPH5
DB01752,S-adenosyl-L-homocysteine,rdmB
DB01752,S-adenosyl-L-homocysteine,trmD
DB01752,S-adenosyl-L-homocysteine,cobA
DB01752,S-adenosyl-L-homocysteine,
DB01752,S-adenosyl-L-homocysteine,cheR
DB01752,S-adenosyl-L-homocysteine,taqIM
DB01752,S-adenosyl-L-homocysteine,pcm
DB01753,4-oxo-nicotinamide-adenine dinucleotide phosphate,fprA
DB01754,"3,4-Dihydroxy-1-Methylquinolin-2(1h)-One",PIM1
DB01755,N-[Isoleucinyl]-N'-[adenosyl]-diaminosufone,ileS
DB01756,4-phospho-L-threonic acid,RPIA
DB01758,3-Iodo-Tyrosine,TH
DB01758,3-Iodo-Tyrosine,tyrS
DB01759,Kojic acid,TYR
DB01760,2-Methoxy-3-Isopropylpyrazine,LCN9
DB01761,4-[5-[2-(1-phenyl-ethylamino)-pyrimidin-4-yl]-1-methyl-4-(3-trifluoromethylphenyl)-1H-imidazol-2-yl]-piperidine,MAPK14
DB01762,Acetoacetic acid,FAH
DB01763,7-thionicotinamide-adenine-dinucleotide phosphate,NNT
DB01764,Dalfopristin,vatD
DB01765,"(5-hydroxyindolo[1,2-a]quinazolin-7-yl)acetic acid",CSNK2A1
DB01766,Beta-(2-Naphthyl)-Alanine,PIN1
DB01766,Beta-(2-Naphthyl)-Alanine,F2
DB01766,Beta-(2-Naphthyl)-Alanine,YARS1
DB01767,Hemi-Babim,F2
DB01767,Hemi-Babim,PRSS1
DB01768,Methylumbelliferyl sialic acid,
DB01771,CRA_10991,PRSS1
DB01772,"3-[3-(2,3-Dihydroxy-Propylamino)-Phenyl]-4-(5-Fluoro-1-Methyl-1h-Indol-3-Yl)-Pyrrole-2,5-Dione",GSK3B
DB01773,4-[3-carboxymethyl-3-(4-phosphonooxy-benzyl)-ureido]-4-[(3-cyclohexyl-propyl)-methyl-carbamoyl]butyric acid,V-SRC
DB01774,Adenosine-5'-Monophosphate Glucopyranosyl-Monophosphate Ester,hldD
DB01775,Dihydroxyacetone,dhaK
DB01776,M-Cresol,INS
DB01777,CoA-S-trimethylene-acetyl-tryptamine,AANAT
DB01778,8-Aminotheophylline,folB
DB01779,Glycerol 2-phosphate,TPI
DB01780,Fusicoccin,YWHAE
DB01782,Pyrazolanthrone,MAPK8
DB01782,Pyrazolanthrone,TTK
DB01782,Pyrazolanthrone,MAPK10
DB01782,Pyrazolanthrone,MAPK9
DB01782,Pyrazolanthrone,MAPK8IP1
DB01783,Pantothenic acid,coaA
DB01784,4-Flourobenzenesulfonamide,CA2
DB01785,Dimethylallyl Diphosphate,FDPS
DB01785,Dimethylallyl Diphosphate,IDI1
DB01785,Dimethylallyl Diphosphate,ispH
DB01786,D-Alanine,nprS
DB01786,D-Alanine,
DB01788,2-methyl-5-methylidenepyrimidin-4-imine,thiE
DB01789,"1-Amino-2,3-Dihydroxy-5-Hydroxymethyl Cyclohex-5-Ene",
DB01790,(Rp)-cAMPS,PRKAR1A
DB01791,Piclamilast,PDE4A
DB01791,Piclamilast,PDE4D
DB01791,Piclamilast,PDE4B
DB01791,Piclamilast,PDE4C
DB01792,Adenylyl-(3'-5')-uridine 3'-monophosphate,
DB01793,SB-409513,GSK3B
DB01795,Phenylboronic acid,CA1
DB01795,Phenylboronic acid,CA4
DB01795,Phenylboronic acid,CA2
DB01795,Phenylboronic acid,cocE
DB01796,Quinolinic Acid,nadC
DB01796,Quinolinic Acid,nadC
DB01799,4-Hydroxy-3-Methyl Butyl Diphosphate,idi
DB01800,4-Nitrocatechol sulfate,ARSA
DB01800,4-Nitrocatechol sulfate,yopH
DB01803,2-(Trimethylammonium)Ethyl Thiol,srtB
DB01804,"2-Ammoniobut-3-Enoate, 2-Amino-3-Butenoate",acdS
DB01805,Monoisopropylphosphorylserine,PRSS2
DB01805,Monoisopropylphosphorylserine,apr
DB01805,Monoisopropylphosphorylserine,PRSS1
DB01805,Monoisopropylphosphorylserine,ACHE
DB01806,10-decarboxymethylaclacinomycin A,rdmC
DB01807,"N-[(3Z)-5-Tert-butyl-2-phenyl-1,2-dihydro-3H-pyrazol-3-ylidene]-N'-(4-chlorophenyl)urea",MAPK14
DB01808,Thiarsahydroxy-Cysteine,arsC
DB01809,"1-Ter-Butyl-3-P-Tolyl-1h-Pyrazolo[3,4-D]Pyrimidin-4-Ylamine",RET
DB01809,"1-Ter-Butyl-3-P-Tolyl-1h-Pyrazolo[3,4-D]Pyrimidin-4-Ylamine",HCK
DB01810,"[1-(1-Methyl-4,5-Dioxo-Pent-2-Enylcarbamoyl)-2-Phenyl-Ethyl]-Carbamic Acid Benzyl Ester",CTSF
DB01810,"[1-(1-Methyl-4,5-Dioxo-Pent-2-Enylcarbamoyl)-2-Phenyl-Ethyl]-Carbamic Acid Benzyl Ester",
DB01811,"3h-Indole-5,6-Diol",LTF
DB01812,"Adenosine 3',5'-diphosphate",HS3ST1
DB01812,"Adenosine 3',5'-diphosphate",SULT2B1
DB01812,"Adenosine 3',5'-diphosphate",RNASE2
DB01812,"Adenosine 3',5'-diphosphate",SULT1A1
DB01812,"Adenosine 3',5'-diphosphate",HS3ST3A1
DB01812,"Adenosine 3',5'-diphosphate",RNASE1
DB01812,"Adenosine 3',5'-diphosphate",SULT2A1
DB01812,"Adenosine 3',5'-diphosphate",SULT1E1
DB01812,"Adenosine 3',5'-diphosphate",topA
DB01812,"Adenosine 3',5'-diphosphate",NDST1
DB01812,"Adenosine 3',5'-diphosphate",acpS
DB01812,"Adenosine 3',5'-diphosphate",SULT1B1
DB01813,Pyridoxyl-Glutamic Acid-5'-Monophosphate,hisC
DB01813,Pyridoxyl-Glutamic Acid-5'-Monophosphate,ilvE
DB01814,2-Tridecanoyloxy-Pentadecanoic Acid,fhuA
DB01815,Nz-(Dicarboxymethyl)Lysine,talB
DB01816,Castanospermine,XOG1
DB01817,Threonine-Aspartic Ester,ansB
DB01818,O3-Sulfonylgalactose,MBL2
DB01819,Phosphoenolpyruvate,kdsA
DB01819,Phosphoenolpyruvate,ENO3
DB01819,Phosphoenolpyruvate,PCK1
DB01819,Phosphoenolpyruvate,kdsA
DB01819,Phosphoenolpyruvate,aroF
DB01819,Phosphoenolpyruvate,aroG
DB01819,Phosphoenolpyruvate,synC
DB01820,2-{[4-(2-Acetylamino-2-pentylcarbamoyl-ethyl)-naphthalen-1-YL]-oxalyl-amino}-benzoic acid,PTPN1
DB01821,"L-N(omega)-Nitroarginine-2,4-L-diaminobutyric amide",NOS3
DB01821,"L-N(omega)-Nitroarginine-2,4-L-diaminobutyric amide",NOS1
DB01822,"(4R,5R)-1,2-dithiane-4,5-diol",REL
DB01822,"(4R,5R)-1,2-dithiane-4,5-diol",RELB
DB01822,"(4R,5R)-1,2-dithiane-4,5-diol",RELA
DB01822,"(4R,5R)-1,2-dithiane-4,5-diol",NFKB2
DB01822,"(4R,5R)-1,2-dithiane-4,5-diol",NFKB1
DB01822,"(4R,5R)-1,2-dithiane-4,5-diol",
DB01823,Beta-D-Glucopyranose Spirohydantoin,PYGM
DB01824,"(3S)-Tetrahydro-3-furanyl {(2S,3S)-4-[(2S,4R)-4-{(1S,2R)-2-[(S)-amino(hydroxy)methoxy]-2,3-dihydro-1H-inden-1-yl}-2-benzyl-3-oxo-2-pyrrolidinyl]-3-hydroxy-1-phenyl-2-butanyl}carbamate",gag-pol
DB01825,2-amino-8-methyl-4(1H)-quinazolinone,tgt
DB01826,N-Butyl Isocyanide,camC
DB01826,N-Butyl Isocyanide,MB
DB01826,N-Butyl Isocyanide,
DB01826,N-Butyl Isocyanide,glbN
DB01827,"2,3,5,6-Tetrafluoro-4-Methoxy-Benzamide",LGALS3
DB01828,Methylamine,amtB
DB01829,Desulfo-coenzyme A,cat
DB01830,AP-22408,SRC
DB01830,AP-22408,LCK
DB01831,Tryptophanyl-5'amp,WARS1
DB01831,Tryptophanyl-5'amp,trpS
DB01832,4-[Hydroxy-[Methyl-Phosphinoyl]]-3-Oxo-Butanoic Acid,FAH
DB01833,Canavanine,NOS3
DB01834,"(9R,10R)-9-(S-glutathionyl)-10-hydroxy-9,10-dihydrophenanthrene",GSTP1
DB01834,"(9R,10R)-9-(S-glutathionyl)-10-hydroxy-9,10-dihydrophenanthrene",GSTM1
DB01835,4R-Fluoro-N6-ethanimidoyl-L-lysine,NOS2
DB01836,"[4-(6-Chloro-Naphthalene-2-Sulfonyl)-Piperazin-1-Yl]-(3,4,5,6-Tetrahydro-2h-[1,4']Bipyridinyl-4-Yl)-Methanone",PRSS1
DB01837,O-acetyl-L-serine,PTGS1
DB01839,Propylene glycol,dhaB1
DB01840,2-Deoxy-D-Glucitol 6-(E)-Vinylhomophosphonate,ISYNA1
DB01841,"4,6-Dideoxyglucose",GANC
DB01841,"4,6-Dideoxyglucose",GANAB
DB01841,"4,6-Dideoxyglucose",GAA
DB01841,"4,6-Dideoxyglucose",tvaI
DB01841,"4,6-Dideoxyglucose",cgt
DB01841,"4,6-Dideoxyglucose",
DB01841,"4,6-Dideoxyglucose",amyE
DB01841,"4,6-Dideoxyglucose",
DB01842,3'-Phosphate-Adenosine-5'-Diphosphate,RNASE1
DB01842,3'-Phosphate-Adenosine-5'-Diphosphate,aac
DB01843,"(5S,7R,8S,9S,10R)-3-Amino-8,9,10-trihydroxy-7-(hydroxymethyl)-6-oxa-1,3-diazaspiro[4.5]decane-2,4-dione",PYGM
DB01844,"N,N-dimethylformamide",REN
DB01844,"N,N-dimethylformamide",CELA1
DB01846,Oxidized coenzyme A,frc
DB01846,Oxidized coenzyme A,
DB01847,N-Carbamyl-D-Valine,
DB01851,Tetrabutylammonium Ion,IGKC
DB01851,Tetrabutylammonium Ion,kcsA
DB01852,Kaempherol,AR
DB01852,Kaempherol,HSD17B1
DB01852,Kaempherol,CYP1B1
DB01852,Kaempherol,GLO1
DB01852,Kaempherol,AKR1B1
DB01852,Kaempherol,ALOX15
DB01852,Kaempherol,ALOX5
DB01852,Kaempherol,UGT3A1
DB01853,Bacteriochlorophyll A,
DB01853,Bacteriochlorophyll A,fmoA
DB01854,5-Bromonicotinamide,ART1
DB01856,Pimelic Acid,dapD
DB01857,Phosphoaspartate,pgmB
DB01857,Phosphoaspartate,glnG
DB01858,[1-(4-Fluorobenzyl)Cyclobutyl]Methyl (1s)-1-[Oxo(1h-Pyrazol-5-Ylamino)Acetyl]Pentylcarbamate,CTSK
DB01859,4-CDP-2-C-methyl-D-erythritol 2-phosphate,ispF
DB01860,Cordycepin Triphosphate,PAPOLA
DB01861,Uridine diphosphate glucose,galT
DB01861,Uridine diphosphate glucose,GALE
DB01861,Uridine diphosphate glucose,otsA
DB01861,Uridine diphosphate glucose,rmlA
DB01861,Uridine diphosphate glucose,galE
DB01861,Uridine diphosphate glucose,bgt
DB01861,Uridine diphosphate glucose,GLT6D1
DB01861,Uridine diphosphate glucose,wbpP
DB01861,Uridine diphosphate glucose,GYG1
DB01861,Uridine diphosphate glucose,GPR17
DB01862,Isopropyl beta-D-thiogalactopyranoside,lacZ
DB01862,Isopropyl beta-D-thiogalactopyranoside,lacA
DB01862,Isopropyl beta-D-thiogalactopyranoside,lacI
DB01863,"Inositol 1,3,4,5-Tetrakisphosphate",BTK
DB01863,"Inositol 1,3,4,5-Tetrakisphosphate",AKT1
DB01863,"Inositol 1,3,4,5-Tetrakisphosphate",ITPKA
DB01863,"Inositol 1,3,4,5-Tetrakisphosphate",CYTH2
DB01863,"Inositol 1,3,4,5-Tetrakisphosphate",CYTH3
DB01863,"Inositol 1,3,4,5-Tetrakisphosphate",PDPK1
DB01863,"Inositol 1,3,4,5-Tetrakisphosphate",PLEKHA4
DB01863,"Inositol 1,3,4,5-Tetrakisphosphate",DAPP1
DB01864,5'-Guanosine-Diphosphate-Monothiophosphate,ARF6
DB01864,5'-Guanosine-Diphosphate-Monothiophosphate,TGM3
DB01864,5'-Guanosine-Diphosphate-Monothiophosphate,ftsZ
DB01864,5'-Guanosine-Diphosphate-Monothiophosphate,RAB11A
DB01865,3-(6-Aminopyridin-3-Yl)-N-Methyl-N-[(1-Methyl-1h-Indol-2-Yl)Methyl]Acrylamide,fabI
DB01866,RU79256,SRC
DB01868,Glycyl-L-a-Aminopimelyl-E-(D-2-Aminoethyl)Phosphonate,
DB01870,"1,4-dithio-alpha-D-glucopyranose",AMY2B
DB01871,[1-(1-Benzyl-3-Hydroxy-2-Oxo-Propylcarbamoyl)-2-Phenyl-Ethyl]-Carbamic Acid Benzyl Ester,CTSF
DB01871,[1-(1-Benzyl-3-Hydroxy-2-Oxo-Propylcarbamoyl)-2-Phenyl-Ethyl]-Carbamic Acid Benzyl Ester,
DB01872,2-deoxy-2-acetamido-beta-D-galactose-4-sulfate,cslB
DB01872,2-deoxy-2-acetamido-beta-D-galactose-4-sulfate,
DB01872,2-deoxy-2-acetamido-beta-D-galactose-4-sulfate,cslA
DB01872,2-deoxy-2-acetamido-beta-D-galactose-4-sulfate,
DB01873,Epothilone D,TUBB
DB01873,Epothilone D,TUBB1
DB01873,Epothilone D,TUBB4B
DB01873,Epothilone D,TUBB4A
DB01873,Epothilone D,TUBA4A
DB01873,Epothilone D,TUBB3
DB01873,Epothilone D,TUBA1C
DB01873,Epothilone D,TUBA8
DB01873,Epothilone D,TUBA1B
DB01873,Epothilone D,TUBA1A
DB01873,Epothilone D,TUBA3C
DB01875,8-azaxanthine,uao
DB01876,Bis(5-Amidino-2-Benzimidazolyl)Methanone,PRSS1
DB01877,"N-Hydroxy 1n(4-Methoxyphenyl)Sulfonyl-4-(Z,E-N-Methoxyimino)Pyrrolidine-2r-Carboxamide",MMP3
DB01878,Benzophenone,ESR1
DB01878,Benzophenone,ESR2
DB01879,(S)-2-{Methyl-[2-(Naphthalene-2-Sulfonylamino)-5-(Naphthalene-2-Sulfonyloxy)-Benzoyl]-Amino}-Succinicacid,murA
DB01880,"3,4-Dihydroxycinnamic Acid",MIF
DB01880,"3,4-Dihydroxycinnamic Acid",ALOX5
DB01880,"3,4-Dihydroxycinnamic Acid",hutH
DB01880,"3,4-Dihydroxycinnamic Acid",pyp
DB01881,"2-Methylpentane-1,2,4-Triol",xylA
DB01882,"(2s)-2-Amino-4-(Methylsulfanyl)-1-Pyridin-2-Ylbutane-1,1-Diol",map
DB01882,"(2s)-2-Amino-4-(Methylsulfanyl)-1-Pyridin-2-Ylbutane-1,1-Diol",map
DB01883,N-(Sulfanylacetyl)Tyrosylprolylmethioninamide,lef
DB01884,2-Amino-3-Methyl-1-Pyrrolidin-1-Yl-Butan-1-One,DPP4
DB01885,D-Galctopyranosyl-1-On,lacZ
DB01887,"N,N-[2,5-O-Dibenzyl-glucaryl]-DI-[1-amino-indan-2-OL]",gag-pol
DB01887,"N,N-[2,5-O-Dibenzyl-glucaryl]-DI-[1-amino-indan-2-OL]",gag-pol
DB01888,"4-[5-(Trans-4-Aminocyclohexylamino)-3-Isopropylpyrazolo[1,5-a]Pyrimidin-7-Ylamino]-N,N-Dimethylbenzenesulfonamide",CDK2
DB01889,"16,17-Androstene-3-Ol",NR1I3
DB01890,"N,N-Bis(3-(D-gluconamido)propyl)deoxycholamide",PPARA
DB01890,"N,N-Bis(3-(D-gluconamido)propyl)deoxycholamide",IGF1
DB01891,Tl-3-093,pol
DB01891,Tl-3-093,gag-pol
DB01892,Hyperforin,ALOX5
DB01892,Hyperforin,PTGS1
DB01892,Hyperforin,PYGM
DB01892,Hyperforin,NR1I2
DB01893,N6-Benzyl Adenosine-5'-Diphosphate,SRC
DB01895,Aspartyl-Adenosine-5'-Monophosphate,aspS
DB01896,M-Aminophenylboronic Acid,blaZ
DB01896,M-Aminophenylboronic Acid,ampC
DB01897,2-(2f-Benzothiazolyl)-5-Styryl-3-(4f-Phthalhydrazidyl)Tetrazolium Chloride,HPGDS
DB01899,Nd1-Phosphonohistidine,ptsH
DB01901,Sucrosofate,FGF1
DB01901,Sucrosofate,FGFR2
DB01902,"1-Ethyl-Pyrrolidine-2,5-Dione",NSF
DB01902,"1-Ethyl-Pyrrolidine-2,5-Dione",ERO1B
DB01903,5-Bromo-2'-deoxyuridine 5'-(dihydrogen phosphate),thyX
DB01905,2-(2-Hydroxy-5-Methoxy-Phenyl)-1h-Benzoimidazole-5-Carboxamidine,PRSS1
DB01905,2-(2-Hydroxy-5-Methoxy-Phenyl)-1h-Benzoimidazole-5-Carboxamidine,PLAU
DB01906,"3-(5-amino-7-hydroxy-(1,2,3)triazolo(4,5-d)pyrimidin-2-yl)benzoic acid",folB
DB01908,RU85493,SRC
DB01909,Alpha-Cyclodextrin (Cyclohexa-Amylose),
DB01910,Sinefungin,rsrIM
DB01910,Sinefungin,rdmB
DB01910,Sinefungin,ermC'
DB01910,Sinefungin,taqIM
DB01911,N-Methylmesoporphyrin,FECH
DB01911,N-Methylmesoporphyrin,cpfC
DB01912,"2,2':6',2''-Terpyridine Platinum(Ii)",lytA
DB01912,"2,2':6',2''-Terpyridine Platinum(Ii)",tnp
DB01915,S-Hydroxycysteine,C3
DB01915,S-Hydroxycysteine,SRC
DB01915,S-Hydroxycysteine,CDC25B
DB01915,S-Hydroxycysteine,PTPN1
DB01915,S-Hydroxycysteine,azu
DB01915,S-Hydroxycysteine,GSTP1
DB01915,S-Hydroxycysteine,ACAT2
DB01915,S-Hydroxycysteine,GSTA1
DB01915,S-Hydroxycysteine,PMP2
DB01915,S-Hydroxycysteine,phaA
DB01915,S-Hydroxycysteine,apr
DB01917,Putrescine,ODC1
DB01917,Putrescine,AMD1
DB01917,Putrescine,ADRB1
DB01917,Putrescine,ADRB2
DB01917,Putrescine,potF
DB01918,[Methyltelluro]Acetate,soxA
DB01920,1-O-[O-Nitrophenyl]-Beta-D-Galactopyranose,lacZ
DB01921,Xylose-derived lactam oxime,cex
DB01922,"Maltosyl-Alpha (1,4)-D-Gluconhydroximo-1,5-Lactam",AMY2A
DB01923,L-Xylulose 5-Phosphate,ulaD
DB01925,"2'-Chloro-Biphenyl-2,3-Diol",bphC
DB01926,Carboxymycobactin S,LCN2
DB01927,Duroquinone,NQO1
DB01929,"5-Chloryl-2,4,6-quinazolinetriamine",PDF
DB01929,"5-Chloryl-2,4,6-quinazolinetriamine",DHFR2
DB01929,"5-Chloryl-2,4,6-quinazolinetriamine",DFR1
DB01930,"2,4-Dihydroxy-3,3-Dimethyl-Butyrate",panC
DB01931,"5,7-Dichlorokynurenic acid",GRIN1
DB01932,5-Methylpyrrole,E
DB01933,7-Hydroxystaurosporine,CHEK1
DB01933,7-Hydroxystaurosporine,PDPK1
DB01934,Arylomycin A2,lepB
DB01935,3-{[(1r)-1-Benzyl-2-Sulfanylethyl]Amino}-3-Oxopropanoic Acid,npr
DB01935,3-{[(1r)-1-Benzyl-2-Sulfanylethyl]Amino}-3-Oxopropanoic Acid,nprS
DB01936,alpha-D-arabinofuranose,rbsK
DB01937,Guanosine-2'-monophosphate,rnaSA
DB01938,L-Histidine Beta Naphthylamide,hutP
DB01939,5-Amidino-Benzimidazole,PRSS1
DB01940,Balanol Analog 2,PRKACA
DB01941,LG-100268,RARA
DB01941,LG-100268,RXRB
DB01942,Formic acid,NOS1
DB01942,Formic acid,HMOX1
DB01942,Formic acid,FGF1
DB01942,Formic acid,HPGDS
DB01942,Formic acid,def
DB01942,Formic acid,ALAD
DB01942,Formic acid,CA2
DB01942,Formic acid,LACZ
DB01942,Formic acid,otnI
DB01942,Formic acid,hemB
DB01942,Formic acid,RNASE1
DB01942,Formic acid,aroA
DB01942,Formic acid,subC
DB01942,Formic acid,def
DB01942,Formic acid,pabB
DB01942,Formic acid,pyrD
DB01942,Formic acid,dhlB
DB01942,Formic acid,bla
DB01942,Formic acid,katA
DB01942,Formic acid,ffh
DB01942,Formic acid,
DB01942,Formic acid,mgsA
DB01942,Formic acid,CTBP1
DB01942,Formic acid,pgl
DB01942,Formic acid,citE
DB01942,Formic acid,CASK
DB01942,Formic acid,gmk
DB01942,Formic acid,buk2
DB01942,Formic acid,GGACT
DB01942,Formic acid,PVALB
DB01942,Formic acid,ACYP2
DB01942,Formic acid,
DB01942,Formic acid,astA
DB01942,Formic acid,yvyI
DB01942,Formic acid,
DB01942,Formic acid,ycdX
DB01942,Formic acid,oxdC
DB01942,Formic acid,actIII
DB01942,Formic acid,GPHN
DB01942,Formic acid,
DB01942,Formic acid,CYTH2
DB01942,Formic acid,gcdA
DB01942,Formic acid,
DB01942,Formic acid,katA
DB01942,Formic acid,
DB01942,Formic acid,GST
DB01942,Formic acid,HGPRTase
DB01942,Formic acid,glsA1
DB01942,Formic acid,glsA1
DB01942,Formic acid,moaE
DB01942,Formic acid,
DB01942,Formic acid,fbpA
DB01942,Formic acid,gyrB
DB01942,Formic acid,phzD1
DB01944,(S)-blebbistatin,MYH14
DB01946,Bisindolylmaleimide VIII,DMPK
DB01946,Bisindolylmaleimide VIII,PDPK1
DB01947,RU78262,SRC
DB01948,"1-(2,6-Dichlorophenyl)-5-(2,4-Difluorophenyl)-7-Piperidin-4-Yl-3,4-Dihydroquinolin-2(1h)-One",MAPK14
DB01949,"2-Amino-N,3,3-Trimethylbutanamide",MMP9
DB01950,AR-AO-14418,GSK3B
DB01950,AR-AO-14418,GSK3A
DB01951,Gpi-1046,FKBP1A
DB01952,"1,N6-Ethenoadenine",
DB01953,Inhibitor of P38 Kinase,MAPK14
DB01954,Rolipram,PDE4A
DB01954,Rolipram,PDE4B
DB01954,Rolipram,PDE4D
DB01954,Rolipram,PDE4A
DB01954,Rolipram,PDE5A
DB01955,"1,4-Butanediol",PLA2G2A
DB01955,"1,4-Butanediol",MAN1B1
DB01955,"1,4-Butanediol",PLA2G2E
DB01955,"1,4-Butanediol",rsuA
DB01955,"1,4-Butanediol",mepA
DB01956,Taurine,GRIN2B
DB01956,Taurine,GABRA1
DB01956,Taurine,GABBR1
DB01956,Taurine,GLRA1
DB01956,Taurine,GLRB
DB01956,Taurine,GLRA3
DB01956,Taurine,GLRA2
DB01956,Taurine,tauD
DB01956,Taurine,cbh
DB01957,3-Chlorophenol,E
DB01958,"5-[4-Tert-Butylphenylsulfanyl]-2,4-Quinazolinediamine",DHFR2
DB01958,"5-[4-Tert-Butylphenylsulfanyl]-2,4-Quinazolinediamine",DFR1
DB01959,"3,5-Dimethyl-1-(3-Nitrophenyl)-1h-Pyrazole-4-Carboxylic Acid Ethyl Ester",PDE4D
DB01959,"3,5-Dimethyl-1-(3-Nitrophenyl)-1h-Pyrazole-4-Carboxylic Acid Ethyl Ester",PDE4B
DB01960,"7-methyl-7,8-dihydroguanosine-5'-diphosphate",DCPS
DB01960,"7-methyl-7,8-dihydroguanosine-5'-diphosphate",OPG102
DB01960,"7-methyl-7,8-dihydroguanosine-5'-diphosphate",EIF4E
DB01961,Cytidine 3'-monophosphate,RNASE1
DB01962,Phosphonotyrosine,KIT
DB01962,Phosphonotyrosine,SRC
DB01962,Phosphonotyrosine,HCK
DB01963,Phenylethane Boronic Acid,CA1
DB01963,Phenylethane Boronic Acid,CA2
DB01963,Phenylethane Boronic Acid,CTRB1
DB01964,AL5424,CA2
DB01965,"2'-Deoxyuridine 5'-alpha,beta-imido-triphosphate",dut
DB01965,"2'-Deoxyuridine 5'-alpha,beta-imido-triphosphate",dut
DB01966,Di-Stearoyl-3-Sn-Phosphatidylethanolamine,PSAP
DB01967,"N-{3-[(7ar,12as,12bs)-7-Oxo-1,3,4,6,7,7a,12a,12b-Octahydroindolo[2,3-a]Quinolizin-12(2h)-Yl]Propyl}Propane-2-Sulfonamide",zipA
DB01967,"N-{3-[(7ar,12as,12bs)-7-Oxo-1,3,4,6,7,7a,12a,12b-Octahydroindolo[2,3-a]Quinolizin-12(2h)-Yl]Propyl}Propane-2-Sulfonamide",zipA
DB01968,2-Thioethenamine,mrsA
DB01969,Trifluoroacetonyl coenzyme A,CS
DB01970,"Hg9a-9, Nonanoyl-N-Hydroxyethylglucamide",PDE3B
DB01971,trans-urocanic acid,hutU
DB01972,Guanosine-5'-Monophosphate,DLG4
DB01972,Guanosine-5'-Monophosphate,LACZ
DB01972,Guanosine-5'-Monophosphate,UL54
DB01972,Guanosine-5'-Monophosphate,PDE5A
DB01972,Guanosine-5'-Monophosphate,
DB01972,Guanosine-5'-Monophosphate,GUK1
DB01972,Guanosine-5'-Monophosphate,pleD
DB01972,Guanosine-5'-Monophosphate,43
DB01972,Guanosine-5'-Monophosphate,GMPR
DB01972,Guanosine-5'-Monophosphate,HINT1
DB01972,Guanosine-5'-Monophosphate,ATIC
DB01972,Guanosine-5'-Monophosphate,purF
DB01972,Guanosine-5'-Monophosphate,TGM3
DB01972,Guanosine-5'-Monophosphate,pyrR
DB01972,Guanosine-5'-Monophosphate,gpt
DB01972,Guanosine-5'-Monophosphate,purF
DB01972,Guanosine-5'-Monophosphate,cobU
DB01973,O-Benzylsulfonyl-Serine,UL80
DB01973,O-Benzylsulfonyl-Serine,
DB01973,O-Benzylsulfonyl-Serine,PRSS2
DB01973,O-Benzylsulfonyl-Serine,clcD
DB01973,O-Benzylsulfonyl-Serine,
DB01975,AMPCPR,nudF
DB01975,AMPCPR,
DB01977,6-(N-Phenylcarbamyl)-2-Naphthalenecarboxamidine,PLAU
DB01978,"7,9-Dimethylguanine",OPG102
DB01979,Methyl alpha-D-mannoside,MBL2
DB01980,Para-Iodo-D-Phenylalanine Hydroxamic Acid,
DB01981,"3,6-Anhydro-2-(hydrogen sulfate)-alpha-D-galactopyranose",cgiA
DB01983,2(S)-Amino-6-Boronohexanoic Acid,ARG1
DB01985,N-acetyl-L-arginine,cs1
DB01986,3-Fluoro-2-Methyl-Aniline,E
DB01987,Cocarboxylase,budB
DB01987,Cocarboxylase,aceE
DB01987,Cocarboxylase,por
DB01987,Cocarboxylase,ipdC
DB01987,Cocarboxylase,ceaS
DB01987,Cocarboxylase,tktA
DB01988,6((S)-3-Benzylpiperazin-1-Yl)-3-(Naphthalen-2-Yl)-4-(Pyridin-4-Yl)Pyrazine,MAPK14
DB01989,Methyl N-{[(1R)-1-({1-[(benzyloxy)carbonyl]-L-prolyl-6-ammonio-L-norleucyl}amino)-2-phenylethyl](hydroxy)phosphoryl}-L-alanyl-L-prolinate,TLL2
DB01990,Cholesterol sulfate,RORA
DB01991,TU-514,lpxC
DB01992,Coenzyme A,CRAT
DB01992,Coenzyme A,HMGCR
DB01992,Coenzyme A,lacA
DB01992,Coenzyme A,fadR
DB01992,Coenzyme A,KAT5
DB01992,Coenzyme A,dapD
DB01992,Coenzyme A,ACAT2
DB01992,Coenzyme A,phaA
DB01992,Coenzyme A,vatD
DB01992,Coenzyme A,CS
DB01992,Coenzyme A,fabH
DB01992,Coenzyme A,frc
DB01992,Coenzyme A,
DB01992,Coenzyme A,coaA
DB01992,Coenzyme A,acs
DB01992,Coenzyme A,DBI
DB01992,Coenzyme A,frc
DB01992,Coenzyme A,caiB
DB01992,Coenzyme A,pflB
DB01992,Coenzyme A,glcB
DB01992,Coenzyme A,mvaA
DB01992,Coenzyme A,coaD
DB01992,Coenzyme A,acpS
DB01992,Coenzyme A,paiA
DB01992,Coenzyme A,aacC1
DB01992,Coenzyme A,glmU
DB01992,Coenzyme A,rimL
DB01992,Coenzyme A,yvbK
DB01992,Coenzyme A,
DB01992,Coenzyme A,
DB01992,Coenzyme A,
DB01992,Coenzyme A,fabH
DB01992,Coenzyme A,mshD
DB01992,Coenzyme A,KAT2A
DB01992,Coenzyme A,
DB01992,Coenzyme A,KAT2B
DB01992,Coenzyme A,menB
DB01992,Coenzyme A,cit
DB01992,Coenzyme A,aac
DB01992,Coenzyme A,aac(6')-Ii
DB01992,Coenzyme A,sfp
DB01992,Coenzyme A,
DB01992,Coenzyme A,cysE
DB01992,Coenzyme A,gltA
DB01992,Coenzyme A,fcbC
DB01993,N-(5'-Phosphopyridoxyl)-D-Alanine,alr
DB01996,3-Methylpyridine,MMP13
DB01996,3-Methylpyridine,MMP3
DB01997,3-Bromo-7-Nitroindazole,NOS3
DB01997,3-Bromo-7-Nitroindazole,NOS1
DB01997,3-Bromo-7-Nitroindazole,NOS2
DB01998,"2-[3,4-Dihydroxy-2-Hydroxymethyl-5-(2-Hydroxy-Nonyl)-Tetrahydro-Furan-2-Yloxy]-6-Hydroxymethyl-Tetra Hydro-Pyran-3,4,5-Triol",SERPINA1
DB02001,"5-(4-Morpholin-4-Yl-Phenylsulfanyl)-2,4-Quinazolinediamine",DHFR2
DB02001,"5-(4-Morpholin-4-Yl-Phenylsulfanyl)-2,4-Quinazolinediamine",DFR1
DB02004,"5-(Aminomethyl)-6-(2,4-Dichlorophenyl)-2-(3,5-Dimethoxyphenyl)Pyrimidin-4-Amine",DPP4
DB02005,2-Oxo-3-Pentenoic Acid,xylH
DB02007,alpha-D-glucose 6-phosphate,PYGM
DB02007,alpha-D-glucose 6-phosphate,glmS
DB02007,alpha-D-glucose 6-phosphate,AKR1B1
DB02007,alpha-D-glucose 6-phosphate,HK1
DB02007,alpha-D-glucose 6-phosphate,algC
DB02007,alpha-D-glucose 6-phosphate,glvA
DB02007,alpha-D-glucose 6-phosphate,otsA
DB02007,alpha-D-glucose 6-phosphate,bglT
DB02007,alpha-D-glucose 6-phosphate,GPI
DB02008,1-(2-Fluorobenzyl)-3-Butyl-8-(N-Acetyl-4-Aminobenzyl)-Xanthine,PCK1
DB02009,L-756423,gag-pol
DB02010,Staurosporine,IKBKB
DB02010,Staurosporine,CHRM1
DB02010,Staurosporine,LCK
DB02010,Staurosporine,PIM1
DB02010,Staurosporine,ITK
DB02010,Staurosporine,SYK
DB02010,Staurosporine,MAPKAPK2
DB02010,Staurosporine,GSK3B
DB02010,Staurosporine,CSK
DB02010,Staurosporine,CDK2
DB02010,Staurosporine,PIK3CG
DB02010,Staurosporine,PDPK1
DB02010,Staurosporine,PRKCQ
DB02010,Staurosporine,ZAP70
DB02010,Staurosporine,PRKCA
DB02011,N-(Phosphonoacetyl)-L-Ornithine,OTC
DB02014,"5-(2-Fluoro-5-{(1E)-3-[3-hydroxy-2-(methoxycarbonyl)phenoxy]-1-propen-1-yl}phenyl)-1,2-oxazole-3-carboxylic acid",PTPN1
DB02015,Dihydrofolic Acid,PDF
DB02015,Dihydrofolic Acid,folA
DB02015,Dihydrofolic Acid,ptr2
DB02016,R048-8071,LSS
DB02017,Imidazole-Derived Cellobiose,cel5A
DB02018,Amido Phenyl Pyruvic Acid,TPSB2
DB02019,Acetyl Dithranol,actVA 6
DB02020,Alrestatin,AKR1B1
DB02021,Fidarestat,AKR1B1
DB02021,Fidarestat,AKR1B10
DB02022,4-Amino-5-Hydroxymethyl-2-Methylpyrimidine,tenA
DB02022,4-Amino-5-Hydroxymethyl-2-Methylpyrimidine,thiD
DB02023,8-oxo-dGMP,mutT
DB02024,3-phenylpropionic acid,aspC
DB02024,3-phenylpropionic acid,tyrB
DB02024,3-phenylpropionic acid,
DB02026,"Furo[2,3d]Pyrimidine Antifolate",PDF
DB02026,"Furo[2,3d]Pyrimidine Antifolate",
DB02027,N-{(4S)-4-Amino-5-[(2-aminoethyl)amino]pentyl}-N'-nitroguanidine,NOS3
DB02027,N-{(4S)-4-Amino-5-[(2-aminoethyl)amino]pentyl}-N'-nitroguanidine,NOS1
DB02028,"(1R,2R,3S,4R,6S)-3,4,6-Trihydroxy-5-{[(S)-hydroxy(3-hydroxy-2-oxopropoxy)phosphoryl]oxy}-1,2-cyclohexanediyl bis[dihydrogen (phosphate)]",TUB
DB02029,N-Cyclohexyl-N'-(4-Iodophenyl)Urea,EPHX2
DB02030,Alpha-Ribazole-5'-Phosphate,cobT
DB02031,"(6S)-5,6,7,8-tetrahydrofolic acid",nos
DB02031,"(6S)-5,6,7,8-tetrahydrofolic acid",TMP1
DB02031,"(6S)-5,6,7,8-tetrahydrofolic acid",thyA
DB02032,Epicaptopril,
DB02032,Epicaptopril,cphA
DB02032,Epicaptopril,
DB02032,Epicaptopril,ACE
DB02032,Epicaptopril,blaFEZ-1
DB02032,Epicaptopril,blaB1
DB02033,"N-(3-Cyclopropyl(5,6,7,8,9,10-Hexahydro-2-Oxo-2h-Cycloocta[B]Pyran-3-Yl)Methyl)Phenylbenzensulfonamide",gag-pol
DB02034,Tridolgosir,MAN2A1
DB02035,Hexadecanesulfonyl fluoride,PPT1
DB02036,"2-(3,4-Dihydro-3-Oxo-2h-Benzo[B][1,4]Thiazin-2-Yl)-N-Hydroxyacetamide",def
DB02038,"D-[3-hydroxy-2-methyl-5-phosphonooxymethyl-pyridin-4-ylmethyl]-N,O-cycloserylamide",dgdA
DB02038,"D-[3-hydroxy-2-methyl-5-phosphonooxymethyl-pyridin-4-ylmethyl]-N,O-cycloserylamide",alr
DB02038,"D-[3-hydroxy-2-methyl-5-phosphonooxymethyl-pyridin-4-ylmethyl]-N,O-cycloserylamide",arnB
DB02038,"D-[3-hydroxy-2-methyl-5-phosphonooxymethyl-pyridin-4-ylmethyl]-N,O-cycloserylamide",pabC
DB02039,S-Acetyl-Cysteine,KAT5
DB02039,S-Acetyl-Cysteine,phaA
DB02039,S-Acetyl-Cysteine,fabH
DB02041,Isoluminol,tgt
DB02042,2-(2-{2-[2-(2-Methoxy-Ethoxy)-Ethoxy]-Ethoxy}-Ethoxy)-Ethanol,actVA 6
DB02042,2-(2-{2-[2-(2-Methoxy-Ethoxy)-Ethoxy]-Ethoxy}-Ethoxy)-Ethanol,ndoA
DB02043,"1,2-Dipalmitoyl-Phosphatidyl-Glycerole",ntpK
DB02044,N-[3-(aminomethyl)benzyl]acetamidine,NOS2
DB02044,N-[3-(aminomethyl)benzyl]acetamidine,NOS3
DB02044,N-[3-(aminomethyl)benzyl]acetamidine,NOS1
DB02045,Amylamine,PRSS1
DB02046,N-[(Furan-2-Yl)Carbonyl]-(S)-Leucyl-(R)-[1-Amino-2(1h-Indol-3-Yl)Ethyl]-Phosphonic Acid,ADAM28
DB02047,(+)-2-(4-biphenyl)propionic acid,PTGS1
DB02048,"1,2,4-Triazole-Carboxamidine",NOS3
DB02049,2-{4-[4-(4-Chloro-Phenoxy)-Benzenesulfonyl]-Tetrahydro-Pyran-4-Yl}-N-Hydroxy-Acetamide,MMP13
DB02051,4-Nitrophenyl (3S)-3-({N-[(benzyloxy)carbonyl]-L-phenylalanyl}amino)-5-phenyl-1-pentanesulfonate,
DB02052,Indirubin-3'-monoxime,CDK5R1
DB02052,Indirubin-3'-monoxime,AURKA
DB02052,Indirubin-3'-monoxime,AURKC
DB02052,Indirubin-3'-monoxime,AURKB
DB02052,Indirubin-3'-monoxime,CDK2
DB02052,Indirubin-3'-monoxime,AHR
DB02052,Indirubin-3'-monoxime,GSK3B
DB02052,Indirubin-3'-monoxime,CDK5
DB02052,Indirubin-3'-monoxime,CDK1
DB02053,Ribose-5-phosphate,rpiA
DB02053,Ribose-5-phosphate,kdsA
DB02053,Ribose-5-phosphate,ndx4
DB02054,Gabaculine,OAT
DB02054,Gabaculine,hemL
DB02056,Prostaglandin D2,PTGDR2
DB02056,Prostaglandin D2,PTGER2
DB02056,Prostaglandin D2,PTGER3
DB02056,Prostaglandin D2,PTGER1
DB02056,Prostaglandin D2,PTGFR
DB02056,Prostaglandin D2,PTGER4
DB02056,Prostaglandin D2,PTGDR
DB02056,Prostaglandin D2,AKR1C3
DB02057,(S)-AMPA,GRIA1
DB02057,(S)-AMPA,GRIA2
DB02058,3-[4-(1-formylpiperazin-4-yl)-benzylidenyl]-2-indolinone,FGFR1
DB02058,3-[4-(1-formylpiperazin-4-yl)-benzylidenyl]-2-indolinone,FGFR2
DB02059,Adenosine-5-Diphosphoribose,SIRT5
DB02059,Adenosine-5-Diphosphoribose,pobA
DB02059,Adenosine-5-Diphosphoribose,nudF
DB02059,Adenosine-5-Diphosphoribose,rfbG
DB02059,Adenosine-5-Diphosphoribose,EEF2
DB02059,Adenosine-5-Diphosphoribose,GAPDH
DB02059,Adenosine-5-Diphosphoribose,fucO
DB02059,Adenosine-5-Diphosphoribose,
DB02059,Adenosine-5-Diphosphoribose,nudE
DB02059,Adenosine-5-Diphosphoribose,ndx4
DB02059,Adenosine-5-Diphosphoribose,SIRT3
DB02060,Cyclohexanone,onr
DB02061,Cellobiose,celCCG
DB02061,Cellobiose,cel5A
DB02061,Cellobiose,
DB02062,"N-[3-[(1-Aminoethyl)(Hydroxy)Phosphoryl]-2-(1,1'-Biphenyl-4-Ylmethyl)Propanoyl]Alanine",LTA4H
DB02062,"N-[3-[(1-Aminoethyl)(Hydroxy)Phosphoryl]-2-(1,1'-Biphenyl-4-Ylmethyl)Propanoyl]Alanine",MME
DB02063,CRA_16847,PRSS1
DB02065,4-Deoxylactose,lgtC
DB02066,N7-Methyl-Formycin A,deoD
DB02067,Triglu-5-formyl-tetrahydrofolate,SHMT1
DB02068,Delta-Amino Valeric Acid,ALAD
DB02068,Delta-Amino Valeric Acid,GATM
DB02069,N-(2-Flouro-Benzyl)-4-Sulfamoyl-Benzamide,CA2
DB02071,WAY-151693,MMP13
DB02072,"2-(Oxalyl-Amino)-4,7-Dihydro-5h-Thieno[2,3-C]Thiopyran-3-Carboxylic Acid",PTPN1
DB02073,Biliverdine IX Alpha,HMOX1
DB02073,Biliverdine IX Alpha,MB
DB02073,Biliverdine IX Alpha,BLVRB
DB02075,"[(2R,3R,4S,5S)-3,4-Dihydroxy-5-(4-oxo-4,5-dihydro-1H-pyrrolo[3,2-d]pyrimidin-7-yl)-2-pyrrolidinyl]methyl dihydrogen phosphate",LACZ
DB02076,6-phospho-D-gluconic acid,PGD
DB02076,6-phospho-D-gluconic acid,GPI
DB02076,6-phospho-D-gluconic acid,gntK
DB02077,L-N(omega)-nitroarginine-(4R)-amino-L-proline amide,NOS3
DB02077,L-N(omega)-nitroarginine-(4R)-amino-L-proline amide,NOS1
DB02078,Triglyme,FYN
DB02078,Triglyme,PFN2
DB02078,Triglyme,lolB
DB02078,Triglyme,
DB02078,Triglyme,cysE
DB02078,Triglyme,PPIF
DB02078,Triglyme,
DB02078,Triglyme,
DB02078,Triglyme,tkt2
DB02078,Triglyme,lolB
DB02079,Aminooxyacetic acid,CBS
DB02079,Aminooxyacetic acid,AGXT
DB02080,"1-{2-[2-(2-Methoxyethoxy)Ethoxy]Ethoxy}-4-(1,1,3,3-Tetramethylbutyl)Benzene",PLA2G2A
DB02080,"1-{2-[2-(2-Methoxyethoxy)Ethoxy]Ethoxy}-4-(1,1,3,3-Tetramethylbutyl)Benzene",lepB
DB02081,Bis-Benzamidine,PRSS1
DB02082,Phosphoaminophosphonic acid guanylate ester,RAB8B
DB02083,"N,N-dimethylglycine",soxA
DB02084,CRA_17312,PRSS1
DB02085,1-Aminocyclopropanecarboxylic Acid,acdS
DB02086,"(3,4-Dihydroxy-Phenyl)-Triphenyl-Arsonium",gag-pol
DB02087,"3,5-Difluorobenzenesulfonamide",CA2
DB02088,Norleucine Phosphonate,map
DB02089,CP-526423,PYGL
DB02090,A Disubstituted Succinyl Caprolactam Hydroxymate Mmp3inhibitor,MMP3
DB02091,"4-(2,4-Dimethyl-Thiazol-5-Yl)-Pyrimidin-2-Ylamine",CDK2
DB02091,"4-(2,4-Dimethyl-Thiazol-5-Yl)-Pyrimidin-2-Ylamine",CCNA2
DB02092,Cholesteryl Linoleate,LIP3
DB02093,5-phospho-D-arabinohydroxamic acid,GPI
DB02094,N-2-Thiophen-2-Yl-Acetamide Boronic Acid,blaZ
DB02094,N-2-Thiophen-2-Yl-Acetamide Boronic Acid,ampC
DB02095,Isatin,MAOB
DB02096,FR221647,ADA
DB02097,Cytidine,UCK2
DB02098,Adenosine-2'-5'-Diphosphate,RNASE3
DB02098,Adenosine-2'-5'-Diphosphate,RNASE1
DB02098,Adenosine-2'-5'-Diphosphate,RNASE2
DB02101,"(S,R)-fidarestat",AKR1B1
DB02102,Mozenavir,gag-pol
DB02102,Mozenavir,gag-pol
DB02103,2-Chlorodideoxyadenosine,HSP90B1
DB02104,"2,4-Diamino-5-Methyl-6-[(3,4,5-Trimethoxy-N-Methylanilino)Methyl]Pyrido[2,3-D]Pyrimidine",DHFR
DB02105,"3,5-Dinitrocatechol",COMT
DB02106,"[3,5-Dibromo-4-(4-Hydroxy-3-Phenethylcarbamoyl-Phenoxy)-Phenyl]-Acetic Acid",THRB
DB02107,Leucine - Reduced Carbonyl,SPINK6
DB02108,2-Aminoethanimidic Acid,CTSB
DB02109,Hadacidin,Adss
DB02109,Hadacidin,IMPDH1
DB02109,Hadacidin,purA
DB02109,Hadacidin,ADSS1
DB02110,Protoporphyrin Ix Containing Co,PTGS1
DB02110,Protoporphyrin Ix Containing Co,CYCS
DB02111,3-hydroxyisoxazole-4-carboxylic acid,
DB02112,Zk-806450,PRSS1
DB02113,6-Methylpurine,deoD
DB02114,Cumidine,CELA1
DB02115,Daidzin,ALDH2
DB02116,Olomoucine,CDK1
DB02116,Olomoucine,CDK2
DB02116,Olomoucine,CDK5
DB02116,Olomoucine,MAPK1
DB02118,CP-271485,MMP12
DB02119,"6-Hydroxymethyl-7,8-Dihydropterin",folK
DB02119,"6-Hydroxymethyl-7,8-Dihydropterin",folB
DB02120,"6-Amino-4-Hydroxymethyl-Cyclohex-4-Ene-1,2,3-Triol",cgt
DB02120,"6-Amino-4-Hydroxymethyl-Cyclohex-4-Ene-1,2,3-Triol",
DB02120,"6-Amino-4-Hydroxymethyl-Cyclohex-4-Ene-1,2,3-Triol",
DB02120,"6-Amino-4-Hydroxymethyl-Cyclohex-4-Ene-1,2,3-Triol",amyE
DB02120,"6-Amino-4-Hydroxymethyl-Cyclohex-4-Ene-1,2,3-Triol",tvaI
DB02121,Butyramide,amiC
DB02122,4-iodo-acetamido phenylboronic acid,blaZ
DB02122,4-iodo-acetamido phenylboronic acid,ampC
DB02122,4-iodo-acetamido phenylboronic acid,OXA-10
DB02123,Glycochenodeoxycholic Acid,hdhA
DB02124,"(2s,3s)-Trans-2,3-Dihydro-3-Hydroxyanthranilic Acid",phzF
DB02125,Adamantanone,camC
DB02126,4-Carboxycinnamic Acid,HBA1
DB02126,4-Carboxycinnamic Acid,HBB
DB02127,Diisopropyl methylphosphonate,opd
DB02127,Diisopropyl methylphosphonate,opd
DB02128,[1-(3-hydroxy-2-oxo-1-phenethyl-propylcarbamoyl)2-phenyl-ethyl]-carbamic acid pyridin-4-ylmethyl ester,
DB02129,Dihydroorotic Acid,pyrC
DB02130,Vanillic acid,ubiC
DB02131,N-1-methylheptylformamide,ADH1C
DB02132,Zenarestat,AKR1B1
DB02133,Chlorophyll A,blm
DB02134,Xanthine,ADORA2B
DB02134,Xanthine,xapA
DB02134,Xanthine,gpt
DB02135,"1-deoxy-1-{2,6,8-trioxo-7-[4-(phosphonooxy)butyl]-1,2,3,6,7,8-hexahydro-9H-purin-9-yl}-D-arabinitol",ribH
DB02136,Cephalosporin analog,
DB02137,Molybdenum cofactor,mop
DB02138,Diethyl 4-Methylbenzylphosphonate,opd
DB02138,Diethyl 4-Methylbenzylphosphonate,opd
DB02139,(2e)-N-Allyl-4-{[3-(4-Bromophenyl)-5-Fluoro-1-Methyl-1h-Indazol-6-Yl]Oxy}-N-Methyl-2-Buten-1-Amine,shc
DB02140,N1-(1-Dimethylcarbamoyl-2-Phenyl-Ethyl)-2-Oxo-N4-(2-Pyridin-2-Yl-Ethyl)-Succinamide,CTSH
DB02141,"S,S'-(1,4-Phenylene-Bis(1,2-Ethanediyl))Bis-Isothiourea",NOS3
DB02142,Pyridoxamine-5'-Phosphate,alr
DB02142,Pyridoxamine-5'-Phosphate,hemL
DB02142,Pyridoxamine-5'-Phosphate,hisC
DB02142,Pyridoxamine-5'-Phosphate,dat
DB02142,Pyridoxamine-5'-Phosphate,aspC
DB02142,Pyridoxamine-5'-Phosphate,gabT
DB02142,Pyridoxamine-5'-Phosphate,KYAT1
DB02142,Pyridoxamine-5'-Phosphate,hisC
DB02142,Pyridoxamine-5'-Phosphate,BCAT2
DB02142,Pyridoxamine-5'-Phosphate,arnB
DB02143,1-hydroxy-2-isopropylguanidine,NOS1
DB02144,"1,2-diacyl-sn-glycero-3-phosphoinositol",PITPNA
DB02145,Butyl alcohol,linB
DB02147,Cyclo-Tetrametavanadate,C3
DB02148,3-Amino-4-Oxybenzyl-2-Butanone,CTSB
DB02151,Methionine Phosphonate,metG
DB02151,Methionine Phosphonate,map
DB02152,K-252a,MAP2K1
DB02152,K-252a,MET
DB02153,3-sulfino-L-alanine,GSR
DB02153,3-sulfino-L-alanine,def
DB02153,3-sulfino-L-alanine,pdxY
DB02153,3-sulfino-L-alanine,blm
DB02153,3-sulfino-L-alanine,PAPOLA
DB02153,3-sulfino-L-alanine,aroH
DB02153,3-sulfino-L-alanine,luxS
DB02153,3-sulfino-L-alanine,clcD
DB02153,3-sulfino-L-alanine,dmsA
DB02153,3-sulfino-L-alanine,PRDX2
DB02153,3-sulfino-L-alanine,def
DB02153,3-sulfino-L-alanine,
DB02153,3-sulfino-L-alanine,mvaS
DB02153,3-sulfino-L-alanine,tthHB8IM
DB02154,"2,3-Bis-Benzo[1,3]Dioxol-5-Ylmethyl-Succinic Acid",blaIMP-1
DB02154,"2,3-Bis-Benzo[1,3]Dioxol-5-Ylmethyl-Succinic Acid",
DB02155,3-[(3-sec-butyl-4-hydroxybenzoyl)amino]azepan-4-yl 4-(2-hydroxy-5-methoxybenzoyl)benzoate,PRKACA
DB02158,"(2S,3S,4R,5S)-2-(4-Amino-4,5-dihydro-1H-pyrrolo[3,2-d]pyrimidin-7-yl)-5-[(methylsulfanyl)methyl]-3,4-pyrrolidinediol",MTAP
DB02158,"(2S,3S,4R,5S)-2-(4-Amino-4,5-dihydro-1H-pyrrolo[3,2-d]pyrimidin-7-yl)-5-[(methylsulfanyl)methyl]-3,4-pyrrolidinediol",mtnN
DB02159,(R)-Propylene glycol,icd
DB02159,(R)-Propylene glycol,LYZ
DB02160,S-Butyryl-Cystein,phaA
DB02161,Hydroxy-Phenyl-Acetic Acid 8-Methyl-8-Aza-Bicyclo[3.2.1]Oct-3-Yl Ester,CES1
DB02162,5'-O-(N-Ethyl-Sulfamoyl)Adenosine,HINT1
DB02163,"2,5-Xylidine",cobT
DB02164,N-sulfo-flavin mononucleotide,HAO1
DB02165,Zinc trihydroxide,GSTM1
DB02166,Propidium,ACHE
DB02168,6-bromopurine,ptd
DB02169,"9,10-Deepithio-9,10-Didehydroacanthifolicin",DUSP1
DB02169,"9,10-Deepithio-9,10-Didehydroacanthifolicin",PPP1CC
DB02170,"1,8-Di-Hydroxy-4-Nitro-Xanthen-9-One",CSNK2A1
DB02172,"2,5-Dideoxy-2,5-Imino-D-Glucitol",xylA
DB02174,D-Glutamine,murI
DB02175,Malonic acid,panD
DB02175,Malonic acid,SRC
DB02175,Malonic acid,rsbQ
DB02175,Malonic acid,cyp158a2
DB02175,Malonic acid,SNRPA
DB02175,Malonic acid,
DB02175,Malonic acid,rimL
DB02177,1-Acetyl-4-(4-{4-[(2-Ethoxyphenyl)Thio]-3-Nitrophenyl}Pyridin-2-Yl)Piperazine,ITGAL
DB02178,Phenylacetaldehyde,tynA
DB02180,Myristoyl-Coa,NMT1
DB02180,Myristoyl-Coa,NMT2
DB02181,2'-Deoxyguanosine-5'-Triphosphate,NME1
DB02181,2'-Deoxyguanosine-5'-Triphosphate,nrdD
DB02182,Hybrid Between B and C Type Hemes (Protoporphyrin Ixcontaining Fe),cybC
DB02183,Adenosine-5'-ditungstate,HINT1
DB02184,"D-1,4-dithiothreitol",ribH
DB02185,"2,4-Dihydroxy-7-(Methyloxy)-2h-1,4-Benzoxazin-3(4h)-One",LCTL
DB02186,N-acetyl-beta-D-galactosamine 6-sulfate,cslA
DB02186,N-acetyl-beta-D-galactosamine 6-sulfate,
DB02187,Equilin,HSD17B1
DB02187,Equilin,ESR1
DB02188,N-Methylmesoporphyrin containing copper,cpfC
DB02188,N-Methylmesoporphyrin containing copper,FECH
DB02189,"2',3'-Dideoxyadenosine triphosphate",gag-pol
DB02189,"2',3'-Dideoxyadenosine triphosphate",DNTT
DB02190,(S)-oxalosuccinic acid,icd
DB02191,"(7as,12ar,12bs)-1,2,3,4,7a,12,12a,12b-Octahydroindolo[2,3-a]Quinolizin-7(6h)-One",zipA
DB02191,"(7as,12ar,12bs)-1,2,3,4,7a,12,12a,12b-Octahydroindolo[2,3-a]Quinolizin-7(6h)-One",zipA
DB02192,Phenylethyl alcohol,opd
DB02195,"3-(4-Fluorophenyl)-1-Hydroxy-2-(Pyridin-4-Yl)-1h-Pyrrolo[3,2-B]Pyridine",MAPK14
DB02196,Uridine-Diphosphate-N-Acetylgalactosamine,UAP1
DB02196,Uridine-Diphosphate-N-Acetylgalactosamine,GALE
DB02196,Uridine-Diphosphate-N-Acetylgalactosamine,wecB
DB02196,Uridine-Diphosphate-N-Acetylgalactosamine,ABO
DB02196,Uridine-Diphosphate-N-Acetylgalactosamine,murG
DB02196,Uridine-Diphosphate-N-Acetylgalactosamine,EXTL2
DB02196,Uridine-Diphosphate-N-Acetylgalactosamine,wbpP
DB02197,"4-[(4-Imidazo[1,2-a]Pyridin-3-Ylpyrimidin-2-Yl)Amino]Benzenesulfonamide",CDK2
DB02198,2-Bromoacetyl Group,PTGS1
DB02200,3-[N-[benzyloxycarbonyl]-phenylalaninyl-amino]-5-phenyl-pentane-1-sulfonylmethylbenzene,
DB02201,Malonate Ion,aroH
DB02201,Malonate Ion,SDF2
DB02205,(+)-Rutamarin alcohol,GAPDHS
DB02205,(+)-Rutamarin alcohol,
DB02207,7-Nitroindazole,NOS2
DB02207,7-Nitroindazole,NOS3
DB02207,7-Nitroindazole,NOS1
DB02209,Pyridoxine phosphate,ODC1
DB02209,Pyridoxine phosphate,pdxJ
DB02210,"Hexane-1,6-Diol",PLA2G1B
DB02210,"Hexane-1,6-Diol",NR3C1
DB02210,"Hexane-1,6-Diol",HRAS
DB02210,"Hexane-1,6-Diol",E
DB02210,"Hexane-1,6-Diol",ruvB
DB02210,"Hexane-1,6-Diol",
DB02211,(R)-N-methyl-N-2-propynyl-1-indanamine,MAOB
DB02213,Metanitrophenyl-Alpha-D-Galactoside,eltB
DB02213,Metanitrophenyl-Alpha-D-Galactoside,ctxB
DB02214,"6,7-dioxo-5H-8-ribitylaminolumazine",ribH
DB02215,Furoyl-Leucine,ADAM28
DB02216,S-Methylcysteine,CTSD
DB02216,S-Methylcysteine,MGMT
DB02217,Dpb-T,NT5M
DB02218,"N-[4-hydroxymethyl-cyclohexan-6-yl-1,2,3-triol]-4,6-dideoxy-4-aminoglucopyranoside",AMY2B
DB02218,"N-[4-hydroxymethyl-cyclohexan-6-yl-1,2,3-triol]-4,6-dideoxy-4-aminoglucopyranoside",AMY2A
DB02220,AL7089A,CA2
DB02221,"4-(Aminosulfonyl)-N-[(2,4,6-Trifluorophenyl)Methyl]-Benzamide",CA2
DB02222,"2,6-Diamino-(S)-9-[2-(Phosphonomethoxy)Propyl]Purine",PNP
DB02223,LY231514 tetra glu,TMP1
DB02223,LY231514 tetra glu,thyA
DB02225,"1,2-Di-N-Pentanoyl-Sn-Glycero-3-Dithiophosphocholine",plc
DB02226,"3,8-Diamino-6-Phenyl-5-[6-[1-[2-[(1,2,3,4-Tetrahydro-9-Acridinyl)Amino]Ethyl]-1h-1,2,3-Triazol-4-Yl]Hexyl]-Phenanthridinium",ACHE
DB02227,"4,5-Dihydroxy-Tetrahydro-Pyran-2-Carboxylic Acid",
DB02228,2-deoxy-2-fluoro-β-D-galactose,lacZ
DB02229,5'-O-[(L-methionyl)-sulphamoyl]adenosine,metG
DB02230,Immucillin-G,PNP
DB02232,"1,2-Dihydroxybenzene",CA12
DB02232,"1,2-Dihydroxybenzene",CA2
DB02232,"1,2-Dihydroxybenzene",CA4
DB02232,"1,2-Dihydroxybenzene",catA
DB02232,"1,2-Dihydroxybenzene",bphC
DB02233,6-hydroxy-D-norleucine,ansB
DB02234,S-Ethylisothiourea,NOS2
DB02234,S-Ethylisothiourea,NOS3
DB02234,S-Ethylisothiourea,nos
DB02235,L-methionine (R)-S-oxide,APP
DB02235,L-methionine (R)-S-oxide,TMP1
DB02235,L-methionine (R)-S-oxide,katA
DB02235,L-methionine (R)-S-oxide,PROF
DB02236,Glycinamide Ribonucleotide,purT
DB02236,Glycinamide Ribonucleotide,purN
DB02236,Glycinamide Ribonucleotide,GART
DB02237,Maltotetraose,amyP
DB02237,Maltotetraose,tvaII
DB02238,4-methylthio-2-oxobutanoic acid,
DB02239,Laevulinic Acid,ALAD
DB02240,Quinacrine mustard,TPR
DB02242,Cyclohexanepropanoic acid,tyrB
DB02243,4-Morpholin-4-Yl-Piperidine-1-Carboxylic Acid [1-(3-Benzenesulfonyl-1-Propyl-Allylcarbamoyl)-2-Phenylethyl]-Amide,CTSF
DB02247,Hydrolyzed Cephalothin,blaZ
DB02247,Hydrolyzed Cephalothin,ampC
DB02249,2-Ethoxyethanol,ADH1C
DB02251,O-Succinylbenzoate,menC
DB02251,O-Succinylbenzoate,Aaar
DB02251,O-Succinylbenzoate,menC
DB02252,Iodobenzene,celCCF
DB02253,"(1r)-4-[(1e,3e,5e,7z,9e,11z,13e,15e)-17-Hydroxy-3,7,12,16-Tetramethylheptadeca-1,3,5,7,9,11,13,15-Octaen-1-Yl]-3,5,5-Trimethylcyclohex-3-En-1-Ol",
DB02254,Trifluoro-thiamin phosphate,thiE
DB02255,Ilomastat,lef
DB02255,Ilomastat,MMP13
DB02255,Ilomastat,MMP12
DB02255,Ilomastat,MMP9
DB02255,Ilomastat,MMP3
DB02255,Ilomastat,MMP2
DB02255,Ilomastat,MMP8
DB02255,Ilomastat,MMP14
DB02255,Ilomastat,MMP1
DB02255,Ilomastat,ADAM28
DB02255,Ilomastat,ACAN
DB02256,2'-Deoxyuridine,TK1
DB02256,2'-Deoxyuridine,TMP1
DB02256,2'-Deoxyuridine,udp
DB02256,2'-Deoxyuridine,thyA
DB02257,N-Bromoacetyl-Aminoethyl Phosphate,pgi2
DB02258,SR11254,RARG
DB02259,"3-(3,5-Dibromo-4-Hydroxy-Benzoyl)-2-Ethyl-Benzofuran-6-Sulfonic Acid (4-Sulfamoyl-Phenyl)-Amide",PTPN1
DB02260,4-Oxosebacic Acid,ALAD
DB02260,4-Oxosebacic Acid,hemB
DB02261,Platelet Activating Factor,PTAFR
DB02261,Platelet Activating Factor,GM2A
DB02262,Orotic acid,
DB02262,Orotic acid,pyrE
DB02262,Orotic acid,DHODH
DB02262,Orotic acid,pyrD
DB02262,Orotic acid,pyrC
DB02262,Orotic acid,pyrDA
DB02263,D-glyceraldehyde 3-phosphate,gapA
DB02263,D-glyceraldehyde 3-phosphate,gap
DB02263,D-glyceraldehyde 3-phosphate,gapN
DB02264,O2-Sulfo-Glucuronic Acid,FGF1
DB02264,O2-Sulfo-Glucuronic Acid,HGF
DB02264,O2-Sulfo-Glucuronic Acid,HS3ST3A1
DB02264,O2-Sulfo-Glucuronic Acid,
DB02265,Ethyl-Trimethyl-Silane,tetX
DB02266,Flufenamic acid,AR
DB02266,Flufenamic acid,PTGS2
DB02266,Flufenamic acid,PTGS1
DB02266,Flufenamic acid,AKR1C3
DB02266,Flufenamic acid,PPARA
DB02266,Flufenamic acid,PPARG
DB02267,Argininosuccinate,ASL
DB02267,Argininosuccinate,argG
DB02268,4-(Acetylamino)-3-Amino Benzoic Acid,NA
DB02269,[4-({[5-Benzyloxy-1-(3-Carbamimidoyl-Benzyl)-1h-Indole-2-Carbonyl]-Amino}-Methyl)-Phenyl]-Trimethyl-Ammonium,PRSS1
DB02270,Dimethylallyl S-Thiolodiphosphate,tzs
DB02270,Dimethylallyl S-Thiolodiphosphate,miaA
DB02270,Dimethylallyl S-Thiolodiphosphate,ispA
DB02271,S-(2-oxo)pentadecylcoa,NMT2
DB02272,Porphobilinogen,ALAD
DB02274,7-Keto-8-Aminopelargonic Acid,bioA
DB02276,(S)-2-(Phosphonoxy)Caproyl-L-Leucyl-P-Nitroanilide,def
DB02277,1-(5-Tert-Butyl-2-Methyl-2h-Pyrazol-3-Yl)-3-(4-Chloro-Phenyl)-Urea,MAPK14
DB02278,"7,8-dihydro-7,7-dimethyl-6-hydroxypterin",folK
DB02279,Benzoylformic Acid,HAO1
DB02280,(R)-Mandelic acid,mdlC
DB02280,(R)-Mandelic acid,mdlA
DB02281,Formycin,MTAP
DB02281,Formycin,mtnN
DB02282,5'-S-methyl-5'-thioadenosine,ADORA1
DB02282,5'-S-methyl-5'-thioadenosine,ADORA2B
DB02282,5'-S-methyl-5'-thioadenosine,ADORA2A
DB02282,5'-S-methyl-5'-thioadenosine,ADORA3
DB02282,5'-S-methyl-5'-thioadenosine,rsrIM
DB02282,5'-S-methyl-5'-thioadenosine,MTAP
DB02283,2-Phenylamino-Ethanesulfonic Acid,ccpA
DB02285,Protoporphyrin,HPGDS
DB02285,Protoporphyrin,FTL
DB02287,2-(2-hydroxy-phenyl)-3H-benzoimidazole-5-carboxamidine,F2
DB02287,2-(2-hydroxy-phenyl)-3H-benzoimidazole-5-carboxamidine,PRSS1
DB02287,2-(2-hydroxy-phenyl)-3H-benzoimidazole-5-carboxamidine,PLAU
DB02288,CRA-9334,PRSS1
DB02289,2-Aminopropanedioic Acid,ATM
DB02289,2-Aminopropanedioic Acid,atsA
DB02290,"3-{2,6,8-trioxo-9-[(2S,3S,4R)-2,3,4,5-tetrahydroxypentyl]-1,2,3,6,8,9-hexahydro-7H-purin-7-Yl}propyl dihydrogen phosphate",ribH
DB02292,Irosustat,STS
DB02292,Irosustat,CA2
DB02294,"(5R,6S,7S,8S)-5-hydroxymethyl-6,7,8-trihydroxy-tetrazolo[1,5-A]piperidine",lacZ
DB02296,Isoamyl alcohol,REN
DB02297,2-Amino-6-Chloropyrazine,CDK2
DB02299,Arginineamide,KCNA4
DB02300,Calcipotriol,VDR
DB02301,"5,10-Methylene-6-Hydrofolic Acid",TMP1
DB02301,"5,10-Methylene-6-Hydrofolic Acid",thyA
DB02301,"5,10-Methylene-6-Hydrofolic Acid",fpgS
DB02301,"5,10-Methylene-6-Hydrofolic Acid",thyA
DB02302,Symmetric dimethylarginine,linB
DB02303,"(5S)-5-Iododihydro-2,4(1H,3H)-pyrimidinedione",DPYD
DB02305,"4,5-Dehydro-D-Glucuronic Acid",cslA
DB02306,Palmitoyl-Linoleoyl Phosphatidylcholine,PCTP
DB02307,N-(1-carboxy-3-phenylpropyl)phenylalanyl-alpha-asparagine,lasB
DB02308,"4-(1,3,2-Dioxaborolan-2-Yloxy)Butan-1-Aminium",PRSS3
DB02309,5-monophosphate-9-beta-D-ribofuranosyl xanthine,LACZ
DB02309,5-monophosphate-9-beta-D-ribofuranosyl xanthine,ATIC
DB02309,5-monophosphate-9-beta-D-ribofuranosyl xanthine,HPRT1
DB02310,"3,5,6,8-Tetramethyl-N-Methyl Phenanthrolinium",METAP2
DB02311,Methyl Methylsulfinylmethyl Sulfide,FKBP1A
DB02312,beta-D-galactose 6-phosphate,lacG
DB02313,"Ethyl (4R)-4-{[(2R,5S)-2-(4-fluorobenzyl)-6-methyl-5-{[(5-methyl-1,2-oxazol-3-yl)carbonyl]amino}-4-oxoheptanoyl]amino}-5-[(3S)-2-oxo-3-pyrrolidinyl]pentanoate",
DB02314,Uridine-5'-Diphosphate-N-Acetylmuramoyl-L-Alanine-D-Glutamate,murE
DB02314,Uridine-5'-Diphosphate-N-Acetylmuramoyl-L-Alanine-D-Glutamate,murD
DB02315,Cyclic GMP,PDE2A
DB02315,Cyclic GMP,HCN2
DB02315,Cyclic GMP,PRKAR1A
DB02316,"1-(5-Carboxypentyl)-5-[(2,6-Dichlorobenzyl)Oxy]-1 H-Indole-2-Carboxylic Acid",fabH
DB02317,Alpha-D-Galactose-1-Phosphate,pgmB
DB02318,2-deoxy-2-fluoro-alpha-D-mannosyl fluoride,MAN2A1
DB02319,"5,6-dihydroxy-NADP",yqhD
DB02320,N-beta-D-glucopyranosylacetamide,PYGM
DB02320,N-beta-D-glucopyranosylacetamide,PYGL
DB02321,"5-(3-Amino-4,4-Dihyroxy-Butylsulfanylmethyl)-Tetrahydro-Furan-2,3,4-Triol",luxS
DB02322,Heparin Disaccharide I-S,CCL5
DB02323,EM-1745,HSD17B1
DB02324,5-Iodo-2'-Deoxyuridine-5'-Monophosphate,TK1
DB02324,5-Iodo-2'-Deoxyuridine-5'-Monophosphate,TK
DB02325,Isopropyl alcohol,TNF
DB02325,Isopropyl alcohol,PLA2G2A
DB02325,Isopropyl alcohol,GCH1
DB02325,Isopropyl alcohol,HMOX1
DB02325,Isopropyl alcohol,NR1H2
DB02325,Isopropyl alcohol,NOS3
DB02326,1-Hydroxyamine-2-Isobutylmalonic Acid,MMP8
DB02327,Triethylene glycol,budB
DB02327,Triethylene glycol,ganB
DB02327,Triethylene glycol,serC
DB02328,2-[(3-Hydroxy-2-Methyl-5-Phosphonooxymethyl-Pyridin-4-Ylmethyl)-Imino]-5-Phosphono-Pent-3-Enoic Acid,CTH
DB02329,Carbenoxolone,HSD11B1
DB02329,Carbenoxolone,
DB02331,"(2s)-2-[(5-Benzofuran-2-Yl-Thiophen-2-Ylmethyl)-(2,4-Dichloro-Benzoyl)-Amino]-3-Phenyl-Propionic Acid",
DB02332,Flavin-N7 protonated-adenine dinucleotide,choA
DB02333,Deoxyuridine-5'-Triphosphate,maf
DB02333,Deoxyuridine-5'-Triphosphate,pol
DB02333,Deoxyuridine-5'-Triphosphate,dcd
DB02333,Deoxyuridine-5'-Triphosphate,dut
DB02333,Deoxyuridine-5'-Triphosphate,dut
DB02334,(R)-2-Hydroxy-3-Sulfopropanoic Acid,comB
DB02335,2-Aminothiazoline,NOS3
DB02335,2-Aminothiazoline,NOS2
DB02335,2-Aminothiazoline,NOS1
DB02336,RU83876,SRC
DB02337,S-(D-Carboxybutyl)-L-Homocysteine,BHMT
DB02338,NADPH,TXNRD1
DB02338,NADPH,zwf
DB02338,NADPH,PTR1
DB02338,NADPH,gfo
DB02338,NADPH,DPYD
DB02338,NADPH,AASS
DB02339,Allyl-{6-[3-(4-Bromo-Phenyl)-Benzofuran-6-Yloxy]-Hexyl-}-Methyl-Amin,shc
DB02340,N-Acetyl-Serine,F13A1
DB02341,"Mdl 101,146",CELA1
DB02341,"Mdl 101,146",ELANE
DB02342,2-Methoxyestradiol,HIF1A
DB02342,2-Methoxyestradiol,COMT
DB02342,2-Methoxyestradiol,CYP1A1
DB02342,2-Methoxyestradiol,CYP1B1
DB02342,2-Methoxyestradiol,CYP19A1
DB02343,"3,6,9,12,15-Pentaoxaheptadecane",ACHE
DB02343,"3,6,9,12,15-Pentaoxaheptadecane",murI
DB02343,"3,6,9,12,15-Pentaoxaheptadecane",kynU
DB02345,Selenocysteine,CAMP
DB02345,Selenocysteine,NME1
DB02345,Selenocysteine,fdhF
DB02345,Selenocysteine,sufS
DB02346,3'-O-N-Octanoyl-a-D-Glucopyranosyl-B-D-Fructofuranoside,csd
DB02347,2-Amino-3-(5-Tert-Butyl-3-(Phosphonomethoxy)-4-Isoxazolyl)Propionic Acid,GRIK1
DB02347,2-Amino-3-(5-Tert-Butyl-3-(Phosphonomethoxy)-4-Isoxazolyl)Propionic Acid,GRIA2
DB02348,Monofluorophosphate ion,PYGM
DB02350,"N-Hydroxy-4-[(4-Methoxylphenyl)Sulfonyl]-2,2-Dimethyl-Hexahydro-1,4-Thiazepine-3(S)-Carboxamide",MMP3
DB02352,3-(Benzyloxy)Pyridin-2-Amine,MAPK14
DB02352,3-(Benzyloxy)Pyridin-2-Amine,LTA4H
DB02353,Heparin Disaccharide Iii-S,CCL5
DB02354,4-{[1-Methyl-5-(2-Methyl-Benzoimidazol-1-Ylmethyl)-1h-Benzoimidazol-2-Ylmethyl]-Amino}-Benzamidine,PRSS1
DB02355,Adenosine-5'-Rp-Alpha-Thio-Triphosphate,cyaC
DB02358,LY374571,MTHFD1
DB02359,"9-Butyl-8-(2,5-Dimethoxy-Benzyl)-9h-Purin-6-Ylamine",HSP90AA1
DB02360,Bis-Napthyl Beta-Ketophosphonic Acid,CTSG
DB02361,S-Methyl Thiocysteine Group,celCCG
DB02362,Aminobenzoic acid,pobA
DB02363,2'-Monophosphoadenosine-5'-Diphosphate,PDF
DB02363,2'-Monophosphoadenosine-5'-Diphosphate,aroE
DB02363,2'-Monophosphoadenosine-5'-Diphosphate,RNASE1
DB02363,2'-Monophosphoadenosine-5'-Diphosphate,folA
DB02364,2-Amino-3-(Diethoxy-Phosphoryloxy)-Propionic Acid,tesA
DB02365,"1,10-Phenanthroline",
DB02365,"1,10-Phenanthroline",tar
DB02366,CRA_10762,PRSS1
DB02367,(1n)-4-N-Butoxyphenylsulfonyl-(2r)-N-Hydroxycarboxamido-(4s)-Methanesulfonylamino-Pyrrolidine,MMP3
DB02368,N-Acetyl-L-Citrulline,argF'
DB02370,Nz-(1-Carboxyethyl)-Lysine,dapA
DB02371,"2-(2-Hydroxy-1,1-Dihydroxymethyl-Ethylamino)-Ethanesulfonic Acid",C1S
DB02373,Adenosine monotungstate,FHIT
DB02374,Xylose-Derived Imidazole,cex
DB02375,Myricetin,PIK3CG
DB02375,Myricetin,JAK1
DB02376,"D-gluconhydroximo-1,5-lactam",LCT
DB02377,Guanine,GCH1
DB02377,Guanine,PNP
DB02377,Guanine,xapA
DB02377,Guanine,gpt
DB02377,Guanine,
DB02378,MMI-175,BACE1
DB02379,Beta-D-Glucose,PTGS1
DB02379,Beta-D-Glucose,PYGM
DB02379,Beta-D-Glucose,GANC
DB02379,Beta-D-Glucose,GANAB
DB02379,Beta-D-Glucose,GAA
DB02379,Beta-D-Glucose,AMY2A
DB02379,Beta-D-Glucose,inhA
DB02379,Beta-D-Glucose,GCK
DB02379,Beta-D-Glucose,cslB
DB02379,Beta-D-Glucose,cel5A
DB02379,Beta-D-Glucose,LCTL
DB02379,Beta-D-Glucose,xylA
DB02379,Beta-D-Glucose,fhuA
DB02379,Beta-D-Glucose,tvaI
DB02379,Beta-D-Glucose,
DB02379,Beta-D-Glucose,MB
DB02379,Beta-D-Glucose,HK1
DB02379,Beta-D-Glucose,amyE
DB02379,Beta-D-Glucose,cex
DB02379,Beta-D-Glucose,cgt
DB02379,Beta-D-Glucose,celCCG
DB02379,Beta-D-Glucose,LGALS7
DB02379,Beta-D-Glucose,ctxB
DB02379,Beta-D-Glucose,dmsA
DB02379,Beta-D-Glucose,AMY2B
DB02379,Beta-D-Glucose,tvaII
DB02379,Beta-D-Glucose,botB
DB02379,Beta-D-Glucose,tetX
DB02379,Beta-D-Glucose,xylA
DB02379,Beta-D-Glucose,
DB02379,Beta-D-Glucose,amyP
DB02379,Beta-D-Glucose,celCCF
DB02379,Beta-D-Glucose,gfo
DB02379,Beta-D-Glucose,9
DB02379,Beta-D-Glucose,PYGL
DB02379,Beta-D-Glucose,SFTPD
DB02379,Beta-D-Glucose,IFNB1
DB02379,Beta-D-Glucose,amy
DB02379,Beta-D-Glucose,GLT6D1
DB02379,Beta-D-Glucose,GNPDA1
DB02379,Beta-D-Glucose,spoII
DB02379,Beta-D-Glucose,NUDT9
DB02379,Beta-D-Glucose,SMARCA5
DB02379,Beta-D-Glucose,amyA
DB02379,Beta-D-Glucose,entB
DB02379,Beta-D-Glucose,malP
DB02379,Beta-D-Glucose,stxB
DB02379,Beta-D-Glucose,NCAN
DB02379,Beta-D-Glucose,
DB02379,Beta-D-Glucose,gdhB
DB02379,Beta-D-Glucose,
DB02379,Beta-D-Glucose,malE
DB02379,Beta-D-Glucose,fabI
DB02379,Beta-D-Glucose,celA
DB02379,Beta-D-Glucose,celS
DB02379,Beta-D-Glucose,mglB
DB02379,Beta-D-Glucose,celB
DB02379,Beta-D-Glucose,aspA
DB02379,Beta-D-Glucose,celA1
DB02379,Beta-D-Glucose,glk
DB02379,Beta-D-Glucose,lecB
DB02379,Beta-D-Glucose,
DB02379,Beta-D-Glucose,
DB02379,Beta-D-Glucose,xynA
DB02379,Beta-D-Glucose,celB
DB02379,Beta-D-Glucose,cenC
DB02379,Beta-D-Glucose,galM
DB02379,Beta-D-Glucose,ams
DB02379,Beta-D-Glucose,cmoJ
DB02379,Beta-D-Glucose,
DB02379,Beta-D-Glucose,mglB
DB02379,Beta-D-Glucose,eco
DB02379,Beta-D-Glucose,mutY
DB02379,Beta-D-Glucose,KRTAP5-2
DB02379,Beta-D-Glucose,SIGLEC1
DB02379,Beta-D-Glucose,nplT
DB02379,Beta-D-Glucose,xynA
DB02379,Beta-D-Glucose,lamB
DB02379,Beta-D-Glucose,
DB02379,Beta-D-Glucose,
DB02379,Beta-D-Glucose,lamB
DB02379,Beta-D-Glucose,LGALS2
DB02379,Beta-D-Glucose,treZ
DB02379,Beta-D-Glucose,ppgmk
DB02379,Beta-D-Glucose,budC
DB02379,Beta-D-Glucose,
DB02379,Beta-D-Glucose,
DB02379,Beta-D-Glucose,KRTAP5-3
DB02379,Beta-D-Glucose,celC307
DB02379,Beta-D-Glucose,engF
DB02379,Beta-D-Glucose,celD
DB02379,Beta-D-Glucose,stx2e B
DB02381,nor-NOHA,ARG2
DB02381,nor-NOHA,ARG1
DB02382,Namn,cobT
DB02382,Namn,nadC
DB02383,Tolrestat,AKR1B1
DB02383,Tolrestat,SIGMAR1
DB02383,Tolrestat,AKR1A1
DB02383,Tolrestat,AKR1B10
DB02384,(E)-2-Fluoro-P-Hydroxycinnamate,pptA
DB02386,Leucine Phosphonic Acid,
DB02386,Leucine Phosphonic Acid,LAP3
DB02388,"Cyclohexyl-{4-[5-(3,4-Dichlorophenyl)-2-Piperidin-4-Yl-3-Propyl-3h-Imidazol-4-Yl]-Pyrimidin-2-Yl}Amine",MAPK10
DB02391,"2-Amino-7-[2-(2-Hydroxy-1-Hydroxymethyl-Ethylamino)-Ethyl]-1,7-Dihydro-Purin-6-One",PNP
DB02393,"D-Gluco-2,5-Anhydro-1-Deoxy-1-Phosphonohexitol-6-Phosphate",PFKFB1
DB02394,Oxiranpseudoglucose,
DB02395,"3-Hydroxymethyl-5-Aziridinyl-1methyl-2-[1h-Indole-4,7-Dione]-Propanol",NQO1
DB02396,Methylethylamine,MB
DB02398,6-[N-(4-(Aminomethyl)Phenyl)Carbamyl]-2-Naphthalenecarboxamidine,PLAU
DB02399,L-Rhamnitol,rhaA
DB02400,ES-936,NQO1
DB02401,"4-Hydroxy-1,2,5-oxadiazole-3-carboxylic acid",
DB02401,"4-Hydroxy-1,2,5-oxadiazole-3-carboxylic acid",LDHB
DB02402,"5-(4-Methoxyphenoxy)-2,4-Quinazolinediamine",PDF
DB02402,"5-(4-Methoxyphenoxy)-2,4-Quinazolinediamine",DHFR2
DB02402,"5-(4-Methoxyphenoxy)-2,4-Quinazolinediamine",DFR1
DB02403,2-Fluoroaniline,E
DB02404,1-Deoxy-1-Thio-Heptaethylene Glycol,ACHE
DB02405,12-Bromododecanoic Acid,PAEP
DB02406,N-Valeric Acid,FFAR2
DB02406,N-Valeric Acid,cumD
DB02407,6-O-Cyclohexylmethyl Guanine,CDK2
DB02407,6-O-Cyclohexylmethyl Guanine,CCNA2
DB02408,"(3s)-3-Amino-1-(Cyclopropylamino)Heptane-2,2-Diol",map
DB02408,"(3s)-3-Amino-1-(Cyclopropylamino)Heptane-2,2-Diol",map
DB02410,"2-Acetyl-3-[(4-Amino-2-Methyl-5-Pyrimidinyl)Methyl]-4-Methyl-5-(4,6,6-Trihydroxy-3,5-Dioxa-4,6-Diphosphahex-1-Yl)Thiazolium Inner Salt P,P'-Dioxide",por
DB02411,"2-(11-{2-[Benzenesulfonyl-(3-Methyl-Butyl)-Amino]-1-Hydroxy-Ethyl}-6,9-Dioxo-2-Oxa-7,10-Diaza-Bicyclo[11.2.2]Heptadeca-1(16),13(17),14-Trien-8-Yl)-Acetamide, Inhibitor 2",gag-pol
DB02413,Hydroxyethylcysteine,gag-pol
DB02414,Cyclo(his-pro),chiB
DB02415,N-Octyl-2-Hydroxyethyl Sulfoxide,cirA
DB02415,N-Octyl-2-Hydroxyethyl Sulfoxide,ompC
DB02415,N-Octyl-2-Hydroxyethyl Sulfoxide,fhuA
DB02418,"(R,R)-2,3-Butanediol",UBE2D2
DB02419,Ethyl Oxo(Piperidin-1-Yl)Acetate,PPIA
DB02420,"[[4-(Aminomethyl)Phenyl]Amino]Oxo-Acetic Acid,",PTPN1
DB02421,Uridine-5'-diphosphate-mannose,galE
DB02422,Methyl-2-S-(Alpha-D-Mannopyranosyl)-2-Thio-Alpha-D-Mannopyranoside,MAN1B1
DB02424,Geldanamycin,HSP90AA1
DB02424,Geldanamycin,HSP90B1
DB02424,Geldanamycin,HSP90AB1
DB02425,Hexadecyl Octanoate,ethR
DB02426,Carboxyatractyloside,SLC25A4
DB02427,"2,4-Diamino-6-[N-(2',5'-Dimethoxybenzyl)-N-Methylamino]Quinazoline",DHFR
DB02427,"2,4-Diamino-6-[N-(2',5'-Dimethoxybenzyl)-N-Methylamino]Quinazoline",
DB02428,Quinaldic Acid,gag-pol
DB02429,4-(Aminosulfonyl)-N-[(4-Fluorophenyl)Methyl]-Benzamide,CA2
DB02430,Trehalose-6-Phosphate,treR
DB02431,Cytidine-5'-Triphosphate,P2RY4
DB02431,Cytidine-5'-Triphosphate,kpsU
DB02431,Cytidine-5'-Triphosphate,UCK2
DB02431,Cytidine-5'-Triphosphate,ispD
DB02431,Cytidine-5'-Triphosphate,tagD
DB02431,Cytidine-5'-Triphosphate,ispD
DB02431,Cytidine-5'-Triphosphate,coaBC
DB02431,Cytidine-5'-Triphosphate,cca
DB02431,Cytidine-5'-Triphosphate,rfbF
DB02432,RU90395,SRC
DB02433,"{[(2,2-Dihydroxy-Ethyl)-(2,3,4,5-Tetrahydroxy-6-Phosphonooxy-Hexyl)-Amino]-Methyl}-Phosphonic Acid",kdsA
DB02433,"{[(2,2-Dihydroxy-Ethyl)-(2,3,4,5-Tetrahydroxy-6-Phosphonooxy-Hexyl)-Amino]-Methyl}-Phosphonic Acid",kdsA
DB02434,4-(2-Thienyl)Butyric Acid,tyrB
DB02435,Aminomethylcyclohexane,murA
DB02435,Aminomethylcyclohexane,murA
DB02435,Aminomethylcyclohexane,PRSS1
DB02436,{4-[(2S)-2-({[(1S)-1-Carboxy-2-phenylethyl]carbamoyl}amino)-3-oxo-3-(pentylamino)propyl]phenoxy}malonic acid,PTPN1
DB02437,(5r)-5-Amino-6-Hydroxyhexylcarbamic Acid,opd
DB02437,(5r)-5-Amino-6-Hydroxyhexylcarbamic Acid,folC
DB02437,(5r)-5-Amino-6-Hydroxyhexylcarbamic Acid,iadA
DB02438,3-O-Methylfructose in Linear Form,xylA
DB02441,"2-Butyl-5,6-Dihydro-1h-Imidazo[4,5-D]Pyridazine-4,7-Dione",tgt
DB02442,Dioxyselenocysteine,apr
DB02443,Methicillin Acyl-Serine,pbp
DB02445,2-Deoxy-2-Amino Glucitol-6-Phosphate,glmS
DB02445,2-Deoxy-2-Amino Glucitol-6-Phosphate,GNPDA1
DB02445,2-Deoxy-2-Amino Glucitol-6-Phosphate,nagB
DB02446,Glutamine hydroxamate,glmS
DB02447,"3,8,9,10-tetrahydroxy-7-hydroxymethyl-6-oxa-1,3-diaza-spiro[4.5]decane-2,4-dione",PYGM
DB02448,N-Tridecanoic Acid,PLA2G1B
DB02448,N-Tridecanoic Acid,PLA2G2A
DB02448,N-Tridecanoic Acid,PLA2G2E
DB02449,3-(1h-Indol-3-Yl)-2-[4-(4-Phenyl-Piperidin-1-Yl)-Benzenesulfonylamino]-Propionic Acid,MMP3
DB02450,"2-Benzo[1,3]Dioxol-5-Ylmethyl-3-Benzyl-Succinic Acid",blaIMP-1
DB02450,"2-Benzo[1,3]Dioxol-5-Ylmethyl-3-Benzyl-Succinic Acid",
DB02451,B-nonylglucoside,PNLIP
DB02451,B-nonylglucoside,cbaA
DB02451,B-nonylglucoside,cbaB
DB02451,B-nonylglucoside,cbaD
DB02451,B-nonylglucoside,RHO
DB02451,B-nonylglucoside,AQP1
DB02451,B-nonylglucoside,CLPS
DB02451,B-nonylglucoside,cbaA
DB02451,B-nonylglucoside,cbaB
DB02451,B-nonylglucoside,MIP
DB02451,B-nonylglucoside,glpG
DB02451,B-nonylglucoside,KCNJ3
DB02451,B-nonylglucoside,
DB02451,B-nonylglucoside,adiC
DB02452,Thymidine 5'-triphosphate,gag-pol
DB02452,Thymidine 5'-triphosphate,TK1
DB02452,Thymidine 5'-triphosphate,
DB02452,Thymidine 5'-triphosphate,nrdD
DB02452,Thymidine 5'-triphosphate,tmk
DB02452,Thymidine 5'-triphosphate,rffH
DB02452,Thymidine 5'-triphosphate,
DB02452,Thymidine 5'-triphosphate,rmlA
DB02452,Thymidine 5'-triphosphate,TK2
DB02452,Thymidine 5'-triphosphate,tdk
DB02452,Thymidine 5'-triphosphate,nrdE
DB02452,Thymidine 5'-triphosphate,rmlA
DB02453,Antimonous acid,arsA
DB02456,Aracytidine 5'-monophosphate,cmk
DB02457,Undecyl-Phosphinic Acid Butyl Ester,LIPF
DB02458,"S-(2,4-dinitrophenyl)glutathione",GSTM1
DB02458,"S-(2,4-dinitrophenyl)glutathione",GSTM2
DB02459,4-guanidinobenzoic acid,CFB
DB02460,Hydrogenobyrinic acid,cobH
DB02461,S-Methyl Phosphocysteine,cheY
DB02462,Thiocoumarin,NOS2
DB02463,2-(2-Hydroxy-Phenyl)-1h-Indole-5-Carboxamidine,PRSS1
DB02463,2-(2-Hydroxy-Phenyl)-1h-Indole-5-Carboxamidine,PLAT
DB02463,2-(2-Hydroxy-Phenyl)-1h-Indole-5-Carboxamidine,PLAU
DB02463,2-(2-Hydroxy-Phenyl)-1h-Indole-5-Carboxamidine,PLG
DB02463,2-(2-Hydroxy-Phenyl)-1h-Indole-5-Carboxamidine,F2
DB02464,Benzylamine,PRSS1
DB02464,Benzylamine,PRSS2
DB02465,Methoxy arachidonyl fluorophosphonate,FAAH
DB02465,Methoxy arachidonyl fluorophosphonate,PLA2G4A
DB02466,BMS-181156,RARG
DB02467,L-methionine (S)-S-oxide,thyA
DB02467,L-methionine (S)-S-oxide,celA1
DB02467,L-methionine (S)-S-oxide,RAB5A
DB02467,L-methionine (S)-S-oxide,celB
DB02467,L-methionine (S)-S-oxide,mauC
DB02467,L-methionine (S)-S-oxide,
DB02468,12-Phenylheme,HMOX1
DB02469,"4,6-dideoxy-4-amino-beta-D-glucopyranoside",
DB02470,D-Glycero-D-Mannopyranose-7-Phosphate,gmhA
DB02471,Nojirimycine Tetrazole,PYGM
DB02471,Nojirimycine Tetrazole,LCTL
DB02471,Nojirimycine Tetrazole,LCT
DB02472,"7,8-dihydroinosine",ADA
DB02473,"6-[N-(1-Isopropyl-3,4-Dihydro-7-Isoquinolinyl)Carbamyl]-2-Naphthalenecarboxamidine",PLAU
DB02474,BMSC-0013,ctxB
DB02475,Deoxyamidinoproclavaminic acid,cs1
DB02477,N-({4-[4-(2-Methyl-1H-imidazol-1-yl)butyl]phenyl}acetyl)-L-seryl-N-(2-cyclohexylethyl)-L-lysinamide,NMT1
DB02479,(R)-N-(3-Indol-1-Yl-2-Methyl-Propyl)-4-Sulfamoyl-Benzamide,CA2
DB02480,(S)-4-bromo-3-hydroxy-3-methylbutyl diphosphate,idi
DB02481,N-Benzylformamide,ADH1B
DB02482,Phosphonothreonine,MAPK1
DB02482,Phosphonothreonine,MAPK12
DB02482,Phosphonothreonine,PRKCQ
DB02482,Phosphonothreonine,CDK7
DB02482,Phosphonothreonine,AURKA
DB02482,Phosphonothreonine,PRKACA
DB02482,Phosphonothreonine,PRKACB
DB02482,Phosphonothreonine,cobD
DB02482,Phosphonothreonine,RHO
DB02482,Phosphonothreonine,S100A11
DB02483,Etheno-NAD,BST1
DB02483,Etheno-NAD,LDHA
DB02484,Cytidine 5'-diphosphoglycerol,tagD
DB02485,Cytidine-5'-Monophosphate-5-N-Acetylneuraminic Acid,CMAS
DB02486,2-Hydroxyethyl Disulfide,E
DB02486,2-Hydroxyethyl Disulfide,GSTA1
DB02489,9-Methylguanine,folB
DB02490,(Diaminomethyl-Methyl-Amino)-Acetic Acid,CKM
DB02491,4-[4-(1-Amino-1-Methylethyl)Phenyl]-5-Chloro-N-[4-(2-Morpholin-4-Ylethyl)Phenyl]Pyrimidin-2-Amine,FGFR2
DB02492,Ghavamiol,MAN2A1
DB02493,Hydantocidin-5'-phosphate,Adss
DB02493,Hydantocidin-5'-phosphate,purA
DB02494,(S)-3-phenyllactic acid,pdh
DB02494,(S)-3-phenyllactic acid,RPL10L
DB02494,(S)-3-phenyllactic acid,RPL13A
DB02494,(S)-3-phenyllactic acid,RPL23
DB02494,(S)-3-phenyllactic acid,RPL15
DB02494,(S)-3-phenyllactic acid,RPL19
DB02494,(S)-3-phenyllactic acid,RPL23A
DB02494,(S)-3-phenyllactic acid,RSL24D1
DB02494,(S)-3-phenyllactic acid,RPL26L1
DB02494,(S)-3-phenyllactic acid,RPL8
DB02494,(S)-3-phenyllactic acid,RPL37
DB02494,(S)-3-phenyllactic acid,RPL3
DB02494,(S)-3-phenyllactic acid,RPL11
DB02494,(S)-3-phenyllactic acid,SNU13
DB02494,(S)-3-phenyllactic acid,CPA1
DB02495,9-(4-hydroxybutyl)-N2-phenylguanine,TK1
DB02495,9-(4-hydroxybutyl)-N2-phenylguanine,TK
DB02496,1-Deoxy-D-xylulose 5-phosphate,pdxJ
DB02496,1-Deoxy-D-xylulose 5-phosphate,dxr
DB02497,L-Alpha-Glycerophosphorylserine,ANXA5
DB02498,Carba-nicotinamide-adenine-dinucleotide,PARP1
DB02499,Dinor-N(Omega)-Hydroxy-L-Arginine,ARG1
DB02500,6-(Dihydroxy-Isobutyl)-Thymine,TK1
DB02500,6-(Dihydroxy-Isobutyl)-Thymine,TK
DB02501,N(2)-succinyl-L-arginine,astB
DB02503,4-(Carboxyvin-2-Yl)Phenylboronic Acid,blaZ
DB02503,4-(Carboxyvin-2-Yl)Phenylboronic Acid,ampC
DB02504,[3-(1-Benzyl-3-Carbamoylmethyl-2-Methyl-1h-Indol-5-Yloxy)-Propyl-]-Phosphonic Acid,PLA2G2A
DB02505,N-(R-Carboxy-Ethyl)-Alpha-(S)-(2-Phenylethyl),PMII
DB02506,"2,6,8-Trimethyl-3-Amino-9-Benzyl-9-Methoxynonanoic Acid",PPP1CA
DB02506,"2,6,8-Trimethyl-3-Amino-9-Benzyl-9-Methoxynonanoic Acid",PPP2R1A
DB02506,"2,6,8-Trimethyl-3-Amino-9-Benzyl-9-Methoxynonanoic Acid",PPP2CA
DB02506,"2,6,8-Trimethyl-3-Amino-9-Benzyl-9-Methoxynonanoic Acid",PPP2R5C
DB02506,"2,6,8-Trimethyl-3-Amino-9-Benzyl-9-Methoxynonanoic Acid",PPP2R2A
DB02508,Isopentyl Pyrophosphate,FDPS
DB02508,Isopentyl Pyrophosphate,onr
DB02508,Isopentyl Pyrophosphate,ispA
DB02508,Isopentyl Pyrophosphate,ispA
DB02509,Farnesol,MAOB
DB02509,Farnesol,NR1H4
DB02510,5'-O-(L-Prolylsulfamoyl)adenosine,EPRS1
DB02511,2-Hydroxy-5-({1-[(2-Naphthyloxy)Methyl]-3-Oxoprop-1-Enyl}Amino)Tyrosine,
DB02512,"1,6-Fructose Diphosphate (Linear Form)",ALDOB
DB02512,"1,6-Fructose Diphosphate (Linear Form)",ALDOA
DB02514,(2Z)-3-{[Oxido(oxo)phosphoranyl]oxy}-2-phenylacrylate,
DB02515,sn-glycerol 3-phosphate,ALDOB
DB02515,sn-glycerol 3-phosphate,pdxJ
DB02515,sn-glycerol 3-phosphate,TPI
DB02515,sn-glycerol 3-phosphate,PFKFB1
DB02516,(R)-carnitinyl-CoA betaine,caiB
DB02517,D-Glutamic Acid,nprS
DB02518,N-Acetylalanine,AKR1B1
DB02519,Indirubin-5-sulphonate,PYGM
DB02519,Indirubin-5-sulphonate,CDK2
DB02519,Indirubin-5-sulphonate,CDK1
DB02519,Indirubin-5-sulphonate,CDK5
DB02519,Indirubin-5-sulphonate,CRK2
DB02521,Flaviolin,
DB02521,Flaviolin,cyp158a2
DB02522,Phosphonopyruvate,ppdK
DB02524,"2',3'-O-{4-[Hydroxy(oxido)-λ5-azanylidene]-2,6-dinitro-2,5-cyclohexadiene-1,1-diyl}adenosine 5'-(tetrahydrogen triphosphate)",cheA
DB02526,CRA_10655,PLAU
DB02526,CRA_10655,PRSS1
DB02527,Cyclic adenosine monophosphate,HCN2
DB02527,Cyclic adenosine monophosphate,PRKAR1A
DB02527,Cyclic adenosine monophosphate,PRKAR2B
DB02527,Cyclic adenosine monophosphate,crp
DB02527,Cyclic adenosine monophosphate,cyaB2
DB02527,Cyclic adenosine monophosphate,
DB02528,Tetrazolyl Histidine,MB
DB02529,"(2R,4S,5R,6R)-5-Acetamido-4-amino-6-(diethylcarbamoyl)oxane-2-carboxylic acid",NA
DB02530,gamma-Aminobutyric acid,GABBR1
DB02530,gamma-Aminobutyric acid,GABBR2
DB02530,gamma-Aminobutyric acid,ITGA4
DB02530,gamma-Aminobutyric acid,SLC6A1
DB02530,gamma-Aminobutyric acid,GABRA5
DB02530,gamma-Aminobutyric acid,GABRA1
DB02530,gamma-Aminobutyric acid,GABRB2
DB02530,gamma-Aminobutyric acid,GABRA3
DB02530,gamma-Aminobutyric acid,GABRA2
DB02530,gamma-Aminobutyric acid,SLC6A11
DB02530,gamma-Aminobutyric acid,GABRG2
DB02530,gamma-Aminobutyric acid,GATM
DB02531,Isobutyric acid,FFAR2
DB02531,Isobutyric acid,cumD
DB02532,"2,4,6-Triaminoquinazoline",DHRS4L1
DB02532,"2,4,6-Triaminoquinazoline",PTR1
DB02534,2-Allylphenol,E
DB02535,Aminodi(Ethyloxy)Ethylaminocarbonylbenzenesulfonamide,CA2
DB02537,2-Hydroxy-5-({1-[(4-Methylphenoxy)Methyl]-3-Oxoprop-1-Enyl}Amino)-L-Tyrosine,
DB02538,"N-[4-(2-Methylimidazo[1,2-a]Pyridin-3-Yl)-2-Pyrimidinyl]Acetamide",CDK2
DB02540,"10-formyl-5,8,10-trideazafolic acid",GART
DB02540,"10-formyl-5,8,10-trideazafolic acid",purN
DB02541,4-Hydroxybutan-1-Aminium,PRSS3
DB02542,(4s)-5-Fluoro-L-Leucine,UBB
DB02543,Pyrrole-2-Carboxylate,soxA
DB02544,"N-(6-{[3-(4-Bromophenyl)-1,2-Benzisothiazol-6-Yl]Oxy}Hexyl)-N-Methylprop-2-En-1-Amine",shc
DB02545,Fexaramine,NR1H4
DB02546,Vorinostat,HDAC1
DB02546,Vorinostat,HDAC2
DB02546,Vorinostat,HDAC3
DB02546,Vorinostat,HDAC6
DB02546,Vorinostat,HDAC8
DB02546,Vorinostat,HDAC1
DB02547,Guanosine-5'-Diphosphate-Rhamnose,GMDS
DB02548,D-glucitol 6-phosphate,GPI
DB02549,3'-O-Acetylthymidine-5'-diphosphate,rfbC
DB02550,"8-(2-Chloro-3,4,5-Trimethoxy-Benzyl)-2-Fluoro-9-Pent-4-Ylnyl-9h-Purin-6-Ylamine",HSP90AA1
DB02551,"6-[N-(4-Ethyl-1,2,3,4-Tetrahydro-6-Isoquinolinyl)Carbamyl]-2-Naphthalenecarboxamidine",PLAU
DB02552,Geranyl Diphosphate,FDPS
DB02552,Geranyl Diphosphate,ispF
DB02552,Geranyl Diphosphate,
DB02552,Geranyl Diphosphate,GGPS1
DB02552,Geranyl Diphosphate,
DB02552,Geranyl Diphosphate,uppS
DB02552,Geranyl Diphosphate,ispF
DB02552,Geranyl Diphosphate,ispDF
DB02553,Glutathionylspermidine disulfide,GSR
DB02555,SP4160,IL2
DB02556,D-Phenylalanine,KYAT1
DB02556,D-Phenylalanine,CRH
DB02557,Phosphoramidon,MME
DB02557,Phosphoramidon,KEL
DB02558,N-(3-Phenyl-2-Sulfanylpropanoyl)Phenylalanylalanine,MME
DB02559,"6-(Octahydro-1h-Indol-1-Ylmethyl)Decahydroquinazoline-2,4-Diamine",DHFR
DB02559,"6-(Octahydro-1h-Indol-1-Ylmethyl)Decahydroquinazoline-2,4-Diamine",
DB02560,[(1S)-1-acetamido-2-(4-chlorophenyl)ethyl]-[(2S)-2-amino-3-hydroxy-3-oxo-propoxy]-dihydroxy-boron,subC
DB02561,Beta-D-Fructopyranose,lecB
DB02562,"Quinonoid 7,8-Tetrahydrobiopterin",PAH
DB02563,Hexanoyl-CoA,ECHS1
DB02565,4-(dimethylamino)-N-[7-(hydroxyamino)-7-oxoheptyl]benzamide,DRD2
DB02565,4-(dimethylamino)-N-[7-(hydroxyamino)-7-oxoheptyl]benzamide,DRD3
DB02565,4-(dimethylamino)-N-[7-(hydroxyamino)-7-oxoheptyl]benzamide,HDAC8
DB02566,8-Hydroxy-4-(1-Hydroxyethyl)Quinoline-2-Carboxylic Acid,tpdA
DB02566,8-Hydroxy-4-(1-Hydroxyethyl)Quinoline-2-Carboxylic Acid,rplK
DB02567,PD173955,PDGFRB
DB02567,PD173955,FGFR1
DB02567,PD173955,SRC
DB02567,PD173955,LCK
DB02567,PD173955,PDGFRA
DB02567,PD173955,ABL
DB02568,Peldesine,PNP
DB02569,"2',3'-Dehydro-2',3'-Deoxy-Thymidine 5'-Diphosphate",NME1
DB02570,PD150606,CAPNS1
DB02571,Allysine,ansB
DB02572,"1,3-bis-([3-[3-[3-(4-{3-[3-nitro-5-(galactopyranosyloxy)-benzoylamino]-propyl}-piperazin-1-yl)-propylamino-3,4-dioxo-cyclobutenyl]-amino-propoxy-ethoxy-ethoxy]-propyl-]amino-carbonyloxy)-2-amino-propane",ctxB
DB02573,"2'-deoxycytidine-2'-deoxyadenosine-3',5'-monophosphate",RNASE1
DB02574,BV2,ctxB
DB02576,F-Loop of Vitamin B12,glmS
DB02578,N-[(6S)-6-Carboxy-6-(glycylamino)hexanoyl]-D-alanyl-D-alanine,
DB02579,Acrylic Acid,bla
DB02580,Pentaglyme,PFN2
DB02580,Pentaglyme,bpuJIR
DB02580,Pentaglyme,nir
DB02580,Pentaglyme,
DB02580,Pentaglyme,
DB02580,Pentaglyme,
DB02580,Pentaglyme,gpmA
DB02580,Pentaglyme,purA
DB02580,Pentaglyme,
DB02580,Pentaglyme,
DB02580,Pentaglyme,
DB02581,"N(2)-carbamimidoyl-N-{2-[4-(3-{4-[(5-carboxyfuran-2-yl)methoxy]-2,3-dichlorophenyl}-1-methyl-1H-pyrazol-5-yl)piperidin-1-yl]-2-oxoethyl}-D-leucinamide",IL2
DB02583,"N6-(2,5-Dimethoxy-Benzyl)-N6-Methyl-Pyrido[2,3-D]Pyrimidine-2,4,6-Triamine",DHFR
DB02585,4-(Hydroxymethyl)Benzamidine,PRSS3
DB02586,"4,7-Dimethyl-[1,10]Phenanthroline",azu
DB02587,Colforsin,ADCY1
DB02587,Colforsin,ADCY2
DB02587,Colforsin,GNAS
DB02587,Colforsin,ADCY5
DB02587,Colforsin,CFTR
DB02587,Colforsin,KCNMA1
DB02587,Colforsin,CREBBP
DB02587,Colforsin,MAPK1
DB02587,Colforsin,MUC2
DB02587,Colforsin,SERPINE1
DB02588,"(2R)-2-[(1R)-1-{[(2S)-2-Carboxy-2-(4-hydroxyphenyl)acetyl]amino}-1-methoxy-2-oxoethyl]-5-methylene-5,6-dihydro-2H-1,3-oxazine-4-carboxylic acid",ampC
DB02589,Se-Ethyl-Isoselenourea,NOS3
DB02590,Abequose,9
DB02591,"5,6-Dimethylbenzimidazole",cobT
DB02592,Carbaphosphonate,aroB
DB02593,"7,8-Dihydroxy-1-Methoxy-3-Methyl-10-Oxo-4,10-Dihydro-1h,3h-Pyrano[4,3-B]Chromene-9-Carboxylic Acid",ccrA
DB02594,Doxecitine,TK2
DB02594,Doxecitine,TK1
DB02594,Doxecitine,DCK
DB02595,"(2R,3S,5S)-2-(Hydroxymethyl)-5-[(2-sulfoethyl)carbamoyl]-3-pyrrolidiniumyl 2-acetamido-2-deoxy-4-O-sulfo-beta-D-glucopyranoside",mltB
DB02595,"(2R,3S,5S)-2-(Hydroxymethyl)-5-[(2-sulfoethyl)carbamoyl]-3-pyrrolidiniumyl 2-acetamido-2-deoxy-4-O-sulfo-beta-D-glucopyranoside",slt
DB02596,"alpha,beta-Methyleneadenosine 5'-triphosphate",folK
DB02596,"alpha,beta-Methyleneadenosine 5'-triphosphate",panC
DB02596,"alpha,beta-Methyleneadenosine 5'-triphosphate",nadE
DB02596,"alpha,beta-Methyleneadenosine 5'-triphosphate",NMNAT3
DB02596,"alpha,beta-Methyleneadenosine 5'-triphosphate",cyaC
DB02596,"alpha,beta-Methyleneadenosine 5'-triphosphate",4
DB02596,"alpha,beta-Methyleneadenosine 5'-triphosphate",lipJ
DB02596,"alpha,beta-Methyleneadenosine 5'-triphosphate",carA
DB02597,"[2(R,S)-2-Sulfanylheptanoyl]-Phe-Ala",MME
DB02597,"[2(R,S)-2-Sulfanylheptanoyl]-Phe-Ala",PARP1
DB02597,"[2(R,S)-2-Sulfanylheptanoyl]-Phe-Ala",npr
DB02597,"[2(R,S)-2-Sulfanylheptanoyl]-Phe-Ala",nprS
DB02598,"N-Alpha-Acetyl-3,5-Diiodotyrosylglycine",PAM
DB02599,"2,6-Diamino-8-Propylsulfanylmethyl-3h-Quinazoline-4-One",tgt
DB02600,Oseltamivir acid,NA
DB02602,AL7182,CA2
DB02603,1-Amino-6-Cyclohex-3-Enylmethyloxypurine,CDK2
DB02604,2-Deoxy-Glucose-6-Phosphate,PYGM
DB02606,2-Butanol,adh
DB02607,Adenosine Phosphonoacetic Acid,NME1
DB02608,"N-[(1R,2R)-1,3-Dihydroxy-1-(4-nitrophenyl)-2-propanyl]acetamide",
DB02609,4-Hydroxy-L-Threonine-5-Monophosphate,pdxA
DB02610,"N-(2,3,4,5,6-Pentaflouro-Benzyl)-4-Sulfamoyl-Benzamide",CA2
DB02611,Balanol Analog 1,PRKACA
DB02613,Capric dimethyl amine oxide,
DB02613,Capric dimethyl amine oxide,PNLIPRP2
DB02613,Capric dimethyl amine oxide,fhuA
DB02613,Capric dimethyl amine oxide,DHODH
DB02613,Capric dimethyl amine oxide,lytA
DB02614,1(R)-1-Acetamido-2-(3-Carboxyphenyl)Ethyl Boronic Acid,bla
DB02614,1(R)-1-Acetamido-2-(3-Carboxyphenyl)Ethyl Boronic Acid,bla
DB02615,Compound 19,ESR1
DB02615,Compound 19,PTPN1
DB02616,FR117016,ADA
DB02617,"1-(N-Imidazolyl)-2-Hydroxy-2-(2,3-Dichlorophenyl)Octane",camC
DB02620,3-(4-{2-[2-(2-bromo-acetylamino)-ethyldisulfanyl]-ethylcarbamoyl}-cyclohexylcarbamoyl)-pyrazine-2-carboxylic acid,PTPN1
DB02621,Latrunculin A,ACTA1
DB02621,Latrunculin A,GSN
DB02621,Latrunculin A,
DB02622,2-(Oxalyl-Amino)-Benzoic Acid,PTPN1
DB02623,Aminophosphonic acid-guanylate ester,CDC42
DB02624,Homoserine Lactone,SLC9A1
DB02625,(2r)-2-{[Formyl(Hydroxy)Amino]Methyl}Hexanoic Acid,
DB02626,Phenylferricrocin-iron,fhuA
DB02627,"4,4'-Biphenyldiboronic Acid",blaZ
DB02627,"4,4'-Biphenyldiboronic Acid",ampC
DB02628,"1-[3,3-Dimethyl-2-(2-Methylamino-Propionylamino)-Butyryl]-Pyrrolidine-2-Carboxylic Acid(1,2,3,4-Tetrahydro-Naphthalen-1-Yl)-Amide",XIAP
DB02629,"N,N-[2,5-O-di-2-fluoro-benzyl-glucaryl]-di-[1-amino-indan-2-ol]",gag-pol
DB02630,L-xylitol 5-phosphate,ulaD
DB02632,4-nitrophenyl-beta-D-galactoside,lacA
DB02632,4-nitrophenyl-beta-D-galactoside,lacZ
DB02633,Cibacron Blue,HPGDS
DB02633,Cibacron Blue,NQO1
DB02633,Cibacron Blue,GSTP1
DB02635,N-[O-Phosphono-Pyridoxyl]-Isoleucine,BCAT2
DB02636,"9-Hydroxy-8-Methoxy-6-Nitro-Phenanthrol[3,4-D][1,3]Dioxole-5-Carboxylic Acid",PLA2G2E
DB02637,Oxaloacetate Ion,CS
DB02637,Oxaloacetate Ion,mdh
DB02637,Oxaloacetate Ion,SPR
DB02637,Oxaloacetate Ion,
DB02637,Oxaloacetate Ion,
DB02638,Terlipressin,AVPR1A
DB02638,Terlipressin,AVPR1B
DB02638,Terlipressin,AVPR2
DB02640,Fumagillin,METAP2
DB02641,Heptanamide,limA
DB02642,[[N-(Benzyloxycarbonyl)Amino]Methyl]Phosphate,blaZ
DB02642,[[N-(Benzyloxycarbonyl)Amino]Methyl]Phosphate,bla
DB02642,[[N-(Benzyloxycarbonyl)Amino]Methyl]Phosphate,bla
DB02643,"N-Dodecyl-N,N-Dimethyl-3-Ammonio-1-Propanesulfonate",IGF1
DB02643,"N-Dodecyl-N,N-Dimethyl-3-Ammonio-1-Propanesulfonate",MAOB
DB02643,"N-Dodecyl-N,N-Dimethyl-3-Ammonio-1-Propanesulfonate",L2
DB02644,N-omega-propyl-L-arginine,NOS2
DB02644,N-omega-propyl-L-arginine,NOS1
DB02645,"3,4-Epoxybutyl-Alpha-D-Glucopyranoside",spoII
DB02646,Nitrosoethane,MB
DB02647,N-(5-Cyclopropyl-1h-Pyrazol-3-Yl)Benzamide,CDK2
DB02648,(3-Carboxy-2-(R)-Hydroxy-Propyl)-Trimethyl-Ammonium,CRAT
DB02648,(3-Carboxy-2-(R)-Hydroxy-Propyl)-Trimethyl-Ammonium,CROT
DB02649,3-Amino-3-Oxopropanoic Acid,
DB02651,"{[2-(1h-1,2,3-Benzotriazol-1-Yl)-2-(3,4-Difluorophenyl)Propane-1,3-Diyl]Bis[4,1-Phenylene(Difluoromethylene)]}Bis(Phosphonic Acid)",PTPN1
DB02652,L-[(N-Hydroxyamino)Carbonyl]Phenylalanine,CPA1
DB02655,D-Aspartic Acid,GRIN1
DB02655,D-Aspartic Acid,GRIN2A
DB02655,D-Aspartic Acid,GRIN2B
DB02655,D-Aspartic Acid,nprS
DB02655,D-Aspartic Acid,ansB
DB02656,LY-294002,PIK3CG
DB02656,LY-294002,PIM1
DB02657,Glucosamine 6-Phosphate,glmS
DB02657,Glucosamine 6-Phosphate,nagA
DB02658,"2,4-Dinitrophenyl 2-Deoxy-2-Fluoro-Beta-D-Allopyranoside",bglA
DB02659,Cholic Acid,PLA2G1B
DB02659,Cholic Acid,FECH
DB02659,Cholic Acid,CES1
DB02659,Cholic Acid,ADH1C
DB02659,Cholic Acid,ESRRG
DB02659,Cholic Acid,FABP6
DB02659,Cholic Acid,COX4I1
DB02659,Cholic Acid,MT-CO1
DB02659,Cholic Acid,MT-CO2
DB02659,Cholic Acid,MT-CO3
DB02659,Cholic Acid,COX5A
DB02659,Cholic Acid,COX5B
DB02659,Cholic Acid,COX6C
DB02659,Cholic Acid,COX7B
DB02659,Cholic Acid,COX7C
DB02659,Cholic Acid,COX8A
DB02659,Cholic Acid,COX6A2
DB02659,Cholic Acid,COX6B1
DB02659,Cholic Acid,COX7A1
DB02659,Cholic Acid,cbh
DB02659,Cholic Acid,NR1H4
DB02659,Cholic Acid,GPBAR1
DB02660,Filaminast,PDE4B
DB02661,"Adenosine-5'-diphosphate-2',3'-vanadate",PAPSS1
DB02662,Novo Nordisk a/S Compound,PTPN1
DB02663,2-Amino-4-(Hydroxymethyl-Phosphinyl)Butanoic Acid,glnA
DB02664,1-Butane Boronic Acid,
DB02665,"(1R,2S)-2-Phenylcyclopropanaminium",PRSS1
DB02666,(C8-R)-hydantocidin 5'-phosphate,Adss
DB02666,(C8-R)-hydantocidin 5'-phosphate,purA
DB02667,Vitamin B 12 factor IIIm,
DB02668,JE-2147,gag-pol
DB02668,JE-2147,gag-pol
DB02669,RB106,PARP1
DB02669,RB106,npr
DB02669,RB106,nprS
DB02670,4-Deoxy-Alpha-D-Glucose,
DB02670,4-Deoxy-Alpha-D-Glucose,SMARCA5
DB02671,1-Methylimidazole,MB
DB02671,1-Methylimidazole,fixL
DB02673,"(4aS,6R,8aS)-11-[8-(1,3-Dioxo-1,3-dihydro-2H-isoindol-2-yl)octyl]-6-hydroxy-3-methoxy-5,6,9,10-tetrahydro-4aH-[1]benzofuro[3a,3,2-ef][2]benzazepin-11-ium",ACHE
DB02674,"4-(2-Oxo-Hexahydro-Thieno[3,4-D]Imidazol-4-Yl)-Butyricacid",
DB02676,"2-[3-(2-Hydroxy-1,1-Dihydroxymethyl-Ethylamino)-Propylamino]-2-Hydroxymethyl-Propane-1,3-Diol",PDE4D
DB02677,D-naphthyl-1-acetamido boronic acid alanine,subC
DB02678,beta-D-Galactosamine,LGALS7
DB02679,Cyanamide,CTSK
DB02679,Cyanamide,CA2
DB02680,"1,3-Dinitrobenzene",manA
DB02681,"2,8-bis[oxido(oxo)vanadio]-1,1,1,3,5,5,7,7,9,9,9-undecaoxopentavanadoxane-2,8-diium",udp
DB02681,"2,8-bis[oxido(oxo)vanadio]-1,1,1,3,5,5,7,7,9,9,9-undecaoxopentavanadoxane-2,8-diium",CKS1B
DB02683,Inhibitor Bea428,gag-pol
DB02684,5'-O-(L-Cysteinylsulfamoyl)adenosine,EPRS1
DB02685,3-Methylphenylalanine,CTSB
DB02686,Undecyl-Beta-D-Maltopyranoside,ntpK
DB02688,"2,3-Didehydroalanine",mrsA
DB02689,S-{2-[Amino(Dihydroxy)-Lambda~4~-Sulfanyl]Ethyl}-D-Cysteine,ARG1
DB02690,NU1025,PARP1
DB02691,Glycocholic acid,FABP6
DB02693,"(4S,5S)-1,2-dithiane-4,5-diol",ribH
DB02694,Pantoyl Adenylate,panC
DB02695,O1-Pentyl-Mannose,
DB02696,"6-Aminohexyl-uridine-C1,5'-diphosphate",B4GALT1
DB02697,Hydroxyaminovaline,MMP3
DB02697,Hydroxyaminovaline,MMP13
DB02700,3-Deoxy-D-Glucosamine,fhuA
DB02701,Nicotinamide,BST1
DB02701,Nicotinamide,eta
DB02701,Nicotinamide,PARP1
DB02701,Nicotinamide,SIRT5
DB02701,Nicotinamide,LDHA
DB02702,XV638,gag-pol
DB02703,Fusidic acid,fusA
DB02703,Fusidic acid,cat
DB02703,Fusidic acid,cat3
DB02704,"(2R,3R,4R,5R)-3,4-Dihydroxy-N,N'-bis[(1S,2R)-2-hydroxy-2,3-dihydro-1H-inden-1-yl]-2,5-bis(2-phenylethyl)hexanediamide",gag-pol
DB02705,"6-[N-(1-Isopropyl-1,2,3,4-Tetrahydro-7-Isoquinolinyl)Carbamyl]-2-Naphthalenecarboxamidine",PLAU
DB02706,Mercaptocarboxylate Inhibitor,
DB02709,Resveratrol,SIRT1
DB02709,Resveratrol,NQO2
DB02709,Resveratrol,CSNK2A1
DB02709,Resveratrol,PTGS1
DB02709,Resveratrol,PTGS2
DB02709,Resveratrol,ALOX15
DB02709,Resveratrol,ALOX5
DB02709,Resveratrol,AHR
DB02709,Resveratrol,PI4K2B
DB02709,Resveratrol,ITGA5
DB02709,Resveratrol,ITGB3
DB02709,Resveratrol,APP
DB02709,Resveratrol,SNCA
DB02709,Resveratrol,ESR1
DB02709,Resveratrol,MTNR1A
DB02709,Resveratrol,MTNR1B
DB02709,Resveratrol,CLEC14A
DB02709,Resveratrol,NR1I2
DB02709,Resveratrol,NR1I3
DB02709,Resveratrol,SLC2A1
DB02709,Resveratrol,CBR1
DB02709,Resveratrol,PPARA
DB02709,Resveratrol,PPARG
DB02709,Resveratrol,AKT1
DB02709,Resveratrol,KHSRP
DB02709,Resveratrol,YARS1
DB02710,"2,3,-Dihydroxybenzoylserine",LCN2
DB02711,"4-{2,6,8-Trioxo-9-[(2S,3R,4R)-2,3,4,5-Tetrahydroxypentyl]-1,2,3,6,8,9-Hexahydro-7h-Purin-7-Yl}Butyl Dihydrogen Phosphate",ribH
DB02712,Sorbinil,AKR1B1
DB02713,Acetylamino-Acetic Acid,thiO
DB02714,3'-Uridinemonophosphate,RNASE1
DB02715,Compound 18,ESR1
DB02716,7-methyl-guanosine-5'-triphosphate,EIF4E
DB02717,Cellotetraose,cbhA
DB02719,C-(1-hydrogyl-beta-D-glucopyranosyl) formamide,PYGM
DB02720,alpha-D-glucopyranosyl-2-carboxylic acid amide,PYGM
DB02721,4-Iodopyrazole,ADH1C
DB02721,4-Iodopyrazole,ADH1B
DB02721,4-Iodopyrazole,ADH1A
DB02721,4-Iodopyrazole,cyp121
DB02722,4-O-methyl-beta-D-glucuronic acid,aguA
DB02723,"4-Oxo-2-Phenylmethanesulfonyl-Octahydro-Pyrrolo[1,2-a]Pyrazine-6-Carboxylic Acid [1-(N-Hydroxycarbamimidoyl)-Piperidin-4-Ylmethyl]-Amide",F2
DB02724,Delta-2-Albomycin A1,fhuD
DB02724,Delta-2-Albomycin A1,fhuA
DB02725,"2-Amino-4-(4-Amino-Cyclohexa-2,5-Dienyl)-Butyric Acid",bioA
DB02726,2-Phosphoglycolic Acid,hxpB
DB02726,2-Phosphoglycolic Acid,ENO3
DB02726,2-Phosphoglycolic Acid,PKLR
DB02726,2-Phosphoglycolic Acid,TPI
DB02726,2-Phosphoglycolic Acid,nagB
DB02726,2-Phosphoglycolic Acid,pfkA
DB02726,2-Phosphoglycolic Acid,TPI1
DB02726,2-Phosphoglycolic Acid,PKM
DB02726,2-Phosphoglycolic Acid,tpiA
DB02726,2-Phosphoglycolic Acid,mgsA
DB02726,2-Phosphoglycolic Acid,ENO2
DB02726,2-Phosphoglycolic Acid,tpiA
DB02726,2-Phosphoglycolic Acid,aroG
DB02727,2-butyl-1-hydroxyguanidine,NOS1
DB02728,7-Hydroxy-2-Oxo-Chromene-3-Carboxylic Acid Ethyl Ester,MIF
DB02729,SD146,gag-pol
DB02730,4-Methylthio-Alpha-D-Mannose,AMY2B
DB02731,Ethylmercurithiosalicylic acid,OXCT1
DB02731,Ethylmercurithiosalicylic acid,
DB02733,Purvalanol,CDK2
DB02733,Purvalanol,ADRB3
DB02733,Purvalanol,CDK5
DB02733,Purvalanol,CDK1
DB02733,Purvalanol,SRPK2
DB02733,Purvalanol,CRK2
DB02733,Purvalanol,CDK4
DB02733,Purvalanol,MAPK1
DB02733,Purvalanol,MAPK3
DB02735,2-Amino-3-Oxo-4-Sulfo-Butyric Acid,STS
DB02736,Acetamide,amiC
DB02738,Adenosine-5'-Pentaphosphate,ndx1
DB02740,3-Indolebutyric Acid,B2M
DB02740,3-Indolebutyric Acid,TRAC
DB02740,3-Indolebutyric Acid,TRBC1
DB02740,3-Indolebutyric Acid,tyrB
DB02741,CD564,RARG
DB02742,Kifunensine,MAN2A1
DB02742,Kifunensine,MAN1B1
DB02742,Kifunensine,MSDC
DB02743,beta-D-galactopyranosyl-(1->4)-beta-D-galactopyranose,ganB
DB02744,RPR131247,PRSS1
DB02745,Uridine,TYMP
DB02745,Uridine,LSM6
DB02745,Uridine,tsx
DB02746,Phthalic Acid,ESR1
DB02746,Phthalic Acid,PGR
DB02746,Phthalic Acid,ESR2
DB02746,Phthalic Acid,PPARA
DB02746,Phthalic Acid,PPARD
DB02746,Phthalic Acid,PPARG
DB02746,Phthalic Acid,RXRA
DB02746,Phthalic Acid,RXRB
DB02746,Phthalic Acid,RXRG
DB02746,Phthalic Acid,nadC
DB02749,Pyromellitic Acid,fumC
DB02750,S-(Methylmercury)-L-Cysteine,EFL1
DB02751,Glycocyamine,GAMT
DB02752,Tosyl-D-Proline,TMP1
DB02752,Tosyl-D-Proline,thyA
DB02753,Selenoinosine,ptd
DB02754,"9-Butyl-8-(3,4,5-Trimethoxybenzyl)-9h-Purin-6-Amine",HSP90AA1
DB02754,"9-Butyl-8-(3,4,5-Trimethoxybenzyl)-9h-Purin-6-Amine",HSP90AB1
DB02755,1-3 Sugar Ring of Pentamannosyl 6-Phosphate,M6PR
DB02757,Pyrazole,ESR1
DB02757,Pyrazole,ESR2
DB02757,Pyrazole,ADH1C
DB02758,Indolepropionic acid,PLA2G2E
DB02758,Indolepropionic acid,aspC
DB02758,Indolepropionic acid,tyrB
DB02759,4-methyl-umbelliferyl-N-acetyl-chitobiose,LYZ
DB02761,S-Mercaptocysteine,sufS
DB02761,S-Mercaptocysteine,glpE
DB02761,S-Mercaptocysteine,hcp
DB02761,S-Mercaptocysteine,MST
DB02761,S-Mercaptocysteine,sseA
DB02761,S-Mercaptocysteine,hcp
DB02761,S-Mercaptocysteine,TST
DB02761,S-Mercaptocysteine,
DB02762,RU79072,SRC
DB02763,5-Mercapto-2-Nitro-Benzoic Acid,IL12B
DB02763,5-Mercapto-2-Nitro-Benzoic Acid,arsC
DB02765,R-9-(2-hydroxypropyl)adenine,TK1
DB02765,R-9-(2-hydroxypropyl)adenine,TK
DB02765,R-9-(2-hydroxypropyl)adenine,TK
DB02766,(3R)-3-{[(Benzyloxy)carbonyl]amino}-2-oxo-4-phenylbutane-1-diazonium,speB
DB02767,(R)-3-hydroxytetradecanoic acid,TLR4
DB02767,(R)-3-hydroxytetradecanoic acid,tonB
DB02767,(R)-3-hydroxytetradecanoic acid,LY96
DB02767,(R)-3-hydroxytetradecanoic acid,fhuA
DB02768,Tert-Butyloxycarbonyl Group,gag-pol
DB02770,7-alpha-D-Ribofuranosyl-2-aminopurine-5'-phosphate,cobT
DB02772,Sucrose,blaZ
DB02772,Sucrose,TAS1R2
DB02772,Sucrose,ampC
DB02772,Sucrose,LYZ
DB02772,Sucrose,ACTA1
DB02772,Sucrose,ams
DB02772,Sucrose,blaCTX-M-9a
DB02772,Sucrose,
DB02772,Sucrose,hmuO
DB02772,Sucrose,ATOX1
DB02772,Sucrose,RTCB
DB02772,Sucrose,
DB02772,Sucrose,scrY
DB02772,Sucrose,sacB
DB02773,(3-Chloro-4-Propoxy-Phenyl)-Acetic Acid,PTGS1
DB02774,"1,3-Propanediol",linB
DB02774,"1,3-Propanediol",ARF1
DB02776,1-Hexadecanosulfonic Acid,LIP1
DB02776,1-Hexadecanosulfonic Acid,
DB02778,"2,5-Anhydroglucitol-1,6-Biphosphate",FBP1
DB02778,"2,5-Anhydroglucitol-1,6-Biphosphate",FBP2
DB02779,Dodecyltrimethylammonium,PTPN11
DB02780,Beta-3-Cysteine,env
DB02783,4'-Deoxy-4'-Acetylyamino-Pyridoxal-5'-Phosphate,gabT
DB02783,4'-Deoxy-4'-Acetylyamino-Pyridoxal-5'-Phosphate,GOT2
DB02784,N-(Bromoacetyl)-beta-alanyl-N-(2-{4-[(carboxycarbonyl)amino]phenyl}ethyl)-L-serinamide,PTPN1
DB02785,"(2S)-1-[(2S,4R)-4-Benzyl-2-hydroxy-5-{[(1S,2R,5S)-2-hydroxy-5-methylcyclopentyl]amino}-5-oxopentyl]-4-{[6-chloro-5-(4-methyl-1-piperazinyl)-2-pyrazinyl]carbonyl}-N-(2-methyl-2-propanyl)-2-piperazineca rboxamide",gag-pol
DB02786,2-Anhydro-3-Fluoro-Quinic Acid,aroQ
DB02787,N-Acetylmannosaminitol,synC
DB02789,Pregnenolone,ESRRA
DB02789,Pregnenolone,NR1I2
DB02789,Pregnenolone,SULT2B1
DB02790,Phenyl-uridine-5'-diphosphate,galE
DB02793,Isochorismic Acid,phzD1
DB02794,"(2S)-2-({4-[(2S)-1-(2-Amino-4-oxo-1,4-dihydro-6-quinazolinyl)-3-{[2-({(2R,3R,4S,5R)-3,4-dihydroxy-5-[(phosphonooxy)methyl]tetrahydro-2-furanyl}amino)-2-oxoethyl]amino}-2-hydroxy-2-propanyl]benzoyl}ami no)pentanedioic acid",purN
DB02795,P-Anisic Acid,PLA2G1B
DB02795,P-Anisic Acid,PLA2G2E
DB02796,9-deazainosine,PNP
DB02797,3-Nitrophenylboronic Acid,blaZ
DB02797,3-Nitrophenylboronic Acid,ampC
DB02798,Alpha-Methylene Adenosine Monophosphate,prs
DB02799,N-[2-(1-maleimidyl)ethyl]-7-diethylaminocoumarin-3-carboxamide,pstS
DB02800,"5-hydroxymethyl-5,6-dihydrofolic acid",SHMT1
DB02800,"5-hydroxymethyl-5,6-dihydrofolic acid",
DB02801,"2,3-Anhydro-quinic acid",aroQ
DB02801,"2,3-Anhydro-quinic acid",aroQ
DB02802,3-(alpha-D-Galactopyranosyloxy)-5-nitrobenzamide,ctxB
DB02803,"3-Phenyl-1,2-Propandiol",REN
DB02804,A-98881,gag-pol
DB02805,Arabinouridine 3'-phosphate,RNASE1
DB02809,"Brodimoprim-4,6-Dicarboxylate",PDF
DB02809,"Brodimoprim-4,6-Dicarboxylate",folA
DB02810,N-(2-Acetamido)Iminodiacetic Acid,def
DB02810,N-(2-Acetamido)Iminodiacetic Acid,def
DB02811,Diethyl phosphonate,BCHE
DB02811,Diethyl phosphonate,fbpC
DB02812,RWJ-56423,PRSS1
DB02813,"2-Acetamido-2-Deoxy-D-Glucono-1,5-Lactone",HEXB
DB02813,"2-Acetamido-2-Deoxy-D-Glucono-1,5-Lactone",chiB
DB02816,"7-(1-Methyl-1,2,3-Triazol-4-Yl)-6-Formyl-2,7-Dihydro-[1,4]Thiazepine-3-Carboxylic Acid, Brl42715, C6-(N1-Methyl-1,2,3-Triazolylmethylene)Penem",ampC
DB02817,5-Exo-Hydroxycamphor,camC
DB02818,Iodo-Willardiine,GRIK1
DB02818,Iodo-Willardiine,GRIA2
DB02819,"Mono-[3,4-Dihydroxy-5-(5-Methyl-Benzoimidazol-1-Yl)-Tetrahydor-Furan-2-Ylmethyl] Ester",cobT
DB02820,"1-Azepan-1-Yl-2-Phenyl-2-(4-Thioxo-1,4-Dihydro-Pyrazolo[3,4-D]Pyrimidin-5-Yl)Ethanone Adduct",HSD17B10
DB02821,Canaline,OAT
DB02822,Para-Bromobenzyl Alcohol,ADH1C
DB02823,Phosphonoacetic Acid,phoA
DB02824,N-Pyridoxyl-Glycine-5-Monophosphate,ODC1
DB02824,N-Pyridoxyl-Glycine-5-Monophosphate,SHMT1
DB02824,N-Pyridoxyl-Glycine-5-Monophosphate,glyA
DB02824,N-Pyridoxyl-Glycine-5-Monophosphate,
DB02825,Methylphosphinate,ACHE
DB02827,"7-(1,1-Dioxo-1h-Benzo[D]Isothiazol-3-Yloxymethyl)-2-(Oxalyl-Amino)-4,7-Dihydro-5h-Thieno[2,3-C]Pyran-3-Carboxylic Acid",PTPN1
DB02828,5-Fluorolevulinic Acid,ALAD
DB02828,5-Fluorolevulinic Acid,hemB
DB02829,4-(Acetylamino)-3-[(Aminoacetyl)Amino]Benzoic Acid,NA
DB02830,FR236913,ADA
DB02831,Dihydrogenphosphate,DCXR
DB02831,Dihydrogenphosphate,pstS
DB02832,Siroheme,cysI
DB02833,[4-(2-Amino-4-Methyl-Thiazol-5-Yl)-Pyrimidin-2-Yl]-(3-Nitro-Phenyl)-Amine,CCNA2
DB02833,[4-(2-Amino-4-Methyl-Thiazol-5-Yl)-Pyrimidin-2-Yl]-(3-Nitro-Phenyl)-Amine,CDK2
DB02834,IDD552,AKR1B1
DB02835,"Alpha-D-Glucose 1,6-Bisphosphate",pgmB
DB02835,"Alpha-D-Glucose 1,6-Bisphosphate",PGM1
DB02836,Guanosine 5'-diphosphate 2':3'-cyclic monophosphate,purA
DB02836,Guanosine 5'-diphosphate 2':3'-cyclic monophosphate,relA
DB02837,4-(Hydrogen sulfate)-beta-D-galactopyranose,MBL2
DB02838,"3,4-Dihydro-2h-Pyrrolium-5-Carboxylate",DAO
DB02839,"2,4-Dihydroxybenzoic Acid",pobA
DB02839,"2,4-Dihydroxybenzoic Acid",pobA
DB02840,"4-(1,3-Benzodioxol-5-Yl)-5-(5-Ethyl-2,4-Dihydroxyphenyl)-2h-Pyrazole-3-Carboxylic Acid",HSP90AA1
DB02841,[(2-Ethoxy-1-Naphthoyl)Amino]Methylboronic Acid,bla
DB02841,[(2-Ethoxy-1-Naphthoyl)Amino]Methylboronic Acid,bla
DB02841,[(2-Ethoxy-1-Naphthoyl)Amino]Methylboronic Acid,blaCTX-M-9a
DB02843,alpha-D-glucose-1-phosphate,PYGM
DB02843,alpha-D-glucose-1-phosphate,algC
DB02843,alpha-D-glucose-1-phosphate,malP
DB02843,alpha-D-glucose-1-phosphate,agp
DB02843,alpha-D-glucose-1-phosphate,rmlA
DB02844,"S-Adenosyl-1,8-Diamino-3-Thiooctane",speE
DB02845,Methylphosphinic Acid,ACHE
DB02845,Methylphosphinic Acid,BCHE
DB02845,Methylphosphinic Acid,estA
DB02846,L-thioproline,ANXA5
DB02848,"{4-[3-(6,7-Diethoxy-Quinazolin-4-Ylamino)-Phenyl]-Thiazol-2-Yl}-Methanol",FBP1
DB02849,N-Pyridoxyl-1-Amino-Cyclopropanecarboxylic Acid-5-Monophosphate,dgdA
DB02850,DAS869,HPD
DB02851,Thiocamphor,camC
DB02852,Domoic Acid,GRIK1
DB02852,Domoic Acid,GRIK2
DB02854,Aetiocholanolone,IGHG2
DB02854,Aetiocholanolone,SULT2A1
DB02854,Aetiocholanolone,fabG3
DB02854,Aetiocholanolone,HSD17B11
DB02855,N-(3-Propylcarbamoyloxirane-2-Carbonyl)-Isoleucyl-Proline,CTSB
DB02856,Ethyl N-methylcarbamate,stxB
DB02857,Guanosine,PNP
DB02857,Guanosine,UL54
DB02857,Guanosine,
DB02857,Guanosine,43
DB02857,Guanosine,
DB02858,3-(4-Benzenesulfonyl-Thiophene-2-Sulfonylamino)-Phenylboronic Acid,ampC
DB02859,Soraphen A,ACACB
DB02860,Calyculin A,SLC12A1
DB02860,Calyculin A,PPP1CC
DB02861,"4-(Aminosulfonyl)-N-[(3,4,5-Trifluorophenyl)Methyl]-Benzamide",CA2
DB02865,Glucosamine 4-Phosphate,fhuA
DB02866,Dansylamide,CA2
DB02867,D-Mannose 1-phosphate,algC
DB02868,Deacetoxyvinzolidine,CALM1
DB02869,3-amino-5-phenylpentane,CTSK
DB02869,3-amino-5-phenylpentane,CTSV
DB02870,N-Allylaniline,E
DB02871,3-Butylthiolane 1-Oxide,ADH1C
DB02872,"Cis-[4,5-Bis-(4-Bromophenyl)-2-(2-Ethoxy-4-Methoxyphenyl)-4,5-Dihydroimidazol-1-Yl]-[4-(2-Hydroxyethyl)Piperazin-1-Yl]Methanone",MDM2
DB02873,"1-(2,6-Dichlorophenyl)-5-(2,4-Difluorophenyl)-7-Piperazin-1-Yl-3,4-Dihydroquinazolin-2(1h)-One",MAPK14
DB02875,CRA_1802,PRSS1
DB02876,"3-(4-carbamoyl-1-carboxy-2-methylsulfonyl-buta-1,3-dienylamino)-indolizine-2-carboxylic acid",ampC
DB02877,Arotinoid acid,RARB
DB02878,3-(2-Aminoethyl)-4-(Aminomethyl)Heptanedioic Acid,ALAD
DB02879,"2,3-Di-O-Sulfo-Alpha-D-Glucopyranose",
DB02883,"2',3'-Dideoxycytidine-5'-Monophosphate",cmk
DB02884,3-Cyclohexyl-L-alanine,CACNA2D1
DB02884,3-Cyclohexyl-L-alanine,ZFY
DB02885,4-Imino-5-methidyl-2-trifluoromethylpyrimidine,thiE
DB02887,Stavudine triphosphate,NME1
DB02888,FKB-001,FKBP1A
DB02889,"4-O-(4,6-Dideoxy-4-{[4,5,6-Trihydroxy-3-(Hydroxymethyl)Cyclohex-2-En-1-Yl]Amino}-Beta-D-Lyxo-Hexopyranosyl)-Alpha-D-Erythro-Hexopyranose",AMY2A
DB02890,6-hydroxyuridine-5'-phosphate,UMPS
DB02890,6-hydroxyuridine-5'-phosphate,pyrF
DB02892,L-2-Amino-6-Methylene-Pimelic Acid,ddh
DB02893,D-Methionine,METAP2
DB02893,D-Methionine,
DB02894,"Sulfamic Acid 2,3-O-(1-Methylethylidene)-4,5-O-Sulfonyl-Beta-Fructopyranose Ester",CA2
DB02895,3-(Prop-2-Ene-1-Sulfinyl)-Propene-1-Thiol,GSR
DB02896,Methylthioinosine,deoD
DB02897,Acetylphosphate,fcl
DB02897,Acetylphosphate,pta
DB02898,(5R)-5-{[(2-Amino-3H-purin-6-yl)oxy]methyl}-2-pyrrolidinone,CDK2
DB02899,N-Carboxymethionine,TMP1
DB02899,N-Carboxymethionine,ureC
DB02899,N-Carboxymethionine,ureB
DB02899,N-Carboxymethionine,ureA
DB02899,N-Carboxymethionine,
DB02899,N-Carboxymethionine,
DB02899,N-Carboxymethionine,rsmF
DB02899,N-Carboxymethionine,thyA
DB02900,alpha-D-mannose 6-phosphate,M6PR
DB02900,alpha-D-mannose 6-phosphate,algC
DB02900,alpha-D-mannose 6-phosphate,IGF2R
DB02901,Stanolone,AR
DB02901,Stanolone,ESR1
DB02901,Stanolone,NR3C2
DB02901,Stanolone,HSD17B1
DB02902,3'-phospho-5'-adenylyl sulfate,SULT1E1
DB02903,"1,3-bis-([[3-(4-{3-[3-nitro-5-(galactopyranosyloxy)-benzoylamino]-propyl}-piperazin-1-yl)-propylamino-3,4-dioxo-cyclobutenyl]-amino-ethyl]-amino-carbonyloxy)-2-amino-propane",ctxB
DB02904,Beta-3-Serine,env
DB02905,N7-(5'-Phospho-alpha-ribosyl)-2-hydroxypurine,cobT
DB02906,"(2s,4s)-Alpha-Campholinic Acid",camK
DB02907,2-Amino-Vinyl-Phosphate,fhuA
DB02908,RU78783,SRC
DB02909,5-(2-Chlorophenyl)Furan-2-Carboxylic Acid,map
DB02909,5-(2-Chlorophenyl)Furan-2-Carboxylic Acid,map
DB02910,Octanoyl-Coenzyme A,ECHS1
DB02910,Octanoyl-Coenzyme A,ECI1
DB02910,Octanoyl-Coenzyme A,ACADM
DB02911,"2,4-Diamino-6-Phenyl-5,6,7,8,-Tetrahydropteridine",NOS3
DB02912,Propanoyl-CoA,pccB
DB02915,"4-(2,4-Dimethyl-1,3-thiazol-5-yl)-N-[4-(trifluoromethyl)phenyl]-2-pyrimidinamine",CCNA2
DB02915,"4-(2,4-Dimethyl-1,3-thiazol-5-yl)-N-[4-(trifluoromethyl)phenyl]-2-pyrimidinamine",CDK2
DB02917,N-Hydroxy-4-(Methyl{[5-(2-Pyridinyl)-2-Thienyl]Sulfonyl}Amino)Benzamide,HDAC8
DB02918,Zardaverine,PDE4D
DB02919,"2,4-Diamino-6-[N-(3',4',5'-Trimethoxybenzyl)-N-Methylamino]Pyrido[2,3-D]Pyrimidine",DHFR
DB02921,(South)-Methanocarba-Thymidine,TK1
DB02921,(South)-Methanocarba-Thymidine,TK
DB02923,"Biphenyl-2,3-Diol",doxG
DB02923,"Biphenyl-2,3-Diol",bphC
DB02923,"Biphenyl-2,3-Diol",bphC
DB02924,"(4R)-limonene 1α,2α-epoxide",LCN9
DB02925,Piretanide,SLC12A1
DB02927,"Mixed Carbamic Phosphoric Acid Anhydride of 7,8-Diaminononanic Acid",bioD1
DB02928,3-Amino-6-Hydroxy-Tyrosine,tynA
DB02929,K201 free base,ANXA5
DB02930,Adenosine 5'-[gamma-thio]triphosphate,BST1
DB02930,Adenosine 5'-[gamma-thio]triphosphate,SYN1
DB02930,Adenosine 5'-[gamma-thio]triphosphate,BCKDK
DB02930,Adenosine 5'-[gamma-thio]triphosphate,PFKFB1
DB02930,Adenosine 5'-[gamma-thio]triphosphate,PMS2
DB02930,Adenosine 5'-[gamma-thio]triphosphate,recA
DB02930,Adenosine 5'-[gamma-thio]triphosphate,recA
DB02930,Adenosine 5'-[gamma-thio]triphosphate,recA
DB02930,Adenosine 5'-[gamma-thio]triphosphate,
DB02930,Adenosine 5'-[gamma-thio]triphosphate,purT
DB02930,Adenosine 5'-[gamma-thio]triphosphate,recQ
DB02930,Adenosine 5'-[gamma-thio]triphosphate,dnaX
DB02930,Adenosine 5'-[gamma-thio]triphosphate,pknB
DB02930,Adenosine 5'-[gamma-thio]triphosphate,cag-alfa
DB02931,CoA-s-acetyl tryptamine,AANAT
DB02932,(R)-Bicalutamide,AR
DB02933,5'-Deoxy-5'-(Methylthio)-Tubercidin,MTAP
DB02933,5'-Deoxy-5'-(Methylthio)-Tubercidin,mtnN
DB02934,9-(6-deoxy-alpha-L-talofuranosyl)-6-methylpurine,deoD
DB02935,Diglyme,HSP90B1
DB02936,4-(1-Benzyl-3-Carbamoylmethyl-2-Methyl-1h-Indol-5-Yloxy)-Butyric Acid,PLA2G2A
DB02937,"Gamma-Arsono-Beta, Gamma-Methyleneadenosine-5'-Diphosphate",nadE
DB02937,"Gamma-Arsono-Beta, Gamma-Methyleneadenosine-5'-Diphosphate",glpK
DB02938,Heptanoic acid,PLA2G1B
DB02940,"(4s)-2-[(1e)-1-Aminoprop-1-Enyl]-4,5-Dihydro-1,3-Thiazole-4-Carboxylic Acid",tpdA
DB02940,"(4s)-2-[(1e)-1-Aminoprop-1-Enyl]-4,5-Dihydro-1,3-Thiazole-4-Carboxylic Acid",rplK
DB02941,3-(1-Aminoethyl)Nonanedioic Acid,bioD1
DB02942,"Inositol 1,3-Bisphosphate",EEA1
DB02943,N-(4-Aminobutanoyl)-S-(4-methoxybenzyl)-L-cysteinylglycine,GSTA1
DB02945,alpha-L-iduronic acid,cslA
DB02947,2-Fluoro-2'-Deoxyadenosine,deoD
DB02948,Fosmidomycin,dxr
DB02949,2-Acetyl-Protoporphyrin Ix,cycA
DB02950,Hymenialdisine,CDK2
DB02950,Hymenialdisine,CDK5
DB02950,Hymenialdisine,CDK1
DB02951,3-Hydroxypyruvic Acid,TPI
DB02951,3-Hydroxypyruvic Acid,nanA
DB02952,2-aminoisobutyric acid,CRH
DB02952,2-aminoisobutyric acid,NPY
DB02953,2-Thiomethyl-3-Phenylpropanoic Acid,MMP8
DB02954,(Carboxyhydroxyamino)Ethanoic Acid,Adss
DB02954,(Carboxyhydroxyamino)Ethanoic Acid,purA
DB02954,(Carboxyhydroxyamino)Ethanoic Acid,purA
DB02955,Ricinoleic acid,CNR1
DB02955,Ricinoleic acid,CNR2
DB02955,Ricinoleic acid,TRPV1
DB02956,Pentasulfide-Sulfur,sud
DB02959,Oxitriptan,trpS2
DB02961,Rhamnose,rhaA
DB02962,Benzimidazole,DYRK1A
DB02962,Benzimidazole,cobT
DB02963,"(5-Chloropyrazolo[1,5-a]Pyrimidin-7-Yl)-(4-Methanesulfonylphenyl)Amine",CDK2
DB02964,"8,9,10-Trihydroxy-7-hydroxymethyl-2-thioxo-6-oxa-1,3-diaza-spiro[4.5]decan-4-one",PYGM
DB02965,Ndelta-(N'-Sulphodiaminophosphinyl)-L-Ornithine,argI
DB02966,Fluoro-Willardiine,GRIA2
DB02966,Fluoro-Willardiine,GRIA3
DB02966,Fluoro-Willardiine,GRIA1
DB02966,Fluoro-Willardiine,GRIA4
DB02967,N-Ethylmaleimide,CLC
DB02968,Penicillin G Acyl-Serine,blaR1
DB02968,Penicillin G Acyl-Serine,pbp
DB02969,5-(2-hydroxyethyl)-4-methylthiazole,thiM
DB02970,2-Propyl-Aniline,E
DB02972,1-Benzyl-(R)-Propylamine,gag-pol
DB02973,4-(5-Bromo-2-Oxo-2h-Indol-3-Ylazo)-Benzenesulfonamide,CDK2
DB02974,4-(4-Chlorophenyl)Imidazole,CYP2B6
DB02975,GE-2270A,tufA
DB02975,GE-2270A,MEF-1
DB02976,Uridine-5'-diphosphate-2-deoxy-2-fluorogalactose,lgtC
DB02976,Uridine-5'-diphosphate-2-deoxy-2-fluorogalactose,lgtC
DB02977,PNU177836,PTPN1
DB02979,"N1,N14-Bis((S-Methyl)Isothioureido)Tetradecane",NOS3
DB02980,Thymidine-5'-(dithio)phosphate,
DB02981,Vitamin B6 Complexed with 2-Amino-Hexanoic Acid,aspC
DB02983,Para-Mercury-Benzenesulfonic Acid,ESR2
DB02983,Para-Mercury-Benzenesulfonic Acid,CLC
DB02984,"4-[3-Methylsulfanylanilino]-6,7-Dimethoxyquinazoline",MAPK14
DB02985,8-iodo-guanine,PNP
DB02985,8-iodo-guanine,punA
DB02986,"N-(2-Thienylmethyl)-2,5-Thiophenedisulfonamide",CA2
DB02987,Cysteine-S-acetamide,RNASE1
DB02987,Cysteine-S-acetamide,OAS1
DB02988,Imino-Tryptophan,DAO
DB02989,CRA_10972,PRSS1
DB02990,S-(2-Acetamidoethyl) hexadecanethioate,inhA
DB02991,S-Ethyl-N-[4-(Trifluoromethyl)Phenyl]Isothiourea,NOS1
DB02992,1-Deoxy-6-O-Phosphono-1-[(Phosphonomethyl)Amino]-L-Threo-Hexitol,kdsA
DB02994,Cacodylic acid,NOS3
DB02994,Cacodylic acid,AKR1B1
DB02994,Cacodylic acid,gag-pol
DB02994,Cacodylic acid,GNAT1
DB02995,Cyclohexylammonium Ion,murA
DB02995,Cyclohexylammonium Ion,murA
DB02996,2-(Thiomethylene)-4-Methylpentanoic Acid,ADAM28
DB02998,Metribolone,PGR
DB02998,Metribolone,AR
DB02998,Metribolone,NCOA2
DB02998,Metribolone,NR3C2
DB02998,Metribolone,KLK3
DB02999,Quisqualic acid,FOLH1
DB02999,Quisqualic acid,GRM5
DB02999,Quisqualic acid,GRM3
DB02999,Quisqualic acid,GRM2
DB02999,Quisqualic acid,GRIK1
DB02999,Quisqualic acid,GRM1
DB02999,Quisqualic acid,GRIA2
DB02999,Quisqualic acid,GRIK2
DB03000,S-9-(2-hydroxypropyl)adenine,TK1
DB03000,S-9-(2-hydroxypropyl)adenine,TK
DB03000,S-9-(2-hydroxypropyl)adenine,ADA
DB03003,Glutathione sulfonic acid,GSTM4
DB03003,Glutathione sulfonic acid,GSTA1
DB03003,Glutathione sulfonic acid,GSTP1
DB03003,Glutathione sulfonic acid,gstA
DB03005,"3,8-Diamino-6-Phenyl-5-[6-[1-[2-[(1,2,3,4-Tetrahydro-9-Acridinyl)Amino]Ethyl]-1h-1,2,3-Triazol-5-Yl]Hexyl]-Phenanthridinium",ACHE
DB03006,Arsanilic acid,LYZ
DB03008,5-fluoro-beta-L-gulosyl fluoride,MAN2A1
DB03010,Patupilone,TUBB
DB03010,Patupilone,TUBB1
DB03010,Patupilone,TUBB4B
DB03010,Patupilone,TUBB4A
DB03010,Patupilone,TUBA4A
DB03010,Patupilone,TUBB3
DB03010,Patupilone,TUBA1C
DB03010,Patupilone,TUBA8
DB03010,Patupilone,TUBA1B
DB03010,Patupilone,TUBA1A
DB03010,Patupilone,TUBA3C
DB03011,Adenosine-5'-(Dithio)Phosphate,
DB03012,Phenylalanine-N-Sulfonamide,CPA1
DB03013,N-acetyl-beta-D-glucosaminyl-(1->4)-N-acetyl-beta-D-glucosamine,chb
DB03013,N-acetyl-beta-D-glucosaminyl-(1->4)-N-acetyl-beta-D-glucosamine,LYZ
DB03013,N-acetyl-beta-D-glucosaminyl-(1->4)-N-acetyl-beta-D-glucosamine,B4GALT1
DB03015,"6-hydroxy-1,6-dihydro purine nucleoside",ADA
DB03016,CRA_1801,PRSS1
DB03017,Lauric acid,TLR4
DB03017,Lauric acid,LTF
DB03017,Lauric acid,PLA2G2A
DB03017,Lauric acid,
DB03017,Lauric acid,
DB03017,Lauric acid,
DB03017,Lauric acid,HNF4A
DB03017,Lauric acid,VLDLR
DB03017,Lauric acid,GLTP
DB03017,Lauric acid,fabF
DB03017,Lauric acid,tonB
DB03017,Lauric acid,C8G
DB03017,Lauric acid,PLA2G2D
DB03017,Lauric acid,pvdQ
DB03017,Lauric acid,LY96
DB03017,Lauric acid,PPARA
DB03017,Lauric acid,fhuA
DB03017,Lauric acid,GM2A
DB03017,Lauric acid,ADH5
DB03017,Lauric acid,fabH
DB03017,Lauric acid,fabB
DB03018,"3,4-dimethylaniline",cobT
DB03019,"4-(2,5-Dichloro-Thiophen-3-Yl)-Pyrimidin-2-Ylamine",CDK2
DB03020,5-beta-D-ribofuranosylnicotinamide adenine dinucleotide,ADH1C
DB03021,Ulapualide A,ACTA1
DB03022,"3-[2,6,8-Trioxo-9-[(2R,3S,4R)-2,3,4,5-tetrahydroxypentyl]-3H-purin-7-yl]propyl dihydrogen phosphate",ribH
DB03023,"1-Tert-Butyl-3-(4-Chloro-Phenyl)-1h-Pyrazolo[3,4-D]Pyrimidin-4-Ylamine",LYN
DB03023,"1-Tert-Butyl-3-(4-Chloro-Phenyl)-1h-Pyrazolo[3,4-D]Pyrimidin-4-Ylamine",SRC
DB03023,"1-Tert-Butyl-3-(4-Chloro-Phenyl)-1h-Pyrazolo[3,4-D]Pyrimidin-4-Ylamine",LCK
DB03024,2-Methyl-3-(2-Aminothiazolo)Propanal,REN
DB03026,Phosphoglycolohydroxamic Acid,kbaY
DB03026,Phosphoglycolohydroxamic Acid,fbaA
DB03026,Phosphoglycolohydroxamic Acid,TPI1
DB03026,Phosphoglycolohydroxamic Acid,mgsA
DB03026,Phosphoglycolohydroxamic Acid,rhaD
DB03026,Phosphoglycolohydroxamic Acid,fucA
DB03028,1h-Benoximidazole-2-Carboxylic Acid,CTSD
DB03030,4-(2-Thienyl)-1-(4-Methylbenzyl)-1h-Imidazole,inhA
DB03030,4-(2-Thienyl)-1-(4-Methylbenzyl)-1h-Imidazole,fabI
DB03031,Adamantane-1-Carboxylic Acid-5-Dimethylamino-Naphthalene-1-Sulfonylamino-Octyl-Amide,camC
DB03032,S-octylglutathione,GSTM4
DB03033,4-methoxybenzenesulfinate,MMP3
DB03033,4-methoxybenzenesulfinate,MMP13
DB03034,D-Levofloxacin,lytA
DB03035,"1,8-Di-Hydroxy-4-Nitro-Anthraquinone",CSNK2A1
DB03037,Oxidized Acetyl Dithranol,actVA 6
DB03038,LY341770,TMP1
DB03038,LY341770,thyA
DB03039,"4-(Aminosulfonyl)-N-[(2,5-Difluorophenyl)Methyl]-Benzamide",CA2
DB03040,Nitrilotriacetic acid,LTF
DB03041,UDP-alpha-D-glucuronic acid,GALE
DB03041,UDP-alpha-D-glucuronic acid,B3GAT3
DB03041,UDP-alpha-D-glucuronic acid,hasB
DB03042,5-Phosphoarabinonic Acid,pgi2
DB03042,5-Phosphoarabinonic Acid,GPI
DB03044,Doramapimod,HCK
DB03044,Doramapimod,MAPK14
DB03045,Pantothenyl-Aminoethanol-Acetate Pivalic Acid,phaA
DB03046,7-Methoxy-8-[1-(Methylsulfonyl)-1h-Pyrazol-4-Yl]Naphthalene-2-Carboximidamide,PLAU
DB03048,6-Carboxymethyluracil,DPYD
DB03049,S-Selanyl Cysteine,sufS
DB03051,(S)-2-Tetrahydrofuroic acid,qheDH
DB03051,(S)-2-Tetrahydrofuroic acid,putA
DB03052,Dazoxiben,TBXAS1
DB03053,1-Aminocyclopropylphosphonate,acdS
DB03056,4-Piperidino-Piperidine,CES1
DB03057,Malonaldehyde,bla
DB03058,2-Aminobenzyl alcohol,CFD
DB03059,Acetoacetyl-CoA,HADH
DB03059,Acetoacetyl-CoA,phaA
DB03059,Acetoacetyl-CoA,ACADS
DB03059,Acetoacetyl-CoA,ECHS1
DB03059,Acetoacetyl-CoA,menB
DB03059,Acetoacetyl-CoA,
DB03059,Acetoacetyl-CoA,mvaS
DB03060,Sri-9662,PDF
DB03060,Sri-9662,DHFR
DB03061,(R)-N-(1-Methyl-Hexyl)-Formamide,ADH1C
DB03062,(1-Methyl-1h-Imidazol-2-Yl)-(3-Methyl-4-{3-[(Pyridin-3-Ylmethyl)-Amino]-Propoxy}-Benzofuran-2-Yl)-Methanone,NMT1
DB03062,(1-Methyl-1h-Imidazol-2-Yl)-(3-Methyl-4-{3-[(Pyridin-3-Ylmethyl)-Amino]-Propoxy}-Benzofuran-2-Yl)-Methanone,NMT1
DB03063,"N-[(2S,3S)-4-[2-[(5S)-3a,4,5,6,7,7a-Hexahydro-1,3-benzodioxol-5-yl]ethyl-[3-(1,3-dioxoisoindol-2-yl)propanoyl]amino]-3-hydroxy-1-phenylbutan-2-yl]-3,5-dimethoxy-4-phenylmethoxybenzamide",PMII
DB03064,"3-Decyl-2,5-Dioxo-4-Hydroxy-3-Pyrroline",HAO1
DB03065,7-Nitroindazole-2-Carboxamidine,NOS3
DB03066,D-Lactic acid,
DB03067,"4-{2,4-Bis[(3-Nitrobenzoyl)Amino]Phenoxy}Phthalic Acid",PYGM
DB03068,Zebularine,cdd
DB03069,Cytidine-5'-diphospho-beta-D-xylose,rfbG
DB03070,Selenazole-4-carboxyamide-adenine dinucleotide,IMPDH2
DB03072,"2-{3-[4-(4-Fluorophenyl)-3,6-Dihydro-1(2h)-Pyridinyl]Propyl}-8-Methyl-4(3h)-Quinazolinone",PARP1
DB03073,3-Methoxybenzamide,PARP1
DB03074,7-cyano-7-deazaguanine,tgt
DB03075,(Diphosphono)Aminophosphonic Acid,metK
DB03076,"3-[[(3R,4S,5S,6R)-7-Benzyl-4,5-dihydroxy-1,1-dioxo-3,6-bis(phenoxymethyl)-1,2,7-thiadiazepan-2-yl]methyl]-N-methylbenzamide",gag-pol
DB03077,"3-Amino-4-{3-[2-(2-Propoxy-Ethoxy)-Ethoxy]-Propylamino}-Cyclobut-3-Ene-1,2-Dione",ctxB
DB03077,"3-Amino-4-{3-[2-(2-Propoxy-Ethoxy)-Ethoxy]-Propylamino}-Cyclobut-3-Ene-1,2-Dione",ctxB
DB03078,PASBN,SRC
DB03079,Alpha-Ribazole-5'-Phosphate Derivative,cobT
DB03081,"[N-[N-(4-Methoxy-2,3,6-trimethylphenylsulfonyl)-L-aspartyl]-D-(4-amidino-phenylalanyl)]-piperidine",PRSS1
DB03082,6-[(Z)-Amino(Imino)Methyl]-N-[4-(Aminomethyl)Phenyl]-4-(Pyrimidin-2-Ylamino)-2-Naphthamide,PLAU
DB03083,IC261,CSNK1E
DB03083,IC261,CSNK1A1
DB03083,IC261,CSNK1G2
DB03084,"Cyclopropyl-{4-[5-(3,4-Dichlorophenyl)-2-[(1-Methyl)-Piperidin]-4-Yl-3-Propyl-3h-Imidazol-4-Yl]-Pyrimidin-2-Yl}Amine",MAPK10
DB03085,Glycolic acid,G6PD
DB03086,"N'-(2s,3r)-3-Amino-4-Cyclohexyl-2-Hydroxy-Butano-N-(4-Methylphenyl)Hydrazide",METAP2
DB03087,2-(Sec-Butyl)Thiazole,LCN9
DB03088,Pidolic acid,AMY2A
DB03088,Pidolic acid,AMY2B
DB03088,Pidolic acid,VEGFA
DB03088,Pidolic acid,IGLC1
DB03088,Pidolic acid,IGLV2-8
DB03088,Pidolic acid,TFF2
DB03088,Pidolic acid,cycA
DB03088,Pidolic acid,ADAM28
DB03088,Pidolic acid,
DB03088,Pidolic acid,nir
DB03088,Pidolic acid,KRTAP5-2
DB03088,Pidolic acid,HCRT
DB03088,Pidolic acid,CCL8
DB03088,Pidolic acid,
DB03090,Ethylaminobenzylmethylcarbonyl Group,SAP2
DB03091,Isoglutamine,atpF
DB03092,5-Hydroxymethyl-Chonduritol,AMY2A
DB03092,5-Hydroxymethyl-Chonduritol,AMY2B
DB03093,"8-(2,5-Dimethoxy-Benzyl)-2-Fluoro-9h-Purin-6-Ylamine",HSP90AA1
DB03095,Tetramethylammonium,GALE
DB03096,2-Morpholinoethylamine,CTSD
DB03097,"PMP-hydroxyisoxazole, pyridoxamine-5-phosphate-hydroxyisoxazole",alr
DB03098,[Methylseleno]Acetate,soxA
DB03100,6-Nitroindazole,NOS2
DB03100,6-Nitroindazole,NOS3
DB03101,Ribose-1-Phosphate,PNP
DB03101,Ribose-1-Phosphate,udp
DB03102,"2-(Oxalyl-Amino)-4,7-Dihydro-5h-Thieno[2,3-C]Pyran-3-Carboxylic Acid",PTPN1
DB03103,Thymidine-5'- Diphosphate,NME1
DB03104,2-[4-[(Z)-2-Acetamido-3-oxo-3-[[(3S)-2-oxo-1-[(4-phenylphenyl)methyl]azepan-3-yl]amino]prop-1-enyl]-2-formylphenyl]acetic acid,SRC
DB03106,scyllo-inositol,GBA1
DB03106,scyllo-inositol,
DB03106,scyllo-inositol,CDIPT
DB03106,scyllo-inositol,plcA
DB03107,beta-Alanine,SLC6A11
DB03107,beta-Alanine,panC
DB03108,4-phospho-D-erythronic acid,PGD
DB03108,4-phospho-D-erythronic acid,rpiB
DB03109,2-acetylamino-2-deoxy-b-D-allopyranose,CHIT1
DB03109,2-acetylamino-2-deoxy-b-D-allopyranose,chiB
DB03109,2-acetylamino-2-deoxy-b-D-allopyranose,chiA
DB03110,2-Chlorophenol,MAPK14
DB03111,Glucosamine 1-Phosphate,fhuA
DB03112,"6-(2-Oxo-Hexahydro-Thieno[3,4-D]Imidazol-4-Yl)-Hexanoic Acid",
DB03113,3-Fluoro-2-(Phosphonooxy)Propanoic Acid,kdsA
DB03114,PAS219,SRC
DB03115,"5-Bromo-N-[(2S)-2,3-dihydroxypropoxy]-3,4-difluoro-2-[(2-fluoro-4-iodophenyl)amino]benzamide",MAP2K1
DB03116,5-(1-Carboxy-1-Phosphonooxy-Ethoxyl)-Shikimate-3-Phosphate,aroA
DB03117,2-carboxypropyl-coenzyme A,scpB
DB03118,(2Z)-1-(5-Chloro-1H-indol-3-yl)-3-hydroxy-3-(1H-tetrazol-5-yl)-2-propen-1-one,gag-pol
DB03120,p-Toluenesulfonic acid,LYZ
DB03120,p-Toluenesulfonic acid,CTSH
DB03121,(1-Benzyl-5-methoxy-2-methyl-1H-indol-3-yl)acetic acid,PLA2G2A
DB03124,5-[4-(1-Carboxymethyl-2-Oxo-Propylcarbamoyl)-Benzylsulfamoyl]-2-Hydroxy-Benzoic Acid,CASP3
DB03125,"2,4-Diamino-5-(3,4,5-Trimethoxy-Benzyl)-Pyrimidin-1-Ium",DHFR
DB03125,"2,4-Diamino-5-(3,4,5-Trimethoxy-Benzyl)-Pyrimidin-1-Ium",folA
DB03126,Mant-Adp,MYH14
DB03127,Benzamidine,PRSS1
DB03127,Benzamidine,ST14
DB03127,Benzamidine,PLAU
DB03127,Benzamidine,KLK1
DB03127,Benzamidine,CSNK2A1
DB03127,Benzamidine,KLK6
DB03127,Benzamidine,PRSS2
DB03127,Benzamidine,PRSS3
DB03127,Benzamidine,ATOX1
DB03127,Benzamidine,ECI1
DB03127,Benzamidine,sprT
DB03128,Acetylcholine,CHRM1
DB03128,Acetylcholine,CHRM2
DB03128,Acetylcholine,CHRM3
DB03128,Acetylcholine,CHRM4
DB03128,Acetylcholine,CHRNA7
DB03129,"Diamino-N-[3-(1,3,2-dioxaborolan-2-yloxy)propyl]methaniminium",PRSS3
DB03130,S-P-Nitrobenzyloxycarbonylglutathione,GLO1
DB03132,3-(2-Benzothiazolylthio)-1-Propanesulfonic Acid,TPI1
DB03132,3-(2-Benzothiazolylthio)-1-Propanesulfonic Acid,
DB03133,"2-(Beta-D-Glucopyranosyl)-5-Methyl-1,2,3-Benzimidazole",PYGM
DB03134,L-2-aminopimelic acid,dapD
DB03135,[2(Formyl-Hydroxy-Amino)-Ethyl]-Phosphonic Acid,TPI1
DB03136,4-Iodobenzo[B]Thiophene-2-Carboxamidine,F2
DB03136,4-Iodobenzo[B]Thiophene-2-Carboxamidine,PLAU
DB03136,4-Iodobenzo[B]Thiophene-2-Carboxamidine,F9
DB03136,4-Iodobenzo[B]Thiophene-2-Carboxamidine,PRSS1
DB03137,"8-(2,5-Dimethoxy-Benzyl)-2-Fluoro-9-Pent-9h-Purin-6-Ylamine",HSP90AA1
DB03138,Perchlorate,arsC
DB03139,"6-[5-(2-Oxo-Hexahydro-Thieno[3,4-D]Imidazol-4-Yl)-Pentanoylamino]-Hexanoic Acid",
DB03140,4-Carboxyphenylboronic Acid,blaZ
DB03140,4-Carboxyphenylboronic Acid,ampC
DB03141,"3-{[(5R,6R)-5-Benzyl-6-hydroxy-2,4-bis(4-hydroxybenzyl)-3-oxo-1,2,4-triazepan-1-yl]sulfonyl}benzonitril",gag-pol
DB03141,"3-{[(5R,6R)-5-Benzyl-6-hydroxy-2,4-bis(4-hydroxybenzyl)-3-oxo-1,2,4-triazepan-1-yl]sulfonyl}benzonitril",ORF
DB03142,Alpha-L-Arabinose,araF
DB03142,Alpha-L-Arabinose,araC
DB03142,Alpha-L-Arabinose,galM
DB03143,Nonan-1-Ol,atpE
DB03144,N(5)-[(hydroxyamino)(imino)methyl]-L-ornithine,NOS3
DB03144,N(5)-[(hydroxyamino)(imino)methyl]-L-ornithine,NOS2
DB03144,N(5)-[(hydroxyamino)(imino)methyl]-L-ornithine,NOS1
DB03144,N(5)-[(hydroxyamino)(imino)methyl]-L-ornithine,nos
DB03144,N(5)-[(hydroxyamino)(imino)methyl]-L-ornithine,ARG1
DB03145,4-Methyl-5-Hydroxyethylthiazole Phosphate,thiE
DB03146,2-deazo-6-thiophosphate guanosine-5'-monophosphate,purA
DB03147,Flavin adenine dinucleotide,NOS1
DB03147,Flavin adenine dinucleotide,DPYD
DB03147,Flavin adenine dinucleotide,XDH
DB03147,Flavin adenine dinucleotide,NQO1
DB03147,Flavin adenine dinucleotide,MAOA
DB03147,Flavin adenine dinucleotide,TXNRD1
DB03147,Flavin adenine dinucleotide,MAOB
DB03147,Flavin adenine dinucleotide,GSR
DB03147,Flavin adenine dinucleotide,NQO2
DB03147,Flavin adenine dinucleotide,NDUFA9
DB03147,Flavin adenine dinucleotide,pobA
DB03147,Flavin adenine dinucleotide,pobA
DB03147,Flavin adenine dinucleotide,fccA
DB03147,Flavin adenine dinucleotide,ERO1B
DB03147,Flavin adenine dinucleotide,fprA
DB03147,Flavin adenine dinucleotide,CYB5R3
DB03147,Flavin adenine dinucleotide,choA
DB03147,Flavin adenine dinucleotide,thyX
DB03147,Flavin adenine dinucleotide,pox5
DB03147,Flavin adenine dinucleotide,gor
DB03147,Flavin adenine dinucleotide,soxA
DB03147,Flavin adenine dinucleotide,TPR
DB03147,Flavin adenine dinucleotide,IVD
DB03147,Flavin adenine dinucleotide,choB
DB03147,Flavin adenine dinucleotide,dld
DB03147,Flavin adenine dinucleotide,ACAD8
DB03147,Flavin adenine dinucleotide,AIFM1
DB03147,Flavin adenine dinucleotide,glf
DB03147,Flavin adenine dinucleotide,hmp
DB03147,Flavin adenine dinucleotide,thiO
DB03147,Flavin adenine dinucleotide,POR
DB03147,Flavin adenine dinucleotide,GCDH
DB03147,Flavin adenine dinucleotide,ACADM
DB03147,Flavin adenine dinucleotide,DAO
DB03147,Flavin adenine dinucleotide,putA
DB03147,Flavin adenine dinucleotide,phr
DB03147,Flavin adenine dinucleotide,ACADS
DB03147,Flavin adenine dinucleotide,IL4I1
DB03147,Flavin adenine dinucleotide,fadH
DB03147,Flavin adenine dinucleotide,xecC
DB03147,Flavin adenine dinucleotide,fccA
DB03147,Flavin adenine dinucleotide,trxB
DB03147,Flavin adenine dinucleotide,metF
DB03147,Flavin adenine dinucleotide,dmg
DB03147,Flavin adenine dinucleotide,npr
DB03147,Flavin adenine dinucleotide,petH
DB03147,Flavin adenine dinucleotide,cysJ
DB03147,Flavin adenine dinucleotide,fpr
DB03147,Flavin adenine dinucleotide,
DB03147,Flavin adenine dinucleotide,bphA4
DB03147,Flavin adenine dinucleotide,
DB03147,Flavin adenine dinucleotide,
DB03147,Flavin adenine dinucleotide,phrB
DB03147,Flavin adenine dinucleotide,phr
DB03147,Flavin adenine dinucleotide,nadB
DB03147,Flavin adenine dinucleotide,cry
DB03147,Flavin adenine dinucleotide,DLD
DB03147,Flavin adenine dinucleotide,ifcA
DB03147,Flavin adenine dinucleotide,CYB5R1
DB03147,Flavin adenine dinucleotide,
DB03147,Flavin adenine dinucleotide,FDXR
DB03147,Flavin adenine dinucleotide,ACOX1
DB03147,Flavin adenine dinucleotide,murB
DB03147,Flavin adenine dinucleotide,GFER
DB03147,Flavin adenine dinucleotide,murB
DB03147,Flavin adenine dinucleotide,hmp
DB03147,Flavin adenine dinucleotide,pheA2
DB03147,Flavin adenine dinucleotide,metF
DB03147,Flavin adenine dinucleotide,camA
DB03147,Flavin adenine dinucleotide,lpdA
DB03147,Flavin adenine dinucleotide,glf
DB03147,Flavin adenine dinucleotide,abfD
DB03147,Flavin adenine dinucleotide,pchF
DB03147,Flavin adenine dinucleotide,ahpF
DB03147,Flavin adenine dinucleotide,m-6
DB03147,Flavin adenine dinucleotide,GR
DB03147,Flavin adenine dinucleotide,pamO
DB03147,Flavin adenine dinucleotide,benC
DB03147,Flavin adenine dinucleotide,
DB03147,Flavin adenine dinucleotide,fkbI
DB03147,Flavin adenine dinucleotide,lpdV
DB03147,Flavin adenine dinucleotide,lpd
DB03147,Flavin adenine dinucleotide,ahpF
DB03147,Flavin adenine dinucleotide,petH
DB03147,Flavin adenine dinucleotide,fpr
DB03147,Flavin adenine dinucleotide,mrsD
DB03148,Adenosine 5'-methylenediphosphate,NT5E
DB03148,Adenosine 5'-methylenediphosphate,prs
DB03148,Adenosine 5'-methylenediphosphate,
DB03148,Adenosine 5'-methylenediphosphate,ushA
DB03150,"2',3'-Dideoxythymidine-5'-Monophosphate",DTYMK
DB03151,mu4-sulfido-quadro-tetracopper,
DB03151,mu4-sulfido-quadro-tetracopper,nosZ
DB03152,B-2-Octylglucoside,puhA
DB03152,B-2-Octylglucoside,aqpZ
DB03152,B-2-Octylglucoside,petB
DB03152,B-2-Octylglucoside,petA
DB03152,B-2-Octylglucoside,petC
DB03152,B-2-Octylglucoside,RHO
DB03152,B-2-Octylglucoside,TGM3
DB03152,B-2-Octylglucoside,polA
DB03152,B-2-Octylglucoside,aqpZ
DB03153,"3H-pyrazolo[4,3-d]pyrimidin-7-ol",LACZ
DB03153,"3H-pyrazolo[4,3-d]pyrimidin-7-ol",HPRT1
DB03154,{[7-(Difluoro-Phosphono-Methyl)-Naphthalen-2-Yl]-Difluoro-Methyl}-Phosphonic Acid,PTPN1
DB03155,2'-fluoro-2'-deoxyuridine 3'-monophosphate,RNASE1
DB03156,beta-D-glucuronic acid,
DB03156,beta-D-glucuronic acid,cslA
DB03156,beta-D-glucuronic acid,aguA
DB03157,"N,O-didansyl-L-tyrosine",TMP1
DB03157,"N,O-didansyl-L-tyrosine",thyA
DB03158,"D-Myo-Inositol-1,4-Bisphosphate",INPP5B
DB03159,CRA_8696,F2
DB03159,CRA_8696,PLAU
DB03159,CRA_8696,PRSS1
DB03160,N-Pyridoxyl-7-Keto-8-Aminopelargonic Acid-5'-Monophosphate,bioF
DB03161,Thymidine-5'-diphospho-beta-D-xylose,rmlB
DB03161,Thymidine-5'-diphospho-beta-D-xylose,rmlC
DB03162,"4-oxo-4,5-dihydro-1,2,5-thiadiazole-3-carboxylic acid",
DB03163,2-oxopropyl-CoM,xecC
DB03164,6-amino-1-methyl-7H-purin-1-ium,OPG102
DB03165,2-Dimethylamino-Ethyl-Diphosphate,idi
DB03169,(S)-Hmg-Coa,HMGCR
DB03169,(S)-Hmg-Coa,mvaA
DB03170,Dephospho Coenzyme A,coaD
DB03171,Indole-3-Propanol Phosphate,trpA
DB03171,Indole-3-Propanol Phosphate,trpB
DB03171,Indole-3-Propanol Phosphate,trpA
DB03172,Tubercidin,deoD
DB03173,CRA_10433,PRSS1
DB03174,Phosphonoacetaldehyde,phnX
DB03175,Propyl alcohol,LYZ
DB03176,KB-141,THRA
DB03176,KB-141,THRB
DB03177,5-methylbenzimidazole,cobT
DB03178,"Guanosine-2',3'-cyclophosphorothioate",rnaSA
DB03179,Sinapoyl coenzyme A,COMTD1
DB03180,"4,5-Dimethyl-1,2-phenylenediamine",cobT
DB03181,"2-[4-(4-Hydroxy-3-Isopropyl-Phenoxy)-3,5-Dimethyl-Phenyl]-2h-[1,2,4]Triazine-3,5-Dione",THRB
DB03182,alpha-Fluoro-carboxymethyldethia coenzyme A complex,CS
DB03183,"1-(4-Aminophenyl)-3,5-Dimethyl-1h-Pyrazole-4-Carboxylic Acid Ethyl Ester",PDE4D
DB03185,"1-Beta-Ribofuranosyl-1,3-Diazepinone",CDA
DB03186,Adenylate-3'-phosphate-[[2'-deoxy-uridine-5'-phosphate]-3'-phosphate],RNASE1
DB03187,6-(Hydroxyethyldithio)-8-(Aminomethylthio)Octanoic Acid,GCSH
DB03189,Cu-Cyclam,LYZ
DB03190,6-o-Capryloylsucrose,pbpX
DB03191,3-Oxiran-2ylalanine,MAT1A
DB03192,(R)-3-hydroxydecanoyl-CoA,HSD17B4
DB03193,Stearic acid,PPARA
DB03193,Stearic acid,PLA2G2D
DB03194,Methyl beta-L-fucopyranoside,MBL2
DB03195,3'-Fluoro-3'-deoxythymidine 5'-monophosphate,DTYMK
DB03196,4-Nitrophenyl-Ara,abfA
DB03197,6-Hydroxymethylpterin,folK
DB03198,Thio-Maltohexaose,
DB03199,4-Methoxy-E-Rhodomycin T,dnrK
DB03200,7-Alpha-D-Ribofuranosyl-Purine-5'-Phosphate,cobT
DB03201,D-Cysteine,CPA1
DB03202,"2-[5-Methanesulfonylamino-2-(4-Aminophenyl)-6-Oxo-1,6-Dihydro-1-Pyrimidinyl]-N-(3,3,3-Trifluoro-1-Isopropyl-2-Oxopropyl)Acetamide",CELA1
DB03203,Sphingosine,PCYT1B
DB03203,Sphingosine,
DB03203,Sphingosine,
DB03203,Sphingosine,
DB03203,Sphingosine,
DB03203,Sphingosine,PVR
DB03203,Sphingosine,GLTP
DB03205,Pyrroloquinoline Quinone,qheDH
DB03205,Pyrroloquinoline Quinone,gdhB
DB03205,Pyrroloquinoline Quinone,pqqC
DB03205,Pyrroloquinoline Quinone,exaA
DB03205,Pyrroloquinoline Quinone,qbdA
DB03206,Duvoglustat,GANC
DB03206,Duvoglustat,GANAB
DB03206,Duvoglustat,GAA
DB03206,Duvoglustat,MGAM
DB03206,Duvoglustat,cgt
DB03206,Duvoglustat,bglA
DB03206,Duvoglustat,MAN1B1
DB03206,Duvoglustat,MSDC
DB03206,Duvoglustat,xylA
DB03207,"2-(Biphenyl-4-Sulfonyl)-1,2,3,4-Tetrahydro-Isoquinoline-3-Carboxylic Acid",MMP8
DB03210,4-Aminohydrocinnamic Acid,tyrB
DB03211,(3-Formyl-but-3-Enyl)-Phosphonic Acid,
DB03212,4-Deoxyglucarate,gudD
DB03213,Bis(5-Amidino-2-Benzimidazolyl)Methane Ketone,PRSS1
DB03214,Vinylglycine,IL4I1
DB03214,Vinylglycine,ACCS
DB03215,"(2s,5s)-5-Carboxymethylproline",carA
DB03216,"(1'R,2'S)-9-(2-Hydroxy-3'-Keto-Cyclopenten-1-yl)Adenine",AHCY
DB03217,DPI59,SRC
DB03218,N-acetyl-N'-beta-D-glucopyranosyl urea,PYGM
DB03219,11-Deoxy-Beta-Rhodomycin,rdmB
DB03220,FR-234938,ADA
DB03221,AL7099A,CA2
DB03222,dATP,P2RY11
DB03222,dATP,nrdD
DB03222,dATP,recA
DB03222,dATP,recA
DB03222,dATP,
DB03222,dATP,POLB
DB03222,dATP,nrdE
DB03223,Diphthamide,EEF2
DB03224,2-Formyl-Protoporphryn Ix,cycA
DB03225,D-Tryptophan,HCAR3
DB03225,D-Tryptophan,DAO
DB03226,Trifluoroethanol,ADH1C
DB03226,Trifluoroethanol,HRAS
DB03226,Trifluoroethanol,
DB03227,Nicotinamide Mononucleotide,BST1
DB03227,Nicotinamide Mononucleotide,NMNAT1
DB03227,Nicotinamide Mononucleotide,NMNAT3
DB03227,Nicotinamide Mononucleotide,ligA
DB03228,"5-[Bis-2(Chloro-Ethyl)-Amino]-2,4-Dintro-Benzamide",nfsB
DB03229,alpha-Ketoisocaproic acid,cefE
DB03229,alpha-Ketoisocaproic acid,
DB03230,Adenosine-5'-Propylphosphate,acs
DB03231,"3-(5-Amino-7-oxo-3,7-dihydro-2H-[1,2,3]triazolo[4,5-d]pyrimidin-2-yl)-N-(2-{[2-(hydroxymethyl)phenyl]sulfanyl}benzyl)benzamide",folB
DB03232,"2-[(2e,6e,10e,14e,18e,22e,26e)-3,7,11,15,19,23,27,31-Octamethyldotriaconta-2,6,10,14,18,22,26,30-Octaenyl]Phenol",yceI
DB03233,3'-deoxy-3'-aminothymidine monophosphate,DTYMK
DB03234,"(4'-{[Allyl(Methyl)Amino]Methyl}-1,1'-Biphenyl-4-Yl)(4-Bromophenyl)Methanone",shc
DB03235,N-{3-[4-(3-aminopropyl)piperazin-1-yl]propyl}-3-(alpha-D-galactopyranosyloxy)-5-nitrobenzamide,ctxB
DB03237,"2,3-Dihydroxy-5-Oxo-Hexanedioate",gudD
DB03238,"3,5-Difluoroaniline",E
DB03240,"(S)-2-Amino-3-(1,3,5,7-Pentahydro-2,4-Dioxo-Cyclopenta[E]Pyrimidin-1-Yl) Proionic Acid",GRIA2
DB03241,1-Amino-1-Carbonyl Pentane,SAP2
DB03242,P-Aminophenyl-Alpha-D-Galactopyranoside,eltB
DB03243,4-Fluorobenzylamine,PRSS1
DB03245,S-4-Nitrobutyryl-CoA,GCDH
DB03246,Beta-L-Arabinose,araF
DB03247,Flavin mononucleotide,BLVRB
DB03247,Flavin mononucleotide,HAO1
DB03247,Flavin mononucleotide,PNPO
DB03247,Flavin mononucleotide,
DB03247,Flavin mononucleotide,RFK
DB03247,Flavin mononucleotide,nfsA
DB03247,Flavin mononucleotide,NOS1
DB03247,Flavin mononucleotide,pyrD
DB03247,Flavin mononucleotide,DPYD
DB03247,Flavin mononucleotide,DHODH
DB03247,Flavin mononucleotide,
DB03247,Flavin mononucleotide,nfsB
DB03247,Flavin mononucleotide,aroC
DB03247,Flavin mononucleotide,fadH
DB03247,Flavin mononucleotide,pyrDA
DB03247,Flavin mononucleotide,pdxH
DB03247,Flavin mononucleotide,onr
DB03247,Flavin mononucleotide,azoR
DB03247,Flavin mononucleotide,epiD
DB03247,Flavin mononucleotide,azoR
DB03247,Flavin mononucleotide,aroC
DB03247,Flavin mononucleotide,isiB
DB03247,Flavin mononucleotide,
DB03247,Flavin mononucleotide,isiB
DB03247,Flavin mononucleotide,
DB03247,Flavin mononucleotide,cmoJ
DB03247,Flavin mononucleotide,
DB03247,Flavin mononucleotide,nrdI
DB03247,Flavin mononucleotide,ecdB
DB03247,Flavin mononucleotide,mdlB
DB03247,Flavin mononucleotide,azr
DB03247,Flavin mononucleotide,fldA
DB03247,Flavin mononucleotide,SGK1
DB03247,Flavin mononucleotide,nfsB
DB03247,Flavin mononucleotide,fprA
DB03247,Flavin mononucleotide,fni
DB03247,Flavin mononucleotide,tmd
DB03247,Flavin mononucleotide,roo
DB03247,Flavin mononucleotide,
DB03247,Flavin mononucleotide,morB
DB03247,Flavin mononucleotide,frp
DB03247,Flavin mononucleotide,RPS6KA4
DB03247,Flavin mononucleotide,phzG
DB03247,Flavin mononucleotide,HAO2
DB03247,Flavin mononucleotide,
DB03247,Flavin mononucleotide,fldA
DB03247,Flavin mononucleotide,fni
DB03247,Flavin mononucleotide,nox
DB03247,Flavin mononucleotide,
DB03247,Flavin mononucleotide,
DB03247,Flavin mononucleotide,POR
DB03247,Flavin mononucleotide,PPCDC
DB03247,Flavin mononucleotide,phzG
DB03247,Flavin mononucleotide,gltS
DB03248,2-(Phosphonooxy)Butanoic Acid,kdsA
DB03250,"2-(Beta-D-Glucopyranosyl)-5-Methyl-1,3,4-Benzothiazole",PYGM
DB03251,RWJ-51084,PRSS1
DB03252,D-Lysine,dadX
DB03252,D-Lysine,lysA
DB03253,(2s)-Pyrrolidin-2-Ylmethylamine,DPP4
DB03254,4-Phenyl-1h-Imidazole,IDO1
DB03254,4-Phenyl-1h-Imidazole,cyp158a2
DB03255,Phenol,CA9
DB03255,Phenol,CA14
DB03255,Phenol,CA2
DB03255,Phenol,CA12
DB03255,Phenol,CA4
DB03255,Phenol,CA1
DB03255,Phenol,ALB
DB03255,Phenol,npr
DB03256,(6R)-Folinic acid,glyA
DB03256,(6R)-Folinic acid,gcvT
DB03256,(6R)-Folinic acid,arnA
DB03256,(6R)-Folinic acid,FTCD
DB03256,(6R)-Folinic acid,dmg
DB03257,"5-[1-(Acetylamino)-3-Methylbutyl]-2,5-Anhydro-3,4-Dideoxy-4-(Methoxycarbonyl)Pentonic Acid",NA
DB03258,2'-Deoxycytidine 5'-triphosphate,nrdD
DB03258,2'-Deoxycytidine 5'-triphosphate,dcd
DB03258,2'-Deoxycytidine 5'-triphosphate,polA
DB03258,2'-Deoxycytidine 5'-triphosphate,nrdE
DB03259,"2',6'-Dichloro-Biphenyl-2,6-Diol",bphC
DB03260,Hexamethylene diamine,CA12
DB03260,Hexamethylene diamine,CA14
DB03260,Hexamethylene diamine,CA9
DB03260,Hexamethylene diamine,CA6
DB03260,Hexamethylene diamine,CA1
DB03260,Hexamethylene diamine,CA4
DB03260,Hexamethylene diamine,
DB03262,"Al-6619, [2h-Thieno[3,2-E]-1,2-Thiazine-6-Sulfonamide,2-(3-Hydroxyphenyl)-3-(4-Morpholinyl)-, 1,1-Dioxide]",CA2
DB03264,Dodecyl-Coa,fabH
DB03264,Dodecyl-Coa,fadR
DB03267,1-Allyl-3-Butyl-8-(N-Acetyl-4-Aminobenzyl)-Xanthine,PCK1
DB03268,RU82197,SRC
DB03270,"2,6-Difluorobenzenesulfonamide",CA2
DB03273,3'-Oxo-Adenosine,AHCY
DB03274,"2',5'-Dideoxyuridine",TMP1
DB03274,"2',5'-Dideoxyuridine",thyA
DB03276,"4-[(10s,14s,18s)-18-(2-Amino-2-Oxoethyl)-14-(1-Naphthylmethyl)-8,17,20-Trioxo-7,16,19-Triazaspiro[5.14]Icos-11-En-10-Yl]Benzylphosphonic Acid",GRB2
DB03277,alpha-maltotriose,AMY2B
DB03277,alpha-maltotriose,malE
DB03278,D-Treitol,pflB
DB03279,Dodecyl-Alpha-D-Maltoside,RARG
DB03280,p1-(5'-adenosyl)p5-(5'-thymidyl)pentaphosphate,TK1
DB03280,p1-(5'-adenosyl)p5-(5'-thymidyl)pentaphosphate,tmk
DB03280,p1-(5'-adenosyl)p5-(5'-thymidyl)pentaphosphate,DTYMK
DB03280,p1-(5'-adenosyl)p5-(5'-thymidyl)pentaphosphate,tmk
DB03280,p1-(5'-adenosyl)p5-(5'-thymidyl)pentaphosphate,TK
DB03280,p1-(5'-adenosyl)p5-(5'-thymidyl)pentaphosphate,tdk
DB03283,beta-L-fucose,ACHE
DB03283,beta-L-fucose,
DB03284,"2,6-Anhydro-3-Deoxy-D-Erythro-Hex-2-Enonic Acid",
DB03286,C-(1-Azido-Alpha-D-Glucopyranosyl) Formamide,PYGM
DB03288,5-Chloro-1h-Indole-2-Carboxylic Acid{[Cyclopentyl-(2-Hydroxy-Ethyl)-Carbamoyl]-Methyl}-Amide,PYGL
DB03289,Thiarsa Dihydroxy Cysteine,arsC
DB03290,L-naphthyl-1-acetamido boronic acid alanine,subC
DB03292,3-Phosphono-D-alanine,PSPH
DB03294,"1-Methyl-3-Oxo-1,3-Dihydro-Benzo[C]Isothiazole-5-Sulfonic Acid Amide",CA2
DB03296,3'-beta-Sialyl-beta-lactose,
DB03297,Benzylsulfonic acid,CMA1
DB03297,Benzylsulfonic acid,apr
DB03297,Benzylsulfonic acid,rsbQ
DB03297,Benzylsulfonic acid,SOD2
DB03297,Benzylsulfonic acid,HPN
DB03297,Benzylsulfonic acid,
DB03297,Benzylsulfonic acid,estB
DB03298,Phenylphosphate,SRC
DB03299,N-Succinyl Phenylglycine,Aaar
DB03300,Pterin Cytosine Dinucleotide,MOD
DB03301,2-Allyl-6-Methyl-Phenol,E
DB03304,7-Deaza-7-Aminomethyl-Guanine,tgt
DB03305,N(G)-Iminoethylornithine,NOS3
DB03305,N(G)-Iminoethylornithine,NOS1
DB03305,N(G)-Iminoethylornithine,NOS2
DB03306,RU78300,SRC
DB03307,4-[(6-Amino-4-Pyrimidinyl)Amino]Benzenesulfonamide,CDK2
DB03308,L-Leucyl-Hydroxylamine,nprS
DB03309,N-cyclohexyltaurine,SULT2B1
DB03309,N-cyclohexyltaurine,nirS
DB03309,N-cyclohexyltaurine,EN2
DB03309,N-cyclohexyltaurine,rph
DB03309,N-cyclohexyltaurine,
DB03309,N-cyclohexyltaurine,P/V
DB03310,Glutathione disulfide,GPX5
DB03310,Glutathione disulfide,MGST1
DB03310,Glutathione disulfide,GSTA1
DB03310,Glutathione disulfide,GSTM2
DB03310,Glutathione disulfide,GSR
DB03311,"3-(3,5-Dibromo-4-Hydroxy-Benzoyl)-2-Ethyl-Benzofuran-6-Sulfonic Acid [4-(Thiazol-2-Ylsulfamoyl)-Phenyl]-Amide",PTPN1
DB03312,Brivudine,TK2
DB03312,Brivudine,DNApol
DB03312,Brivudine,TK1
DB03312,Brivudine,TK
DB03313,Cephalosporin C,pbp1b
DB03313,Cephalosporin C,pbpA
DB03313,Cephalosporin C,penA
DB03313,Cephalosporin C,pbp2a
DB03313,Cephalosporin C,pbp3
DB03313,Cephalosporin C,ftsI
DB03313,Cephalosporin C,
DB03314,5-fluorotryptophan,TPI1
DB03314,5-fluorotryptophan,GSTM1
DB03315,Guanosine 3'-monophosphate,
DB03315,Guanosine 3'-monophosphate,pyrR
DB03316,"1,4-Dioxane",TNFSF13B
DB03316,"1,4-Dioxane",subC
DB03316,"1,4-Dioxane",EPN1
DB03316,"1,4-Dioxane",
DB03316,"1,4-Dioxane",TGFB3
DB03317,Ferroheme C,nirS
DB03317,Ferroheme C,hmcA
DB03317,Ferroheme C,cycA
DB03317,Ferroheme C,qheDH
DB03317,Ferroheme C,nirS
DB03317,Ferroheme C,cc4
DB03317,Ferroheme C,CYCS
DB03317,Ferroheme C,nrfA
DB03317,Ferroheme C,cycA
DB03317,Ferroheme C,psbV
DB03317,Ferroheme C,cycM
DB03317,Ferroheme C,nirM
DB03317,Ferroheme C,cyd
DB03317,Ferroheme C,
DB03317,Ferroheme C,glbN
DB03317,Ferroheme C,
DB03317,Ferroheme C,CYP2C9
DB03317,Ferroheme C,
DB03317,Ferroheme C,
DB03317,Ferroheme C,ccpA
DB03317,Ferroheme C,
DB03317,Ferroheme C,cycP
DB03317,Ferroheme C,cytc3
DB03319,"(2S)-2-Ammonio-3-[5-(2-methyl-2-propanyl)-3-oxido-1,2-oxazol-4-yl]propanoate",GRIA2
DB03320,3-Amino-Alanine,env
DB03321,Des(carbamimidoyl) zanamivir,NA
DB03323,Maltose,
DB03323,Maltose,GAA
DB03323,Maltose,GANAB
DB03323,Maltose,GANC
DB03323,Maltose,MGAM
DB03323,Maltose,AMY2B
DB03323,Maltose,spoII
DB03323,Maltose,amyM
DB03323,Maltose,malP
DB03323,Maltose,malE
DB03323,Maltose,aglA
DB03323,Maltose,malE
DB03323,Maltose,treZ
DB03325,Tyrosyladenylate,tyrS
DB03326,"Deoxycytidylyl-3',5'-guanosine",RNASE1
DB03327,{1-[(3-Hydroxy-Methyl-5-Phosphonooxy-Methyl-Pyridin-4-Ylmethyl)-Amino]-Ethyl}-Phosphonic Acid,alr
DB03328,Dioxo(sulfanyl)molybdenum,XDH
DB03329,2-Pyridinethiol,CTSB
DB03330,S-(N-hydroxy-N-iodophenylcarbamoyl)glutathione,GLO1
DB03331,"N-naphthalen-1-ylmethyl-2'-[3,5-dimethoxybenzamido]-2'-deoxy-adenosine",GAPDHS
DB03332,"5,6-Cyclic-Tetrahydropteridine",NOS3
DB03333,(4-sulfamoyl-phenyl)-thiocarbamic acid O-(2-thiophen-3-yl-ethyl) ester,CA2
DB03335,(+)-1-bromo-2-propanol,linB
DB03336,BIA,COMT
DB03337,1-(2-Amidinophenyl)-3-(Phenoxyphenyl)Urea,PRSS1
DB03338,Heptyl glucoside,FKBP1A
DB03338,Heptyl glucoside,PPARD
DB03340,3-[(1-Amino-2-Carboxy-Ethyl)-Hydroxy-Phosphinoyl]-2-Methyl-Propionic Acid,pepV
DB03341,CoA-S-acetyl 5-bromotryptamine,AANAT
DB03342,4-(Acetylamino)-3-Guanidinobenzoic Acid,NA
DB03343,Malate Like Intermediate,fccA
DB03344,"Inositol-(1,3,4,5,6)-Pentakisphosphate",CYTH3
DB03345,Mercaptoethanol,PDF
DB03345,Mercaptoethanol,ALAD
DB03345,Mercaptoethanol,CA2
DB03345,Mercaptoethanol,Adss
DB03345,Mercaptoethanol,CDC25B
DB03345,Mercaptoethanol,FGF2
DB03345,Mercaptoethanol,TMP1
DB03345,Mercaptoethanol,SERPINA1
DB03345,Mercaptoethanol,GLO1
DB03345,Mercaptoethanol,E
DB03345,Mercaptoethanol,PNPO
DB03345,Mercaptoethanol,gfo
DB03345,Mercaptoethanol,pdxH
DB03345,Mercaptoethanol,LGALS1
DB03345,Mercaptoethanol,ninB
DB03345,Mercaptoethanol,SCMH1
DB03345,Mercaptoethanol,
DB03346,"3,3',5,5'-tetrachlorobiphenyl-4,4'-diol",SULT1E1
DB03347,Triethyl phosphate,opd
DB03347,Triethyl phosphate,TP53
DB03347,Triethyl phosphate,opd
DB03348,Huperzine B,ACHE
DB03349,8-Bromo-Adenosine-5'-Monophosphate,PDE4B
DB03349,8-Bromo-Adenosine-5'-Monophosphate,HINT1
DB03350,Cobalt hexammine ion,tolC
DB03350,Cobalt hexammine ion,aroC
DB03351,Sri-9439,PDF
DB03351,Sri-9439,DHFR
DB03352,S-Arsonocysteine,arsC
DB03352,S-Arsonocysteine,arsC
DB03352,S-Arsonocysteine,MST
DB03353,2-Iminobiotin,
DB03354,"2-(Beta-D-Glucopyranosyl)-5-Methyl-1,3,4-Oxadiazole",PYGM
DB03355,5'-O-(L-Threonylsulfamoyl)adenosine,thrS
DB03355,5'-O-(L-Threonylsulfamoyl)adenosine,thrS
DB03357,(S)-Mandelic acid,mdlA
DB03358,"7-Methyl-7,8-dihydroguanosine 5'-(tetrahydrogen triphosphate)",OPG102
DB03359,"M-(N,N,N-Trimethylammonio)-2,2,2-Trifluoro-1,1-Dihydroxyethylbenzene",ACHE
DB03360,N-Acetylproline,carC
DB03361,"2-{(9as)-9a-[(1s)-1-Hydroxyethyl]-2,7-Dimethyl-9a,10-Dihydro-5h-Pyrimido[4,5-D][1,3]Thiazolo[3,2-a]Pyrimidin-8-Yl}Ethyl Trihydrogen Diphosphate",budB
DB03363,3-Acetylpyridine Adenine Dinucleotide,dapB
DB03364,N-Carbamyl-D-Methionine,
DB03365,"4-[3-Hydroxyanilino]-6,7-Dimethoxyquinazoline",CDK2
DB03365,"4-[3-Hydroxyanilino]-6,7-Dimethoxyquinazoline",KDR
DB03366,Imidazole,soxA
DB03366,Imidazole,cobT
DB03366,Imidazole,MB
DB03366,Imidazole,NOS2
DB03366,Imidazole,AK2
DB03366,Imidazole,PIM1
DB03366,Imidazole,idi
DB03366,Imidazole,otsA
DB03366,Imidazole,LTA4H
DB03366,Imidazole,GPHN
DB03366,Imidazole,acpP
DB03366,Imidazole,fixL
DB03366,Imidazole,CYCS
DB03366,Imidazole,kaiB1
DB03366,Imidazole,hisD
DB03366,Imidazole,tesA
DB03366,Imidazole,mutY
DB03366,Imidazole,yerA
DB03366,Imidazole,MYO1E
DB03366,Imidazole,DMC1
DB03366,Imidazole,guaD
DB03366,Imidazole,xlnA
DB03366,Imidazole,vhb
DB03366,Imidazole,moaB
DB03366,Imidazole,UGI
DB03366,Imidazole,recR
DB03367,PF-00356231,MMP12
DB03368,"5-Methyl-5-(4-Phenoxy-Phenyl)-Pyrimidine-2,4,6-Trione",MMP3
DB03369,9-Aminophenanthrene,eryF
DB03370,FR239087,ADA
DB03371,Modified Ribosylated Glutamyl Ester,ptd
DB03372,"3-Mercapto-1-(1,3,4,9-Tetrahydro-B-Carbolin-2-Yl)-Propan-1-One",IL2
DB03373,ZK-806711,PRSS1
DB03374,"3,5-Diiodotyrosine",PKIA
DB03374,"3,5-Diiodotyrosine",PRKACA
DB03374,"3,5-Diiodotyrosine",
DB03374,"3,5-Diiodotyrosine",PRSS1
DB03374,"3,5-Diiodotyrosine",nikA
DB03374,"3,5-Diiodotyrosine",IYD
DB03376,5'-O-(N-(Alanyl)sulfamoyl)adenosine,EPRS1
DB03379,2-Carboxyethylphosphonic Acid,TPI1
DB03380,L-tyrosinamide,NPY
DB03380,L-tyrosinamide,BPHL
DB03381,Hexadecanal,RHO
DB03381,Hexadecanal,DBI
DB03382,S-oxy-L-cysteine,panD
DB03382,S-oxy-L-cysteine,PREP
DB03382,S-oxy-L-cysteine,ppx
DB03382,S-oxy-L-cysteine,
DB03382,S-oxy-L-cysteine,tpx
DB03382,S-oxy-L-cysteine,SOD1
DB03382,S-oxy-L-cysteine,npr
DB03383,CP-320626,ERG11
DB03383,CP-320626,PYGM
DB03384,Fica,CASP7
DB03385,4-Methylimidazole,CA2
DB03385,4-Methylimidazole,MB
DB03385,4-Methylimidazole,CA5A
DB03388,"3-[(2,4-Dichlorobenzoyl)(Isopropyl)Amino]-5-Phenylthiophene-2-Carboxylic Acid",
DB03389,alpha-D-Xylopyranose,cslB
DB03389,alpha-D-Xylopyranose,cslA
DB03389,alpha-D-Xylopyranose,cex
DB03389,alpha-D-Xylopyranose,spoII
DB03389,alpha-D-Xylopyranose,galM
DB03389,alpha-D-Xylopyranose,xyn10C
DB03389,alpha-D-Xylopyranose,
DB03389,alpha-D-Xylopyranose,
DB03389,alpha-D-Xylopyranose,
DB03389,alpha-D-Xylopyranose,xynA
DB03389,alpha-D-Xylopyranose,xlnA
DB03389,alpha-D-Xylopyranose,xlnA
DB03389,alpha-D-Xylopyranose,
DB03389,alpha-D-Xylopyranose,xyl
DB03389,alpha-D-Xylopyranose,LCT
DB03389,alpha-D-Xylopyranose,xynC
DB03390,"(2R,3R)-2,3-Dihydroxy-4-oxo-4-(propylamino)butanoic acid",ACP3
DB03392,"(3,4,5-Trihydroxy-6-Hydroxymethyl-Tetrahydro-Pyran-2-Yl)-Phosphoramidic Acid Dimethyl Ester",PYGM
DB03393,Sanglifehrin A,PPIA
DB03394,Heptaethylene glycol,CBR1
DB03395,Enalkiren,REN
DB03396,"(2R,3R,4S,5R,6E)-3,4,5-Trihydroxy-N-[(3S,6R)-6-hydroxy-2-oxo-3-azepanyl]-2-methoxy-8,8-dimethyl-6-nonenamide",METAP2
DB03397,Uridine-Diphosphate-N-Acetylglucosamine,murA
DB03397,Uridine-Diphosphate-N-Acetylglucosamine,UAP1
DB03397,Uridine-Diphosphate-N-Acetylglucosamine,murA
DB03397,Uridine-Diphosphate-N-Acetylglucosamine,GALE
DB03397,Uridine-Diphosphate-N-Acetylglucosamine,galE
DB03397,Uridine-Diphosphate-N-Acetylglucosamine,EXTL2
DB03397,Uridine-Diphosphate-N-Acetylglucosamine,MGAT1
DB03397,Uridine-Diphosphate-N-Acetylglucosamine,glmU
DB03397,Uridine-Diphosphate-N-Acetylglucosamine,glmU
DB03399,Ethyl Isocyanide,MB
DB03400,3-(P-Tolyl)Propionic Acid,tyrB
DB03401,"1D-myo-inositol 1,4,5-trisphosphate",ITPR1
DB03401,"1D-myo-inositol 1,4,5-trisphosphate",ITPR3
DB03401,"1D-myo-inositol 1,4,5-trisphosphate",ITPR2
DB03401,"1D-myo-inositol 1,4,5-trisphosphate",CYTH2
DB03401,"1D-myo-inositol 1,4,5-trisphosphate",EPN1
DB03401,"1D-myo-inositol 1,4,5-trisphosphate",PLCD1
DB03401,"1D-myo-inositol 1,4,5-trisphosphate",RDX
DB03401,"1D-myo-inositol 1,4,5-trisphosphate",SPTBN1
DB03401,"1D-myo-inositol 1,4,5-trisphosphate",ITPKA
DB03403,Cytidine-5'-Monophosphate,UCK2
DB03403,Cytidine-5'-Monophosphate,kpsU
DB03403,Cytidine-5'-Monophosphate,ispF
DB03403,Cytidine-5'-Monophosphate,ispDF
DB03403,Cytidine-5'-Monophosphate,CMPK1
DB03403,Cytidine-5'-Monophosphate,ispF
DB03403,Cytidine-5'-Monophosphate,cmk
DB03403,Cytidine-5'-Monophosphate,coaBC
DB03403,Cytidine-5'-Monophosphate,cst-II
DB03404,Hemin,ALAS1
DB03405,N2-[(Benzyloxy)carbonyl]-N-[(3R)-1-{N-[(benzyloxy)carbonyl]-L-leucyl}-4-oxo-3-pyrrolidinyl]-L-leucinamide,CTSK
DB03408,gamma-Glutamylcysteine,GSS
DB03410,4-hydroxycoumarin,
DB03411,"2-Hydroxymethyl-Pyrrolidine-3,4-Diol",PNP
DB03411,"2-Hydroxymethyl-Pyrrolidine-3,4-Diol",punA
DB03412,6-hydroxynorleucine,ansB
DB03413,Deoxyuridine-5'-Diphosphate,DUT
DB03413,Deoxyuridine-5'-Diphosphate,dut
DB03413,Deoxyuridine-5'-Diphosphate,dut
DB03413,Deoxyuridine-5'-Diphosphate,Tcdut
DB03413,Deoxyuridine-5'-Diphosphate,pol
DB03414,5-Thio-a/B-D-Mannopyranosylamine,MAN2A1
DB03415,3-thiaoctanoyl-CoA,ACADM
DB03416,Thiamine(1+) monophosphate,thiE
DB03417,"(2S,3R)-2-[[4-(Tert-butylcarbamoyl)piperazine-1-carbonyl]amino]-6-(diaminomethylideneamino)-3-formylhexanoic acid",PRSS1
DB03419,Uracil,DPYD
DB03419,Uracil,UCKL1
DB03419,Uracil,
DB03419,Uracil,ung
DB03419,Uracil,rsuA
DB03419,Uracil,udg
DB03419,Uracil,pdp
DB03420,"2,4-deoxy-4-guanidino-5-N-acetyl-neuraminic acid",NA
DB03421,"2-Phenethyl-2,3-Dihydro-Phthalazine-1,4-Dione",eltB
DB03423,S-Adenosyl-L-Homoselenocysteine,cmoA
DB03424,Ubenimex,LTA4H
DB03424,Ubenimex,
DB03425,"2s,4r-4-Methylglutamate",GRIK2
DB03425,"2s,4r-4-Methylglutamate",GRIK1
DB03428,SU9516,CDK2
DB03428,SU9516,CDK5
DB03428,SU9516,CDK1
DB03429,Tetrastearoyl cardiolipin,SLC25A4
DB03430,(S)-4-hydroxymandelonitrile,LCTL
DB03433,{3-[(3-Hydroxy-2-Methyl-5-Phosphonooxymethyl-Pyridin-4-Ylmethyl)-Amino]-2-Methyl-Propyl}-Phosphonic Acid,cobD
DB03434,3-(N-morpholino)propanesulfonic acid,purT
DB03434,3-(N-morpholino)propanesulfonic acid,yicI
DB03434,3-(N-morpholino)propanesulfonic acid,GNLY
DB03435,Uridine-5'-Diphosphate,wecB
DB03435,Uridine-5'-Diphosphate,ABO
DB03435,Uridine-5'-Diphosphate,galT
DB03435,Uridine-5'-Diphosphate,pol
DB03435,Uridine-5'-Diphosphate,B3GAT1
DB03435,Uridine-5'-Diphosphate,otsA
DB03435,Uridine-5'-Diphosphate,EXTL2
DB03435,Uridine-5'-Diphosphate,GLT6D1
DB03435,Uridine-5'-Diphosphate,spsA
DB03435,Uridine-5'-Diphosphate,CMPK1
DB03435,Uridine-5'-Diphosphate,bgt
DB03435,Uridine-5'-Diphosphate,galE
DB03435,Uridine-5'-Diphosphate,B3GAT3
DB03435,Uridine-5'-Diphosphate,galE
DB03435,Uridine-5'-Diphosphate,GYG1
DB03435,Uridine-5'-Diphosphate,GPR17
DB03436,Gallichrome,fhuD
DB03437,"(2R,4S)-2-[(1R)-1-{[(2Z)-2-(2-Amino-1,3-thiazol-4-yl)-2-(methoxyimino)acetyl]amino}-2-oxoethyl]-5,5-dimethyl-1,3-thiazolidine-4-carboxylic acid",ampC
DB03439,"4,6-dideoxy-4-amino-alpha-D-glucose",AMY2A
DB03440,N-hexadecanoylglycine,cyp102A1
DB03441,2-Benzyl-3-Iodopropanoic Acid,CPA1
DB03442,Acid yellow 54 free acid,ATIC
DB03443,bis(5-amidino-benzimidazolyl)methanone zinc,PRSS1
DB03444,6-bromoindirubin-3'-oxime,GSK3B
DB03444,6-bromoindirubin-3'-oxime,AURKB
DB03444,6-bromoindirubin-3'-oxime,AURKA
DB03444,6-bromoindirubin-3'-oxime,AURKC
DB03444,6-bromoindirubin-3'-oxime,GSK3A
DB03445,Tazobactam trans-enamine intermediate,bla
DB03446,N-Benzyl-3-(alpha-D-galactopyranosyloxy)benzamide,eltB
DB03447,Uridylyl-2'-5'-phospho-adenosine,RNASE1
DB03448,2'-Deoxyuridine 3'-Monophosphate,RNASE1
DB03448,2'-Deoxyuridine 3'-Monophosphate,RNASE4
DB03449,N-(4-{2-[(3-chlorobenzyl)amino]ethyl}phenyl)thiophene-2-carboximidamide,NOS2
DB03449,N-(4-{2-[(3-chlorobenzyl)amino]ethyl}phenyl)thiophene-2-carboximidamide,NOS1
DB03450,Cephalothin Group,
DB03450,Cephalothin Group,bla
DB03451,Lexacalcitol,VDR
DB03452,3-Trimethylsilylsuccinic Acid,fumC
DB03453,Methyl (2S)-2-[[2-[(3R)-1-carbamimidoylpiperidin-3-yl]acetyl]amino]-3-[4-(2-phenylethynyl)phenyl]propanoate,IL2
DB03454,"3-methyl-benzene-1,2-diol",bphC
DB03455,(1H-indol-3-yl)-(2-mercapto-ethoxyimino)-acetic acid,IL2
DB03456,N2-[(benzyloxy)carbonyl]-n1-[(3S)-1-cyanopyrrolidin-3-yl]-l-leucinamide,CTSK
DB03459,Sparfosic acid,pyrB
DB03459,Sparfosic acid,CAD
DB03461,Nicotinamide adenine dinucleotide phosphate,icd
DB03461,Nicotinamide adenine dinucleotide phosphate,AKR1B1
DB03461,Nicotinamide adenine dinucleotide phosphate,zwf
DB03461,Nicotinamide adenine dinucleotide phosphate,AKR1C2
DB03461,Nicotinamide adenine dinucleotide phosphate,HSD17B1
DB03461,Nicotinamide adenine dinucleotide phosphate,NNT
DB03461,Nicotinamide adenine dinucleotide phosphate,HSD11B1
DB03461,Nicotinamide adenine dinucleotide phosphate,SPR
DB03461,Nicotinamide adenine dinucleotide phosphate,PTR1
DB03461,Nicotinamide adenine dinucleotide phosphate,DCXR
DB03461,Nicotinamide adenine dinucleotide phosphate,IDH1
DB03461,Nicotinamide adenine dinucleotide phosphate,AKR1C1
DB03461,Nicotinamide adenine dinucleotide phosphate,NOS1
DB03461,Nicotinamide adenine dinucleotide phosphate,G6PD
DB03461,Nicotinamide adenine dinucleotide phosphate,DHFR
DB03461,Nicotinamide adenine dinucleotide phosphate,hldD
DB03461,Nicotinamide adenine dinucleotide phosphate,MTHFD1
DB03461,Nicotinamide adenine dinucleotide phosphate,AKR1C3
DB03461,Nicotinamide adenine dinucleotide phosphate,BLVRB
DB03461,Nicotinamide adenine dinucleotide phosphate,icd
DB03461,Nicotinamide adenine dinucleotide phosphate,
DB03461,Nicotinamide adenine dinucleotide phosphate,CRYZ
DB03461,Nicotinamide adenine dinucleotide phosphate,HMGCR
DB03461,Nicotinamide adenine dinucleotide phosphate,ADH1B
DB03461,Nicotinamide adenine dinucleotide phosphate,POR
DB03461,Nicotinamide adenine dinucleotide phosphate,aroE
DB03461,Nicotinamide adenine dinucleotide phosphate,adh
DB03461,Nicotinamide adenine dinucleotide phosphate,fcl
DB03461,Nicotinamide adenine dinucleotide phosphate,asd
DB03461,Nicotinamide adenine dinucleotide phosphate,fadH
DB03461,Nicotinamide adenine dinucleotide phosphate,ME1
DB03461,Nicotinamide adenine dinucleotide phosphate,folA
DB03461,Nicotinamide adenine dinucleotide phosphate,pntB
DB03461,Nicotinamide adenine dinucleotide phosphate,fabG
DB03461,Nicotinamide adenine dinucleotide phosphate,DHRS11
DB03461,Nicotinamide adenine dinucleotide phosphate,MDH1
DB03461,Nicotinamide adenine dinucleotide phosphate,ydhF
DB03461,Nicotinamide adenine dinucleotide phosphate,ptr2
DB03461,Nicotinamide adenine dinucleotide phosphate,HSD17B8
DB03461,Nicotinamide adenine dinucleotide phosphate,AKR1A1
DB03461,Nicotinamide adenine dinucleotide phosphate,actIII
DB03461,Nicotinamide adenine dinucleotide phosphate,DECR1
DB03461,Nicotinamide adenine dinucleotide phosphate,
DB03461,Nicotinamide adenine dinucleotide phosphate,
DB03461,Nicotinamide adenine dinucleotide phosphate,yhdN
DB03461,Nicotinamide adenine dinucleotide phosphate,petH
DB03461,Nicotinamide adenine dinucleotide phosphate,mtdA
DB03461,Nicotinamide adenine dinucleotide phosphate,
DB03461,Nicotinamide adenine dinucleotide phosphate,FDXR
DB03461,Nicotinamide adenine dinucleotide phosphate,petH
DB03461,Nicotinamide adenine dinucleotide phosphate,dkgA
DB03461,Nicotinamide adenine dinucleotide phosphate,iolS
DB03461,Nicotinamide adenine dinucleotide phosphate,gapN
DB03461,Nicotinamide adenine dinucleotide phosphate,PTGR1
DB03461,Nicotinamide adenine dinucleotide phosphate,cysJ
DB03461,Nicotinamide adenine dinucleotide phosphate,AKR1B10
DB03461,Nicotinamide adenine dinucleotide phosphate,
DB03461,Nicotinamide adenine dinucleotide phosphate,aldH
DB03461,Nicotinamide adenine dinucleotide phosphate,DHRS4L1
DB03461,Nicotinamide adenine dinucleotide phosphate,
DB03462,Thymine,TYMP
DB03462,Thymine,phr
DB03462,Thymine,deoA
DB03464,Formycin-5'-Monophosphate,amn
DB03466,BMS184394,RARG
DB03467,Naringenin,ttgR
DB03467,Naringenin,HSD17B1
DB03467,Naringenin,GLO1
DB03467,Naringenin,ESR1
DB03467,Naringenin,AKR1C1
DB03467,Naringenin,CYP1B1
DB03467,Naringenin,KANSL3
DB03467,Naringenin,SHBG
DB03467,Naringenin,CYP19A1
DB03467,Naringenin,ESR2
DB03468,"1,2,3,4-Tetrahydro-Isoquinoline-7-Sulfonic Acid Amide",ADRA2A
DB03468,"1,2,3,4-Tetrahydro-Isoquinoline-7-Sulfonic Acid Amide",PNMT
DB03469,Heme D,nirS
DB03469,Heme D,nirS
DB03470,Trypanothione,TPR
DB03471,6-phenyl-4(R)-(7-phenyl-heptanoylamino)-hexanoic acid,PLA2G2A
DB03472,Cyclohexyl-Hexyl-Beta-D-Maltoside,bla
DB03472,Cyclohexyl-Hexyl-Beta-D-Maltoside,bla
DB03473,N5-Methylglutamine,prmC
DB03475,"1-[4-Carboxy-2-(3-Pentylamino)Phenyl]-5,5'-Di(Hydroxymethyl)Pyrrolidin-2-One",NA
DB03476,Trans-6-(2-Phenylcyclopropyl)-Naphthalene-2-Carboxamidine,PLAU
DB03477,1-Phenylsulfonamide-3-Trifluoromethyl-5-Parabromophenylpyrazole,PTGS2
DB03478,2'-O-Acetyl Adenosine-5-Diphosphoribose,SIRT5
DB03479,"8,9,10-trihydroxy-7-hydroxymethyl-3-methyl-6-oxa-1,3-diaza-spiro[4.5]decane-2,4-dione",PYGM
DB03480,Brequinar Analog,DHODH
DB03481,"5,10-Dimethylene Tetrahydromethanopterin",fae
DB03482,8-demethyl-8-dimethylamino-flavin-adenine-dinucleotide,pobA
DB03483,(4S)-5-[[(2S)-1-[[(2S)-1-Amino-3-[4-[difluoro(phosphono)methyl]phenyl]-1-oxopropan-2-yl]amino]-3-[4-[difluoro(phosphono)methyl]phenyl]-1-oxopropan-2-yl]amino]-4-benzamido-5-oxopentanoic acid,PTPN1
DB03484,sn-glycero-3-phosphoethanolamine,ANXA5
DB03485,alpha-D-Fucopyranose,LTF
DB03485,alpha-D-Fucopyranose,araF
DB03486,Phosphomethylphosphonic acid guanosyl ester,CANT1
DB03487,(S)-Aspartimide,LYZ
DB03487,(S)-Aspartimide,cheY
DB03488,Uridine-5'-diphosphate-2-deoxy-2-fluoro-alpha-D-galactose,otsA
DB03489,2-Keto-3-Deoxygluconate,
DB03490,"3-Pyridin-4-Yl-2,4-Dihydro-Indeno[1,2-.C.]Pyrazole",CDK2
DB03491,2'-Deoxyguanosine-5'-Diphosphate,NME1
DB03492,"lambda-bis(2,2'-bipyridine)imidazole osmium (II)",azu
DB03493,7-Methylguanosine,OPG102
DB03495,"4,6-Dideoxy-4-{[4,5,6-Trihydroxy-3-(Hydroxymethyl)Cyclohex-2-En-1-Yl]Amino}-Alpha-D-Lyxo-Hexopyranosyl-(1->4)-Alpha-D-Threo-Hexopyranosyl-(1->6)-Alpha-L-Threo-Hexopyranose",AMY2A
DB03496,Alvocidib,PYGM
DB03496,Alvocidib,CDK9
DB03496,Alvocidib,PYGB
DB03496,Alvocidib,PYGL
DB03496,Alvocidib,CDK7
DB03496,Alvocidib,CDK5
DB03496,Alvocidib,CDK1
DB03496,Alvocidib,CDK6
DB03496,Alvocidib,EGFR
DB03496,Alvocidib,CDK4
DB03496,Alvocidib,CDK8
DB03496,Alvocidib,CDK2
DB03498,Mercaptomethyl Phosphonate,phoA
DB03499,D-Malic acid,ME2
DB03499,D-Malic acid,CS
DB03499,D-Malic acid,kaiB1
DB03499,D-Malic acid,fumC
DB03499,D-Malic acid,glcB
DB03499,D-Malic acid,synC
DB03500,Tricosanoic acid,LIP3
DB03501,Galactose-uridine-5'-diphosphate,ABO
DB03501,Galactose-uridine-5'-diphosphate,GALE
DB03501,Galactose-uridine-5'-diphosphate,B4GALT1
DB03501,Galactose-uridine-5'-diphosphate,GPR17
DB03502,(4s)-4-{[(2s)-2-Amino-3-Oxopropyl]Sulfanyl}-L-Homoserinate,asd
DB03503,"4-Acetyl-4-guanidino-6-methyl(propyl)carboxamide-4,5-dihydro-2H-pyran-2-carboxylic acid",NA
DB03504,"9-Butyl-8-(2-Chloro-3,4,5-Trimethoxy-Benzyl)-9h-Purin-6-Ylamine",HSP90AA1
DB03505,"2,6-diaminoquinazolin-4-ol",tgt
DB03506,"5H-pyrrolo[3,2-d]pyrimidin-4-amine",APRT
DB03507,"6-[3-(4-Morpholinyl)Propyl]-2-(3-Nitrophenyl)-5-Thioxo-5,6,-Dihydro-7h-Thienol[2',3':4,5]Pyrrolo[1,2-C]Imidazol-7-One",TNFRSF1A
DB03509,2-(4-Chlorophenyl)-5-Quinoxalinecarboxamide,PARP1
DB03510,6-O-Phosphoryl Inosine Monophosphate,Adss
DB03510,6-O-Phosphoryl Inosine Monophosphate,ADSS1
DB03512,"Uridine-2',3'-vanadate",RNASE1
DB03515,Equilenin,ksi
DB03515,Equilenin,ksi
DB03516,Eniluracil,DPYD
DB03516,Eniluracil,AOX1
DB03516,Eniluracil,XDH
DB03517,[Methylthio]Acetate,soxA
DB03518,Mevalonic acid,HMGCR
DB03518,Mevalonic acid,mvaA
DB03522,Aspartic Acid-4-Carboxymethyl Ester,dhlB
DB03523,Brequinar,DHODH
DB03524,"N-[3-[4-(3-aminopropyl)piperazin-1-yl]propyl]-3-[(2-thiophen-2-ylacetyl)amino]-5-[(2R,3R,4S,5R,6R)-3,4,5-trihydroxy-6-(hydroxymethyl)oxan-2-yl]oxybenzamide",ctxB
DB03525,RU79073,SRC
DB03526,AL5927,CA2
DB03528,9-Beta-D-Xylofuranosyl-Adenine,deoD
DB03530,Acylated ceftazidime,blaZ
DB03530,Acylated ceftazidime,ampC
DB03530,Acylated ceftazidime,blaR1
DB03531,Flavin-adenine dinucleotide-N5-isobutyl ketone,DAO
DB03532,Phosphomethylphosphonic acid guanylate ester,ftsZ
DB03533,Acetyleneurea,
DB03534,3-[(Acetyl-Methyl-Amino)-Methyl]-4-Amino-N-Methyl-N-(1-Methyl-1h-Indol-2-Ylmethyl)-Benzamide,fabI
DB03535,Z-Pro-Prolinal,PREP
DB03535,Z-Pro-Prolinal,
DB03536,Benzyl N-[(2S)-5-(diaminomethylamino)-1-[[(2S)-4-fluoro-3-oxobutan-2-yl]amino]-1-oxopentan-2-yl]carbamate,CTSF
DB03536,Benzyl N-[(2S)-5-(diaminomethylamino)-1-[[(2S)-4-fluoro-3-oxobutan-2-yl]amino]-1-oxopentan-2-yl]carbamate,
DB03539,2-(Acetylamino)-2-Deoxy-6-O-Methyl-Alpha-D-Allopyranose,CHIT1
DB03540,Norcamphor,camC
DB03541,"10-Propargyl-5,8-Dideazafolic Acid",NQO2
DB03541,"10-Propargyl-5,8-Dideazafolic Acid",TMP1
DB03541,"10-Propargyl-5,8-Dideazafolic Acid",TYMS
DB03541,"10-Propargyl-5,8-Dideazafolic Acid",DHRS4L1
DB03541,"10-Propargyl-5,8-Dideazafolic Acid",thyA
DB03541,"10-Propargyl-5,8-Dideazafolic Acid",thyA
DB03541,"10-Propargyl-5,8-Dideazafolic Acid",THYA
DB03542,L-Myo-Inositol-1-Phosphate,IMPA1
DB03543,1-(O-Carboxy-Phenylamino)-1-Deoxy-D-Ribulose-5-Phosphate,trpF
DB03543,1-(O-Carboxy-Phenylamino)-1-Deoxy-D-Ribulose-5-Phosphate,trpC
DB03544,S-Phosphocysteine,chbB
DB03544,S-Phosphocysteine,ridA
DB03546,"N-({4-[(1R)-4-[(2R,4S,5S)-2,4-diamino-6-oxohexahydropyrimidin-5-yl]-1-(2,2,2-trifluoro-1,1-dihydroxyethyl)butyl]phenyl}carbonyl)-L-glutamic acid",GART
DB03548,3-deoxy-alpha-D-manno-oct-2-ulopyranosonic acid,fhuA
DB03549,Biotinyl P-Nitroaniline,
DB03551,"(3R,4R)-3-Hydroxy-4-(hydroxymethyl)-1-[(4-oxo-4,4a,5,7a-tetrahydro-3H-pyrrolo[3,2-d]pyrimidin-7-yl)methyl]pyrrolidinium",PNP
DB03551,"(3R,4R)-3-Hydroxy-4-(hydroxymethyl)-1-[(4-oxo-4,4a,5,7a-tetrahydro-3H-pyrrolo[3,2-d]pyrimidin-7-yl)methyl]pyrrolidinium",punA
DB03552,3-Tyrosine,TH
DB03553,Glutaric Acid,SLC22A8
DB03553,Glutaric Acid,aspC
DB03553,Glutaric Acid,ilvE
DB03553,Glutaric Acid,gadA
DB03554,5-Iodouracil,DPYD
DB03555,CRA_11092,PRSS1
DB03556,"2-(2-{2-[2-(2-{2-[2-(2-Ethoxy-Ethoxy)-Ethoxy]-Ethoxy}-Ethoxy)-Ethoxy]-Ethoxy}-Ethoxy)-Ethanol, Polyethyleneglycol Peg400",CBR1
DB03556,"2-(2-{2-[2-(2-{2-[2-(2-Ethoxy-Ethoxy)-Ethoxy]-Ethoxy}-Ethoxy)-Ethoxy]-Ethoxy}-Ethoxy)-Ethanol, Polyethyleneglycol Peg400",pgl
DB03557,4-[[(2S)-1-[[6-[(1-Amino-1-oxo-3-sulfanylpropan-2-yl)amino]-6-oxohexyl]amino]-3-[4-[difluoro(phosphono)methyl]phenyl]-1-oxopropan-2-yl]amino]-3-[[2-[4-[difluoro(phosphono)methyl]phenyl]acetyl]amino]-4-oxobutanoic acid,PTPN1
DB03558,SP-876,TMP1
DB03558,SP-876,thyA
DB03559,Cyclohexylformamide,ADH1C
DB03559,Cyclohexylformamide,ADH4
DB03560,P-Hydroxybenzaldehyde,MAOB
DB03560,P-Hydroxybenzaldehyde,ABAT
DB03562,Tetrahydrodeoxyuridine,cdd
DB03564,"(4r)-2-Methylpentane-2,4-Diol",xylA
DB03564,"(4r)-2-Methylpentane-2,4-Diol",
DB03565,1-O-Octyl-2-Heptylphosphonyl-Sn-Glycero-3-Phosphoethanolamine,PLA2G1B
DB03566,Spermidine,TXNRD1
DB03566,Spermidine,ADRB1
DB03566,Spermidine,ADRB2
DB03566,Spermidine,aacC1
DB03566,Spermidine,potD
DB03568,Butyric Acid,HDAC1
DB03568,Butyric Acid,BCHE
DB03568,Butyric Acid,
DB03568,Butyric Acid,cumD
DB03569,"4,5-Dehydro-L-Iduronic Acid",cslA
DB03570,Tris-Hydroxymethyl-Methyl-Ammonium,azu
DB03570,Tris-Hydroxymethyl-Methyl-Ammonium,tenI
DB03570,Tris-Hydroxymethyl-Methyl-Ammonium,panC
DB03571,"3-(5-amino-7-hydroxy-[1,2,3]triazolo[4,5-d]pyrimidin-2-yl)-N-(3,5-dichlorobenzyl)-benzamide",folB
DB03572,FR230513,ADA
DB03573,WRR-99,CTSF
DB03573,WRR-99,
DB03574,Ferricrocin-iron,fhuA
DB03575,Phencyclidine,GRIN3A
DB03575,Phencyclidine,GRIN2A
DB03575,Phencyclidine,GRIN2B
DB03575,Phencyclidine,GRIN1
DB03575,Phencyclidine,SIGMAR1
DB03576,N-Pyridoxyl-Threonine-5-Monophosphate,
DB03577,Alpha-Benzyl-Aminobenzyl-Phosphonic Acid,ACP3
DB03581,Glucose-6-Phosphate,glmS
DB03581,Glucose-6-Phosphate,GPI
DB03582,N~2~-Succinylornithine,astB
DB03583,"(2E,3S)-3-hydroxy-5'-[(4-hydroxypiperidin-1-yl)sulfonyl]-3-methyl-1,3-dihydro-2,3'-biindol-2'(1'H)-one",CDK2
DB03584,4-Thio-beta-D-glucopyranose,celCCG
DB03584,4-Thio-beta-D-glucopyranose,cel5A
DB03584,4-Thio-beta-D-glucopyranose,celCCF
DB03584,4-Thio-beta-D-glucopyranose,celA1
DB03585,Oxyphenbutazone,ALB
DB03585,Oxyphenbutazone,PLA2G2E
DB03586,"(3R,4R,5S,6R)-6-Fluoro-3,4,5-trihydroxytetrahydro-2H-pyran-2-olate",yicI
DB03587,Pyruvaldehyde,PLA2G1B
DB03587,Pyruvaldehyde,TRPA1
DB03588,Diphenylacetic acid,CTSB
DB03589,Mesoxalic acid,ME2
DB03590,"2,6-Diaminopimelic Acid",murE
DB03590,"2,6-Diaminopimelic Acid",ddh
DB03591,RU82209,SRC
DB03592,Pterin-6-Yl-Methyl-Monophosphate,folP
DB03592,Pterin-6-Yl-Methyl-Monophosphate,folP1
DB03592,Pterin-6-Yl-Methyl-Monophosphate,folP
DB03593,7-methyl-5'-guanylic acid,DCPS
DB03594,"1,2,4-Triazole",CA2
DB03595,CRA_9785,PRSS1
DB03596,N-[2-(1h-Indol-5-Yl)-Butyl]-4-Sulfamoyl-Benzamide,CA2
DB03597,gamma-Glutamyl[S-(2-iodobenzyl)cysteinyl]glycine,PDE5A
DB03597,gamma-Glutamyl[S-(2-iodobenzyl)cysteinyl]glycine,GSTM4
DB03597,gamma-Glutamyl[S-(2-iodobenzyl)cysteinyl]glycine,PDE9A
DB03598,"Al-6629, [2h-Thieno[3,2-E]-1,2-Thiazine-6-Sulfonamide,2-(3-Methoxyphenyl)-3-(4-Morpholinyl)-, 1,1-Dioxide]",CA2
DB03600,Capric acid,FURIN
DB03600,Capric acid,pab
DB03600,Capric acid,GLTP
DB03600,Capric acid,lipB
DB03600,Capric acid,tcp14
DB03600,Capric acid,PPARG
DB03600,Capric acid,fabB
DB03601,5-deoxyflavanone,CYP19A1
DB03601,5-deoxyflavanone,XDH
DB03602,S-benzylglutathione,GLO1
DB03602,S-benzylglutathione,GSTA1
DB03603,Glucaric acid,gudD
DB03604,Tiratricol,THRB
DB03604,Tiratricol,THRA
DB03604,Tiratricol,DHODH
DB03605,"(2s)-2-[(2,4-Dichloro-Benzoyl)-(3-Trifluoromethyl-Benzyl)-Amino]-3-Phenyl-Propionic Acid",
DB03606,(S)-Rolipram,PDE4B
DB03606,(S)-Rolipram,PDE4A
DB03606,(S)-Rolipram,PDE4D
DB03607,[(1R)-1-acetamido-2-(4-chlorophenyl)ethyl]-[(2S)-2-amino-3-hydroxy-3-oxo-propoxy]-dihydroxy-boron,subC
DB03608,Diminazene,qacR
DB03608,Diminazene,PRSS1
DB03608,Diminazene,AOC1
DB03608,Diminazene,PRDX5
DB03609,3'-deoxyguanosine,PNP
DB03611,L-2-amino-4-methoxy-cis-but-3-enoic acid,MAT1A
DB03612,3-Hydroxybutyryl-Coenzyme A,HADH
DB03613,4-hydroxyphenacyl coenzyme A,fcbC
DB03613,4-hydroxyphenacyl coenzyme A,
DB03614,Mecobalamin,MTR
DB03615,Ribostamycin,rpsL
DB03615,Ribostamycin,P4HB
DB03615,Ribostamycin,
DB03615,Ribostamycin,aac
DB03616,Kabiramide C,ACTA1
DB03619,Deoxycholic acid,GSTP1
DB03619,Deoxycholic acid,NR1H4
DB03619,Deoxycholic acid,GPBAR1
DB03619,Deoxycholic acid,PCNA
DB03619,Deoxycholic acid,ksi
DB03619,Deoxycholic acid,ppcA
DB03619,Deoxycholic acid,EFL1
DB03619,Deoxycholic acid,cbh
DB03619,Deoxycholic acid,aldA
DB03619,Deoxycholic acid,ctaC
DB03619,Deoxycholic acid,acrB
DB03619,Deoxycholic acid,ctaD
DB03619,Deoxycholic acid,GSTA1
DB03621,"L-709,587",FKBP1A
DB03622,"5-[4-(2-Hydroxyethyl)-1-piperidinyl]-5-phenyl-2,4,6(1H,3H,5H)-pyrimidinetrione",MMP8
DB03623,"9-(4-Hydroxyphenyl)-2,7-Phenanthroline",MAPK10
DB03624,7-(Carboxyamino)-8-Amino-Nonanoic Acid,bioD1
DB03626,"5-Methoxy-1,2-Dimethyl-3-(Phenoxymethyl)Indole-4,7-Dione",NQO1
DB03627,Adamantane,camC
DB03628,ISO24,SRC
DB03629,Pyridoxal-5'-Phosphate-N-Oxide,aspC
DB03631,"3-(4-hydroxy-3-imino-6-oxo-cyclohexa-1,4-dienyl)-alanine",tynA
DB03632,Argifin,CHIT1
DB03632,Argifin,chiB1
DB03633,Lpc-Ether,PLA2G1B
DB03633,Lpc-Ether,GM2A
DB03635,Ethanesulfonic acid,PPBP
DB03635,Ethanesulfonic acid,phnX
DB03636,Glycinamide,MMP8
DB03637,Guanidine-3-propanol,PRSS3
DB03639,1-Guanidinium-7-Aminoheptane,DHPS
DB03640,Beta-Hydroxyaspartic Acid,F10
DB03640,Beta-Hydroxyaspartic Acid,bla
DB03641,"2'-deoxyuridine 5'-alpha,beta-imido-diphosphate",dut
DB03642,N-[(2S)-4-Methyl-1-oxo-1-{[(4S)-3-oxo-1-(2-pyridinylsulfonyl)-4-azepanyl]amino}-2-pentanyl]-1-benzofuran-2-carboxamide,CTSK
DB03643,CRA_1144,HPN
DB03643,CRA_1144,PRSS1
DB03644,3-hydroxyanthranilic acid,phzF
DB03645,Phosphonoacetohydroxamic Acid,ENO3
DB03647,3-[Isopropyl(4-Methylbenzoyl)Amino]-5-Phenylthiophene-2-Carboxylic Acid,
DB03648,"(2S,2'S)-2,2'-(1,2-Hydrazinediylbis{methylene[(2S)-1-oxo-2,1-hexanediyl]imino})bis(6-amino-N-phenylhexanamide)",
DB03649,"[{(5-Chloro-2-Pyridinyl)Amino} Methylene]-1,1-Bisphosphonate",dxr
DB03650,(3e)-3-[(4-Hydroxyphenyl)Imino]-1h-Indol-2(3h)-One,PIM1
DB03651,Picric acid,onr
DB03654,"S,S-Propylthiocysteine",nuc
DB03654,"S,S-Propylthiocysteine",prfA
DB03657,1-deoxy-1-methoxycarbamido-beta-D-glucopyranose,PYGM
DB03658,"(2R,4S)-2-[(1R)-1-{[(2R)-2-Amino-2-(4-hydroxyphenyl)acetyl]amino}-2-oxoethyl]-5,5-dimethyl-1,3-thiazolidine-4-carboxylic acid",ampC
DB03659,Butylamine,SAP2
DB03660,4-Iodo-L-phenylalanine,DPP4
DB03660,4-Iodo-L-phenylalanine,
DB03660,4-Iodo-L-phenylalanine,E
DB03660,4-Iodo-L-phenylalanine,pcp
DB03661,L-cysteic acid,def
DB03661,L-cysteic acid,CTSL
DB03661,L-cysteic acid,PTPN1
DB03661,L-cysteic acid,CDC25B
DB03661,L-cysteic acid,fabH
DB03661,L-cysteic acid,
DB03661,L-cysteic acid,luxS
DB03661,L-cysteic acid,1
DB03661,L-cysteic acid,blaVIM-2
DB03661,L-cysteic acid,
DB03661,L-cysteic acid,
DB03661,L-cysteic acid,prx
DB03661,L-cysteic acid,def
DB03661,L-cysteic acid,GLIPR2
DB03661,L-cysteic acid,
DB03661,L-cysteic acid,def
DB03662,Vitamin B6 Complexed with 2-Amino-Pentanoic Acid,aspC
DB03663,"1-[(2-Amino-6,9-Dihydro-1h-Purin-6-Yl)Oxy]-3-Methyl-2-Butanol",CDK2
DB03664,P1-(adenosine-5'-P5-(uridine-5')pentaphosphate,CMPK1
DB03666,Zidovudine monophosphate,DTYMK
DB03666,Zidovudine monophosphate,tmk
DB03667,Acetic Acid Salicyloyl-Amino-Ester,PTGS1
DB03668,6-oxouridine 5'-phosphate,pyrF
DB03669,4-Fluorophenethyl Alcohol,E
DB03670,"2-(Oxalyl-Amino)-4,5,6,7-Tetrahydro-Thieno[2,3-C]Pyridine-3-Carboxylic Acid",PTPN1
DB03672,9-N-Phenylmethylamino-Tacrine,BCHE
DB03673,beta-2-Thienyl-L-alanine,PAH
DB03676,Cystein-S-Yl Cacodylate,gag-pol
DB03676,Cystein-S-Yl Cacodylate,
DB03677,N-Cyclohexyl-N'-Decylurea,EPHX2
DB03679,2-Hydroxy-Tryptophan,qheDH
DB03680,Tartronate,ME2
DB03680,Tartronate,ME3
DB03683,2-{[Formyl(Hydroxy)Amino]Methyl}-4-Methylpentanoic Acid,MMP9
DB03685,Uridine monophosphate,TMP1
DB03685,Uridine monophosphate,UCKL1
DB03685,Uridine monophosphate,galT
DB03685,Uridine monophosphate,thyA
DB03685,Uridine monophosphate,GLT6D1
DB03685,Uridine monophosphate,LSM6
DB03685,Uridine monophosphate,upp
DB03685,Uridine monophosphate,B4GALT1
DB03685,Uridine monophosphate,ISG20
DB03685,Uridine monophosphate,pyrF
DB03685,Uridine monophosphate,pyrR
DB03685,Uridine monophosphate,upp
DB03685,Uridine monophosphate,arnA
DB03685,Uridine monophosphate,rsuA
DB03686,S-(4-nitrobenzyl)glutathione,GSTP1
DB03687,4-(Cytidine 5'-diphospho)-2-C-methyl-D-erythritol,ispF
DB03687,4-(Cytidine 5'-diphospho)-2-C-methyl-D-erythritol,ispE
DB03687,4-(Cytidine 5'-diphospho)-2-C-methyl-D-erythritol,ispD
DB03688,Hydracrylic acid,bioH
DB03689,Butane,pyp
DB03689,Butane,
DB03689,Butane,stx2e B
DB03690,"(Z,Z)-4-Hydroxy-N,N,N-Trimethyl-10-Oxo-7-[(1-Oxo-9-Octadecenyl)Oxy]-3,5,9-Trioxa-4-Phosphaheptacos-18-En-1-Aminium-4-Oxide",PITPNA
DB03691,WRR-112,CTSF
DB03691,WRR-112,
DB03692,1-Hexadecanosulfonyl-O-L-Serine,pldA
DB03693,N-(2-Aminoethyl)-5-Chloroisoquinoline-8-Sulfonamide,CSNK1G2
DB03694,N-phenylthiourea,TYR
DB03695,Piritrexim,DHFR
DB03696,Lanosterol,LSS
DB03697,4-Sulfonamide-[1-(4-Aminobutane)]Benzamide,CA2
DB03698,5-Mercaptoethanol-2-decenoyl-coenzyme A,fadH
DB03699,Succinyl-Coenzyme A,dapD
DB03700,D-Threonine,nprS
DB03701,Vanoxerine,SLC6A3
DB03701,Vanoxerine,KCNH2
DB03702,"N-{4-[(Carboxymethyl)carbamoyl]benzoyl}-L-valyl-N-[(3S)-1,1,1-trifluoro-4-methyl-2-oxo-3-pentanyl]-L-prolinamide",CELA1
DB03703,Cyclohexanol,blaZ
DB03703,Cyclohexanol,ADH1B
DB03704,12-Hydroxydodecanoic Acid,ADH5
DB03705,6-Methylamino-5-Nitroisocytosine,folP
DB03705,6-Methylamino-5-Nitroisocytosine,folP
DB03706,1-Hydroxy-2-S-glutathionyl-3-para-nitrophenoxy-propane,GSTM4
DB03707,S-Ethyl-N-Phenyl-Isothiourea,NOS1
DB03707,S-Ethyl-N-Phenyl-Isothiourea,NOS3
DB03708,Adenosine 5'-phosphosulfate,PAPSS1
DB03708,Adenosine 5'-phosphosulfate,
DB03709,Bicine,PLG
DB03709,Bicine,mltB
DB03709,Bicine,glf
DB03710,[(1S)-4-(1-Aminobutylideneamino)-1-carboxybutyl]azanium,NOS1
DB03711,6-Hydroxy-6-Methyl-Heptan-3-One,LCN9
DB03712,RU85053,SRC
DB03714,4-Carbamoyl-4-{[6-(Difluoro-Phosphono-Methyl)-Naphthalene-2-Carbonyl]-Amino}-Butyric Acid,PTPN1
DB03716,5'-Fluoro-5'-Deoxyadenosine,flA
DB03717,"3-Hydroxy-4-(3,4,5-trihydroxy-tetrahydro-pyran-2-yloxy)-piperidin-2-one",cex
DB03719,N-Ethyl-5'-Carboxamido Adenosine,HSP90B1
DB03721,N-acetyl-alpha-neuraminic acid,CES1
DB03721,N-acetyl-alpha-neuraminic acid,SELE
DB03721,N-acetyl-alpha-neuraminic acid,SELP
DB03721,N-acetyl-alpha-neuraminic acid,kpsU
DB03721,N-acetyl-alpha-neuraminic acid,tetX
DB03721,N-acetyl-alpha-neuraminic acid,ctxB
DB03721,N-acetyl-alpha-neuraminic acid,botB
DB03721,N-acetyl-alpha-neuraminic acid,MBL2
DB03721,N-acetyl-alpha-neuraminic acid,REG1A
DB03721,N-acetyl-alpha-neuraminic acid,
DB03721,N-acetyl-alpha-neuraminic acid,entB
DB03721,N-acetyl-alpha-neuraminic acid,NA
DB03721,N-acetyl-alpha-neuraminic acid,HN
DB03721,N-acetyl-alpha-neuraminic acid,L5
DB03721,N-acetyl-alpha-neuraminic acid,SIGLEC1
DB03721,N-acetyl-alpha-neuraminic acid,AZGP1
DB03721,N-acetyl-alpha-neuraminic acid,
DB03721,N-acetyl-alpha-neuraminic acid,L5
DB03722,"3,4-Dihydro-5-Methyl-Isoquinolinone",PARP1
DB03723,2'-Deoxy-thymidine-beta-L-rhamnose,rfbD
DB03723,2'-Deoxy-thymidine-beta-L-rhamnose,rmlA
DB03725,5'-Guanylylmethylenebisphosphonate,PCK1
DB03726,Purine Riboside-5'-Monophosphate,RNASE1
DB03727,Coproporphyrin I,UROD
DB03728,p-Chlorobenzoic acid,
DB03729,2-Amino-1H-benzimidazol-5-ol,PLAU
DB03730,"3,9-Dimethyladenine",
DB03731,S-2-(Boronoethyl)-L-Cysteine,ARG1
DB03731,S-2-(Boronoethyl)-L-Cysteine,ARG2
DB03732,Etheno-Nadp,BST1
DB03733,Ethylene Dichloride,linB
DB03734,Xylarohydroxamate,gudD
DB03735,9-(2-Deoxy-Beta-D-Ribofuranosyl)-6-Methylpurine,deoD
DB03736,2-Cyclopropylmethylenepropanal,REN
DB03737,"4-((3r,4s,5r)-4-Amino-3,5-Dihydroxy-Hex-1-Ynyl)-5-Fluoro-3-[1-(3-Methoxy-1h-Pyrrol-2-Yl)-Meth-(Z)-Ylidene]-1,3-Dihydro-Indol-2-One",CDK2
DB03738,Pantothenoylaminoethenethiol,PPCDC
DB03739,3-Hydroxyimino Quinic Acid,aroQ
DB03740,N-acetyl-alpha-D-glucosamine,ACHE
DB03740,N-acetyl-alpha-D-glucosamine,GBA1
DB03740,N-acetyl-alpha-D-glucosamine,ACE
DB03740,N-acetyl-alpha-D-glucosamine,pdaA
DB03740,N-acetyl-alpha-D-glucosamine,SIGLEC7
DB03740,N-acetyl-alpha-D-glucosamine,HN
DB03740,N-acetyl-alpha-D-glucosamine,lecB
DB03740,N-acetyl-alpha-D-glucosamine,env
DB03740,N-acetyl-alpha-D-glucosamine,IGHG1
DB03741,2-Methylbutanoic Acid,cumD
DB03742,Compound 4-D,ESR1
DB03744,"Cp403700, (S)-1-{2-[(5-Chloro-1h-Indole-2-Carbonyl)-Amino]-3-Phenyl-Propionyl}-Azetidine-3-Carboxylate",PYGL
DB03745,Arabinose-5-phosphate,kdsA
DB03745,Arabinose-5-phosphate,rpiA
DB03746,"3-Amino-4,5-Dihydroxy-Cyclohex-1-Enecarboxylate",aroD
DB03747,N-Acetyl-glucosamine thiazoline,HEXB
DB03747,N-Acetyl-glucosamine thiazoline,hex
DB03748,Methyl-[4-(4-Piperidine-1-Ylmethyl-Phenyl)-Cyclohexyl]-Carbaminic Acid-(4-Chlorophenyl)-Ester,shc
DB03749,"4-(1h-Imidazol-4-Yl)-3-(5-Ethyl-2,4-Dihydroxy-Phenyl)-1h-Pyrazole",HSP90AA1
DB03750,Isovaleric Acid,aspC
DB03750,Isovaleric Acid,pcp
DB03750,Isovaleric Acid,cumD
DB03751,2'deoxy-Thymidine-5'-Diphospho-Alpha-D-Glucose,rfbB
DB03751,2'deoxy-Thymidine-5'-Diphospho-Alpha-D-Glucose,rmlC
DB03751,2'deoxy-Thymidine-5'-Diphospho-Alpha-D-Glucose,rmlB
DB03751,2'deoxy-Thymidine-5'-Diphospho-Alpha-D-Glucose,rmlA
DB03751,2'deoxy-Thymidine-5'-Diphospho-Alpha-D-Glucose,desIV
DB03752,P-(2'-Iodo-5'-Thenoyl)Hydrotropic Acid,PTGS1
DB03753,Flurbiprofen Methyl Ester,PTGS1
DB03754,Tromethamine,AMD1
DB03754,Tromethamine,APP
DB03755,"Adenosine-5'-[Beta, Gamma-Methylene]Tetraphosphate",fpgS
DB03756,Doconexent,PPARA
DB03756,Doconexent,PPARG
DB03756,Doconexent,RXRA
DB03756,Doconexent,RXRB
DB03756,Doconexent,RXRG
DB03756,Doconexent,PTGS1
DB03756,Doconexent,PTGS2
DB03756,Doconexent,SREBF1
DB03756,Doconexent,MYC
DB03757,N-{[(2-Methyl-2-propanyl)oxy]carbonyl}-L-alanyl-L-alaninamide,CELA1
DB03758,Radicicol,HSP90AA1
DB03758,Radicicol,HSP90AB1
DB03758,Radicicol,HSP90B1
DB03758,Radicicol,DLAT
DB03758,Radicicol,PDK3
DB03758,Radicicol,phoQ
DB03759,FG-9041,GRIN1
DB03759,FG-9041,GRIN2A
DB03759,FG-9041,GRIN2B
DB03759,FG-9041,GRIK1
DB03759,FG-9041,GRIA1
DB03759,FG-9041,GRIA2
DB03760,Dihydrolipoic Acid,GCSH
DB03760,Dihydrolipoic Acid,DLAT
DB03760,Dihydrolipoic Acid,PDK3
DB03760,Dihydrolipoic Acid,gcvT
DB03761,5-fluoro-2'-deoxyuridine-5'-monophosphate,TMP1
DB03761,5-fluoro-2'-deoxyuridine-5'-monophosphate,thyA
DB03761,5-fluoro-2'-deoxyuridine-5'-monophosphate,thyA
DB03761,5-fluoro-2'-deoxyuridine-5'-monophosphate,thyX
DB03761,5-fluoro-2'-deoxyuridine-5'-monophosphate,thyA1
DB03763,5-methyl-2'-deoxypseudouridine,ntd
DB03765,2'-cytidylic acid,RNASE1
DB03766,Propanoic acid,alr
DB03766,Propanoic acid,GPHN
DB03766,Propanoic acid,cumD
DB03767,Morpholine-4-Carboxylic Acid [1s-(2-Benzyloxy-1r-Cyano-Ethylcarbamoyl)-3-Methyl-Butyl]Amide,CTSS
DB03768,"N-[2-Hydroxy-2-(8-Isopropyl-6,9-Dioxo-2-Oxa-7,10-Diaza-Bicyclo[11.2.2]Heptadeca-1(16),13(17),14-Trien-11-Yl)-Ethyl]-N-(3-Methyl-Butyl)-Benzenesulfonamide,Inhibitor 3",gag-pol
DB03769,D-Eritadenine,AHCY
DB03771,Allyl-{4-[3-(4-Bromo-Phenyl)-Benzofuran-6-Yloxy]-but-2-Enyl}-Methyl-Amine,shc
DB03772,"2-Hexyloxy-6-Hydroxymethyl-Tetrahydro-Pyran-3,5-Diol",ABO
DB03773,alpha-D-quinovopyranose,AMY2A
DB03773,alpha-D-quinovopyranose,
DB03773,alpha-D-quinovopyranose,
DB03773,alpha-D-quinovopyranose,galM
DB03773,alpha-D-quinovopyranose,amyA
DB03775,Dethiobiotin,bioD
DB03775,Dethiobiotin,bioD1
DB03775,Dethiobiotin,bioB
DB03777,Bisindolylmaleimide I,CHEK1
DB03777,Bisindolylmaleimide I,ROCK1
DB03777,Bisindolylmaleimide I,lef
DB03777,Bisindolylmaleimide I,MAPK12
DB03777,Bisindolylmaleimide I,SGK1
DB03777,Bisindolylmaleimide I,MAPK1
DB03777,Bisindolylmaleimide I,CCNB1
DB03777,Bisindolylmaleimide I,AKT1
DB03777,Bisindolylmaleimide I,LCK
DB03777,Bisindolylmaleimide I,MAPK11
DB03777,Bisindolylmaleimide I,MAPK14
DB03777,Bisindolylmaleimide I,GSK3B
DB03777,Bisindolylmaleimide I,PRKCG
DB03777,Bisindolylmaleimide I,CDK1
DB03777,Bisindolylmaleimide I,MAPK8
DB03777,Bisindolylmaleimide I,PRKCZ
DB03777,Bisindolylmaleimide I,PDPK1
DB03777,Bisindolylmaleimide I,PRKCI
DB03777,Bisindolylmaleimide I,PIM1
DB03779,Glucosaminyl-(Alpha-6)-D-Myo-Inositol,
DB03780,2-Aminoquinazolin-4(3h)-One,tgt
DB03781,"2-[4-(2,4-Dichlorophenoxy)Phenoxy]Propanoic Acid",ACACB
DB03782,N-(1-adamantyl)-N'-(4-guanidinobenzyl)urea,PLAU
DB03783,Phenacetin,PTGS1
DB03783,Phenacetin,IMPDH1
DB03784,Elaidamide,HTR7
DB03784,Elaidamide,PLA2G2A
DB03785,Mevinolinic acid,mvaA
DB03787,"(5-Hydroxy-6-methyl-4-{[(E)-(3-oxo-1,2-oxazolidin-4-ylidene)amino]methyl}-3-pyridinyl)methyl dihydrogen phosphate",dgdA
DB03788,GC-24,THRB
DB03790,L-methionine sulfone,katA
DB03791,GW-3965,NR1H3
DB03791,GW-3965,NR1H2
DB03792,5-Aminouracil,RNASE1
DB03793,Benzoic acid,RAB9A
DB03793,Benzoic acid,SLC15A1
DB03793,Benzoic acid,cocE
DB03793,Benzoic acid,DAO
DB03793,Benzoic acid,clcA
DB03793,Benzoic acid,cumD
DB03793,Benzoic acid,cpo
DB03793,Benzoic acid,nfsB
DB03793,Benzoic acid,chqB
DB03793,Benzoic acid,repA
DB03795,2-Dehydropantoate,panB
DB03796,Palmitic Acid,FABP5
DB03796,Palmitic Acid,FABP4
DB03796,Palmitic Acid,LALBA
DB03796,Palmitic Acid,PPARA
DB03796,Palmitic Acid,RHO
DB03796,Palmitic Acid,PPT1
DB03796,Palmitic Acid,PMP2
DB03796,Palmitic Acid,PAEP
DB03796,Palmitic Acid,HNF4G
DB03796,Palmitic Acid,
DB03796,Palmitic Acid,CYP2C8
DB03796,Palmitic Acid,TRAPPC3
DB03796,Palmitic Acid,
DB03798,2'-Deoxycytidine-5'-Monophosphate,TMP1
DB03798,2'-Deoxycytidine-5'-Monophosphate,thyA
DB03798,2'-Deoxycytidine-5'-Monophosphate,42
DB03799,Trifluoromethionine,metG
DB03799,Trifluoromethionine,map
DB03800,Deoxyuridine monophosphate,TMP1
DB03800,Deoxyuridine monophosphate,dut
DB03800,Deoxyuridine monophosphate,thyA
DB03800,Deoxyuridine monophosphate,thyA
DB03800,Deoxyuridine monophosphate,TYMS
DB03800,Deoxyuridine monophosphate,thyX
DB03800,Deoxyuridine monophosphate,pol
DB03800,Deoxyuridine monophosphate,dut
DB03800,Deoxyuridine monophosphate,THYA
DB03801,Lysine Nz-Carboxylic Acid,CDK2
DB03801,Lysine Nz-Carboxylic Acid,OXA-10
DB03801,Lysine Nz-Carboxylic Acid,murD
DB03801,Lysine Nz-Carboxylic Acid,alr
DB03801,Lysine Nz-Carboxylic Acid,murE
DB03801,Lysine Nz-Carboxylic Acid,opd
DB03801,Lysine Nz-Carboxylic Acid,fpgS
DB03801,Lysine Nz-Carboxylic Acid,pyrC
DB03801,Lysine Nz-Carboxylic Acid,hyuA
DB03801,Lysine Nz-Carboxylic Acid,OXA-1
DB03801,Lysine Nz-Carboxylic Acid,lhyD
DB03801,Lysine Nz-Carboxylic Acid,
DB03801,Lysine Nz-Carboxylic Acid,
DB03801,Lysine Nz-Carboxylic Acid,iadA
DB03801,Lysine Nz-Carboxylic Acid,bla
DB03801,Lysine Nz-Carboxylic Acid,dadX
DB03801,Lysine Nz-Carboxylic Acid,
DB03801,Lysine Nz-Carboxylic Acid,
DB03802,"1-[4-(Octahydro-Pyrido[1,2-a]Pyrazin-2-Yl)-Phenyl]-2-Phenyl-1,2,3,4-Tetrahydro-Isoquinolin-6-Ol",ESR1
DB03803,"N,N-[2,5-O-dibenzyl-glucaryl]-DI-[valinyl-aminomethanyl-pyridine]",gag-pol
DB03804,5-Bromothienyldeoxyuridine,TK1
DB03804,5-Bromothienyldeoxyuridine,TK
DB03807,"1-(2-Chlorophenyl)-3,5-Dimethyl-1h-Pyrazole-4-Carboxylic Acid Ethyl Ester",PDE4B
DB03808,Hexamidine,qacR
DB03808,Hexamidine,qacR
DB03809,9-Butyl-8-(3-Methoxybenzyl)-9h-Purin-6-Amine,HSP90AA1
DB03811,Histidinol,hisD
DB03811,Histidinol,hisS
DB03812,"3-{2,6,8-trioxo-9-[(2S,3R,4R)-2,3,4,5-tetrahydroxypentyl]-1,2,3,6,8,9-hexahydro-7H-purin-7-Yl}propyl dihydrogen phosphate",ribH
DB03813,2-Decenoyl N-acetyl cysteamine,fabA
DB03813,2-Decenoyl N-acetyl cysteamine,fabA
DB03814,2-(N-morpholino)ethanesulfonic acid,ACHE
DB03814,2-(N-morpholino)ethanesulfonic acid,BCHE
DB03814,2-(N-morpholino)ethanesulfonic acid,CMA1
DB03814,2-(N-morpholino)ethanesulfonic acid,glmS
DB03814,2-(N-morpholino)ethanesulfonic acid,PDF
DB03814,2-(N-morpholino)ethanesulfonic acid,blaZ
DB03814,2-(N-morpholino)ethanesulfonic acid,HSD11B1
DB03814,2-(N-morpholino)ethanesulfonic acid,DFR1
DB03814,2-(N-morpholino)ethanesulfonic acid,nirK
DB03814,2-(N-morpholino)ethanesulfonic acid,GSTP1
DB03814,2-(N-morpholino)ethanesulfonic acid,hcp
DB03814,2-(N-morpholino)ethanesulfonic acid,lysA
DB03814,2-(N-morpholino)ethanesulfonic acid,yicI
DB03814,2-(N-morpholino)ethanesulfonic acid,limA
DB03814,2-(N-morpholino)ethanesulfonic acid,manA
DB03814,2-(N-morpholino)ethanesulfonic acid,B4GALT1
DB03814,2-(N-morpholino)ethanesulfonic acid,ABL
DB03814,2-(N-morpholino)ethanesulfonic acid,glmU
DB03814,2-(N-morpholino)ethanesulfonic acid,dsbC
DB03814,2-(N-morpholino)ethanesulfonic acid,gapA
DB03814,2-(N-morpholino)ethanesulfonic acid,mdlB
DB03814,2-(N-morpholino)ethanesulfonic acid,nir
DB03814,2-(N-morpholino)ethanesulfonic acid,hslO
DB03814,2-(N-morpholino)ethanesulfonic acid,msrC
DB03814,2-(N-morpholino)ethanesulfonic acid,ocd
DB03814,2-(N-morpholino)ethanesulfonic acid,QDPR
DB03814,2-(N-morpholino)ethanesulfonic acid,ASL
DB03814,2-(N-morpholino)ethanesulfonic acid,ymdB
DB03814,2-(N-morpholino)ethanesulfonic acid,ARL3
DB03814,2-(N-morpholino)ethanesulfonic acid,blaB
DB03814,2-(N-morpholino)ethanesulfonic acid,
DB03814,2-(N-morpholino)ethanesulfonic acid,L3MBTL1
DB03814,2-(N-morpholino)ethanesulfonic acid,rnz
DB03814,2-(N-morpholino)ethanesulfonic acid,PRDX6
DB03814,2-(N-morpholino)ethanesulfonic acid,mglB
DB03814,2-(N-morpholino)ethanesulfonic acid,pep
DB03814,2-(N-morpholino)ethanesulfonic acid,SFTPA1
DB03814,2-(N-morpholino)ethanesulfonic acid,
DB03814,2-(N-morpholino)ethanesulfonic acid,aroH
DB03814,2-(N-morpholino)ethanesulfonic acid,cyp158a2
DB03814,2-(N-morpholino)ethanesulfonic acid,IRGC
DB03815,Fucitol,fucI
DB03816,Difluoromethionine,metG
DB03817,"L-2,4-diaminobutyric acid",env
DB03818,N-[Tosyl-D-Prolinyl]Amino-Ethanethiol,TMP1
DB03818,N-[Tosyl-D-Prolinyl]Amino-Ethanethiol,thyA
DB03819,Salicylhydroxamic Acid,
DB03820,"(2S,5R,6R)-6-({(6S)-6-[(Ammonioacetyl)amino]-6-carboxylatohexanoyl}amino)-3,3-dimethyl-7-oxo-4-thia-1-azabicyclo[3.2.0]heptane-2-carboxylate",
DB03821,2-Amino-3-Hydroxy-3-Phosphonooxy-Propionic Acid,ARSA
DB03822,Ethyl dihydrogen phosphate,BCHE
DB03822,Ethyl dihydrogen phosphate,opd
DB03824,"7-Iodo-1,2,3,4-Tetrahydro-Isoquinoline",PNMT
DB03825,Rhodamine 6G,qacR
DB03825,Rhodamine 6G,acrB
DB03827,"(3s)-3,4-Di-N-Hexanoyloxybutyl-1-Phosphocholine",plc
DB03828,RU78299,SRC
DB03830,Phosphorylated Dihydropteroate,folC
DB03832,"3-Carboxy-N,N,N-Trimethyl-2-(Octanoyloxy)Propan-1-Aminium",CROT
DB03833,"2-Prolyl-5-Tert-Butyl-[1,3,4]Oxadiazole",pip
DB03834,"(3S)-3-(dioxidosulfanyl)-N-[(1Z)-3-oxoprop-1-en-1-yl]-4-(1H-1,2,3-triazol-1-yl)-D-valine",bla
DB03835,"N-[(5S,7R,8S,9S,10R)-8,9,10-Trihydroxy-7-(hydroxymethyl)-2,4-dioxo-6-oxa-1,3-diazaspiro[4.5]dec-3-yl]acetamide",PYGM
DB03836,"1,3,5-trichlorobenzene",camC
DB03837,Morpholine-4-Carboxylic Acid (1-(3-Benzenesulfonyl-1-Phenethylallylcarbamoyl)-3-Methylbutyl)-Amide,CTSS
DB03840,Tetra(Imidazole)Diaquacopper (Ii),azu
DB03841,Niraxostat,XDH
DB03842,2-Chloro-6-Methyl-Aniline,E
DB03843,Formaldehyde,TRPA1
DB03843,Formaldehyde,
DB03844,"N-(2,6-Diflouro-Benzyl)-4-Sulfamoyl-Benzamide",CA2
DB03845,P1-(5'-Adenosyl)P5-(5'-(3'azido-3'-Deoxythymidyl))Pentaphosphate,DTYMK
DB03846,2'-deoxy-5-(hydroxymethyl)uridine 5'-(dihydrogen phosphate),tmk
DB03847,gamma-carboxy-L-glutamic acid,F2
DB03847,gamma-carboxy-L-glutamic acid,F10
DB03847,gamma-carboxy-L-glutamic acid,F9
DB03847,gamma-carboxy-L-glutamic acid,BGLAP
DB03848,Benzenesulfinic acid,NR1H2
DB03849,Cilomilast,PDE4D
DB03849,Cilomilast,PDE4B
DB03849,Cilomilast,PDE4A
DB03850,Jaspisamide A,ACTA1
DB03851,Carbazole Butanoic Acid,FABP5
DB03851,Carbazole Butanoic Acid,FABP4
DB03852,Eucalyptol,TRPM8
DB03854,Cadaverine,CA12
DB03854,Cadaverine,CA2
DB03854,Cadaverine,CA14
DB03854,Cadaverine,CA9
DB03854,Cadaverine,CA6
DB03854,Cadaverine,CA1
DB03854,Cadaverine,CA4
DB03854,Cadaverine,ispD
DB03855,L-Threonohydroxamate 4-Phosphate,ulaD
DB03856,L-Eflornithine,ODC1
DB03857,"1,4-dithio-beta-D-glucopyranose",celCCF
DB03859,1-thio-beta-D-glucopyranose,celCCG
DB03860,ICI-164384,ESR2
DB03860,ICI-164384,ESR1
DB03861,"(2R,3R,4S,5R)-2-acetamido-3,4-dihydroxy-5-hydroxymethyl-piperidine",HEXB
DB03861,"(2R,3R,4S,5R)-2-acetamido-3,4-dihydroxy-5-hydroxymethyl-piperidine",KCNMB2
DB03862,Tetrahydrooxazine,cel5A
DB03862,Tetrahydrooxazine,bglA
DB03863,2-O-Methyl-beta-L-fucopyranose,cslA
DB03863,2-O-Methyl-beta-L-fucopyranose,cslB
DB03864,Monothioglycerol,PREP
DB03865,6-Chloro-2-(2-Hydroxy-Biphenyl-3-Yl)-1h-Indole-5-Carboxamidine,F2
DB03865,6-Chloro-2-(2-Hydroxy-Biphenyl-3-Yl)-1h-Indole-5-Carboxamidine,PRSS1
DB03865,6-Chloro-2-(2-Hydroxy-Biphenyl-3-Yl)-1h-Indole-5-Carboxamidine,PLAU
DB03865,6-Chloro-2-(2-Hydroxy-Biphenyl-3-Yl)-1h-Indole-5-Carboxamidine,HPN
DB03866,Prostaglandin G2,PTGS2
DB03867,3-nitro-L-tyrosine,GSR
DB03868,3-Dehydroquinic Acid,aroQ
DB03869,5'-O-(L-Serylsulfamoyl)adenosine,thrS
DB03870,"Ara-Alpha(1,3)-Xyl",abfA
DB03871,"lambda-bis(2,2'-bipyridine)imidazole ruthenium (II)",azu
DB03874,"(4e,8e,12z,16z)-N,N,4,8,13,17,21-Heptamethyldocosa-4,8,12,16,20-Pentaen-1-Amine",shc
DB03876,"Thieno[2,3-B]Pyridine-2-Carboxamidine",PLAU
DB03876,"Thieno[2,3-B]Pyridine-2-Carboxamidine",PRSS1
DB03877,AL-4623,CA2
DB03878,N-[4-Methyl-3-[[4-(3-Pyridinyl)-2-Pyrimidinyl]Amino]Phenyl]-3-Pyridinecarboxamide,ABL1
DB03878,N-[4-Methyl-3-[[4-(3-Pyridinyl)-2-Pyrimidinyl]Amino]Phenyl]-3-Pyridinecarboxamide,ABL
DB03879,alpha-L-methyl-fucose,MBL2
DB03879,alpha-L-methyl-fucose,cslA
DB03880,Batimastat,MMP3
DB03880,Batimastat,ADAM28
DB03880,Batimastat,ADAMTS5
DB03880,Batimastat,MMP8
DB03880,Batimastat,MMP12
DB03880,Batimastat,MMP16
DB03881,"(2S,3R,4S,5S)-3,4-Dihydroxy-2-[(methylsulfanyl)methyl]-5-(4-oxo-4,5-dihydro-1H-pyrrolo[3,2-d]pyrimidin-7-yl)pyrrolidinium",PNP
DB03881,"(2S,3R,4S,5S)-3,4-Dihydroxy-2-[(methylsulfanyl)methyl]-5-(4-oxo-4,5-dihydro-1H-pyrrolo[3,2-d]pyrimidin-7-yl)pyrrolidinium",PNP
DB03882,"5-Alpha-Androstane-3-Beta,17beta-Diol",ESR2
DB03884,Phenylpyruvic acid,pdh
DB03884,Phenylpyruvic acid,HAO1
DB03884,Phenylpyruvic acid,ipdC
DB03884,Phenylpyruvic acid,
DB03884,Phenylpyruvic acid,bacB
DB03884,Phenylpyruvic acid,pheA
DB03886,Biopterin,PDF
DB03886,Biopterin,SPR
DB03886,Biopterin,PTS
DB03886,Biopterin,DHFR
DB03887,Alpha-Adenosine Monophosphate,cobT
DB03888,N-Allyl-6-{[3-(4-bromophenyl)-1-methyl-1H-indazol-6-yl]oxy}-N-methyl-1-hexanamine,shc
DB03889,S-(N-hydroxy-N-bromophenylcarbamoyl)glutathione,HAGH
DB03890,N-[2-(1-Formyl-2-Methyl-Propyl)-1-(4-Piperidin-1-Yl-but-2-Enoyl)-Pyrrolidin-3-Yl]-Methanesulfonamide,CELA1
DB03891,"Dibenzyl (carbonylbis{2,1-hydrazinediyl[(2S)-4-methyl-1-oxo-1,2-pentanediyl]})biscarbamate",CTSK
DB03892,5-N-Allyl-arginine,NOS1
DB03893,Thionicotinamide-Adenine-Dinucleotide,GAPDH
DB03894,N-Propargyl-1(S)-Aminoindan,MAOB
DB03895,Malachite Green,qacR
DB03896,Triphosphoric acid,PAPOLA
DB03897,Phloretic acid,tpl
DB03897,Phloretic acid,tyrA
DB03897,Phloretic acid,tpl
DB03899,9-Butyl-8-(4-Methoxybenzyl)-9h-Purin-6-Amine,HSP90AA1
DB03900,tert-butanol,METAP2
DB03900,tert-butanol,CALM3
DB03900,tert-butanol,CALM2
DB03900,tert-butanol,CALM1
DB03900,tert-butanol,RNASE1
DB03900,tert-butanol,TPI1
DB03900,tert-butanol,bphC
DB03900,tert-butanol,CALM1
DB03901,5-Oxoprolinal,
DB03902,Oxalic Acid,SRC
DB03903,Tmr,ACTA1
DB03904,Urea,DHFR
DB03904,Urea,ARG1
DB03904,Urea,CA2
DB03904,Urea,CTNNB1
DB03904,Urea,msrP
DB03905,Succinamide-CoA,dapD
DB03906,2-Phenylheme,HMOX1
DB03907,"N-[(E)-3-[(2R,3S,4R,5R)-5-(6-Aminopurin-9-yl)-3,4-dihydroxyoxolan-2-yl]prop-2-enyl]-2,3-dihydroxy-5-nitrobenzamide",COMT
DB03908,"N,N-[2,5-O-[Dibenzyl]-glucaryl]-DI-[isoleucyl-amido-methane]",gag-pol
DB03909,"Adenosine-5'-[Beta, Gamma-Methylene]Triphosphate",INSR
DB03909,"Adenosine-5'-[Beta, Gamma-Methylene]Triphosphate",fpgS
DB03909,"Adenosine-5'-[Beta, Gamma-Methylene]Triphosphate",cheA
DB03909,"Adenosine-5'-[Beta, Gamma-Methylene]Triphosphate",murC
DB03909,"Adenosine-5'-[Beta, Gamma-Methylene]Triphosphate",gntK
DB03909,"Adenosine-5'-[Beta, Gamma-Methylene]Triphosphate",purT
DB03909,"Adenosine-5'-[Beta, Gamma-Methylene]Triphosphate",ATP2A1
DB03909,"Adenosine-5'-[Beta, Gamma-Methylene]Triphosphate",PDXK
DB03909,"Adenosine-5'-[Beta, Gamma-Methylene]Triphosphate",PGK1
DB03909,"Adenosine-5'-[Beta, Gamma-Methylene]Triphosphate",pknB
DB03909,"Adenosine-5'-[Beta, Gamma-Methylene]Triphosphate",rbsK
DB03909,"Adenosine-5'-[Beta, Gamma-Methylene]Triphosphate",
DB03909,"Adenosine-5'-[Beta, Gamma-Methylene]Triphosphate",buk2
DB03909,"Adenosine-5'-[Beta, Gamma-Methylene]Triphosphate",KIF1A
DB03910,"S,S'-(1,3-Phenylene-Bis(1,2-Ethanediyl))Bis-Isothiourea",NOS2
DB03910,"S,S'-(1,3-Phenylene-Bis(1,2-Ethanediyl))Bis-Isothiourea",NOS3
DB03911,L-Xylopyranose,xylA
DB03912,D-pantetheine 4'-phosphate,coaD
DB03912,D-pantetheine 4'-phosphate,coaD
DB03912,D-pantetheine 4'-phosphate,coaD
DB03915,2-Amino-3-Ketobutyric Acid,kbl
DB03916,4-{2-[4-(2-Aminoethyl)Piperazin-1-Yl]Pyridin-4-Yl}-N-(3-Chloro-4-Methylphenyl)Pyrimidin-2-Amine,zipA
DB03916,4-{2-[4-(2-Aminoethyl)Piperazin-1-Yl]Pyridin-4-Yl}-N-(3-Chloro-4-Methylphenyl)Pyrimidin-2-Amine,zipA
DB03918,"6S-5,6,7,8-Tetrahydrobiopterin",NOS3
DB03919,Ethyl-Carbamic Acid Methyl Ester,stxB
DB03921,4-(3-Pyridin-2-Yl-1h-Pyrazol-4-Yl)Quinoline,TGFBR1
DB03923,Feruloyl Coenzyme A,COMTD1
DB03924,"5,8-Di-Amino-1,4-Dihydroxy-Anthraquinone",CSNK2A1
DB03925,Freselestat,CELA1
DB03925,Freselestat,ELANE
DB03927,Glycyl-L-alpha-amino-epsilon-pimelyl-D-alanine,
DB03928,"Carboxymethylthio-3-(3-Chlorophenyl)-1,2,4-Oxadiazol",CTH
DB03929,D-Serine,GRIN1
DB03929,D-Serine,GLRA1
DB03929,D-Serine,SERPINB3
DB03929,D-Serine,shp
DB03931,Diguanosine-5'-Triphosphate,
DB03932,LFA703,ITGAL
DB03933,C-1027 Aromatized chromophore,cagA
DB03934,Zinc protoporphyrin,CYCS
DB03935,"1,4-Dideoxy-O2-Sulfo-Glucuronic Acid",FGF2
DB03935,"1,4-Dideoxy-O2-Sulfo-Glucuronic Acid",ANXA5
DB03936,1-Deoxy-Ribofuranose-5'-Phosphate,kdsA
DB03937,D-erythrose 4-phosphate,kdsA
DB03937,D-erythrose 4-phosphate,GPI
DB03937,D-erythrose 4-phosphate,aroF
DB03938,Deacetoxycephalosporin C,cefE
DB03939,"(4S)-4-hydroxy-3,4-dihydro-2(1H)-pyrimidinone",codA
DB03940,Oxamic Acid,ABAT
DB03940,Oxamic Acid,
DB03940,Oxamic Acid,ldh
DB03940,Oxamic Acid,LDHA
DB03940,Oxamic Acid,LDHB
DB03940,Oxamic Acid,pflB
DB03940,Oxamic Acid,
DB03942,Carboxylic PRPP,LACZ
DB03942,Carboxylic PRPP,purR
DB03942,Carboxylic PRPP,gpt
DB03942,Carboxylic PRPP,purF
DB03944,"5-[1-(3,4-Dimethoxy-Benzoyl)-1,2,3,4-Tetrahydro-Quinolin-6-Yl]-6-Methyl-3,6-Dihydro-[1,3,4]Thiadiazin-2-One",TNNC1
DB03945,"N,N,N-Trimethyl-2-(phosphonooxy)ethanaminium",CRP
DB03945,"N,N,N-Trimethyl-2-(phosphonooxy)ethanaminium",ELSPBP1
DB03945,"N,N,N-Trimethyl-2-(phosphonooxy)ethanaminium",hlgB
DB03947,D-Xylulose,xylA
DB03948,"6-Chloropurine Riboside, 5'-Monophosphate",IMPDH2
DB03948,"6-Chloropurine Riboside, 5'-Monophosphate",PPAT
DB03948,"6-Chloropurine Riboside, 5'-Monophosphate",IMPDH1
DB03949,N-[(2S)-3-Phenyl-2-sulfanylpropanoyl]-L-phenylalanyl-L-tyrosine,nprS
DB03950,(S)-N-(3-Indol-1-Yl-2-Methyl-Propyl)-4-Sulfamoyl-Benzamide,CA2
DB03951,N-acetyl-D-glucosamine-6-phosphate,GNPDA1
DB03951,N-acetyl-D-glucosamine-6-phosphate,nagB
DB03952,9-(6-deoxy-beta-D-allofuranosyl)-6-methylpurine,deoD
DB03953,Thiocitrulline,NOS2
DB03953,Thiocitrulline,NOS3
DB03953,Thiocitrulline,NOS1
DB03955,1-deoxymannojirimycin,MAN2A1
DB03956,"Inositol 2,4,5-trisphosphate",PLCD1
DB03957,SP2456,IL2
DB03958,7-methyl-guanosine-5'-triphosphate-5'-guanosine,DCPS
DB03958,7-methyl-guanosine-5'-triphosphate-5'-guanosine,L1
DB03959,"N,O6-Disulfo-Glucosamine",FGF2
DB03959,"N,O6-Disulfo-Glucosamine",FGF1
DB03959,"N,O6-Disulfo-Glucosamine",HGF
DB03959,"N,O6-Disulfo-Glucosamine",HS3ST3A1
DB03959,"N,O6-Disulfo-Glucosamine",
DB03959,"N,O6-Disulfo-Glucosamine",ANXA5
DB03961,"2c-Methyl-D-Erythritol 2,4-Cyclodiphosphate",ispF
DB03962,Nicotinamide 8-bromo-adenine dinucleotide phosphate,PGD
DB03963,S-(Dimethylarsenic)Cysteine,TLR2
DB03963,S-(Dimethylarsenic)Cysteine,UL80
DB03963,S-(Dimethylarsenic)Cysteine,gag-pol
DB03963,S-(Dimethylarsenic)Cysteine,NOS3
DB03963,S-(Dimethylarsenic)Cysteine,COPG1
DB03963,S-(Dimethylarsenic)Cysteine,
DB03963,S-(Dimethylarsenic)Cysteine,XRCC4
DB03963,S-(Dimethylarsenic)Cysteine,msrA
DB03964,4-Hydroxy-Aconitate Ion,ACO2
DB03966,Clorobiocin,TOP2B
DB03966,Clorobiocin,TOP2A
DB03966,Clorobiocin,gyrB
DB03967,Dodecyl sulfate,LYZ
DB03967,Dodecyl sulfate,pagP
DB03968,"1-Methyl-2-Oxy-5,5-Dimethyl Pyrrolidine",REN
DB03970,"(7R)-7-(6,7-Dihydro-5H-cyclopenta[d]imidazo[2,1-b][1,3]thiazol-2-yl)-2,7-dihydro-1,4-thiazepine-3,6-dicarboxylic acid",bla
DB03970,"(7R)-7-(6,7-Dihydro-5H-cyclopenta[d]imidazo[2,1-b][1,3]thiazol-2-yl)-2,7-dihydro-1,4-thiazepine-3,6-dicarboxylic acid",ampC
DB03970,"(7R)-7-(6,7-Dihydro-5H-cyclopenta[d]imidazo[2,1-b][1,3]thiazol-2-yl)-2,7-dihydro-1,4-thiazepine-3,6-dicarboxylic acid",bla
DB03971,Acarbose Derived Hexasaccharide,amyM
DB03971,Acarbose Derived Hexasaccharide,AMY2A
DB03973,"3-[2,6,8-Trioxo-9-[(2R,3R,4R)-2,3,4,5-tetrahydroxypentyl]-3H-purin-7-yl]propyl dihydrogen phosphate",ribH
DB03974,L-homoarginine,NOS3
DB03975,Mercuribenzoic Acid,CA2
DB03975,Mercuribenzoic Acid,cutA
DB03976,Phosphorylisopropane,PRSS2
DB03976,Phosphorylisopropane,CTRB1
DB03976,Phosphorylisopropane,PRSS1
DB03976,Phosphorylisopropane,
DB03977,Trimethyllysine,CALM3
DB03977,Trimethyllysine,CALM2
DB03977,Trimethyllysine,CALM1
DB03977,Trimethyllysine,CYCS
DB03977,Trimethyllysine,CALM1
DB03978,Tyrosinal,YARS
DB03978,Tyrosinal,YARS1
DB03978,Tyrosinal,tyrS
DB03978,Tyrosinal,pcp
DB03979,1-[Glycerolylphosphonyl]-2-[8-(2-Hexyl-Cyclopropyl)-Octanal-1-Yl]-3-[Hexadecanal-1-Yl]-Glycerol,hmp
DB03980,4-(Fluorophenyl)-1-Cyclopropylmethyl-5-(2-Amino-4-Pyrimidinyl)Imidazole,MAPK14
DB03981,"1,4-Dideoxy-5-Dehydro-O2-Sulfo-Glucuronic Acid",FGF2
DB03981,"1,4-Dideoxy-5-Dehydro-O2-Sulfo-Glucuronic Acid",HS3ST3A1
DB03981,"1,4-Dideoxy-5-Dehydro-O2-Sulfo-Glucuronic Acid",ANXA5
DB03982,"Compound 5, 2-(Naphthalen-1-Yl-Oxalyl-Amino)-Benzoicacid",PTPN1
DB03983,"{[2-Amino-4-oxo-6,7-di(sulfanyl-κS)-3,5,5a,8,9a,10-hexahydro-4H-pyrano[3,2-g]pteridin-8-yl]methyl dihydrogenato(2-) phosphate}(dioxo)sulfanylmolybdenum",SUOX
DB03984,Morpholine-4-Carboxylic Acid [1-(2-Benzylsulfanyl-1-Formyl-Ethylcarbamoyl)-2-Phenyl-Ethyl]-Amide,CTSS
DB03986,6-methyl-formycin A,deoD
DB03987,"2,4-Diamino-6-[N-(3',5'-Dimethoxybenzyl)-N-Methylamino]Pyrido[2,3-D]Pyrimidine",DHFR
DB03987,"2,4-Diamino-6-[N-(3',5'-Dimethoxybenzyl)-N-Methylamino]Pyrido[2,3-D]Pyrimidine",
DB03988,"2,6-Diamino-Hexanoic Acid Amide",ADCYAP1
DB03989,D-Allopyranose,alsB
DB03991,"2-deoxy-2,3-dehydro-N-acetylneuraminic acid",HN
DB03991,"2-deoxy-2,3-dehydro-N-acetylneuraminic acid",nedA
DB03991,"2-deoxy-2,3-dehydro-N-acetylneuraminic acid",NA
DB03991,"2-deoxy-2,3-dehydro-N-acetylneuraminic acid",HN
DB03991,"2-deoxy-2,3-dehydro-N-acetylneuraminic acid",NEU2
DB03993,Isocaproic acid,ilvE
DB03994,Ethanolamine,nspA
DB03994,Ethanolamine,ANXA3
DB03995,Betadex,tvaII
DB03995,Betadex,malE
DB03995,Betadex,
DB03996,"3-[(5s)-1-Acetyl-3-(2-Chlorophenyl)-4,5-Dihydro-1h-Pyrazol-5-Yl]Phenol",KIF11
DB03997,L-histidinol phosphate,hisC
DB03997,L-histidinol phosphate,hisC
DB03999,Butylphosphonate,lip
DB04000,Bromo-Willardiine,GRIA2
DB04001,6-(Oxalyl-Amino)-1h-Indole-5-Carboxylic Acid,PTPN1
DB04002,4-Sulfonamide-[4-(Thiomethylaminobutane)]Benzamide,CA2
DB04003,{4-[(2S)-2-Acetamido-3-({(1S)-1-[3-carbamoyl-4-(cyclohexylmethoxy)phenyl]ethyl}amino)-3-oxopropyl]-2-phosphonophenoxy}acetic acid,LCK
DB04004,"2,6-Diamino-8-(2-Dimethylaminoethylsulfanylmethyl)-3h-Quinazolin-4-One",tgt
DB04005,Uridine 5'-triphosphate,P2RY2
DB04005,Uridine 5'-triphosphate,P2RY6
DB04005,Uridine 5'-triphosphate,P2RY4
DB04005,Uridine 5'-triphosphate,P2RY11
DB04005,Uridine 5'-triphosphate,UCK2
DB04005,Uridine 5'-triphosphate,
DB04005,Uridine 5'-triphosphate,
DB04006,"[2-Amino-6-(2,6-Difluoro-Benzoyl)-Imidazo[1,2-a]Pyridin-3-Yl]-Phenyl-Methanone",CDK2
DB04007,Bromo-WR99210,PDF
DB04007,Bromo-WR99210,folA
DB04008,Zinc;[amino-[2-[[5-[amino(azaniumylidene)methyl]benzimidazol-1-id-2-yl]methyl]benzimidazol-1-id-5-yl]methylidene]azanium,PRSS1
DB04009,Dimethyl Propionate Ester Heme,CYB5A
DB04010,2-(3'-Methoxyphenyl) Benzimidazole-4-Carboxamide,PARP1
DB04012,"(3r)-4-(P-Toluenesulfonyl)-1,4-Thiazane-3-Carboxylicacid-L-Leucine",FKBP1A
DB04013,1-Deoxy-1-methoxycarbamido-beta-D-gluco-2-heptulopyranosonamide,PYGM
DB04014,Alsterpaullone,CDK5
DB04014,Alsterpaullone,CDK1
DB04014,Alsterpaullone,CDK2
DB04014,Alsterpaullone,GSK3B
DB04015,Methionine Phosphinate,metG
DB04015,Methionine Phosphinate,map
DB04016,2-[3-({Methyl[1-(2-Naphthoyl)Piperidin-4-Yl]Amino}Carbonyl)-2-Naphthyl]-1-(1-Naphthyl)-2-Oxoethylphosphonic Acid,CTSG
DB04016,2-[3-({Methyl[1-(2-Naphthoyl)Piperidin-4-Yl]Amino}Carbonyl)-2-Naphthyl]-1-(1-Naphthyl)-2-Oxoethylphosphonic Acid,CMA1
DB04017,Clorgiline,MAOA
DB04018,S-Isopropyl-Isothiourea,NOS3
DB04020,"4-(2-{[4-{[3-(4-Chlorophenyl)Propyl]Sulfanyl}-6-(1-Piperazinyl)-1,3,5-Triazin-2-Yl]Amino}Ethyl)Phenol",ESR2
DB04021,MF268,ACHE
DB04022,Guanosine tetraphosphate,LACZ
DB04022,Guanosine tetraphosphate,xpt
DB04022,Guanosine tetraphosphate,obg
DB04023,GDP-alpha-D-mannuronic acid,algD
DB04024,Serine-3'-aminoadenosine,thrS
DB04027,D-arginine,CKM
DB04028,Tyvelose,9
DB04029,Phenylalanylamide,TACR1
DB04029,Phenylalanylamide,
DB04029,Phenylalanylamide,
DB04029,Phenylalanylamide,daaA
DB04030,"1,3,4,9-Tetrahydro-2-(Hydroxybenzoyl)-9-[(4-Hydroxyphenyl)Methyl]-6-Methoxy-2h-Pyrido[3,4-B]Indole",fabI
DB04031,Serine vanadate,phoA
DB04032,Adamantane-1-Carboxylic Acid-5-Dimethylamino-Naphthalene-1-Sulfonylamino-Butyl-Amide,camC
DB04033,Z-Ala Prolinal,pep
DB04034,Ribulose-5-Phosphate,ulaD
DB04035,Ceftazidime BATSI,ampC
DB04035,Ceftazidime BATSI,bla
DB04035,Ceftazidime BATSI,
DB04036,Coenzyme A persulfide,IVD
DB04037,"N,N-Bis(4-Chlorobenzyl)-1h-1,2,3,4-Tetraazol-5-Amine",bla
DB04037,"N,N-Bis(4-Chlorobenzyl)-1h-1,2,3,4-Tetraazol-5-Amine",bla
DB04039,3-Oxo-Pentadecanoic Acid,btuB
DB04039,3-Oxo-Pentadecanoic Acid,ceaC
DB04039,3-Oxo-Pentadecanoic Acid,fhuA
DB04040,"N-[1,3-Di(4-morpholinyl)-2-propanyl]-3-(α-D-galactopyranosyloxy)-5-nitrobenzamide",eltB
DB04041,Nitrocefin Acyl-Serine,pbp
DB04042,"2-[4-(Hydroxy-Methoxy-Methyl)-Benzyl]-7-(4-Hydroxymethyl-Benzyl)-1,1-Dioxo-3,6-Bis-Phenoxymethyl-1lambda6-[1,2,7]Thiadiazepane-4,5-Diol",gag-pol
DB04043,Carboxymycobactin T,LCN2
DB04044,4-{2-[(3-Nitrobenzoyl)Amino]Phenoxy}Phthalic Acid,PYGM
DB04045,(R)-methylmalonyl-CoA,
DB04047,6-hydroxymethylpterin diphosphate,folP
DB04047,6-hydroxymethylpterin diphosphate,folK
DB04047,6-hydroxymethylpterin diphosphate,folP
DB04048,N-Carbamoyl-Alanine,PRDX2
DB04050,N-Propyl Isocyanide,MB
DB04051,5-phenylpentanoic acid,tyrB
DB04052,"3,4-Xylenol",cobT
DB04053,Hypophosphite,rhdA
DB04054,"9-Butyl-8-(2,5-Dimethoxy-Benzyl)-2-Fluoro-9h-Purin-6-Ylamine",HSP90AA1
DB04055,"2,3-Dicarboxy-4-(2-Chloro-Phenyl)-1-Ethyl-5-Isopropoxycarbonyl-6-Methyl-Pyridinium",PYGM
DB04057,"N-[4-([(2-Amino-4-oxo-1,4-dihydropyrido[3,2-d]pyrimidin-6-yl)methyl]{(2E)-3-[4-carbamoyl-1-(5-O-phosphono-beta-D-ribofuranosyl)-1H-imidazol-5-yl]-2-propenoyl}amino)benzoyl]-L-glutamic acid",ATIC
DB04058,N-Carbamoylphenylalanine,CPA1
DB04058,N-Carbamoylphenylalanine,
DB04059,8-(Pyrimidin-2-Ylamino)Naphthalene-2-Carboximidamide,PLAU
DB04062,beta-D-fucose,araF
DB04062,beta-D-fucose,araC
DB04063,alpha-Methylleucine,ilvE
DB04064,Nogalaviketone,snoaL
DB04065,N-Cyclopentyl-N-Cyclobutylformamide,ADH1A
DB04066,p-Coumaric acid,CA4
DB04066,p-Coumaric acid,CA1
DB04066,p-Coumaric acid,CA6
DB04066,p-Coumaric acid,CA9
DB04066,p-Coumaric acid,CA14
DB04066,p-Coumaric acid,CA2
DB04066,p-Coumaric acid,CA12
DB04066,p-Coumaric acid,PTGR1
DB04066,p-Coumaric acid,hutH
DB04066,p-Coumaric acid,pyp
DB04066,p-Coumaric acid,pph
DB04067,4-hydroxybenzyl coenzyme A,fcbC
DB04067,4-hydroxybenzyl coenzyme A,
DB04068,"2',3'-dideoxy-3'-fluoro-urididine-5'-diphosphate",NME1
DB04069,"5,6-Dihydro-Benzo[H]Cinnolin-3-Ylamine",DAPK1
DB04070,6-Deoxyerythronolide B,eryF
DB04071,Cpad,ADH1C
DB04072,Alpha-Methylisocitric Acid,ACO2
DB04073,N-{3-[4-(3-amino-propyl)-piperazin-1-yl]-propyl}-3-nitro-5-(galactopyranosyl)-beta-benzamide,ctxB
DB04074,alpha-Ketoisovalerate,BCAT2
DB04074,alpha-Ketoisovalerate,panB
DB04074,alpha-Ketoisovalerate,cefE
DB04074,alpha-Ketoisovalerate,leuA
DB04075,N-Acetyl-L-Glutamate,argB
DB04075,N-Acetyl-L-Glutamate,argB
DB04076,Hypoxanthine,PNP
DB04079,"Heptane-1,2,3-Triol",RHO
DB04079,"Heptane-1,2,3-Triol",pilE1
DB04079,"Heptane-1,2,3-Triol",fecA
DB04080,RU78191,SRC
DB04081,"(4s-Trans)-4-(Methylamino)-5,6-Dihydro-6-Methyl-4h-Thieno(2,3-B)Thiopyran-2-Sulfonamide-7,7-Dioxide",CA2
DB04082,Decyloxy-Methanol,frr
DB04082,Decyloxy-Methanol,frr
DB04083,N(6)-(pyridoxal phosphate)-L-lysine,KYAT1
DB04083,N(6)-(pyridoxal phosphate)-L-lysine,ODC1
DB04083,N(6)-(pyridoxal phosphate)-L-lysine,bioA
DB04083,N(6)-(pyridoxal phosphate)-L-lysine,PYGM
DB04083,N(6)-(pyridoxal phosphate)-L-lysine,AGXT
DB04083,N(6)-(pyridoxal phosphate)-L-lysine,aspC
DB04083,N(6)-(pyridoxal phosphate)-L-lysine,
DB04083,N(6)-(pyridoxal phosphate)-L-lysine,
DB04083,N(6)-(pyridoxal phosphate)-L-lysine,mdeA
DB04083,N(6)-(pyridoxal phosphate)-L-lysine,metB
DB04083,N(6)-(pyridoxal phosphate)-L-lysine,
DB04084,2-deoxy-2-fluoro-α-D-mannose,manA
DB04085,Bis(N-maleimidomethyl)ether,azu
DB04086,"2',4'-Dinitrophenyl-2deoxy-2-Fluro-B-D-Cellobioside",cel5A
DB04087,Open Form of 2'-Deoxy-Ribofuranose-5'-Phosphate,deoC
DB04087,Open Form of 2'-Deoxy-Ribofuranose-5'-Phosphate,deoC
DB04088,2-[{4-[(2S)-2-{[(Allyloxy)carbonyl]amino}-3-({4-[3-hydroxy-2-(methoxycarbonyl)phenoxy]butyl}amino)-3-oxopropyl]phenyl}(carboxycarbonyl)amino]benzoic acid,PTPN1
DB04089,AL5300,CA2
DB04090,RH-1,NQO1
DB04092,Apstatin,pepP
DB04094,4-hydroxybutan-2-one,FKBP1A
DB04095,9-Deazahypoxanthine,PNP
DB04095,9-Deazahypoxanthine,punA
DB04097,Uridine-5'-diphosphate-4-deoxy-4-fluoro-alpha-D-galactose,galE
DB04098,Balanol,CSNK2A1
DB04098,Balanol,PRKCA
DB04098,Balanol,PRKCB
DB04098,Balanol,PRKCG
DB04098,Balanol,PRKACA
DB04099,Deamido-Nad+,nadE
DB04099,Deamido-Nad+,nadE
DB04099,Deamido-Nad+,NMNAT1
DB04099,Deamido-Nad+,nadD
DB04099,Deamido-Nad+,NMNAT3
DB04099,Deamido-Nad+,nadE
DB04100,"Tricarbonyl(1,10-phenanthroline)rhenium(1+)",azu
DB04101,"N'-[4-(2,4-Dimethyl-1,3-thiazol-5-yl)-2-pyrimidinyl]-N-hydroxyimidoformamide",CDK2
DB04103,3-Methylcytosine,OPG102
DB04104,3-Methyladenine,tag
DB04105,N-Heptylformamide,ADH1B
DB04106,Fotemustine,TXNRD1
DB04107,[(1-{2[(4-Carbamimidoyl-Phenylamino)-Methyl]-1-Methyl-1h-Benzoimidazol-5-Yl}-Cyclopropyl)-Pyridin-2-Yl-Methyleneaminooxy]-Acetic Acid Ethyl Ester,PRSS1
DB04108,"(2s,3r)-3-Amino-2-Hydroxy-5-(Ethylsulfanyl)Pentanoyl-((S)-(-)-(1-Naphthyl)Ethyl)Amide",METAP2
DB04109,"[4-(1,3,2-Dioxaborolan-2-Yloxy)Methyl]Benzamidine",PRSS3
DB04112,(2R)-2-Acetamido-3-(octadecyloxy)propyl 2-(methylsulfanyl)ethyl hydrogen phosphate,PLA2G2A
DB04113,N-Formylpiperidine,ADH1C
DB04114,"3-Chloro-9-Ethyl-6,7,8,9,10,11-Hexahydro-7,11-Methanocycloocta[B]Quinolin-12-Amine",ACHE
DB04115,Berberine,TERT
DB04115,Berberine,BIRC5
DB04115,Berberine,qacR
DB04116,Allolactose,lacZ
DB04117,"4-(N,N-Dimethylamino)cinnamoyl-CoA",ECHS1
DB04119,Hexatantalum Dodecabromide,CAMK2A
DB04119,Hexatantalum Dodecabromide,UBA1
DB04120,"4-Methyl-1,2-Benzenediol",cobT
DB04120,"4-Methyl-1,2-Benzenediol",catA
DB04121,Guanosine-3'-monophosphate-5'-diphosphate,ARF1
DB04122,beta-D-glucose 6-phosphate,zwf
DB04123,(P-Iodophenylacetylamino)Methylphosphinic Acid,ampC
DB04123,(P-Iodophenylacetylamino)Methylphosphinic Acid,blaZ
DB04124,Aurodox,tufB
DB04125,N-Alpha-(2-Naphthylsulfonyl)-N(3-Amidino-L-Phenylalaninyl)-4-Acetyl-Piperazine,PRSS1
DB04126,N-[1-Hydroxycarboxyethyl-Carbonyl]Leucylamino-2-Methyl-Butane,CTSB
DB04126,N-[1-Hydroxycarboxyethyl-Carbonyl]Leucylamino-2-Methyl-Butane,CTSH
DB04127,beta-D-arabinofuranose 5-phosphate,rpiA
DB04128,"5-Nitroso-6-ribityl-amino-2,4(1H,3H)-pyrimidinedione",ribH
DB04129,Willardiine,GRIA1
DB04129,Willardiine,GRIA2
DB04130,5-Methoxybenzimidazole,cobT
DB04131,"10-(4-Dimethylamino-5-Hydroxy-6-Methyl-Tetrahydro-Pyran-2-Yloxy)-8-Ethyl-1,8,11-Trihydroxy-7,8,9,10-Tetrahydro-Naphthacene-5,12-Dione",rdmC
DB04132,S-Hexylglutathione,HPGDS
DB04132,S-Hexylglutathione,GLO1
DB04132,S-Hexylglutathione,GSTM4
DB04132,S-Hexylglutathione,GSTP1
DB04132,S-Hexylglutathione,GST
DB04132,S-Hexylglutathione,GSTA1
DB04132,S-Hexylglutathione,GSTT2
DB04133,Degraded Cephaloridine,pbpA
DB04133,Degraded Cephaloridine,blaZ
DB04135,"(4S)-5-Fluoro-4-hydroxy-3,4-dihydro-2(1H)-pyrimidinone",codA
DB04136,Lysophosphotidylserine,F2
DB04137,Guanosine-5'-Triphosphate,
DB04137,Guanosine-5'-Triphosphate,GCH1
DB04137,Guanosine-5'-Triphosphate,P2
DB04137,Guanosine-5'-Triphosphate,UCKL1
DB04137,Guanosine-5'-Triphosphate,HRAS
DB04137,Guanosine-5'-Triphosphate,
DB04137,Guanosine-5'-Triphosphate,RND3
DB04137,Guanosine-5'-Triphosphate,
DB04137,Guanosine-5'-Triphosphate,RHEB
DB04137,Guanosine-5'-Triphosphate,folE
DB04137,Guanosine-5'-Triphosphate,PFKFB1
DB04137,Guanosine-5'-Triphosphate,RAB5A
DB04137,Guanosine-5'-Triphosphate,engB
DB04137,Guanosine-5'-Triphosphate,
DB04137,Guanosine-5'-Triphosphate,
DB04137,Guanosine-5'-Triphosphate,ARF1
DB04137,Guanosine-5'-Triphosphate,mobA
DB04137,Guanosine-5'-Triphosphate,odcI
DB04137,Guanosine-5'-Triphosphate,GLUD1
DB04137,Guanosine-5'-Triphosphate,ADSS1
DB04137,Guanosine-5'-Triphosphate,RAP2A
DB04138,"5-[Bis(2-bromoethyl)amino]-N-(2,3-dioxopropyl)-2,4-dinitrobenzamide",nfsB
DB04139,6-Hydroxypropylthymine,TK1
DB04139,6-Hydroxypropylthymine,TK
DB04140,1-Benzyl-3-(4-Methoxy-Benzenesulfonyl)-6-Oxo-Hexahydro-Pyrimidine-4-Carboxylic Acid Hydroxyamide,MMP3
DB04141,"2-Hexyloxy-6-Hydroxymethyl-Tetrahydro-Pyran-3,4,5-Triol",CYC1
DB04141,"2-Hexyloxy-6-Hydroxymethyl-Tetrahydro-Pyran-3,4,5-Triol",MT-CYB
DB04141,"2-Hexyloxy-6-Hydroxymethyl-Tetrahydro-Pyran-3,4,5-Triol",UQCRC1
DB04141,"2-Hexyloxy-6-Hydroxymethyl-Tetrahydro-Pyran-3,4,5-Triol",UQCRC2
DB04141,"2-Hexyloxy-6-Hydroxymethyl-Tetrahydro-Pyran-3,4,5-Triol",UQCRH
DB04141,"2-Hexyloxy-6-Hydroxymethyl-Tetrahydro-Pyran-3,4,5-Triol",UQCRQ
DB04141,"2-Hexyloxy-6-Hydroxymethyl-Tetrahydro-Pyran-3,4,5-Triol",UQCRFS1
DB04141,"2-Hexyloxy-6-Hydroxymethyl-Tetrahydro-Pyran-3,4,5-Triol",UQCRB
DB04141,"2-Hexyloxy-6-Hydroxymethyl-Tetrahydro-Pyran-3,4,5-Triol",UQCR10
DB04141,"2-Hexyloxy-6-Hydroxymethyl-Tetrahydro-Pyran-3,4,5-Triol",SDHA
DB04141,"2-Hexyloxy-6-Hydroxymethyl-Tetrahydro-Pyran-3,4,5-Triol",SDHB
DB04141,"2-Hexyloxy-6-Hydroxymethyl-Tetrahydro-Pyran-3,4,5-Triol",SDHD
DB04141,"2-Hexyloxy-6-Hydroxymethyl-Tetrahydro-Pyran-3,4,5-Triol",ETFDH
DB04141,"2-Hexyloxy-6-Hydroxymethyl-Tetrahydro-Pyran-3,4,5-Triol",SDHC
DB04141,"2-Hexyloxy-6-Hydroxymethyl-Tetrahydro-Pyran-3,4,5-Triol",ABO
DB04142,"3-(3,5-Dibromo-4-Hydroxy-Benzoyl)-2-Ethyl-Benzofuran-6-Sulfonic Acid Dimethylamide",PTPN1
DB04143,Indole-3-Glycerol Phosphate,trpA
DB04143,Indole-3-Glycerol Phosphate,trpB
DB04144,"Cis-[4,5-Bis-(4-Chlorophenyl)-2-(2-Isopropoxy-4-Methoxyphenyl)-4,5-Dihyd Roimidazol-1-Yl]-Piperazin-1-Yl-Methanone",MDM2
DB04147,Dodecyldimethylamine N-oxide,
DB04147,Dodecyldimethylamine N-oxide,pufL
DB04147,Dodecyldimethylamine N-oxide,pufM
DB04147,Dodecyldimethylamine N-oxide,puhA
DB04147,Dodecyldimethylamine N-oxide,ctaDII
DB04147,Dodecyldimethylamine N-oxide,ctaC
DB04147,Dodecyldimethylamine N-oxide,IGKV1D-33
DB04147,Dodecyldimethylamine N-oxide,IGHV3-23
DB04147,Dodecyldimethylamine N-oxide,pufC
DB04147,Dodecyldimethylamine N-oxide,puhA
DB04147,Dodecyldimethylamine N-oxide,pufL
DB04147,Dodecyldimethylamine N-oxide,pufM
DB04147,Dodecyldimethylamine N-oxide,puhA
DB04147,Dodecyldimethylamine N-oxide,DSTN
DB04147,Dodecyldimethylamine N-oxide,RHO
DB04147,Dodecyldimethylamine N-oxide,cycA
DB04147,Dodecyldimethylamine N-oxide,NFE2L1
DB04147,Dodecyldimethylamine N-oxide,shc
DB04147,Dodecyldimethylamine N-oxide,btuB
DB04147,Dodecyldimethylamine N-oxide,ceaC
DB04147,Dodecyldimethylamine N-oxide,fptA
DB04147,Dodecyldimethylamine N-oxide,PMP2
DB04147,Dodecyldimethylamine N-oxide,ompW
DB04147,Dodecyldimethylamine N-oxide,
DB04147,Dodecyldimethylamine N-oxide,
DB04147,Dodecyldimethylamine N-oxide,tonB
DB04147,Dodecyldimethylamine N-oxide,cirA
DB04147,Dodecyldimethylamine N-oxide,cia
DB04147,Dodecyldimethylamine N-oxide,CFL1
DB04147,Dodecyldimethylamine N-oxide,glpG
DB04147,Dodecyldimethylamine N-oxide,ompG
DB04147,Dodecyldimethylamine N-oxide,papC
DB04147,Dodecyldimethylamine N-oxide,nanC
DB04147,Dodecyldimethylamine N-oxide,puhA
DB04147,Dodecyldimethylamine N-oxide,pufL
DB04147,Dodecyldimethylamine N-oxide,pufM
DB04147,Dodecyldimethylamine N-oxide,porB
DB04147,Dodecyldimethylamine N-oxide,
DB04147,Dodecyldimethylamine N-oxide,amtB
DB04147,Dodecyldimethylamine N-oxide,pbp2
DB04147,Dodecyldimethylamine N-oxide,DHODH
DB04147,Dodecyldimethylamine N-oxide,traO
DB04147,Dodecyldimethylamine N-oxide,traF
DB04147,Dodecyldimethylamine N-oxide,traN
DB04147,Dodecyldimethylamine N-oxide,
DB04147,Dodecyldimethylamine N-oxide,fecA
DB04147,Dodecyldimethylamine N-oxide,fadL
DB04147,Dodecyldimethylamine N-oxide,pagP
DB04147,Dodecyldimethylamine N-oxide,tesB
DB04147,Dodecyldimethylamine N-oxide,MAOB
DB04149,(R)-Rolipram,PDE4B
DB04149,(R)-Rolipram,PDE4A
DB04149,(R)-Rolipram,PDE4D
DB04150,"N-alpha-Acetyl-3,5-diiodotyrosyl-D-threonine",PAM
DB04151,1-Methylhistidine,ACTA1
DB04152,"2-Amino-3-(3-Hydroxy-7,8-Dihydro-6h-Cyclohepta[D]-4-Isoxazolyl)Propionic Acid",GRIK1
DB04152,"2-Amino-3-(3-Hydroxy-7,8-Dihydro-6h-Cyclohepta[D]-4-Isoxazolyl)Propionic Acid",GRIA2
DB04153,S-Hydroxymethyl Glutathione,ADH5
DB04154,"N-Methyl-N-[3-(6-Phenyl[1,2,4]Triazolo[4,3-B]Pyridazin-3-Yl)Phenyl]Acetamide",zipA
DB04154,"N-Methyl-N-[3-(6-Phenyl[1,2,4]Triazolo[4,3-B]Pyridazin-3-Yl)Phenyl]Acetamide",zipA
DB04155,2-Fluoro-2-Deoxy-Beta-D-Galactopyranosyl-Beta-D-Glucopyranose,lacZ
DB04156,Aspartate beryllium trifluoride,CTDSP1
DB04156,Aspartate beryllium trifluoride,ybiV
DB04156,Aspartate beryllium trifluoride,cheY
DB04157,N-[(Aminooxy)Carbonyl]Aniline,chiB
DB04158,"6-(adenosine tetraphosphate-methyl)-7,8-dihydropterin",folK
DB04160,Pyrophosphoric acid,FDPS
DB04160,Pyrophosphoric acid,ispA
DB04162,"5-Nitro-6-ribityl-amino-2,4(1H,3H)-pyrimidinedione",ribH2
DB04162,"5-Nitro-6-ribityl-amino-2,4(1H,3H)-pyrimidinedione",ribH
DB04163,"5-Phenylsulfanyl-2,4-Quinazolinediamine",PDF
DB04163,"5-Phenylsulfanyl-2,4-Quinazolinediamine",DHFR2
DB04163,"5-Phenylsulfanyl-2,4-Quinazolinediamine",DFR1
DB04164,"4,6-Dideoxy-4-{[(1S,5R,6S)-3-formyl-5,6-dihydroxy-4-oxo-2-cyclohexen-1-yl]amino}-α-D-xylo-hex-5-enopyranose",amy
DB04165,Valpromide,limA
DB04166,Anthranilic acid,IL4I1
DB04166,Anthranilic acid,DAO
DB04167,Aceglutamide,
DB04168,Bropirimine,folB
DB04169,"3,5-Diaminophthalhydrazide",tgt
DB04170,4-bromo-3-hydroxy-3-methyl butyl diphosphate,idi
DB04172,"[2,4,6-Triisopropyl-Phenylsulfonyl-L-[3-Amidino-Phenylalanine]]-Piperazine-N'-Beta-Alanine",PLAU
DB04173,Fructose,lamB
DB04173,Fructose,FHIT
DB04174,3'-1-carboxy-1-phosphonooxy-ethoxy-uridine-diphosphate-N-acetylglucosamine,murA
DB04175,Mdl-29951,FBP1
DB04175,Mdl-29951,GRIN2A
DB04175,Mdl-29951,GRIN2B
DB04175,Mdl-29951,GRIN1
DB04175,Mdl-29951,FBP2
DB04176,"Phosporic Acid Mono-[3,4-Dihydroxy-5-(5-Methoxy-Benzoimidazol-1-Yl)-Tetrahydro-Furan-2-Ylmethyl] Ester",cobT
DB04177,Digitoxigenin,ATP1A1
DB04178,Di-Stearoyl-3-Sn-Phosphatidylcholine,SLC25A4
DB04178,Di-Stearoyl-3-Sn-Phosphatidylcholine,BPI
DB04179,Benzofuran,E
DB04180,"4-(Aminosulfonyl)-N-[(2,4-Difluorophenyl)Methyl]-Benzamide",CA2
DB04182,"(S)-2-Amino-4-[(2s,3r)-2,3,5-Trihydroxy-4-Oxo-Pentyl]Mercapto-Butyric Acid",luxS
DB04183,Methylmalonic Acid,
DB04185,Norvaline,GATM
DB04185,Norvaline,OTC
DB04186,"N'-(Pyrrolidino[2,1-B]Isoindolin-4-On-8-Yl)-N-(Pyridin-2-Yl)Urea",CDK2
DB04187,"(9S,10S)-9-(S-glutathionyl)-10-hydroxy-9,10-dihydrophenanthrene",GSTM1
DB04188,MDL72527,SMOX
DB04190,"2,5-dibenzyloxy-3-hydroxy-hexanedioic acid bis-[(2-hydroxy-indan-1-yl)-amide]",gag-pol
DB04191,Skf 107457,gag-pol
DB04194,Triacetylchitotriose,LYZ
DB04195,Heptulose-2-Phosphate,PYGM
DB04196,Pteroic acid,folP
DB04196,Pteroic acid,folP
DB04197,Descarboxy-nor-N(Omega)-Hydroxy-L-Arginine,ARG1
DB04198,Formycin B,LACZ
DB04198,Formycin B,deoD
DB04198,Formycin B,HGPRTase
DB04199,1-Monohexanoyl-2-Hydroxy-Sn-Glycero-3-Phosphate,mxiM
DB04199,1-Monohexanoyl-2-Hydroxy-Sn-Glycero-3-Phosphate,grlR
DB04199,1-Monohexanoyl-2-Hydroxy-Sn-Glycero-3-Phosphate,mxiM
DB04200,Matairesinol,DHRS4L2
DB04201,Histidyl-Adenosine Monophosphate,hisS
DB04201,Histidyl-Adenosine Monophosphate,hisS
DB04202,Isoformononetin,ALDH2
DB04203,3-Mercuri-4-Aminobenzenesulfonamide,CA2
DB04204,[(4-{4-[4-(Difluoro-Phosphono-Methyl)-Phenyl]-Butyl}-Phenyl)-Difluoro-Methyl]-Phosphonic Acid,PTPN1
DB04205,"Thymidine-3',5'-Diphosphate",topA
DB04205,"Thymidine-3',5'-Diphosphate",nuc
DB04206,7-Aza-L-tryptophan,R
DB04207,L-Saccharopine,AASS
DB04208,"3-(3,4-dimethoxyphenyl)propanoic acid",tyrB
DB04209,Dequalinium,XIAP
DB04209,Dequalinium,CNGA1
DB04209,Dequalinium,KCNN3
DB04209,Dequalinium,KCNN2
DB04209,Dequalinium,KCNN1
DB04209,Dequalinium,CNGA2
DB04209,Dequalinium,KCNMA1
DB04209,Dequalinium,qacR
DB04209,Dequalinium,ramR
DB04209,Dequalinium,PRKCA
DB04209,Dequalinium,SNCA
DB04209,Dequalinium,mshC
DB04209,Dequalinium,CALM1
DB04210,"3-(alpha-D-galactopyranosyloxy)-N-(3-{4-[3-({2-[(3-{4-[3-({[3-(hexopyranosyloxy)-5-nitrophenyl]carbonyl}amino)propyl]piperazin-1-yl}propyl)amino]-3,4-dioxocyclobut-1-en-1-yl}amino)propyl]piperazin-1-yl}propyl)-5-nitrobenzamide",ctxB
DB04212,2-Iminiopropanoate,acdS
DB04213,N-Cyclohexyl-N'-(Propyl)Phenyl Urea,EPHX2
DB04214,4-Nitrophenyl Phosphate,CA2
DB04214,4-Nitrophenyl Phosphate,CA1
DB04214,4-Nitrophenyl Phosphate,ACP1
DB04214,4-Nitrophenyl Phosphate,DUSP23
DB04215,CRA_9076,PRSS1
DB04216,Quercetin,STAT3
DB04216,Quercetin,LPCAT2
DB04216,Quercetin,LPCAT1
DB04216,Quercetin,PIK3CG
DB04216,Quercetin,UGT3A1
DB04216,Quercetin,ATP5F1A
DB04216,Quercetin,ATP5F1B
DB04216,Quercetin,ATP5F1C
DB04216,Quercetin,PIM1
DB04216,Quercetin,ttgR
DB04216,Quercetin,HIBCH
DB04216,Quercetin,fabZ
DB04216,Quercetin,STK17B
DB04216,Quercetin,ESR1
DB04216,Quercetin,ESR2
DB04216,Quercetin,NQO2
DB04216,Quercetin,AHR
DB04216,Quercetin,CYP1B1
DB04216,Quercetin,ACTB
DB04216,Quercetin,CSNK2A1
DB04216,Quercetin,CSNK2B
DB04216,Quercetin,EIF3F
DB04216,Quercetin,HSP90AA1
DB04216,Quercetin,HSPA2
DB04216,Quercetin,RUVBL2
DB04216,Quercetin,SF3B3
DB04216,Quercetin,UBA1
DB04216,Quercetin,SHBG
DB04216,Quercetin,CBR1
DB04216,Quercetin,CEBPB
DB04216,Quercetin,NR1I2
DB04216,Quercetin,HCK
DB04217,L-2-amino-3-butynoic acid,sufS
DB04217,L-2-amino-3-butynoic acid,CTH
DB04218,1-Deaza-Adenosine,ADA
DB04220,CGP 4832,fhuA
DB04221,Didecyldimethylammonium,cmaA2
DB04223,Nitroarginine,NOS1
DB04223,Nitroarginine,NOS3
DB04224,Oleic Acid,FABP1
DB04224,Oleic Acid,FABP4
DB04224,Oleic Acid,PPARA
DB04224,Oleic Acid,PPARD
DB04224,Oleic Acid,RXRA
DB04224,Oleic Acid,PPARG
DB04224,Oleic Acid,PMP2
DB04227,"9-Amino-2-deoxy-2,3-dehydro-n-acetyl-neuraminic acid",NA
DB04229,"7,10,13-Tri(Carboxymethyl)-5,15-Dioxo-4,7,10,13,16-Pentaaza-1,19-Dithianonadecane",
DB04230,Nitromethyldethia coenzyme A,CS
DB04231,Tetra(imidazole)diaquacopper (I),azu
DB04232,N-Hydroxy-1-(4-Methoxyphenyl)Sulfonyl-4-Benzyloxycarbonyl-Piperazine-2-Carboxamide,MMP3
DB04233,(Hydroxyethyloxy)Tri(Ethyloxy)Octane,PNLIP
DB04233,(Hydroxyethyloxy)Tri(Ethyloxy)Octane,CLPS
DB04233,(Hydroxyethyloxy)Tri(Ethyloxy)Octane,RHO
DB04233,(Hydroxyethyloxy)Tri(Ethyloxy)Octane,
DB04233,(Hydroxyethyloxy)Tri(Ethyloxy)Octane,ompG
DB04233,(Hydroxyethyloxy)Tri(Ethyloxy)Octane,ompW
DB04233,(Hydroxyethyloxy)Tri(Ethyloxy)Octane,hia
DB04233,(Hydroxyethyloxy)Tri(Ethyloxy)Octane,oprP
DB04233,(Hydroxyethyloxy)Tri(Ethyloxy)Octane,oprD
DB04233,(Hydroxyethyloxy)Tri(Ethyloxy)Octane,
DB04233,(Hydroxyethyloxy)Tri(Ethyloxy)Octane,opdK
DB04233,(Hydroxyethyloxy)Tri(Ethyloxy)Octane,papC
DB04233,(Hydroxyethyloxy)Tri(Ethyloxy)Octane,ompC
DB04233,(Hydroxyethyloxy)Tri(Ethyloxy)Octane,tbuX
DB04233,(Hydroxyethyloxy)Tri(Ethyloxy)Octane,
DB04233,(Hydroxyethyloxy)Tri(Ethyloxy)Octane,
DB04233,(Hydroxyethyloxy)Tri(Ethyloxy)Octane,
DB04233,(Hydroxyethyloxy)Tri(Ethyloxy)Octane,estA
DB04233,(Hydroxyethyloxy)Tri(Ethyloxy)Octane,shc
DB04233,(Hydroxyethyloxy)Tri(Ethyloxy)Octane,btuB
DB04233,(Hydroxyethyloxy)Tri(Ethyloxy)Octane,opmA
DB04233,(Hydroxyethyloxy)Tri(Ethyloxy)Octane,ompF
DB04233,(Hydroxyethyloxy)Tri(Ethyloxy)Octane,fadL
DB04233,(Hydroxyethyloxy)Tri(Ethyloxy)Octane,ompX
DB04233,(Hydroxyethyloxy)Tri(Ethyloxy)Octane,ompA
DB04234,N2-({[(4-Bromophenyl)Methyl]Oxy}Carbonyl)-N1-[(1s)-1-Formylpentyl]-L-Leucinamide,CTSK
DB04235,4-Amino Hexanoic Acid,ABAT
DB04237,Tris(Hydroxyethyl)Aminomethane,clcA
DB04237,Tris(Hydroxyethyl)Aminomethane,alpha-LP
DB04238,N-Alpha-(2-Naphthylsulfonyl)-N-(3-Amidino-L-Phenylalaninyl)-D-Pipecolinic Acid,PRSS1
DB04239,2-Amino-6-Aminomethyl-8-Phenylsulfanylmethyl-3h-Quinazolin-4-One,tgt
DB04241,N-Pyridoxyl-2-Methylalanine-5-Phosphate,dgdA
DB04242,4-hydroxybenzoic acid,MAOB
DB04242,4-hydroxybenzoic acid,pobA
DB04242,4-hydroxybenzoic acid,ubiC
DB04242,4-hydroxybenzoic acid,pobA
DB04242,4-hydroxybenzoic acid,fcbC
DB04243,5-Methyluridine triphosphate,ssb
DB04244,(2R)-2-(3-Biphenylyl)-N-{(2R)-2-hydroxy-3-[(2-pyridinylsulfonyl)amino]propyl}-4-methylpentanamide,CTSK
DB04246,CRA_23653,PRSS1
DB04248,beta-(1->4)-galactotriose,ganB
DB04249,Zinc Substituted Heme C,CYCS
DB04250,Butyrylthiocholine,BCHE
DB04252,N-Carbamoylaspartic acid,pyrC
DB04253,Tretazicar,NQO2
DB04253,Tretazicar,nfsB
DB04254,"8-Benzo[1,3]Dioxol-,5-Ylmethyl-9-Butyl-2-Fluoro-9h-Purin-6-Ylamine",HSP90AA1
DB04255,Inhibitor BEA388,gag-pol
DB04256,(S)-alpha-methyl-4-carboxyphenylglycine,GRM1
DB04256,(S)-alpha-methyl-4-carboxyphenylglycine,GRM3
DB04256,(S)-alpha-methyl-4-carboxyphenylglycine,GRM5
DB04256,(S)-alpha-methyl-4-carboxyphenylglycine,GRM2
DB04257,Palmitoleic Acid,lpxC
DB04257,Palmitoleic Acid,cypC
DB04257,Palmitoleic Acid,cyp102A1
DB04258,Seocalcitol,VDR
DB04260,"9-(5,5-Difluoro-5-Phosphonopentyl)Guanine",PNP
DB04261,Carbamic Acid,blaZ
DB04261,Carbamic Acid,penP
DB04262,3-(7-hydroxy-8-ribityllumazine-6-yl) propionic acid,ribH
DB04263,Geneticin,ODC1
DB04264,"(10R)-10-formyl-5,8,10-trideazafolic acid",GART
DB04264,"(10R)-10-formyl-5,8,10-trideazafolic acid",purN
DB04265,N-acetyl-beta-neuraminic acid,tetX
DB04265,N-acetyl-beta-neuraminic acid,nedA
DB04265,N-acetyl-beta-neuraminic acid,
DB04265,N-acetyl-beta-neuraminic acid,HN
DB04267,Dipicolinic acid,dapB
DB04267,Dipicolinic acid,dapB
DB04268,Methylumbelliferyl chitotriose,LYZ
DB04269,Cyclotheonamide A,PRSS1
DB04270,(S)-3-(4-(2-Carbazol-9-Yl-Ethoxy)-Phenyl)-2-Ethoxy-Propionic Acid,PPARG
DB04271,"3,5-Dimethyl-1h-Pyrazole-4-Carboxylic Acid Ethyl Ester",PDE4D
DB04272,Citric acid,blaNDM-1
DB04272,Citric acid,AKR1B1
DB04272,Citric acid,icd
DB04272,Citric acid,penP
DB04272,Citric acid,ERG11
DB04272,Citric acid,TRPV4
DB04272,Citric acid,blm
DB04272,Citric acid,CS
DB04272,Citric acid,SRC
DB04272,Citric acid,RNASE1
DB04272,Citric acid,RNASE3
DB04272,Citric acid,fumC
DB04272,Citric acid,pgl
DB04272,Citric acid,IL4I1
DB04272,Citric acid,CTDSP1
DB04272,Citric acid,
DB04272,Citric acid,HGS
DB04272,Citric acid,
DB04272,Citric acid,ITEVIR
DB04272,Citric acid,12
DB04272,Citric acid,MDH2
DB04272,Citric acid,purE
DB04272,Citric acid,rplD
DB04272,Citric acid,CPB1
DB04272,Citric acid,L3
DB04272,Citric acid,
DB04272,Citric acid,bfrA
DB04272,Citric acid,pog
DB04272,Citric acid,cit
DB04272,Citric acid,rtcA
DB04272,Citric acid,LSM6
DB04272,Citric acid,PLEKHA1
DB04272,Citric acid,fbpA
DB04272,Citric acid,ftsY
DB04272,Citric acid,nadD
DB04272,Citric acid,nusB
DB04272,Citric acid,C8G
DB04272,Citric acid,nrdF
DB04272,Citric acid,glnA1
DB04272,Citric acid,gltA
DB04272,Citric acid,
DB04272,Citric acid,APRT
DB04272,Citric acid,rmlA
DB04272,Citric acid,
DB04272,Citric acid,yfiH
DB04272,Citric acid,rpiA
DB04272,Citric acid,guaA
DB04272,Citric acid,ITPA
DB04272,Citric acid,17
DB04272,Citric acid,
DB04272,Citric acid,pcaB
DB04272,Citric acid,pdc
DB04273,"8,9-Dichloro-2,3,4,5-Tetrahydro-1h-Benzo[C]Azepine",PNMT
DB04275,N-acetylserotonin,MTNR1A
DB04275,N-acetylserotonin,SPR
DB04276,4-[[(2S)-2-[[(2S)-3-Carboxy-2-hydroxypropanoyl]amino]-4-methylpentanoyl]amino]butyl-(diaminomethylidene)azanium,CAPN1
DB04276,4-[[(2S)-2-[[(2S)-3-Carboxy-2-hydroxypropanoyl]amino]-4-methylpentanoyl]amino]butyl-(diaminomethylidene)azanium,srtB
DB04277,Fructose -6-Phosphate,nagB
DB04278,2-[2-(2-Cyclohexyl-2-guanidino-acetylamino)-acetylamino]-N-(3-mercapto-propyl)-propionamide,IL2
DB04279,3-Isopropylmalic Acid,icd
DB04279,3-Isopropylmalic Acid,leuB
DB04280,"3,4-Dihydro-2'-deoxyuridine-5'-monophosphate",CD
DB04281,"2-[4-(4-Chlorophenyl)Cyclohexylidene]-3,4-Dihydroxy-1(2h)-Naphthalenone",DHODH
DB04282,2-deoxy-2-fluoro-α-D-glucose,cex
DB04282,2-deoxy-2-fluoro-α-D-glucose,bglA
DB04282,2-deoxy-2-fluoro-α-D-glucose,celB
DB04282,2-deoxy-2-fluoro-α-D-glucose,LCT
DB04284,L-proline betaine,proX
DB04285,"{4-[(2s,4e)-2-(1,3-Benzothiazol-2-Yl)-2-(1h-1,2,3-Benzotriazol-1-Yl)-5-Phenylpent-4-Enyl]Phenyl}(Difluoro)Methylphosphonic Acid",PTPN1
DB04286,beta-D-Ribopyranose,ACE
DB04286,beta-D-Ribopyranose,rbsB
DB04286,beta-D-Ribopyranose,rbsD
DB04287,KH064,PLA2G2A
DB04288,2-[Trans-(4-Aminocyclohexyl)Amino]-6-(Benzyl-Amino)-9-Cyclopentylpurine,CDK2
DB04289,Genz-10850,inhA
DB04293,7-(2-Amino-2-Phenyl-Acetylamino)-3-Chloro-8-Oxo-1-Aza-Bicyclo[4.2.0]Oct-2-Ene-2-Carboxylic Acid,ampC
DB04294,5-Phosphoribosyl-1-(Beta-Methylene) Pyrophosphate,nadC
DB04295,N-(Benzoylcarbamoyl)-beta-D-glucopyranosylamine,PYGM
DB04296,5-Oxo-L-Norleucine,purF
DB04297,Trichostatin A,HDAC7
DB04297,Trichostatin A,HDAC8
DB04297,Trichostatin A,acuC1
DB04297,Trichostatin A,CASP8
DB04297,Trichostatin A,PTGER1
DB04297,Trichostatin A,TNF
DB04298,"3-(4-Amino-2-Tert-Butyl-5-Methyl-Phenylsulfanyl)-6-Cyclopentyl-4-Hydroxy-6-[2-(4-Hydroxy-Phenyl)-Ethyl]-5,6-Dihydro-Pyran-2-One",
DB04299,Maleic acid,aspC
DB04299,Maleic acid,TPR
DB04299,Maleic acid,aspC
DB04299,Maleic acid,tyrB
DB04299,Maleic acid,GOT1
DB04301,Bis(5-Amidino-2-Benzimidazolyl)Methane Ketone Hydrate,PRSS1
DB04302,"4-Hydroxy-3,5-Dimethyl-5-(2-Methyl-Buta-1,3-Dienyl)-5h-Thiophen-2-One",kasA
DB04302,"4-Hydroxy-3,5-Dimethyl-5-(2-Methyl-Buta-1,3-Dienyl)-5h-Thiophen-2-One",fabB
DB04303,4-O-methyl-alpha-D-glucuronic acid,xynC
DB04303,4-O-methyl-alpha-D-glucuronic acid,aguA
DB04304,L-Gluconic Acid,bglA
DB04306,"5-[(4-Methylphenyl)Sulfanyl]-2,4-Quinazolinediamine",PDF
DB04306,"5-[(4-Methylphenyl)Sulfanyl]-2,4-Quinazolinediamine",DHFR2
DB04306,"5-[(4-Methylphenyl)Sulfanyl]-2,4-Quinazolinediamine",DFR1
DB04307,5-Hydroxy-N-Propargyl-1(R)-Aminoindan,MAOB
DB04310,2-[(Formyl-Hydroxy-Amino)-Methyl]-Heptanoic Acid [1-(2-Hydroxymethyl-Pyrrolidine-1-Carbonyl)-2-Methyl-Propyl]-Amide,def
DB04310,2-[(Formyl-Hydroxy-Amino)-Methyl]-Heptanoic Acid [1-(2-Hydroxymethyl-Pyrrolidine-1-Carbonyl)-2-Methyl-Propyl]-Amide,def
DB04310,2-[(Formyl-Hydroxy-Amino)-Methyl]-Heptanoic Acid [1-(2-Hydroxymethyl-Pyrrolidine-1-Carbonyl)-2-Methyl-Propyl]-Amide,def1
DB04310,2-[(Formyl-Hydroxy-Amino)-Methyl]-Heptanoic Acid [1-(2-Hydroxymethyl-Pyrrolidine-1-Carbonyl)-2-Methyl-Propyl]-Amide,def2
DB04310,2-[(Formyl-Hydroxy-Amino)-Methyl]-Heptanoic Acid [1-(2-Hydroxymethyl-Pyrrolidine-1-Carbonyl)-2-Methyl-Propyl]-Amide,def
DB04310,2-[(Formyl-Hydroxy-Amino)-Methyl]-Heptanoic Acid [1-(2-Hydroxymethyl-Pyrrolidine-1-Carbonyl)-2-Methyl-Propyl]-Amide,def
DB04310,2-[(Formyl-Hydroxy-Amino)-Methyl]-Heptanoic Acid [1-(2-Hydroxymethyl-Pyrrolidine-1-Carbonyl)-2-Methyl-Propyl]-Amide,PDF
DB04310,2-[(Formyl-Hydroxy-Amino)-Methyl]-Heptanoic Acid [1-(2-Hydroxymethyl-Pyrrolidine-1-Carbonyl)-2-Methyl-Propyl]-Amide,def
DB04310,2-[(Formyl-Hydroxy-Amino)-Methyl]-Heptanoic Acid [1-(2-Hydroxymethyl-Pyrrolidine-1-Carbonyl)-2-Methyl-Propyl]-Amide,def
DB04310,2-[(Formyl-Hydroxy-Amino)-Methyl]-Heptanoic Acid [1-(2-Hydroxymethyl-Pyrrolidine-1-Carbonyl)-2-Methyl-Propyl]-Amide,def2
DB04310,2-[(Formyl-Hydroxy-Amino)-Methyl]-Heptanoic Acid [1-(2-Hydroxymethyl-Pyrrolidine-1-Carbonyl)-2-Methyl-Propyl]-Amide,def
DB04311,4-Phenylbutylamine,PRSS1
DB04312,"2,3-Difluorobenzyl Alcohol",ADH1C
DB04314,1-Methylcytosine,OPG102
DB04315,Guanosine-5'-Diphosphate,RAB9A
DB04315,Guanosine-5'-Diphosphate,MEF-1
DB04315,Guanosine-5'-Diphosphate,Adss
DB04315,Guanosine-5'-Diphosphate,TGM2
DB04315,Guanosine-5'-Diphosphate,HRAS
DB04315,Guanosine-5'-Diphosphate,RHOA
DB04315,Guanosine-5'-Diphosphate,RAB11A
DB04315,Guanosine-5'-Diphosphate,purA
DB04315,Guanosine-5'-Diphosphate,ftsZ
DB04315,Guanosine-5'-Diphosphate,TGM3
DB04315,Guanosine-5'-Diphosphate,RAB8B
DB04315,Guanosine-5'-Diphosphate,ARF6
DB04315,Guanosine-5'-Diphosphate,ADSS1
DB04315,Guanosine-5'-Diphosphate,fusA
DB04315,Guanosine-5'-Diphosphate,TUFM
DB04315,Guanosine-5'-Diphosphate,der
DB04315,Guanosine-5'-Diphosphate,gmm
DB04315,Guanosine-5'-Diphosphate,engB
DB04315,Guanosine-5'-Diphosphate,EIF2S3
DB04315,Guanosine-5'-Diphosphate,GNAI1
DB04315,Guanosine-5'-Diphosphate,ffh
DB04315,Guanosine-5'-Diphosphate,GNAT1
DB04315,Guanosine-5'-Diphosphate,tufB
DB04315,Guanosine-5'-Diphosphate,NME1
DB04315,Guanosine-5'-Diphosphate,RHEB
DB04315,Guanosine-5'-Diphosphate,CDC42
DB04315,Guanosine-5'-Diphosphate,tufA
DB04315,Guanosine-5'-Diphosphate,ARF1
DB04315,Guanosine-5'-Diphosphate,EEF2
DB04315,Guanosine-5'-Diphosphate,relA
DB04315,Guanosine-5'-Diphosphate,RAP2A
DB04315,Guanosine-5'-Diphosphate,EFL1
DB04315,Guanosine-5'-Diphosphate,ARL1
DB04315,Guanosine-5'-Diphosphate,RAN
DB04315,Guanosine-5'-Diphosphate,RAB7A
DB04315,Guanosine-5'-Diphosphate,IRGC
DB04315,Guanosine-5'-Diphosphate,GSPT1
DB04315,Guanosine-5'-Diphosphate,RAB5A
DB04315,Guanosine-5'-Diphosphate,EEF1A1
DB04315,Guanosine-5'-Diphosphate,ARF4
DB04315,Guanosine-5'-Diphosphate,GMDS
DB04315,Guanosine-5'-Diphosphate,RALA
DB04315,Guanosine-5'-Diphosphate,tuf
DB04315,Guanosine-5'-Diphosphate,ARL5B
DB04315,Guanosine-5'-Diphosphate,rab6
DB04315,Guanosine-5'-Diphosphate,ARL3
DB04315,Guanosine-5'-Diphosphate,NME2
DB04315,Guanosine-5'-Diphosphate,gmd
DB04315,Guanosine-5'-Diphosphate,RAC1
DB04315,Guanosine-5'-Diphosphate,rsgA
DB04315,Guanosine-5'-Diphosphate,SAR1B
DB04315,Guanosine-5'-Diphosphate,ARL5A
DB04316,D-[(N-Hydroxyamino)Carbonyl]Phenylalanine,CPA1
DB04317,"3,3-Dichloro-2-Phosphonomethyl-Acrylic Acid",ppc
DB04318,Nα-[(2S)-2-{[(S)-[(1S)-1-{[(Benzyloxy)carbonyl]amino}-2-phenylethyl](hydroxy)phosphoryl]methyl}-5-phenylpentanoyl]-L-tryptophanamide,MMP11
DB04320,2-Bromo-2-Propene-1-Ol,linB
DB04322,LY249543,MTHFD1
DB04324,Ovalicin,METAP1
DB04324,Ovalicin,METAP2
DB04325,Phenethylamine,HTR2A
DB04325,Phenethylamine,tynA
DB04325,Phenethylamine,PRSS1
DB04325,Phenethylamine,PRSS2
DB04326,Dihydroxyacetone phosphate,ALDOA
DB04326,Dihydroxyacetone phosphate,TPI1
DB04326,Dihydroxyacetone phosphate,ALDOB
DB04326,Dihydroxyacetone phosphate,fucA
DB04327,Phosphatidylethanolamine,PTEN
DB04327,Phosphatidylethanolamine,PROCR
DB04328,Shikimate-3-Phosphate,aroA
DB04328,Shikimate-3-Phosphate,aroA
DB04330,Bilh 434,E2
DB04331,Monastrol,KIF11
DB04334,6-hydroxydopa quinone,AOC3
DB04334,6-hydroxydopa quinone,tynA
DB04334,6-hydroxydopa quinone,
DB04335,Inosine,PNP
DB04335,Inosine,
DB04335,Inosine,deoD
DB04336,1-(4-Amidinophenyl)-3-(4-Chlorophenyl)Urea,PRSS1
DB04337,Isocyanomethane,MB
DB04338,SB220025,MAPK14
DB04338,SB220025,MAPK1
DB04339,Carbocisteine,KEAP1
DB04339,Carbocisteine,NFE2L2
DB04339,Carbocisteine,PLCXD3
DB04339,Carbocisteine,ST3GAL5
DB04340,2-[(Dioxidophosphoranyl)oxy]benzoate,
DB04342,7-((Carboxy(4-Hydroxyphenyl)Acetyl)Amino)-7-Methoxy-(3-((1-Methyl-1h-Tetrazol-5-Yl)Thio)Methyl)-8-Oxo-5-Oxa-1-Azabicyclo[4.2.0]Oct-2-Ene-2-Carboxylic Acid,OXA-10
DB04343,Glyoxylic acid,glcB
DB04343,Glyoxylic acid,icl
DB04343,Glyoxylic acid,glcB
DB04343,Glyoxylic acid,rraA
DB04345,Lumichrome,BLVRB
DB04345,Lumichrome,
DB04346,"(2r,4s)-2-Methyl-2,3,3,4-Tetrahydroxytetrahydrofuran",lsrB
DB04347,3-Dehydroshikimate,aroD
DB04347,3-Dehydroshikimate,aroQ
DB04348,Taurocholic acid,CEL
DB04348,Taurocholic acid,SLC10A2
DB04348,Taurocholic acid,GPBAR1
DB04348,Taurocholic acid,NR1H4
DB04348,Taurocholic acid,FABP6
DB04349,"(S)-propane-1,2-diol",icd
DB04349,"(S)-propane-1,2-diol",rsbQ
DB04350,Argadin,CHIT1
DB04350,Argadin,chiB1
DB04351,Aconitate Ion,ACO2
DB04351,Aconitate Ion,acnB
DB04352,beta-D-Ribose-5-phosphate,rbsD
DB04352,beta-D-Ribose-5-phosphate,NUDT9
DB04353,"Tert-butyl N-[(2S,5R)-6-[[(2S)-5-amino-1-[[(2S)-1-amino-1-oxo-3-phenylpropan-2-yl]amino]-1,5-dioxopentan-2-yl]amino]-5-benzyl-3,6-dioxo-1-phenylhexan-2-yl]carbamate",gag-pol
DB04356,9-Deazaguanine,LACZ
DB04356,9-Deazaguanine,HPRT1
DB04359,Vinylsulfonic acid,phnX
DB04360,Benzo[B]Thiophene-2-Boronic Acid,blaZ
DB04360,Benzo[B]Thiophene-2-Boronic Acid,ampC
DB04361,Methyldiazene,gdhB
DB04363,Mesobiliverdin IV alpha,BLVRB
DB04365,Arecoline,CHRM1
DB04365,Arecoline,CHRM3
DB04366,3'-Deoxy 3'-Amino Adenosine-5'-Diphosphate,NME1
DB04367,Debromohymenialdisine,MAP2K1
DB04367,Debromohymenialdisine,CHEK1
DB04367,Debromohymenialdisine,CHEK2
DB04367,Debromohymenialdisine,RAF1
DB04367,Debromohymenialdisine,MAPK1
DB04367,Debromohymenialdisine,TNK2
DB04367,Debromohymenialdisine,CLK1
DB04368,Bb-3497,def
DB04368,Bb-3497,def
DB04368,Bb-3497,PDF
DB04369,"1,3,2-Dioxaborolan-2-Ol",PRSS3
DB04371,AL6528,CA2
DB04372,L-Dilinoleoyllecithin,PCTP
DB04373,"4-Amino-N-{4-[2-(2,6-Dimethyl-Phenoxy)-Acetylamino]-3-Hydroxy-1-Isobutyl-5-Phenyl-Pentyl}-Benzamide",PMII
DB04374,"4-Carboxy-5-(1-Pentyl)Hexylsulfanyl-1,2,3-Triazole",HAO1
DB04376,13-Acetylphorbol,PRKCD
DB04377,Meglutol,HMGCR
DB04378,"3-Amino-N-{4-[2-(2,6-Dimethyl-Phenoxy)-Acetylamino]-3-Hydroxy-1-Isobutyl-5-Phenyl-Pentyl}-Benzamide",PMII
DB04379,N-Methyl-N-(Methylbenzyl)Formamide,REN
DB04380,Allantoate,allC
DB04381,Crotonaldehyde,ALDH2
DB04381,Crotonaldehyde,TRPA1
DB04382,2-Deoxy-alpha-D-galactopyranose,lacZ
DB04385,3-Deazacytidine,cdd
DB04386,"4,6-O-(1-Carboxyethylidene)-Beta-D-Glucose",xly
DB04387,1-Hydroxy-2-Amino-3-Cyclohexylpropane,REN
DB04387,1-Hydroxy-2-Amino-3-Cyclohexylpropane,SAP2
DB04388,4-Carboxy-4-Aminobutanal,ansB
DB04389,Ado-P-Ch2-P-Ps-Ado,FHIT
DB04391,Aeruginosin 98-B,PRSS1
DB04392,"Bishydroxy[2h-1-Benzopyran-2-One,1,2-Benzopyrone]",NQO1
DB04392,"Bishydroxy[2h-1-Benzopyran-2-One,1,2-Benzopyrone]",azoR
DB04392,"Bishydroxy[2h-1-Benzopyran-2-One,1,2-Benzopyrone]",nfsB
DB04393,Soneclosan,inhA
DB04393,Soneclosan,fabI
DB04394,3-Nitro-4-(2-Oxo-Pyrrolidin-1-Yl)-Benzenesulfonamide,CA2
DB04395,Phosphoaminophosphonic Acid-Adenylate Ester,GSK3B
DB04395,Phosphoaminophosphonic Acid-Adenylate Ester,DTYMK
DB04395,Phosphoaminophosphonic Acid-Adenylate Ester,cheA
DB04395,Phosphoaminophosphonic Acid-Adenylate Ester,IGF1R
DB04395,Phosphoaminophosphonic Acid-Adenylate Ester,PIM1
DB04395,Phosphoaminophosphonic Acid-Adenylate Ester,dhaK
DB04395,Phosphoaminophosphonic Acid-Adenylate Ester,coaA
DB04395,Phosphoaminophosphonic Acid-Adenylate Ester,HK1
DB04395,Phosphoaminophosphonic Acid-Adenylate Ester,purT
DB04395,Phosphoaminophosphonic Acid-Adenylate Ester,LCK
DB04395,Phosphoaminophosphonic Acid-Adenylate Ester,CSNK2A1
DB04395,Phosphoaminophosphonic Acid-Adenylate Ester,EPHA2
DB04395,Phosphoaminophosphonic Acid-Adenylate Ester,argG
DB04395,Phosphoaminophosphonic Acid-Adenylate Ester,MAPK10
DB04395,Phosphoaminophosphonic Acid-Adenylate Ester,metK
DB04395,Phosphoaminophosphonic Acid-Adenylate Ester,murC
DB04395,Phosphoaminophosphonic Acid-Adenylate Ester,mutL
DB04395,Phosphoaminophosphonic Acid-Adenylate Ester,KIF2C
DB04395,Phosphoaminophosphonic Acid-Adenylate Ester,ITPKA
DB04395,Phosphoaminophosphonic Acid-Adenylate Ester,TOP2B
DB04395,Phosphoaminophosphonic Acid-Adenylate Ester,GSS
DB04395,Phosphoaminophosphonic Acid-Adenylate Ester,ispE
DB04395,Phosphoaminophosphonic Acid-Adenylate Ester,PFKFB4
DB04395,Phosphoaminophosphonic Acid-Adenylate Ester,aphA
DB04395,Phosphoaminophosphonic Acid-Adenylate Ester,DAPK1
DB04395,Phosphoaminophosphonic Acid-Adenylate Ester,arsA
DB04395,Phosphoaminophosphonic Acid-Adenylate Ester,ACTA1
DB04395,Phosphoaminophosphonic Acid-Adenylate Ester,argB
DB04395,Phosphoaminophosphonic Acid-Adenylate Ester,gyrB
DB04395,Phosphoaminophosphonic Acid-Adenylate Ester,envZ
DB04395,Phosphoaminophosphonic Acid-Adenylate Ester,hslU
DB04395,Phosphoaminophosphonic Acid-Adenylate Ester,EPHB2
DB04395,Phosphoaminophosphonic Acid-Adenylate Ester,trwB
DB04395,Phosphoaminophosphonic Acid-Adenylate Ester,CFTR
DB04395,Phosphoaminophosphonic Acid-Adenylate Ester,VCP
DB04395,Phosphoaminophosphonic Acid-Adenylate Ester,TRPM7
DB04395,Phosphoaminophosphonic Acid-Adenylate Ester,KIF1A
DB04395,Phosphoaminophosphonic Acid-Adenylate Ester,CCT3
DB04395,Phosphoaminophosphonic Acid-Adenylate Ester,mreB
DB04395,Phosphoaminophosphonic Acid-Adenylate Ester,SRPK2
DB04395,Phosphoaminophosphonic Acid-Adenylate Ester,MAPK12
DB04395,Phosphoaminophosphonic Acid-Adenylate Ester,clpB
DB04395,Phosphoaminophosphonic Acid-Adenylate Ester,epsE
DB04395,Phosphoaminophosphonic Acid-Adenylate Ester,phoQ
DB04395,Phosphoaminophosphonic Acid-Adenylate Ester,parE
DB04395,Phosphoaminophosphonic Acid-Adenylate Ester,GALK1
DB04395,Phosphoaminophosphonic Acid-Adenylate Ester,recA
DB04395,Phosphoaminophosphonic Acid-Adenylate Ester,RAD51
DB04395,Phosphoaminophosphonic Acid-Adenylate Ester,kdpB
DB04396,Thiodigalactoside,eltB
DB04396,Thiodigalactoside,lacY
DB04396,Thiodigalactoside,NCAN
DB04396,Thiodigalactoside,LGALS1
DB04397,Alpha-D-Glucose-1-Phosphate-6-Vanadate,PGM1
DB04398,Lactic acid,putA
DB04398,Lactic acid,
DB04400,"7,8-dihydrobiopterin",NOS2
DB04400,"7,8-dihydrobiopterin",TH
DB04400,"7,8-dihydrobiopterin",PAH
DB04400,"7,8-dihydrobiopterin",PTR1
DB04400,"7,8-dihydrobiopterin",PCBD1
DB04400,"7,8-dihydrobiopterin",folB
DB04401,Betaine aldehyde,patD
DB04404,Allosamizoline,CHIT1
DB04404,Allosamizoline,chiB
DB04404,Allosamizoline,chiA
DB04405,"2-[2-(1,3-Dioxo-1,3-Dihydro-2h-Isoindol-2-Yl)Ethyl]-4-(4'-Ethoxy-1,1'-Biphenyl-4-Yl)-4-Oxobutanoic Acid",MMP12
DB04407,4-[4-(4-Methyl-2-Methylamino-Thiazol-5-Yl)-Pyrimidin-2-Ylamino]-Phenol,CDK2
DB04408,Ncs-Chromophore,ncsA
DB04409,Naphthalene Trisulfonate,FGF1
DB04410,3-Phenylpropylamine,PRSS1
DB04410,3-Phenylpropylamine,PRSS2
DB04411,Alpha-N-Dichloroacetyl-P-Aminophenylserinol,
DB04414,Heptamolybdate,citA
DB04416,"R-2-{[4'-Methoxy-(1,1'-Biphenyl)-4-Yl]-Sulfonyl}-Amino-6-Methoxy-Hex-4-Ynoic Acid",MMP3
DB04417,P-Nitrophenol,SULT1A1
DB04417,P-Nitrophenol,AMY2B
DB04418,Adenylosuccinic acid,ADSS1
DB04419,D-norleucine,PAH
DB04419,D-norleucine,PTH
DB04419,D-norleucine,HNF1A
DB04422,Homocysteine,luxS
DB04422,Homocysteine,metE
DB04422,Homocysteine,
DB04424,RPR128515,PRSS1
DB04425,"7,8-Dihydroneopterin",folB
DB04426,Alpha-Methyl-N-Acetyl-D-Glucosamine,SELE
DB04426,Alpha-Methyl-N-Acetyl-D-Glucosamine,SELP
DB04426,Alpha-Methyl-N-Acetyl-D-Glucosamine,MBL2
DB04427,N-{(3S)-1-[(Benzyloxy)sulfamoyl]-5-phenyl-3-pentanyl}-Nα-[(4-methyl-1-piperazinyl)carbonyl]-L-phenylalaninamide,
DB04429,4'-Hydroxyflavanone,SHBG
DB04430,3-(4-Phenylamino-Phenylamino)-2-(1h-Tetrazol-5-Yl)-Acrylonitrile,bla
DB04430,3-(4-Phenylamino-Phenylamino)-2-(1h-Tetrazol-5-Yl)-Acrylonitrile,bla
DB04432,ZK-805623,PRSS1
DB04433,Verpacamide A,chiB
DB04434,Naphthyridine Inhibitor,TGFBR1
DB04436,3-Fluoro-L-tyrosine,SOD2
DB04438,Brivudine monophosphate,TK1
DB04438,Brivudine monophosphate,TK
DB04439,Modified Acarbose Pentasaccharide,mgtA
DB04440,Nebularine,ADA
DB04441,2-Fluoroadenosine,deoD
DB04442,"Imino[2-(2-oxo-1,2-dihydro-3-pyridinyl)-1H-benzimidazol-5-yl]methanaminium",PRSS1
DB04444,Tetrafluoroaluminate Ion,MYH14
DB04444,Tetrafluoroaluminate Ion,recA
DB04444,Tetrafluoroaluminate Ion,argB
DB04444,Tetrafluoroaluminate Ion,GNAI1
DB04444,Tetrafluoroaluminate Ion,ATP2A1
DB04444,Tetrafluoroaluminate Ion,GNAT1
DB04444,Tetrafluoroaluminate Ion,CMPK1
DB04444,Tetrafluoroaluminate Ion,MYH11
DB04444,Tetrafluoroaluminate Ion,rbsK
DB04445,Mercuric iodide,SULT2A1
DB04446,Benzo[B]Thiophene-2-Carboxamidine,PRSS1
DB04447,"1,4-Dithiothreitol",thyA
DB04447,"1,4-Dithiothreitol",TMP1
DB04447,"1,4-Dithiothreitol",TPI1
DB04447,"1,4-Dithiothreitol",GSTZ1
DB04447,"1,4-Dithiothreitol",HMGCR
DB04447,"1,4-Dithiothreitol",prfA
DB04447,"1,4-Dithiothreitol",paiA
DB04447,"1,4-Dithiothreitol",acpS
DB04447,"1,4-Dithiothreitol",hisD
DB04447,"1,4-Dithiothreitol",aroE
DB04447,"1,4-Dithiothreitol",LGALS1
DB04447,"1,4-Dithiothreitol",CAMK2A
DB04447,"1,4-Dithiothreitol",rpmA
DB04447,"1,4-Dithiothreitol",ALDH1A1
DB04447,"1,4-Dithiothreitol",ohr
DB04447,"1,4-Dithiothreitol",pcaB
DB04447,"1,4-Dithiothreitol",TRPM7
DB04447,"1,4-Dithiothreitol",ugl
DB04447,"1,4-Dithiothreitol",moaA
DB04447,"1,4-Dithiothreitol",bca
DB04447,"1,4-Dithiothreitol",MSRA
DB04447,"1,4-Dithiothreitol",torD
DB04447,"1,4-Dithiothreitol",AXIN1
DB04447,"1,4-Dithiothreitol",PPIB
DB04447,"1,4-Dithiothreitol",ams
DB04448,"2,4-Difluorobenzyl Alcohol 2,4-Difluoro-1-(Hydroxymethyl)Benzene",ADH1C
DB04450,Heptyl 1-Thiohexopyranoside,RHO
DB04450,Heptyl 1-Thiohexopyranoside,fpr
DB04450,Heptyl 1-Thiohexopyranoside,acpP
DB04450,Heptyl 1-Thiohexopyranoside,bioI
DB04451,4-Methylpiperazin-1-Yl Carbonyl Group,SAP2
DB04451,4-Methylpiperazin-1-Yl Carbonyl Group,CTSV
DB04452,Aminoquinuride,lef
DB04453,"4-O-(4,6-Dideoxy-4-{[4-[(4-O-Hexopyranosylhexopyranosyl)Oxy]-5,6-Dihydroxy-3-(Hydroxymethyl)Cyclohex-2-En-1-Yl]Amino}Hexopyranosyl)Hexopyranose",AMY2A
DB04454,Alpha-Aminobutyric Acid,GATM
DB04454,Alpha-Aminobutyric Acid,gag-pol
DB04454,Alpha-Aminobutyric Acid,EGF
DB04454,Alpha-Aminobutyric Acid,mrsA
DB04455,"N,N,N-trimethylglycinium",kaiB1
DB04455,"N,N,N-trimethylglycinium",proX
DB04456,Arsenous acid,arsC
DB04456,Arsenous acid,arsA
DB04457,2'-Deoxyguanosine-5'-Monophosphate,TMP1
DB04457,2'-Deoxyguanosine-5'-Monophosphate,thyA
DB04457,2'-Deoxyguanosine-5'-Monophosphate,1
DB04459,"3,4-Dichloroisocoumarin",ELANE
DB04459,"3,4-Dichloroisocoumarin",CFD
DB04460,(C8-S)-Hydantocidin 5'-phosphate,Adss
DB04460,(C8-S)-Hydantocidin 5'-phosphate,purA
DB04461,Coproporphyrinogen III,UROD
DB04462,Tetrabromo-2-Benzotriazole,CSNK2A1
DB04462,Tetrabromo-2-Benzotriazole,MAPK1
DB04462,Tetrabromo-2-Benzotriazole,SGK1
DB04462,Tetrabromo-2-Benzotriazole,PRKAG1
DB04462,Tetrabromo-2-Benzotriazole,PRKAB1
DB04462,Tetrabromo-2-Benzotriazole,PRKAA1
DB04462,Tetrabromo-2-Benzotriazole,CHEK1
DB04462,Tetrabromo-2-Benzotriazole,RPS6KB1
DB04462,Tetrabromo-2-Benzotriazole,ROCK1
DB04462,Tetrabromo-2-Benzotriazole,MAPK12
DB04462,Tetrabromo-2-Benzotriazole,GSK3B
DB04462,Tetrabromo-2-Benzotriazole,MAPK8
DB04462,Tetrabromo-2-Benzotriazole,PRKCA
DB04462,Tetrabromo-2-Benzotriazole,AKT1
DB04462,Tetrabromo-2-Benzotriazole,LCK
DB04462,Tetrabromo-2-Benzotriazole,MAP2K1
DB04462,Tetrabromo-2-Benzotriazole,MAPK11
DB04462,Tetrabromo-2-Benzotriazole,MAPK14
DB04463,"3-(4-Amino-1-Tert-Butyl-1h-Pyrazolo[3,4-D]Pyrimidin-3-Yl)Phenol",CBR1
DB04464,N-Formylmethionine,SERPINC1
DB04464,N-Formylmethionine,MT-ND3
DB04464,N-Formylmethionine,RABGGTA
DB04464,N-Formylmethionine,RABGGTB
DB04464,N-Formylmethionine,pufC
DB04464,N-Formylmethionine,puhA
DB04464,N-Formylmethionine,pufL
DB04464,N-Formylmethionine,pufM
DB04464,N-Formylmethionine,
DB04464,N-Formylmethionine,
DB04464,N-Formylmethionine,
DB04464,N-Formylmethionine,
DB04464,N-Formylmethionine,B2M
DB04464,N-Formylmethionine,MT-ND1
DB04464,N-Formylmethionine,HLA-B
DB04464,N-Formylmethionine,narG
DB04464,N-Formylmethionine,narH
DB04464,N-Formylmethionine,narI
DB04464,N-Formylmethionine,S100G
DB04464,N-Formylmethionine,rub
DB04464,N-Formylmethionine,COX4I1
DB04464,N-Formylmethionine,MT-CO1
DB04464,N-Formylmethionine,MT-CO2
DB04464,N-Formylmethionine,MT-CO3
DB04464,N-Formylmethionine,COX5A
DB04464,N-Formylmethionine,COX5B
DB04464,N-Formylmethionine,COX6C
DB04464,N-Formylmethionine,COX7B
DB04464,N-Formylmethionine,COX7C
DB04464,N-Formylmethionine,COX8A
DB04464,N-Formylmethionine,COX6A2
DB04464,N-Formylmethionine,COX6B1
DB04464,N-Formylmethionine,COX7A1
DB04464,N-Formylmethionine,fmt
DB04464,N-Formylmethionine,
DB04464,N-Formylmethionine,S100B
DB04464,N-Formylmethionine,hld
DB04464,N-Formylmethionine,UBC
DB04464,N-Formylmethionine,atpH
DB04464,N-Formylmethionine,ulaG
DB04464,N-Formylmethionine,spg
DB04464,N-Formylmethionine,gshA
DB04464,N-Formylmethionine,RNASE1
DB04464,N-Formylmethionine,CLPP
DB04465,Lactose,LGALS3
DB04465,Lactose,nedA
DB04465,Lactose,GLB1
DB04465,Lactose,lacZ
DB04465,Lactose,GLT6D1
DB04465,Lactose,GLTP
DB04465,Lactose,
DB04465,Lactose,xlnA
DB04466,SR12813,HMGCR
DB04466,SR12813,NR1I2
DB04467,N-(5'-phosphopyridoxyl)-L-alanine,aspC
DB04467,N-(5'-phosphopyridoxyl)-L-alanine,alr
DB04468,Afimoxifene,ESR1
DB04468,Afimoxifene,TFF1
DB04468,Afimoxifene,ESRRA
DB04468,Afimoxifene,NR1I2
DB04468,Afimoxifene,SHBG
DB04468,Afimoxifene,ESR2
DB04468,Afimoxifene,ESRRG
DB04469,"1-(4-Methoxyphenyl)-3,5-Dimethyl-1h-Pyrazole-4-Carboxylic Acid Ethyl Ester",PDE4D
DB04470,CRA_10656,PRSS1
DB04471,"2-Phenyl-1-[4-(2-Piperidin-1-Yl-Ethoxy)-Phenyl]-1,2,3,4-Tetrahydro-Isoquinolin-6-Ol",ESR1
DB04472,(R)-1-Para-Nitro-Phenyl-2-Azido-Ethanol,LGALS9
DB04472,(R)-1-Para-Nitro-Phenyl-2-Azido-Ethanol,hheC
DB04473,alpha-L-fucose,
DB04473,alpha-L-fucose,env
DB04473,alpha-L-fucose,IGHG1
DB04473,alpha-L-fucose,
DB04474,8-anilinonaphthalene-1-sulfonic acid,FABP1
DB04474,8-anilinonaphthalene-1-sulfonic acid,S100A7
DB04474,8-anilinonaphthalene-1-sulfonic acid,murA
DB04476,"Trencam-3,2-Hopo",LCN2
DB04477,"2'-Deoxy-2'-[(3,5-dimethoxybenzoyl)amino]-N-[(1R)-1,2,3,4-tetrahydro-1-naphthalenyl]adenosine",GAPDHS
DB04478,"Cp-166572, 2-Hydroxymethyl-4-(4-N,N-Dimethylaminosulfonyl-1-Piperazino)-Pyrimidine",SORD
DB04480,"3-(4-Fluorophenyl)-2-(6-Methylpyridin-2-Yl)-5,6-Dihydro-4h-Pyrrolo[1,2-B]Pyrazole",TGFBR1
DB04481,Erythritol,metE
DB04482,Cmp-2-Keto-3-Deoxy-Octulosonic Acid,kpsU
DB04482,Cmp-2-Keto-3-Deoxy-Octulosonic Acid,kdsB
DB04483,2-deoxy-2-fluoro-β-D-mannose,manA
DB04485,Thymidine,TK2
DB04485,Thymidine,TK1
DB04487,N-Methylleucine,CXCL10
DB04488,"(6S)-N-[(2S,3R,6R,7R)-3-(Acetyloxymethyl)-2-carboxy-8-oxo-5-thia-1-azabicyclo[4.2.0]octan-7-yl]-6-[(2-aminoacetyl)amino]-7-hydroxy-7-oxoheptanimidate",
DB04489,Guanidinoethylmercaptosuccinic acid,CPD
DB04489,Guanidinoethylmercaptosuccinic acid,CPB2
DB04490,3-(Mercaptomethylene)Pyridine,gag-pol
DB04491,Diisopropylphosphono Group,DPP4
DB04491,Diisopropylphosphono Group,apr
DB04491,Diisopropylphosphono Group,CFB
DB04491,Diisopropylphosphono Group,estB
DB04492,2-(acetylamino)-2-deoxy-4-O-sulfo-alpha-D-galactopyranose,cslB
DB04493,Fructose-6-phosphate,FBP1
DB04493,Fructose-6-phosphate,FBP2
DB04493,Fructose-6-phosphate,PFKFB1
DB04493,Fructose-6-phosphate,pfkA
DB04493,Fructose-6-phosphate,PFKFB4
DB04493,Fructose-6-phosphate,GPI
DB04494,Dihydroxy(oxo)molybdenum(6+),citA
DB04495,Paratoulene phosphate,SRC
DB04496,4-Phospho-D-erythronohydroxamic acid,rpiB
DB04497,2'-Monophosphoadenosine-5'-Diphosphoribose,PDF
DB04497,2'-Monophosphoadenosine-5'-Diphosphoribose,AKR1C3
DB04497,2'-Monophosphoadenosine-5'-Diphosphoribose,AKR1B1
DB04497,2'-Monophosphoadenosine-5'-Diphosphoribose,G6PD
DB04497,2'-Monophosphoadenosine-5'-Diphosphoribose,HSD11B1
DB04497,2'-Monophosphoadenosine-5'-Diphosphoribose,HMGCR
DB04497,2'-Monophosphoadenosine-5'-Diphosphoribose,NOS1
DB04497,2'-Monophosphoadenosine-5'-Diphosphoribose,HSD17B1
DB04498,Aspartate Semialdehyde,asd
DB04499,(R)-styrene oxide,hheC
DB04501,Camphane,camC
DB04502,WRR-204,
DB04503,Sp-722,TMP1
DB04503,Sp-722,thyA
DB04505,"8-(2-Chloro-3,4,5-Trimethoxy-Benzyl)-9-Pent-4-Ylnyl-9h-Purin-6-Ylamine",HSP90AA1
DB04508,"Methyl(6s)-1-Thio-L-Manno-Hexodialdo-6,2-Pyranoside",HN
DB04509,N-Methylnaloxonium,CES1
DB04510,3-phospho-D-glyceric acid,TPI
DB04510,3-phospho-D-glyceric acid,gpmI
DB04510,3-phospho-D-glyceric acid,PGAM2
DB04510,3-phospho-D-glyceric acid,TPI1
DB04510,3-phospho-D-glyceric acid,PGK1
DB04510,3-phospho-D-glyceric acid,pgk/tpi
DB04511,N-Succinyl Methionine,Aaar
DB04512,2-Isobutyl-3-methoxypyrazine,LCN9
DB04513,N-(6-Aminohexyl)-5-Chloro-1-Naphthalenesulfonamide,TNNC1
DB04513,N-(6-Aminohexyl)-5-Chloro-1-Naphthalenesulfonamide,TNNI3
DB04513,N-(6-Aminohexyl)-5-Chloro-1-Naphthalenesulfonamide,CALM1
DB04514,Uridylyl-2'-5'-phospho-guanosine,RNASE1
DB04515,2-O-methyl-alpha-L-fucopyranose,cslB
DB04516,2-Deoxy-Glucitol-6-Phosphate,ISYNA1
DB04517,Dipyrromethane Cofactor,hemC
DB04518,"3-[4-(2,4-Dimethyl-Thiazol-5-Yl)-Pyrimidin-2-Ylamino]-Phenol",CDK2
DB04519,Caprylic acid,PPARA
DB04519,Caprylic acid,fabB
DB04519,Caprylic acid,tesA
DB04520,"(3s,8ar)-3-(4-Hydroxybenzyl)Hexahydropyrrolo[1,2-a]Pyrazine-1,4-Dione",chiB
DB04520,"(3s,8ar)-3-(4-Hydroxybenzyl)Hexahydropyrrolo[1,2-a]Pyrazine-1,4-Dione",chiB
DB04521,4-S-Glutathionyl-5-pentyl-tetrahydro-furan-2-ol,GSTA3
DB04522,Dexfosfoserine,PYGM
DB04522,Dexfosfoserine,PRKCQ
DB04522,Dexfosfoserine,PDPK1
DB04522,Dexfosfoserine,PIM1
DB04522,Dexfosfoserine,PYGL
DB04522,Dexfosfoserine,algC
DB04522,Dexfosfoserine,PRKACA
DB04522,Dexfosfoserine,spoIIAA
DB04522,Dexfosfoserine,pilE1
DB04522,Dexfosfoserine,phoA
DB04522,Dexfosfoserine,RHO
DB04522,Dexfosfoserine,SERPINB3
DB04522,Dexfosfoserine,xynY
DB04522,Dexfosfoserine,TAOK2
DB04522,Dexfosfoserine,KCNC4
DB04522,Dexfosfoserine,REG1A
DB04522,Dexfosfoserine,SMAD2
DB04522,Dexfosfoserine,glsA1
DB04522,Dexfosfoserine,cysG
DB04522,Dexfosfoserine,ptsH
DB04522,Dexfosfoserine,CFTR
DB04523,Tert-Butyl(1s)-1-Cyclohexyl-2-Oxoethylcarbamate,CTSK
DB04524,Malonyl-CoA,fabH
DB04525,N-(3-Carboxypropanoyl)-L-phenylalanyl-3-carboxy-O-(carboxymethyl)-N-pentyl-L-tyrosinamide,PTPN1
DB04526,L-Glycero-D-Manno-Heptopyranose,fhuA
DB04527,beta-Hydroxyasparagine,MASP2
DB04528,"2,4-Dinitrophenol",onr
DB04529,Desvancosaminyl vancomycin,gtfD
DB04529,Desvancosaminyl vancomycin,gtfA
DB04530,"S,S-(2-Hydroxyethyl)Thiocysteine",ALAD
DB04530,"S,S-(2-Hydroxyethyl)Thiocysteine",PDE4B
DB04530,"S,S-(2-Hydroxyethyl)Thiocysteine",TMP1
DB04530,"S,S-(2-Hydroxyethyl)Thiocysteine",thyA
DB04530,"S,S-(2-Hydroxyethyl)Thiocysteine",TYMS
DB04530,"S,S-(2-Hydroxyethyl)Thiocysteine",PRKACA
DB04530,"S,S-(2-Hydroxyethyl)Thiocysteine",PIM1
DB04530,"S,S-(2-Hydroxyethyl)Thiocysteine",ARG1
DB04530,"S,S-(2-Hydroxyethyl)Thiocysteine",lacZ
DB04530,"S,S-(2-Hydroxyethyl)Thiocysteine",icd
DB04530,"S,S-(2-Hydroxyethyl)Thiocysteine",SERPINB5
DB04530,"S,S-(2-Hydroxyethyl)Thiocysteine",malE
DB04530,"S,S-(2-Hydroxyethyl)Thiocysteine",hemB
DB04530,"S,S-(2-Hydroxyethyl)Thiocysteine",rmlC
DB04530,"S,S-(2-Hydroxyethyl)Thiocysteine",PDE1B
DB04530,"S,S-(2-Hydroxyethyl)Thiocysteine",SNX3
DB04530,"S,S-(2-Hydroxyethyl)Thiocysteine",licT
DB04530,"S,S-(2-Hydroxyethyl)Thiocysteine",CYTH2
DB04531,S-Benzylcysteine,MGMT
DB04532,Indole,E
DB04532,Indole,cobT
DB04533,2-Amino-4-methylphenol,cobT
DB04534,5-Nitroindazole,NOS2
DB04534,5-Nitroindazole,NOS3
DB04537,Tryptophanamide,WARS1
DB04537,Tryptophanamide,trpS
DB04538,threo-3-methyl-L-aspartic acid,
DB04539,Glyphosate,CYP19A1
DB04539,Glyphosate,aroA
DB04539,Glyphosate,aroA
DB04540,Cholesterol,PCYT1B
DB04540,Cholesterol,NR1I3
DB04540,Cholesterol,VDR
DB04540,Cholesterol,CLEC4E
DB04540,Cholesterol,RORA
DB04541,Cyclo(prolylglycyl),chiB
DB04542,Zidovudine diphosphate,NME1
DB04543,"2,6-Diamino-8-(1h-Imidazol-2-Ylsulfanylmethyl)-3h-Quinazoline-4-One",tgt
DB04544,1-Deoxy-1-acetylamino-beta-D-gluco-2-heptulopyranosonamide,PYGM
DB04545,Afegostat,GBA1
DB04545,Afegostat,cel5A
DB04545,Afegostat,bglA
DB04545,Afegostat,celA1
DB04546,3-Deazaadenosine,
DB04547,Inhibitor BEA409,gag-pol
DB04548,4-Deoxy-D-Glucuronic Acid,
DB04548,4-Deoxy-D-Glucuronic Acid,cslB
DB04548,4-Deoxy-D-Glucuronic Acid,hylB
DB04549,"4-(Aminosulfonyl)-N-[(2,3,4-Trifluorophenyl)Methyl]-Benzamide",CA2
DB04551,"beta-D-fructofuranose 1,6-bisphosphate",PKLR
DB04551,"beta-D-fructofuranose 1,6-bisphosphate",glpK
DB04552,Niflumic acid,PLA2G1B
DB04552,Niflumic acid,PTGS2
DB04552,Niflumic acid,CLCNKA
DB04552,Niflumic acid,PTGS1
DB04552,Niflumic acid,PLA2G4A
DB04552,Niflumic acid,UGT1A9
DB04553,2-Oxobutanoic Acid,acdS
DB04553,2-Oxobutanoic Acid,
DB04554,8-Bromoadenosine-5'-Diphosphate,metK
DB04555,Cytidine-5'-Diphosphate,ispF
DB04555,Cytidine-5'-Diphosphate,kpsU
DB04555,Cytidine-5'-Diphosphate,ispF
DB04555,Cytidine-5'-Diphosphate,neuA
DB04555,Cytidine-5'-Diphosphate,cmk
DB04555,Cytidine-5'-Diphosphate,rfbE
DB04556,NAP-226-90,ACHE
DB04557,Arachidonic Acid,PTGS1
DB04557,Arachidonic Acid,PPARA
DB04557,Arachidonic Acid,NR1H4
DB04557,Arachidonic Acid,RXRA
DB04557,Arachidonic Acid,
DB04559,N-(Chlorophenyl)-N'-hydroxyguanidine,NOS3
DB04560,"4,7-Dioxosebacic Acid",ALAD
DB04560,"4,7-Dioxosebacic Acid",hemB
DB04560,"4,7-Dioxosebacic Acid",hemB
DB04561,"4-acetamido-2,4-didexoy-D-glycero-beta-D-galacto-octopyranosylphosphonic acid",nanH
DB04562,Tricarballylic acid,ACO2
DB04563,CRA_9678,PRSS1
DB04564,Gluconolactone,LCT
DB04565,4-(Acetylamino)-3-[(Hydroxyacetyl)Amino]Benzoic Acid,NA
DB04566,Inosinic Acid,IMPDH2
DB04566,Inosinic Acid,PYGM
DB04566,Inosinic Acid,Adss
DB04566,Inosinic Acid,LACZ
DB04566,Inosinic Acid,IMPDH1
DB04566,Inosinic Acid,purA
DB04566,Inosinic Acid,ADSS1
DB04566,Inosinic Acid,purA
DB04566,Inosinic Acid,guaB
DB04566,Inosinic Acid,hpt
DB04566,Inosinic Acid,HGPRTase
DB04568,5-Aminoimidazole Ribonucleoside,
DB04569,Benzyl formate,nprS
DB04570,Latamoxef,pbpC
DB04570,Latamoxef,ftsI
DB04570,Latamoxef,mrcA
DB04570,Latamoxef,mrcB
DB04570,Latamoxef,dacB
DB04573,Estriol,ESR1
DB04573,Estriol,ESR2
DB04573,Estriol,SHBG
DB04574,Estrone sulfate,ESR1
DB04574,Estrone sulfate,ESR2
DB04575,Quinestrol,ESR1
DB04576,Fleroxacin,gyrA
DB04576,Fleroxacin,parC
DB04576,Fleroxacin,TOP2A
DB04576,Fleroxacin,TOP2B
DB04577,1-(1-phenylcyclopentyl)methylamine,DPP4
DB04578,"(S)-2-[(R)-3-amino-4-(2-fluorophenyl)butyryl]-1,2,3,4-tetrahydroisoquinoline-3-carboxamide",DPP4
DB04579,"N-{[(2S,3S)-3-(Ethoxycarbonyl)-2-oxiranyl]carbonyl}-L-threonyl-L-isoleucine",CTSB
DB04580,1-Methyl-2-quinolone,Tb05.30H13.400
DB04581,1-benzylimidazole,CYP11B1
DB04581,1-benzylimidazole,QPCT
DB04583,"5-Carbamoyl-1,1':4',1''-terphenyl-3-carboxylic acid",DHODH
DB04585,DEHYDRO-2(S)-AMINO-6-BORONOHEXANOIC ACID,ARG1
DB04586,o-Bromophenol,TMP1
DB04586,o-Bromophenol,thyA
DB04588,"N-[4-(AMINOSULFONYL)BENZYL]-5-(5-CHLORO-2,4-DIHYDROXYPHENYL)-1H-PYRAZOLE-4-CARBOXAMIDE",HSP90AA1
DB04590,(2R)-({4-[AMINO(IMINO)METHYL]PHENYL}AMINO){5-ETHOXY-2-FLUORO-3-[(3R)-TETRAHYDROFURAN-3-YLOXY]PHENYL}ACETICACID,F7
DB04591,"N-{2,2-DIFLUORO-2-[(2R)-PIPERIDIN-2-YL]ETHYL}-2-[2-(1H-1,2,4-TRIAZOL-1-YL)BENZYL][1,3]OXAZOLO[4,5-C]PYRIDIN-4-AMINE",F2
DB04592,3-Bromo-3-buten-1-ol,mmoX
DB04593,3-({1-[3-CARBAMIMIDOYL-1-(4-CARBAMIMIDOYL-BENZYLCARBAMOYL)-PROPYLCARBAMOYL]-2-METHYL-BUTYLSULFAMOYL}-METHYL)-BENZOIC ACID,F7
DB04594,3-hydroxyglutaric acid,HMGCL
DB04596,"4-O-{4,6-O-[(1S)-1-Carboxyethylidene]-β-D-mannopyranosyl}-D-glucopyranuronic acid",xly
DB04597,"[4,6-O-(1-CARBOXYETHYLIDENE)-BETA-D-MANNOSE]",xly
DB04598,2-AMINO-4-CHLORO-3-HYDROXYBENZOIC ACID,nbaC
DB04599,Aniracetam,DRD2
DB04599,Aniracetam,HTR2A
DB04599,Aniracetam,GRIA2
DB04599,Aniracetam,GRIA3
DB04600,"4-[(3-BROMO-4-O-SULFAMOYLBENZYL)(4-CYANOPHENYL)AMINO]-4H-[1,2,4]-TRIAZOLE",CA2
DB04601,"4-[(4-O-SULFAMOYLBENZYL)(4-CYANOPHENYL)AMINO]-4H-[1,2,4]-TRIAZOLE",CA2
DB04602,PUROMYCIN AMINONUCLEOSIDE-5'-MONOPHOSPHATE,RPL37
DB04604,5-iodotubercidin,HASPIN
DB04604,5-iodotubercidin,MAPK3
DB04604,5-iodotubercidin,CSNK1G2
DB04605,5-Aminoisoquinoline,Tb05.30H13.400
DB04606,2-[2-ETHANESULFONYLAMINO-3-(5-PROPOXY-1H-INDOL-3-YL)-PROPIONYLAMINO]-PENTANEDIOIC ACID 5-AMIDE 1-(4-CARBAMIMIDOYL-BENZYLAMIDE),F7
DB04607,"PHENYLAMINOIMIDAZO(1,2-ALPHA)PYRIDINE",CDK2
DB04608,"9-HYDROXY-4-PHENYL-6H-PYRROLO[3,4-C]CARBAZOLE-1,3-DIONE",WEE1
DB04609,INHIBITOR Q8467 OF DUPONT MERCK,gag-pol
DB04610,"7,8-dihydro-6-hydroxymethyl-7-methyl-7-[2-phenylethyl]-pterin",folK
DB04612,"N-METHYLALANYL-3-METHYLVALYL-4-PHENOXY-N-(1,2,3,4-TETRAHYDRONAPHTHALEN-1-YL)PROLINAMIDE",XIAP
DB04614,(R)-tacrine(10)-hupyridone,ACHE
DB04615,(S)-tacrine(10)-hupyridone,ACHE
DB04616,TACRINE(8)-4-AMINOQUINOLINE,ACHE
DB04617,"(9S)-9-[(8-AMMONIOOCTYL)AMINO]-1,2,3,4,9,10-HEXAHYDROACRIDINIUM",ACHE
DB04618,"4,6-DIDEOXY-4-{[4-[(4-O-HEXOPYRANOSYLHEXOPYRANOSYL)OXY]-5,6-DIHYDROXY-3-(HYDROXYMETHYL)CYCLOHEX-2-EN-1-YL]AMINO}HEXOPYRANOSYL-(1->4)HEXOPYRANOSYL-(1->4)HEXOPYRANOSE",AMY2A
DB04619,Acetophenone,radh
DB04620,Cycloleucine,GRIN1
DB04622,N-acetylhistamine,QPCT
DB04623,"2-ETHOXYETHYL (2S,3S)-4-((S)-2-BENZYL-3-OXO-4-((3AR,8R,8AS)-2-OXO-3,3A,8,8A-TETRAHYDRO-2H-INDENO[1,2-D]OXAZOL-8-YL)-2,3-DIHYDRO-1H-PYRROL-2-YL)-3-HYDROXY-1-PHENYLBUTAN-2-YLCARBAMATE",pol
DB04624,DERIVATIVE OF AKLANONIC ACID METHYL ESTER (AAME),acma
DB04627,Cyclouridine,udp
DB04628,Allosamidin,chiB
DB04628,Allosamidin,chiA
DB04629,Aplyronine A,ACTA1
DB04630,Aldosterone,NR3C2
DB04630,Aldosterone,SLC12A1
DB04630,Aldosterone,NR3C1
DB04631,Atpenin A5,sdhB
DB04631,Atpenin A5,sdhC
DB04631,Atpenin A5,sdhD
DB04631,Atpenin A5,sdhA
DB04632,4-(2-HYDROXYBENZYLAMINO)-N-(3-(4-FLUOROPHENOXY)PHENYL)PIPERIDINE-1-SULFONAMIDE,MAPK14
DB04633,"N-ethyl-N-[3-(propylamino)propyl]propane-1,3-diamine",SAT1
DB04634,N-BENZYLOXYCARBONYL-L-SERINE-BETALACTONE,
DB04634,N-BENZYLOXYCARBONYL-L-SERINE-BETALACTONE,
DB04634,N-BENZYLOXYCARBONYL-L-SERINE-BETALACTONE,
DB04636,Glutamine t-butyl ester,QPCT
DB04637,6-Bromo-1-hexanol,mmoX
DB04638,"2,5-di-tert-butylhydroquinone",ATP2A1
DB04639,Biphenylalanine,IGHG1
DB04639,Biphenylalanine,env
DB04640,"Naphthalene-2,6-disulfonic acid",bcp
DB04640,"Naphthalene-2,6-disulfonic acid",
DB04641,"3,7-DIHYDROXYNAPHTHALENE-2-CARBOXYLIC ACID",
DB04642,"7-{2,6-DICHLORO-4-[3-(2-CHLORO-BENZOYL)-UREIDO]-PHENOXY}-HEPTANOIC ACID",PYGM
DB04643,"4-{3-CHLORO-4-[3-(2,4-DICHLORO-BENZOYL)-UREIDO]-PHENOXY}-BUTYRIC ACID",PYGM
DB04644,"4-{4-[3-(2,4-DICHLORO-BENZOYL)-UREIDO]-2,3-DIMETHYL-PHENOXY}-BUTYRIC ACID",PYGM
DB04645,"5-{3-[3-(2,4-DICHLORO-BENZOYL)-UREIDO]-2-METHYL-PHENOXY}-PENTANOIC ACID",PYGM
DB04646,Dibromothymoquinone,petA
DB04646,Dibromothymoquinone,petG
DB04646,Dibromothymoquinone,petL
DB04646,Dibromothymoquinone,petM
DB04646,Dibromothymoquinone,petN
DB04646,Dibromothymoquinone,petB
DB04646,Dibromothymoquinone,petC
DB04646,Dibromothymoquinone,petD
DB04647,BOC-GAMMA-D-GLU-L-LYS(CBZ)-D-BOROALA,dacA
DB04647,BOC-GAMMA-D-GLU-L-LYS(CBZ)-D-BOROALA,dacA
DB04648,S-propylamine-L-cysteine,ARG1
DB04649,TETRAHEDRAL INTERMEDIATE OF BLASTICIDIN S,bsd
DB04650,"5-[(3AS,4R,6AR)-2-OXOHEXAHYDRO-1H-THIENO[3,4-D]IMIDAZOL-4-YL]PENTANOIC ACID",
DB04651,BIOTINOL-5-AMP,birA
DB04652,Corticosterone,HSD11B1
DB04652,Corticosterone,NCOA1
DB04652,Corticosterone,NR3C2
DB04652,Corticosterone,NR3C1
DB04653,N-[(benzyloxy)carbonyl]-L-leucyl-N-[(1S)-3-fluoro-1-(4-hydroxybenzyl)-2-oxopropyl]-L-leucinamide,CAPN1
DB04654,4-PIPERIDIN-4-YLBUTANAL,PRSS1
DB04654,4-PIPERIDIN-4-YLBUTANAL,TPSB2
DB04655,Metoprine,HNMT
DB04655,Metoprine,PDF
DB04656,"1,3,4-TRIHYDROXY-5-(3-PHENOXYPROPYL)-CYCLOHEXANE-1-CARBOXYLIC A CID",aroQ
DB04657,Carboxin,SDHA
DB04658,Calystegine B2,GLA
DB04658,Calystegine B2,bglA
DB04659,"(1S,2S,3R,4S,5S)-2,3,4-TRIHYDROXY-5-(HYDROXYMETHYL)CYCLOHEXYL (1E)-2-PHENYL-N-(SULFOOXY)ETHANIMIDOTHIOATE",LCT
DB04660,Choline alfoscerate,CHRM5
DB04660,Choline alfoscerate,GM2A
DB04661,cis-tetracosenoyl sulfatide,CD1D
DB04662,OLOMOUCINE II,CDK2
DB04664,Cyclohexyl-pentyl-maltoside,CYP2B6
DB04665,Coumarin,CA12
DB04665,Coumarin,CA2
DB04665,Coumarin,CA14
DB04665,Coumarin,CA9
DB04665,Coumarin,CA6
DB04665,Coumarin,CA1
DB04665,Coumarin,CA4
DB04665,Coumarin,CYP2A6
DB04669,TRIAZOLOPYRIMIDINE,CDK2
DB04671,[(1S)-4-[[Amino-[(2R)-2-amino-2-carboxyethyl]sulfanylmethylidene]amino]-1-carboxybutyl]azanium,arcA
DB04672,"Cyclic 3',5'-thymidine monophosphate",NT5M
DB04673,4-[(5-CHLOROINDOL-2-YL)SULFONYL]-2-(2-METHYLPROPYL)-1-[[5-(PYRIDIN-4-YL)PYRIMIDIN-2-YL]CARBONYL]PIPERAZINE,F10
DB04674,"2-HYDROXY-3,5-DIIODOBENZOIC ACID",EDNRA
DB04674,"2-HYDROXY-3,5-DIIODOBENZOIC ACID",AKR1C1
DB04676,Dansyllysine,IGHA2
DB04677,N-METHYL-N-[(1R)-1-METHYL-2-PHENYLETHYL]PROP-2-EN-1-AMINE,MAOB
DB04678,H TYPE II TRISACCHARIDE,ABO
DB04679,Human blood group H type 1 trisaccharide,ABO
DB04680,GALACTOSE GREASE,ABO
DB04681,BETA-METHYLLACTOSIDE,ABO
DB04682,Octylphenoxy polyethoxyethanol,TNNC2
DB04683,"(2R)-3-{[{[(2S)-2,3-DIHYDROXYPROPYL]OXY}(HYDROXY)PHOSPHORYL]OXY}-2-[(9E)-HEXADEC-9-ENOYLOXY]PROPYL (9E)-OCTADEC-9-ENOATE",NR5A1
DB04685,"1-{(2S,5S)-4-FLUORO-5-[(TRITYLOXY)METHYL]TETRAHYDROFURAN-2-YL}PYRIMIDINE-2,4(1H,3H)-DIONE",DUT
DB04685,"1-{(2S,5S)-4-FLUORO-5-[(TRITYLOXY)METHYL]TETRAHYDROFURAN-2-YL}PYRIMIDINE-2,4(1H,3H)-DIONE",
DB04687,DIMETHYL THIOPHOSPHATE,opdA
DB04688,Methylecgonine,IGHG2
DB04688,Methylecgonine,IGKC
DB04689,2-{5-[3-(6-BENZOYL-1-PROPYLNAPHTHALEN-2-YLOXY)PROPOXY]INDOL-1-YL}ETHANOIC ACID,PPARG
DB04690,Camptothecin,TOP1
DB04693,"Estrane-3,17-dione",ksi
DB04695,Farnesyl thiopyrophosphate,GGPS1
DB04695,Farnesyl thiopyrophosphate,MVK
DB04695,Farnesyl thiopyrophosphate,crtM
DB04695,Farnesyl thiopyrophosphate,ispU
DB04696,"4-CHLORO-3',3''-DIBROMOPHENOL-1,8-NAPHTHALEIN",TMP1
DB04696,"4-CHLORO-3',3''-DIBROMOPHENOL-1,8-NAPHTHALEIN",thyA
DB04697,TRANS-4-(GUANIDINOMETHYL)-CYCLOHEXANE-L-YL-D-3-CYCLOHEXYLALANYL-L-AZETIDINE-2-YL-D-TYROSINYL-L-HOMOARGININAMIDE,F2
DB04698,"N-(1,4-dihydro-5H-tetrazol-5-ylidene)-9-oxo-9H-xanthene-2-sulfonamide",aroQ
DB04699,gamma-Butyrolactone,nagJ
DB04700,GLUTATHIONE SULFINATE,GSTK1
DB04701,S-Methyl glutathione,GSTM2
DB04702,"S-[(2E)-3,7-DIMETHYLOCTA-2,6-DIENYL] TRIHYDROGENTHIODIPHOSPHATE",
DB04703,Hesperidin,CACNA1B
DB04703,Hesperidin,AURKB
DB04705,25-Hydroxycholesterol,RORC
DB04707,Hydroxyfasudil,ROCK1
DB04707,Hydroxyfasudil,CLCN2
DB04707,Hydroxyfasudil,PRKACA
DB04707,Hydroxyfasudil,PKIA
DB04709,"(3AALPHA,4ALPHA,7ALPHA,7AALPHA)- 3A,4,7,7A-TETRAHYDRO-2-(4-NITRO-1-NAPHTHALENYL)-4,7-ETHANO-1H-ISOINDOLE-1,3(2H)-DIONE",AR
DB04711,Iodipamide,ALB
DB04713,4-Iodo-D-phenylalanine,
DB04714,ISOPENTENYL PYROPHOSPHATE,FDPS
DB04714,ISOPENTENYL PYROPHOSPHATE,GGPS1
DB04714,ISOPENTENYL PYROPHOSPHATE,ispF
DB04714,ISOPENTENYL PYROPHOSPHATE,uppS
DB04714,ISOPENTENYL PYROPHOSPHATE,ispH
DB04714,ISOPENTENYL PYROPHOSPHATE,ispU
DB04715,IMIDAZOPYRIDAZIN 1,PIM1
DB04716,"2-tert-butyl-9-fluoro-1,6-dihydrobenzo[h]imidazo[4,5-f]isoquinolin-7-one",JAK2
DB04716,"2-tert-butyl-9-fluoro-1,6-dihydrobenzo[h]imidazo[4,5-f]isoquinolin-7-one",JAK3
DB04716,"2-tert-butyl-9-fluoro-1,6-dihydrobenzo[h]imidazo[4,5-f]isoquinolin-7-one",TYK2
DB04716,"2-tert-butyl-9-fluoro-1,6-dihydrobenzo[h]imidazo[4,5-f]isoquinolin-7-one",DAPK3
DB04716,"2-tert-butyl-9-fluoro-1,6-dihydrobenzo[h]imidazo[4,5-f]isoquinolin-7-one",JAK1
DB04719,"DIMETHYL-(4,5,6,7-TETRABROMO-1H-BENZOIMIDAZOL-2-YL)-AMINE",DYRK1A
DB04719,"DIMETHYL-(4,5,6,7-TETRABROMO-1H-BENZOIMIDAZOL-2-YL)-AMINE",DYRK2
DB04719,"DIMETHYL-(4,5,6,7-TETRABROMO-1H-BENZOIMIDAZOL-2-YL)-AMINE",CSNK2A1
DB04720,"S-METHYL-4,5,6,7-TETRABROMO-BENZIMIDAZOLE",CSNK2A1
DB04721,"N1,N2-ETHYLENE-2-METHYLAMINO-4,5,6,7-TETRABROMO-BENZIMIDAZOLE",CSNK2A1
DB04722,"2-[3-chloro-6-[2,2-difluoro-2-(1-oxidopyridin-1-ium-2-yl)ethyl]imino-1-hydroxypyridin-2-yl]-N-[(1R)-1-(3-chlorophenyl)ethyl]acetamide",F2
DB04723,2-(3-GUANIDINOPHENYL)-3-MERCAPTOPROPANOIC ACID,CPB2
DB04723,2-(3-GUANIDINOPHENYL)-3-MERCAPTOPROPANOIC ACID,CPB1
DB04724,"(S)-2-((S)-3-isobutyl-2,5-dioxo-4-quinolin-3-ylmethyl-[1,4]diazepan-1yl)-N-methyl-3-naphtalen-2-yl-propionamide",ITGAL
DB04725,Licofelone,ALOX5
DB04725,Licofelone,PTGS2
DB04725,Licofelone,PLA2G2E
DB04727,"1-{4-[4-Amino-6-(4-methoxyphenyl)furo[2,3-d]pyrimidin-5-yl]phenyl}-3-[2-fluoro-5-(trifluoromethyl)phenyl]urea",KDR
DB04728,Lividomycin A,TERT
DB04729,Gentamicin C1a,rpsL
DB04731,1-ACETYL-2-LYSO-SN-GLYCERO-3-PHOSPHOETHANOLAMINE,cinA
DB04732,N-(4-MORPHOLINE)CARBONYL-B-(1-NAPHTHYL)-L-ALANINE-L-LEUCINE BORONIC ACID,prcB
DB04732,N-(4-MORPHOLINE)CARBONYL-B-(1-NAPHTHYL)-L-ALANINE-L-LEUCINE BORONIC ACID,prcA
DB04733,"1,6-DI-O-PHOSPHONO-D-MANNITOL",ALDOA
DB04734,Citraconic acid,fccA
DB04735,Monogalactosyldiacylglycerol,psbA1
DB04736,"2-ACETAMIDO-2-DEOXY-BETA-D-GLUCOPYRANOSE(BETA1-4)-2-ACETAMIDO-1,6-ANHYDRO-3-O-[(R)-1-CARBOXYETHYL]-2-DEOXY-BETA-D-GLUCOPYRANOSE-L-ALANYL-GAMMA-D-GLUTAMYL-MESO-DIAMINOPIMELYL-D-ALANINE",PGLYRP3
DB04738,Motuporin,PPP1CC
DB04739,4-[(4-METHYL-1-PIPERAZINYL)METHYL]-N-[3-[[4-(3-PYRIDINYL)-2-PYRIMIDINYL]AMINO]PHENYL]-BENZAMIDE,SRC
DB04740,Moxalactam (hydrolyzed),
DB04741,Myxothiazol,UQCRC1
DB04742,"(2R)-2-{(1R)-2-oxo-1-[(2-thienylacetyl)amino]ethyl}-5,6-dihydro-2h-1,3-thiazine-4-carboxylic acid",dac
DB04743,Nimesulide,PTGS2
DB04743,Nimesulide,LTF
DB04743,Nimesulide,TNFSF10
DB04743,Nimesulide,PLA2G2E
DB04745,2-Hydroxyquinoline,TOP2B
DB04745,2-Hydroxyquinoline,TOP2A
DB04745,2-Hydroxyquinoline,oxoO
DB04746,"(10E,12Z)-octadecadienoic acid",
DB04747,11-TRANS-13-TRANS-15-CIS-OCTADECATRIENOIC ACID,
DB04749,2-(3-OXO-PROPYLSULFANYLCARBONYL)-ETHANETHIOLATE,
DB04751,Purvalanol A,CDK2
DB04751,Purvalanol A,CDK1
DB04751,Purvalanol A,CSNK1G3
DB04751,Purvalanol A,RPS6KA1
DB04751,Purvalanol A,SRC
DB04752,Phosphatidyl ethanol,NR5A1
DB04753,"9-DEAZAINOSINE-2',3'-O-ETHYLIDENEPHOSPHONATE",PNP
DB04754,"GUANOSINE-2',3'-O-ETHYLIDENEPHOSPHONATE",PNP
DB04757,"GUANOSINE-2',3'-O-METHYLIDENEPHOSPHONATE",PNP
DB04758,2-[2-ETHANESULFONYLAMINO-3-(1H-INDOL-3-YL)-PROPIONYLAMINO]-PENTANEDIOIC ACID 5-AMIDE 1-(4-CARBAMIM IDOYL-BENZYLAMIDE),F7
DB04759,"PYRIMIDINE-4,6-DICARBOXYLIC ACID BIS-(3-METHYL-BENZYLAMIDE)",MMP13
DB04760,"PYRIMIDINE-4,6-DICARBOXYLIC ACID BIS-(4-FLUORO-3-METHYL-BENZYLAMIDE)",MMP13
DB04761,"PYRIMIDINE-4,6-DICARBOXYLIC ACID BIS-[(PYRIDIN-3-YLMETHYL)-AMIDE]",MMP13
DB04762,N-PYRIDOXYL-D-GLUTAMIC ACID-5'-MONOPHOSPHATE,aspC
DB04763,"1-N-(4-SULFAMOYLPHENYL-ETHYL)-2,4,6-TRIMETHYLPYRIDINIUM",CA2
DB04764,[4-(3-AMINOMETHYL-PHENYL)-PIPERIDIN-1-YL]-(5-PHENETHYL- PYRIDIN-3-YL)-METHANONE,TPSB2
DB04765,N-PYRIDOXYL-2-METHYL-L-GLUTAMIC ACID-5'-MONOPHOSPHATE,aspC
DB04767,N-[1-(4-CARBAMIMIDOYL-BENZYLCARBAMOYL)-3-METHYLSULFANYL-PROPYL]-3-HYDROXY-2-PROPOXYAMINO-BUTYRAMID,F7
DB04768,Pyrithiamine Pyrophosphate,TPK1
DB04769,"5-QUINOXALIN-6-YLMETHYLENE-THIAZOLIDINE-2,4-DIONE",PIK3CG
DB04769,"5-QUINOXALIN-6-YLMETHYLENE-THIAZOLIDINE-2,4-DIONE",MAOB
DB04770,"O6-(R)-ROSCOVITINE, R-2-(6-BENZYLOXY-9-ISOPROPYL-9H-PURIN-2-YLAMINO)-BUTAN-1-OL",PDXK
DB04771,1-GUANIDINO-4-(N-NITRO-BENZOYLAMINO-L-LEUCYL-L-PROLYLAMINO)BUTANE,F2
DB04772,1-GUANIDINO-4-(N-PHENYLMETHANESULFONYL-L-LEUCYL-L-PROLYLAMINO)BUTANE,F2
DB04773,METHYL (3R)-3-{[(3R)-3-{[(3R)-3-HYDROXYBUTANOYL]OXY}BUTANOYL]OXY}BUTANOATE,
DB04774,Reidispongiolide A,ACTA1
DB04775,Reidispongiolide C,ACTA1
DB04776,(2R)-2-({6-[benzyl(methyl)amino]-9-isopropyl-9H-purin-2-yl}amino)butan-1-ol,PDXK
DB04777,(R)-4-Nitrostyrene oxide,hheC
DB04779,ETHYL (1E)-2-PHENYL-N-(SULFOOXY)ETHANIMIDOTHIOATE,LCT
DB04781,5-hydroxyvaleric acid,ALAD
DB04782,(S)-4-Nitrostyrene oxide,dehB
DB04783,Sphinxolide B,ACTA1
DB04784,(R)-1-phenylethanol,radh
DB04786,Suramin,P2RY2
DB04786,Suramin,SIRT5
DB04786,Suramin,FSHR
DB04786,Suramin,HPSE
DB04786,Suramin,RYR1
DB04786,Suramin,F2
DB04786,Suramin,PLA2G2A
DB04786,Suramin,
DB04787,Tanaproget,PGR
DB04788,Tagetitoxin,rpoB
DB04788,Tagetitoxin,rpoC
DB04789,5-methyltetrahydrofolic acid,AMT
DB04789,5-methyltetrahydrofolic acid,SLC46A1
DB04790,"2,5-bis-O-{3-[amino(imino)methyl]phenyl}-1,4:3,6-dianhydro-D-glucitol",PRSS1
DB04791,"2-O-(4'-AMIDINOPHENYL)-5-O-(3''-AMIDINOPHENYL)-1,4:3,6-DIANHYDRO-D-SORBITOL",PRSS1
DB04792,"2,5-O,O-BIS-{4',4''-AMIDINOPHENYL}-1,4:3,6-DIANHYDRO-D-SORBITOL",PRSS1
DB04793,"1,4:3,6-Dianhydro-2-O-(3-carbamimidoylphenyl)-5-O-(4-carbamimidoylphenyl)-D-glucitol",PRSS1
DB04794,Bifonazole,ERG11
DB04794,Bifonazole,CYP2B6
DB04795,Thenoyltrifluoroacetone,CES1
DB04795,Thenoyltrifluoroacetone,SDHA
DB04796,Inecalcitol,VDR
DB04797,Triazolopyridine,MAPK14
DB04798,THIO-ATPA,GRIA2
DB04799,"6-Hydroxy-5-undecyl-4,7-benzothiazoledione",CYC1
DB04799,"6-Hydroxy-5-undecyl-4,7-benzothiazoledione",MT-CYB
DB04799,"6-Hydroxy-5-undecyl-4,7-benzothiazoledione",UQCRC1
DB04799,"6-Hydroxy-5-undecyl-4,7-benzothiazoledione",UQCRC2
DB04799,"6-Hydroxy-5-undecyl-4,7-benzothiazoledione",UQCRH
DB04799,"6-Hydroxy-5-undecyl-4,7-benzothiazoledione",UQCRQ
DB04799,"6-Hydroxy-5-undecyl-4,7-benzothiazoledione",UQCRFS1
DB04799,"6-Hydroxy-5-undecyl-4,7-benzothiazoledione",UQCR11
DB04799,"6-Hydroxy-5-undecyl-4,7-benzothiazoledione",UQCRB
DB04799,"6-Hydroxy-5-undecyl-4,7-benzothiazoledione",UQCR10
DB04800,1-METHYL-3-PHENYL-1H-PYRAZOL-5-YLSULFAMIC ACID,PTPN1
DB04801,cis-Vaccenic acid,PPARD
DB04803,Verdoheme,HMOX1
DB04805,Virginiamycin S1,RPL37
DB04807,4-NITROPHENYL-(6-S-ALPHA-D-XYLOPYRANOSYL)-BETA-D-GLUCOPYRANOSIDE,yicI
DB04809,SALOPHEN-10-PROPIONATE IRON CHELATE,
DB04810,Salophen-10-carboxylate iron chelate,
DB04811,Salophen iron chelate,
DB04812,Benoxaprofen,ACAT1
DB04813,Bithionol,MCL1
DB04813,Bithionol,ESR2
DB04813,Bithionol,CAPN2
DB04813,Bithionol,ESR1
DB04815,Clioquinol,OPRK1
DB04817,Metamizole,PTGS1
DB04818,Iproniazid,MAOB
DB04818,Iproniazid,MAOA
DB04820,Nialamide,MAOB
DB04820,Nialamide,MAOA
DB04820,Nialamide,COMT
DB04821,Nomifensine,DRD2
DB04821,Nomifensine,SLC6A2
DB04821,Nomifensine,SLC6A3
DB04821,Nomifensine,MAOB
DB04821,Nomifensine,MAOA
DB04821,Nomifensine,MPO
DB04821,Nomifensine,SLC6A4
DB04821,Nomifensine,SLC18A2
DB04824,Phenolphthalein,UGT1A9
DB04824,Phenolphthalein,NR1I2
DB04824,Phenolphthalein,NR1I3
DB04824,Phenolphthalein,ESR1
DB04824,Phenolphthalein,SHBG
DB04825,Prenylamine,MYLK2
DB04825,Prenylamine,CALM1
DB04828,Zomepirac,PTGS2
DB04828,Zomepirac,PTGS1
DB04828,Zomepirac,PTGDR2
DB04829,Lysergic acid diethylamide,HTR1A
DB04829,Lysergic acid diethylamide,HTR2A
DB04829,Lysergic acid diethylamide,HTR2B
DB04829,Lysergic acid diethylamide,HTR6
DB04832,Zimelidine,SLC6A4
DB04832,Zimelidine,MAOB
DB04832,Zimelidine,MAOA
DB04834,Rapacuronium,CHRM2
DB04835,Maraviroc,CCR5
DB04836,Amineptine,SLC6A3
DB04836,Amineptine,SLC6A2
DB04836,Amineptine,SLC6A4
DB04837,Clofedanol,HRH1
DB04838,Cyclandelate,CACNA2D1
DB04838,Cyclandelate,CES1
DB04839,Cyproterone acetate,AR
DB04839,Cyproterone acetate,KLK3
DB04840,Debrisoquine,SLC6A2
DB04841,Flunarizine,CACNA1G
DB04841,Flunarizine,CACNA1H
DB04841,Flunarizine,CACNA1I
DB04841,Flunarizine,CALM1
DB04841,Flunarizine,CACNA1A
DB04841,Flunarizine,HRH1
DB04842,Fluspirilene,DRD2
DB04842,Fluspirilene,HTR2A
DB04842,Fluspirilene,CACNG1
DB04843,Mepenzolate,CHRM1
DB04843,Mepenzolate,CHRM3
DB04843,Mepenzolate,CHRM5
DB04844,Tetrabenazine,SLC18A2
DB04844,Tetrabenazine,DRD2
DB04845,Ixabepilone,TUBB3
DB04846,Celiprolol,ADRB1
DB04846,Celiprolol,ADRB2
DB04846,Celiprolol,ADRB3
DB04846,Celiprolol,ADRA2A
DB04846,Celiprolol,ADRA2B
DB04846,Celiprolol,ADRA2C
DB04847,Roxadustat,EGLN1
DB04847,Roxadustat,EGLN2
DB04847,Roxadustat,EGLN3
DB04849,Cediranib,KDR
DB04850,Posizolid,MAOA
DB04851,Biricodar,ABCB1
DB04851,Biricodar,ABCB5
DB04851,Biricodar,ABCC1
DB04851,Biricodar,ABCG2
DB04852,Implitapide,MTTP
DB04853,Binodenoson,ADORA2A
DB04854,Febuxostat,XDH
DB04855,Dronedarone,ADRA1A
DB04855,Dronedarone,ADRA1B
DB04855,Dronedarone,ADRA1D
DB04855,Dronedarone,ADRA2A
DB04855,Dronedarone,ADRA2B
DB04855,Dronedarone,ADRA2C
DB04855,Dronedarone,KCNH2
DB04855,Dronedarone,CACNA1C
DB04855,Dronedarone,CACNA1D
DB04855,Dronedarone,CACNA1F
DB04855,Dronedarone,CACNA1S
DB04855,Dronedarone,CACNB1
DB04855,Dronedarone,CACNB2
DB04855,Dronedarone,CACNB3
DB04855,Dronedarone,CACNB4
DB04855,Dronedarone,KCNK2
DB04855,Dronedarone,SCN5A
DB04855,Dronedarone,KCNJ3
DB04855,Dronedarone,KCNQ1
DB04855,Dronedarone,KCNJ12
DB04855,Dronedarone,SLC8A1
DB04855,Dronedarone,KCND3
DB04855,Dronedarone,KCNA5
DB04855,Dronedarone,ADRB1
DB04855,Dronedarone,THRA
DB04856,Dexloxiglumide,CCKAR
DB04856,Dexloxiglumide,CCKBR
DB04857,Brasofensine,SLC6A4
DB04857,Brasofensine,DRD2
DB04858,Tirapazamine,TOP2B
DB04858,Tirapazamine,TOP2A
DB04859,Zanapezil,ACHE
DB04860,Isatoribine,TLR7
DB04861,Nebivolol,ADRB1
DB04861,Nebivolol,ADRB2
DB04861,Nebivolol,ADRB3
DB04862,Merimepodib,IMPDH1
DB04862,Merimepodib,EGFR
DB04862,Merimepodib,ERBB2
DB04862,Merimepodib,guaB
DB04863,Lefradafiban,ITGA2B
DB04863,Lefradafiban,ITGB3
DB04864,Huperzine A,ACHE
DB04864,Huperzine A,AMY2A
DB04864,Huperzine A,ALOX5
DB04865,Omacetaxine mepesuccinate,rpl2
DB04865,Omacetaxine mepesuccinate,RPL3
DB04866,Halofuginone,EPRS1
DB04866,Halofuginone,COL1A1
DB04866,Halofuginone,MMP2
DB04867,Lintitript,CCKAR
DB04868,Nilotinib,ABL1
DB04868,Nilotinib,KIT
DB04868,Nilotinib,PDGFRA
DB04868,Nilotinib,CSF3R
DB04868,Nilotinib,DDR2
DB04869,Olcegepant,CALCRL
DB04869,Olcegepant,CALCA
DB04870,Oleoyl-estrone,GRM2
DB04870,Oleoyl-estrone,GRM3
DB04871,Lorcaserin,HTR2C
DB04872,Osanetant,TACR3
DB04873,Piboserod,HTR4
DB04875,Pralnacasan,CASP1
DB04876,Vildagliptin,DPP4
DB04877,Voacamine,ABCB1
DB04878,Voglibose,MGAM
DB04879,Vatalanib,FLT4
DB04879,Vatalanib,KDR
DB04879,Vatalanib,FLT1
DB04879,Vatalanib,EGFR
DB04880,Enoximone,PDE3A
DB04881,Elacridar,ABCB1
DB04881,Elacridar,ABCB4
DB04882,Edotecarin,TOP1
DB04883,Darusentan,EDNRA
DB04884,Dapoxetine,HTR1A
DB04884,Dapoxetine,HTR1B
DB04884,Dapoxetine,HTR2C
DB04885,Cilansetron,HTR3A
DB04886,Calanolide A,gag-pol
DB04886,Calanolide A,gag-pol
DB04887,Brecanavir,gag-pol
DB04887,Brecanavir,pol
DB04888,Bifeprunox,HTR1A
DB04888,Bifeprunox,DRD2
DB04889,Bicifadine,SLC6A2
DB04889,Bicifadine,SLC6A4
DB04889,Bicifadine,DRD2
DB04890,Bepotastine,HRH1
DB04891,Becocalcidiol,MED1
DB04891,Becocalcidiol,VDR
DB04892,Phenserine,ACHE
DB04892,Phenserine,BCHE
DB04892,Phenserine,APP
DB04893,AZD3409,FNTB
DB04893,AZD3409,FNTA
DB04894,Vapreotide,SSTR2
DB04894,Vapreotide,SSTR5
DB04894,Vapreotide,TACR1
DB04895,Pegaptanib,VEGFA
DB04895,Pegaptanib,NRP1
DB04896,Milnacipran,SLC6A4
DB04896,Milnacipran,SLC6A2
DB04896,Milnacipran,GRIN1
DB04898,Ximelagatran,F2
DB04899,Nesiritide,NPR1
DB04899,Nesiritide,NPR2
DB04899,Nesiritide,NPR3
DB04901,Galiximab,CD80
DB04903,Pagoclone,GABRG3
DB04903,Pagoclone,GABRA2
DB04903,Pagoclone,GABRA3
DB04905,Tesmilifene,ABCB1
DB04905,Tesmilifene,HRH1
DB04908,Flibanserin,HTR1A
DB04908,Flibanserin,HTR2A
DB04908,Flibanserin,DRD4
DB04910,Oxibendazole,TUBB4B
DB04911,Oritavancin,folP
DB04912,Stannsoporfin,HMOX1
DB04912,Stannsoporfin,HMOX2
DB04915,Idronoxil,SPHK1
DB04915,Idronoxil,XIAP
DB04915,Idronoxil,ENOX2
DB04917,Renzapride,HTR4
DB04917,Renzapride,HTR3A
DB04918,Ceftobiprole,mecA
DB04918,Ceftobiprole,pbpX
DB04918,Ceftobiprole,penA
DB04918,Ceftobiprole,pbpX
DB04918,Ceftobiprole,ftsI
DB04919,Alfimeprase,FGA
DB04919,Alfimeprase,FGB
DB04920,Clevidipine,CACNA1F
DB04920,Clevidipine,CACNA1S
DB04920,Clevidipine,CACNA1D
DB04920,Clevidipine,CACNA1C
DB04924,Itopride,DRD2
DB04924,Itopride,ACHE
DB04925,Desmoteplase,PLG
DB04926,Neramexane,GRIN3A
DB04930,Permethrin,SCN1A
DB04930,Permethrin,ESR1
DB04930,Permethrin,NR1I2
DB04931,Afamelanotide,MC1R
DB04931,Afamelanotide,MC4R
DB04932,Defibrotide,ADORA1
DB04932,Defibrotide,ADORA2A
DB04932,Defibrotide,ADORA2B
DB04933,Eritoran,TLR4
DB04934,Rifalazil,rpoB
DB04938,Ospemifene,ESR1
DB04941,Crofelemer,ANO1
DB04941,Crofelemer,CFTR
DB04942,Tamibarotene,RARA
DB04942,Tamibarotene,RARB
DB04944,Acadesine,PRKAG1
DB04944,Acadesine,PRKAB1
DB04944,Acadesine,PRKAA1
DB04946,Iloperidone,HTR2A
DB04946,Iloperidone,DRD2
DB04946,Iloperidone,HTR1A
DB04946,Iloperidone,HTR2C
DB04946,Iloperidone,HTR6
DB04946,Iloperidone,HTR7
DB04946,Iloperidone,ADRA1A
DB04946,Iloperidone,ADRA2A
DB04946,Iloperidone,ADRA2B
DB04946,Iloperidone,ADRA2C
DB04946,Iloperidone,ADRB1
DB04946,Iloperidone,ADRB2
DB04946,Iloperidone,DRD1
DB04946,Iloperidone,DRD3
DB04946,Iloperidone,DRD4
DB04946,Iloperidone,DRD5
DB04946,Iloperidone,HRH1
DB04947,Altropane,SLC6A3
DB04948,Lofexidine,ADRA2A
DB04948,Lofexidine,ADRA1A
DB04948,Lofexidine,HTR1A
DB04948,Lofexidine,HTR7
DB04948,Lofexidine,HTR2C
DB04948,Lofexidine,HTR1D
DB04951,Pirfenidone,TGFB1
DB04953,Ezogabine,KCNQ3
DB04953,Ezogabine,KCNQ2
DB04953,Ezogabine,KCNQ4
DB04953,Ezogabine,KCNQ5
DB04954,Tecadenoson,ADORA1
DB04956,Afelimomab,TNF
DB04957,Azimilide,KCNE1
DB04957,Azimilide,KCNQ1
DB04957,Azimilide,KCNH2
DB04958,Epratuzumab,CD22
DB04959,Verpasep caltespen,KRT7
DB04959,Verpasep caltespen,UBR4
DB04960,Tipifarnib,FNTB
DB04960,Tipifarnib,FDPS
DB04960,Tipifarnib,FNTA
DB04964,Oregovomab,MUC16
DB04967,Lucanthone,TOP2A
DB04967,Lucanthone,APEX1
DB04967,Lucanthone,TOP1
DB04967,Lucanthone,TOP2B
DB04970,Lesopitron,HTR1A
DB04971,Reglitazar,PPARA
DB04971,Reglitazar,PPARG
DB04972,Canfosfamide,GSTP1
DB04973,LErafAON,RAF1
DB04974,Rimiducid,FKBP1A
DB04974,Rimiducid,MTOR
DB04975,Banoxantrone,TOP2A
DB04975,Banoxantrone,TOP2B
DB04976,Imisopasem manganese,SOD2
DB04977,Plitidepsin,PPT1
DB04977,Plitidepsin,EEF1A2
DB04978,SP1049C,TOP2A
DB04982,Talampanel,GRIA1
DB04982,Talampanel,GRIA2
DB04982,Talampanel,GRIA3
DB04982,Talampanel,GRIA4
DB04983,Denufosol,P2RY2
DB04985,Tigapotide,RPSA
DB04985,Tigapotide,MSMB
DB04988,IGN311,EGFR
DB04988,IGN311,ERBB2
DB04991,XL784,ADAM10
DB04997,ATL1102,ITGA4
DB04998,AGRO100,IKBKG
DB05001,PSN9301,DPP4
DB05003,Imexon,RRM2
DB05003,Imexon,RRM1
DB05004,Peptide YY (3-36),NPY2R
DB05004,Peptide YY (3-36),NPY1R
DB05004,Peptide YY (3-36),NPY5R
DB05004,Peptide YY (3-36),NPY4R
DB05009,Apadenoson,ADORA2A
DB05010,SGS-742,GABBR2
DB05010,SGS-742,GABBR1
DB05012,XEN-2174,SLC6A2
DB05013,Ingenol mebutate,PRKCD
DB05013,Ingenol mebutate,PRKCA
DB05014,XL999,FGFR3
DB05014,XL999,FGFR1
DB05014,XL999,KDR
DB05014,XL999,FLT3
DB05014,XL999,PDGFRB
DB05014,XL999,RET
DB05015,Belinostat,HDAC1
DB05016,Ataluren,DMD
DB05017,YSIL6,TNF
DB05017,YSIL6,IL6
DB05018,Migalastat,GLA
DB05020,Besifovir dipivoxil,P
DB05022,Amonafide,TOP2A
DB05022,Amonafide,TOP2B
DB05023,ATL1101,IGF1R
DB05024,Lunacalcipol,CYP24A1
DB05024,Lunacalcipol,VDR
DB05027,DG041,PTGER3
DB05032,Votucalis,HRH4
DB05033,INCB7839,ADAM9
DB05034,Ularitide,NPR1
DB05035,Eprotirome,THRA
DB05035,Eprotirome,THRB
DB05038,Anatibant,BDKRB2
DB05039,Indacaterol,ADRB2
DB05042,SGS518,HTR6
DB05043,Milveterol,ADRB2
DB05044,PSN357,PYGM
DB05044,PSN357,PYGL
DB05045,Obinepitide,NPY4R
DB05045,Obinepitide,NPY2R
DB05046,V1003,OPRK1
DB05046,V1003,OPRM1
DB05047,CX-717,BDNF
DB05047,CX-717,GRIA1
DB05047,CX-717,GRIA2
DB05047,CX-717,GRIA3
DB05047,CX-717,GRIA4
DB05049,DDP733,HTR3A
DB05050,ADL5859,OPRD1
DB05052,MF101,ESR2
DB05053,MB-07803,FBP2
DB05053,MB-07803,FBP1
DB05054,AN0128,TNF
DB05056,EGS21,INSR
DB05057,Erdosteine,CELA1
DB05060,R1626,NS5b
DB05064,INCB13739,HSD11B1
DB05069,ATG003,CHRNA10
DB05069,ATG003,CHRNA9
DB05070,Raseglurant,GRM5
DB05072,AV608,TACR1
DB05075,TG-100801,VEGFD
DB05075,TG-100801,VEGFC
DB05075,TG-100801,VEGFB
DB05075,TG-100801,VEGFA
DB05075,TG-100801,FLT1
DB05075,TG-100801,KDR
DB05075,TG-100801,FLT4
DB05075,TG-100801,CSK
DB05077,SLV319,CNR1
DB05078,AER001,IL4R
DB05078,AER001,IL13RA2
DB05079,HY10275,HRH1
DB05079,HY10275,HTR2A
DB05080,OBE101,HRH1
DB05080,OBE101,HRH3
DB05084,Abaloparatide,PTH1R
DB05085,TM30339,NPY4R
DB05087,Ganaxolone,GABRA1
DB05088,Tetrathiomolybdate,SOD1
DB05088,Tetrathiomolybdate,APP
DB05091,M0002,AVPR2
DB05092,CDP323,ITGA4
DB05095,Cimicoxib,PTGS2
DB05096,Pomaglumetad methionil,GRM2
DB05096,Pomaglumetad methionil,GRM3
DB05097,Labetuzumab,CEACAM5
DB05098,Leptin,LEPR
DB05099,Ancrod,FGA
DB05100,Prinomastat,MMP7
DB05100,Prinomastat,MMP1
DB05100,Prinomastat,MMP2
DB05101,Matuzumab,EGFR
DB05102,Rupintrivir,
DB05102,Rupintrivir,
DB05103,AN-9,BCL2
DB05103,AN-9,CASP8
DB05103,AN-9,HDAC1
DB05104,Asimadoline,OPRK1
DB05105,Pleconaril,
DB05107,16-Bromoepiandrosterone,AR
DB05107,16-Bromoepiandrosterone,G6PD
DB05110,VIR201,IFNG
DB05111,Fontolizumab,IFNG
DB05115,NN344,INSR
DB05116,Thymectacin,TMP1
DB05116,Thymectacin,TYMS
DB05119,Rilapladib,PLA2G1B
DB05119,Rilapladib,TK1
DB05119,Rilapladib,PLA2G7
DB05120,AT1391,INSR
DB05121,1D09C3,HLA-DRA
DB05122,R1295,ITGA4
DB05122,R1295,ITGB4
DB05122,R1295,ITGB7
DB05125,SC12267,DHODH
DB05127,ANA971,TLR7
DB05129,Elsamitrucin,TOP2B
DB05129,Elsamitrucin,TOP2A
DB05129,Elsamitrucin,TOP1
DB05130,INCB3284,CCR2
DB05131,TTP889,F9
DB05132,ND1251,SMPD4
DB05132,ND1251,OPRL1
DB05133,VP025,IL1B
DB05134,Tanespimycin,HSP90AA1
DB05134,Tanespimycin,HSP90AB1
DB05137,Lobeline,SLC18A2
DB05137,Lobeline,CHRNA7
DB05137,Lobeline,CHRNA9
DB05137,Lobeline,CHRNA10
DB05139,CR002,PDGFD
DB05141,Gataparsen,BIRC5
DB05142,ND7001,PDE2A
DB05146,XL820,KDR
DB05146,XL820,KIT
DB05146,XL820,PDGFRA
DB05146,XL820,PDGFRB
DB05147,Lexibulin,TUBA1A
DB05147,Lexibulin,TUBA1B
DB05147,Lexibulin,TUBA1C
DB05147,Lexibulin,TUBA4A
DB05147,Lexibulin,TUBA3E
DB05147,Lexibulin,TUBA4B
DB05147,Lexibulin,TUBB1
DB05147,Lexibulin,TUBB2A
DB05147,Lexibulin,TUBB2B
DB05147,Lexibulin,TUBB4B
DB05147,Lexibulin,TUBB3
DB05147,Lexibulin,TUBB4A
DB05147,Lexibulin,TUBB
DB05147,Lexibulin,TUBB6
DB05147,Lexibulin,TUBA3C
DB05149,XL844,CHEK2
DB05149,XL844,CHEK1
DB05150,Amilomotide,APP
DB05152,NGX267,CHRM1
DB05154,Pretomanid,pcaA
DB05154,Pretomanid,cmaA2
DB05154,Pretomanid,cmaA1
DB05154,Pretomanid,fas
DB05154,Pretomanid,efpA
DB05154,Pretomanid,lsr2
DB05154,Pretomanid,inhA
DB05155,CR665,OPRK1
DB05157,KC706,MAPK14
DB05157,KC706,MAPK11
DB05157,KC706,MAPK12
DB05157,KC706,MAPK13
DB05159,CCX915,CCR2
DB05159,CCX915,ABCC9
DB05161,Elafin,ELANE
DB05161,Elafin,PRTN3
DB05164,CMLVAX100,BCR/ABL fusion
DB05165,LY2275796,EIF4E
DB05166,APD668,GPR119
DB05168,Vintafolide,FOLR1
DB05168,Vintafolide,FOLR2
DB05168,Vintafolide,FOLR3
DB05169,AT9283,AURKA
DB05169,AT9283,AURKB
DB05171,E-2012,PSEN1
DB05171,E-2012,NCSTN
DB05171,E-2012,PSENEN
DB05171,E-2012,APH1B
DB05171,E-2012,APH1A
DB05177,DG051,LTA4H
DB05183,MLN0415,IKBKB
DB05184,XL228,IGF1R
DB05184,XL228,SRC
DB05184,XL228,ABL1
DB05184,XL228,ABL2
DB05187,Elafibranor,PPARA
DB05187,Elafibranor,PPARD
DB05187,Elafibranor,PPARG
DB05188,KD3010,PPARD
DB05190,XL281,BRAF
DB05190,XL281,RAF1
DB05191,Atl146e,ADORA2A
DB05192,MB07811,THRB
DB05194,KB002,CSF2RA
DB05194,KB002,CSF2
DB05194,KB002,CSF2RA
DB05196,Ordopidine,DRD2
DB05198,CYC116,AURKB
DB05198,CYC116,AURKA
DB05198,CYC116,KDR
DB05199,LX1031,TPH1
DB05200,AT2220,GAA
DB05201,V24343,CNR1
DB05202,Egaptivon pegol,VWF
DB05202,Egaptivon pegol,GP1BA
DB05203,SPP1148,REN
DB05203,SPP1148,ACE2
DB05204,XL418,BTK
DB05204,XL418,AKT3
DB05205,CX157,MAOA
DB05207,SD118,TNF
DB05207,SD118,IL1R1
DB05209,Rozrolimupab,RHD
DB05210,SF1126,PIK3CG
DB05210,SF1126,PIK3R1
DB05210,SF1126,PIK3R2
DB05210,SF1126,PIK3R3
DB05210,SF1126,PRKDC
DB05210,SF1126,MTOR
DB05212,Bezisterim,NFKB1
DB05212,Bezisterim,NFKB2
DB05214,KD7040,NOS2
DB05217,Teglarinad chloride,NAMPT
DB05218,PN0621,TNF
DB05219,Crisaborole,PDE4A
DB05219,Crisaborole,PDE4B
DB05219,Crisaborole,PDE4C
DB05219,Crisaborole,PDE4D
DB05220,Alisertib,AURKA
DB05222,KB001,pcrV
DB05223,Pracinostat,HDAC1
DB05223,Pracinostat,HDAC2
DB05223,Pracinostat,HDAC3
DB05223,Pracinostat,HDAC6
DB05224,REP8839,metG
DB05225,AM103,ALOX5AP
DB05226,BTA9881,F
DB05227,Temanogrel,HTR2A
DB05228,RDEA806,gag-pol
DB05229,Beraprost,PTGIR
DB05232,Tetrodotoxin,SCN5A
DB05232,Tetrodotoxin,SCN1A
DB05232,Tetrodotoxin,SCN2A
DB05232,Tetrodotoxin,SCN3A
DB05232,Tetrodotoxin,SCN8A
DB05233,AP1081,ESR1
DB05234,LGD2941,AR
DB05235,NRP409,CRYM
DB05235,NRP409,THRA
DB05239,Cobimetinib,MAP2K1
DB05241,XL765,PIK3CA
DB05241,XL765,PIK3CG
DB05241,XL765,PIK3CD
DB05241,XL765,PIK3CB
DB05241,XL765,MTOR
DB05243,XL019,JAK2
DB05245,Silver sulfadiazine,folP
DB05246,Methsuximide,CACNA1G
DB05249,FavId,CSF3R
DB05252,Fenoxaprop-ethyl,NOS3
DB05252,Fenoxaprop-ethyl,NOS2
DB05253,Telapristone acetate,PGR
DB05254,Fibrinolysin,SERPINE1
DB05254,Fibrinolysin,PLAU
DB05255,Ronacaleret,CASR
DB05258,Interferon alfa,IFNAR1
DB05260,Gallium nitrate,IL1B
DB05260,Gallium nitrate,RRM2
DB05260,Gallium nitrate,ATP6V1B2
DB05262,Oxypurinol,XDH
DB05264,NPI 32101,CSF2RB
DB05265,Ecabet,ureC
DB05265,Ecabet,NOXO1
DB05266,Ibudilast,PDE4A
DB05266,Ibudilast,PDE4B
DB05266,Ibudilast,PDE4C
DB05266,Ibudilast,PDE4D
DB05266,Ibudilast,PDE3A
DB05268,iCo-007,RAF1
DB05271,Rotigotine,DRD3
DB05271,Rotigotine,DRD4
DB05271,Rotigotine,DRD2
DB05271,Rotigotine,DRD5
DB05271,Rotigotine,DRD1
DB05271,Rotigotine,HTR1A
DB05271,Rotigotine,ADRA2B
DB05276,Hepatitis B immune globulin,S gene
DB05282,MCC,AIFM1
DB05284,CA4P,TUBB
DB05289,Tarenflurbil,PSEN2
DB05289,Tarenflurbil,PSEN1
DB05289,Tarenflurbil,NCSTN
DB05289,Tarenflurbil,PSENEN
DB05289,Tarenflurbil,APH1B
DB05289,Tarenflurbil,APH1A
DB05289,Tarenflurbil,IKBKG
DB05290,SPP 301,EDNRA
DB05294,Vandetanib,RET
DB05294,Vandetanib,EGFR
DB05294,Vandetanib,KDR
DB05294,Vandetanib,VEGFA
DB05294,Vandetanib,PTK6
DB05294,Vandetanib,TEK
DB05295,Eldecalcitol,VDR
DB05296,Motexafin lutetium,KLK3
DB05297,Paclitaxel docosahexaenoic acid,BCL2
DB05298,Tetomilast,PDE4D
DB05299,Keyhole limpet hemocyanin,IL2
DB05301,LAX-101,PLD1
DB05301,LAX-101,CASP1
DB05303,OMS-103HP,TNF
DB05303,OMS-103HP,IL1R1
DB05304,Girentuximab,CA9
DB05304,Girentuximab,IL2
DB05305,Cintredekin besudotox,IL13
DB05308,Folitixorin calcium,TYMS
DB05309,Rusalatide,FGF4
DB05311,Ecallantide,KLKB1
DB05316,Pimavanserin,HTR2A
DB05316,Pimavanserin,HTR2C
DB05316,Pimavanserin,SIGMAR1
DB05317,TAK-475,FDFT1
DB05317,TAK-475,HMGCR
DB05319,Oportuzumab monatox,EPCAM
DB05321,PEG-uricase,uao
DB05327,Ranirestat,AKR1B1
DB05328,VGV-1,gag-pol
DB05332,Romiplostim,MPL
DB05332,Romiplostim,FGFR1
DB05332,Romiplostim,PDGFRA
DB05332,Romiplostim,KIT
DB05332,Romiplostim,KDR
DB05332,Romiplostim,FLT1
DB05332,Romiplostim,RET
DB05332,Romiplostim,AHR
DB05332,Romiplostim,PDGFRB
DB05336,Obiltoxaximab,pagA
DB05337,SOT-107,GLIPR1
DB05339,Osemozotan,HTR1A
DB05340,Prednisolone sodium metazoate,ESRRG
DB05340,Prednisolone sodium metazoate,ESRRA
DB05340,Prednisolone sodium metazoate,ESRRB
DB05343,Arundic acid,S100B
DB05343,Arundic acid,ADRB3
DB05345,SO-101,HRH1
DB05351,Dexlansoprazole,ATP4A
DB05351,Dexlansoprazole,ATP4B
DB05351,Dexlansoprazole,DDAH1
DB05361,SR-123781A,F2
DB05361,SR-123781A,F10
DB05361,SR-123781A,SERPINC1
DB05361,SR-123781A,F2R
DB05362,SSR-126517E,F10
DB05364,ROX-888,CCL3
DB05367,Actelion-1,EDNRA
DB05369,HZT-501,HRH2
DB05374,Rindopepimut,EGFR
DB05381,Histamine,HRH1
DB05381,Histamine,HRH2
DB05381,Histamine,HRH3
DB05381,Histamine,HRH4
DB05381,Histamine,SLC18A2
DB05382,Iodine,SLC5A5
DB05383,Pimagedine,NOS2
DB05383,Pimagedine,AOC1
DB05383,Pimagedine,CCR2
DB05383,Pimagedine,AKR1B1
DB05383,Pimagedine,TIMP3
DB05386,Regramostim,CSF2RA
DB05386,Regramostim,CSF2RA
DB05387,Neovastat,MMP2
DB05387,Neovastat,MMP9
DB05387,Neovastat,MMP12
DB05389,Tetrachlorodecaoxide,MAEA
DB05389,Tetrachlorodecaoxide,CD163
DB05390,INS 316,P2RY4
DB05390,INS 316,P2RY11
DB05390,INS 316,P2RY6
DB05390,INS 316,P2RY2
DB05391,Liposomal prostaglandin E1,GP1BA
DB05395,Amibegron,ADRB3
DB05398,C31G,gag-pol
DB05398,C31G,CD9
DB05399,Succinobucol,VCAM1
DB05403,CEP-1347,MAP3K9
DB05403,CEP-1347,MAPK12
DB05404,AZD 3355,GABBR1
DB05404,AZD 3355,GABBR2
DB05404,AZD 3355,TP53
DB05407,TBC-3711,EDNRA
DB05407,TBC-3711,EDN1
DB05408,Emricasan,CASP1
DB05408,Emricasan,CASP3
DB05408,Emricasan,CASP7
DB05409,NCX 701,PTGS2
DB05409,NCX 701,PTGS1
DB05412,Talmapimod,MAPK14
DB05412,Talmapimod,TNF
DB05412,Talmapimod,IL1B
DB05412,Talmapimod,MT-CO2
DB05413,Tifuvirtide,SERPINA5
DB05414,Pipendoxifene,ESR2
DB05414,Pipendoxifene,ESR1
DB05414,Pipendoxifene,
DB05415,OSI-461,PDE5A
DB05416,Cardarine,PPARD
DB05416,Cardarine,PPARA
DB05417,GW 468816,GLRA2
DB05417,GW 468816,GLRA3
DB05417,GW 468816,GLRB
DB05417,GW 468816,GLRA1
DB05419,ADX-10061,CALY
DB05420,Gallium maltolate,RRM2
DB05420,Gallium maltolate,RRM1
DB05421,CP-122721,TACR1
DB05422,OPC-14523,HTR1A
DB05422,OPC-14523,SIGMAR1
DB05422,OPC-14523,SLC6A4
DB05423,ORG-34517,NR3C1
DB05424,Canertinib,AKT1
DB05424,Canertinib,EGFR
DB05424,Canertinib,ERBB4
DB05424,Canertinib,ERBB2
DB05428,Motexafin gadolinium,PRDX5
DB05428,Motexafin gadolinium,TXNRD1
DB05428,Motexafin gadolinium,TXNRD2
DB05428,Motexafin gadolinium,RRM2
DB05429,Bertilimumab,CCL11
DB05431,MLN-977,ALOX5
DB05432,DAS-431 IV,CALY
DB05434,ABT-510,THBS1
DB05434,ABT-510,FGF2
DB05434,ABT-510,HGF
DB05434,ABT-510,VEGFA
DB05434,ABT-510,CXCL8
DB05442,Etiprednol dicloacetate,NR3C1
DB05442,Etiprednol dicloacetate,IL1B
DB05443,ADL 10-0101,OPRK1
DB05444,Iroxanadine,HSPA1B
DB05444,Iroxanadine,HSPA1A
DB05446,LJP 1082,APOH
DB05447,AVI-4557,HNF4A
DB05448,PX-12,TXNRD1
DB05448,PX-12,TXN
DB05449,FM-VP4,ABCB1
DB05451,P54,NFKB2
DB05451,P54,NFKB1
DB05452,PH-284,AVPR1A
DB05452,PH-284,AVPR1B
DB05454,Paliroden,GRIA2
DB05455,SR 121463,AVPR1B
DB05457,OSI-7904L,TYMS
DB05458,Pozanicline,CHRNB2
DB05458,Pozanicline,CHRNA4
DB05459,Briakinumab,IL12B
DB05459,Briakinumab,IL23A
DB05460,Ezatiostat,GSTP1
DB05461,OPC-28326,ADRA1D
DB05461,OPC-28326,HTR2B
DB05461,OPC-28326,ADRA2C
DB05461,OPC-28326,ADRA2B
DB05463,ISS-1018,TLR9
DB05464,NOX-700,NFKB2
DB05464,NOX-700,NFKB1
DB05465,Tandutinib,FLT3
DB05465,Tandutinib,PDGFD
DB05466,R673,TACR1
DB05467,Palovarotene,RARG
DB05468,R411,ITGA4
DB05469,R450,ADRA1A
DB05469,R450,ADRA1B
DB05469,R450,ADRA1D
DB05470,VX-702,MAPK14
DB05470,VX-702,TNF
DB05470,VX-702,IL1B
DB05470,VX-702,IL6
DB05471,Brentuximab,NFKB1
DB05471,Brentuximab,NFKB2
DB05472,Human interferon omega-1,IFNAR1
DB05472,Human interferon omega-1,IFNAR2
DB05475,Golotimod,STAT3
DB05475,Golotimod,TLR2
DB05475,Golotimod,TLR4
DB05475,Golotimod,TLR7
DB05475,Golotimod,TLR9
DB05476,WX-UK1,PLAUR
DB05476,WX-UK1,PLAU
DB05478,Pradefovir mesylate,CYP3A4
DB05479,CZEN 002,RELB
DB05479,CZEN 002,REL
DB05479,CZEN 002,MC1R
DB05479,CZEN 002,NFKB2
DB05479,CZEN 002,RELA
DB05479,CZEN 002,NFKB1
DB05481,Recombinant alpha 1-antitrypsin,ELANE
DB05481,Recombinant alpha 1-antitrypsin,CTSG
DB05481,Recombinant alpha 1-antitrypsin,KLK2
DB05481,Recombinant alpha 1-antitrypsin,PRSS1
DB05481,Recombinant alpha 1-antitrypsin,F2
DB05481,Recombinant alpha 1-antitrypsin,SERPINA1
DB05482,SN-38,TOP1
DB05483,Picolinic acid,UBR4
DB05483,Picolinic acid,ZFY
DB05484,Adakitug,CXCL8
DB05485,ADH-1,CDH2
DB05487,Custirsen,CLU
DB05487,Custirsen,ESR1
DB05487,Custirsen,NFKB2
DB05487,Custirsen,NFKB1
DB05488,Technetium Tc-99m ciprofloxacin,gyrB
DB05488,Technetium Tc-99m ciprofloxacin,TOP2B
DB05489,ACA 125,ABL
DB05490,Ibrigampar,PPARG
DB05492,Epicept NP-1,OPRM1
DB05492,Epicept NP-1,HTR2A
DB05492,Epicept NP-1,HTR2B
DB05492,Epicept NP-1,HTR2C
DB05492,Epicept NP-1,ADRA1A
DB05492,Epicept NP-1,ADRA1B
DB05492,Epicept NP-1,ADRA1D
DB05492,Epicept NP-1,ADRA2A
DB05492,Epicept NP-1,ADRA2B
DB05492,Epicept NP-1,ADRA2C
DB05492,Epicept NP-1,HRH1
DB05492,Epicept NP-1,OPRL1
DB05494,Elacytarabine,DCK
DB05495,PG-530742,MMP3
DB05495,PG-530742,MMP9
DB05501,Mavorixafor,CXCR4
DB05505,NM-702,TBXAS1
DB05506,ISIS 113715,PTPN1
DB05507,Belnacasan,CASP1
DB05507,Belnacasan,IL1B
DB05509,LI-301,OPRM1
DB05509,LI-301,HTR1A
DB05511,Piclidenoson,ADORA3
DB05513,Atiprimod,STAT3
DB05513,Atiprimod,IL6
DB05513,Atiprimod,TNF
DB05514,Cobiprostone,CLCN2
DB05518,Managlinat dialanetil,FBP1
DB05518,Managlinat dialanetil,FBP2
DB05520,Mimopezil,ACHE
DB05521,Telaprevir,NS3/4A
DB05521,Telaprevir,
DB05521,Telaprevir,SLCO1B1
DB05521,Telaprevir,SLCO2B1
DB05524,Pelitinib,EGFR
DB05528,Mipomersen,APOB
DB05530,CPG 10101,TLR9
DB05532,BMS-488043,FFAR4
DB05533,QR-333,AKR1B1
DB05540,Alanosine,pyrB
DB05540,Alanosine,ADSS2
DB05540,Alanosine,ADSS1
DB05541,Brivaracetam,SV2A
DB05541,Brivaracetam,SCN1A
DB05542,Naronapride,HTR4
DB05545,AMG 108,IL1R2
DB05546,SB-743921,KIF11
DB05550,Iratumumab,TNFRSF8
DB05552,TG100-115,PIK3CD
DB05552,TG100-115,PIK3CG
DB05553,Regrelor,P2RY12
DB05559,NF-kappaB Decoy,NFKB2
DB05560,Delcasertib,PRKCD
DB05562,Naluzotan,HTR1A
DB05565,PBT-1033,MAPT
DB05575,Motesanib,KIT
DB05575,Motesanib,KDR
DB05578,Ramucirumab,KDR
DB05586,Facinicline,CHRNA7
DB05590,Bedoradrine,ADRB2
DB05592,Blarcamesine,CHRM1
DB05592,Blarcamesine,SIGMAR1
DB05595,Farletuzumab,FOLR1
DB05606,Beclanorsen,BCL2
DB05607,PRX-08066,HTR2B
DB05608,MKC-1,CDK1
DB05608,MKC-1,CDK2
DB05608,MKC-1,CDK4
DB05611,Apilimod,PIKFYVE
DB05611,Apilimod,IL12A
DB05624,Teverelix,GNRHR
DB05625,CTCE-9908,CXCR4
DB05630,Sodium stibogluconate,TOP1
DB05631,ALT-2074,NOS2
DB05642,DDP-225,HTR3A
DB05642,DDP-225,SLC6A2
DB05644,KP-1461,gag-pol
DB05645,Larazotide,HP
DB05646,VT-111,PLAT
DB05650,OT-551,NFE2L2
DB05653,IRX-5183,RARA
DB05659,Faropenem medoxomil,ponA
DB05659,Faropenem medoxomil,penA
DB05659,Faropenem medoxomil,ftsI
DB05660,D-JNKI-1,MAPK10
DB05660,D-JNKI-1,MAPK9
DB05660,D-JNKI-1,MAPK8
DB05662,NP-50301,ESR1
DB05667,Levoketoconazole,CYP17A1
DB05667,Levoketoconazole,CYP11B1
DB05667,Levoketoconazole,CYP11B2
DB05667,Levoketoconazole,CYP11A1
DB05667,Levoketoconazole,CYP51A1
DB05668,Palifosfamide,DNMT1
DB05673,NV-52,TBXAS1
DB05675,EP-2104R,FGA
DB05676,Apremilast,PDE4
DB05676,Apremilast,CDK4
DB05676,Apremilast,CDK6
DB05678,SLx-4090,MTTP
DB05679,Ustekinumab,IL12B
DB05679,Ustekinumab,IL12B
DB05679,Ustekinumab,PDF
DB05679,Ustekinumab,IL12A
DB05679,Ustekinumab,IL23A
DB05685,FX06,CDH5
DB05687,BL-1020,DRD2
DB05687,BL-1020,HTR2A
DB05688,CRx-119,SLC6A4
DB05688,CRx-119,SLC6A2
DB05695,NPS-2143,CASR
DB05697,Trabedersen,TGFB2
DB05706,13-deoxydoxorubicin,TOP2A
DB05708,GTS-21,CHRNA7
DB05710,Gantacurium,CHRNA3
DB05712,AZD-9684,CHRNA7
DB05712,AZD-9684,CHRNB2
DB05712,AZD-9684,CHRNA2
DB05712,AZD-9684,CHRNA3
DB05712,AZD-9684,CPB2
DB05713,LY-517717,F10
DB05714,Flovagatran,F2
DB05721,EVT 201,GABRA1
DB05721,EVT 201,GABRG3
DB05724,alpha-Conotoxin VC 1.1,CHRNA10
DB05736,MIV-701,CTSK
DB05737,Varespladib methyl,PLA2G2A
DB05737,Varespladib methyl,PLA2G10
DB05738,Vapitadine,HRH1
DB05739,CYT006-AngQb,AGTR1
DB05739,CYT006-AngQb,AGTR2
DB05740,RPI-78M,CHRNA2
DB05740,RPI-78M,CHRNB2
DB05740,RPI-78M,CHRNA7
DB05740,RPI-78M,CHRNA4
DB05740,RPI-78M,CHRNA10
DB05740,RPI-78M,CHRNA9
DB05744,CRx-139,TNF
DB05744,CRx-139,IL6
DB05744,CRx-139,CRP
DB05744,CRx-139,IL10
DB05749,MPI-674,CYP19A1
DB05750,Drinabant,CNR1
DB05752,ALKS 27,CHRM1
DB05752,ALKS 27,CHRM2
DB05752,ALKS 27,CHRM3
DB05752,ALKS 27,CHRM4
DB05752,ALKS 27,CHRM5
DB05758,CYT007-TNFQb,TNF
DB05766,Norclozapine,CHRM1
DB05766,Norclozapine,DRD2
DB05766,Norclozapine,DRD3
DB05767,Andrographolide,TNF
DB05767,Andrographolide,IL1B
DB05767,Andrographolide,IL6
DB05767,Andrographolide,NFKB2
DB05767,Andrographolide,NFKB1
DB05771,LLL-3348,IL10
DB05773,Trastuzumab emtansine,ERBB2
DB05777,Thrombomodulin Alfa,F2
DB05777,Thrombomodulin Alfa,F5
DB05785,LGD-1550,RARA
DB05785,LGD-1550,RARB
DB05785,LGD-1550,RARG
DB05785,LGD-1550,JUN
DB05786,Irofulven,CHEK2
DB05786,Irofulven,FUBP1
DB05787,LM-609,ITGB3
DB05790,SR 140333,TACR1
DB05792,Arylacenamide,EBP
DB05792,Arylacenamide,SIGMAR1
DB05793,PRO-542,FFAR4
DB05794,Serelaxin,RXFP1
DB05796,Daglutril,MME
DB05797,Talizumab,FCER1A
DB05798,GEM-231,PRKAR2A
DB05798,GEM-231,PRKAR1A
DB05801,GTI 2040,RRM2
DB05805,NS-2359,SLC6A4
DB05805,NS-2359,SLC6A2
DB05805,NS-2359,SLC6A3
DB05806,Cositecan,TOP1
DB05808,Muparfostat,FLT4
DB05812,Abiraterone,CYP17A1
DB05814,GPI-1485,FKBP1A
DB05820,DP-b99,MMP9
DB05824,CNS-5161,GRIN1
DB05825,NCX 1015,NR3C1
DB05829,Parathyroid hormone,PTH2R
DB05829,Parathyroid hormone,PTH1R
DB05831,ING-1,EPCAM
DB05838,OPC-51803,AVPR2
DB05846,Mito-4509,APP
DB05848,humanized SMART Anti-IL-12 Antibody,IL12B
DB05849,NCX 950,ADRB2
DB05851,Biomed 101,LTB4R
DB05851,Biomed 101,LTB4R2
DB05854,CLX-0921,PPARG
DB05855,Rivanicline,CHRNB2
DB05855,Rivanicline,CXCL8
DB05861,Tasquinimod,S100A9
DB05864,PPI-2458,METAP2
DB05867,99mTc-14 F7 Mab,ST3GAL5
DB05868,Ciluprevir,
DB05869,Ethyl pyruvate,TNF
DB05869,Ethyl pyruvate,HMGB1
DB05871,UC-781,gag-pol
DB05874,AEOL-10150,SOD1
DB05875,"Sar9, Met (O2)11-Substance P",TACR1
DB05879,AME-527,TNF
DB05881,Etazolate,GABRG3
DB05882,CHF 4227,ESR1
DB05882,CHF 4227,ESR2
DB05883,ABX-PTH,PTH
DB05884,HCV-086,
DB05885,Seletracetam,SV2A
DB05885,Seletracetam,CACNA1B
DB05885,Seletracetam,GLRA1
DB05887,TAFA-93,MTOR
DB05888,MEM 1414,PDE4
DB05889,Inotuzumab ozogamicin,CD22
DB05890,Veglin,VEGFA
DB05892,RI 624,NGF
DB05895,HGS-TR2J,TNFRSF10B
DB05896,Sirna-027,FLT1
DB05897,rhIGFBP-3,IGF1R
DB05899,Davamotecan pegadexamer,TOP1
DB05905,TD-2749,HTR4
DB05906,CCR5 mAb,CCR5
DB05913,OSI-930,KIT
DB05913,OSI-930,KDR
DB05913,OSI-930,FLT1
DB05915,Stamulumab,MSTN
DB05916,CT-011,PDCD1
DB05920,RTA 744,TOP2A
DB05928,Dovitinib,FGFR3
DB05928,Dovitinib,NR1I2
DB05930,Totrombopag,MPL
DB05931,Pegdinetanib,KDR
DB05932,Denibulin,VEGFA
DB05932,Denibulin,FLT1
DB05932,Denibulin,FLT4
DB05933,MK-4721,PSCA
DB05934,CTCE-0214,CXCL12
DB05936,CVT-6883,ADORA2B
DB05938,Edonerpic,APP
DB05939,MK-0354,HCAR2
DB05939,MK-0354,GPER1
DB05941,Leronlimab,CCR5
DB05943,Resatorvid,TLR4
DB05943,Resatorvid,CSF2RB
DB05943,Resatorvid,IL2RG
DB05944,Varlitinib,ERBB2
DB05944,Varlitinib,EGFR
DB05945,MDX-1303,ANTXR2
DB05945,MDX-1303,ANTXR1
DB05946,KOS-2187,MLNR
DB05946,KOS-2187,MLN
DB05950,Contulakin-G,NTSR1
DB05950,Contulakin-G,CACNA1B
DB05951,CRA-028129,CTSS
DB05956,EVT-101,GRIN2B
DB05956,EVT-101,RXRA
DB05959,ENMD-1198,HIF1A
DB05959,ENMD-1198,TNFRSF11A
DB05959,ENMD-1198,STAT3
DB05961,PPL-100,gag-pol
DB05961,PPL-100,SERPING1
DB05961,PPL-100,SERPINA5
DB05961,PPL-100,SERPINA1
DB05964,Amitifadine,SLC6A2
DB05964,Amitifadine,SLC6A3
DB05964,Amitifadine,SLC6A4
DB05964,Amitifadine,DRD2
DB05966,TAS-108,ESR1
DB05966,TAS-108,ESR2
DB05967,ANZ-100,KISS1R
DB05968,PR-104,TNF
DB05969,SNS-032,CDK7
DB05969,SNS-032,CDK2
DB05969,SNS-032,CDK9
DB05969,SNS-032,VEGFA
DB05970,LY-2599506,GCK
DB05971,Archexin,AKT1
DB05981,MN-246,ADRB3
DB05983,Bardoxolone methyl,NFKBIA
DB05984,RAF-265,KDR
DB05984,RAF-265,BRAF
DB05990,Obeticholic acid,NR1H4
DB05992,Plinabulin,EIF2B2
DB05992,Plinabulin,EIF2B1
DB05992,Plinabulin,TNF
DB05993,PRX-07034,HTR6
DB05996,Glembatumumab vedotin,GPNMB
DB05998,T-5224,JUN
DB06004,TG-C,TGFB1
DB06005,Adomiparin,SERPINC1
DB06008,ATHX-105,HTR2C
DB06011,AMG-222,DPP4
DB06013,Aldoxorubicin,TOP2A
DB06013,Aldoxorubicin,TOP2B
DB06016,Cariprazine,DRD3
DB06016,Cariprazine,DRD2
DB06016,Cariprazine,HTR1A
DB06016,Cariprazine,HTR2B
DB06016,Cariprazine,HTR2A
DB06016,Cariprazine,HRH1
DB06016,Cariprazine,HTR2C
DB06016,Cariprazine,ADRA1A
DB06017,C326,IL6
DB06021,AV-412,EGFR
DB06021,AV-412,ERBB2
DB06027,NGD-4715,MCHR1
DB06029,BF-1,HTR2B
DB06031,AZD-2836,
DB06037,PR-15,COL1A1
DB06037,PR-15,COL1A2
DB06037,PR-15,COL3A1
DB06039,PA-1050040,gag
DB06040,Filanesib,KIF11
DB06042,ZEN-012,TUBB
DB06042,ZEN-012,TUBB1
DB06042,ZEN-012,TUBB3
DB06042,ZEN-012,TUBB4A
DB06042,ZEN-012,TOP2A
DB06042,ZEN-012,TOP2B
DB06043,Olaratumab,PDGFRA
DB06044,TC-2216,CHRNA4
DB06044,TC-2216,CHRNB2
DB06048,RTP-801i,DDIT4
DB06050,TB-402,F8
DB06056,POT-4,C3
DB06057,EVT 302,MAOB
DB06058,XTL-6865,
DB06061,AZD-8330,MAP3K1
DB06064,KAI-1455,PRKCE
DB06069,XMT-1001,TOP1
DB06070,SNX-5422,HSP90AB1
DB06070,SNX-5422,HSP90AA1
DB06072,Citatuzumab Bogatox,EPCAM
DB06073,CTS-21166,BACE1
DB06075,Linsitinib,INSR
DB06075,Linsitinib,IGF1R
DB06077,Lumateperone,SLC6A4
DB06077,Lumateperone,HTR2A
DB06077,Lumateperone,DRD2
DB06077,Lumateperone,DRD1
DB06080,Linifanib,FLT4
DB06080,Linifanib,FLT3
DB06080,Linifanib,FLT1
DB06080,Linifanib,KDR
DB06080,Linifanib,KIT
DB06080,Linifanib,CSF1R
DB06081,Caplacizumab,VWF
DB06082,PX-478,HIF1A
DB06083,Tapinarof,AHR
DB06086,Affitope AD01,APP
DB06089,ICA-105665,KCNQ1
DB06089,ICA-105665,KCNQ3
DB06089,ICA-105665,KCNQ4
DB06089,ICA-105665,KCNQ5
DB06089,ICA-105665,KCNQ2
DB06090,Bradanicline,CHRNA7
DB06094,Apatorsen,HSPB1
DB06094,Apatorsen,HSPB3
DB06096,NXN-188,NOS1
DB06096,NXN-188,HTR1B
DB06096,NXN-188,HTR1D
DB06097,GSK-923295,CENPE
DB06098,PRLX 93936,VDAC2
DB06098,PRLX 93936,VDAC3
DB06099,ISIS 325568,GCGR
DB06101,IMC-1C11,FLT1
DB06101,IMC-1C11,KDR
DB06101,IMC-1C11,FLT4
DB06103,VX-148,IMPDH1
DB06103,VX-148,IMPDH2
DB06109,YKP-1358,HTR2A
DB06109,YKP-1358,DRD2
DB06110,MDX-214,EGFR
DB06116,Eldelumab,CXCL10
DB06119,Cenobamate,SCN1A
DB06119,Cenobamate,GABRA1
DB06121,DPI-221,OPRD1
DB06124,L-aminocarnityl-succinyl-leucyl-argininal-diethylacetal,CAPN3
DB06127,Bisegliptin,DPP4
DB06133,Dimethylcurcumin,AR
DB06134,SNS-314,AURKC
DB06134,SNS-314,AURKB
DB06134,SNS-314,AURKA
DB06137,Tirbanibulin,TUBB
DB06137,Tirbanibulin,SRC
DB06138,Sovateltide,EDNRB
DB06140,SUVN-502,HTR6
DB06144,Sertindole,DRD2
DB06144,Sertindole,HTR2A
DB06144,Sertindole,HTR2C
DB06144,Sertindole,HTR6
DB06144,Sertindole,KCNH2
DB06144,Sertindole,ADRA1A
DB06144,Sertindole,ADRA1B
DB06144,Sertindole,ADRA1D
DB06145,Spiramycin,rplC
DB06147,Sulfathiazole,
DB06148,Mianserin,ADRA2A
DB06148,Mianserin,HTR2A
DB06148,Mianserin,HTR2C
DB06148,Mianserin,HRH1
DB06148,Mianserin,SLC6A2
DB06148,Mianserin,SLC6A4
DB06148,Mianserin,HRH4
DB06148,Mianserin,HTR1A
DB06148,Mianserin,ADRA2C
DB06148,Mianserin,HTR2B
DB06148,Mianserin,HTR1F
DB06148,Mianserin,ADRA2B
DB06148,Mianserin,DRD3
DB06148,Mianserin,OPRK1
DB06148,Mianserin,SLC6A3
DB06148,Mianserin,HTR7
DB06148,Mianserin,DRD2
DB06148,Mianserin,HTR6
DB06148,Mianserin,ADRA1A
DB06148,Mianserin,DRD1
DB06151,Acetylcysteine,GSS
DB06151,Acetylcysteine,SLC7A11
DB06151,Acetylcysteine,ACY1
DB06151,Acetylcysteine,IKBKB
DB06151,Acetylcysteine,CHUK
DB06151,Acetylcysteine,GRIN2B
DB06151,Acetylcysteine,GRIN1
DB06151,Acetylcysteine,GRIN2A
DB06151,Acetylcysteine,GRIN2D
DB06151,Acetylcysteine,GRIN3A
DB06152,Nylidrin,IFNAR2
DB06152,Nylidrin,CACNA1I
DB06153,Pizotifen,CHRM1
DB06153,Pizotifen,CHRM2
DB06153,Pizotifen,CHRM3
DB06153,Pizotifen,HTR2A
DB06153,Pizotifen,HTR2B
DB06153,Pizotifen,HTR2C
DB06153,Pizotifen,HTR1A
DB06153,Pizotifen,HTR1B
DB06153,Pizotifen,HRH1
DB06153,Pizotifen,ADRA1A
DB06153,Pizotifen,ADRA1B
DB06153,Pizotifen,ADRA1D
DB06153,Pizotifen,ADRA2A
DB06153,Pizotifen,ADRA2B
DB06153,Pizotifen,ADRA2C
DB06154,Pentaerythritol tetranitrate,HBA1
DB06154,Pentaerythritol tetranitrate,HBB
DB06155,Rimonabant,CNR1
DB06155,Rimonabant,GPR55
DB06156,Tesofensine,INSR
DB06156,Tesofensine,SLC6A4
DB06156,Tesofensine,SLC6A2
DB06156,Tesofensine,SLC6A3
DB06157,Istaroxime,ATP1A1
DB06157,Istaroxime,ATP1B3
DB06157,Istaroxime,ATP1B2
DB06157,Istaroxime,ATP1B1
DB06157,Istaroxime,ATP1A3
DB06157,Istaroxime,ATP1A2
DB06157,Istaroxime,ATP2A2
DB06159,Rubitecan,TOP1
DB06160,Garenoxacin,TOP2B
DB06160,Garenoxacin,TOP2A
DB06162,Lumiliximab,FCER2
DB06163,Plevitrexed,TMP1
DB06166,Fosdevirine,gag-pol
DB06168,Canakinumab,IL1B
DB06174,Noscapine,SIGMAR1
DB06176,Romidepsin,HDAC1
DB06176,Romidepsin,HDAC2
DB06176,Romidepsin,HDAC4
DB06176,Romidepsin,HDAC6
DB06176,Romidepsin,HDAC1
DB06178,Talotrexin,FOLR1
DB06182,Talabostat,DPP9
DB06182,Talabostat,DPP8
DB06182,Talabostat,FAP
DB06184,AEG35156,XIAP
DB06185,Forodesine,PNP
DB06186,Ipilimumab,CTLA4
DB06188,Ispinesib,KIF11
DB06190,Solabegron,ADRB3
DB06191,Zosuquidar,ABCB1
DB06191,Zosuquidar,ABCB4
DB06193,Pixantrone,TOP2B
DB06193,Pixantrone,TOP2A
DB06194,Elocalcitol,VDR
DB06195,Seliciclib,CDK2
DB06195,Seliciclib,CDK7
DB06195,Seliciclib,CDK1
DB06195,Seliciclib,MAPK3
DB06195,Seliciclib,MAPK1
DB06195,Seliciclib,CDK9
DB06195,Seliciclib,CSNK1E
DB06196,Icatibant,BDKRB2
DB06196,Icatibant,ANPEP
DB06197,Bimosiamose,SELE
DB06198,Alovudine,gag-pol
DB06198,Alovudine,pol
DB06199,Atrasentan,EDNRA
DB06199,Atrasentan,EDNRB
DB06201,Rufinamide,SCN9A
DB06201,Rufinamide,GRM5
DB06202,Lasofoxifene,ESR1
DB06202,Lasofoxifene,ESR2
DB06202,Lasofoxifene,F
DB06202,Lasofoxifene,CNR2
DB06203,Alogliptin,DPP4
DB06204,Tapentadol,OPRM1
DB06204,Tapentadol,SLC6A2
DB06204,Tapentadol,OPRK1
DB06204,Tapentadol,OPRD1
DB06204,Tapentadol,SLC6A4
DB06205,Hyaluronidase (human recombinant),TGFB1
DB06207,Silodosin,ADRA1A
DB06207,Silodosin,ADRA1D
DB06207,Silodosin,ADRA1B
DB06207,Silodosin,KCNH2
DB06209,Prasugrel,P2RY12
DB06210,Eltrombopag,MPL
DB06211,Doripenem,mrcA
DB06211,Doripenem,mrcB
DB06211,Doripenem,mrdA
DB06211,Doripenem,pbpB
DB06211,Doripenem,pbp4
DB06211,Doripenem,folP
DB06212,Tolvaptan,AVPR2
DB06212,Tolvaptan,AVPR1A
DB06213,Regadenoson,ADORA2A
DB06216,Asenapine,HTR2A
DB06216,Asenapine,DRD2
DB06216,Asenapine,HTR1A
DB06216,Asenapine,HTR1B
DB06216,Asenapine,HTR2B
DB06216,Asenapine,HTR2C
DB06216,Asenapine,HTR5A
DB06216,Asenapine,HTR6
DB06216,Asenapine,HTR7
DB06216,Asenapine,DRD3
DB06216,Asenapine,DRD4
DB06216,Asenapine,DRD1
DB06216,Asenapine,ADRA1A
DB06216,Asenapine,ADRA2A
DB06216,Asenapine,ADRA2B
DB06216,Asenapine,ADRA2C
DB06216,Asenapine,HRH1
DB06216,Asenapine,HRH2
DB06216,Asenapine,ADRB1
DB06216,Asenapine,ADRB2
DB06217,Vernakalant,SCN5A
DB06217,Vernakalant,KCNA5
DB06217,Vernakalant,KCND3
DB06217,Vernakalant,KCNH2
DB06218,Lacosamide,SCN11A
DB06218,Lacosamide,DPYSL2
DB06218,Lacosamide,SCN9A
DB06218,Lacosamide,SCN3A
DB06218,Lacosamide,SCN10A
DB06219,Dalbavancin,PNLIP
DB06224,Alicaforsen,ICAM1
DB06226,Nelipepimut-S,ERBB2
DB06226,Nelipepimut-S,HLA-A
DB06228,Rivaroxaban,F10
DB06229,Ocaperidone,HTR2A
DB06229,Ocaperidone,DRD2
DB06229,Ocaperidone,HRH1
DB06229,Ocaperidone,ADRA1A
DB06229,Ocaperidone,ADRA1B
DB06229,Ocaperidone,ADRA2A
DB06229,Ocaperidone,ADRA1D
DB06229,Ocaperidone,ADRA2B
DB06229,Ocaperidone,ADRA2C
DB06229,Ocaperidone,HTR2B
DB06229,Ocaperidone,HTR2C
DB06230,Nalmefene,OPRK1
DB06230,Nalmefene,OPRD1
DB06230,Nalmefene,OPRM1
DB06231,Caldaret,SLC8A1
DB06233,Ridaforolimus,MTOR
DB06234,Maribavir,UL97
DB06235,Vadimezan,REL
DB06235,Vadimezan,RELB
DB06235,Vadimezan,RELA
DB06235,Vadimezan,NFKB2
DB06235,Vadimezan,NFKB1
DB06236,Elvucitabine,gag-pol
DB06236,Elvucitabine,pol
DB06237,Avanafil,PDE5A
DB06240,Tariquidar,ABCB1
DB06241,Clenoliximab,CD4
DB06243,Eflornithine,ODC1
DB06244,Trafermin,FGFR2
DB06245,Lanoteplase,PLAUR
DB06245,Lanoteplase,FGA
DB06245,Lanoteplase,KLK1
DB06245,Lanoteplase,LAMA5
DB06245,Lanoteplase,F10
DB06245,Lanoteplase,FN1
DB06245,Lanoteplase,SERPINB2
DB06245,Lanoteplase,CLEC3B
DB06245,Lanoteplase,KRT8
DB06245,Lanoteplase,ANXA2
DB06245,Lanoteplase,LAMB1
DB06245,Lanoteplase,LAMC1
DB06245,Lanoteplase,LAMA1
DB06245,Lanoteplase,CALR
DB06245,Lanoteplase,CANX
DB06245,Lanoteplase,LRP1
DB06245,Lanoteplase,LAMA3
DB06246,Exisulind,PDE5A
DB06246,Exisulind,GSTP1
DB06246,Exisulind,AKR1B1
DB06246,Exisulind,AKR1B10
DB06246,Exisulind,PDE4D
DB06246,Exisulind,PDE4C
DB06246,Exisulind,PDE2A
DB06247,CX516,GRIA1
DB06248,Amelubant,LTB4R
DB06248,Amelubant,LTB4R2
DB06249,Arzoxifene,ESR2
DB06249,Arzoxifene,ESR1
DB06251,Dersalazine,PTAFR
DB06252,R112,SYK
DB06255,Incadronic acid,FDPS
DB06255,Incadronic acid,CASP3
DB06255,Incadronic acid,CASP4
DB06255,Incadronic acid,CASP7
DB06258,Bimoclomol,HSPA1B
DB06258,Bimoclomol,HSPA1A
DB06258,Bimoclomol,HSF1
DB06262,Droxidopa,ADRA1A
DB06262,Droxidopa,ADRA1B
DB06262,Droxidopa,ADRA1D
DB06262,Droxidopa,ADRA2A
DB06262,Droxidopa,ADRA2B
DB06262,Droxidopa,ADRA2C
DB06262,Droxidopa,ADRB1
DB06262,Droxidopa,ADRB2
DB06262,Droxidopa,ADRB3
DB06262,Droxidopa,PAH
DB06263,Amrubicin,TOP2A
DB06264,Tolperisone,SCN11A
DB06266,Lonidamine,CFTR
DB06266,Lonidamine,HK1
DB06267,Udenafil,PDE5A
DB06268,Sitaxentan,EDNRA
DB06268,Sitaxentan,EDNRB
DB06271,Sulodexide,SERPIND1
DB06271,Sulodexide,SERPINC1
DB06273,Tocilizumab,IL6R
DB06273,Tocilizumab,IL6ST
DB06274,Alvimopan,OPRM1
DB06274,Alvimopan,OPRK1
DB06274,Alvimopan,OPRD1
DB06276,Tanomastat,MMP2
DB06280,Senicapoc,KCNN4
DB06281,Torcetrapib,CETP
DB06282,Levocetirizine,HRH1
DB06283,Ziconotide,CACNA1B
DB06283,Ziconotide,CACNA1A
DB06285,Teriparatide,PTH
DB06285,Teriparatide,PTH1R
DB06287,Temsirolimus,MTOR
DB06288,Amisulpride,HTR7
DB06288,Amisulpride,HTR2A
DB06288,Amisulpride,DRD2
DB06288,Amisulpride,DRD3
DB06288,Amisulpride,OPRM1
DB06288,Amisulpride,OPRD1
DB06288,Amisulpride,OPRK1
DB06290,Simeprevir,
DB06290,Simeprevir,NS3/4A
DB06290,Simeprevir,
DB06292,Dapagliflozin,SLC5A2
DB06293,Pegnivacogin,F9
DB06295,Pramiconazole,ERG11
DB06297,LX-2931,SGPL1
DB06302,Glesatinib,AXL
DB06306,Onalespib,HSP90AA1
DB06307,Apoptone,BCL2
DB06310,Motavizumab,F
DB06311,Darapladib,PLA2G1B
DB06311,Darapladib,PLA2G4A
DB06314,SGX-523,MET
DB06315,ISF402,INS
DB06316,R343,SYK
DB06317,Elotuzumab,SLAMF7
DB06318,AVE9633,CD33
DB06319,XP21279,DDC
DB06321,R-348,JAK3
DB06322,Carotuximab,ENG
DB06324,XmAb 2513,TNFRSF8
DB06325,Pegpleranib,PDGFB
DB06329,RG-7795,TLR7
DB06333,Trodusquemine,PTPN1
DB06333,Trodusquemine,SLC6A3
DB06333,Trodusquemine,SLC6A2
DB06334,Tucidinostat,HDAC1
DB06335,Saxagliptin,DPP4
DB06342,Coltuximab ravtansine,CD19
DB06343,Teprotumumab,IGF1R
DB06345,AR-9281,EPHX2
DB06346,Fiboflapon,ALOX5AP
DB06347,Cenisertib,AURKA
DB06347,Cenisertib,AURKB
DB06349,KB3305,NR3C1
DB06350,Elinogrel,P2RY12
DB06354,Tezampanel,GRIK1
DB06354,Tezampanel,GABBR1
DB06356,TRC093,COL4A4
DB06358,Iclaprim,DHFR
DB06358,Iclaprim,folA
DB06359,G4460,MYB
DB06360,Lucatumumab,CD40
DB06362,Becatecarin,TOP1
DB06362,Becatecarin,TOP2A
DB06362,Becatecarin,TOP2B
DB06364,XR5944,TOP2B
DB06364,XR5944,TOP2A
DB06366,Pertuzumab,ERBB2
DB06367,Relacatib,CTSK
DB06370,Indisulam,CA9
DB06371,Siplizumab,CD2
DB06372,Rilonacept,IL1B
DB06372,Rilonacept,IL1A
DB06372,Rilonacept,IL1RN
DB06373,ASI402,MUC1
DB06374,Elacestrant,ESR1
DB06376,CHGN111,CLK1
DB06388,AOD9604,GHR
DB06391,T611,TAPT1
DB06393,Xaliproden,HTR1A
DB06395,Abafungin,ERG11
DB06397,Nicaraven,PARP1
DB06401,Bazedoxifene,ESR1
DB06401,Bazedoxifene,ESR2
DB06402,Telavancin,CRHR1
DB06402,Telavancin,CHRNA3
DB06402,Telavancin,CHRNA2
DB06403,Ambrisentan,EDNRA
DB06403,Ambrisentan,EDNRB
DB06404,Human C1-esterase inhibitor,C1R
DB06404,Human C1-esterase inhibitor,C1S
DB06404,Human C1-esterase inhibitor,KLKB1
DB06404,Human C1-esterase inhibitor,F12
DB06404,Human C1-esterase inhibitor,F11
DB06404,Human C1-esterase inhibitor,PLAT
DB06404,Human C1-esterase inhibitor,F2
DB06406,Idraparinux,F10
DB06408,Taribavirin,IMPDH1
DB06408,Taribavirin,L
DB06408,Taribavirin,ENPP1
DB06408,Taribavirin,PB1
DB06408,Taribavirin,NT5C2
DB06409,Morphine glucuronide,OPRM1
DB06409,Morphine glucuronide,OPRD1
DB06409,Morphine glucuronide,OPRK1
DB06410,Doxercalciferol,VDR
DB06412,Oxymetholone,AR
DB06413,Armodafinil,SLC6A3
DB06413,Armodafinil,ADRA1D
DB06414,Etravirine,gag-pol
DB06414,Etravirine,gag-pol
DB06414,Etravirine,pol
DB06420,Annamycin,TOP2A
DB06421,Declopramide,CHRM1
DB06421,Declopramide,DRD2
DB06421,Declopramide,TOP2A
DB06421,Declopramide,TOP2B
DB06422,Ticalopride,HTR4
DB06422,Ticalopride,HTR3A
DB06423,Endostatin,MMP2
DB06423,Endostatin,PRLR
DB06423,Endostatin,MMP9
DB06423,Endostatin,MMP13
DB06423,Endostatin,PTK2
DB06423,Endostatin,SELE
DB06429,Talnetant,TACR3
DB06433,Tezacitabine,RRM2
DB06433,Tezacitabine,RRM1
DB06435,Tarazepide,CCKAR
DB06436,Semaxanib,AHR
DB06436,Semaxanib,PDGFRB
DB06436,Semaxanib,FLT1
DB06436,Semaxanib,RET
DB06436,Semaxanib,MPL
DB06436,Semaxanib,FGFR1
DB06436,Semaxanib,PDGFRA
DB06436,Semaxanib,KIT
DB06436,Semaxanib,KDR
DB06437,Tifacogin,TFPI
DB06439,Tyloxapol,LPL
DB06439,Tyloxapol,REL
DB06439,Tyloxapol,RELB
DB06439,Tyloxapol,RELA
DB06439,Tyloxapol,NFKB2
DB06439,Tyloxapol,NFKB1
DB06441,Cangrelor,P2RY12
DB06442,Avasimibe,CES1
DB06444,Dexanabinol,TNF
DB06446,Dotarizine,HTR2A
DB06446,Dotarizine,HTR1A
DB06446,Dotarizine,CACNA1A
DB06446,Dotarizine,HTR2C
DB06447,E5531,TLR4
DB06448,Lonafarnib,FNTA
DB06448,Lonafarnib,FNTB
DB06451,Aprinocarsen,PRKCA
DB06454,Sarizotan,HTR1A
DB06454,Sarizotan,DRD2
DB06454,Sarizotan,DRD3
DB06455,Meclinertant,NTSR1
DB06457,Tecastemizole,HRH1
DB06457,Tecastemizole,KCNH2
DB06460,Enrasentan,EDNRA
DB06460,Enrasentan,EDNRB
DB06461,Squalamine,PDGFA
DB06461,Squalamine,FGF2
DB06461,Squalamine,VEGFD
DB06461,Squalamine,VEGFC
DB06461,Squalamine,VEGFB
DB06461,Squalamine,VEGFA
DB06468,Cariporide,SLC9A3
DB06468,Cariporide,SLC9A1
DB06469,Lestaurtinib,FLT3
DB06470,Clomethiazole,GABRG3
DB06470,Clomethiazole,GABRA1
DB06471,Naxifylline,ADORA1
DB06472,Fradafiban,ITGB3
DB06472,Fradafiban,ITGA2B
DB06474,Sibrotuzumab,FAP
DB06475,Ruplizumab,CD40LG
DB06477,Sumanirole,DRD2
DB06477,Sumanirole,DRD3
DB06477,Sumanirole,DRD4
DB06479,Propentofylline,PDE4A
DB06480,Prucalopride,HTR4
DB06481,Manitimus,DHODH
DB06483,PW2101,ADRB1
DB06483,PW2101,ADRB2
DB06483,PW2101,ADRB3
DB06484,FK352B,ADORA1
DB06486,Enzastaurin,PIK3CG
DB06486,Enzastaurin,AKT1
DB06486,Enzastaurin,PRKCB
DB06486,Enzastaurin,AURKB
DB06486,Enzastaurin,AURKA
DB06486,Enzastaurin,CDK15
DB06486,Enzastaurin,CHEK1
DB06486,Enzastaurin,CHEK2
DB06486,Enzastaurin,PIK3R1
DB06490,ANA975,TLR7
DB06492,Mirococept,C3
DB06494,Sufugolix,GNRHR
DB06495,Onercept,TNF
DB06497,Aplaviroc,CCR5
DB06499,Furaprofen,
DB06503,MLN2222,CFB
DB06504,S-8510,TSPO
DB06505,MLN3897,CCR1
DB06506,Repinotan,HTR1A
DB06508,GW-559090,ITGA5
DB06510,Muraglitazar,PPARA
DB06510,Muraglitazar,PPARG
DB06511,AMGN-0007,TNFSF11
DB06512,Deramciclane,HTR2A
DB06512,Deramciclane,HTR2C
DB06515,Resiniferatoxin,TRPV1
DB06518,R-1487,MAPK14
DB06519,Edaglitazone,PPARG
DB06521,Ertiprotafib,PTPN1
DB06521,Ertiprotafib,IKBKB
DB06521,Ertiprotafib,PPARA
DB06521,Ertiprotafib,PPARG
DB06525,Ganstigmine,ACHE
DB06525,Ganstigmine,BCHE
DB06527,Tramiprosate,APP
DB06529,Ocinaplon,GABRG3
DB06530,Resiquimod,TLR7
DB06530,Resiquimod,TLR8
DB06533,Ragaglitazar,PPARA
DB06533,Ragaglitazar,PPARG
DB06534,Thrombopoietin,MPL
DB06536,Tesaglitazar,PPARG
DB06536,Tesaglitazar,PPARA
DB06538,Robalzotan,HTR1A
DB06543,Astaxanthin,NFKBIA
DB06544,MG98,DNMT1
DB06546,Atibuclimab,CD14
DB06548,Minodronic acid,FDPS
DB06548,Minodronic acid,GGPS1
DB06549,Labradimil,BDKRB2
DB06550,Bivatuzumab,CD44
DB06552,Anpocogin,F7
DB06552,Anpocogin,F3
DB06552,Anpocogin,F10
DB06554,Gaboxadol,GABRD
DB06555,Siramesine,ADRA1B
DB06555,Siramesine,ADRA1D
DB06555,Siramesine,ADRA1A
DB06558,Tezosentan,EDNRA
DB06558,Tezosentan,EDNRB
DB06560,Pascolizumab,IL4
DB06566,RDP58,TNF
DB06573,Rebimastat,MMP2
DB06573,Rebimastat,MMP1
DB06573,Rebimastat,MMP7
DB06578,Tonabersat,HTR1D
DB06579,Adipiplon,GABRA1
DB06579,Adipiplon,GABRA3
DB06580,Celgosivir,MGAM
DB06581,Bevirimat,gag-pol
DB06582,Dextofisopam,TSPO
DB06584,Mesmulogene ancovacivec,MUC1
DB06584,Mesmulogene ancovacivec,IL2
DB06586,Cetilistat,LIPF
DB06586,Cetilistat,LIPG
DB06586,Cetilistat,PNLIP
DB06587,Mitemcinal,MLNR
DB06589,Pazopanib,FLT1
DB06589,Pazopanib,KDR
DB06589,Pazopanib,FLT4
DB06589,Pazopanib,PDGFRA
DB06589,Pazopanib,PDGFRB
DB06589,Pazopanib,KIT
DB06589,Pazopanib,FGFR3
DB06589,Pazopanib,ITK
DB06589,Pazopanib,FGF1
DB06589,Pazopanib,SH2B3
DB06590,Ceftaroline fosamil,dacA
DB06594,Agomelatine,HTR2C
DB06594,Agomelatine,MTNR1A
DB06594,Agomelatine,MTNR1B
DB06595,Midostaurin,PRKCA
DB06595,Midostaurin,KDR
DB06595,Midostaurin,PDGFRA
DB06595,Midostaurin,PDGFRB
DB06595,Midostaurin,FLT3
DB06595,Midostaurin,PRKCG
DB06595,Midostaurin,KIT
DB06597,Estradiol sulfamate,STS
DB06599,Lexatumumab,TNFRSF10B
DB06600,Nemonoxacin,gyrB
DB06600,Nemonoxacin,gyrA
DB06602,Reslizumab,IL5
DB06603,Panobinostat,HDAC1
DB06603,Panobinostat,HDAC1
DB06604,Ilepatril,ACE
DB06604,Ilepatril,MME
DB06605,Apixaban,F10
DB06606,Teplizumab,CD3E
DB06607,Catumaxomab,FCGR2A
DB06607,Catumaxomab,FCGR3A
DB06607,Catumaxomab,FCGR3B
DB06607,Catumaxomab,CD3E
DB06607,Catumaxomab,FCGR1A
DB06607,Catumaxomab,EPCAM
DB06609,Odiparcil,F2
DB06612,Mepolizumab,IL5
DB06614,Peramivir,NA
DB06614,Peramivir,NA
DB06614,Peramivir,NA
DB06616,Bosutinib,LYN
DB06616,Bosutinib,MAP2K1
DB06616,Bosutinib,MAP2K2
DB06616,Bosutinib,MAP3K2
DB06616,Bosutinib,CAMK2G
DB06616,Bosutinib,FGR
DB06616,Bosutinib,HCK
DB06616,Bosutinib,TEC
DB06616,Bosutinib,SLK
DB06616,Bosutinib,SRC
DB06616,Bosutinib,ABL1
DB06618,Cutamesine,SIGMAR1
DB06619,Amdoxovir,gag-pol
DB06619,Amdoxovir,pol
DB06620,Aplindore,DRD2
DB06622,7-beta-Hydroxyepiandrosterone,HPGDS
DB06623,Flupirtine,ADRA2A
DB06624,Taranabant,CNR1
DB06625,Vipadenant,ADORA2A
DB06626,Axitinib,FLT1
DB06626,Axitinib,KDR
DB06626,Axitinib,FLT4
DB06626,Axitinib,ABL1
DB06629,Zibotentan,EDNRA
DB06630,Anacetrapib,CETP
DB06634,Casopitant,TACR1
DB06634,Casopitant,CYP3A4
DB06635,Otamixaban,F10
DB06636,Isavuconazonium,ERG11
DB06637,Dalfampridine,KCNA1
DB06637,Dalfampridine,KCNA2
DB06637,Dalfampridine,KCNA3
DB06637,Dalfampridine,KCNA4
DB06637,Dalfampridine,KCNA5
DB06637,Dalfampridine,KCNA6
DB06637,Dalfampridine,KCNA7
DB06637,Dalfampridine,KCNA10
DB06637,Dalfampridine,KCNB1
DB06637,Dalfampridine,KCNB2
DB06637,Dalfampridine,KCNC1
DB06637,Dalfampridine,KCNC2
DB06637,Dalfampridine,KCNC3
DB06637,Dalfampridine,KCND1
DB06637,Dalfampridine,KCND2
DB06637,Dalfampridine,KCND3
DB06638,Quarfloxin,NCL
DB06641,Perifosine,PIK3CG
DB06641,Perifosine,AKT1
DB06641,Perifosine,MAPK1
DB06641,Perifosine,PRKCA
DB06642,Bevasiranib,VEGFA
DB06643,Denosumab,TNFSF11
DB06645,Anamorelin,GANC
DB06645,Anamorelin,GANAB
DB06645,Anamorelin,GAA
DB06645,Anamorelin,GHSR
DB06649,Priralfinamide,CACNA1B
DB06650,Ofatumumab,MS4A1
DB06651,DiaPep 277,HSPD1
DB06652,Vicriviroc,CCR5
DB06654,Safinamide,MAOB
DB06655,Liraglutide,GLP1R
DB06656,TAS-106,rpoC
DB06656,TAS-106,rpoB
DB06660,Saredutant,TACR2
DB06663,Pasireotide,SSTR3
DB06663,Pasireotide,SSTR1
DB06663,Pasireotide,SSTR2
DB06663,Pasireotide,SSTR5
DB06666,Lixivaptan,AVPR2
DB06666,Lixivaptan,HDC
DB06670,Odanacatib,CTSK
DB06673,Almorexant,HCRTR1
DB06674,Golimumab,TNF
DB06677,Clazosentan,EDNRA
DB06678,Esmirtazapine,HRH1
DB06678,Esmirtazapine,HTR2A
DB06678,Esmirtazapine,ADRA2A
DB06679,Amediplase,PLAU
DB06680,Asoprisnil,PGR
DB06681,Belatacept,CD86
DB06681,Belatacept,CD80
DB06681,Belatacept,CD28
DB06682,Naproxcinod,PTGS2
DB06682,Naproxcinod,PTGS1
DB06683,Clevudine,P
DB06684,Vilazodone,SLC6A4
DB06684,Vilazodone,HTR1A
DB06685,Laquinimod,REL
DB06685,Laquinimod,RELB
DB06685,Laquinimod,RELA
DB06685,Laquinimod,NFKB2
DB06685,Laquinimod,NFKB1
DB06685,Laquinimod,CXCL2
DB06688,Sipuleucel-T,ACP3
DB06689,Ethanolamine oleate,F12
DB06691,Mepyramine,HRH1
DB06692,Aprotinin,PRSS1
DB06692,Aprotinin,CTRB1
DB06692,Aprotinin,PLG
DB06692,Aprotinin,KLK1
DB06693,Mevastatin,HMGCR
DB06694,Xylometazoline,ADRA2A
DB06694,Xylometazoline,ADRA2B
DB06694,Xylometazoline,ADRA1A
DB06694,Xylometazoline,ADRA1B
DB06694,Xylometazoline,ADRA1D
DB06694,Xylometazoline,ADRA2C
DB06695,Dabigatran etexilate,F2
DB06696,Arbekacin,rpsL
DB06697,Artemether,ATP1A1
DB06698,Betahistine,HRH1
DB06698,Betahistine,HRH3
DB06699,Degarelix,GNRHR
DB06700,Desvenlafaxine,SLC6A2
DB06700,Desvenlafaxine,SLC6A4
DB06700,Desvenlafaxine,SLC6A3
DB06701,Dexmethylphenidate,SLC6A3
DB06701,Dexmethylphenidate,SLC6A2
DB06701,Dexmethylphenidate,SLC6A4
DB06702,Fesoterodine,CHRM3
DB06702,Fesoterodine,CHRM4
DB06702,Fesoterodine,CHRM1
DB06702,Fesoterodine,CHRM2
DB06702,Fesoterodine,CHRM5
DB06704,Iobenguane,SLC6A2
DB06705,Gadofosveset trisodium,ALB
DB06706,Isometheptene,ADRA1A
DB06706,Isometheptene,SLC18A2
DB06707,Levonordefrin,ADRA2A
DB06707,Levonordefrin,ADRA1A
DB06707,Levonordefrin,ADRA1B
DB06707,Levonordefrin,ADRA1D
DB06708,Lumefantrine,ATP1A1
DB06709,Methacholine,CHRM3
DB06709,Methacholine,CHRM2
DB06709,Methacholine,CHRM1
DB06709,Methacholine,CHRM4
DB06709,Methacholine,CHRM5
DB06710,Methyltestosterone,AR
DB06710,Methyltestosterone,ESR1
DB06711,Naphazoline,ADRA2A
DB06711,Naphazoline,ADRA1A
DB06711,Naphazoline,DRD2
DB06712,Nilvadipine,CACNA1C
DB06712,Nilvadipine,CACNA2D1
DB06712,Nilvadipine,CACNB2
DB06712,Nilvadipine,CACNA1D
DB06712,Nilvadipine,CACNA1S
DB06712,Nilvadipine,CACNA2D3
DB06712,Nilvadipine,CACNA1H
DB06712,Nilvadipine,CACNA1I
DB06712,Nilvadipine,CACNA1C
DB06712,Nilvadipine,CACNA1G
DB06713,Norelgestromin,PGR
DB06713,Norelgestromin,ALB
DB06713,Norelgestromin,AR
DB06714,Propylhexedrine,SLC18A2
DB06714,Propylhexedrine,ADRA2C
DB06714,Propylhexedrine,TAAR1
DB06716,Fospropofol,GABRB2
DB06716,Fospropofol,GABRB3
DB06717,Fosaprepitant,TACR1
DB06718,Stanozolol,AR
DB06719,Buserelin,LHCGR
DB06719,Buserelin,GNRHR
DB06720,Velaglucerase alfa,GBA1
DB06721,Gimatecan,TOP1
DB06725,Lornoxicam,PTGS1
DB06725,Lornoxicam,PTGS2
DB06726,Bufuralol,ADRB1
DB06728,Aniline,KLK1
DB06728,Aniline,ALB
DB06729,Sulfaphenazole,folP
DB06729,Sulfaphenazole,CYP2C9
DB06730,Gestodene,PGR
DB06731,Seproxetine,SLC6A3
DB06731,Seproxetine,SLC6A4
DB06731,Seproxetine,SLC6A2
DB06732,beta-Naphthoflavone,ESR1
DB06732,beta-Naphthoflavone,ESRRA
DB06732,beta-Naphthoflavone,NR2F1
DB06732,beta-Naphthoflavone,AHR
DB06732,beta-Naphthoflavone,CYP1B1
DB06733,Bafilomycin A1,ATP6V1A
DB06734,Bafilomycin B1,ATP6V1A
DB06735,Enclomiphene,ESR1
DB06736,Aceclofenac,PTGS2
DB06736,Aceclofenac,PTGS1
DB06738,Ketobemidone,OPRM1
DB06738,Ketobemidone,OPRK1
DB06738,Ketobemidone,OPRD1
DB06738,Ketobemidone,GRIN1
DB06739,Seratrodast,TBXA2R
DB06741,Gavestinel,GLRB
DB06741,Gavestinel,GLRA3
DB06741,Gavestinel,GLRA2
DB06741,Gavestinel,GLRA1
DB06741,Gavestinel,GRIN1
DB06743,Ginkgolide A,GLRB
DB06743,Ginkgolide A,GLRA3
DB06743,Ginkgolide A,GLRA2
DB06743,Ginkgolide A,GLRA1
DB06745,ginkgolide-C,GLRA1
DB06745,ginkgolide-C,GLRA2
DB06745,ginkgolide-C,GLRA3
DB06745,ginkgolide-C,GLRB
DB06746,ginkgolide-J,GLRA1
DB06746,ginkgolide-J,GLRA2
DB06746,ginkgolide-J,GLRA3
DB06746,ginkgolide-J,GLRB
DB06747,ginkgolide-M,GLRA1
DB06747,ginkgolide-M,GLRA2
DB06747,ginkgolide-M,GLRA3
DB06747,ginkgolide-M,GLRB
DB06749,Ginsenoside Rb1,SLCO1B3
DB06750,Ginsenoside Rg1,SLCO1B3
DB06751,Drotaverine,PDE4A
DB06751,Drotaverine,CACNA1C
DB06752,Chymopapain,PRG2
DB06754,Danaparoid,SERPINC1
DB06756,Betaine,BHMT
DB06757,Manganese cation,IDH3A
DB06757,Manganese cation,IDH3G
DB06757,Manganese cation,TAB1
DB06757,Manganese cation,ARG1
DB06757,Manganese cation,SOD2
DB06757,Manganese cation,GLUL
DB06757,Manganese cation,PCK2
DB06757,Manganese cation,PPP1CC
DB06759,Fomivirsen,UL122
DB06759,Fomivirsen,UL122
DB06763,Saralasin,AGTR1
DB06763,Saralasin,AGTR2
DB06764,Tetryzoline,ADRA1A
DB06764,Tetryzoline,ADRA2C
DB06764,Tetryzoline,ADRA2A
DB06766,Alcaftadine,HRH1
DB06771,Besifloxacin,parC
DB06771,Besifloxacin,parC
DB06771,Besifloxacin,gyrA
DB06771,Besifloxacin,gyrA
DB06771,Besifloxacin,gyrB
DB06771,Besifloxacin,gyrA
DB06772,Cabazitaxel,TUBB1
DB06773,Human calcitonin,ACTN1
DB06773,Human calcitonin,CALCR
DB06774,Capsaicin,TRPV1
DB06774,Capsaicin,PHB2
DB06775,Carglumic acid,CPS1
DB06777,Chenodeoxycholic acid,NR1H4
DB06777,Chenodeoxycholic acid,NR1I2
DB06777,Chenodeoxycholic acid,GPBAR1
DB06777,Chenodeoxycholic acid,AKR1C2
DB06779,Dalteparin,SERPINC1
DB06779,Dalteparin,VEGFA
DB06779,Dalteparin,SELP
DB06780,Desoxycorticosterone acetate,NR3C2
DB06781,Difluprednate,NR3C1
DB06781,Difluprednate,ANXA1
DB06785,Ganirelix,GNRHR
DB06786,Halcinonide,SMO
DB06786,Halcinonide,ESRRG
DB06786,Halcinonide,ESRRB
DB06786,Halcinonide,ESRRA
DB06787,Hexocyclium,CHRM3
DB06787,Hexocyclium,CHRM1
DB06787,Hexocyclium,CHRM2
DB06787,Hexocyclium,CHRM4
DB06788,Histrelin,GNRHR
DB06789,Hydroxyprogesterone caproate,PGR
DB06791,Lanreotide,SSTR2
DB06791,Lanreotide,SSTR5
DB06793,Levopropoxyphene,OPRM1
DB06795,Mafenide,CA4
DB06795,Mafenide,CA14
DB06795,Mafenide,CA12
DB06795,Mafenide,CA2
DB06795,Mafenide,CA6
DB06797,Mebutamate,GABRG3
DB06800,Methylnaltrexone,OPRM1
DB06800,Methylnaltrexone,MC4R
DB06800,Methylnaltrexone,OPRK1
DB06802,Nepafenac,PTGS1
DB06802,Nepafenac,PTGS2
DB06808,Piperacetazine,DRD2
DB06809,Plerixafor,CXCR4
DB06813,Pralatrexate,DHFR
DB06813,Pralatrexate,FPGS
DB06813,Pralatrexate,PDF
DB06813,Pralatrexate,TYMS
DB06814,Protokylol,ADRB2
DB06814,Protokylol,ADRB1
DB06815,Pyrithione,KCNQ1
DB06817,Raltegravir,pol
DB06817,Raltegravir,gag-pol
DB06819,Phenylbutyric acid,PRKCA
DB06819,Phenylbutyric acid,HDAC1
DB06819,Phenylbutyric acid,tyrB
DB06819,Phenylbutyric acid,HDAC1
DB06820,Sulconazole,ERG11
DB06821,Sulfameter,folP
DB06822,Tinzaparin,SERPINC1
DB06822,Tinzaparin,ITGA4
DB06822,Tinzaparin,CXCL12
DB06824,Triethylenetetramine,CA14
DB06825,Triptorelin,GNRHR
DB06827,Viomycin,tlyA
DB06828,5-[2-(1H-pyrrol-1-yl)ethoxy]-1H-indole,LTA4H
DB06829,4-BROMO-3-(CARBOXYMETHOXY)-5-[3-(CYCLOHEXYLAMINO)PHENYL]THIOPHENE-2-CARBOXYLIC ACID,PTPN1
DB06830,"(1-HYDROXYHEPTANE-1,1-DIYL)BIS(PHOSPHONIC ACID)",FDPS
DB06830,"(1-HYDROXYHEPTANE-1,1-DIYL)BIS(PHOSPHONIC ACID)",GGPS1
DB06831,2-((9H-PURIN-6-YLTHIO)METHYL)-5-CHLORO-3-(2-METHOXYPHENYL)QUINAZOLIN-4(3H)-ONE,PIK3CG
DB06831,2-((9H-PURIN-6-YLTHIO)METHYL)-5-CHLORO-3-(2-METHOXYPHENYL)QUINAZOLIN-4(3H)-ONE,PIK3CD
DB06832,Prinaberel,ESR2
DB06832,Prinaberel,NCOA1
DB06833,1-CYCLOHEXYL-N-{[1-(4-METHYLPHENYL)-1H-INDOL-3-YL]METHYL}METHANAMINE,ESRRA
DB06834,"N-(2-hydroxy-1,1-dimethylethyl)-1-methyl-3-(1H-pyrrolo[2,3-b]pyridin-2-yl)-1H-indole-5-carboxamide",SYK
DB06835,(2S)-2-[3-(AMINOMETHYL)PHENYL]-3-{(S)-HYDROXY[(1R)-2-METHYL-1-{[(2-PHENYLETHYL)SULFONYL]AMINO}PROPYL]PHOSPHORYL}PROPANOIC ACID,CPB1
DB06836,"N-(5-{4-Chloro-3-[(2-hydroxyethyl)sulfamoyl]phenyl}-4-methyl-1,3-thiazol-2-yl)acetamide",PI4KB
DB06836,"N-(5-{4-Chloro-3-[(2-hydroxyethyl)sulfamoyl]phenyl}-4-methyl-1,3-thiazol-2-yl)acetamide",PIK3CG
DB06836,"N-(5-{4-Chloro-3-[(2-hydroxyethyl)sulfamoyl]phenyl}-4-methyl-1,3-thiazol-2-yl)acetamide",PIK3C3
DB06837,"(2R)-N~4~-hydroxy-2-(3-hydroxybenzyl)-N~1~-[(1S,2R)-2-hydroxy-2,3-dihydro-1H-inden-1-yl]butanediamide",ADAMTS5
DB06838,methyl L-phenylalaninate,F2
DB06838,methyl L-phenylalaninate,pilE1
DB06840,"diethyl [(1R)-1,5-diaminopentyl]boronate",PRSS1
DB06841,"[(2R)-1-[(2S)-2-[[(2S,3S)-1-Chloro-6-(diaminomethylideneamino)-2-hydroxyhexan-3-yl]carbamoyl]pyrrolidin-1-yl]-1-oxo-3-phenylpropan-2-yl]azanium",F2
DB06842,(4R)-4-(3-butoxy-4-methoxybenzyl)imidazolidin-2-one,PDE4A
DB06842,(4R)-4-(3-butoxy-4-methoxybenzyl)imidazolidin-2-one,PDE4D
DB06843,"2',5'-DIDEOXY-ADENOSINE 3'-MONOPHOSPHATE",GNAS
DB06843,"2',5'-DIDEOXY-ADENOSINE 3'-MONOPHOSPHATE",ADCY2
DB06843,"2',5'-DIDEOXY-ADENOSINE 3'-MONOPHOSPHATE",ADCY5
DB06844,"4-[(7-OXO-7H-THIAZOLO[5,4-E]INDOL-8-YLMETHYL)-AMINO]-N-PYRIDIN-2-YL-BENZENESULFONAMIDE",CCNA2
DB06844,"4-[(7-OXO-7H-THIAZOLO[5,4-E]INDOL-8-YLMETHYL)-AMINO]-N-PYRIDIN-2-YL-BENZENESULFONAMIDE",CDK2
DB06845,(S)-N-(4-carbamimidoylbenzyl)-1-(2-(cyclopentylamino)ethanoyl)pyrrolidine-2-carboxamide,PRSS1
DB06845,(S)-N-(4-carbamimidoylbenzyl)-1-(2-(cyclopentylamino)ethanoyl)pyrrolidine-2-carboxamide,F2
DB06847,"5-[(3S)-3-(2-methoxybiphenyl-4-yl)but-1-yn-1-yl]-6-methylpyrimidine-2,4-diamine",dfrB
DB06848,"1-(1'-{[3-(methylsulfanyl)-2-benzothiophen-1-yl]carbonyl}spiro[1-benzofuran-3,4'-piperidin]-5-yl)methanamine",TPSAB1
DB06849,"1-[1'-(3-phenylacryloyl)spiro[1-benzofuran-3,4'-piperidin]-5-yl]methanamine",TPSAB1
DB06850,(S)-N-(4-carbamimidoylbenzyl)-1-(2-(cyclohexylamino)ethanoyl)pyrrolidine-2-carboxamide,PRSS1
DB06850,(S)-N-(4-carbamimidoylbenzyl)-1-(2-(cyclohexylamino)ethanoyl)pyrrolidine-2-carboxamide,F2
DB06851,N-(pyridin-3-ylmethyl)aniline,LTA4H
DB06851,N-(pyridin-3-ylmethyl)aniline,ppa
DB06852,CHIR-124,CHEK1
DB06853,N-cycloheptylglycyl-N-(4-carbamimidoylbenzyl)-L-prolinamide,PRSS1
DB06853,N-cycloheptylglycyl-N-(4-carbamimidoylbenzyl)-L-prolinamide,F2
DB06855,6-fluoro-2-(2-hydroxy-3-isobutoxy-phenyl)-1H-benzoimidazole-5-carboxamidine,PLAU
DB06855,6-fluoro-2-(2-hydroxy-3-isobutoxy-phenyl)-1H-benzoimidazole-5-carboxamidine,PRSS1
DB06856,6-FLUORO-2-[2-HYDROXY-3-(2-METHYL-CYCLOHEXYLOXY)-PHENYL]-1H-INDOLE-5-CARBOXAMIDINE,PLAU
DB06857,N-(4-CARBAMIMIDOYL-3-CHORO-PHENYL)-2-HYDROXY-3-IODO-5-METHYL-BENZAMIDE,PLAU
DB06858,N-cyclooctylglycyl-N-(4-carbamimidoylbenzyl)-L-prolinamide,F2
DB06858,N-cyclooctylglycyl-N-(4-carbamimidoylbenzyl)-L-prolinamide,PRSS1
DB06859,N-ALLYL-5-AMIDINOAMINOOXY-PROPYLOXY-3-CHLORO-N-CYCLOPENTYLBENZAMIDE,F2
DB06860,"2-(2-chloropyridin-4-yl)-4-methyl-1H-isoindole-1,3(2H)-dione",thyA
DB06861,6-(2-HYDROXY-CYCLOPENTYL)-7-OXO-HEPTANAMIDINE,F2
DB06862,2-HYDROXY-5-(2-MERCAPTO-ETHYLSULFAMOYL)-BENZOIC ACID,CASP3
DB06864,"2-(3-CARBOXYPROPIONYL)-6-HYDROXY-CYCLOHEXA-2,4-DIENE CARBOXYLIC ACID",menC
DB06865,6-CARBAMIMIDOYL-2-[2-HYDROXY-6-(4-HYDROXY-PHENYL)-INDAN-1-YL]-HEXANOIC ACID,F2
DB06866,6-CARBAMIMIDOYL-2-[2-HYDROXY-5-(3-METHOXY-PHENYL)-INDAN-1-YL]-HEXANOIC ACID,F2
DB06867,"3,6,9,12,15,18-HEXAOXAICOSANE",PIN1
DB06868,N-(3-chlorobenzyl)-1-(4-methylpentanoyl)-L-prolinamide,F2
DB06869,1-[2-AMINO-2-CYCLOHEXYL-ACETYL]-PYRROLIDINE-3-CARBOXYLIC ACID 5-CHLORO-2-(2-ETHYLCARBAMOYL-ETHOXY)-BENZYLAMIDE,F2
DB06870,Tetrahydrogestrinone,AR
DB06871,17-METHYL-17-ALPHA-DIHYDROEQUILENIN,ESR1
DB06871,17-METHYL-17-ALPHA-DIHYDROEQUILENIN,NCOA2
DB06872,"1-((2-HYDROXYETHOXY)METHYL)-5-(PHENYLTHIO)PYRIMIDINE-2,4(1H,3H)-DIONE",udp
DB06873,"1-((2-HYDROXYETHOXY)METHYL)-5-(3-(BENZYLOXY)BENZYL)PYRIMIDINE-2,4(1H,3H)-DIONE",udp
DB06874,"(6-[4-(AMINOMETHYL)-2,6-DIMETHYLPHENOXY]-2-{[4-(AMINOMETHYL)PHENYL]AMINO}-5-BROMOPYRIMIDIN-4-YL)METHANOL",gag-pol
DB06875,ERB-196,ESR2
DB06875,ERB-196,NCOA1
DB06876,"N-{5-[4-(4-METHYLPIPERAZIN-1-YL)PHENYL]-1H-PYRROLO[2,3-B]PYRIDIN-3-YL}NICOTINAMIDE",CHEK1
DB06877,"N,N-DIMETHYL-4-(4-PHENYL-1H-PYRAZOL-3-YL)-1H-PYRROLE-2-CARBOXAMIDE",MAPK1
DB06878,1-[(2R)-2-aminobutanoyl]-N-(3-chlorobenzyl)-L-prolinamide,F2
DB06879,"5-(4'-AMINO-1'-ETHYL-5',8'-DIFLUORO-1'H-SPIRO[PIPERIDINE-4,2'-QUINAZOLINE]-1-YLCARBONYL)PICOLINONITRILE",NOS2
DB06880,"(1S)-2-[(2S,5R)-2-(AMINOMETHYL)-5-PROP-1-YN-1-YLPYRROLIDIN-1-YL]-1-CYCLOPENTYL-2-OXOETHANAMINE",DPP4
DB06881,(1Z)-2-HYDROXY-3-OXOHEX-1-EN-1-YL DIHYDROGEN PHOSPHATE,mtnW
DB06882,1-[1-(3-aminophenyl)-3-tert-butyl-1H-pyrazol-5-yl]-3-naphthalen-1-ylurea,SRC
DB06882,1-[1-(3-aminophenyl)-3-tert-butyl-1H-pyrazol-5-yl]-3-naphthalen-1-ylurea,MAPK14
DB06883,1-[1-(3-aminophenyl)-3-tert-butyl-1H-pyrazol-5-yl]-3-phenylurea,SRC
DB06884,4-HYDROXY-N'-(4-ISOPROPYLBENZYL)BENZOHYDRAZIDE,ESRRG
DB06884,4-HYDROXY-N'-(4-ISOPROPYLBENZYL)BENZOHYDRAZIDE,NRIP1
DB06886,N-BENZYLOXYCARBONYL-ALA-PRO-3-AMINO-4-PHENYL-BUTAN-2-OL,apr
DB06887,"[(3S)-3-(Methylcarbamoyl)-2-{[(2-methyl-2-propanyl)oxy]carbonyl}-1,2,3,4-tetrahydro-7-isoquinolinyl]sulfamic acid",PTPN1
DB06888,"(13R,15S)-13-METHYL-16-OXA-8,9,12,22,24-PENTAAZAHEXACYCLO[15.6.2.16,9.1,12,15.0,2,7.0,21,25]HEPTACOSA-1(24),2,4,6,17(25),18,20-HEPTAENE-23,26-DIONE",CDK2
DB06889,"3-(1H-tetrazol-5-ylmethyl)-5,6,7,8-tetrahydro[1]benzothieno[2,3-d]pyrimidin-4(3H)-one",blaCTX-M-9a
DB06890,(2R)-2-PHENYL-N-PYRIDIN-4-YLBUTANAMIDE,ERG11
DB06891,"5-{[(4-AMINO-3-CHLORO-5-FLUOROPHENYL)SULFONYL]AMINO}-1,3,4-THIADIAZOLE-2-SULFONAMIDE",CA2
DB06892,"(5S)-4,5-difluoro-6-[(2-fluoro-4-iodophenyl)imino]-N-(2-hydroxyethoxy)cyclohexa-1,3-diene-1-carboxamide",MAP2K1
DB06893,Decylsulfonic acid,sdsA1
DB06894,1-Dodecanol,sdsA1
DB06894,1-Dodecanol,FAAH
DB06896,"1-(4-fluorophenyl)-N-[3-fluoro-4-(1H-pyrrolo[2,3-b]pyridin-4-yloxy)phenyl]-2-oxo-1,2-dihydropyridine-3-carboxamide",MET
DB06897,"3-[3-chloro-5-(5-{[(1S)-1-phenylethyl]amino}isoxazolo[5,4-c]pyridin-3-yl)phenyl]propan-1-ol",PLK1
DB06898,"4-(2-amino-1-methyl-1H-imidazo[4,5-b]pyridin-6-yl)phenol",ESR1
DB06898,"4-(2-amino-1-methyl-1H-imidazo[4,5-b]pyridin-6-yl)phenol",NCOA2
DB06899,"N-{2-[6-(2,4-DIAMINO-6-ETHYLPYRIMIDIN-5-YL)-2,2-DIMETHYL-3-OXO-2,3-DIHYDRO-4H-1,4-BENZOTHIAZIN-4-YL]ETHYL}ACETAMIDE",REN
DB06900,1-[4-(hydroxymethyl)phenyl]guanidine,PRSS8
DB06901,2-(2-HYDROXY-CYCLOPENTYL)-PENT-4-ENAL,CELA2A
DB06902,p-Cumylphenol,ESRRG
DB06903,"(1S,3aS,5aR,8aS)-1,7,7-trimethyl-1,2,3,3a,5a,6,7,8-octahydrocyclopenta[c]pentalene-4-carboxylic acid",ptlH
DB06904,"(5S,6S)-6-[(R)ACETOXYETH-2-YL]-PENEM-3-CARBOXYLATEPROPANE",lepB
DB06905,"(2S,3S,4E,6E,8S,9S)-3-amino-9-methoxy-2,6,8-trimethyl-10-phenyldeca-4,6-dienoic acid",PPP2R5C
DB06905,"(2S,3S,4E,6E,8S,9S)-3-amino-9-methoxy-2,6,8-trimethyl-10-phenyldeca-4,6-dienoic acid",PPP2CA
DB06905,"(2S,3S,4E,6E,8S,9S)-3-amino-9-methoxy-2,6,8-trimethyl-10-phenyldeca-4,6-dienoic acid",PPP2R1A
DB06906,ethyl 2-amino-4-hydroxypyrimidine-5-carboxylate,folB
DB06908,"(2S)-3-(1-{[2-(2-CHLOROPHENYL)-5-METHYL-1,3-OXAZOL-4-YL]METHYL}-1H-INDOL-5-YL)-2-ETHOXYPROPANOIC ACID",NCOA1
DB06908,"(2S)-3-(1-{[2-(2-CHLOROPHENYL)-5-METHYL-1,3-OXAZOL-4-YL]METHYL}-1H-INDOL-5-YL)-2-ETHOXYPROPANOIC ACID",PPARG
DB06909,"1-ethyl-N-(phenylmethyl)-4-(tetrahydro-2H-pyran-4-ylamino)-1H-pyrazolo[3,4-b]pyridine-5-carboxamide",PDE4B
DB06910,"[4-R-(4-ALPHA,6-BETA,7-BETA]-HEXAHYDRO-5,6-DI(HYDROXY)-1,3-DI(ALLYL)-4,7-BISPHENYLMETHYL)-2H-1,3-DIAZEPINONE",gag-pol
DB06911,D-leucyl-N-(3-chlorobenzyl)-L-prolinamide,F2
DB06912,"UNDECA-3,7-DIENE-1,3,7,11-TETRACARBALDEHYDE",LYZ
DB06913,"(3R)-3-[3,5-Bis(trifluoromethyl)anilino]-2-cyano-3-sulfanylpropanamide",
DB06914,"1-({2-[2-(4-CHLOROPHENYL)ETHYL]-1,3-DIOXOLAN-2-YL}METHYL)-1H-IMIDAZOLE",HMOX1
DB06916,"N-[2-(1,3-BENZODIOXOL-5-YL)ETHYL]-1-[2-(1H-IMIDAZOL-1-YL)-6-METHYLPYRIMIDIN-4-YL]-D-PROLINAMIDE",NOS2
DB06917,(4-fluorophenyl)(pyridin-4-yl)methanone,LTA4H
DB06918,2-(2-METHYLPHENYL)-1H-INDOLE-6-CARBOXIMIDAMIDE,PRSS1
DB06919,D-phenylalanyl-N-(3-chlorobenzyl)-L-prolinamide,F2
DB06920,Eribaxaban,F10
DB06921,(2S)-2-[3-(AMINOMETHYL)PHENYL]-3-[(R)-HYDROXY{(1R)-2-METHYL-1-[(PHENYLSULFONYL)AMINO]PROPYL}PHOSPHORYL]PROPANOIC ACID,CPB1
DB06922,"2-[(1R)-1-carboxy-2-naphthalen-1-ylethyl]-1,3-dioxo-2,3-dihydro-1H-isoindole-5-carboxylic acid",ampC
DB06923,2-(3-METHYLPHENYL)-1H-INDOLE-5-CARBOXIMIDAMIDE,PRSS1
DB06924,(2R)-2-benzyl-3-nitropropanoic acid,CPA1
DB06925,3-(2-AMINOQUINAZOLIN-6-YL)-4-METHYL-N-[3-(TRIFLUOROMETHYL)PHENYL]BENZAMIDE,LCK
DB06926,"(9Z,11E,13S)-13-hydroxyoctadeca-9,11-dienoic acid",PPARG
DB06927,[5-HYDROXY-2-(4-HYDROXYPHENYL)-1-BENZOFURAN-7-YL]ACETONITRILE,ESR2
DB06927,[5-HYDROXY-2-(4-HYDROXYPHENYL)-1-BENZOFURAN-7-YL]ACETONITRILE,NCOA1
DB06927,[5-HYDROXY-2-(4-HYDROXYPHENYL)-1-BENZOFURAN-7-YL]ACETONITRILE,ESR1
DB06928,(2S)-2-{[HYDROXY(4-IODOBENZYL)PHOSPHORYL]METHYL}PENTANEDIOIC ACID,FOLH1
DB06929,1-butanoyl-N-(4-carbamimidoylbenzyl)-L-prolinamide,F2
DB06930,"N-[amino(imino)methyl]-2-(2,5-diphenyl-1H-pyrrol-1-yl)acetamide",BACE1
DB06931,"(1-HYDROXYNONANE-1,1-DIYL)BIS(PHOSPHONIC ACID)",GGPS1
DB06932,"10,11-dimethoxy-4-methyldibenzo[c,f]-2,7-naphthyridine-3,6-diamine",PDPK1
DB06933,N-(tert-butyl)-4-[5-(pyridin-2-ylamino)quinolin-3-yl]benzenesulfonamide,MAPK10
DB06934,(1R)-3-chloro-1-phenylpropan-1-ol,E
DB06936,N-(4-carbamimidoylbenzyl)-1-(4-methylpentanoyl)-L-prolinamide,F2
DB06937,"4-(6-HYDROXY-BENZO[D]ISOXAZOL-3-YL)BENZENE-1,3-DIOL",ESR2
DB06938,4-[[2-[[4-chloro-3-(trifluoromethyl)phenyl]amino]-3H-benzimidazol-5-yl]oxy]-N-methyl-pyridine-2-carboxamide,KDR
DB06939,"N-(TRANS-4-{(1S,2S)-2-AMINO-3-[(3S)-3-FLUOROPYRROLIDIN-1-YL]-1-METHYL-3-OXOPROPYL}CYCLOHEXYL)-N-METHYLACETAMIDE",DPP4
DB06940,"N-ethyl-4-{[5-(methoxycarbamoyl)-2-methylphenyl]amino}-5-methylpyrrolo[2,1-f][1,2,4]triazine-6-carboxamide",MAPK14
DB06941,(Z)-2-[2-(4-methylpiperazin-1-yl)benzyl]diazenecarbothioamide,S100B
DB06942,N-(4-carbamimidoylbenzyl)-1-(3-phenylpropanoyl)-L-prolinamide,F2
DB06943,(3S)-1-{[4-(but-2-yn-1-yloxy)phenyl]sulfonyl}pyrrolidine-3-thiol,ADAM17
DB06944,N-(3-cyclopropyl-1H-pyrazol-5-yl)-2-(2-naphthyl)acetamide,CCNA2
DB06944,N-(3-cyclopropyl-1H-pyrazol-5-yl)-2-(2-naphthyl)acetamide,CDK2
DB06945,N-hydroxy-4-({4-[4-(trifluoromethyl)phenoxy]phenyl}sulfonyl)tetrahydro-2H-pyran-4-carboxamide,ADAMTS5
DB06946,"(2S,3S)-3-(4-fluorophenyl)-2,3-dihydroxypropanoic acid",
DB06947,1-[(2R)-2-aminobutanoyl]-N-(4-carbamimidoylbenzyl)-L-prolinamide,F2
DB06948,2-ANILINO-6-CYCLOHEXYLMETHOXYPURINE,CDK2
DB06948,2-ANILINO-6-CYCLOHEXYLMETHOXYPURINE,CCNA2
DB06949,"N'-[(1E)-(3,5-dibromo-2,4-dihydroxyphenyl)methylidene]naphthalene-2-carbohydrazide",fabZ
DB06950,"4-chloro-N'-[(1E)-(3,5-dibromo-2,4-dihydroxyphenyl)methylidene]benzohydrazide",fabZ
DB06951,(3R)-3-ethyl-N-[(4-methylphenyl)sulfonyl]-L-aspartic acid,CELA1
DB06952,(2S)-2-HYDROXY-2H-CHROMENE-2-CARBOXYLIC ACID,nahD
DB06953,2-CHLORO-5-(3-CHLORO-PHENYL)-6-[(4-CYANO-PHENYL)-(3-METHYL-3H-IMIDAZOL-4-YL)- METHOXYMETHYL]-NICOTINONITRILE,FNTA
DB06953,2-CHLORO-5-(3-CHLORO-PHENYL)-6-[(4-CYANO-PHENYL)-(3-METHYL-3H-IMIDAZOL-4-YL)- METHOXYMETHYL]-NICOTINONITRILE,FNTB
DB06954,"2-(cycloheptylmethyl)-1,1-dioxido-1-benzothiophen-6-yl sulfamate",CA2
DB06955,"3,4-bis(7-chloro-1H-indol-3-yl)-1H-pyrrole-2,5-dicarboxylic acid",staP
DB06956,"N-(4-ACETYLPHENYL)-5-(5-CHLORO-2,4-DIHYDROXYPHENYL)-1H-PYRAZOLE-4-CARBOXAMIDE",HSP90AA1
DB06957,"4-CHLORO-6-(4-{4-[4-(METHYLSULFONYL)BENZYL]PIPERAZIN-1-YL}-1H-PYRAZOL-5-YL)BENZENE-1,3-DIOL",HSP90AA1
DB06958,"5-(5-CHLORO-2,4-DIHYDROXYPHENYL)-N-ETHYL-4-PIPERAZIN-1-YL-1H-PYRAZOLE-3-CARBOXAMIDE",HSP90AA1
DB06959,(2S)-1-(3H-Indol-3-yl)-3-{[5-(6-isoquinolinyl)-3-pyridinyl]oxy}-2-propanamine,PRKACA
DB06959,(2S)-1-(3H-Indol-3-yl)-3-{[5-(6-isoquinolinyl)-3-pyridinyl]oxy}-2-propanamine,PKIA
DB06960,"N-[(1R,2R,3E)-2-hydroxy-1-(hydroxymethyl)heptadec-3-en-1-yl]acetamide",
DB06961,"5-(5-chloro-2,4-dihydroxyphenyl)-N-ethyl-4-[4-(morpholin-4-ylmethyl)phenyl]isoxazole-3-carboxamide",HSP90AA1
DB06962,JNJ-27390467,TPSB2
DB06963,"3-[3-(3-methyl-6-{[(1S)-1-phenylethyl]amino}-1H-pyrazolo[4,3-c]pyridin-1-yl)phenyl]propanamide",PLK1
DB06964,"5-(5-CHLORO-2,4-DIHYDROXYPHENYL)-N-ETHYL-4-(4-METHOXYPHENYL)ISOXAZOLE-3-CARBOXAMIDE",HSP90AA1
DB06965,Hexylphosphonic acid (R)-2-methyl-3-phenylpropyl ester,lip
DB06966,Hexylphosphonic acid (S)-2-methyl-3-phenylpropyl ester,lip
DB06967,"6-ETHYL-5-[9-(3-METHOXYPROPYL)-9H-CARBAZOL-2-YL]PYRIMIDINE-2,4-DIAMINE",REN
DB06968,"1,1'-HEXANE-1,6-DIYLBIS(1H-IMIDAZOLE)",azu
DB06969,"2-amino-4-[2,4-dichloro-5-(2-pyrrolidin-1-ylethoxy)phenyl]-N-ethylthieno[2,3-d]pyrimidine-6-carboxamide",HSP90AA1
DB06970,"2-CHLORO-N-(3-CYANO-5,6-DIHYDRO-4H-CYCLOPENTA[B]THIOPHEN-2-YL)-5-DIETHYLSULFAMOYL-BENZAMIDE",murF
DB06971,"N-{2-[(4'-CYANO-1,1'-BIPHENYL-4-YL)OXY]ETHYL}-N'-HYDROXY-N-METHYLUREA",MMP8
DB06972,"7A-[(4-cyanophenyl)methyl]-6-(3,5-dichlorophenyl)-5-oxo-2,3,5,7A-tetrahydro-1H-pyrrolo[1,2-A]pyrrole-7-carbonitrile",ITGAL
DB06973,Bisphenol A,ESR2
DB06973,Bisphenol A,AR
DB06973,Bisphenol A,ESRRG
DB06974,"5-hydroxy-4-(7-methoxy-1,1-dioxido-2H-1,2,4-benzothiadiazin-3-yl)-2-(3-methylbutyl)-6-phenylpyridazin-3(2H)-one",
DB06976,"1-(5-OXO-2,3,5,9B-TETRAHYDRO-1H-PYRROLO[2,1-A]ISOINDOL-9-YL)-3-(5-PYRROLIDIN-2-YL-1H-PYRAZOL-3-YL)-UREA",CDK2
DB06977,(2S)-1-{[5-(1H-Indazol-5-yl)-3-pyridinyl]oxy}-3-(7aH-indol-3-yl)-2-propanamine,PRKACA
DB06978,"N'-[(1E)-(3,5-dibromo-2,4-dihydroxyphenyl)methylidene]-4-methoxybenzohydrazide",fabZ
DB06979,"5-(dodecylthio)-1H-1,2,3-triazole-4-carboxylic acid",HAO1
DB06980,(2S)-2-(1H-indol-3-yl)hexanoic acid,SKP1
DB06981,(2S)-2-(1H-indol-3-yl)pentanoic acid,SKP1
DB06982,(2S)-8-[(tert-butoxycarbonyl)amino]-2-(1H-indol-3-yl)octanoic acid,SKP1
DB06983,"(5-phenyl-7-(pyridin-3-ylmethylamino)pyrazolo[1,5-a]pyrimidin-3-yl)methanol",CDK2
DB06984,"(1R,2R,3R,4S,5R)-4-(Benzylamino)-5-(methylthio)cyclopentane-1,2,3-triol",MAN2A1
DB06986,"2-CHLORO-N-[(1R,2R)-1-HYDROXY-2,3-DIHYDRO-1H-INDEN-2-YL]-6H-THIENO[2,3-B]PYRROLE-5-CARBOXAMIDE",PYGM
DB06987,(R)-Atenolol,LTF
DB06987,(R)-Atenolol,PLA2G2E
DB06988,2-HYDROXY-5-{[(1E)-2-PHENYLETHYLIDENE]AMINO}-L-TYROSINE,
DB06989,{4-[2-BENZYL-3-METHOXY-2-(METHOXYCARBONYL)-3-OXOPROPYL]PHENYL}SULFAMIC ACID,PTPRB
DB06990,"4-[(1E,7E)-8-(2,6-DIOXO-1,2,3,6-TETRAHYDROPYRIMIDIN-4-YL)-3,6-DIOXA-2,7-DIAZAOCTA-1,7-DIEN-1-YL]BENZOIC ACID",UNG
DB06991,"N-[2-methyl-5-(methylcarbamoyl)phenyl]-2-{[(1R)-1-methylpropyl]amino}-1,3-thiazole-5-carboxamide",MAPK14
DB06992,"(3,3-dimethylpiperidin-1-yl)(6-(3-fluoro-4-methylphenyl)pyridin-2-yl)methanone",HSD11B1
DB06993,"(2S,3S)-4-cyclopropyl-3-{(3R,5R)-3-[2-fluoro-4-(methylsulfonyl)phenyl]-1,2,4-oxadiazolidin-5-yl}-1-[(3S)-3-fluoropyrrolidin-1-yl]-1-oxobutan-2-amine",DPP4
DB06994,"(2S,3S)-3-{3-[2-chloro-4-(methylsulfonyl)phenyl]-1,2,4-oxadiazol-5-yl}-1-cyclopentylidene-4-cyclopropyl-1-fluorobutan-2-amine",DPP4
DB06995,N-({4-[(2-aminopyridin-4-yl)oxy]-3-fluorophenyl}carbamoyl)-2-(4-fluorophenyl)acetamide,MET
DB06996,D-leucyl-N-(4-carbamimidoylbenzyl)-L-prolinamide,F2
DB06997,"2-(4-fluorophenyl)-N-{[3-fluoro-4-(1H-pyrrolo[2,3-b]pyridin-4-yloxy)phenyl]carbamoyl}acetamide",MET
DB06998,"[(5R)-5-(2,3-dibromo-5-ethoxy-4-hydroxybenzyl)-4-oxo-2-thioxo-1,3-thiazolidin-3-yl]acetic acid",dnaN
DB06999,PLX-4720,BRAF
DB06999,PLX-4720,KDR
DB07000,"N-{2,4-difluoro-3-[(5-pyridin-3-yl-1H-pyrrolo[2,3-b]pyridin-3-yl)carbonyl]phenyl}ethanesulfonamide",BRAF
DB07001,"(3S,5E)-3-propyl-3,4-dihydrothieno[2,3-f][1,4]oxazepin-5(2H)-imine",NOS3
DB07002,4-({4-[(4-methoxypyridin-2-yl)amino]piperidin-1-yl}carbonyl)benzonitrile,NOS2
DB07002,4-({4-[(4-methoxypyridin-2-yl)amino]piperidin-1-yl}carbonyl)benzonitrile,NOS1
DB07003,"(2S)-2-methyl-2,3-dihydrothieno[2,3-f][1,4]oxazepin-5-amine",NOS2
DB07004,2-[(5-hex-1-yn-1-ylfuran-2-yl)carbonyl]-N-methylhydrazinecarbothioamide,S100B
DB07005,D-phenylalanyl-N-{4-[amino(iminio)methyl]benzyl}-L-prolinamide,F2
DB07006,"9-HYDROXY-6-(3-HYDROXYPROPYL)-4-(2-METHOXYPHENYL)PYRROLO[3,4-C]CARBAZOLE-1,3(2H,6H)-DIONE",WEE1
DB07007,"(3R)-3-[(1,2,3,4-tetrahydroisoquinolin-7-yloxy)methyl]-2,3-dihydrothieno[2,3-f][1,4]oxazepin-5-amine",NOS2
DB07008,"4-(1,3-BENZODIOXOL-5-YLOXY)-2-[4-(1H-IMIDAZOL-1-YL)PHENOXY]PYRIMIDINE",NOS2
DB07009,"2-(5-HYDROXY-NAPHTHALEN-1-YL)-1,3-BENZOOXAZOL-6-OL",NCOA1
DB07009,"2-(5-HYDROXY-NAPHTHALEN-1-YL)-1,3-BENZOOXAZOL-6-OL",ESR1
DB07009,"2-(5-HYDROXY-NAPHTHALEN-1-YL)-1,3-BENZOOXAZOL-6-OL",ESR2
DB07010,N-BENZYL-4-[4-(3-CHLOROPHENYL)-1H-PYRAZOL-3-YL]-1H-PYRROLE-2-CARBOXAMIDE,MAPK1
DB07010,N-BENZYL-4-[4-(3-CHLOROPHENYL)-1H-PYRAZOL-3-YL]-1H-PYRROLE-2-CARBOXAMIDE,MAPK10
DB07011,"(3S)-1-(1,3-BENZODIOXOL-5-YLMETHYL)-3-[4-(1H-IMIDAZOL-1-YL)PHENOXY]PIPERIDINE",NOS2
DB07012,"6-AMINO-3,7-DIHYDRO-IMIDAZO[4,5-G]QUINAZOLIN-8-ONE",tgt
DB07013,TERT-BUTYL 4-({[4-(BUT-2-YN-1-YLAMINO)PHENYL]SULFONYL}METHYL)-4-[(HYDROXYAMINO)CARBONYL]PIPERIDINE-1-CARBOXYLATE,MMP13
DB07014,"2-(1,3-benzodioxol-5-yl)-5-[(3-fluoro-4-methoxybenzyl)sulfanyl]-1,3,4-oxadiazole",GSK3B
DB07015,"(3R,4R)-4-(pyrrolidin-1-ylcarbonyl)-1-(quinoxalin-2-ylcarbonyl)pyrrolidin-3-amine",DPP4
DB07016,"(3R)-8-(dioxidosulfanyl)-3-methyl-1,2,3,4-tetrahydroquinoline",F2
DB07017,"(5S)-2-{[(1S)-1-(4-Fluorophenyl)ethyl]amino}-5-(2-hydroxy-2-propanyl)-5-methyl-1,3-thiazol-4(5H)-one",HSD11B1
DB07018,5-ETHYL-3-[(2-METHOXYETHYL)METHYLAMINO]-6-METHYL-4-(3-METHYLBENZYL)PYRIDIN-2(1H)-ONE,gag-pol
DB07019,"N-[(5R,14R)-5-AMINO-5,14-DIMETHYL-4-OXO-3-OXA-18-AZATRICYCLO[15.3.1.1~7,11~]DOCOSA-1(21),7(22),8,10,17,19-HEXAEN-19-YL]-N-METHYLMETHANESULFONAMIDE",BACE1
DB07020,"N-{3-[5-(1H-1,2,4-triazol-3-yl)-1H-indazol-3-yl]phenyl}furan-2-carboxamide",MAPK9
DB07021,"(7R,8R)-8-(2,4,5-trifluorophenyl)-6,7,8,9-tetrahydroimidazo[1,2-a:4,5-c']dipyridin-7-amine",DPP4
DB07022,3-Hydroxypropyl 3-[(7-carbamimidoyl-1-naphthyl)carbamoyl]benzenesulfonate,F11
DB07023,"(1R)-2-[(Diaminomethylene)amino]-1-{4-[(4R)-4-(hydroxymethyl)-1,3,2-dioxaborolan-2-yl]phenyl}ethyl nicotinate",F11
DB07024,"2-(3,4-DIHYDROXYPHENYL)-8-(1,1-DIOXIDOISOTHIAZOLIDIN-2-YL)-3-HYDROXY-6-METHYL-4H-CHROMEN-4-ONE",CDK2
DB07025,3-(5-{[4-(AMINOMETHYL)PIPERIDIN-1-YL]METHYL}-1H-INDOL-2-YL)QUINOLIN-2(1H)-ONE,CHEK1
DB07026,"(1S,5S,7R)-N~7~-(BIPHENYL-4-YLMETHYL)-N~3~-HYDROXY-6,8-DIOXA-3-AZABICYCLO[3.2.1]OCTANE-3,7-DICARBOXAMIDE",MMP12
DB07027,D-phenylalanyl-N-(3-fluorobenzyl)-L-prolinamide,F2
DB07028,(2-{[(4-BROMO-2-FLUOROBENZYL)AMINO]CARBONYL}-5-CHLOROPHENOXY)ACETIC ACID,AKR1B1
DB07029,"4-(1,3-BENZODIOXOL-5-YLOXY)-2-[4-(1H-IMIDAZOL-1-YL)PHENOXY]-6-METHYLPYRIMIDINE",NOS2
DB07030,(5-CHLORO-2-{[(3-NITROBENZYL)AMINO]CARBONYL}PHENOXY)ACETIC ACID,AKR1B1
DB07031,"3-Fluoro-4-{[(2R)-2-hydroxy-2-(5,5,8,8-tetramethyl-5,6,7,8-tetrahydro-2-naphthalenyl)acetyl]amino}benzoic acid",RARG
DB07032,2-(4-HYDROXY-PHENYL)BENZOFURAN-5-OL,ESR2
DB07032,2-(4-HYDROXY-PHENYL)BENZOFURAN-5-OL,ESR1
DB07033,5-HYDROXY-3-[(1R)-1-(1H-PYRROL-2-YL)ETHYL]-2H-INDOL-2-ONE,PDPK1
DB07034,"2,2'-{[9-(HYDROXYIMINO)-9H-FLUORENE-2,7-DIYL]BIS(OXY)}DIACETIC ACID",CHEK1
DB07035,"(2E)-3-{3-[(5-ETHYL-3-IODO-6-METHYL-2-OXO-1,2-DIHYDROPYRIDIN-4-YL)OXY]PHENYL}ACRYLONITRILE",gag-pol
DB07036,"(3aS,4R,9bR)-2,2-difluoro-4-(4-hydroxyphenyl)-6-(methoxymethyl)-1,2,3,3a,4,9b-hexahydrocyclopenta[c]chromen-8-ol",ESR2
DB07037,(2S)-1-AMINO-3-[(5-NITROQUINOLIN-8-YL)AMINO]PROPAN-2-OL,CHEK1
DB07038,2-(cyclohexylamino)benzoic acid,CHEK1
DB07039,(2S)-N-(4-cyano-3-iodophenyl)-3-(4-cyanophenoxy)-2-hydroxy-2-methylpropanamide,AR
DB07040,"2-amino-7-fluoro-5-oxo-5H-chromeno[2,3-b]pyridine-3-carboxamide",ligA
DB07041,"N-[2-(2,4-diaminopyrido[2,3-d]pyrimidin-7-yl)-2-methylpropyl]-4-phenoxybenzamide",ligA
DB07041,"N-[2-(2,4-diaminopyrido[2,3-d]pyrimidin-7-yl)-2-methylpropyl]-4-phenoxybenzamide",ligA
DB07042,"7-amino-2-tert-butyl-4-{[2-(1H-imidazol-4-yl)ethyl]amino}pyrido[2,3-d]pyrimidine-6-carboxamide",ligA
DB07043,"7-amino-2-tert-butyl-4-(4-pyrimidin-2-ylpiperazin-1-yl)pyrido[2,3-d]pyrimidine-6-carboxamide",ligA
DB07044,"3-bromo-N'-[(1E)-(3,5-dibromo-2,4-dihydroxyphenyl)methylidene]benzohydrazide",fabZ
DB07045,"(2R,3R,4S,5R)-2-[6-amino-8-[(3,4-dichlorophenyl)methylamino]purin-9-yl]-5-(hydroxymethyl)oxolane-3,4-diol",BAG1
DB07045,"(2R,3R,4S,5R)-2-[6-amino-8-[(3,4-dichlorophenyl)methylamino]purin-9-yl]-5-(hydroxymethyl)oxolane-3,4-diol",HSPA8
DB07046,"2-[(2-chloro-4-iodophenyl)amino]-N-{[(2R)-2,3-dihydroxypropyl]oxy}-3,4-difluorobenzamide",MAP2K1
DB07048,"N-[(2R)-5-(aminosulfonyl)-2,3-dihydro-1H-inden-2-yl]-2-propylpentanamide",CA2
DB07049,(2R)-1-[(4-tert-butylphenyl)sulfonyl]-2-methyl-4-(4-nitrophenyl)piperazine,HSD11B1
DB07050,Benzolamide,CA2
DB07050,Benzolamide,CA1
DB07050,Benzolamide,CA4
DB07050,Benzolamide,CA12
DB07050,Benzolamide,CA9
DB07050,Benzolamide,CA6
DB07050,Benzolamide,CA14
DB07051,"3,5-DIMETHYL-1-PHENYL-1H-PYRAZOLE-4-CARBOXYLIC ACID ETHYL ESTER",PDE4D
DB07052,5'-S-ethyl-5'-thioadenosine,ahcY
DB07053,2-{5-[3-(7-PROPYL-3-TRIFLUOROMETHYLBENZO[D]ISOXAZOL-6-YLOXY)PROPOXY]INDOL-1-YL}ETHANOIC ACID,PPARG
DB07054,(2R)-1-(DIMETHYLAMINO)-3-{4-[(6-{[2-FLUORO-5-(TRIFLUOROMETHYL)PHENYL]AMINO}PYRIMIDIN-4-YL)AMINO]PHENOXY}PROPAN-2-OL,CDK2
DB07055,"2-[2-(1H-tetrazol-5-yl)ethyl]-1H-isoindole-1,3(2H)-dione",blaCTX-M-9a
DB07056,"2-(6-{[(3-chloro-2-methylphenyl)sulfonyl]amino}pyridin-2-yl)-N,N-diethylacetamide",HSD11B1
DB07057,(3S)-1-(2-hydroxyphenyl)-5-oxopyrrolidine-3-carboxylic acid,ampC
DB07058,"5-[1-(4-methoxyphenyl)-1H-benzimidazol-6-yl]-1,3,4-oxadiazole-2(3H)-thione",GSK3B
DB07059,"N-{2-[6-(2,4-DIAMINO-6-ETHYLPYRIMIDIN-5-YL)-2,2-DIMETHYL-3-OXO-2,3-DIHYDRO-4H-1,4-BENZOXAZIN-4-YL]ETHYL}ACETAMIDE",REN
DB07060,3-(INDOL-3-YL) LACTATE,HAO1
DB07060,3-(INDOL-3-YL) LACTATE,mdlB
DB07061,"1-(CYCLOHEXYLAMINO)-3-(6-METHYL-3,4-DIHYDRO-1H-CARBAZOL-9(2H)-YL)PROPAN-2-OL",NMT2
DB07062,"N-{3-[4-Hydroxy-1-(3-methylbutyl)-2-oxo-1,2-dihydropyrrolo[1,2-b]pyridazin-3-yl]-1,1-dioxido-2H-1,2,4-benzothiadiazin-7-yl}methanesulfonamide",
DB07063,Lidorestat,AKR1B1
DB07064,"(4R)-4-(3-HYDROXYPHENYL)-N,N,7,8-TETRAMETHYL-3,4-DIHYDROISOQUINOLINE-2(1H)-CARBOXAMIDE",KIF11
DB07065,"5-(2,3-dichlorophenyl)-N-(pyridin-4-ylmethyl)-3-thiocyanatopyrazolo[1,5-a]pyrimidin-7-amine",CDK2
DB07066,"2-CHLORO-N-[(3R)-2-OXO-1,2,3,4-TETRAHYDROQUINOLIN-3-YL]-6H-THIENO[2,3-B]PYRROLE-5-CARBOXAMIDE",PYGM
DB07067,"(2S,3S)-3-{3-[4-(METHYLSULFONYL)PHENYL]-1,2,4-OXADIAZOL-5-YL}-1-OXO-1-PYRROLIDIN-1-YLBUTAN-2-AMINE",DPP4
DB07068,"(4-{4-[(TERT-BUTOXYCARBONYL)AMINO]-2,2-BIS(ETHOXYCARBONYL)BUTYL}PHENYL)SULFAMIC ACID",PTPRB
DB07069,m-Hydroxyhippuric acid,KYNU
DB07070,(2S)-2-{3-[({[2-fluoro-4-(trifluoromethyl)phenyl]carbonyl}amino)methyl]-4-methoxybenzyl}butanoic acid,PPARD
DB07071,"(R)-1-(4-(4-(Hydroxymethyl)-1,3,2-dioxaborolan-2-YL)phenethyl)guanidine",F11
DB07072,"(1S,2R,5S)-5-[3-(TRIFLUOROMETHYL)-5,6-DIHYDRO[1,2,4]TRIAZOLO[4,3-A]PYRAZIN-7(8H)-YL]-2-(2,4,5-TRIFLUOROPHENYL)CYCLOHEXANAMINE",DPP4
DB07073,"5,5-dimethyl-2-morpholin-4-yl-5,6-dihydro-1,3-benzothiazol-7(4H)-one",PIK3CG
DB07074,6-CARBAMIMIDOYL-4-(3-HYDROXY-2-METHYL-BENZOYLAMINO)-NAPHTHALENE-2-CARBOXYLIC ACID METHYL ESTER,F11
DB07075,3-(5-{[4-(AMINOMETHYL)PIPERIDIN-1-YL]METHYL}-1H-INDOL-2-YL)-1H-INDAZOLE-6-CARBONITRILE,CHEK1
DB07076,6-[(Z)-AMINO(IMINO)METHYL]-N-[3-(CYCLOPENTYLOXY)PHENYL]-2-NAPHTHAMIDE,PLAU
DB07077,"(R)-1-(4-(4-(Hydroxymethyl)-1,3,2-dioxaborolan-2-YL)phenyl)guanidine",F11
DB07078,"(3Z)-6-(4-HYDROXY-3-METHOXYPHENYL)-3-(1H-PYRROL-2-YLMETHYLENE)-1,3-DIHYDRO-2H-INDOL-2-ONE",CHEK1
DB07079,3-{[4-(but-2-yn-1-yloxy)phenyl]sulfonyl}propane-1-thiol,ADAM17
DB07080,TO-901317,NR1H2
DB07080,TO-901317,NCOA2
DB07080,TO-901317,RXRB
DB07080,TO-901317,NR1H3
DB07080,TO-901317,NCOA1
DB07080,TO-901317,NR1I2
DB07081,"(2R)-4-[(8R)-8-METHYL-2-(TRIFLUOROMETHYL)-5,6-DIHYDRO[1,2,4]TRIAZOLO[1,5-A]PYRAZIN-7(8H)-YL]-4-OXO-1-(2,4,5-TRIFLUOROPHENYL)BUTAN-2-AMINE",DPP4
DB07082,"1,1,1,3,3,3-HEXAFLUORO-2-{4-[(2,2,2-TRIFLUOROETHYL)AMINO]PHENYL}PROPAN-2-OL",NR1H2
DB07083,beta-phenyl-D-phenylalanyl-N-propyl-L-prolinamide,F2
DB07084,"N-(6,7,9,10,17,18,20,21-octahydrodibenzo[b,k][1,4,7,10,13,16]hexaoxacyclooctadecin-2-yl)acetamide",ompF
DB07085,2-{[N-(2-ACETYL-5-CHLORO-4-FLUOROPHENYL)GLYCYL]AMINO}BENZOIC ACID,
DB07086,"4-[(1S,2S,5S)-5-(HYDROXYMETHYL)-8-METHYL-3-OXABICYCLO[3.3.1]NON-7-EN-2-YL]PHENOL",NCOA2
DB07086,"4-[(1S,2S,5S)-5-(HYDROXYMETHYL)-8-METHYL-3-OXABICYCLO[3.3.1]NON-7-EN-2-YL]PHENOL",ESR1
DB07087,"4-[(1S,2S,5S,9R)-5-(HYDROXYMETHYL)-8,9-DIMETHYL-3-OXABICYCLO[3.3.1]NON-7-EN-2-YL]PHENOL",ESR1
DB07087,"4-[(1S,2S,5S,9R)-5-(HYDROXYMETHYL)-8,9-DIMETHYL-3-OXABICYCLO[3.3.1]NON-7-EN-2-YL]PHENOL",NCOA2
DB07088,(S)-N-(4-carbamimidoylbenzyl)-1-(2-(cyclopentyloxy)ethanoyl)pyrrolidine-2-carboxamide,PRSS1
DB07088,(S)-N-(4-carbamimidoylbenzyl)-1-(2-(cyclopentyloxy)ethanoyl)pyrrolidine-2-carboxamide,F2
DB07089,N-[amino(imino)methyl]-2-[2-(2-chlorophenyl)-4-(4-propoxyphenyl)-3-thienyl]acetamide,BACE1
DB07090,(3S)-N-(3-CHLORO-2-METHYLPHENYL)-1-CYCLOHEXYL-5-OXOPYRROLIDINE-3-CARBOXAMIDE,inhA
DB07091,(S)-N-(4-carbamimidoylbenzyl)-1-(2-(cyclohexyloxy)ethanoyl)pyrrolidine-2-carboxamide,PRSS1
DB07091,(S)-N-(4-carbamimidoylbenzyl)-1-(2-(cyclohexyloxy)ethanoyl)pyrrolidine-2-carboxamide,F2
DB07092,"(2S,3S)-3-AMINO-4-(3,3-DIFLUOROPYRROLIDIN-1-YL)-N,N-DIMETHYL-4-OXO-2-(TRANS-4-[1,2,4]TRIAZOLO[1,5-A]PYRIDIN-6-YLCYCLOHEXYL)BUTANAMIDE",DPP4
DB07093,"{3-[(5-CHLORO-1,3-BENZOTHIAZOL-2-YL)METHYL]-2,4-DIOXO-3,4-DIHYDROPYRIMIDIN-1(2H)-YL}ACETIC ACID",AKR1B1
DB07094,"1-(2,2'-bithiophen-5-yl)methanamine",LTA4H
DB07095,(S)-N-(4-carbamimidoylbenzyl)-1-(3-cyclopentylpropanoyl)pyrrolidine-2-carboxamide,PRSS1
DB07095,(S)-N-(4-carbamimidoylbenzyl)-1-(3-cyclopentylpropanoyl)pyrrolidine-2-carboxamide,F2
DB07096,"6-AMINO-BENZO[DE]ISOQUINOLINE-1,3-DIONE",PARP1
DB07097,"4-tert-butyl-N'-[(1E)-(3,5-dibromo-2,4-dihydroxyphenyl)methylidene]benzohydrazide",fabZ
DB07098,"4-bromo-N'-[(1E)-(3,5-dibromo-2,4-dihydroxyphenyl)methylidene]benzohydrazide",fabZ
DB07099,N-[4-(benzyloxy)phenyl]glycinamide,LTA4H
DB07100,"4-CHLORO-6-(4-PIPERAZIN-1-YL-1H-PYRAZOL-5-YL)BENZENE-1,3-DIOL",HSP90AA1
DB07101,Mirdametinib,MAP2K1
DB07101,Mirdametinib,MAP2K2
DB07102,(2S)-2-amino-5-oxo-5-[(4-phenylmethoxyphenyl)amino]pentanoic acid,LTA4H
DB07103,2-(4-METHYLPHENOXY)ETHYLPHOSPHINATE,npr
DB07104,4-amino-N-[4-(benzyloxy)phenyl]butanamide,LTA4H
DB07105,2-[2-(4-Chloro-Phenylsulfanyl)-Acetylamino]-3-(4-Guanidino-Phenyl)-Propionamide,F2
DB07106,SKF-91488,HNMT
DB07107,(1S)-2-(1H-INDOL-3-YL)-1-[({5-[(E)-2-PYRIDIN-4-YLVINYL]PYRIDIN-3-YL}OXY)METHYL]ETHYLAMINE,PRKACA
DB07107,(1S)-2-(1H-INDOL-3-YL)-1-[({5-[(E)-2-PYRIDIN-4-YLVINYL]PYRIDIN-3-YL}OXY)METHYL]ETHYLAMINE,PKIA
DB07108,"4'-FLUORO-1,1'-BIPHENYL-4-CARBOXYLIC ACID",BCL2L1
DB07109,Isoferulic acid,
DB07110,4-(4-FLUOROBENZYL)PIPERIDINE,BACE1
DB07111,"(4S,5E,7Z,10Z,13Z,16Z,19Z)-4-hydroxydocosa-5,7,10,13,16,19-hexaenoic acid",PPARG
DB07112,N-[(4-HYDROXY-8-IODOISOQUINOLIN-3-YL)CARBONYL]GLYCINE,EGLN1
DB07113,"(2S)-6-(2,4-DIAMINO-6-ETHYLPYRIMIDIN-5-YL)-2-(3,5-DIFLUOROPHENYL)-4-(3-METHOXYPROPYL)-2H-1,4-BENZOXAZIN-3(4H)-ONE",REN
DB07114,4-[(METHYLSULFONYL)AMINO]BENZOIC ACID,blaZ
DB07114,4-[(METHYLSULFONYL)AMINO]BENZOIC ACID,ampC
DB07115,"N-(4-chlorobenzyl)-N-methylbenzene-1,4-disulfonamide",CA13
DB07116,1-(2-DEOXY-5-O-PHOSPHONO-BETA-D-ERYTHRO-PENTOFURANOSYL)-4-METHYL-1H-INDOLE,UNG
DB07117,"5-(4-PHENOXYPHENYL)-5-(4-PYRIMIDIN-2-YLPIPERAZIN-1-YL)PYRIMIDINE-2,4,6(2H,3H)-TRIONE",MMP9
DB07118,Hymecromone,assT
DB07119,1-CHLORO-6-(4-HYDROXYPHENYL)-2-NAPHTHOL,ESR2
DB07119,1-CHLORO-6-(4-HYDROXYPHENYL)-2-NAPHTHOL,ESR1
DB07119,1-CHLORO-6-(4-HYDROXYPHENYL)-2-NAPHTHOL,NCOA1
DB07120,"3-Carbamimidamido-1,1-diphenylurea",F2
DB07121,"4-({4-[(4-AMINOBUT-2-YNYL)OXY]PHENYL}SULFONYL)-N-HYDROXY-2,2-DIMETHYLTHIOMORPHOLINE-3-CARBOXAMIDE",ADAM17
DB07122,1-[4-(2-oxo-2-phenylethyl)phenyl]guanidine,PLAU
DB07123,N-(4-METHYLBENZOYL)-4-BENZYLPIPERIDINE,inhA
DB07124,"(2S)-1-(6H-INDOL-3-YL)-3-{[5-(7H-PYRAZOLO[3,4-C]PYRIDIN-5-YL)PYRIDIN-3-YL]OXY}PROPAN-2-AMINE",PRKACA
DB07125,"4-(6-{[(1R)-1-(hydroxymethyl)propyl]amino}imidazo[1,2-b]pyridazin-3-yl)benzoic acid",DAPK3
DB07126,O6-CYCLOHEXYLMETHOXY-2-(4'-SULPHAMOYLANILINO) PURINE,CDK2
DB07126,O6-CYCLOHEXYLMETHOXY-2-(4'-SULPHAMOYLANILINO) PURINE,CDK4
DB07126,O6-CYCLOHEXYLMETHOXY-2-(4'-SULPHAMOYLANILINO) PURINE,GSK3B
DB07126,O6-CYCLOHEXYLMETHOXY-2-(4'-SULPHAMOYLANILINO) PURINE,CHEK1
DB07126,O6-CYCLOHEXYLMETHOXY-2-(4'-SULPHAMOYLANILINO) PURINE,CCNA2
DB07127,"{4-[2,2-BIS(5-METHYL-1,2,4-OXADIAZOL-3-YL)-3-PHENYLPROPYL]PHENYL}SULFAMIC ACID",PTPRB
DB07128,"N7-BUTYL-N2-(5-CHLORO-2-METHYLPHENYL)-5-METHYL[1,2,4]TRIAZOLO[1,5-A]PYRIMIDINE-2,7-DIAMINE",F2
DB07129,"(2R)-1-(2,6-dimethylphenoxy)propan-2-amine",PLAU
DB07130,4-BROMO-3-(CARBOXYMETHOXY)-5-PHENYLTHIOPHENE-2-CARBOXYLIC ACID,PTPN1
DB07131,(S)-N-(4-carbamimidoylbenzyl)-1-(3-cyclohexylpropanoyl)pyrrolidine-2-carboxamide,PRSS1
DB07131,(S)-N-(4-carbamimidoylbenzyl)-1-(3-cyclohexylpropanoyl)pyrrolidine-2-carboxamide,F2
DB07132,1-{2-OXO-3-[(1R)-1-(1H-PYRROL-2-YL)ETHYL]-2H-INDOL-5-YL}UREA,PDPK1
DB07133,D-phenylalanyl-N-(3-methylbenzyl)-L-prolinamide,F2
DB07134,"5-(4-CHLORO-5-PHENYL-3-THIENYL)-1,2,5-THIADIAZOLIDIN-3-ONE 1,1-DIOXIDE",PTPN1
DB07135,"(2S,3S)-3-AMINO-4-[(3S)-3-FLUOROPYRROLIDIN-1-YL]-N,N-DIMETHYL-4-OXO-2-(TRANS-4-[1,2,4]TRIAZOLO[1,5-A]PYRIDIN-5-YLCYCLOHEXYL)BUTANAMIDE",DPP4
DB07136,BX-528,CPB1
DB07137,(2S)-N-[(3E)-5-Cyclopropyl-3H-pyrazol-3-ylidene]-2-[4-(2-oxo-1-imidazolidinyl)phenyl]propanamide,CCNA2
DB07137,(2S)-N-[(3E)-5-Cyclopropyl-3H-pyrazol-3-ylidene]-2-[4-(2-oxo-1-imidazolidinyl)phenyl]propanamide,CDK2
DB07138,Neflamapimod,MAPK14
DB07138,Neflamapimod,MAPK11
DB07138,Neflamapimod,MAPK12
DB07139,3-[5-(3-nitrophenyl)thiophen-2-yl]propanoic acid,AKR1B1
DB07140,"5-[(3R)-3-(5-methoxybiphenyl-3-yl)but-1-yn-1-yl]-6-methylpyrimidine-2,4-diamine",DHFR
DB07140,"5-[(3R)-3-(5-methoxybiphenyl-3-yl)but-1-yn-1-yl]-6-methylpyrimidine-2,4-diamine",dfrB
DB07141,"5-[(3R)-3-(5-methoxy-4'-methylbiphenyl-3-yl)but-1-yn-1-yl]-6-methylpyrimidine-2,4-diamine",DHFR
DB07142,"5-[(3R)-3-(5-methoxy-3',5'-dimethylbiphenyl-3-yl)but-1-yn-1-yl]-6-methylpyrimidine-2,4-diamine",DHFR
DB07142,"5-[(3R)-3-(5-methoxy-3',5'-dimethylbiphenyl-3-yl)but-1-yn-1-yl]-6-methylpyrimidine-2,4-diamine",dfrB
DB07143,D-phenylalanyl-N-benzyl-L-prolinamide,F2
DB07144,"5-[(3R)-3-(5-methoxy-2',6'-dimethylbiphenyl-3-yl)but-1-yn-1-yl]-6-methylpyrimidine-2,4-diamine",DHFR
DB07145,(2R)-N-HYDROXY-2-[(3S)-3-METHYL-3-{4-[(2-METHYLQUINOLIN-4-YL)METHOXY]PHENYL}-2-OXOPYRROLIDIN-1-YL]PROPANAMIDE,ADAM17
DB07145,(2R)-N-HYDROXY-2-[(3S)-3-METHYL-3-{4-[(2-METHYLQUINOLIN-4-YL)METHOXY]PHENYL}-2-OXOPYRROLIDIN-1-YL]PROPANAMIDE,MMP13
DB07145,(2R)-N-HYDROXY-2-[(3S)-3-METHYL-3-{4-[(2-METHYLQUINOLIN-4-YL)METHOXY]PHENYL}-2-OXOPYRROLIDIN-1-YL]PROPANAMIDE,MMP7
DB07145,(2R)-N-HYDROXY-2-[(3S)-3-METHYL-3-{4-[(2-METHYLQUINOLIN-4-YL)METHOXY]PHENYL}-2-OXOPYRROLIDIN-1-YL]PROPANAMIDE,TNF
DB07145,(2R)-N-HYDROXY-2-[(3S)-3-METHYL-3-{4-[(2-METHYLQUINOLIN-4-YL)METHOXY]PHENYL}-2-OXOPYRROLIDIN-1-YL]PROPANAMIDE,MMP8
DB07145,(2R)-N-HYDROXY-2-[(3S)-3-METHYL-3-{4-[(2-METHYLQUINOLIN-4-YL)METHOXY]PHENYL}-2-OXOPYRROLIDIN-1-YL]PROPANAMIDE,MMP3
DB07145,(2R)-N-HYDROXY-2-[(3S)-3-METHYL-3-{4-[(2-METHYLQUINOLIN-4-YL)METHOXY]PHENYL}-2-OXOPYRROLIDIN-1-YL]PROPANAMIDE,MMP2
DB07145,(2R)-N-HYDROXY-2-[(3S)-3-METHYL-3-{4-[(2-METHYLQUINOLIN-4-YL)METHOXY]PHENYL}-2-OXOPYRROLIDIN-1-YL]PROPANAMIDE,MMP9
DB07145,(2R)-N-HYDROXY-2-[(3S)-3-METHYL-3-{4-[(2-METHYLQUINOLIN-4-YL)METHOXY]PHENYL}-2-OXOPYRROLIDIN-1-YL]PROPANAMIDE,MMP14
DB07145,(2R)-N-HYDROXY-2-[(3S)-3-METHYL-3-{4-[(2-METHYLQUINOLIN-4-YL)METHOXY]PHENYL}-2-OXOPYRROLIDIN-1-YL]PROPANAMIDE,ADAM33
DB07146,"2,3-DIPHENYL-N-(2-PIPERAZIN-1-YLETHYL)FURO[2,3-B]PYRIDIN-4-AMINE",LCK
DB07147,"methyl (1R,2S)-2-(hydroxycarbamoyl)-1-{4-[(2-methylquinolin-4-yl)methoxy]benzyl}cyclopropanecarboxylate",ADAM17
DB07148,"(6S)-1-chloro-3-[(4-fluorobenzyl)oxy]-6-(pyrrolidin-1-ylcarbonyl)pyrrolo[1,2-a]pyrazin-4(6H)-one",PREP
DB07149,"(7S)-2-(2-aminopyrimidin-4-yl)-7-(2-fluoroethyl)-1,5,6,7-tetrahydro-4H-pyrrolo[3,2-c]pyridin-4-one",GSK3B
DB07149,"(7S)-2-(2-aminopyrimidin-4-yl)-7-(2-fluoroethyl)-1,5,6,7-tetrahydro-4H-pyrrolo[3,2-c]pyridin-4-one",CDK9
DB07149,"(7S)-2-(2-aminopyrimidin-4-yl)-7-(2-fluoroethyl)-1,5,6,7-tetrahydro-4H-pyrrolo[3,2-c]pyridin-4-one",CDK2
DB07149,"(7S)-2-(2-aminopyrimidin-4-yl)-7-(2-fluoroethyl)-1,5,6,7-tetrahydro-4H-pyrrolo[3,2-c]pyridin-4-one",CDC7
DB07149,"(7S)-2-(2-aminopyrimidin-4-yl)-7-(2-fluoroethyl)-1,5,6,7-tetrahydro-4H-pyrrolo[3,2-c]pyridin-4-one",CDK1
DB07150,4-(4-HYDROXYPHENYL)-1-NAPHTHALDEHYDE OXIME,ESR2
DB07150,4-(4-HYDROXYPHENYL)-1-NAPHTHALDEHYDE OXIME,NCOA1
DB07151,4-(4-hydroxy-3-methylphenyl)-6-phenylpyrimidin-2(5H)-one,PIM1
DB07152,N-[4-(5-fluoro-6-methylpyridin-2-yl)-5-quinoxalin-6-yl-1H-imidazol-2-yl]acetamide,TGFBR1
DB07153,"6-methyl-5-[3-methyl-3-(3,4,5-trimethoxyphenyl)but-1-yn-1-yl]pyrimidine-2,4-diamine",dfrB
DB07154,"(3R)-4-[(3R)-3-AMINO-4-(2,4,5-TRIFLUOROPHENYL)BUTANOYL]-3-METHYL-1,4-DIAZEPAN-2-ONE",DPP4
DB07155,(3S)-1-CYCLOHEXYL-5-OXO-N-PHENYLPYRROLIDINE-3-CARBOXAMIDE,inhA
DB07156,"(4Z)-6-bromo-4-({[4-(pyrrolidin-1-ylmethyl)phenyl]amino}methylidene)isoquinoline-1,3(2H,4H)-dione",IGF1R
DB07157,"(5R,6S,8S)-8-[3-(AMINOMETHYL)PHENYL]-6-HYDROXY-5-ISOPROPYL-3-OXO-1-PHENYL-2,7-DIOXA-4-AZA-6-PHOSPHANONAN-9-OIC ACID 6-OXIDE",CPB1
DB07158,"5-ETHYL-3-METHYL-1,5-DIHYDRO-4H-PYRAZOLO[4,3-C]QUINOLIN-4-ONE",CHEK1
DB07159,Tamatinib,SYK
DB07159,Tamatinib,RET
DB07160,"N-{[(2S,3S)-3-(ETHOXYCARBONYL)OXIRAN-2-YL]CARBONYL}-L-ISOLEUCINE",CTSB
DB07161,5-phenyl-1H-indazol-3-amine,JAK2
DB07162,4-(3-amino-1H-indazol-5-yl)-N-tert-butylbenzenesulfonamide,JAK2
DB07163,5-[(2-AMINOETHYL)AMINO]-6-FLUORO-3-(1H-PYRROL-2-YL)BENZO[CD]INDOL-2(1H)-ONE,CDK2
DB07164,"N-cyclopropyl-4-pyrazolo[1,5-b]pyridazin-3-ylpyrimidin-2-amine",CCNA2
DB07164,"N-cyclopropyl-4-pyrazolo[1,5-b]pyridazin-3-ylpyrimidin-2-amine",CDK2
DB07165,N-(5-CHLORO-BENZO[B]THIOPHEN-3-YLMETHYL)-2-[6-CHLORO-OXO-3-(2-PYRIDIN-2-YL-ETHYLAMINO)-2H-PYRAZIN-1-YL]-ACETAMIDE,F2
DB07167,5-CYANO-FURAN-2-CARBOXYLIC ACID [5-HYDROXYMETHYL-2-(4-METHYL-PIPERIDIN-1-YL)-PHENYL]-AMIDE,CSF1R
DB07168,[4-({4-[(5-cyclopropyl-1H-pyrazol-3-yl)amino]-6-(methylamino)pyrimidin-2-yl}amino)phenyl]acetonitrile,CAMK2B
DB07169,"5R-(3,4-DICHLOROPHENYLMETHYL)-3-(2-THIOPHENESULFONYLAMINO)-4-OXO-2-THIONOTHIAZOLIDINE",
DB07170,"5'-FLUORO-2',5'-DIDEOXYADENOSINE",flA
DB07171,"5-(2-hydroxyethyl)nonane-1,9-diol",ECE1
DB07172,"(5R,6E,8Z,11Z,14Z,17Z)-5-hydroxyicosa-6,8,11,14,17-pentaenoic acid",PPARG
DB07173,"7-(5-DEOXY-BETA-D-RIBOFURANOSYL)-5-IODO-7H-PYRROLO[2,3-D]PYRIMIDIN-4-AMINE",ADK
DB07174,"6-(2,4-DIAMINO-6-ETHYLPYRIMIDIN-5-YL)-4-(3-METHOXYPROPYL)-2,2-DIMETHYL-2H-1,4-BENZOXAZIN-3(4H)-ONE",REN
DB07175,N-{2-methyl-5-[(6-phenylpyrimidin-4-yl)amino]phenyl}methanesulfonamide,BACE1
DB07177,"(5E,13E)-11-HYDROXY-9,15-DIOXOPROSTA-5,13-DIEN-1-OIC ACID",PTGR1
DB07177,"(5E,13E)-11-HYDROXY-9,15-DIOXOPROSTA-5,13-DIEN-1-OIC ACID",PTGR2
DB07178,5-PENTYL-2-PHENOXYPHENOL,inhA
DB07179,"3-((3-bromo-5-o-tolylpyrazolo[1,5-a]pyrimidin-7-ylamino)methyl)pyridine 1-oxide",CDK2
DB07180,"5-[(Z)-(5-Chloro-2-oxo-1,2-dihydro-3H-indol-3-ylidene)methyl]-N,2,4-trimethyl-1H-pyrrole-3-carboxamide",NEK2
DB07181,"4'-[(1R)-1-amino-2-(2,5-difluorophenyl)ethyl]biphenyl-3-carboxamide",DPP4
DB07182,(2S)-2-(3-Carbamimidamidophenyl)-3-[hydroxy(3-phenylpropyl)phosphoryl]propanoic acid,CPB1
DB07183,N-(4-phenoxyphenyl)-2-[(pyridin-4-ylmethyl)amino]nicotinamide,KDR
DB07184,"6-(cyclohexylsulfanyl)-1-(ethoxymethyl)-5-(1-methylethyl)pyrimidine-2,4(1H,3H)-dione",gag-pol
DB07185,2-{[(4-CHLOROPHENOXY)ACETYL]AMINO}BENZOIC ACID,
DB07186,"4-(4-METHYLPIPERAZIN-1-YL)-N-[5-(2-THIENYLACETYL)-1,5-DIHYDROPYRROLO[3,4-C]PYRAZOL-3-YL]BENZAMIDE",AURKA
DB07186,"4-(4-METHYLPIPERAZIN-1-YL)-N-[5-(2-THIENYLACETYL)-1,5-DIHYDROPYRROLO[3,4-C]PYRAZOL-3-YL]BENZAMIDE",PLK1
DB07187,CP-744809,AKR1B1
DB07188,"(3S)-1-CYCLOHEXYL-N-(3,5-DICHLOROPHENYL)-5-OXOPYRROLIDINE-3-CARBOXAMIDE",inhA
DB07189,"(1S,3R,6S)-4-oxo-6-{4-[(2-phenylquinolin-4-yl)methoxy]phenyl}-5-azaspiro[2.4]heptane-1-carboxylic acid",ADAM17
DB07190,3-cyclohexyl-D-alanyl-N-(3-chlorobenzyl)-L-prolinamide,F2
DB07192,(3S)-N-(3-BROMOPHENYL)-1-CYCLOHEXYL-5-OXOPYRROLIDINE-3-CARBOXAMIDE,inhA
DB07193,"(2R,3R)-7-(methylsulfonyl)-3-(2,4,5-trifluorophenyl)-1,2,3,4-tetrahydropyrido[1,2-a]benzimidazol-2-amine",DPP4
DB07194,"2-{2-[(3,5-dimethylphenyl)amino]pyrimidin-4-yl}-N-[(1S)-2-hydroxy-1-methylethyl]-4-methyl-1,3-thiazole-5-carboxamide",SYK
DB07195,"4-[(1S,2S,5S)-5-(HYDROXYMETHYL)-6,8,9-TRIMETHYL-3-OXABICYCLO[3.3.1]NON-7-EN-2-YL]PHENOL",ESR1
DB07195,"4-[(1S,2S,5S)-5-(HYDROXYMETHYL)-6,8,9-TRIMETHYL-3-OXABICYCLO[3.3.1]NON-7-EN-2-YL]PHENOL",NCOA2
DB07196,N-methyl-1-(2-thiophen-2-ylphenyl)methanamine,LTA4H
DB07197,4-BROMO-3-(CARBOXYMETHOXY)-5-(4-HYDROXYPHENYL)THIOPHENE-2-CARBOXYLIC ACID,PTPN1
DB07198,5-HYDROXY-2-(4-HYDROXYPHENYL)-1-BENZOFURAN-7-CARBONITRILE,ESR2
DB07198,5-HYDROXY-2-(4-HYDROXYPHENYL)-1-BENZOFURAN-7-CARBONITRILE,NCOA1
DB07199,"(2S,4S,5R)-1-(4-TERT-BUTYLBENZOYL)-2-ISOBUTYL-5-(1,3-THIAZOL-2-YL)PYRROLIDINE-2,4-DICARBOXYLIC ACID",
DB07199,"(2S,4S,5R)-1-(4-TERT-BUTYLBENZOYL)-2-ISOBUTYL-5-(1,3-THIAZOL-2-YL)PYRROLIDINE-2,4-DICARBOXYLIC ACID",NS5b
DB07200,"(2S,4S,5R)-2-ISOBUTYL-5-(2-THIENYL)-1-[4-(TRIFLUOROMETHYL)BENZOYL]PYRROLIDINE-2,4-DICARBOXYLIC ACID",
DB07200,"(2S,4S,5R)-2-ISOBUTYL-5-(2-THIENYL)-1-[4-(TRIFLUOROMETHYL)BENZOYL]PYRROLIDINE-2,4-DICARBOXYLIC ACID",NS5b
DB07202,6-CHLORO-3-(3-METHYLISOXAZOL-5-YL)-4-PHENYLQUINOLIN-2(1H)-ONE,CSF1R
DB07203,6-CYCLOHEXYLMETHOXY-2-(3'-CHLOROANILINO) PURINE,CDK2
DB07203,6-CYCLOHEXYLMETHOXY-2-(3'-CHLOROANILINO) PURINE,CCNA2
DB07204,"(1S)-1-(1H-INDOL-3-YLMETHYL)-2-(2-PYRIDIN-4-YL-[1,7]NAPHTYRIDIN-5-YLOXY)-EHYLAMINE",PKIA
DB07204,"(1S)-1-(1H-INDOL-3-YLMETHYL)-2-(2-PYRIDIN-4-YL-[1,7]NAPHTYRIDIN-5-YLOXY)-EHYLAMINE",PRKACA
DB07205,N6-ISOPENTENYL-ADENOSINE-5'-MONOPHOSPHATE,YARS1
DB07206,6-[2-(1H-INDOL-6-YL)ETHYL]PYRIDIN-2-AMINE,BACE1
DB07207,2-(4-HYDROXY-5-PHENYL-1H-PYRAZOL-3-YL)-1H-BENZOIMIDAZOLE-5-CARBOXAMIDINE,F7
DB07207,2-(4-HYDROXY-5-PHENYL-1H-PYRAZOL-3-YL)-1H-BENZOIMIDAZOLE-5-CARBOXAMIDINE,F3
DB07208,"(8E,10S,12Z)-10-hydroxy-6-oxooctadeca-8,12-dienoic acid",PPARG
DB07209,"(8R,9Z,12Z)-8-hydroxy-6-oxooctadeca-9,12-dienoic acid",PPARG
DB07210,"3-bromo-5-phenyl-N-(pyridin-4-ylmethyl)pyrazolo[1,5-a]pyrimidin-7-amine",CDK2
DB07211,(2R)-2-(5-CHLORO-2-THIENYL)-N-{(3S)-1-[(1S)-1-METHYL-2-MORPHOLIN-4-YL-2-OXOETHYL]-2-OXOPYRROLIDIN-3-YL}PROPENE-1-SULFONAMIDE,F2
DB07211,(2R)-2-(5-CHLORO-2-THIENYL)-N-{(3S)-1-[(1S)-1-METHYL-2-MORPHOLIN-4-YL-2-OXOETHYL]-2-OXOPYRROLIDIN-3-YL}PROPENE-1-SULFONAMIDE,F10
DB07212,N-(7-CARBAMIMIDOYL-NAPHTHALEN-1-YL)-3-HYDROXY-2-METHYL-BENZAMIDE,F11
DB07213,"(5-{3-[5-(PIPERIDIN-1-YLMETHYL)-1H-INDOL-2-YL]-1H-INDAZOL-6-YL}-2H-1,2,3-TRIAZOL-4-YL)METHANOL",CHEK1
DB07215,GW-590735,NCOA1
DB07215,GW-590735,PPARA
DB07216,"(11S)-8-CHLORO-11-[1-(METHYLSULFONYL)PIPERIDIN-4-YL]-6-PIPERAZIN-1-YL-11H-BENZO[5,6]CYCLOHEPTA[1,2-B]PYRIDINE",FNTA
DB07216,"(11S)-8-CHLORO-11-[1-(METHYLSULFONYL)PIPERIDIN-4-YL]-6-PIPERAZIN-1-YL-11H-BENZO[5,6]CYCLOHEPTA[1,2-B]PYRIDINE",FNTB
DB07217,"N-(3-cyano-4,5,6,7-tetrahydro-1-benzothien-2-yl)-2-fluorobenzamide",MAPK10
DB07218,"6-CHLORO-9-HYDROXY-1,3-DIMETHYL-1,9-DIHYDRO-4H-PYRAZOLO[3,4-B]QUINOLIN-4-ONE",MAPK8IP1
DB07218,"6-CHLORO-9-HYDROXY-1,3-DIMETHYL-1,9-DIHYDRO-4H-PYRAZOLO[3,4-B]QUINOLIN-4-ONE",MAPK8
DB07219,"BENZYL N-({(2S,3S)-3-[(PROPYLAMINO)CARBONYL]OXIRAN-2-YL}CARBONYL)-L-ISOLEUCYL-L-PROLINATE",CTSB
DB07220,"N-[5-(1,1-DIOXIDOISOTHIAZOLIDIN-2-YL)-1H-INDAZOL-3-YL]-2-(4-PIPERIDIN-1-YLPHENYL)ACETAMIDE",CDK2
DB07221,"(2,2-DIPHOSPHONOETHYL)(DODECYL)DIMETHYLPHOSPHONIUM",GGPS1
DB07222,(3S)-N-(5-CHLORO-2-METHYLPHENYL)-1-CYCLOHEXYL-5-OXOPYRROLIDINE-3-CARBOXAMIDE,inhA
DB07223,CA-074 methyl ester,CTSB
DB07224,"N-{[(2S,3S)-3-(ETHOXYCARBONYL)OXIRAN-2-YL]CARBONYL}-L-ISOLEUCYL-L-ALANINE",CTSB
DB07225,"N-{[(2S,3S)-3-(ETHOXYCARBONYL)OXIRAN-2-YL]CARBONYL}-L-ISOLEUCYL-L-ISOLEUCINE",CTSB
DB07226,"N-[4-(2-CHLOROPHENYL)-1,3-DIOXO-1,2,3,6-TETRAHYDROPYRROLO[3,4-C]CARBAZOL-9-YL]FORMAMIDE",WEE1
DB07227,L-778123,FNTA
DB07227,L-778123,FNTB
DB07227,L-778123,PGGT1B
DB07228,1-(5-CHLORO-2-METHOXYPHENYL)-3-{6-[2-(DIMETHYLAMINO)-1-METHYLETHOXY]PYRAZIN-2-YL}UREA,CHEK1
DB07229,"3-{5-[AMINO(IMINIO)METHYL]-1H-INDOL-2-YL}-5-METHOXY-1,1'-BIPHENYL-2-OLATE",PRSS1
DB07230,3-BROMO-6-HYDROXY-2-(4-HYDROXYPHENYL)-1H-INDEN-1-ONE,ESR2
DB07230,3-BROMO-6-HYDROXY-2-(4-HYDROXYPHENYL)-1H-INDEN-1-ONE,NCOA1
DB07231,"N-({(2S,3S)-3-[(BENZYLAMINO)CARBONYL]OXIRAN-2-YL}CARBONYL)-L-ISOLEUCYL-L-PROLINE",CTSB
DB07232,Veliparib,PARP1
DB07232,Veliparib,PARP2
DB07233,N-{[4-(but-2-yn-1-yloxy)phenyl]sulfonyl}-5-methyl-D-tryptophan,ADAM17
DB07234,"3-{[(1R)-1-phenylethyl]amino}-4-(pyridin-4-ylamino)cyclobut-3-ene-1,2-dione",MAPKAPK2
DB07235,"N-[(1S)-2-AMINO-1-(2,4-DICHLOROBENZYL)ETHYL]-5-[2-(METHYLAMINO)PYRIMIDIN-4-YL]THIOPHENE-2-CARBOXAMIDE",PRKACA
DB07236,3-(6-HYDROXY-NAPHTHALEN-2-YL)-BENZO[D]ISOOXAZOL-6-OL,ESR2
DB07236,3-(6-HYDROXY-NAPHTHALEN-2-YL)-BENZO[D]ISOOXAZOL-6-OL,NCOA1
DB07237,{4-[(2R)-pyrrolidin-2-ylmethoxy]phenyl}(4-thiophen-3-ylphenyl)methanone,LTA4H
DB07238,Nesbuvir,
DB07238,Nesbuvir,
DB07238,Nesbuvir,
DB07239,7-(aminomethyl)-6-(2-chlorophenyl)-1-methyl-1H-benzimidazole-5-carbonitrile,DPP4
DB07241,"7-carboxy-5-hydroxy-12,13-dihydro-6H-indolo[2,3-a]pyrrolo[3,4-c]carbazole",rbmD
DB07242,"(4R)-7,8-dichloro-1',9-dimethyl-1-oxo-1,2,4,9-tetrahydrospiro[beta-carboline-3,4'-piperidine]-4-carbonitrile",DAPK3
DB07242,"(4R)-7,8-dichloro-1',9-dimethyl-1-oxo-1,2,4,9-tetrahydrospiro[beta-carboline-3,4'-piperidine]-4-carbonitrile",PIM1
DB07243,"(3-ENDO)-8-METHYL-8-AZABICYCLO[3.2.1]OCT-3-YL 1H-PYRROLO[2,3-B]PYRIDINE-3-CARBOXYLATE",CHEK1
DB07244,"5-{4-[(3,5-DIFLUOROBENZYL)AMINO]PHENYL}-6-ETHYLPYRIMIDINE-2,4-DIAMINE",NOS3
DB07244,"5-{4-[(3,5-DIFLUOROBENZYL)AMINO]PHENYL}-6-ETHYLPYRIMIDINE-2,4-DIAMINE",REN
DB07245,6-[2-(3'-METHOXYBIPHENYL-3-YL)ETHYL]PYRIDIN-2-AMINE,BACE1
DB07246,"(2R)-2-AMINO-3,3,3-TRIFLUORO-N-HYDROXY-2-{[(4-PHENOXYPHENYL)SULFONYL]METHYL}PROPANAMIDE",MMP9
DB07247,"[2'-HYDROXY-3'-(1H-PYRROLO[3,2-C]PYRIDIN-2-YL)-BIPHENYL-3-YLMETHYL]-UREA",F7
DB07247,"[2'-HYDROXY-3'-(1H-PYRROLO[3,2-C]PYRIDIN-2-YL)-BIPHENYL-3-YLMETHYL]-UREA",F3
DB07248,"7-PYRIDIN-2-YL-N-(3,4,5-TRIMETHOXYPHENYL)-7H-PYRROLO[2,3-D]PYRIMIDIN-2-AMINE",PTK2
DB07249,"N-(5-chloro-1,3-benzodioxol-4-yl)-6-methoxy-7-(3-piperidin-1-ylpropoxy)quinazolin-4-amine",EPHB4
DB07250,"N'-(5-CHLORO-1,3-BENZODIOXOL-4-YL)-N-(3,4,5- TRIMETHOXYPHENYL)PYRIMIDINE-2,4-DIAMINE",EPHB4
DB07251,"N'-(3-CHLORO-4-METHOXY-PHENYL)-N-(3,4,5-TRIMETHOXYPHENYL)-1,3,5-TRIAZINE-2,4-DIAMINE",EPHB4
DB07252,"3-({4-[(5-chloro-1,3-benzodioxol-4-yl)amino]pyrimidin-2-yl}amino)benzenesulfonamide",EPHB4
DB07253,"N'-(5-chloro-1,3-benzodioxol-4-yl)-N-(3-methylsulfonylphenyl)pyrimidine-2,4-diamine",EPHB4
DB07254,"N-[3-[[4-[(5-CHLORO-1,3-BENZODIOXOL-4-YL)AMINO]PYRIMIDIN-2-YL]AMINO]PHENYL]METHANESULFONAMIDE",EPHB4
DB07255,"N'-(5-CHLORO-1,3-BENZODIOXOL-4-YL)-N-(3-MORPHOLIN-4-YLPHENYL)PYRIMIDINE-2,4-DIAMINE",EPHB4
DB07256,"3-({4-[(5-CHLORO-1,3-BENZODIOXOL-4-YL)AMINO]PYRIMIDIN-2-YL}AMINO)BENZAMIDE",EPHB4
DB07257,"4-(2-chlorophenyl)-8-(2-hydroxyethyl)-6-methylpyrrolo[3,4-e]indole-1,3(2H,6H)-dione",WEE1
DB07258,(R)-pyridin-4-yl[4-(2-pyrrolidin-1-ylethoxy)phenyl]methanol,LTA4H
DB07259,1-(4-thiophen-2-ylphenyl)methanamine,LTA4H
DB07260,N-benzyl-4-[(2R)-pyrrolidin-2-ylmethoxy]aniline,LTA4H
DB07261,"THIENO[3,2-B]PYRIDINE-2-SULFONIC ACID [1-(1-AMINO-ISOQUINOLIN-7-YLMETHYL)-2-OXO-PYRROLDIN-3-YL]-AMIDE",F10
DB07262,1-{[N-(1-Imino-guanidino-methyl)]sulfanylmethyl}-3-trifluoromethyl-benzene,folA
DB07263,"[{2-bromo-4-[(2R)-3-oxo-2,3-diphenylpropyl]phenyl}(difluoro)methyl]phosphonic acid",PTPN1
DB07264,(S)-N-(1-(3-CHLORO-4-FLUOROPHENYL)-2-HYDROXYETHYL)-4-(4-(3-CHLOROPHENYL)-1H-PYRAZOL-3-YL)-1H-PYRROLE-2-CARBOXAMIDE,MAPK1
DB07265,"3-(9-HYDROXY-1,3-DIOXO-4-PHENYL-2,3-DIHYDROPYRROLO[3,4-C]CARBAZOL-6(1H)-YL)PROPANOIC ACID",WEE1
DB07266,AKI-001,AURKA
DB07267,2-(6-methylpyridin-2-yl)-N-pyridin-4-ylquinazolin-4-amine,TGFBR1
DB07268,2-({2-[(3-HYDROXYPHENYL)AMINO]PYRIMIDIN-4-YL}AMINO)BENZAMIDE,MAPK8
DB07269,(2S)-2-[3-(AMINOMETHYL)PHENYL]-3-[(R)-[(1R)-1-{[(BENZYLOXY)CARBONYL]AMINO}-2-METHYLPROPYL](HYDROXY)PHOSPHORYL]PROPANOIC ACID,CPB1
DB07270,"N-[7-(3-AMINOPHENYL)-5-METHOXY-1,3-BENZOXAZOL-2-YL]-2,5-DICHLOROBENZENESULFONAMIDE",FBP1
DB07271,"4-[(3R)-3-Amino-4-(2,4,5-trifluorophenyl)butanoyl]-3-(2,2,2-trifluoroethyl)-1,4-diazepan-2-one",DPP4
DB07272,"N-(4-AMINO-5-CYANO-6-ETHOXYPYRIDIN-2-YL)-2-(4-BROMO-2,5-DIMETHOXYPHENYL)ACETAMIDE",MAPK8IP1
DB07272,"N-(4-AMINO-5-CYANO-6-ETHOXYPYRIDIN-2-YL)-2-(4-BROMO-2,5-DIMETHOXYPHENYL)ACETAMIDE",MAPK8
DB07273,1-[(2-AMINO-4-CHLORO-5-METHYLPHENYL)SULFONYL]-L-PROLINE,
DB07274,"N-cyclopropyl-6-[(6,7-dimethoxyquinolin-4-yl)oxy]naphthalene-1-carboxamide",KDR
DB07275,"3-(1,1-dioxido-4H-1,2,4-benzothiadiazin-3-yl)-4-hydroxy-1-(3-methylbutyl)quinolin-2(1H)-one",
DB07276,"5-CYANO-N-(2,5-DIMETHOXYBENZYL)-6-ETHOXYPYRIDINE-2-CARBOXAMIDE",MAPK8IP1
DB07276,"5-CYANO-N-(2,5-DIMETHOXYBENZYL)-6-ETHOXYPYRIDINE-2-CARBOXAMIDE",MAPK8
DB07277,2-(5-CHLORO-2-THIENYL)-N-{(3S)-1-[(1S)-1-METHYL-2-MORPHOLIN-4-YL-2-OXOETHYL]-2-OXOPYRROLIDIN-3-YL}ETHANESULFONAMIDE,F2
DB07277,2-(5-CHLORO-2-THIENYL)-N-{(3S)-1-[(1S)-1-METHYL-2-MORPHOLIN-4-YL-2-OXOETHYL]-2-OXOPYRROLIDIN-3-YL}ETHANESULFONAMIDE,F10
DB07278,GW-813893,F10
DB07278,GW-813893,F2
DB07279,N-ETHYL-N-ISOPROPYL-3-METHYL-5-{[(2S)-2-(PYRIDIN-4-YLAMINO)PROPYL]OXY}BENZAMIDE,F2
DB07280,5-[4-(DIMETHYLAMINO)PHENYL]-6-[(6-MORPHOLIN-4-YLPYRIDIN-3-YL)ETHYNYL]PYRIMIDIN-4-AMINE,ADK
DB07281,"N~3~-BENZYLPYRIDINE-2,3-DIAMINE",BACE1
DB07284,"N~3~-(3-PYRIDIN-3-YLBENZYL)PYRIDINE-2,3-DIAMINE",BACE1
DB07285,"(3R)-4,4-DIFLUORO-3-[(4-METHOXYPHENYL)SULFONYL]BUTANOIC ACID",MMP9
DB07286,BMS-564929,AR
DB07287,"2-(2,4-DICHLOROPHENOXY)-5-(PYRIDIN-2-YLMETHYL)PHENOL",inhA
DB07288,N-(4-chlorophenyl)-2-[(pyridin-4-ylmethyl)amino]benzamide,KDR
DB07288,N-(4-chlorophenyl)-2-[(pyridin-4-ylmethyl)amino]benzamide,FLT1
DB07289,5-[3-(BENZYLAMINO)PHENYL]-4-BROMO-3-(CARBOXYMETHOXY)THIOPHENE-2-CARBOXYLIC ACID,PTPN1
DB07290,(2R)-2-{[(4-FLUORO-3-METHYLPHENYL)SULFONYL]AMINO}-N-HYDROXY-2-TETRAHYDRO-2H-PYRAN-4-YLACETAMIDE,lef
DB07291,5-amino-1-(4-chlorophenyl)-1H-pyrazole-4-carbonitrile,ppa
DB07292,"4-(2-amino-1,3-thiazol-4-yl)phenol",LTA4H
DB07292,"4-(2-amino-1,3-thiazol-4-yl)phenol",FBP2
DB07292,"4-(2-amino-1,3-thiazol-4-yl)phenol",FBP1
DB07293,benzyl (2-oxopropyl)carbamate,rep
DB07294,"3-fluoro-4-[2-hydroxy-2-(5,5,8,8-tetramethyl-5,6,7,8,-tetrahydro-naphtalen-2-yl)-acetylamino]-benzoic acid",RARG
DB07295,2-[(7-HYDROXY-NAPHTHALEN-1-YL)-OXALYL-AMINO]-BENZOIC ACID,PTPN1
DB07296,(5Z)-3-(4-CHLOROPHENYL)-4-HYDROXY-5-(1-NAPHTHYLMETHYLENE)FURAN-2(5H)-ONE,murB
DB07297,"5,6-DIPHENYL-N-(2-PIPERAZIN-1-YLETHYL)FURO[2,3-D]PYRIMIDIN-4-AMINE",LCK
DB07298,"3-(CARBOXYMETHOXY)THIENO[2,3-B]PYRIDINE-2-CARBOXYLIC ACID",PTPN1
DB07299,4-METHYL-PENTANOIC ACID {1-[4-GUANIDINO-1-(THIAZOLE-2-CARBONYL)-BUTYLCARBAMOYL]-2-METHYL-PROPYL}-AMIDE,F11
DB07300,"2-(1H-imidazol-1-yl)-9-methoxy-8-(2-methoxyethoxy)benzo[c][2,7]naphthyridin-4-amine",PDPK1
DB07301,Carbazole,carAc
DB07301,Carbazole,carAa
DB07302,9(S)-HODE,PPARG
DB07303,"N~3~-[3-(5-METHOXYPYRIDIN-3-YL)BENZYL]PYRIDINE-2,3-DIAMINE",BACE1
DB07304,5-[2-(TRIFLUOROMETHOXY)PHENYL]-2-FUROIC ACID,map
DB07305,5-(2-CHLORO-4-NITROPHENYL)-2-FUROIC ACID,map
DB07306,ETHYL 4-[(4-CHLOROPYRIDIN-2-YL)AMINO]PIPERIDINE-1-CARBOXYLATE,NOS2
DB07307,N-cyclopropyl-4-methyl-3-[1-(2-methylphenyl)phthalazin-6-yl]benzamide,MAPK14
DB07308,5-(2-CHLOROBENZYL)-2-FUROIC ACID,map
DB07309,5-BROMO-2-{[(4-CHLOROPHENYL)SULFONYL]AMINO}BENZOIC ACID,METAP2
DB07310,"(5S)-2-{[(1S)-1-(2-fluorophenyl)ethyl]amino}-5-methyl-5-(trifluoromethyl)-1,3-thiazol-4(5H)-one",HSD11B1
DB07311,"18-CHLORO-11,12,13,14-TETRAHYDRO-1H,10H-8,4-(AZENO)-9,15,1,3,6-BENZODIOXATRIAZACYCLOHEPTADECIN-2-ONE",CHEK1
DB07312,"2,5-DICHLORO-N-(5-CHLORO-1,3-BENZOXAZOL-2-YL)BENZENESULFONAMIDE",FBP1
DB07313,5-METHYL-2-[(PHENYLSULFONYL)AMINO]BENZOIC ACID,METAP2
DB07314,"1-(5-CHLORO-2,4-DIMETHOXYPHENYL)-3-(5-CYANOPYRAZIN-2-YL)UREA",CHEK1
DB07315,"5-chloro-N-{4-[(1R)-1,2-dihydroxyethyl]phenyl}-1H-indole-2-carboxamide",PYGL
DB07316,"N-{1-[(1-carbamoylcyclopropyl)methyl]piperidin-4-yl}-N-cyclopropyl-4-[(1S)-2,2,2-trifluoro-1-hydroxy-1-methylethyl]benzamide",HSD11B1
DB07317,(3E)-3-[(phenylamino)methylidene]dihydrofuran-2(3H)-one,HSP90AA1
DB07318,"N-[2-(4-AMINO-5,8-DIFLUORO-1,2-DIHYDROQUINAZOLIN-2-YL)ETHYL]-3-FURAMIDE",NOS2
DB07319,"6-(3-BROMO-2-NAPHTHYL)-1,3,5-TRIAZINE-2,4-DIAMINE",HSP90AA1
DB07320,"4-(6-{[(4-METHYLCYCLOHEXYL)AMINO]METHYL}-1,4-DIHYDROINDENO[1,2-C]PYRAZOL-3-YL)BENZOIC ACID",CHEK1
DB07321,"2,5-DICHLORO-N-[5-METHOXY-7-(6-METHOXYPYRIDIN-3-YL)-1,3-BENZOXAZOL-2-YL]BENZENESULFONAMIDE",FBP1
DB07322,"2-[(PHENYLSULFONYL)AMINO]-5,6,7,8-TETRAHYDRONAPHTHALENE-1-CARBOXYLIC ACID",METAP2
DB07323,"2-[({2-[(1Z)-3-(DIMETHYLAMINO)PROP-1-ENYL]-4-FLUOROPHENYL}SULFONYL)AMINO]-5,6,7,8-TETRAHYDRONAPHTHALENE-1-CARBOXYLIC ACID",METAP2
DB07324,"3-({2-[(2-AMINO-6-METHYLPYRIMIDIN-4-YL)ETHYNYL]BENZYL}AMINO)-1,3-OXAZOL-2(3H)-ONE",HSP90AA1
DB07325,N-[(2-AMINO-6-METHYLPYRIMIDIN-4-YL)METHYL]-3-{[(E)-(2-OXODIHYDROFURAN-3(2H)-YLIDENE)METHYL]AMINO}BENZENESULFONAMIDE,HSP90AA1
DB07326,"6-chloro-N-pyrimidin-5-yl-3-{[3-(trifluoromethyl)phenyl]amino}-1,2-benzisoxazole-7-carboxamide",KDR
DB07327,R-95845,gag-pol
DB07327,R-95845,gag-pol
DB07328,"METHYL 4-{[({[(2R,5S)-5-{[(2S)-2-(AMINOMETHYL)PYRROLIDIN-1-YL]CARBONYL}PYRROLIDIN-2-YL]METHYL}AMINO)CARBONYL]AMINO}BENZOATE",DPP4
DB07329,1-[N-4'-NITROBENZYL-N-4'-CARBOXYBUTYLAMINO]METHYLPHOSPHONIC ACID,IGHG2
DB07330,A-620223,PARP1
DB07331,p-Nitrophenylacetic acid,pac
DB07332,"ALPHA-(2,6-DICHLOROPHENYL)-ALPHA-(2-ACETYL-5-METHYLANILINO)ACETAMIDE",gag-pol
DB07332,"ALPHA-(2,6-DICHLOROPHENYL)-ALPHA-(2-ACETYL-5-METHYLANILINO)ACETAMIDE",gag-pol
DB07333,"N-(CYCLOPROPYLMETHYL)-4-(METHYLOXY)-3-({5-[3-(3-PYRIDINYL)PHENYL]-1,3-OXAZOL-2-YL}AMINO)BENZENESULFONAMIDE",KDR
DB07334,"N-[5-(ETHYLSULFONYL)-2-METHOXYPHENYL]-5-[3-(2-PYRIDINYL)PHENYL]-1,3-OXAZOL-2-AMINE",KDR
DB07335,"3-[4-AMINO-1-(1-METHYLETHYL)-1H-PYRAZOLO[3,4-D]PYRIMIDIN-3-YL]PHENOL",PIK3CG
DB07335,"3-[4-AMINO-1-(1-METHYLETHYL)-1H-PYRAZOLO[3,4-D]PYRIMIDIN-3-YL]PHENOL",SRC
DB07336,4-[3-(1H-BENZIMIDAZOL-2-YL)-1H-INDAZOL-6-YL]-2-METHOXYPHENOL,CHEK1
DB07337,"4-[4-AMINO-6-(5-CHLORO-1H-INDOL-4-YLMETHYL)-[1,3,5]TRIAZIN-2-YLAMINO]-BENZONITRILE",gag-pol
DB07338,Acifluorfen,pgoX
DB07338,Acifluorfen,cgoX
DB07339,"(3S)-3-hydroxy-1-methyl-2,3-dihydro-1H-indole-5,6-dione",NQO2
DB07340,Reversine,MAP2K1
DB07340,Reversine,ADORA3
DB07340,Reversine,AURKB
DB07340,Reversine,INCENP
DB07341,"octyl 3-amino-3-deoxy-2-O-(2,6-dideoxy-alpha-L-lyxo-hexopyranosyl)-beta-D-galactopyranoside",ABO
DB07342,1-(adamantan-1-yl)-2-(1H-imidazol-1-yl)ethanone,HMOX1
DB07343,"4-[4-AMINO-6-(2,6-DICHLORO-PHENOXY)-[1,3,5]TRIAZIN-2-YLAMINO]-BENZONITRILE",gag-pol
DB07344,"3,6,9,12,15-PENTAOXAHEPTADECAN-1-OL",MCAT
DB07345,4-(2-aminoethyl)-2-cyclohexylphenol,BACE1
DB07346,4-(2-aminoethyl)-2-ethylphenol,BACE1
DB07347,4-(2-Aminoethyl)Benzenesulfonyl Fluoride,GAPDH
DB07347,4-(2-Aminoethyl)Benzenesulfonyl Fluoride,ATP6V1B2
DB07348,Brefeldin A,CYTH2
DB07348,Brefeldin A,ARF1
DB07349,"(1S)-2-{[{[(2S)-2,3-DIHYDROXYPROPYL]OXY}(HYDROXY)PHOSPHORYL]OXY}-1-[(PENTANOYLOXY)METHYL]ETHYL OCTANOATE",narG
DB07349,"(1S)-2-{[{[(2S)-2,3-DIHYDROXYPROPYL]OXY}(HYDROXY)PHOSPHORYL]OXY}-1-[(PENTANOYLOXY)METHYL]ETHYL OCTANOATE",narH
DB07349,"(1S)-2-{[{[(2S)-2,3-DIHYDROXYPROPYL]OXY}(HYDROXY)PHOSPHORYL]OXY}-1-[(PENTANOYLOXY)METHYL]ETHYL OCTANOATE",narI
DB07349,"(1S)-2-{[{[(2S)-2,3-DIHYDROXYPROPYL]OXY}(HYDROXY)PHOSPHORYL]OXY}-1-[(PENTANOYLOXY)METHYL]ETHYL OCTANOATE",aqpZ
DB07350,(2E)-N-hydroxy-3-[1-methyl-4-(phenylacetyl)-1H-pyrrol-2-yl]prop-2-enamide,HDAC8
DB07351,O-(((1R)-((N-(PHENYL-METHOXY-CARBONYL)-ALANYL)-AMINO)METHYL)HYDROXYPHOSPHINYL)3-L-PHENYLLACTATE,CPA1
DB07352,Apigenin,HSD17B1
DB07352,Apigenin,CDK6
DB07352,Apigenin,AR
DB07352,Apigenin,CYP19A1
DB07352,Apigenin,CYP1B1
DB07352,Apigenin,AKR1B1
DB07352,Apigenin,CSNK2A1
DB07352,Apigenin,fabZ
DB07353,"4-(2,5-DIAMINO-5-HYDROXY-PENTYL)-PHENOL",F2
DB07354,"2,3-DIMETHOXY-12H-[1,3]DIOXOLO[5,6]INDENO[1,2-C]ISOQUINOLIN-6-IUM",TOP1
DB07355,3-(heptyloxy)benzoic acid,lpxC
DB07356,"(1S)-2-[(2S,5R)-2-(AMINOMETHYL)-5-ETHYNYLPYRROLIDIN-1-YL]-1-CYCLOPENTYL-2-OXOETHANAMINE",DPP4
DB07357,"4-AMINO-2-HEXYLOXY-6-HYDROXYMETHYL-TETRAHYDRO-PYRAN-3,5-DIOL",ABO
DB07358,"2-amino-N-(4-methyl-1,3-thiazol-2-yl)-5-[(4-methyl-4H-1,2,4-triazol-3-yl)sulfanyl]benzamide",GCK
DB07359,"3-[(4-fluorophenyl)sulfanyl]-N-(4-methyl-1,3-thiazol-2-yl)-6-[(4-methyl-4H-1,2,4-triazol-3-yl)sulfanyl]pyridine-2-carboxamide",GCK
DB07360,"1-{5-[2-(thieno[3,2-d]pyrimidin-4-ylamino)ethyl]-1,3-thiazol-2-yl}-3-[3-(trifluoromethyl)phenyl]urea",AURKA
DB07362,"1-(5-{2-[(1-methyl-1H-pyrazolo[4,3-d]pyrimidin-7-yl)amino]ethyl}-1,3-thiazol-2-yl)-3-[3-(trifluoromethyl)phenyl]urea",AURKA
DB07363,"THIOPHENE-2,5-DISULFONIC ACID 2-AMIDE-5-(4-METHYL-BENZYLAMIDE)",CA2
DB07364,"6-PHENYL[5H]PYRROLO[2,3-B]PYRAZINE",CDK5
DB07364,"6-PHENYL[5H]PYRROLO[2,3-B]PYRAZINE",CDK2
DB07364,"6-PHENYL[5H]PYRROLO[2,3-B]PYRAZINE",CDK1
DB07364,"6-PHENYL[5H]PYRROLO[2,3-B]PYRAZINE",CDK5R1
DB07365,1-Naphthyl-L-alanine,oppA
DB07365,1-Naphthyl-L-alanine,pol
DB07366,2-[N'-(4-AMINO-BUTYL)-HYDRAZINOCARBONYL]-PYRROLIDINE-1-CARBOXYLIC ACID BENZYL ESTER,F2
DB07367,"(3Z,5S,6R,7S,8S,8aR)-3-(octylimino)hexahydro[1,3]oxazolo[3,4-a]pyridine-5,6,7,8-tetrol",bglA
DB07368,4-(METHYLSULFONYL)BENZENECARBOXIMIDAMIDE,PRSS1
DB07369,"N-(3-chlorophenyl)-N-methyl-2-oxo-3-[(3,4,5-trimethyl-1H-pyrrol-2-yl)methyl]-2H-indole-5-sulfonamide",MET
DB07370,"(3Z,5S,6R,7S,8R,8aS)-3-(octylimino)hexahydro[1,3]thiazolo[3,4-a]pyridine-5,6,7,8-tetrol",bglA
DB07371,3-(10-methyl-9-anthryl)propanoic acid,IGHG1
DB07373,Boldione,CYP19A1
DB07373,Boldione,onr
DB07374,Anisomycin,RPL10L
DB07374,Anisomycin,RPL13A
DB07374,Anisomycin,RPL23
DB07374,Anisomycin,RPL15
DB07374,Anisomycin,RPL19
DB07374,Anisomycin,RPL23A
DB07374,Anisomycin,RSL24D1
DB07374,Anisomycin,RPL26L1
DB07374,Anisomycin,RPL8
DB07374,Anisomycin,RPL37
DB07374,Anisomycin,RPL3
DB07374,Anisomycin,RPL11
DB07374,Anisomycin,SNU13
DB07375,Etiocholanedione,IGHG2
DB07375,Etiocholanedione,IGHG1
DB07375,Etiocholanedione,IGKC
DB07375,Etiocholanedione,IGKV2-30
DB07376,5-(DIMETHYLAMINO)-1-NAPHTHALENESULFONIC ACID(DANSYL ACID),F2
DB07376,5-(DIMETHYLAMINO)-1-NAPHTHALENESULFONIC ACID(DANSYL ACID),F7
DB07377,"N'-((2S,3R)-3-AMINO-2-HYDROXY-5-(ISOPROPYLSULFANYL)PENTANOYL)-N-3-CHLOROBENZOYL HYDRAZIDE",METAP2
DB07378,"4-AMINO-2-OCTYLOXY-6-HYDROXYMETHYL-TETRAHYDRO-PYRAN-3,5-DIOL",ABO
DB07379,(2S)-2-({6-[(3-Amino-5-chlorophenyl)amino]-9-isopropyl-9H-purin-2-yl}amino)-3-methyl-1-butanol,CDK6
DB07379,(2S)-2-({6-[(3-Amino-5-chlorophenyl)amino]-9-isopropyl-9H-purin-2-yl}amino)-3-methyl-1-butanol,72
DB07380,"1,1,1-TRIFLUORO-3-ACETAMIDO-4-PHENYL BUTAN-2-ONE(N-ACETYL-L-PHENYLALANYL TRIFLUOROMETHYL KETONE)",CTRB1
DB07381,(S)-atrolactic acid,mdlA
DB07382,"N~2~-1H-benzimidazol-5-yl-N~4~-(3-cyclopropyl-1H-pyrazol-5-yl)pyrimidine-2,4-diamine",ERN1
DB07383,"N-(1-BENZYL-3,3,3-TRIFLUORO-2,2-DIHYDROXY-PROPYL)-ACETAMIDE",CTRB1
DB07384,1-ACETYL-2-CARBOXYPIPERIDINE,ATP5F1A
DB07384,1-ACETYL-2-CARBOXYPIPERIDINE,ATP5F1B
DB07384,1-ACETYL-2-CARBOXYPIPERIDINE,ATP5F1C
DB07385,"3-(HYDROXYMETHYL)-1-METHYL-5-(2-METHYLAZIRIDIN-1-YL)-2-PHENYL-1H-INDOLE-4,7-DIONE",NQO1
DB07387,3-(BUTYLSULPHONYL)-PROPANOIC ACID,TPI1
DB07388,ETHYL 4-[(4-METHYLPYRIDIN-2-YL)AMINO]PIPERIDINE-1-CARBOXYLATE,NOS2
DB07388,ETHYL 4-[(4-METHYLPYRIDIN-2-YL)AMINO]PIPERIDINE-1-CARBOXYLATE,NOS3
DB07389,N-[2-(6-AMINO-4-METHYLPYRIDIN-2-YL)ETHYL]-4-CYANOBENZAMIDE,NOS2
DB07390,"2-[3-(5-Mercapto-[1,3,4]thiadiazol-2-yl)-ureido]-N-methyl-3-phenyl-propionamide",MMP3
DB07390,"2-[3-(5-Mercapto-[1,3,4]thiadiazol-2-yl)-ureido]-N-methyl-3-phenyl-propionamide",MMP2
DB07391,"(2S)-2-AMINO-1-(5-TERT-BUTYL-1,3,4-OXADIAZOL-2-YL)PROPAN-1-ONE",pip
DB07392,Atrazine,pufC
DB07392,Atrazine,puhA
DB07392,Atrazine,pufL
DB07392,Atrazine,pufM
DB07393,"2-(2-PHENYL-3-PYRIDIN-2-YL-4,5,6,7-TETRAHYDRO-2H-ISOPHOSPHINDOL-1-YL)PYRIDINE",GSR
DB07394,AUROVERTIN B,ATP5F1A
DB07394,AUROVERTIN B,ATP5F1B
DB07394,AUROVERTIN B,ATP5F1C
DB07395,"4-[3-(2-Chloro-4,5-difluoro-benzoyl)ureido]-3-trifluoromethoxybenzoic acid",PYGL
DB07396,AVE-2865,PYGL
DB07397,"(5S)-5-(2-amino-2-oxoethyl)-4-oxo-N-[(3-oxo-3,4-dihydro-2H-1,4-benzoxazin-6-yl)methyl]-3,4,5,6,7,8-hexahydro[1]benzothieno[2,3-d]pyrimidine-2-carboxamide",MMP8
DB07398,"2-[(CYCLOPROPYLCARBONYL)AMINO]-4,5,6,7-TETRAHYDRO-1-BENZOTHIOPHENE-3-CARBOXAMIDE",pknG
DB07400,1-ETHOXYCARBONYL-D-PHE-PRO-2(4-AMINOBUTYL)HYDRAZINE,F2
DB07401,Azoxystrobin,CYC1
DB07401,Azoxystrobin,MT-CYB
DB07401,Azoxystrobin,UQCRC1
DB07401,Azoxystrobin,UQCRC2
DB07401,Azoxystrobin,UQCRH
DB07401,Azoxystrobin,UQCRQ
DB07401,Azoxystrobin,UQCRFS1
DB07401,Azoxystrobin,UQCR11
DB07401,Azoxystrobin,UQCRB
DB07401,Azoxystrobin,UQCR10
DB07403,"4-[(3-CHLORO-4-{[(2R)-3,3,3-TRIFLUORO-2-HYDROXY-2-METHYLPROPANOYL]AMINO}PHENYL)SULFONYL]-N,N-DIMETHYLBENZAMIDE",PDK1
DB07404,BPH-608,FDPS
DB07404,BPH-608,ispU
DB07405,"1-(6-CYANO-3-PYRIDYLCARBONYL)-5',8'-DIFLUOROSPIRO[PIPERIDINE-4,2'(1'H)-QUINAZOLINE]-4'-AMINE",NOS2
DB07405,"1-(6-CYANO-3-PYRIDYLCARBONYL)-5',8'-DIFLUOROSPIRO[PIPERIDINE-4,2'(1'H)-QUINAZOLINE]-4'-AMINE",NOS1
DB07406,"(4R)-N-[4-({[2-(DIMETHYLAMINO)ETHYL]AMINO}CARBONYL)-1,3-THIAZOL-2-YL]-4-METHYL-1-OXO-2,3,4,9-TETRAHYDRO-1H-BETA-CARBOLINE-6-CARBOXAMIDE",MAPKAPK2
DB07407,5-(2-METHOXYPHENYL)-2-FUROIC ACID,map
DB07408,5-(2-NITROPHENYL)-2-FUROIC ACID,map
DB07409,"(1-HYDROXY-1-PHOSPHONO-2-[1,1';4',1'']TERPHENYL-3-YL-ETHYL)-PHOSPHONIC ACID",FDPS
DB07409,"(1-HYDROXY-1-PHOSPHONO-2-[1,1';4',1'']TERPHENYL-3-YL-ETHYL)-PHOSPHONIC ACID",ispU
DB07410,[2-(3-DIBENZOFURAN-4-YL-PHENYL)-1-HYDROXY-1-PHOSPHONO-ETHYL]-PHOSPHONIC ACID,FDPS
DB07410,[2-(3-DIBENZOFURAN-4-YL-PHENYL)-1-HYDROXY-1-PHOSPHONO-ETHYL]-PHOSPHONIC ACID,GGPS1
DB07410,[2-(3-DIBENZOFURAN-4-YL-PHENYL)-1-HYDROXY-1-PHOSPHONO-ETHYL]-PHOSPHONIC ACID,ispU
DB07411,PHENYLALANINE BORONIC ACID,alpha-LP
DB07412,1-biphenyl-2-ylmethanamine,DPP4
DB07413,5'-S-[2-(decylamino)ethyl]-5'-thioadenosine,mmaA4
DB07414,"(5S)-1-benzyl-3-(1,1-dioxido-1,2-benzisothiazol-3-yl)-4-hydroxy-5-(1-methylethyl)-1,5-dihydro-2H-pyrrol-2-one",
DB07415,4-[(1S)-1-(3-fluoro-4-methoxyphenyl)-2-(2-methoxy-5-nitrophenyl)ethyl]-1H-imidazol-2-amine,BACE1
DB07416,(2S)-2-(BUTYRYLOXY)-3-HYDROXYPROPYL NONANOATE,kcsA
DB07416,(2S)-2-(BUTYRYLOXY)-3-HYDROXYPROPYL NONANOATE,IGKC
DB07416,(2S)-2-(BUTYRYLOXY)-3-HYDROXYPROPYL NONANOATE,kcsA
DB07418,bis(4-nitrophenyl) hydrogen phosphate,pqsE
DB07419,S-23,AR
DB07420,(1R)-4-(3-phenoxyphenyl)-1-phosphonobutane-1-sulfonic acid,crtM
DB07421,"4-{[(1R,2S)-1,2-dihydroxy-2-methyl-3-(4-nitrophenoxy)propyl]amino}-2-(trifluoromethyl)benzonitrile",AR
DB07422,(2S)-2-hydroxy-2-methyl-N-[4-nitro-3-(trifluoromethyl)phenyl]-3-(pentafluorophenoxy)propanamide,AR
DB07423,Andarine,AR
DB07424,Tripotassium (1R)-4-biphenyl-4-yl-1-phosphonatobutane-1-sulfonate,crtM
DB07425,Sobetirome,CHRM1
DB07425,Sobetirome,
DB07425,Sobetirome,THRB
DB07426,"[1-HYDROXY-2-(1,1':3',1''-TERPHENYL-3-YLOXY)ETHANE-1,1-DIYL]BIS(PHOSPHONIC ACID)",FDPS
DB07426,"[1-HYDROXY-2-(1,1':3',1''-TERPHENYL-3-YLOXY)ETHANE-1,1-DIYL]BIS(PHOSPHONIC ACID)",ispU
DB07427,2-[(2-methoxy-5-methylphenoxy)methyl]pyridine,HBA1
DB07427,2-[(2-methoxy-5-methylphenoxy)methyl]pyridine,HBB
DB07428,4-[(5-methoxy-2-methylphenoxy)methyl]pyridine,HBA1
DB07428,4-[(5-methoxy-2-methylphenoxy)methyl]pyridine,HBB
DB07429,2-({[4-bromo-3-(diethylsulfamoyl)phenyl]carbonyl}amino)benzoic acid,fabH
DB07430,"(10R)-10-methyl-3-(6-methylpyridin-3-yl)-9,10,11,12-tetrahydro-8H-[1,4]diazepino[5',6':4,5]thieno[3,2-f]quinolin-8-one",MAPKAPK2
DB07431,"(3R)-3-(aminomethyl)-9-methoxy-1,2,3,4-tetrahydro-5H-[1]benzothieno[3,2-e][1,4]diazepin-5-one",MAPKAPK2
DB07431,"(3R)-3-(aminomethyl)-9-methoxy-1,2,3,4-tetrahydro-5H-[1]benzothieno[3,2-e][1,4]diazepin-5-one",CDK2
DB07432,"[[(3R,4R,5S,6R)-3-(butanoylamino)-4,5-dihydroxy-6-(hydroxymethyl)oxan-2-ylidene]amino] N-phenylcarbamate",nagZ
DB07432,"[[(3R,4R,5S,6R)-3-(butanoylamino)-4,5-dihydroxy-6-(hydroxymethyl)oxan-2-ylidene]amino] N-phenylcarbamate",
DB07433,(TERT-BUTYLOXYCARBONYL)-ALANYL-AMINO ETHYL-FORMAMIDE,CELA1
DB07434,HONH-BENZYLMALONYL-L-ALANYLGLYCINE-P-NITROANILIDE,npr
DB07435,"1,2,3-TRIHYDROXY-1,2,3,4-TETRAHYDROBENZO[A]PYRENE",POLK
DB07435,"1,2,3-TRIHYDROXY-1,2,3,4-TETRAHYDROBENZO[A]PYRENE",polA
DB07436,N-(1-PHENYL-PROPYL)-FORMAMIDE,UL80
DB07437,5-Benzylacyclouridine,udp
DB07437,5-Benzylacyclouridine,UPP1
DB07439,"1-((2-HYDROXYETHOXY)METHYL)-5-(3-(BENZYLOXY)BENZYL)-6-HYDROXYPYRIMIDINE-2,4(1H,3H)-DIONE",udp
DB07440,4-TERT-BUTYLBENZENESULFONIC ACID,F2
DB07441,"3-{[(9-CYANO-9,10-DIHYDRO-10-METHYLACRIDIN-9-YL)CARBONYL]AMINO}PROPANOIC ACID",IGHG1
DB07441,"3-{[(9-CYANO-9,10-DIHYDRO-10-METHYLACRIDIN-9-YL)CARBONYL]AMINO}PROPANOIC ACID",IGKC
DB07443,(2Z)-N-biphenyl-4-yl-2-cyano-3-hydroxybut-2-enamide,
DB07443,(2Z)-N-biphenyl-4-yl-2-cyano-3-hydroxybut-2-enamide,DHODH
DB07444,"6-(3-AMINOPROPYL)-4,9-DIMETHYLPYRROLO[3,4-C]CARBAZOLE-1,3(2H,6H)-DIONE",DAPK1
DB07445,"N'-[(1E)-(3,5-DIBROMO-2,4-DIHYDROXYPHENYL)METHYLENE]NICOTINOHYDRAZIDE",fabZ
DB07446,N-(biphenyl-4-ylsulfonyl)-D-leucine,MMP12
DB07447,5beta-dihydrotestosterone,AKR1D1
DB07448,(2S)-3-[(R)-[(1S)-1-amino-3-phenylpropyl](hydroxy)phosphoryl]-2-benzylpropanoic acid,LAP3
DB07449,N-[(1S)-1-(aminocarbonyl)-4-(ethanimidoylamino)butyl]benzamide,PADI4
DB07450,(R)-minalrestat,AKR1B1
DB07451,1-(5-BROMO-PYRIDIN-2-YL)-3-[2-(6-FLUORO-2-HYDROXY-3-PROPIONYL-PHENYL)-CYCLOPROPYL]-UREA,gag-pol
DB07452,"2,6-diamino-1,7-dihydro-8H-imidazo[4,5-g]quinazolin-8-one",tgt
DB07453,alpha-Naphthoflavone,PRKDC
DB07453,alpha-Naphthoflavone,CYP19A1
DB07453,alpha-Naphthoflavone,CYP1A2
DB07454,(R)-3-BROMO-2-HYDROXY-2-METHYL-N-[4-NITRO-3-(TRIFLUOROMETHYL)PHENYL]PROPANAMIDE,AR
DB07455,"N,N'-[biphenyl-4,4'-diyldi(2R)propane-2,1-diyl]dimethanesulfonamide",GRIA2
DB07456,"3-(1H-indol-3-yl)-4-(1-{2-[(2S)-1-methylpyrrolidinyl]ethyl}-1H-indol-3-yl)-1H-pyrrole-2,5-dione",PDPK1
DB07457,"3-[1-(3-AMINOPROPYL)-1H-INDOL-3-YL]-4-(1H-INDOL-3-YL)-1H-PYRROLE-2,5-DIONE",PDPK1
DB07458,"3-(1H-indol-3-yl)-4-{1-[2-(1-methylpyrrolidin-2-yl)ethyl]-1H-indol-3-yl}-1H-pyrrole-2,5-dione",PRKACA
DB07459,4-PHENOXY-N-(PYRIDIN-2-YLMETHYL)BENZAMIDE,MAPK14
DB07460,2-({5-CHLORO-2-[(2-METHOXY-4-MORPHOLIN-4-YLPHENYL)AMINO]PYRIMIDIN-4-YL}AMINO)-N-METHYLBENZAMIDE,PTK2
DB07461,"3-AMINO-3-BENZYL-9-CARBOXAMIDE[4.3.0]BICYCLO-1,6-DIAZANONAN-2-ONE",F2
DB07462,"(3,4-DIHYDROXY-2-NITROPHENYL)(PHENYL)METHANONE",COMT
DB07463,"(3R,4S)-1-[(4-amino-5H-pyrrolo[3,2-d]pyrimidin-7-yl)methyl]-4-[(butylsulfanyl)methyl]pyrrolidin-3-ol",mtnN
DB07464,1(R)-1-ACETAMIDO-2-(3-CARBOXY-2-HYDROXYPHENYL)ETHYL BORONIC ACID,bla
DB07465,"(1S,3S,5S)-2-{(2S)-2-amino-2-[(1R,3S,5R,7S)-3-hydroxytricyclo[3.3.1.1~3,7~]dec-1-yl]acetyl}-2-azabicyclo[3.1.0]hexane-3-carbonitrile",DPP4
DB07466,(1R)-2-PHENYLACETAMIDO-2-(3-CARBOXYPHENYL)ETHYL BORONIC ACID,bla
DB07467,(S)-Indapamide,CA2
DB07468,"(3aS)-3a-hydroxy-5-methyl-1-phenyl-1,2,3,3a-tetrahydro-4H-pyrrolo[2,3-b]quinolin-4-one",MYH14
DB07469,"(3aS)-3a-hydroxy-7-methyl-1-phenyl-1,2,3,3a-tetrahydro-4H-pyrrolo[2,3-b]quinolin-4-one",MYH14
DB07470,"(3aS)-3a-hydroxy-1-phenyl-1,2,3,3a-tetrahydro-4H-pyrrolo[2,3-b]quinolin-4-one",MYH14
DB07471,"5-[5,6-BIS(METHYLOXY)-1H-BENZIMIDAZOL-1-YL]-3-{[1-(2-CHLOROPHENYL)ETHYL]OXY}-2-THIOPHENECARBOXAMIDE",CCNA2
DB07471,"5-[5,6-BIS(METHYLOXY)-1H-BENZIMIDAZOL-1-YL]-3-{[1-(2-CHLOROPHENYL)ETHYL]OXY}-2-THIOPHENECARBOXAMIDE",CDK2
DB07472,"(R)-(+)9B-(3-METHYL)PHENYL-2,3-DIHYDROTHIAZOLO[2,3-A]ISOINDOL-5(9BH)-ONE",gag-pol
DB07473,"(R)-(+) 5(9BH)-OXO-9B-PHENYL-2,3-DIHYDROTHIAZOLO[2,3-A]ISOINDOL-3-CARBOXYLIC ACID METHYL ESTER",gag-pol
DB07474,3-[5-(1H-IMIDAZOL-1-YL)-7-METHYL-1H-BENZIMIDAZOL-2-YL]-4-[(PYRIDIN-2-YLMETHYL)AMINO]PYRIDIN-2(1H)-ONE,IGF1R
DB07476,N-[4-(AMINOSULFONYL)PHENYL]-2-MERCAPTOBENZAMIDE,CA2
DB07476,N-[4-(AMINOSULFONYL)PHENYL]-2-MERCAPTOBENZAMIDE,CA9
DB07476,N-[4-(AMINOSULFONYL)PHENYL]-2-MERCAPTOBENZAMIDE,CA1
DB07477,Felbinac,PTGS2
DB07477,Felbinac,PTGS1
DB07477,Felbinac,CTSL
DB07478,"3,4-Biphenyldiol",doxG
DB07479,"(1S)-1,2,3,4-TETRAHYDRO-BENZO[C]PHENANTHRENE-2,3,4-TRIOL",POLB
DB07480,4-PHOSPHONOOXY-PHENYL-METHYL-[4-PHOSPHONOOXY]BENZEN,PTPN1
DB07481,"tert-butyl [(2-amino-4-oxo-4,7-dihydro-3H-pyrrolo[2,3-d]pyrimidin-5-yl)methyl]carbamate",tgt
DB07482,(2R)-N-[(2R)-2-(DIHYDROXYBORYL)-1-L-PROLYLPYRROLIDIN-2-YL]-N-[(5R)-5-(DIHYDROXYBORYL)-1-L-PROLYLPYRROLIDIN-2-YL]-L-PROLINAMIDE,DPP4
DB07483,"1,1'-BIPHENYL-2-SULFINIC ACID",dszB
DB07484,"(2R)-4,4-dihydroxy-5-nitro-2-(phenylmethyl)pentanoic acid",CPA1
DB07485,Bisphenol Z,ESRRG
DB07486,"3-({4-[(1E)-3-morpholin-4-yl-3-oxoprop-1-en-1-yl]-2,3-bis(trifluoromethyl)phenyl}sulfanyl)aniline",ITGAL
DB07487,"(6-METHYL-3,4-DIHYDRO-2H-CHROMEN-2-YL)METHYLPHOSPHINATE",npr
DB07488,"{4-Amino-2-[(4-methoxyphenyl)amino]-1,3-thiazol-5-yl}(4-methoxyphenyl)methanone",CSNK1G3
DB07489,"4-Amino-2-[(3-chlorophenyl)amino]-5-(4-fluorobenzoyl)-1,3-thiazol-3-ium",CSNK1G3
DB07490,"2-[1-(4-CHLORO-PHENYL)-ETHYL]-4,6-DINITRO-PHENOL",frdA
DB07490,"2-[1-(4-CHLORO-PHENYL)-ETHYL]-4,6-DINITRO-PHENOL",frdB
DB07490,"2-[1-(4-CHLORO-PHENYL)-ETHYL]-4,6-DINITRO-PHENOL",frdC
DB07490,"2-[1-(4-CHLORO-PHENYL)-ETHYL]-4,6-DINITRO-PHENOL",frdD
DB07491,"5-amino-2,4,6-tribromobenzene-1,3-dicarboxylic acid",PRSS1
DB07492,Bromamphenicol,draA
DB07493,5-Bromoindirubin,CDK2
DB07494,"(3-EXO)-3-(10,11-DIHYDRO-5H-DIBENZO[A,D][7]ANNULEN-5-YLOXY)-8,8-DIMETHYL-8-AZONIABICYCLO[3.2.1]OCTANE",CHRFAM7A
DB07495,"5-(5-CHLORO-2,4-DIHYDROXYPHENYL)-N-ETHYL-4-(4-METHOXYPHENYL)-1H-PYRAZOLE-3-CARBOXAMIDE",HSP90AA1
DB07496,"1,3-diphenylurea",EPHX2
DB07496,"1,3-diphenylurea",
DB07497,"5-(hexahydro-2-oxo-1H-thieno[3,4-D]imidazol-6-yl)pentanal",yngHB
DB07497,"5-(hexahydro-2-oxo-1H-thieno[3,4-D]imidazol-6-yl)pentanal",PC
DB07497,"5-(hexahydro-2-oxo-1H-thieno[3,4-D]imidazol-6-yl)pentanal",pycA
DB07498,"4-[3-(3-NITROPHENYL)-1,2,4-OXADIAZOL-5-YL]BUTANOIC ACID",AKR1B1
DB07499,"N-(4-{[amino(imino)methyl]amino}butyl)-2,4'-bi-1,3-thiazole-4-carboxamide",gag-pol
DB07500,(2E)-1-[2-hydroxy-4-methoxy-5-(3-methylbut-2-en-1-yl)phenyl]-3-(4-hydroxyphenyl)prop-2-en-1-one,PLA2G2E
DB07501,(2S)-1-{4-[(4-Anilino-5-bromo-2-pyrimidinyl)amino]phenoxy}-3-(dimethylamino)-2-propanol,CDK2
DB07502,"4-bromo-6-(6-hydroxy-1,2-benzisoxazol-3-yl)benzene-1,3-diol",HSP90AA1
DB07503,"(5E)-5-[(2,2-DIFLUORO-1,3-BENZODIOXOL-5-YL)METHYLENE]-1,3-THIAZOLIDINE-2,4-DIONE",PIK3CG
DB07504,(2R)-1-{4-[(4-Anilino-5-bromo-2-pyrimidinyl)amino]phenoxy}-3-(dimethylamino)-2-propanol,CDK2
DB07505,"N-({(3R,4R)-4-[(benzyloxy)methyl]pyrrolidin-3-yl}methyl)-N-(2-methylpropyl)benzenesulfonamide",gag-pol
DB07506,L-BENZYLSUCCINIC ACID,CPA1
DB07506,L-BENZYLSUCCINIC ACID,npr
DB07506,L-BENZYLSUCCINIC ACID,SCPEP1
DB07507,"2-(4-hydroxybiphenyl-3-yl)-4-methyl-1H-isoindole-1,3(2H)-dione",thyA
DB07508,4-(5-BENZENESULFONYLAMINO-1-METHYL-1H-BENZOIMIDAZOL-2-YLMETHYL)-BENZAMIDINE,F2
DB07509,difluoro(5-{2-[(5-octyl-1H-pyrrol-2-yl-kappaN)methylidene]-2H-pyrrol-5-yl-kappaN}pentanoato)boron,PPARG
DB07510,"3-fluoro-6-(4-fluorophenyl)-2-hydroxy-6-oxohexa-2,4-dienoic acid",bphD
DB07511,"4-(4-methyl-1,3-dioxo-1,3-dihydro-2H-isoindol-2-yl)benzonitrile",thyA
DB07512,7-[(3-CHLOROBENZYL)OXY]-2-OXO-2H-CHROMENE-4-CARBALDEHYDE,MAOB
DB07512,7-[(3-CHLOROBENZYL)OXY]-2-OXO-2H-CHROMENE-4-CARBALDEHYDE,MAOA
DB07513,7-[(3-CHLOROBENZYL)OXY]-4-[(METHYLAMINO)METHYL]-2H-CHROMEN-2-ONE,MAOB
DB07514,"3-(2-aminoquinazolin-6-yl)-1-(3,3-dimethylindolin-6-yl)-4-methylpyridin-2(1H)-one",KDR
DB07515,"1-(2-{[(6-amino-2-methylpyridin-3-yl)methyl]amino}ethyl)-6-chloro-3-[(2,2-difluoro-2-pyridin-2-ylethyl)amino]-1,4-dihydropyrazin-2-ol",F2
DB07516,"(2Z,4E)-3-chloro-2-hydroxy-6-oxo-6-phenylhexa-2,4-dienoic acid",bphD
DB07518,(2R)-2-ETHYL-1-HEXANESULFONIC ACID,atsK
DB07519,"(6R)-2-amino-6-[2-(3'-methoxybiphenyl-3-yl)ethyl]-3,6-dimethyl-5,6-dihydropyrimidin-4(3H)-one",BACE1
DB07520,"N-[1-(AMINOMETHYL)CYCLOPROPYL]-3-(MORPHOLIN-4-YLSULFONYL)-N~2~-[(1S)-2,2,2-TRIFLUORO-1-(4-FLUOROPHENYL)ETHYL]-L-ALANINAMIDE",CTSS
DB07521,"(3Z,6S)-6-Chloro-1-(2-{[(5-chloro-1-benzothiophen-3-yl)methyl]amino}ethyl)-3-({2-[(2R)-2-piperidinyl]ethyl}imino)-2-piperazinol",F2
DB07522,"N-[(2R,3S)-3-AMINO-2-HYDROXY-4-PHENYLBUTYL]NAPHTHALENE-2-SULFONAMIDE",F2
DB07524,"N-phenyl-1H-pyrrolo[2,3-b]pyridin-3-amine",PIM1
DB07525,"3-(3-methoxybenzyl)-1H-pyrrolo[2,3-b]pyridine",FGFR1
DB07526,N-[4-({[5-(DIMETHYLAMINO)-1-NAPHTHYL]SULFONYL}AMINO)BUTYL]-3-SULFANYLPROPANAMIDE,
DB07527,"N-[(2R,3S)-3-AMINO-2-HYDROXY-4-PHENYLBUTYL]-4-METHOXY-2,3,6-TRIMETHYLBENZENESULFONAMIDE",F2
DB07528,3-(2-aminoquinazolin-6-yl)-4-methyl-1-[3-(trifluoromethyl)phenyl]pyridin-2(1H)-one,KDR
DB07529,"(5E)-2-Amino-5-(2-pyridinylmethylene)-1,3-thiazol-4(5H)-one",CDK2
DB07530,"(1R,3R)-5-[(2E)-3-{(1S,3R)-2,2,3-trimethyl-3-[6,6,6-trifluoro-5-hydroxy-5-(trifluoromethyl)hex-3-yn-1-yl]cyclopentyl}prop-2-en-1-ylidene]cyclohexane-1,3-diol",NCOA1
DB07530,"(1R,3R)-5-[(2E)-3-{(1S,3R)-2,2,3-trimethyl-3-[6,6,6-trifluoro-5-hydroxy-5-(trifluoromethyl)hex-3-yn-1-yl]cyclopentyl}prop-2-en-1-ylidene]cyclohexane-1,3-diol",VDR
DB07531,"4-{5-[(Z)-(2,4-DIOXO-1,3-THIAZOLIDIN-5-YLIDENE)METHYL]FURAN-2-YL}BENZENESULFONAMIDE",CDK2
DB07533,"4-{5-[(Z)-(2-Imino-4-Oxo-1,3-Thiazolidin-5-Ylidene)methyl]-2-Furyl}-N-Methylbenzenesulfonamide",CCNA2
DB07533,"4-{5-[(Z)-(2-Imino-4-Oxo-1,3-Thiazolidin-5-Ylidene)methyl]-2-Furyl}-N-Methylbenzenesulfonamide",CDK2
DB07534,"4-{5-[(Z)-(2-Imino-4-Oxo-1,3-Thiazolidin-5-Ylidene)methyl]furan-2-Yl}benzenesulfonamide",CCNA2
DB07534,"4-{5-[(Z)-(2-Imino-4-Oxo-1,3-Thiazolidin-5-Ylidene)methyl]furan-2-Yl}benzenesulfonamide",CDK2
DB07535,2-amino-6-[2-(1H-indol-6-yl)ethyl]pyrimidin-4(3H)-one,BACE1
DB07536,"N-{(1S,2R)-2-hydroxy-1-[(hydroxyamino)carbonyl]propyl}-4-{[4-(morpholin-4-ylmethyl)phenyl]ethynyl}benzamide",lpxC
DB07537,"N'-(6-aminopyridin-3-yl)-N-(2-cyclopentylethyl)-4-methyl-benzene-1,3-dicarboxamide",KDR
DB07538,"4-{5-[(Z)-(2-IMINO-4-OXO-1,3-THIAZOLIDIN-5-YLIDENE)METHYL]FURAN-2-YL}-2-(TRIFLUOROMETHYL)BENZENESULFONAMIDE",CCNA2
DB07538,"4-{5-[(Z)-(2-IMINO-4-OXO-1,3-THIAZOLIDIN-5-YLIDENE)METHYL]FURAN-2-YL}-2-(TRIFLUOROMETHYL)BENZENESULFONAMIDE",CDK2
DB07539,"4-{5-[(Z)-(2-IMINO-4-OXO-1,3-THIAZOLIDIN-5-YLIDENE)METHYL]FURAN-2-YL}BENZOIC ACID",CCNA2
DB07539,"4-{5-[(Z)-(2-IMINO-4-OXO-1,3-THIAZOLIDIN-5-YLIDENE)METHYL]FURAN-2-YL}BENZOIC ACID",CDK2
DB07540,"4-{5-[(1Z)-1-(2-IMINO-4-OXO-1,3-THIAZOLIDIN-5-YLIDENE)ETHYL]-2-FURYL}BENZENESULFONAMIDE",CDK2
DB07541,4-(dihydroxyboranyl)-2-({[4-(phenylsulfonyl)thiophen-2-yl]sulfonyl}amino)benzoic acid,ampC
DB07542,5-Amino-6-cyclohexyl-4-hydroxy-2-isobutyl-hexanoic acid,CTSD
DB07543,(S)-carazolol,E
DB07543,(S)-carazolol,ADRB2
DB07544,N'-(5-CHLOROBENZOFURAN-2-CARBONYL)-2-(TRIFLUOROMETHYL)BENZENESULFONOHYDRAZIDE,BCAT1
DB07545,N-{3-[(4-{[3-(TRIFLUOROMETHYL)PHENYL]AMINO}PYRIMIDIN-2-YL)AMINO]PHENYL}CYCLOPROPANECARBOXAMIDE,AURKC
DB07545,N-{3-[(4-{[3-(TRIFLUOROMETHYL)PHENYL]AMINO}PYRIMIDIN-2-YL)AMINO]PHENYL}CYCLOPROPANECARBOXAMIDE,AURKA
DB07546,[1-(6-{6-[(1-methylethyl)amino]-1H-indazol-1-yl}pyrazin-2-yl)-1H-pyrrol-3-yl]acetic acid,CSNK2A2
DB07547,5-(4-CYANOPHENYL)-3-{[(2-METHYLPHENYL)SULFONYL]AMINO}THIOPHENE-2-CARBOXYLIC ACID,
DB07548,"2-(6-Chloro-3-{[2,2-difluoro-2-(2-pyridinyl)ethyl]amino}-2-oxo-1(2H)-pyrazinyl)-N-[(2-fluoro-6-pyridinyl)methyl]acetamide",F2
DB07549,"2-(6-CHLORO-3-{[2,2-DIFLUORO-2-(2-PYRIDINYL)ETHYL]AMINO}-2-OXO-1(2H)-PYRAZINYL)-N-[(2-FLUORO-3-METHYL-6-PYRIDINYL)METHYL]ACETAMIDE",F2
DB07550,"2-(6-CHLORO-3-{[2,2-DIFLUORO-2-(1-OXIDO-2-PYRIDINYL)ETHYL]AMINO}-2-OXO-1(2H)-PYRAZINYL)-N-[(2-FLUOROPHENYL)METHYL]ACETAMIDE",F2
DB07551,"(2S)-2-{[4-chloro-6-(ethylamino)-1,3,5-triazin-2-yl]amino}-2-methylbutanenitrile",pufC
DB07551,"(2S)-2-{[4-chloro-6-(ethylamino)-1,3,5-triazin-2-yl]amino}-2-methylbutanenitrile",puhA
DB07551,"(2S)-2-{[4-chloro-6-(ethylamino)-1,3,5-triazin-2-yl]amino}-2-methylbutanenitrile",pufL
DB07551,"(2S)-2-{[4-chloro-6-(ethylamino)-1,3,5-triazin-2-yl]amino}-2-methylbutanenitrile",pufM
DB07552,"(2R)-2-{[4-chloro-6-(ethylamino)-1,3,5-triazin-2-yl]amino}-2-methylbutanenitrile",pufC
DB07552,"(2R)-2-{[4-chloro-6-(ethylamino)-1,3,5-triazin-2-yl]amino}-2-methylbutanenitrile",puhA
DB07552,"(2R)-2-{[4-chloro-6-(ethylamino)-1,3,5-triazin-2-yl]amino}-2-methylbutanenitrile",pufL
DB07552,"(2R)-2-{[4-chloro-6-(ethylamino)-1,3,5-triazin-2-yl]amino}-2-methylbutanenitrile",pufM
DB07553,"9,9,9-TRIFLUORO-8-OXO-N-PHENYLNONANAMIDE",HDAC10
DB07553,"9,9,9-TRIFLUORO-8-OXO-N-PHENYLNONANAMIDE",HDAC2
DB07553,"9,9,9-TRIFLUORO-8-OXO-N-PHENYLNONANAMIDE",HDAC6
DB07553,"9,9,9-TRIFLUORO-8-OXO-N-PHENYLNONANAMIDE",HDAC1
DB07553,"9,9,9-TRIFLUORO-8-OXO-N-PHENYLNONANAMIDE",HDAC4
DB07553,"9,9,9-TRIFLUORO-8-OXO-N-PHENYLNONANAMIDE",HDAC8
DB07553,"9,9,9-TRIFLUORO-8-OXO-N-PHENYLNONANAMIDE",hdaH
DB07555,"Hydroxy(oxo)(2-{(1S)-2,2,2-trifluoro-1-[2-(trimethylarsonio)ethoxy]ethyl}phenyl)ammonium",ACHE
DB07556,CGS-27023,MMP1
DB07556,CGS-27023,MMP3
DB07556,CGS-27023,lef
DB07556,CGS-27023,MMP13
DB07556,CGS-27023,CA2
DB07556,CGS-27023,MMP14
DB07556,CGS-27023,MMP2
DB07556,CGS-27023,ADAMTS4
DB07556,CGS-27023,MMP7
DB07556,CGS-27023,MMP9
DB07556,CGS-27023,CA9
DB07556,CGS-27023,MMP8
DB07556,CGS-27023,MMP12
DB07557,"3,20-Pregnanedione",RXRA
DB07557,"3,20-Pregnanedione",NR1I3
DB07557,"3,20-Pregnanedione",NCOA1
DB07557,"3,20-Pregnanedione",AKR1D1
DB07558,acetylleucyl-leucyl-norleucinal,PSMA7
DB07559,"(2Z)-2-cyano-N-(2,2'-dichlorobiphenyl-4-yl)-3-hydroxybut-2-enamide",DHODH
DB07560,N-[(1S)-2-methyl-1-(pyridin-4-ylcarbamoyl)propyl]cyclohexanecarboxamide,ERG11
DB07561,(2Z)-2-cyano-N-(3'-ethoxybiphenyl-4-yl)-3-hydroxybut-2-enamide,DHODH
DB07562,"N-[4-(2,4-DIMETHYL-THIAZOL-5-YL)-PYRIMIDIN-2-YL]-N',N'-DIMETHYL-BENZENE-1,4-DIAMINE",CDK2
DB07562,"N-[4-(2,4-DIMETHYL-THIAZOL-5-YL)-PYRIMIDIN-2-YL]-N',N'-DIMETHYL-BENZENE-1,4-DIAMINE",CCNA2
DB07563,"1-{7-cyclohexyl-6-[4-(4-methylpiperazin-1-yl)benzyl]-7H-pyrrolo[2,3-d]pyrimidin-2-yl}methanamine",CTSK
DB07564,"6-amino-2-[(2-morpholin-4-ylethyl)amino]-3,7-dihydro-8H-imidazo[4,5-g]quinazolin-8-one",tgt
DB07565,Chloramphenicol succinate,draA
DB07567,"(2R,3R,4S)-3-(4-HYDROXYPHENYL)-4-METHYL-2-[4-(2-PYRROLIDIN-1-YLETHOXY)PHENYL]CHROMAN-6-OL",ESR1
DB07568,"(2S)-2-[(2,1,3-BENZOTHIADIAZOL-4-YLSULFONYL)AMINO]-2-PHENYL-N-PYRIDIN-4-YLACETAMIDE",ERG11
DB07569,CIS-4-METHYL-N-[(1S)-3-(METHYLSULFANYL)-1-(PYRIDIN-4-YLCARBAMOYL)PROPYL]CYCLOHEXANECARBOXAMIDE,ERG11
DB07570,3-CYCLOHEXYL-1-(2-MORPHOLIN-4-YL-2-OXOETHYL)-2-PHENYL-1H-INDOLE-6-CARBOXYLIC ACID,
DB07571,"N~2~-[(BENZYLOXY)CARBONYL]-N-[(1S,2S)-2-HYDROXY-1-(4-HYDROXYBENZYL)PROPYL]-L-LEUCINAMIDE",clpP
DB07572,3-{[(4-methylphenyl)sulfonyl]amino}propyl pyridin-4-ylcarbamate,ERG11
DB07573,"(2S)-1-(2,5-dimethylphenoxy)-3-morpholin-4-ylpropan-2-ol",BACE1
DB07574,"2-MERCAPTO-N-[1,2,3,10-TETRAMETHOXY-9-OXO-5,6,7,9-TETRAHYDRO-BENZO[A]HEPTALEN-7-YL]ACETAMIDE",STMN4
DB07574,"2-MERCAPTO-N-[1,2,3,10-TETRAMETHOXY-9-OXO-5,6,7,9-TETRAHYDRO-BENZO[A]HEPTALEN-7-YL]ACETAMIDE",TUBB2B
DB07574,"2-MERCAPTO-N-[1,2,3,10-TETRAMETHOXY-9-OXO-5,6,7,9-TETRAHYDRO-BENZO[A]HEPTALEN-7-YL]ACETAMIDE",TUBA1A
DB07574,"2-MERCAPTO-N-[1,2,3,10-TETRAMETHOXY-9-OXO-5,6,7,9-TETRAHYDRO-BENZO[A]HEPTALEN-7-YL]ACETAMIDE",TUBA1C
DB07574,"2-MERCAPTO-N-[1,2,3,10-TETRAMETHOXY-9-OXO-5,6,7,9-TETRAHYDRO-BENZO[A]HEPTALEN-7-YL]ACETAMIDE",TUBA1B
DB07575,"2,4-DIAMINO-1,5-DIPHENYL-3-HYDROXYPENTANE",gag-pol
DB07577,"2,4-Diamino-5-phenyl-6-ethylpyrimidine",TMP1
DB07577,"2,4-Diamino-5-phenyl-6-ethylpyrimidine",TYMS
DB07578,CP-94707,gag-pol
DB07579,"Bis-1,2-{[(Z)-2-carboxy-2-methyl-1,3-dioxane]-5-yloxycarbamoyl}-ethane",APCS
DB07580,"BIS-1,2-{[(Z)-2CARBOXY-2-METHYL-1,3-DIOXANE]-5-YLOXYCARBONYL}-PIPERAZINE",APCS
DB07581,5-AMINO-6-CYCLOHEXYL-4-HYDROXY-2-ISOPROPYL-HEXANOIC ACID,gag-pol
DB07582,"N-[(2R,3S)-1-((2S)-2-{[(CYCLOPENTYLAMINO)CARBONYL]AMINO}-3-METHYLBUTANOYL)-2-(1-FORMYL-1-CYCLOBUTYL)PYRROLIDINYL]CYCLOPROPANECARBOXAMIDE",
DB07582,"N-[(2R,3S)-1-((2S)-2-{[(CYCLOPENTYLAMINO)CARBONYL]AMINO}-3-METHYLBUTANOYL)-2-(1-FORMYL-1-CYCLOBUTYL)PYRROLIDINYL]CYCLOPROPANECARBOXAMIDE",
DB07583,"(4R,2S)-5'-(4-(4-CHLOROBENZYLOXY)PYRROLIDIN-2-YLMETHANESULFONYL)ISOQUINOLINE",PRKACA
DB07583,"(4R,2S)-5'-(4-(4-CHLOROBENZYLOXY)PYRROLIDIN-2-YLMETHANESULFONYL)ISOQUINOLINE",PKIA
DB07584,"N-[2-(5-methyl-4H-1,2,4-triazol-3-yl)phenyl]-7H-pyrrolo[2,3-d]pyrimidin-4-amine",AKT1
DB07584,"N-[2-(5-methyl-4H-1,2,4-triazol-3-yl)phenyl]-7H-pyrrolo[2,3-d]pyrimidin-4-amine",GSK3B
DB07585,"5-(5-chloro-7H-pyrrolo[2,3-d]pyrimidin-4-yl)-4,5,6,7-tetrahydro-1H-imidazo[4,5-c]pyridine",AKT1
DB07585,"5-(5-chloro-7H-pyrrolo[2,3-d]pyrimidin-4-yl)-4,5,6,7-tetrahydro-1H-imidazo[4,5-c]pyridine",GSK3B
DB07586,"5-(4-METHYL-BENZOYLAMINO)-BIPHENYL-3,4'-DICARBOXYLIC ACID 3-DIMETHYLAMIDE-4'-HYDROXYAMIDE",HDAC8
DB07587,"N-(1-CYANOCYCLOPROPYL)-3-({[(2S)-5-OXOPYRROLIDIN-2-YL]METHYL}SULFONYL)-N~2~-[(1S)-2,2,2-TRIFLUORO-1-(4-FLUOROPHENYL)ETHYL]-L-ALANINAMIDE",CTSS
DB07588,"3,4-DI-1H-INDOL-3-YL-1H-PYRROLE-2,5-DICARBOXYLIC ACID",staP
DB07589,"N-[1-(AMINOMETHYL)CYCLOPROPYL]-3-(BENZYLSULFONYL)-N~2~-[(1S)-2,2,2-TRIFLUORO-1-(4-HYDROXYPHENYL)ETHYL]-L-ALANINAMIDE",CTSS
DB07590,"S-[3-(3,4-DICHLOROPHENYL)-3-OXOPROPYL]-L-CYSTEINE",
DB07591,N1-CYCLOPENTYL-N2-(THIAZOL-2-YL)OXALAMIDE,map
DB07592,(2R)-3-Methyl-1-phenyl-2-butanyl [(2S)-1-oxo-2-hexanyl]carbamate,CTSK
DB07593,1-(PHENYLMETHYL)CYCLOPENTYL[(1S)-1-FORMYLPENTYL]CARBAMATE,CTSK
DB07593,1-(PHENYLMETHYL)CYCLOPENTYL[(1S)-1-FORMYLPENTYL]CARBAMATE,CTSL
DB07594,CCT-018159,HSP90AA1
DB07594,CCT-018159,HSP90AB1
DB07595,"(5Z)-5-(3-BROMOCYCLOHEXA-2,5-DIEN-1-YLIDENE)-N-(PYRIDIN-4-YLMETHYL)-1,5-DIHYDROPYRAZOLO[1,5-A]PYRIMIDIN-7-AMINE",CDK2
DB07596,"(17beta)-17-(cyanomethyl)-2-methoxyestra-1(10),2,4-trien-3-yl sulfamate",CA2
DB07597,"CIS-(1R,2S)-2-AMINO-1,2,3,4-TETRAHYDRONAPHTHALEN-1-OL",PNMT
DB07598,"2,3,6A,7,8,9-HEXAHYDRO-11H-[1,4]DIOXINO[2,3-G]PYRROLO[2,1-B][1,3]BENZOXAZIN-11-ONE",GRIA2
DB07599,[(2-AMINO-ALPHA-METHOXYIMINO-4-THIAZOLYLACETYL)AMINO]METHYLBORONIC ACID,bla
DB07601,"4-chloro-6-{5-[(2-morpholin-4-ylethyl)amino]-1,2-benzisoxazol-3-yl}benzene-1,3-diol",HSP90AA1
DB07602,S-{3-[(4-ANILINOQUINAZOLIN-6-YL)AMINO]-3-OXOPROPYL}-L-CYSTEINE,EGFR
DB07604,"(6AR,11AS,11BR)-10-ACETYL-9-HYDROXY-7,7-DIMETHYL-2,6,6A,7,11A,11B-HEXAHYDRO-11H-PYRROLO[1',2':2,3]ISOINDOLO[4,5,6-CD]INDOL-11-ONE",ATP2A1
DB07605,"2-({4-[(5-CHLORO-1H-INDOL-2-YL)SULFONYL]PIPERAZIN-1-YL}CARBONYL)THIENO[3,2-B]PYRIDINE 4-OXIDE",F10
DB07606,"6-(3,4-DIHYDROXYBENZYL)-3-ETHYL-1-(2,4,6-TRICHLOROPHENYL)-1H-PYRAZOLO[3,4-D]PYRIMIDIN-4(5H)-ONE",CDK2
DB07607,4-[5-(3-IODO-PHENYL)-2-(4-METHANESULFINYL-PHENYL)-1H-IMIDAZOL-4-YL]-PYRIDINE,MAPK14
DB07608,N-(5-{[(2S)-4-amino-2-(3-chlorophenyl)butanoyl]amino}-1H-indazol-3-yl)benzamide,DYRK1A
DB07609,"N,N-DIMETHYL(5-(PYRIDIN-3-YL)FURAN-2-YL)METHANAMINE",CYP2A6
DB07610,"1,2-Dihydroxynaphthalene",doxG
DB07611,DECANE-1-THIOL,fabH
DB07612,6-(3-AMINOPHENYL)-N-(TERT-BUTYL)-2-(TRIFLUOROMETHYL)QUINAZOLIN-4-AMINE,CDK2
DB07613,3-phenyl-5-(1H-pyrazol-3-yl)isoxazole,HPGDS
DB07614,"PHENYL-5-(1H-PYRAZOL-3-YL)-1,3-THIAZOLE",HPGDS
DB07615,Tranilast,STS
DB07615,Tranilast,HRH1
DB07615,Tranilast,HPGDS
DB07616,"4-{[4-(4-fluoro-3-methylphenyl)-1,3-thiazol-2-yl]amino}-2-hydroxybenzoic acid",HPGDS
DB07617,N-METHYL(5-(PYRIDIN-3-YL)FURAN-2-YL)METHANAMINE,CYP2A6
DB07618,"2-(4-(AMINOMETHYL)PIPERIDIN-1-YL)-N-(3_CYCLOHEXYL-4-OXO-2,4-DIHYDROINDENO[1,2-C]PYRAZOL-5-YL)ACETAMIDE",CDK2
DB07619,"N-cyclopropyl-N-(trans-4-pyridin-3-ylcyclohexyl)-4-[(1S)-2,2,2-trifluoro-1-hydroxy-1-methylethyl]benzamide",HSD11B1
DB07620,"2-[(2,4-DICHLORO-5-METHYLPHENYL)SULFONYL]-1,3-DINITRO-5-(TRIFLUOROMETHYL)BENZENE",rep
DB07620,"2-[(2,4-DICHLORO-5-METHYLPHENYL)SULFONYL]-1,3-DINITRO-5-(TRIFLUOROMETHYL)BENZENE",
DB07621,(5-(PYRIDIN-3-YL)FURAN-2-YL)METHANAMINE,CYP2D6
DB07621,(5-(PYRIDIN-3-YL)FURAN-2-YL)METHANAMINE,CYP2A6
DB07622,"1-(3-(2,4-DIMETHYLTHIAZOL-5-YL)-4-OXO-2,4-DIHYDROINDENO[1,2-C]PYRAZOL-5-YL)-3-(4-METHYLPIPERAZIN-1-YL)UREA",CDK2
DB07623,"4,4'-DIPYRIDYL DISULFIDE",CYP2A6
DB07624,"1-{[(3R)-3-methyl-4-({4-[(1S)-2,2,2-trifluoro-1-hydroxy-1-methylethyl]phenyl}sulfonyl)piperazin-1-yl]methyl}cyclopropanecarboxamide",HSD11B1
DB07625,"4-(2-aminoethoxy)-N-(2,5-diethoxyphenyl)-3,5-dimethylbenzamide",PLAU
DB07626,"4-(2-aminoethoxy)-N-(3-chloro-2-ethoxy-5-piperidin-1-ylphenyl)-3,5-dimethylbenzamide",PLAU
DB07627,(2S)-4-METHYL-2-(3-PHENYLTHIOUREIDO)-N-((3S)-TETRAHYDRO-2-HYDROXY-3-FURANYL)PENTANAMIDE,CAPN1
DB07628,"6-(2-fluorobenzyl)-2,4-dimethyl-4,6-dihydro-5H-thieno[2',3':4,5]pyrrolo[2,3-d]pyridazin-5-one",PKM
DB07629,"N-((1R,2S)-2-(5-CHLORO-1H-INDOLE-2-CARBOXAMIDO)CYCLOHEXYL)-5-METHYL-4,5,6,7-TETRAHYDROTHIAZOLO[5,4-C]PYRIDINE-2-CARBOXAMIDE",F10
DB07630,"N-((1R,2R)-2-(5-CHLORO-1H-INDOLE-2-CARBOXAMIDO)CYCLOHEXYL)-5-METHYL-4,5,6,7-TETRAHYDROTHIAZOLO[5,4-C]PYRIDINE-2-CARBOXAMIDE",F10
DB07631,Lauryldimethylbetaine,appA
DB07632,"5-(2-chlorophenyl)-1,3,4-thiadiazole-2-sulfonamide",CA2
DB07633,octyl 3-deoxy-2-O-(6-deoxy-alpha-L-galactopyranosyl)-beta-D-xylo-hexopyranoside,ABO
DB07634,"(2,6-Dimethylphenoxy)acetic acid",gag-pol
DB07635,"4,4'-Dihydroxybenzophenone",ERG11
DB07636,"5-Heptyl-6-hydroxy-1,3-benzothiazole-4,7-dione",MT-CYB
DB07636,"5-Heptyl-6-hydroxy-1,3-benzothiazole-4,7-dione",UQCRFS1
DB07636,"5-Heptyl-6-hydroxy-1,3-benzothiazole-4,7-dione",CYC1
DB07636,"5-Heptyl-6-hydroxy-1,3-benzothiazole-4,7-dione",UQCRB
DB07636,"5-Heptyl-6-hydroxy-1,3-benzothiazole-4,7-dione",UQCR10
DB07637,Dibromotyrosine,EPOR
DB07638,"(3AS,4R,9BR)-2,2-DIFLUORO-4-(4-HYDROXYPHENYL)-1,2,3,3A,4,9B-HEXAHYDROCYCLOPENTA[C]CHROMEN-8-OL",ESR1
DB07638,"(3AS,4R,9BR)-2,2-DIFLUORO-4-(4-HYDROXYPHENYL)-1,2,3,3A,4,9B-HEXAHYDROCYCLOPENTA[C]CHROMEN-8-OL",ESR2
DB07639,3-(7-DIAMINOMETHYL-NAPHTHALEN-2-YL)-PROPIONIC ACID ETHYL ESTER,F2
DB07640,"2-decyl-5,6-dimethoxy-3-methylcyclohexa-2,5-diene-1,4-dione",sqr
DB07640,"2-decyl-5,6-dimethoxy-3-methylcyclohexa-2,5-diene-1,4-dione",
DB07641,Decyl(dimethyl)phosphine oxide,MAOA
DB07642,"5-{[1-(2-fluorobenzyl)piperidin-4-yl]methoxy}quinazoline-2,4-diamine",DCPS
DB07643,"5-{[1-(2,3-dichlorobenzyl)piperidin-4-yl]methoxy}quinazoline-2,4-diamine",DCPS
DB07644,"5-[(1S)-1-(3-chlorophenyl)ethoxy]quinazoline-2,4-diamine",DCPS
DB07645,Sebacic acid,HBA1
DB07645,Sebacic acid,HBB
DB07646,"UNDECYLAMINE-N,N-DIMETHYL-N-OXIDE",
DB07646,"UNDECYLAMINE-N,N-DIMETHYL-N-OXIDE",B1
DB07646,"UNDECYLAMINE-N,N-DIMETHYL-N-OXIDE",A1
DB07646,"UNDECYLAMINE-N,N-DIMETHYL-N-OXIDE",DHODH
DB07647,"(2R)-1-[(5,6-DIPHENYL-7H-PYRROLO[2,3-D]PYRIMIDIN-4-YL)AMINO]PROPAN-2-OL",CHEK1
DB07648,"(2R)-3-{[(4Z)-5,6-DIPHENYL-6,7-DIHYDRO-4H-PYRROLO[2,3-D]PYRIMIDIN-4-YLIDENE]AMINO}PROPANE-1,2-DIOL",CHEK1
DB07649,"(3R,4S)-1-[(4-amino-5H-pyrrolo[3,2-d]pyrimidin-7-yl)methyl]-4-[(benzylsulfanyl)methyl]pyrrolidin-3-ol",mtnN
DB07650,Decyl formate,fabH
DB07651,N-ACETYL-L-PHENYLALANYL-4-[DIFLUORO(PHOSPHONO)METHYL]-L-PHENYLALANINAMIDE,PTPN1
DB07652,"1-[2-DEOXYRIBOFURANOSYL]-2,4-DIFLUORO-5-METHYL-BENZENE-5'MONOPHOSPHATE",POLK
DB07652,"1-[2-DEOXYRIBOFURANOSYL]-2,4-DIFLUORO-5-METHYL-BENZENE-5'MONOPHOSPHATE",rnhA
DB07653,"N-(5,6-DIPHENYLFURO[2,3-D]PYRIMIDIN-4-YL)GLYCINE",CHEK1
DB07654,"(5,6-DIPHENYL-FURO[2,3-D]PYRIMIDIN-4-YLAMINO)-ACETIC",CHEK1
DB07655,"3-AMINO-3-BENZYL-[4.3.0]BICYCLO-1,6-DIAZANONAN-2-ONE",CHEK1
DB07657,PHOSPHONIC ACID 2-DODECANOYLAMINO-HEXYL ESTER PROPYL ESTER,PLA2G1B
DB07658,AC-(D)Phe-pro-borolys-OH,F2
DB07659,AC-(D)PHE-PRO-BOROHOMOLYS-OH,F2
DB07660,AC-(D)PHE-PRO-BOROHOMOORNITHINE-OH,F2
DB07661,"1,6-Naphthalenediol",
DB07662,PD-168393,EGFR
DB07662,PD-168393,ERBB2
DB07662,PD-168393,SRC
DB07663,"2-[(1R)-1-CARBOXY-2-(4-HYDROXYPHENYL)ETHYL]-1,3-DIOXOISOINDOLINE-5-CARBOXYLIC ACID",ampC
DB07664,K-00546,CDK2
DB07664,K-00546,CDK1
DB07664,K-00546,FLT1
DB07664,K-00546,CSNK1G3
DB07664,K-00546,SLK
DB07664,K-00546,CAMK4
DB07664,K-00546,CLK3
DB07664,K-00546,ABL2
DB07665,"N-[2-(carbamimidamidooxy)ethyl]-2-{6-cyano-3-[(2,2-difluoro-2-pyridin-2-ylethyl)amino]-2-fluorophenyl}acetamide",F2
DB07666,"(3R,4S)-1-{6-[3-(METHYLSULFONYL)PHENYL]PYRIMIDIN-4-YL}-4-(2,4,5-TRIFLUOROPHENYL)PYRROLIDIN-3-AMINE",DPP4
DB07667,"2-((3',5'-DIMETHYL-4'-HYDROXYPHENYL)AZO)BENZOIC ACID",
DB07668,alpha-Methyl-2-hydroxy-4-diethylaminocinnamic acid,CTRB1
DB07669,"2,3-Dimethyl-1,4-naphthoquinone",frdA
DB07669,"2,3-Dimethyl-1,4-naphthoquinone",frdB
DB07669,"2,3-Dimethyl-1,4-naphthoquinone",frdC
DB07670,"N,4-Dimethyl-N-(1-phenyl-1H-pyrazol-5-yl)benzenesulfonamide",CYP2C18
DB07671,"2-[1-METHYLHEXYL]-4,6-DINITROPHENOL",sdhA
DB07671,"2-[1-METHYLHEXYL]-4,6-DINITROPHENOL",sdhB
DB07671,"2-[1-METHYLHEXYL]-4,6-DINITROPHENOL",sdhC
DB07671,"2-[1-METHYLHEXYL]-4,6-DINITROPHENOL",sdhD
DB07672,TRANS-2-(DIMETHYLPHENYLSILYL)-PIPERIDINE-N-OXIDE,IGHG1
DB07673,(2S)-2-Methyl-3-phenylpropanoic acid,npr
DB07674,"O,O-DIETHYL HYDROGEN THIOPHOSPHATE",opdA
DB07675,(2S)-2-ETHOXY-3-{4-[2-(10H-PHENOXAZIN-10-YL)ETHOXY]PHENYL}PROPANOIC ACID,PPARG
DB07676,"3-({[(3S)-3,4-dihydroxybutyl]oxy}amino)-1H,2'H-2,3'-biindol-2'-one",GSK3B
DB07676,"3-({[(3S)-3,4-dihydroxybutyl]oxy}amino)-1H,2'H-2,3'-biindol-2'-one",CAMK4
DB07677,"2-methyl-3,5,7,8-tetrahydro-4H-thiopyrano[4,3-d]pyrimidin-4-one",PARP1
DB07677,"2-methyl-3,5,7,8-tetrahydro-4H-thiopyrano[4,3-d]pyrimidin-4-one",PARP3
DB07678,"(9ALPHA,13BETA,17BETA)-2-[(1Z)-BUT-1-EN-1-YL]ESTRA-1,3,5(10)-TRIENE-3,17-DIOL",ESR1
DB07678,"(9ALPHA,13BETA,17BETA)-2-[(1Z)-BUT-1-EN-1-YL]ESTRA-1,3,5(10)-TRIENE-3,17-DIOL",NCOA2
DB07679,"(9S,12S)-9-(1-methylethyl)-7,10-dioxo-2-oxa-8,11-diazabicyclo[12.2.2]octadeca-1(16),14,17-triene-12-carboxylic acid",gag-pol
DB07680,[(1S)-1-(5-CHLORO-1-BENZOTHIEN-3-YL)-2-(2-NAPHTHYLAMINO)-2-OXOETHYL]PHOSPHONIC ACID,CMA1
DB07681,DODECANESULFONATE ION,BCHE
DB07683,"N-(dibenzo[b,d]thiophen-3-ylsulfonyl)-L-valine",MMP12
DB07684,5-(DIMETHYLAMINO)-2-NAPHTHALENESULFONIC ACID,PLAT
DB07685,"4-{[5-(CYCLOHEXYLMETHOXY)[1,2,4]TRIAZOLO[1,5-A]PYRIMIDIN-7-YL]AMINO}BENZENESULFONAMIDE",CDK2
DB07686,"4-{[5-(CYCLOHEXYLAMINO)[1,2,4]TRIAZOLO[1,5-A]PYRIMIDIN-7-YL]AMINO}BENZENESULFONAMIDE",CDK2
DB07687,"4-({5-[(4-AMINOCYCLOHEXYL)AMINO][1,2,4]TRIAZOLO[1,5-A]PYRIMIDIN-7-YL}AMINO)BENZENESULFONAMIDE",CDK2
DB07688,"4-{[5-(CYCLOHEXYLOXY)[1,2,4]TRIAZOLO[1,5-A]PYRIMIDIN-7-YL]AMINO}BENZENESULFONAMIDE",CDK2
DB07688,"4-{[5-(CYCLOHEXYLOXY)[1,2,4]TRIAZOLO[1,5-A]PYRIMIDIN-7-YL]AMINO}BENZENESULFONAMIDE",CCNA2
DB07689,"METHYL 1-(4-{[(2,4-DIAMINOPTERIDIN-6-YL)METHYL]AMINO}BENZOYL)PIPERIDINE-4-CARBOXYLATE",DHRS4L1
DB07691,"2-({[3-(3,4-dihydroisoquinolin-2(1H)-ylsulfonyl)phenyl]carbonyl}amino)benzoic acid",PPARD
DB07692,"1-[(2,6-difluorophenyl)sulfonyl]-4-(2,3-dihydro-1,4-benzodioxin-6-ylsulfonyl)piperazine",PKM
DB07696,methyl (3S)-3-[(tert-butoxycarbonyl)amino]-4-oxopentanoate,CASP3
DB07697,"1-(2,3-dihydro-1,4-benzodioxin-6-ylsulfonyl)-4-[(4-methoxyphenyl)sulfonyl]piperazine",PKM
DB07698,"3-(3-aminophenyl)-N-(3-chlorophenyl)pyrazolo[1,5-a]pyrimidin-5-amine",HASPIN
DB07700,"3-carboxamido-1,3,5(10)-estratrien-17(R)-spiro-2'(5',5'-dimethyl-6'oxo)tetrahydropyran",AKR1C3
DB07701,"1-BENZYL-4-[(5,6-DIMETHOXY-1-INDANON-2-YL)METHYL]PIPERIDINE",ACHE
DB07702,17alpha-Estriol,NCOA5
DB07702,17alpha-Estriol,ESR2
DB07703,"(3R,4S,5S,7R,9E,11R,12R)-12-ETHYL-4-HYDROXY-3,5,7,11-TETRAMETHYLOXACYCLODODEC-9-ENE-2,8-DIONE",pikAIV
DB07704,"6-AMINO-4-[2-(4-METHOXYPHENYL)ETHYL]-1,7-DIHYDRO-8H-IMIDAZO[4,5-G]QUINAZOLIN-8-ONE",tgt
DB07705,(S)-econazole,cyp130
DB07705,(S)-econazole,CYP51A1
DB07706,2-Hydroxyestradiol,cyaC
DB07707,"(9BETA,11ALPHA,13ALPHA,14BETA,17ALPHA)-11-(METHOXYMETHYL)ESTRA-1(10),2,4-TRIENE-3,17-DIOL",ESR1
DB07707,"(9BETA,11ALPHA,13ALPHA,14BETA,17ALPHA)-11-(METHOXYMETHYL)ESTRA-1(10),2,4-TRIENE-3,17-DIOL",NCOA2
DB07708,3-CHLORO-2-(4-HYDROXYPHENYL)-2H-INDAZOL-5-OL,ESR1
DB07708,3-CHLORO-2-(4-HYDROXYPHENYL)-2H-INDAZOL-5-OL,NCOA2
DB07710,PHENYLALANYLAMINODI(ETHYLOXY)ETHYL BENZENESULFONAMIDEAMINOCARBONYLBENZENESULFONAMIDE,CA2
DB07711,"(2S,3R)-3-(6-amino-9H-purin-9-yl)nonan-2-ol",ADA
DB07712,3-ETHYL-2-(4-HYDROXYPHENYL)-2H-INDAZOL-5-OL,ESR1
DB07712,3-ETHYL-2-(4-HYDROXYPHENYL)-2H-INDAZOL-5-OL,NCOA2
DB07713,"(1S)-1-{[(4'-methoxy-1,1'-biphenyl-4-yl)sulfonyl]amino}-2-methylpropylphosphonic acid",MMP8
DB07714,"6-(3-METHYL-1,4-DIOXO-1,4-DIHYDRONAPHTHALEN-2-YL)HEXANOIC ACID",GSR
DB07715,Emodin,CSNK2A1
DB07715,Emodin,actIII
DB07715,Emodin,fabZ
DB07715,Emodin,AHR
DB07716,"(4Z)-2,8:7,12:11,15:14,18:17,22-PENTAANHYDRO-4,5,6,9,10,13,19,20,21-NONADEOXY-D-ARABINO-D-ALLO-D-ALLO-DOCOSA-4,9,20-TRIENITOL",IGKC
DB07717,"(5S,8R,9S,10S,13R,14S,17S)-13-{2-[(3,5-DIFLUOROBENZYL)OXY]ETHYL}-17-HYDROXY-10-METHYLHEXADECAHYDRO-3H-CYCLOPENTA[A]PHENANTHREN-3-ONE",AR
DB07718,4-Hydroxyphenylpyruvic acid,F2
DB07718,4-Hydroxyphenylpyruvic acid,MIF
DB07718,4-Hydroxyphenylpyruvic acid,tyrA
DB07719,"[(3R)-3-(Methylcarbamoyl)-2-{[(2-methyl-2-propanyl)oxy]carbonyl}-1,2,3,4-tetrahydro-7-isoquinolinyl]sulfamic acid",PTPN1
DB07720,Epibatidine,CHRFAM7A
DB07720,Epibatidine,CHRNA7
DB07720,Epibatidine,CHRNB2
DB07720,Epibatidine,CHRNA2
DB07720,Epibatidine,CHRNA3
DB07720,Epibatidine,CHRNA4
DB07720,Epibatidine,CHRNB4
DB07721,DIETHYL 4-METHOXYPHENYL PHOSPHATE,opdA
DB07722,3-(4-NITRO-PHENOXY)-PROPAN-1-OL,pol
DB07723,3-(5-methoxy-1H-indol-3-yl)propanoic acid,PPARG
DB07724,Indeglitazar,PPARA
DB07724,Indeglitazar,PPARG
DB07724,Indeglitazar,PPARD
DB07724,Indeglitazar,NCOA1
DB07726,t-Butylhydroquinone,HA
DB07726,t-Butylhydroquinone,HA
DB07728,"2-[2-(2-FLUOROPHENYL)PYRIDIN-4-YL]-1,5,6,7-TETRAHYDRO-4H-PYRROLO[3,2-C]PYRIDIN-4-ONE",MAPKAPK2
DB07728,"2-[2-(2-FLUOROPHENYL)PYRIDIN-4-YL]-1,5,6,7-TETRAHYDRO-4H-PYRROLO[3,2-C]PYRIDIN-4-ONE",MAPKAPK3
DB07729,3-fluoro-N-[3-(1H-tetrazol-5-yl)phenyl]benzamide,blaCTX-M-9a
DB07730,"5-(3-HYDROXYPHENYL)ISOTHIAZOL-3(2H)-ONE 1,1-DIOXIDE",PTPN1
DB07731,CAN-508,CDK2
DB07732,2-[(2-NAPHTHYLSULFONYL)AMINO]ETHYL DIHYDROGEN PHOSPHATE,trpA
DB07732,2-[(2-NAPHTHYLSULFONYL)AMINO]ETHYL DIHYDROGEN PHOSPHATE,trpB
DB07733,"1-METHYL-3-TRIFLUOROMETHYL-1H-THIENO[2,3-C]PYRAZOLE-5-CARBOXYLIC ACID (2-MERCAPTO-ETHYL)-AMIDE",CASP1
DB07734,N-(1-benzylpiperidin-4-yl)-4-sulfanylbutanamide,BACE1
DB07735,"N-[1-(2,6-dimethoxybenzyl)piperidin-4-yl]-4-sulfanylbutanamide",BACE1
DB07736,(2S)-4-(4-fluorobenzyl)-N-(2-sulfanylethyl)piperazine-2-carboxamide,BACE1
DB07737,(2S)-4-(4-fluorobenzyl)-N-(3-sulfanylpropyl)piperazine-2-carboxamide,BACE1
DB07738,"N-[1-(5-bromo-2,3-dimethoxybenzyl)piperidin-4-yl]-4-sulfanylbutanamide",BACE1
DB07739,"(3R)-3-(FLUOROMETHYL)-7-(THIOMORPHOLIN-4-YLSULFONYL)-1,2,3,4-TETRAHYDROISOQUINOLINE",PNMT
DB07740,"(7R,12R,13R)-13-formyl-12,14-dihydroxy-3,5,7-trimethyltetradeca-2,4-dienoic acid",HMGCS1
DB07741,"4-(1R,3AS,4R,8AS,8BR)-[1-DIFLUOROMETHYL-2-(4-FLUOROBENZYL)-3-OXODECAHYDROPYRROLO[3,4-A]PYRROLIZIN-4-YL]BENZAMIDINE",F2
DB07742,"N-(2,3-DIFLUORO-BENZYL)-4-SULFAMOYL-BENZAMIDE",CA2
DB07743,"S-[5-(TRIFLUOROMETHYL)-4H-1,2,4-TRIAZOL-3-YL] 5-(PHENYLETHYNYL)FURAN-2-CARBOTHIOATE",rep
DB07743,"S-[5-(TRIFLUOROMETHYL)-4H-1,2,4-TRIAZOL-3-YL] 5-(PHENYLETHYNYL)FURAN-2-CARBOTHIOATE",
DB07744,Z-Val-Ala-Asp fluoromethyl ketone,CASP1
DB07745,2-{[4-(TRIFLUOROMETHOXY)BENZOYL]AMINO}ETHYL DIHYDROGEN PHOSPHATE,trpA
DB07745,2-{[4-(TRIFLUOROMETHOXY)BENZOYL]AMINO}ETHYL DIHYDROGEN PHOSPHATE,trpB
DB07746,3-ETHYL-6-{[(4-FLUOROPHENYL)SULFONYL]AMINO}-2-METHYLBENZOIC ACID,METAP2
DB07747,"(3R)-N-(4-CHLOROPHENYL)-3-(HYDROXYMETHYL)-1,2,3,4-TETRAHYDROISOQUINOLINE-7-SULFONAMIDE",PNMT
DB07748,2-({[4-(TRIFLUOROMETHOXY)PHENYL]SULFONYL}AMINO)ETHYL DIHYDROGEN PHOSPHATE,trpA
DB07748,2-({[4-(TRIFLUOROMETHOXY)PHENYL]SULFONYL}AMINO)ETHYL DIHYDROGEN PHOSPHATE,trpB
DB07749,2-ACETYLAMINO-4-METHYL-PENTANOIC ACID (1-FORMYL-2-PHENYL-ETHYL)-AMIDE,CTRB1
DB07750,"(2R)-1-[4-({4-[(2,5-Dichlorophenyl)amino]-2-pyrimidinyl}amino)phenoxy]-3-(dimethylamino)-2-propanol",CDK2
DB07751,"(2S)-1-[4-({6-[(2,6-Difluorophenyl)amino]-4-pyrimidinyl}amino)phenoxy]-3-(dimethylamino)-2-propanol",CDK2
DB07754,DCFBC,FOLH1
DB07755,"(2S)-1-[4-({4-[(2,5-Dichlorophenyl)amino]-2-pyrimidinyl}amino)phenoxy]-3-(dimethylamino)-2-propanol",CDK2
DB07756,"1-[3-({[(4-AMINO-5-FLUORO-2-METHYLQUINOLIN-3-YL)METHYL]THIO}METHYL)PHENYL]-2,2,2-TRIFLUOROETHANE-1,1-DIOL",ACHE
DB07757,"(9aS)-4-bromo-9a-butyl-7-hydroxy-1,2,9,9a-tetrahydro-3H-fluoren-3-one",ESR2
DB07758,"5-(2,5-DICHLOROPHENYL)-2-FUROIC ACID",map
DB07759,5-[2-(TRIFLUOROMETHYL)PHENYL]-2-FUROIC ACID,map
DB07760,"3-[(1E,7E)-8-(2,6-dioxo-1,2,3,6-tetrahydropyrimidin-4-yl)-3,6-dioxa-2,7-diazaocta-1,7-dien-1-yl]benzoic acid",UNG
DB07761,"(2R)-1-[4-({6-[(2,6-Difluorophenyl)amino]-4-pyrimidinyl}amino)phenoxy]-3-(dimethylamino)-2-propanol",CDK2
DB07762,4-(N-ACETYLAMINO)-3-[N-(2-ETHYLBUTANOYLAMINO)]BENZOIC ACID,NA
DB07763,"(5S)-3-ANILINO-5-(2,4-DIFLUOROPHENYL)-5-METHYL-1,3-OXAZOLIDINE-2,4-DIONE",CYC1
DB07763,"(5S)-3-ANILINO-5-(2,4-DIFLUOROPHENYL)-5-METHYL-1,3-OXAZOLIDINE-2,4-DIONE",MT-CYB
DB07763,"(5S)-3-ANILINO-5-(2,4-DIFLUOROPHENYL)-5-METHYL-1,3-OXAZOLIDINE-2,4-DIONE",UQCRC1
DB07763,"(5S)-3-ANILINO-5-(2,4-DIFLUOROPHENYL)-5-METHYL-1,3-OXAZOLIDINE-2,4-DIONE",UQCRC2
DB07763,"(5S)-3-ANILINO-5-(2,4-DIFLUOROPHENYL)-5-METHYL-1,3-OXAZOLIDINE-2,4-DIONE",UQCRH
DB07763,"(5S)-3-ANILINO-5-(2,4-DIFLUOROPHENYL)-5-METHYL-1,3-OXAZOLIDINE-2,4-DIONE",UQCRQ
DB07763,"(5S)-3-ANILINO-5-(2,4-DIFLUOROPHENYL)-5-METHYL-1,3-OXAZOLIDINE-2,4-DIONE",UQCRFS1
DB07763,"(5S)-3-ANILINO-5-(2,4-DIFLUOROPHENYL)-5-METHYL-1,3-OXAZOLIDINE-2,4-DIONE",UQCR11
DB07763,"(5S)-3-ANILINO-5-(2,4-DIFLUOROPHENYL)-5-METHYL-1,3-OXAZOLIDINE-2,4-DIONE",UQCRB
DB07763,"(5S)-3-ANILINO-5-(2,4-DIFLUOROPHENYL)-5-METHYL-1,3-OXAZOLIDINE-2,4-DIONE",UQCR10
DB07764,Fluorescin,IGHG1
DB07765,"METHYL 1-(4-{[(2,4-DIAMINOPTERIDIN-6-YL)METHYL](METHYL)AMINO}BENZOYL)PIPERIDINE-4-CARBOXYLATE",DHRS4L1
DB07766,"(2Z,3E)-2,3'-biindole-2',3(1H,1'H)-dione 3-{O-[(3R)-3,4-dihydroxybutyl]oxime}",CAMK2A
DB07766,"(2Z,3E)-2,3'-biindole-2',3(1H,1'H)-dione 3-{O-[(3R)-3,4-dihydroxybutyl]oxime}",CDK16
DB07767,Ferulic acid,MAOB
DB07767,Ferulic acid,CA4
DB07767,Ferulic acid,CA1
DB07767,Ferulic acid,CA6
DB07767,Ferulic acid,CA9
DB07767,Ferulic acid,CA14
DB07767,Ferulic acid,CA2
DB07767,Ferulic acid,CA12
DB07767,Ferulic acid,xynY
DB07767,Ferulic acid,xynZ
DB07767,Ferulic acid,
DB07767,Ferulic acid,
DB07768,Epitestosterone,AKR1C1
DB07768,Epitestosterone,AKR1C2
DB07769,S-3-(4-FLUOROPHENOXY)-2-HYDROXY-2-METHYL-N-[4-NITRO-3-(TRIFLUOROMETHYL)PHENYL]PROPANAMIDE,AR
DB07770,5-(4-FLUOROPHENYL)-3-{[(4-METHYLPHENYL)SULFONYL]AMINO}THIOPHENE-2-CARBOXYLIC ACID,
DB07771,"[(3,7,11-TRIMETHYL-DODECA-2,6,10-TRIENYLOXYCARBAMOYL)-METHYL]-PHOSPHONIC ACID",KRAS
DB07771,"[(3,7,11-TRIMETHYL-DODECA-2,6,10-TRIENYLOXYCARBAMOYL)-METHYL]-PHOSPHONIC ACID",FNTA
DB07771,"[(3,7,11-TRIMETHYL-DODECA-2,6,10-TRIENYLOXYCARBAMOYL)-METHYL]-PHOSPHONIC ACID",FNTB
DB07772,"(1R)-1-{[(4'-methoxy-1,1'-biphenyl-4-yl)sulfonyl]amino}-2-methylpropylphosphonic acid",MMP8
DB07773,5-FLUOROINDOLE PROPANOL PHOSPHATE,trpA
DB07773,5-FLUOROINDOLE PROPANOL PHOSPHATE,trpB
DB07776,Flavone,AR
DB07776,Flavone,GABRA1
DB07776,Flavone,CYP19A1
DB07776,Flavone,ADORA1
DB07776,Flavone,ADORA2B
DB07776,Flavone,ADORA3
DB07776,Flavone,ncsA
DB07776,Flavone,ESRRA
DB07776,Flavone,ESRRB
DB07776,Flavone,CYP1B1
DB07778,(S)-famoxadone,CYC1
DB07778,(S)-famoxadone,MT-CYB
DB07778,(S)-famoxadone,UQCRC1
DB07778,(S)-famoxadone,UQCRC2
DB07778,(S)-famoxadone,UQCRH
DB07778,(S)-famoxadone,UQCRQ
DB07778,(S)-famoxadone,UQCRFS1
DB07778,(S)-famoxadone,UQCR11
DB07778,(S)-famoxadone,UQCRB
DB07778,(S)-famoxadone,UQCR10
DB07779,N-({(2S)-1-[(3R)-3-AMINO-4-(2-FLUOROPHENYL)BUTANOYL]PYRROLIDIN-2-YL}METHYL)BENZAMIDE,DPP4
DB07780,Farnesyl diphosphate,FDFT1
DB07780,Farnesyl diphosphate,FNTA
DB07780,Farnesyl diphosphate,FNTB
DB07780,Farnesyl diphosphate,KRAS
DB07780,Farnesyl diphosphate,ispF
DB07780,Farnesyl diphosphate,FDPS
DB07780,Farnesyl diphosphate,ispU
DB07780,Farnesyl diphosphate,nisZ
DB07780,Farnesyl diphosphate,GGPS1
DB07780,Farnesyl diphosphate,
DB07780,Farnesyl diphosphate,RABGGTA
DB07780,Farnesyl diphosphate,RABGGTB
DB07781,N-[[3-FLUORO-4-ETHOXY-PYRID-2-YL]ETHYL]-N'-[5-NITRILOMETHYL-PYRIDYL]-THIOUREA,gag-pol
DB07782,4-AMINO-2-TRIFLUOROMETHYL-5-HYDROXYMETHYLPYRIMIDINE PYROPHOSPHATE,thiE
DB07783,1-((1R)-1-(HYDROXYMETHYL)-3-{6-[(3-PHENYLPROPANOYL)AMINO]-1H-INDOL-1-YL}PROPYL)-1H-IMIDAZOLE-4-CARBOXAMIDE,ADA
DB07784,"[4-(4-ACETYLAMINO-PHENYL)-3,5-DIOXO-4-AZA-TRICYCLO[5.2.2.0 2,6]UNDEC-1-YLCARBAMOYLOXY]-ACETIC ACID",IGKC
DB07785,"1-{(1R,2S)-2-HYDROXY-1-[2-(2-NAPHTHYLOXY)ETHYL]PROPYL}-1H-IMIDAZONE-4-CARBOXAMIDE",ADA
DB07786,"1-((1R,2S)-1-{2-[2-(4-CHLOROPHENYL)-1,3-BENZOXAZOL-7-YL]ETHYL}-2-HYDROXYPROPYL)-1H-IMIDAZOLE-4-CARBOXAMIDE",ADA
DB07787,"5-FLUORO-1-[4-(4-PHENYL-3,6-DIHYDROPYRIDIN-1(2H)-YL)BUTYL]QUINAZOLINE-2,4(1H,3H)-DIONE",PARP1
DB07788,"(3R,5Z,8S,9S,11E)-8,9,16-TRIHYDROXY-14-METHOXY-3-METHYL-3,4,9,10-TETRAHYDRO-1H-2-BENZOXACYCLOTETRADECINE-1,7(8H)-DIONE",MAPK1
DB07789,"1-[5-Methyl-2-(trifluoromethyl)furan-3-yl]-3-[5-[2-[[6-(1H-1,2,4-triazol-5-ylamino)pyrimidin-4-yl]amino]ethyl]-1,3-thiazol-2-yl]urea",PLK1
DB07790,N-(2-METHOXYETHYL)-4-({4-[2-METHYL-1-(1-METHYLETHYL)-1H-IMIDAZOL-5-YL]PYRIMIDIN-2-YL}AMINO)BENZENESULFONAMIDE,CDK2
DB07791,4-{[4-(1-CYCLOPROPYL-2-METHYL-1H-IMIDAZOL-5-YL)PYRIMIDIN-2-YL]AMINO}-N-METHYLBENZENESULFONAMIDE,CDK2
DB07792,"(S)-2-CHLORO-N-(1-(2-(2-HYDROXYETHYLAMINO)-2-OXOETHYL)-2-OXO-1,2,3,4-TETRAHYDROQUINOLIN-3-YL)-6H-THIENO[2,3-B]PYRROLE-5-CARBOXAMIDE",PYGM
DB07793,"(2S)-N-[(3S)-1-(2-AMINO-2-OXOETHYL)-2-OXO-1,2,3,4-TETRAHYDROQUINOLIN-3-YL]-2-CHLORO-2H-THIENO[2,3-B]PYRROLE-5-CARBOXAMIDE",PYGM
DB07794,"5-(2-PHENYLPYRAZOLO[1,5-A]PYRIDIN-3-YL)-1H-PYRAZOLO[3,4-C]PYRIDAZIN-3-AMINE",MAPK1
DB07795,Fisetin,CDK6
DB07795,Fisetin,FASN
DB07795,Fisetin,72
DB07796,"(3ASR,4RS,8ASR,8BRS)-4-(2-(4-FLUOROBENZYL)-1,3-DIOXODEACAHYDROPYRROLO[3,4-A] PYRROLIZIN-4-YL)BENZAMIDINE",F2
DB07797,N-[[3-FLUORO-4-ETHOXY-PYRID-2-YL]ETHYL]-N'-[5-CHLORO-PYRIDYL]-THIOUREA,gag-pol
DB07798,"(3R)-3-(FLUOROMETHYL)-N-(3,3,3-TRIFLUOROPROPYL)-1,2,3,4-TETRAHYDROISOQUINOLINE-7-SULFONAMIDE",PNMT
DB07800,N-(2-(((5-CHLORO-2-PYRIDINYL)AMINO)SULFONYL)PHENYL)-4-(2-OXO-1(2H)-PYRIDINYL)BENZAMIDE,F10
DB07801,N-butyl-3-{[6-(9H-purin-6-ylamino)hexanoyl]amino}benzamide,AURKA
DB07802,"3,8-DIBROMO-7-HYDROXY-4-METHYL-2H-CHROMEN-2-ONE",CSNK2A1
DB07803,2-phenyl-1H-imidazole-4-carboxylic acid,blaZ
DB07803,2-phenyl-1H-imidazole-4-carboxylic acid,ampC
DB07804,"5-(5-CHLORO-2-THIENYL)-N-{(3S)-1-[(1S)-1-METHYL-2-MORPHOLIN-4-YL-2-OXOETHYL]-2-OXOPYRROLIDIN-3-YL}-1H-1,2,4-TRIAZOLE-3-SULFONAMIDE",F10
DB07805,"3-CHLORO-2,2-DIMETHYL-N-[4-(TRIFLUOROMETHYL)PHENYL]PROPANAMIDE",ddl
DB07806,"(2R,4S)-2-[(R)-BENZYLCARBAMOYL-PHENYLACETYL-METHYL]-5,5-DIMETHYL-THIAZOLIDINE-4-CARBOXYLIC ACID",gag-pol
DB07807,"(3R,4R,5R)-5-(HYDROXYMETHYL)-1-(3-PHENYLPROPYL)PIPERIDINE-3,4-DIOL",PYGM
DB07808,"(1S,2R)-2-[(2,5-difluorophenyl)carbamoyl]cyclopropanecarboxylic acid",blaCTX-M-9a
DB07809,4-({[4-(3-METHYLBENZOYL)PYRIDIN-2-YL]AMINO}METHYL)BENZENECARBOXIMIDAMIDE,F2
DB07810,Phloretin,SLC23A1
DB07810,Phloretin,ttgR
DB07811,"N-cyclopropyl-2',6-dimethyl-4'-(5-methyl-1,3,4-oxadiazol-2-yl)biphenyl-3-carboxamide",MAPK14
DB07812,"N-[(1S)-2-amino-1-phenylethyl]-5-(1H-pyrrolo[2,3-b]pyridin-4-yl)thiophene-2-carboxamide",AKT2
DB07812,"N-[(1S)-2-amino-1-phenylethyl]-5-(1H-pyrrolo[2,3-b]pyridin-4-yl)thiophene-2-carboxamide",GSK3B
DB07813,GLYCYLALANYL-N-2-NAPHTHYL-L-PROLINEAMIDE,ptpA
DB07814,Gibberellic acid,AADACL2
DB07815,Gibberellin A4,AADACL2
DB07816,N-(P-CYANOPHENYL)-N'-DIPHENYLMETHYL-GUANIDINE-ACETIC ACID,IGHG1
DB07817,"1-{3-[(4-pyridin-2-ylpiperazin-1-yl)sulfonyl]phenyl}-3-(1,3-thiazol-2-yl)urea",pheS
DB07817,"1-{3-[(4-pyridin-2-ylpiperazin-1-yl)sulfonyl]phenyl}-3-(1,3-thiazol-2-yl)urea",pheT
DB07818,"(2E)-3-(2,4-DICHLOROPHENYL)-N-HYDROXYACRYLAMIDE",a
DB07819,(2E)-3-(4-CHLOROPHENYL)-N-HYDROXYACRYLAMIDE,a
DB07820,"6-(3',5'-DIMETHYLBENZYL)-1-ETHOXYMETHYL-5-ISOPROPYLURACIL",gag-pol
DB07821,"(1R)-1,2,2-trimethylpropyl (R)-methylphosphinate",CES1
DB07821,"(1R)-1,2,2-trimethylpropyl (R)-methylphosphinate",PAFAH1B3
DB07821,"(1R)-1,2,2-trimethylpropyl (R)-methylphosphinate",PLA2G7
DB07823,"(2S)-2-[(3aR,4R,7S,7aS)-1,3-dioxooctahydro-2H-4,7-methanoisoindol-2-yl]propanoic acid",blaCTX-M-9a
DB07823,"(2S)-2-[(3aR,4R,7S,7aS)-1,3-dioxooctahydro-2H-4,7-methanoisoindol-2-yl]propanoic acid",ampC
DB07824,"4-ethyl-5-methyl-2-(1H-tetrazol-5-yl)-1,2-dihydro-3H-pyrazol-3-one",blaCTX-M-9a
DB07824,"4-ethyl-5-methyl-2-(1H-tetrazol-5-yl)-1,2-dihydro-3H-pyrazol-3-one",ampC
DB07825,(3S)-1-(4-acetylphenyl)-5-oxopyrrolidine-3-carboxylic acid,ampC
DB07826,2-[4-chloro-2-(phenylcarbonyl)phenoxy]-N-phenylacetamide,gag-pol
DB07827,"4-{[1-METHYL-2,4-DIOXO-6-(3-PHENYLPROP-1-YN-1-YL)-1,4-DIHYDROQUINAZOLIN-3(2H)-YL]METHYL}BENZOIC ACID",MMP13
DB07829,4-[3-(4-FLUOROPHENYL)-1H-PYRAZOL-4-YL]PYRIDINE,MAPK14
DB07830,"(4R,5R)-5-AMINO-1-[2-(1,3-BENZODIOXOL-5-YL)ETHYL]-4-(2,4,5-TRIFLUOROPHENYL)PIPERIDIN-2-ONE",DPP4
DB07831,"2-{[(6-OXO-1,6-DIHYDROPYRIDIN-3-YL)METHYL]AMINO}-N-[4-PROPYL-3-(TRIFLUOROMETHYL)PHENYL]BENZAMIDE",ABL1
DB07832,"4-{4-[(5-hydroxy-2-methylphenyl)amino]quinolin-7-yl}-1,3-thiazole-2-carbaldehyde",MAPK14
DB07833,"N-(3-cyanophenyl)-2'-methyl-5'-(5-methyl-1,3,4-oxadiazol-2-yl)-4-biphenylcarboxamide",MAPK14
DB07834,"N-(cyclopropylmethyl)-2'-methyl-5'-(5-methyl-1,3,4-oxadiazol-2-yl)biphenyl-4-carboxamide",MAPK14
DB07835,"N~3~-cyclopropyl-N~4~'-(cyclopropylmethyl)-6-methylbiphenyl-3,4'-dicarboxamide",MAPK14
DB07836,1-DECYL-3-TRIFLUORO ETHYL-SN-GLYCERO-2-PHOSPHOMETHANOL,PLA2G1B
DB07837,"[4-(5-naphthalen-2-yl-1H-pyrrolo[2,3-b]pyridin-3-yl)phenyl]acetic acid",SGK1
DB07838,(Z)-3-BENZYL-5-(2-HYDROXY-3-NITROBENZYLIDENE)-2-THIOXOTHIAZOLIDIN-4-ONE,NMT2
DB07839,"N~2~-1,3-BENZOXAZOL-2-YL-3-CYCLOHEXYL-N-{2-[(4-METHOXYPHENYL)AMINO]ETHYL}-L-ALANINAMIDE",CTSS
DB07840,"(E)-[4-(3,5-Difluorophenyl)-3H-pyrrolo[2,3-b]pyridin-3-ylidene](3-methoxyphenyl)methanol",FGFR1
DB07841,Geranylgeranyl diphosphate,FDPS
DB07841,Geranylgeranyl diphosphate,FNTA
DB07841,Geranylgeranyl diphosphate,FNTB
DB07841,Geranylgeranyl diphosphate,PGGT1B
DB07841,Geranylgeranyl diphosphate,GGPS1
DB07841,Geranylgeranyl diphosphate,RABGGTA
DB07841,Geranylgeranyl diphosphate,RABGGTB
DB07842,(2S)-2-(4-ethylphenoxy)-3-phenylpropanoic acid,PPARG
DB07843,5-CHLORO-N-{(3S)-1-[(1S)-1-METHYL-2-MORPHOLIN-4-YL-2-OXOETHYL]-2-OXOPYRROLIDIN-3-YL}-1-BENZOTHIOPHENE-2-SULFONAMIDE,F10
DB07844,6-CHLORO-N-{(3S)-1-[(1S)-1-METHYL-2-MORPHOLIN-4-YL-2-OXOETHYL]-2-OXOPYRROLIDIN-3-YL}-1-BENZOTHIOPHENE-2-SULFONAMIDE,F10
DB07845,"2-fluoro-6-{[2-({2-methoxy-4-[(methylsulfonyl)methyl]phenyl}amino)-7H-pyrrolo[2,3-d]pyrimidin-4-yl]amino}benzamide",MAPK8
DB07846,"(3,4,8b-Trimethyl-3-oxido-2,3a-dihydro-1H-pyrrolo[2,3-b]indol-3-ium-7-yl) N-(2-ethylphenyl)carbamate",ACHE
DB07847,6-CHLORO-N-{(3S)-1-[(1S)-1-METHYL-2-(4-MORPHOLINYL)-2-OXO ETHYL]-2-OXO-3-PYRROLIDINYL}-2-NAPHTHALENESULFONAMIDE,F10
DB07848,5-Chloro-N-{(3S)-1-[(2S)-1-(4-morpholinyl)-1-oxo-2-propanyl]-2-oxo-3-pyrrolidinyl}-1H-indole-2-sulfonamide,F10
DB07849,S-NONYL-CYSTEINE,GSTP1
DB07850,"(1R,2S)-2-(5-thioxo-4,5-dihydro-1H-1,2,4-triazol-3-yl)cyclohexanecarboxylic acid",ampC
DB07851,"(3R,4S)-1-(3,4-DIMETHOXYPHENYL)-3-(3-METHYLPHENYL)PIPERIDIN-4-AMINE",DPP4
DB07852,"1-(3,5-DICHLOROPHENYL)-5-METHYL-1H-1,2,4-TRIAZOLE-3-CARBOXYLIC ACID",CCNA2
DB07852,"1-(3,5-DICHLOROPHENYL)-5-METHYL-1H-1,2,4-TRIAZOLE-3-CARBOXYLIC ACID",CDK2
DB07853,"2-[4-[4-[(5-cyclopropyl-1H-pyrazol-3-yl)amino]quinazolin-2-yl]iminocyclohexa-2,5-dien-1-yl]acetonitrile",SLK
DB07853,"2-[4-[4-[(5-cyclopropyl-1H-pyrazol-3-yl)amino]quinazolin-2-yl]iminocyclohexa-2,5-dien-1-yl]acetonitrile",CAMK2D
DB07853,"2-[4-[4-[(5-cyclopropyl-1H-pyrazol-3-yl)amino]quinazolin-2-yl]iminocyclohexa-2,5-dien-1-yl]acetonitrile",STK26
DB07854,N-METHYL-1-[4-(9H-PURIN-6-YL)PHENYL]METHANAMINE,PRKACA
DB07854,N-METHYL-1-[4-(9H-PURIN-6-YL)PHENYL]METHANAMINE,PKIA
DB07855,(S)-1-PHENYL-1-[4-(9H-PURIN-6-YL)PHENYL]METHANAMINE,PRKACA
DB07855,(S)-1-PHENYL-1-[4-(9H-PURIN-6-YL)PHENYL]METHANAMINE,PKIA
DB07856,6-{4-[4-(4-CHLOROPHENYL)PIPERIDIN-4-YL]PHENYL}-9H-PURINE,PRKACA
DB07856,6-{4-[4-(4-CHLOROPHENYL)PIPERIDIN-4-YL]PHENYL}-9H-PURINE,PKIA
DB07857,(2R)-2-(4-chlorophenyl)-2-[4-(1H-pyrazol-4-yl)phenyl]ethanamine,PRKACA
DB07857,(2R)-2-(4-chlorophenyl)-2-[4-(1H-pyrazol-4-yl)phenyl]ethanamine,PKIA
DB07858,(2S)-2-(4-chlorophenyl)-2-[4-(1H-pyrazol-4-yl)phenyl]ethanamine,PRKACA
DB07858,(2S)-2-(4-chlorophenyl)-2-[4-(1H-pyrazol-4-yl)phenyl]ethanamine,PKIA
DB07859,4-(4-CHLOROPHENYL)-4-[4-(1H-PYRAZOL-4-YL)PHENYL]PIPERIDINE,PRKACA
DB07859,4-(4-CHLOROPHENYL)-4-[4-(1H-PYRAZOL-4-YL)PHENYL]PIPERIDINE,PKIA
DB07859,4-(4-CHLOROPHENYL)-4-[4-(1H-PYRAZOL-4-YL)PHENYL]PIPERIDINE,AKT2
DB07859,4-(4-CHLOROPHENYL)-4-[4-(1H-PYRAZOL-4-YL)PHENYL]PIPERIDINE,GSK3B
DB07860,(2R)-2-(4-CHLOROPHENYL)-2-PHENYLETHANAMINE,PRKACA
DB07860,(2R)-2-(4-CHLOROPHENYL)-2-PHENYLETHANAMINE,PKIA
DB07861,(2R)-N-hydroxy-3-naphthalen-2-yl-2-[(naphthalen-2-ylsulfonyl)amino]propanamide,lpxC
DB07862,"7-(1-ETHYL-PROPYL)-7H-PYRROLO-[3,2-F]QUINAZOLINE-1,3-DIAMINE",DHFR2
DB07863,2-chloro-5-nitro-N-phenylbenzamide,RXRA
DB07863,2-chloro-5-nitro-N-phenylbenzamide,PPARG
DB07863,2-chloro-5-nitro-N-phenylbenzamide,NCOA2
DB07864,4-[(CYCLOPROPYLETHYNYL)OXY]-6-FLUORO-3-ISOPROPYLQUINOLIN-2(1H)-ONE,gag-pol
DB07865,3-(1H-tetrazol-5-ylamino)cyclohex-2-en-1-one,blaCTX-M-9a
DB07866,"(5S)-2-(Cyclooctylamino)-5-methyl-5-propyl-1,3-thiazol-4(5H)-one",HSD11B1
DB07867,6-CHLORO-4-(CYCLOHEXYLOXY)-3-PROPYLQUINOLIN-2(1H)-ONE,gag-pol
DB07868,6-CHLORO-4-(CYCLOHEXYLSULFANYL)-3-PROPYLQUINOLIN-2(1H)-ONE,gag-pol
DB07869,6-Chloro-4-[(R)-cyclohexylsulfinyl]-3-propyl-2(1H)-quinolinone,gag-pol
DB07870,Haloxyfop-P,ACACB
DB07871,6-CHLORO-4-(CYCLOHEXYLOXY)-3-ISOPROPYLQUINOLIN-2(1H)-ONE,gag-pol
DB07872,5-chloro-N-[(3R)-1-(2-{[2-fluoro-4-(2-oxopyridin-1(2H)-yl)phenyl]amino}-2-oxoethyl)pyrrolidin-3-yl]thiophene-2-carboxamide,F10
DB07873,Lauryl alcohol diphosphonic acid,FDPS
DB07873,Lauryl alcohol diphosphonic acid,GGPS1
DB07874,"(6S)-2-amino-6-(3'-methoxybiphenyl-3-yl)-3,6-dimethyl-5,6-dihydropyrimidin-4(3H)-one",BACE1
DB07875,"5-Chloro-thiophene-2-carboxylic acid ((3S,4S)-1-{[2-fluoro-4-(2-oxo-2H-pyridin-1-yl)-phenylcarbamoyl]-methyl}-4-hydroxy-pyrrolidin-3-yl)-amide",F10
DB07876,(S)-2-METHYL-1-[(4-METHYL-5-ISOQUINOLINE)SULFONYL]-HOMOPIPERAZINE,ROCK1
DB07876,(S)-2-METHYL-1-[(4-METHYL-5-ISOQUINOLINE)SULFONYL]-HOMOPIPERAZINE,PRKACA
DB07876,(S)-2-METHYL-1-[(4-METHYL-5-ISOQUINOLINE)SULFONYL]-HOMOPIPERAZINE,PKIA
DB07877,"8-(6-BROMO-BENZO[1,3]DIOXOL-5-YLSULFANYL)-9-(3-ISOPROPYLAMINO-PROPYL)-ADENINE",HSP90AB1
DB07877,"8-(6-BROMO-BENZO[1,3]DIOXOL-5-YLSULFANYL)-9-(3-ISOPROPYLAMINO-PROPYL)-ADENINE",HSP90AA1
DB07878,"N-[(1S)-1-{1-[(1R,3E)-1-ACETYLPENT-3-EN-1-YL]-1H-1,2,3-TRIAZOL-4-YL}-1,2-DIMETHYLPROPYL]BENZAMIDE",CTSS
DB07879,"N-hydroxy-5-[(3-phenyl-5,6-dihydroimidazo[1,2-a]pyrazin-7(8H)-yl)carbonyl]thiophene-2-carboxamide",HDAC4
DB07880,2-((4'-HYDROXYPHENYL)-AZO)BENZOIC ACID,
DB07881,N-{[2-({[1-(4-CARBOXYBUTANOYL)AMINO]-2-PHENYLETHYL}-HYDROXYPHOSPHINYL)OXY]ACETYL}-2-PHENYLETHYLAMINE,IGHG1
DB07882,"4-{4-[2-(1A,7A-DIMETHYL-4-OXY-OCTAHYDRO-1-OXA-4-AZA-CYCLOPROPA[A]NAPHTHALEN-4-YL) -ACETYLAMINO]-PHENYLCARBAMOYL}-BUTYRIC ACID",IGKC
DB07883,(2-AMINO-3-PHENYL-BICYCLO[2.2.1]HEPT-2-YL)-PHENYL-METHANONE,IGHG1
DB07884,Opaviraline,gag-pol
DB07884,Opaviraline,gag-pol
DB07885,Talviraline,gag-pol
DB07887,"(R)-1-(4-(4-(hydroxymethyl)-1,3,2-dioxaborolan-2-yl)benzyl)guanidine",F11
DB07888,"3-(4-HYDROXYPHENYL)-4,5-DIHYDRO-5-ISOXAZOLE-ACETIC ACID METHYL ESTER",MIF
DB07889,"(2S)-1-(Dimethylamino)-3-(4-{[4-(2-methylimidazo[1,2-a]pyridin-3-yl)-2-pyrimidinyl]amino}phenoxy)-2-propanol",CDK2
DB07890,4-(2-HYDROXYPHENYLTHIO)-1-BUTENYLPHOSPHONIC ACID,trpA
DB07890,4-(2-HYDROXYPHENYLTHIO)-1-BUTENYLPHOSPHONIC ACID,trpB
DB07892,1-(2-HYDROXYETHYLOXYMETHYL)-6-PHENYL THIOTHYMINE,gag-pol
DB07892,1-(2-HYDROXYETHYLOXYMETHYL)-6-PHENYL THIOTHYMINE,gag-pol
DB07893,PHENYL[1-(N-SUCCINYLAMINO)PENTYL]PHOSPHONATE,IGKC
DB07894,4-(2-HYDROXY-4-FLUOROPHENYLTHIO)-BUTYLPHOSPHONIC ACID,trpA
DB07894,4-(2-HYDROXY-4-FLUOROPHENYLTHIO)-BUTYLPHOSPHONIC ACID,trpB
DB07895,ALPHA-HYDROXYFARNESYLPHOSPHONIC ACID,FNTB
DB07895,ALPHA-HYDROXYFARNESYLPHOSPHONIC ACID,FNTA
DB07896,(2S)-hydroxy(4-hydroxyphenyl)ethanoic acid,
DB07897,1-(HYDROXYMETHYLENEAMINO)-8-HYDROXY-OCTANE,F2
DB07898,"(2R)-3-[(tetrahydroxyphosphoranyl)oxy]-1,2-propanediyl dibutanoate",
DB07899,(2S) N-acetyl-L-alanyl-αL-phenylalanyl-chloroethylketone,CTRB1
DB07900,3-FORMYL-2-HYDROXY-5-METHYL-HEXANOIC ACID HYDROXYAMIDE,MMP8
DB07901,5-CHLORO-6-METHYL-N-(2-PHENYLETHYL)-2-PYRIDIN-2-YLPYRIMIDIN-4-AMINE,METAP1
DB07902,"TERT-BUTYL {2-[(1,3-THIAZOL-2-YLAMINO)CARBONYL]PYRIDIN-3-YL}CARBAMATE",METAP1
DB07903,"3-[(2,2-DIMETHYLPROPANOYL)AMINO]-N-1,3-THIAZOL-2-YLPYRIDINE-2-CARBOXAMIDE",METAP1
DB07905,Hypothemycin,MAPK1
DB07906,"[(3R)-7-NITRO-1,2,3,4-TETRAHYDROISOQUINOLIN-3-YL]METHANOL",PNMT
DB07907,(2S)-2-HYDROXYOCTANOIC ACID,HAO1
DB07907,(2S)-2-HYDROXYOCTANOIC ACID,mdlB
DB07908,7-HYDROXY-4-METHYL-3-(2-HYDROXY-ETHYL)COUMARIN,PFN1
DB07909,"(1S,2S,5S)2-(4-GLUTARIDYLBENZYL)-5-PHENYL-1-CYCLOHEXANOL",
DB07909,"(1S,2S,5S)2-(4-GLUTARIDYLBENZYL)-5-PHENYL-1-CYCLOHEXANOL",IGHG1
DB07909,"(1S,2S,5S)2-(4-GLUTARIDYLBENZYL)-5-PHENYL-1-CYCLOHEXANOL",IGKC
DB07910,"(2S)-2-amino-3-phenylpropane-1,1-diol",gag-pol
DB07910,"(2S)-2-amino-3-phenylpropane-1,1-diol",gag-pol
DB07910,"(2S)-2-amino-3-phenylpropane-1,1-diol",gag-pol
DB07911,"(3E)-2,6-DIOXO-6-PHENYLHEX-3-ENOATE",bphD
DB07911,"(3E)-2,6-DIOXO-6-PHENYLHEX-3-ENOATE",hsaD
DB07912,2-OXOHEPTYLPHOSPHONIC ACID,ENOPH1
DB07913,HOMOPHENYLALANINYLMETHANE,CTSF
DB07914,"2-hydroxy-6-oxo-6-phenyl-2,4-hexadienoic acid",bphK
DB07914,"2-hydroxy-6-oxo-6-phenyl-2,4-hexadienoic acid",
DB07915,"(2E,4E)-2-Hydroxy-6-oxo-6-phenyl-2,4-hexadienoic acid",bphD
DB07916,3-{6-[(8-HYDROXY-QUINOLINE-2-CARBONYL)-AMINO]-2-THIOPHEN-2-YL-HEXANOYLAMINO}-4-OXO-BUTYRI ACID,CASP1
DB07917,4-(BENZHYDRYLOXY)-1-[3-(1H-TETRAAZOL-5-YL)PROPYL]PIPERIDINE,HPGDS
DB07918,2-heptyl-4-hydroxyquinoline N-oxide,frdA
DB07918,2-heptyl-4-hydroxyquinoline N-oxide,frdB
DB07918,2-heptyl-4-hydroxyquinoline N-oxide,frdC
DB07918,2-heptyl-4-hydroxyquinoline N-oxide,frdD
DB07918,2-heptyl-4-hydroxyquinoline N-oxide,fdnG
DB07918,2-heptyl-4-hydroxyquinoline N-oxide,fdnH
DB07918,2-heptyl-4-hydroxyquinoline N-oxide,fdnI
DB07918,2-heptyl-4-hydroxyquinoline N-oxide,
DB07918,2-heptyl-4-hydroxyquinoline N-oxide,nrfA
DB07919,Harmine,MAOA
DB07919,Harmine,DYRK3
DB07919,Harmine,DYRK1A
DB07919,Harmine,DYRK2
DB07920,N-oxo-2-[(4-phenylphenyl)sulfonylamino]ethanamide,MMP12
DB07921,2-[(4-fluorophenyl)sulfonylamino]-N-oxo-ethanamide,MMP12
DB07922,N-oxo-2-(phenylsulfonylamino)ethanamide,MMP12
DB07923,octyl alpha-L-altropyranoside,aqpZ
DB07924,octyl beta-D-galactopyranoside,aqpZ
DB07925,4-(2-HYDROXYPHENYLSULFINYL)-BUTYLPHOSPHONIC ACID,trpA
DB07925,4-(2-HYDROXYPHENYLSULFINYL)-BUTYLPHOSPHONIC ACID,trpB
DB07926,N-[3-(N'-HYDROXYCARBOXAMIDO)-2-(2-METHYLPROPYL)-PROPANOYL]-O-TYROSINE-N-METHYLAMIDE,MMP1
DB07926,N-[3-(N'-HYDROXYCARBOXAMIDO)-2-(2-METHYLPROPYL)-PROPANOYL]-O-TYROSINE-N-METHYLAMIDE,ADAMTS4
DB07926,N-[3-(N'-HYDROXYCARBOXAMIDO)-2-(2-METHYLPROPYL)-PROPANOYL]-O-TYROSINE-N-METHYLAMIDE,ADAMTS5
DB07926,N-[3-(N'-HYDROXYCARBOXAMIDO)-2-(2-METHYLPROPYL)-PROPANOYL]-O-TYROSINE-N-METHYLAMIDE,MMP7
DB07926,N-[3-(N'-HYDROXYCARBOXAMIDO)-2-(2-METHYLPROPYL)-PROPANOYL]-O-TYROSINE-N-METHYLAMIDE,MMP2
DB07926,N-[3-(N'-HYDROXYCARBOXAMIDO)-2-(2-METHYLPROPYL)-PROPANOYL]-O-TYROSINE-N-METHYLAMIDE,MMP3
DB07926,N-[3-(N'-HYDROXYCARBOXAMIDO)-2-(2-METHYLPROPYL)-PROPANOYL]-O-TYROSINE-N-METHYLAMIDE,MMP8
DB07926,N-[3-(N'-HYDROXYCARBOXAMIDO)-2-(2-METHYLPROPYL)-PROPANOYL]-O-TYROSINE-N-METHYLAMIDE,MMP9
DB07927,3-[(4-Carboxy-2-hydroxyphenyl)sulfamoyl]-2-thiophenecarboxylic acid,ampC
DB07928,N-(2-OXOTETRAHYDROFURAN-3-YL)OCTANAMIDE,sdiA
DB07929,"N-(TERT-BUTYL)-3,5-DIMETHYL-N'-[(5-METHYL-2,3-DIHYDRO-1,4-BENZODIOXIN-6-YL)CARBONYL]BENZOHYDRAZIDE",NR1H3
DB07929,"N-(TERT-BUTYL)-3,5-DIMETHYL-N'-[(5-METHYL-2,3-DIHYDRO-1,4-BENZODIOXIN-6-YL)CARBONYL]BENZOHYDRAZIDE",RXRB
DB07930,(3R)-3-HYDROXYDODECANOIC ACID,ACOX1
DB07931,Hexestrol,ESR2
DB07931,Hexestrol,AKR1C1
DB07931,Hexestrol,ESR1
DB07931,Hexestrol,NR1I2
DB07931,Hexestrol,NR1I3
DB07932,"dimethyl (1R,4S)-5,6-bis(4-hydroxyphenyl)-7-oxabicyclo[2.2.1]hepta-2,5-diene-2,3-dicarboxylate",ESR1
DB07932,"dimethyl (1R,4S)-5,6-bis(4-hydroxyphenyl)-7-oxabicyclo[2.2.1]hepta-2,5-diene-2,3-dicarboxylate",NCOA2
DB07933,Erteberel,ESR2
DB07933,Erteberel,ESR1
DB07934,[[CYCLOHEXANESULFONYL-GLYCYL]-3[PYRIDIN-4-YL-AMINOMETHYL]ALANYL]PIPERIDINE,F2
DB07935,"5-[(5-fluoro-3-methyl-1H-indazol-4-yl)oxy]benzene-1,3-dicarbonitrile",pol
DB07936,N-(4-{[(3S)-3-(dimethylamino)pyrrolidin-1-yl]carbonyl}phenyl)-5-fluoro-4-[2-methyl-1-(1-methylethyl)-1H-imidazol-5-yl]pyrimidin-2-amine,CDK2
DB07937,"2-butoxy-9-(2,6-difluorobenzyl)-N-(2-morpholin-4-ylethyl)-9H-purin-6-amine",murI
DB07938,(S)-iclaprim,folA
DB07939,N-(3-MERCAPTOPROPANOYL)-D-ALANINE,
DB07940,"9-(3-IODOBENZYLAMINO)-1,2,3,4-TETRAHYDROACRIDINE",BCHE
DB07941,PH-797804,MAPK14
DB07942,2-fluoro-4-[4-(4-fluorophenyl)-1H-pyrazol-3-yl]pyridine,MAPK14
DB07943,SD-0006,MAPK14
DB07944,N-{3-METHYL-5-[2-(PYRIDIN-4-YLAMINO)-ETHOXY]-PHENYL}-BENZENESULFONAMIDE,F2
DB07946,"N-[2-({[amino(imino)methyl]amino}oxy)ethyl]-2-{6-chloro-3-[(2,2-difluoro-2-phenylethyl)amino]-2-fluorophenyl}acetamide",F2
DB07947,ISOQUINOLINE-5-SULFONIC ACID (2-(2-(4-CHLOROBENZYLOXY)ETHYLAMINO)ETHYL)AMIDE,PRKACA
DB07947,ISOQUINOLINE-5-SULFONIC ACID (2-(2-(4-CHLOROBENZYLOXY)ETHYLAMINO)ETHYL)AMIDE,PKIA
DB07947,ISOQUINOLINE-5-SULFONIC ACID (2-(2-(4-CHLOROBENZYLOXY)ETHYLAMINO)ETHYL)AMIDE,AKT2
DB07947,ISOQUINOLINE-5-SULFONIC ACID (2-(2-(4-CHLOROBENZYLOXY)ETHYLAMINO)ETHYL)AMIDE,GSK3B
DB07949,"({[(3E)-2'-Oxo-2',7'-dihydro-2,3'-biindol-3(7H)-ylidene]amino}oxy)acetic acid",PYGM
DB07950,Indoleacetic acid,PLA2G2E
DB07950,Indoleacetic acid,SKP1
DB07950,Indoleacetic acid,KYAT1
DB07951,N-(indole-3-acetyl)-L-aspartic acid,trpA
DB07951,N-(indole-3-acetyl)-L-aspartic acid,trpB
DB07952,N-[1H-INDOL-3-YL-ACETYL]GLYCINE ACID,trpA
DB07952,N-[1H-INDOL-3-YL-ACETYL]GLYCINE ACID,trpB
DB07953,N-[1H-INDOL-3-YL-ACETYL]VALINE ACID,trpA
DB07953,N-[1H-INDOL-3-YL-ACETYL]VALINE ACID,trpB
DB07954,3-isobutyl-1-methyl-7H-xanthine,PDE4D
DB07954,3-isobutyl-1-methyl-7H-xanthine,PDE5A
DB07954,3-isobutyl-1-methyl-7H-xanthine,PDE2A
DB07954,3-isobutyl-1-methyl-7H-xanthine,ADORA3
DB07954,3-isobutyl-1-methyl-7H-xanthine,PDE4A
DB07954,3-isobutyl-1-methyl-7H-xanthine,ADORA2B
DB07954,3-isobutyl-1-methyl-7H-xanthine,PDE4B
DB07954,3-isobutyl-1-methyl-7H-xanthine,ADORA2A
DB07954,3-isobutyl-1-methyl-7H-xanthine,PDE3A
DB07954,3-isobutyl-1-methyl-7H-xanthine,ADORA1
DB07954,3-isobutyl-1-methyl-7H-xanthine,PDE3B
DB07954,3-isobutyl-1-methyl-7H-xanthine,PDE7A
DB07954,3-isobutyl-1-methyl-7H-xanthine,PDE9A
DB07954,3-isobutyl-1-methyl-7H-xanthine,PDE8A
DB07954,3-isobutyl-1-methyl-7H-xanthine,PDE6G
DB07955,(2-BROMOETHYL)(2-'FORMYL-4'-AMINOPHENYL) ACETATE,CELA1
DB07956,[1-(3-CHLORO-2-FORMYL-PHENYLCARBAMOYL)-2-METHYL-PROPYL]-CARBAMIC ACID TERT-BUTYL ESTER,CELA1
DB07957,METHYL(2-ACETOXY-2-(2-CARBOXY-4-AMINO-PHENYL))ACETATE,CELA1
DB07958,(2-CARBAMOYLMETHYL-5-PROPYL-OCTAHYDRO-INDOL-7-YL)ACETIC ACID,PLA2G2E
DB07959,3-(1H-BENZIMIDAZOL-2-YL)-1H-INDAZOLE,FGFR1
DB07959,3-(1H-BENZIMIDAZOL-2-YL)-1H-INDAZOLE,PDGFRB
DB07959,3-(1H-BENZIMIDAZOL-2-YL)-1H-INDAZOLE,FLT1
DB07959,3-(1H-BENZIMIDAZOL-2-YL)-1H-INDAZOLE,KDR
DB07959,3-(1H-BENZIMIDAZOL-2-YL)-1H-INDAZOLE,CHEK1
DB07960,"5-ACETAMIDO-5,6-DIHYDRO-4-HYDROXY-6-ISOBUTOXY-4H-PYRAN-2-CARBOXYLIC ACID",NEU2
DB07961,"1-(4-Cyano-phenyl)-3-[2-(2,6-dichloro-phenyl)-1-imino-ethyl]-thiourea",gag-pol
DB07964,"(3S)-4-{[4-(BUT-2-YNYLOXY)PHENYL]SULFONYL}-N-HYDROXY-2,2-DIMETHYLTHIOMORPHOLINE-3-CARBOXAMIDE",ADAM17
DB07965,6-(cyclohexylamino)-9-[2-(4-methylpiperazin-1-yl)-ethyl]-9H-purine-2-carbonitrile,CTSK
DB07966,[4-({4-[(5-cyclopropyl-1H-pyrazol-3-yl)amino]quinazolin-2-yl}amino)phenyl]acetonitrile,SRC
DB07967,9-CYCLOPENTYL-6-[2-(3-IMIDAZOL-1-YL-PROPOXY)-PHENYLAMINO]-9H-PURINE-2-CARBONITRILE,CTSK
DB07968,N-(2-CHLORO-4-FLUOROBENZOYL)-N'-(5-HYDROXY-2-METHOXYPHENYL)UREA,PYGL
DB07969,3-[3-(4-methylpiperazin-1-yl)-7-(trifluoromethyl)quinoxalin-5-yl]phenol,MET
DB07970,5-[(2-methyl-5-{[3-(trifluoromethyl)phenyl]carbamoyl}phenyl)amino]pyridine-3-carboxamide,EPHA7
DB07971,"5-AMINO-2-{4-[(4-AMINOPHENYL)SULFANYL]PHENYL}-1H-ISOINDOLE-1,3(2H)-DIONE",cyp130
DB07972,1-(3-METHYLPHENYL)-1H-BENZIMIDAZOL-5-AMINE,cyp130
DB07973,N-(1-ISOPROPYLPIPERIDIN-4-YL)-1-(3-METHOXYBENZYL)-1H-INDOLE-2-CARBOXAMIDE,F10
DB07974,1-{2-[(4-CHLOROPHENYL)AMINO]-2-OXOETHYL}-N-(1-ISOPROPYLPIPERIDIN-4-YL)-1H-INDOLE-2-CARBOXAMIDE,F10
DB07975,"2-({[3,5-DIFLUORO-3'-(TRIFLUOROMETHOXY)BIPHENYL-4-YL]AMINO}CARBONYL)CYCLOPENT-1-ENE-1-CARBOXYLIC ACID",DHODH
DB07976,3-{[(3-FLUORO-3'-METHOXYBIPHENYL-4-YL)AMINO]CARBONYL}THIOPHENE-2-CARBOXYLIC ACID,DHODH
DB07977,"3-({[3,5-DIFLUORO-3'-(TRIFLUOROMETHOXY)BIPHENYL-4-YL]AMINO}CARBONYL)THIOPHENE-2-CARBOXYLIC ACID",DHODH
DB07978,"2-({[2,3,5,6-TETRAFLUORO-3'-(TRIFLUOROMETHOXY)BIPHENYL-4-YL]AMINO}CARBONYL)CYCLOPENTA-1,3-DIENE-1-CARBOXYLIC ACID",DHODH
DB07979,"(2E)-3-(3,4-DIHYDROXYPHENYL)-2-IMINOPROPANOIC ACID",DAO
DB07981,2-[1-(4-chlorobenzoyl)-5-methoxy-2-methyl-1H-indol-3-yl]-n-[(1R)-1-(hydroxymethyl)propyl]acetamide,PTGS1
DB07982,2-{4-[4-({4-[2-methyl-1-(1-methylethyl)-1H-imidazol-5-yl]pyrimidin-2-yl}amino)phenyl]piperazin-1-yl}-2-oxoethanol,CDK2
DB07983,1-(4-IODOBENZOYL)-5-METHOXY-2-METHYL INDOLE-3-ACETIC ACID,PTGS1
DB07984,2-[1-(4-chlorobenzoyl)-5-methoxy-2-methyl-1H-indol-3-yl]-n-[(1S)-1-(hydroxymethyl)propyl]acetamide,PTGS1
DB07985,+/-METHYL 4-(AMINOIMINOMETHYL)-BETA-[3- INH (AMINOIMINO)PHENYL]BENZENE PENTANOATE,PRSS1
DB07986,[4-(4-PHENYL-PIPERIDIN-1-YL)-BENZENESULFONYLAMINO]-ACETIC ACID,MMP3
DB07987,"[2-(5-Mercapto-[1,3,4]thiadiazol-2-ylcarbamoyl)-1-phenyl-ethyl]-carbamic acid benzyl ester",MMP3
DB07988,"2-[3-(5-Mercapto-[1,3,4]thiadiazol-2yl)-ureido]-N-methyl-3-pentafluorophenyl-propionamide",MMP3
DB07989,2-(ACETYL-HYDROXY-AMINO)-4-METHYL-PENTANOIC ACID METHYL ESTER,npr
DB07990,"(RP,SP)-O-(2R)-(1-PHENOXYBUT-2-YL)-METHYLPHOSPHONIC ACID CHLORIDE",lip
DB07991,N-[(1R)-3-(4-HYDROXYPHENYL)-1-METHYLPROPYL]-2-(2-PHENYL-1H-INDOL-3-YL)ACETAMIDE,ESR1
DB07993,"N~3~-[3-(1H-INDOL-6-YL)BENZYL]PYRIDINE-2,3-DIAMINE",BACE1
DB07994,"N~3~-[5-(1H-INDOL-6-YL)-2-(PYRIDIN-2-YLMETHOXY)BENZYL]PYRIDINE-2,3-DIAMINE",BACE1
DB07995,H-89,PRKACA
DB07995,H-89,PKIA
DB07995,H-89,HASPIN
DB07995,H-89,EIF2AK2
DB07996,5-(2-methylpiperazine-1-sulfonyl)isoquinoline,PRKACA
DB07996,5-(2-methylpiperazine-1-sulfonyl)isoquinoline,PKIA
DB07997,N-[2-(METHYLAMINO)ETHYL]-5-ISOQUINOLINESULFONAMIDE,CNGA1
DB07997,N-[2-(METHYLAMINO)ETHYL]-5-ISOQUINOLINESULFONAMIDE,PRKACA
DB07997,N-[2-(METHYLAMINO)ETHYL]-5-ISOQUINOLINESULFONAMIDE,PKIA
DB07999,"{4-[(CARBOXYMETHOXY)CARBONYL]-3,3-DIOXIDO-1-OXONAPHTHO[1,2-D]ISOTHIAZOL-2(1H)-YL}ACETIC ACID",AKR1B1
DB08000,"2-(CARBOXYMETHYL)-1-OXO-1,2-DIHYDRONAPHTHO[1,2-D]ISOTHIAZOLE-4-CARBOXYLIC ACID 3,3-DIOXIDE",AKR1B1
DB08001,5-(3-{3-[3-HYDROXY-2-(METHOXYCARBONYL)PHENOXY]PROPENYL}PHENYL)-4-(HYDROXYMETHYL)ISOXAZOLE-3-CARBOXYLIC ACID,PTPN1
DB08003,ISOTHIAZOLIDINONE ANALOG,PTPN1
DB08004,"(2S)-2-{[3-(3-aminophenyl)imidazo[1,2-b]pyridazin-6-yl]amino}-3-methylbutan-1-ol",HASPIN
DB08005,4-{[5-chloro-4-(1H-indol-3-yl)pyrimidin-2-yl]amino}-N-ethylpiperidine-1-carboxamide,MAPK10
DB08006,"N-anthracen-2-yl-5-methyl[1,2,4]triazolo[1,5-a]pyrimidin-7-amine",DHODH
DB08007,(2R)-3-{[(BENZYLAMINO)CARBONYL]AMINO}-2-HYDROXYPROPANOIC ACID,CELA1
DB08008,"5-methyl-N-[4-(trifluoromethyl)phenyl][1,2,4]triazolo[1,5-a]pyrimidin-7-amine",DHODH
DB08009,SU-11652,KDR
DB08009,SU-11652,FLT1
DB08009,SU-11652,PDGFRA
DB08009,SU-11652,PDGFRB
DB08009,SU-11652,CAMK1G
DB08010,"(3Z)-1-[(6-fluoro-4H-1,3-benzodioxin-8-yl)methyl]-4-[(E)-2-phenylethenyl]-1H-indole-2,3-dione 3-oxime",MAPK10
DB08011,"(3E)-5-fluoro-1-[(6-fluoro-4H-1,3-benzodioxin-8-yl)methyl]-1H-indole-2,3-dione 3-oxime",MAPK10
DB08012,Pirodavir,
DB08012,Pirodavir,
DB08012,Pirodavir,
DB08013,(METHYLPYRIDAZINE PIPERIDINE PROPYLOXYPHENYL)ETHYLACETATE,
DB08013,(METHYLPYRIDAZINE PIPERIDINE PROPYLOXYPHENYL)ETHYLACETATE,
DB08014,(METHYLPYRIDAZINE PIPERIDINE BUTYLOXYPHENYL)ETHYLACETATE,
DB08014,(METHYLPYRIDAZINE PIPERIDINE BUTYLOXYPHENYL)ETHYLACETATE,
DB08015,"(3Z)-1-[(6-fluoro-4H-1,3-benzodioxin-8-yl)methyl]-4-phenyl-1H-indole-2,3-dione 3-oxime",MAPK10
DB08016,"4-(6-CHLORO-2,4-DIOXO-1,2,3,4-TETRAHYDROPYRIMIDIN-5-YL) BUTYL PHOSPHATE",ribH
DB08017,3-METHOXY-6-[4-(3-METHYLPHENYL)-1-PIPERAZINYL]PYRIDAZINE,
DB08017,3-METHOXY-6-[4-(3-METHYLPHENYL)-1-PIPERAZINYL]PYRIDAZINE,
DB08018,"N-{(3S,4S)-4-[(6-AMINO-4-METHYLPYRIDIN-2-YL)METHYL]PYRROLIDIN-3-YL}-N'-(4-CHLOROBENZYL)ETHANE-1,2-DIAMINE",NOS1
DB08018,"N-{(3S,4S)-4-[(6-AMINO-4-METHYLPYRIDIN-2-YL)METHYL]PYRROLIDIN-3-YL}-N'-(4-CHLOROBENZYL)ETHANE-1,2-DIAMINE",NOS3
DB08019,"N-{(3R,4S)-4-[(6-amino-4-methylpyridin-2-yl)methyl]pyrrolidin-3-yl}-N'-(3-chlorobenzyl)ethane-1,2-diamine",NOS1
DB08019,"N-{(3R,4S)-4-[(6-amino-4-methylpyridin-2-yl)methyl]pyrrolidin-3-yl}-N'-(3-chlorobenzyl)ethane-1,2-diamine",NOS3
DB08020,"(3AS,4R,9BR)-4-(4-HYDROXYPHENYL)-6-(METHOXYMETHYL)-1,2,3,3A,4,9B-HEXAHYDROCYCLOPENTA[C]CHROMEN-8-OL",ESR2
DB08020,"(3AS,4R,9BR)-4-(4-HYDROXYPHENYL)-6-(METHOXYMETHYL)-1,2,3,3A,4,9B-HEXAHYDROCYCLOPENTA[C]CHROMEN-8-OL",ESR1
DB08021,5-bromo-N-(3-chloro-2-(4-(prop-2-ynyl)piperazin-1-yl)phenyl)furan-2-carboxamide,MAPK10
DB08022,"(2S)-1,3-benzothiazol-2-yl{2-[(2-pyridin-3-ylethyl)amino]pyrimidin-4-yl}ethanenitrile",PIM1
DB08023,"N-cyclohexyl-4-imidazo[1,2-a]pyridin-3-yl-N-methylpyrimidin-2-amine",MAPK10
DB08024,(2S)-2-cyano-1-(4-phenyl-L-phenylalanyl)pyrrolidine,DPP4
DB08025,"N-{2'-[(4-FLUOROPHENYL)AMINO]-4,4'-BIPYRIDIN-2-YL}-4-METHOXYCYCLOHEXANECARBOXAMIDE",MAPK10
DB08026,"2-{4-[(4-imidazo[1,2-a]pyridin-3-ylpyrimidin-2-yl)amino]piperidin-1-yl}-N-methylacetamide",MAPK10
DB08027,CAP-1,gag-pol
DB08028,"BUT-3-ENYL-[5-(4-CHLORO-PHENYL)-3,6-DIHYDRO-[1,3,4]THIADIAZIN-2-YLIDENE]-AMINE",MMP8
DB08029,N~2~-(biphenyl-4-ylsulfonyl)-N-hydroxy-N~2~-(2-hydroxyethyl)glycinamide,MMP3
DB08030,3-[(4'-cyanobiphenyl-4-yl)oxy]-N-hydroxypropanamide,MMP3
DB08031,"N-[(13-CYCLOHEXYL-6,7-DIHYDROINDOLO[1,2-D][1,4]BENZOXAZEPIN-10-YL)CARBONYL]-2-METHYL-L-ALANINE",
DB08032,"N,N-DIETHYL-2-[(2-THIENYLCARBONYL)AMINO]-4,5,6,7-TETRAHYDRO-1-BENZOTHIOPHENE-3-CARBOXAMIDE",KIF11
DB08033,"(5R)-N,N-DIETHYL-5-METHYL-2-[(THIOPHEN-2-YLCARBONYL)AMINO]-4,5,6,7-TETRAHYDRO-1-BENZOTHIOPHENE-3-CARBOXAMIDE",KIF11
DB08034,"(E)-3,4-DIHYDROXY-N'-[(2-METHOXYNAPHTHALEN-1-YL)METHYLENE]BENZOHYDRAZIDE",gag-pol
DB08035,"1-TERT-BUTYL-3-(2,5-DIMETHYLBENZYL)-1H-PYRAZOLO[3,4-D]PYRIMIDIN-4-AMINE",AR
DB08036,"6,7,12,13-tetrahydro-5H-indolo[2,3-a]pyrrolo[3,4-c]carbazol-5-one",rbmD
DB08037,MK-0731,KIF11
DB08038,"L-alanyl-N-[(1S,2R)-1-benzyl-2-hydroxypropyl]-L-alaninamide",KLK7
DB08039,"(3Z)-N,N-DIMETHYL-2-OXO-3-(4,5,6,7-TETRAHYDRO-1H-INDOL-2-YLMETHYLIDENE)-2,3-DIHYDRO-1H-INDOLE-5-SULFONAMIDE",AURKB
DB08039,"(3Z)-N,N-DIMETHYL-2-OXO-3-(4,5,6,7-TETRAHYDRO-1H-INDOL-2-YLMETHYLIDENE)-2,3-DIHYDRO-1H-INDOLE-5-SULFONAMIDE",PRKAG1
DB08039,"(3Z)-N,N-DIMETHYL-2-OXO-3-(4,5,6,7-TETRAHYDRO-1H-INDOL-2-YLMETHYLIDENE)-2,3-DIHYDRO-1H-INDOLE-5-SULFONAMIDE",PRKAB1
DB08039,"(3Z)-N,N-DIMETHYL-2-OXO-3-(4,5,6,7-TETRAHYDRO-1H-INDOL-2-YLMETHYLIDENE)-2,3-DIHYDRO-1H-INDOLE-5-SULFONAMIDE",PRKAA1
DB08039,"(3Z)-N,N-DIMETHYL-2-OXO-3-(4,5,6,7-TETRAHYDRO-1H-INDOL-2-YLMETHYLIDENE)-2,3-DIHYDRO-1H-INDOLE-5-SULFONAMIDE",LCK
DB08039,"(3Z)-N,N-DIMETHYL-2-OXO-3-(4,5,6,7-TETRAHYDRO-1H-INDOL-2-YLMETHYLIDENE)-2,3-DIHYDRO-1H-INDOLE-5-SULFONAMIDE",SRC
DB08039,"(3Z)-N,N-DIMETHYL-2-OXO-3-(4,5,6,7-TETRAHYDRO-1H-INDOL-2-YLMETHYLIDENE)-2,3-DIHYDRO-1H-INDOLE-5-SULFONAMIDE",AURKC
DB08039,"(3Z)-N,N-DIMETHYL-2-OXO-3-(4,5,6,7-TETRAHYDRO-1H-INDOL-2-YLMETHYLIDENE)-2,3-DIHYDRO-1H-INDOLE-5-SULFONAMIDE",CAMK2D
DB08039,"(3Z)-N,N-DIMETHYL-2-OXO-3-(4,5,6,7-TETRAHYDRO-1H-INDOL-2-YLMETHYLIDENE)-2,3-DIHYDRO-1H-INDOLE-5-SULFONAMIDE",CALM1
DB08040,Kelatorphan,ENPEP
DB08040,Kelatorphan,ANPEP
DB08040,Kelatorphan,LTA4H
DB08041,3-BENZYLOXYCARBONYLAMINO-2-HYDROXY-4-PHENYL-BUTYRIC ACID,gag-pol
DB08042,"N~4~-methyl-N~4~-(3-methyl-1H-indazol-6-yl)-N~2~-(3,4,5-trimethoxyphenyl)pyrimidine-2,4-diamine",KDR
DB08043,1-[4-(PYRIDIN-4-YLOXY)PHENYL]-3-[3-(TRIFLUOROMETHYL)PHENYL]UREA,ABL1
DB08044,ABT-341,DPP4
DB08045,"4-{4-[4-(3-AMINOPROPOXY)PHENYL]-1H-PYRAZOL-5-YL}-6-CHLOROBENZENE-1,3-DIOL",HSP90AB1
DB08046,2-chloro-5-[(1S)-1-hydroxy-3-oxo-2H-isoindol-1-yl]benzenesulfonamide,CA2
DB08047,"4-[1-allyl-7-(trifluoromethyl)-1H-indazol-3-yl]benzene-1,3-diol",ESR1
DB08047,"4-[1-allyl-7-(trifluoromethyl)-1H-indazol-3-yl]benzene-1,3-diol",ESR2
DB08047,"4-[1-allyl-7-(trifluoromethyl)-1H-indazol-3-yl]benzene-1,3-diol",NCOA2
DB08048,"4-(6-HYDROXY-1H-INDAZOL-3-YL)BENZENE-1,3-DIOL",ESR1
DB08048,"4-(6-HYDROXY-1H-INDAZOL-3-YL)BENZENE-1,3-DIOL",NCOA2
DB08049,"7,8-dihydroxy-4-phenyl-2H-chromen-2-one",COMT
DB08050,5-phenyl-2-keto-valeric acid,ipdC
DB08051,"(2R)-4-(2-BENZOYL-1,2-DIAZEPAN-1-YL)-4-OXO-1-(2,4,5-TRIFLUOROPHENYL)BUTAN-2-AMINE",DPP4
DB08052,PP-121,SRC
DB08052,PP-121,EGFR
DB08052,PP-121,PIK3CB
DB08052,PP-121,HCK
DB08052,PP-121,ABL1
DB08052,PP-121,PDGFRA
DB08052,PP-121,PIK3CG
DB08052,PP-121,KDR
DB08052,PP-121,MTOR
DB08052,PP-121,PRKDC
DB08053,"1-cyclobutyl-3-(3,4-dimethoxyphenyl)-1H-pyrazolo[3,4-d]pyrimidin-4-amine",SRC
DB08054,"1-(1-methylethyl)-3-quinolin-6-yl-1H-pyrazolo[3,4-d]pyrimidin-4-amine",SRC
DB08055,"N-(2-chlorophenyl)-5-phenylimidazo[1,5-a]pyrazin-8-amine",LCK
DB08056,"N-(2,6-dimethylphenyl)-5-phenylimidazo[1,5-a]pyrazin-8-amine",LCK
DB08057,"N-(2-chloro-6-methylphenyl)-8-[(3S)-3-methylpiperazin-1-yl]imidazo[1,5-a]quinoxalin-4-amine",LCK
DB08058,"4-[3-(1,4-diazepan-1-ylcarbonyl)-4-fluorobenzyl]phthalazin-1(2H)-one",PARP1
DB08058,"4-[3-(1,4-diazepan-1-ylcarbonyl)-4-fluorobenzyl]phthalazin-1(2H)-one",PARP3
DB08059,Wortmannin,PIK3CG
DB08059,Wortmannin,PIK3CD
DB08059,Wortmannin,PLK1
DB08059,Wortmannin,PIK3R1
DB08059,Wortmannin,PIK3CA
DB08060,4-(2-AMINOPHENYL)-4-OXOBUTANOIC ACID,AGXT
DB08061,4-[3-(4-CHLOROPHENYL)-1H-PYRAZOL-5-YL]PIPERIDINE,F2
DB08062,"3-(4-CHLOROPHENYL)-5-(METHYLTHIO)-4H-1,2,4-TRIAZOLE",F2
DB08063,"1-BENZYL-3-(4-METHOXYPHENYLAMINO)-4-PHENYLPYRROLE-2,5-DIONE",RXRA
DB08063,"1-BENZYL-3-(4-METHOXYPHENYLAMINO)-4-PHENYLPYRROLE-2,5-DIONE",NR1H3
DB08064,N-(3-TERT-BUTYL-1H-PYRAZOL-5-YL)-N'-{4-CHLORO-3-[(PYRIDIN-3-YLOXY)METHYL]PHENYL}UREA,MAPK14
DB08065,2-(1H-pyrazol-3-yl)-1H-benzimidazole,AURKA
DB08066,N-[3-(1H-BENZIMIDAZOL-2-YL)-1H-PYRAZOL-4-YL]BENZAMIDE,AURKA
DB08066,N-[3-(1H-BENZIMIDAZOL-2-YL)-1H-PYRAZOL-4-YL]BENZAMIDE,CDK2
DB08067,4-[(2-{4-[(CYCLOPROPYLCARBAMOYL)AMINO]-1H-PYRAZOL-3-YL}-1H-BENZIMIDAZOL-6-YL)METHYL]MORPHOLIN-4-IUM,JAK2
DB08068,N-[4-CHLORO-3-(PYRIDIN-3-YLOXYMETHYL)-PHENYL]-3-FLUORO-,MAPK14
DB08069,"4-AMINO-5-(2-METHYLPHENYL)-2,4-DIHYDRO-3H-1,2,4-TRIAZOLE-3-THIONE",
DB08070,2-[4-(3-METHYL-1H-PYRAZOL-4-YL)PHENYL]ETHANAMINE,PRKACA
DB08070,2-[4-(3-METHYL-1H-PYRAZOL-4-YL)PHENYL]ETHANAMINE,PKIA
DB08071,"(2S)-1-methyl-2-[(2S,4R)-2-methyl-4-phenylpentyl]piperidine",lat
DB08072,"4-(2-AMINOETHOXY)-3,5-DICHLORO-N-[3-(1-METHYLETHOXY)PHENYL]BENZAMIDE",PLAU
DB08073,(2S)-1-(1H-INDOL-3-YL)-3-{[5-(3-METHYL-1H-INDAZOL-5-YL)PYRIDIN-3-YL]OXY}PROPAN-2-AMINE,AKT1
DB08073,(2S)-1-(1H-INDOL-3-YL)-3-{[5-(3-METHYL-1H-INDAZOL-5-YL)PYRIDIN-3-YL]OXY}PROPAN-2-AMINE,AKT2
DB08073,(2S)-1-(1H-INDOL-3-YL)-3-{[5-(3-METHYL-1H-INDAZOL-5-YL)PYRIDIN-3-YL]OXY}PROPAN-2-AMINE,GSK3B
DB08073,(2S)-1-(1H-INDOL-3-YL)-3-{[5-(3-METHYL-1H-INDAZOL-5-YL)PYRIDIN-3-YL]OXY}PROPAN-2-AMINE,PRKACA
DB08073,(2S)-1-(1H-INDOL-3-YL)-3-{[5-(3-METHYL-1H-INDAZOL-5-YL)PYRIDIN-3-YL]OXY}PROPAN-2-AMINE,PKIA
DB08074,3-(3-Methyl-2-buten-1-yl)-3H-purin-6-amine,accC
DB08075,"4-(2-amino-1,3-thiazol-4-yl)pyrimidin-2-amine",accC
DB08076,"4-[1-(2,6-dichlorobenzyl)-2-methyl-1H-imidazol-4-yl]pyrimidin-2-amine",accC
DB08077,"2-[4-({[(3,5-DICHLOROPHENYL)AMINO]CARBONYL}AMINO)PHENOXY]-2-METHYLPROPANOIC ACID",HBA1
DB08077,"2-[4-({[(3,5-DICHLOROPHENYL)AMINO]CARBONYL}AMINO)PHENOXY]-2-METHYLPROPANOIC ACID",HBB
DB08078,{4-[3-(4-acetyl-3-hydroxy-2-propylphenoxy)propoxy]phenoxy}acetic acid,PPARD
DB08079,AMG-208,MET
DB08080,Latrunculin B,ACTA1
DB08080,Latrunculin B,MRTFA
DB08080,Latrunculin B,SPIRE2
DB08081,3-OXO-OCTANOIC ACID (2-OXO-TETRAHYDRO-FURAN-3-YL)-AMIDE,traR
DB08081,3-OXO-OCTANOIC ACID (2-OXO-TETRAHYDRO-FURAN-3-YL)-AMIDE,traR
DB08081,3-OXO-OCTANOIC ACID (2-OXO-TETRAHYDRO-FURAN-3-YL)-AMIDE,traM
DB08082,N-(2-AMINOETHYL)-P-CHLOROBENZAMIDE,MAOB
DB08083,"2-(1,3-thiazol-4-yl)-1H-benzimidazole-5-sulfonamide",CA2
DB08084,IDD594,AKR1B1
DB08085,1-(4-HEXYLPHENYL)PROP-2-EN-1-ONE,THRB
DB08086,N-[12-(1H-imidazol-1-yl)dodecanoyl]-L-leucine,cyp102A1
DB08087,"4-[(7R,7AS)-7-HYDROXY-1,3-DIOXOTETRAHYDRO-1H-PYRROLO[1,2-C]IMIDAZOL-2(3H)-YL]-1-NAPHTHONITRILE",AR
DB08088,"2-chloro-4-{[(1R,3Z,7S,7aS)-7-hydroxy-1-(trifluoromethyl)tetrahydro-1H-pyrrolo[1,2-c][1,3]oxazol-3-ylidene]amino}-3-methylbenzonitrile",AR
DB08089,LGD-2226,AR
DB08090,"(3Z,5S,6R,7S,8R,8aR)-3-(octylimino)hexahydro[1,3]oxazolo[3,4-a]pyridine-5,6,7,8-tetrol",bglA
DB08091,3-FLUORO-5-MORPHOLIN-4-YL-N-[3-(2-PYRIDIN-4-YLETHYL)-1H-INDOL-5-YL]BENZAMIDE,MAPK14
DB08092,3-fluoro-N-1H-indol-5-yl-5-morpholin-4-ylbenzamide,MAPK14
DB08093,3-(1-NAPHTHYLMETHOXY)PYRIDIN-2-AMINE,MAPK14
DB08094,RO-4584820,CDK2
DB08094,RO-4584820,CDK7
DB08094,RO-4584820,CDK1
DB08094,RO-4584820,CDK4
DB08095,"3-(2-CHLOROPHENYL)-1-(2-{[(1S)-2-HYDROXY-1,2-DIMETHYLPROPYL]AMINO}PYRIMIDIN-4-YL)-1-(4-METHOXYPHENYL)UREA",MAPK14
DB08096,"8-(2-CHLOROPHENYLAMINO)-2-(2,6-DIFLUOROPHENYLAMINO)-9-ETHYL-9H-PURINE-1,7-DIIUM",MAPK14
DB08097,"2-(2,6-DIFLUOROPHENOXY)-N-(2-FLUOROPHENYL)-9-ISOPROPYL-9H-PURIN-8-AMINE",MAPK14
DB08098,"{[5-(5-nitro-2-furyl)-1,3,4-oxadiazol-2-yl]thio}acetic acid",AKR1B1
DB08099,"6-ethyl-5-[(2S)-1-(3-methoxypropyl)-2-phenyl-1,2,3,4-tetrahydroquinolin-7-yl]pyrimidine-2,4-diamine",REN
DB08105,N-[(6-butoxynaphthalen-2-yl)sulfonyl]-L-glutamic acid,murD
DB08106,N-[(6-butoxynaphthalen-2-yl)sulfonyl]-D-glutamic acid,murD
DB08107,N-{[6-(PENTYLOXY)NAPHTHALEN-2-YL]SULFONYL}-D-GLUTAMIC ACID,murD
DB08108,N-({6-[(4-CYANOBENZYL)OXY]NAPHTHALEN-2-YL}SULFONYL)-D-GLUTAMIC ACID,murD
DB08109,"(1S,4R,7AR)-4-BUTOXY-1-[(1R)-1-FORMYLPROPYL]-2,4,5,6,7,7A-HEXAHYDRO-1H-ISOINDOLE-3-CARBOXYLIC ACID",ampC
DB08110,"(1R,4S,7AS)-1-(1-FORMYLPROP-1-EN-1-YL)-4-METHOXY-2,4,5,6,7,7A-HEXAHYDRO-1H-ISOINDOLE-3-CARBOXYLIC ACID",ampC
DB08111,"4-[(6-phenyl[1,2,4]triazolo[4,3-b]pyridazin-3-yl)methyl]phenol",
DB08112,N-({6-[(4-CYANO-2-FLUOROBENZYL)OXY]NAPHTHALEN-2-YL}SULFONYL)-D-GLUTAMIC ACID,murD
DB08113,3-pyridin-4-yl-1H-indazole,PRKACA
DB08113,3-pyridin-4-yl-1H-indazole,PKIA
DB08114,"5-benzyl-1,3-thiazol-2-amine",PRKACA
DB08114,"5-benzyl-1,3-thiazol-2-amine",PKIA
DB08115,2-aminoethyl naphthalen-1-ylacetate,gag-pol
DB08116,"(3R)-4-{[(3,4-dihydroxyphenyl)acetyl]oxy}-N-(2-formylindolizin-3-yl)-3-sulfino-D-valine",bla
DB08118,"2-(methylamino)-N-(4-methyl-1,3-thiazol-2-yl)-5-[(4-methyl-4H-1,2,4-triazol-3-yl)sulfanyl]benzamide",GCK
DB08119,"1,1,1-TRIFLUORO-3-((N-ACETYL)-L-LEUCYLAMIDO)-4-PHENYL-BUTAN-2-ONE(N-ACETYL-L-LEUCYL-L-PHENYLALANYL TRIFLUOROMETHYL KETONE)",CTRB1
DB08120,"6,8-DIMERCAPTO-OCTANOIC ACID AMIDE",
DB08121,(2S)-2-(biphenyl-4-yloxy)-3-phenylpropanoic acid,PPARG
DB08122,"N-Methyl-4-{[(2-oxo-1,2-dihydro-3H-indol-3-ylidene)methyl]amino}benzenesulfonamide",CDK2
DB08123,"N-methyl-{4-[2-(7-oxo-6,7-dihydro-8H-[1,3]thiazolo[5,4-e]indol-8-ylidene)hydrazino]phenyl}methanesulfonamide",CDK2
DB08124,"3-{[(2,2-dioxido-1,3-dihydro-2-benzothien-5-yl)amino]methylene}-5-(1,3-oxazol-5-yl)-1,3-dihydro-2H-indol-2-one",CDK2
DB08125,"4-{[(2-Oxo-1,2-dihydro-3H-indol-3-ylidene)methyl]amino}-N-(1,3-thiazol-2-yl)benzenesulfonamide",CDK2
DB08126,"3-{[4-([amino(imino)methyl]aminosulfonyl)anilino]methylene}-2-oxo-2,3-dihydro-1H-indole",CDK2
DB08128,"(1S,4R,9S)-5-(trifluoromethyl)-1,2,3,4-tetrahydro-1,4-methanonaphthalen-9-amine",PNMT
DB08129,(1R)-2-amino-1-[3-(trifluoromethyl)phenyl]ethanol,PNMT
DB08130,"N-(5-{3,4-difluoro-2-[(2-fluoro-4-iodophenyl)amino]phenyl}-1,3,4-oxadiazol-2-yl)ethane-1,2-diamine",MAP2K1
DB08131,"2-{4-[2-(2-AMINO-4-OXO-4,7-DIHYDRO-3H-PYRROLO[2,3-D]PYRIMIDIN-5-YL)-ETHYL]-BENZOYLAMINO}-3-METHYL-BUTYRIC ACID",thyA
DB08132,5-hydroxynaphthalene-1-sulfonamide,CDK2
DB08133,N-(4-sulfamoylphenyl)-1H-indazole-3-carboxamide,CDK2
DB08134,4-[(6-chloropyrazin-2-yl)amino]benzenesulfonamide,CDK2
DB08135,N-phenyl-1H-pyrazole-3-carboxamide,CDK2
DB08136,4-(acetylamino)-N-(4-fluorophenyl)-1H-pyrazole-3-carboxamide,CDK2
DB08137,(4E)-N-(4-fluorophenyl)-4-[(phenylcarbonyl)imino]-4H-pyrazole-3-carboxamide,CDK2
DB08138,"{[(2,6-difluorophenyl)carbonyl]amino}-N-(4-fluorophenyl)-1H-pyrazole-3-carboxamide",CDK2
DB08139,"5-chloro-7-[(1-methylethyl)amino]pyrazolo[1,5-a]pyrimidine-3-carbonitrile",CDK2
DB08140,"5-[(4-AMINOCYCLOHEXYL)AMINO]-7-(PROPAN-2-YLAMINO)PYRAZOLO[1,5-A]PYRIMIDINE-3-CARBONITRILE",CDK2
DB08141,"4-{[(2,6-difluorophenyl)carbonyl]amino}-N-[(3S)-piperidin-3-yl]-1H-pyrazole-3-carboxamide",CDK2
DB08142,AT-7519,CDK2
DB08142,AT-7519,CDK1
DB08143,"5-CHLORO-THIOPHENE-2-CARBOXYLIC ACID ((3S,4S)-4-FLUORO- 1-{[2-FLUORO-4-(2-OXO-2H-PYRIDIN-1-YL)-PHENYLCARBAMOYL]-METHYL}-PYRROLIDIN-3-YL)-AMIDE",F10
DB08144,"6-(2,6-dibromophenyl)pyrido[2,3-d]pyrimidine-2,7-diamine",accC
DB08145,"6-(2,6-DIMETHOXYPHENYL)PYRIDO[2,3-D]PYRIMIDINE-2,7-DIAMINE",accC
DB08146,"7-(2,5-dihydropyrrol-1-yl)-6-phenyl-pyrido[6,5-d]pyrimidin-2-amine",accC
DB08147,"4-[3-(dibenzylamino)phenyl]-2,4-dioxobutanoic acid",PTPN1
DB08148,"1-[4-(4-chlorophenyl)-1-(7H-pyrrolo[2,3-d]pyrimidin-4-yl)piperidin-4-yl]methanamine",PRKACA
DB08148,"1-[4-(4-chlorophenyl)-1-(7H-pyrrolo[2,3-d]pyrimidin-4-yl)piperidin-4-yl]methanamine",PKIA
DB08149,"1-[4-(4-chlorobenzyl)-1-(7H-pyrrolo[2,3-d]pyrimidin-4-yl)piperidin-4-yl]methanamine",PRKACA
DB08149,"1-[4-(4-chlorobenzyl)-1-(7H-pyrrolo[2,3-d]pyrimidin-4-yl)piperidin-4-yl]methanamine",PKIA
DB08150,"4-(4-chlorobenzyl)-1-(7H-pyrrolo[2,3-d]pyrimidin-4-yl)piperidin-4-aminium",PRKACA
DB08150,"4-(4-chlorobenzyl)-1-(7H-pyrrolo[2,3-d]pyrimidin-4-yl)piperidin-4-aminium",PKIA
DB08151,"(5R,7R,8S,9S,10R)-7-(hydroxymethyl)-3-phenyl-1,6-dioxa-2-azaspiro[4.5]dec-2-ene-8,9,10-triol",PYGM
DB08152,{(2S)-1-[N-(tert-butoxycarbonyl)glycyl]pyrrolidin-2-yl}methyl (3-chlorophenyl)acetate,F2
DB08153,"(5E)-14-CHLORO-15,17-DIHYDROXY-4,7,8,9,10,11-HEXAHYDRO-2-BENZOXACYCLOPENTADECINE-1,12(3H,13H)-DIONE",HSP90AB1
DB08154,3-chloro-5-[2-chloro-5-(1H-indazol-3-ylmethoxy)phenoxy]benzonitrile,gag-pol
DB08155,N-{2-[4-(AMINOSULFONYL)PHENYL]ETHYL}ACETAMIDE,CA2
DB08155,N-{2-[4-(AMINOSULFONYL)PHENYL]ETHYL}ACETAMIDE,CA1
DB08156,3-[4-(AMINOSULFONYL)PHENYL]PROPANOIC ACID,CA1
DB08156,3-[4-(AMINOSULFONYL)PHENYL]PROPANOIC ACID,CA2
DB08157,ETHYL 3-[4-(AMINOSULFONYL)PHENYL]PROPANOATE,CA2
DB08157,ETHYL 3-[4-(AMINOSULFONYL)PHENYL]PROPANOATE,CA1
DB08158,"2,4-DINITROPHENYL 2-DEOXY-2-FLUORO-BETA-D-MANNOPYRANOSIDE",
DB08159,"4-(5,11-DIOXO-5H-INDENO[1,2-C]ISOQUINOLIN-6(11H)-YL)BUTANOATE",TOP1
DB08160,"(2S)-2-AMINO-4-(METHYLSULFANYL)-1-(1,3-THIAZOL-2-YL)BUTANE-1,1-DIOL",map
DB08161,(S)-2-(MERCAPTOMETHYL)-5-PHENYLPENTANOIC ACID,VIM-2
DB08162,Fasudil,ROCK1
DB08162,Fasudil,PKIA
DB08162,Fasudil,PRKACA
DB08162,Fasudil,ROCK2
DB08163,5'-{[4-(aminooxy)butyl](methyl)amino}-5'-deoxy-8-ethenyladenosine,AMD1
DB08164,"(3R,4R)-1-{6-[3-(METHYLSULFONYL)PHENYL]PYRIMIDIN-4-YL}-4-(2,4,5-TRIFLUOROPHENYL)PIPERIDIN-3-AMINE",DPP4
DB08165,indane-5-sulfonamide,CA2
DB08165,indane-5-sulfonamide,CA12
DB08165,indane-5-sulfonamide,CA14
DB08165,indane-5-sulfonamide,CA1
DB08166,"(4R)-7-chloro-9-methyl-1-oxo-1,2,4,9-tetrahydrospiro[beta-carboline-3,4'-piperidine]-4-carbonitrile",PIM1
DB08167,Methylthioninium,ACHE
DB08167,Methylthioninium,
DB08168,Coumarin 120,PPIA
DB08168,Coumarin 120,ppiA
DB08168,Coumarin 120,PPIF
DB08168,Coumarin 120,HDAC8
DB08169,(2Z)-N-biphenyl-4-yl-2-cyano-3-cyclopropyl-3-hydroxyprop-2-enamide,DHODH
DB08170,"(1R)-N,6-DIHYDROXY-7-METHOXY-2-[(4-METHOXYPHENYL)SULFONYL]-1,2,3,4-TETRAHYDROISOQUINOLINE-1-CARBOXAMIDE",MMP7
DB08171,11-MERCAPTOUNDECANOIC ACID,fabH
DB08172,(2Z)-N-(3-chloro-2'-methoxybiphenyl-4-yl)-2-cyano-3-hydroxybut-2-enamide,DHODH
DB08173,5-CHLORO-N-(2-(4-(2-OXOPYRIDIN-1(2H)-YL)BENZAMIDO)ETHYL)THIOPHENE-2-CARBOXAMIDE,F10
DB08174,"5-CHLORO-N-((1R,2S)-2-(4-(2-OXOPYRIDIN-1(2H)-YL)BENZAMIDO) CYCLOPENTYL)THIOPHENE-2-CARBOXAMIDE",F10
DB08175,"(2E,4E)-11-METHOXY-3,7,11-TRIMETHYLDODECA-2,4-DIENOIC ACID",NCOA2
DB08175,"(2E,4E)-11-METHOXY-3,7,11-TRIMETHYLDODECA-2,4-DIENOIC ACID",RXRB
DB08175,"(2E,4E)-11-METHOXY-3,7,11-TRIMETHYLDODECA-2,4-DIENOIC ACID",NR1H3
DB08176,(1Z)-4-(4-FLUOROPHENYL)-2-METHYLIDENEBUTAN-1-IMINE,MAOB
DB08177,(E)-3-(5((5-(4-CHLOROPHENYL)FURAN-2-YL)METHYLENE)-4-OXO-2-THIOXOTHIAZOLIDIN-3-YL)PROPANOIC ACID,lef
DB08178,"4-(4-methoxy-1H-pyrrolo[2,3-b]pyridin-3-yl)pyrimidin-2-amine",CDK2
DB08178,"4-(4-methoxy-1H-pyrrolo[2,3-b]pyridin-3-yl)pyrimidin-2-amine",CDK9
DB08178,"4-(4-methoxy-1H-pyrrolo[2,3-b]pyridin-3-yl)pyrimidin-2-amine",CCNA2
DB08179,"methyl 4-(2,3-dihydroxy-5-methylphenoxy)-2-hydroxy-6-methylbenzoate",GLO1
DB08180,2-[METHYL-(5-GERANYL-4-METHYL-PENT-3-ENYL)-AMINO]-ETHYL-DIPHOSPHATE,FDPS
DB08180,2-[METHYL-(5-GERANYL-4-METHYL-PENT-3-ENYL)-AMINO]-ETHYL-DIPHOSPHATE,FNTA
DB08180,2-[METHYL-(5-GERANYL-4-METHYL-PENT-3-ENYL)-AMINO]-ETHYL-DIPHOSPHATE,PGGT1B
DB08181,2-((3'-METHYL-4'-HYDROXYPHENYL)AZO)BENZOIC ACID,
DB08182,"4-(4-propoxy-1H-pyrrolo[2,3-b]pyridin-3-yl)pyrimidin-2-amine",CDK2
DB08182,"4-(4-propoxy-1H-pyrrolo[2,3-b]pyridin-3-yl)pyrimidin-2-amine",CDK9
DB08182,"4-(4-propoxy-1H-pyrrolo[2,3-b]pyridin-3-yl)pyrimidin-2-amine",CCNA2
DB08184,2-(2-METHYLPHENYL)-1H-INDOLE-5-CARBOXIMIDAMIDE,PRSS1
DB08185,2-METHYLTHIO-N6-ISOPENTENYL-ADENOSINE-5'-MONOPHOSPHATE,tuf
DB08185,2-METHYLTHIO-N6-ISOPENTENYL-ADENOSINE-5'-MONOPHOSPHATE,rpsL
DB08185,2-METHYLTHIO-N6-ISOPENTENYL-ADENOSINE-5'-MONOPHOSPHATE,rpsJ
DB08185,2-METHYLTHIO-N6-ISOPENTENYL-ADENOSINE-5'-MONOPHOSPHATE,rpsK
DB08185,2-METHYLTHIO-N6-ISOPENTENYL-ADENOSINE-5'-MONOPHOSPHATE,rpsM
DB08185,2-METHYLTHIO-N6-ISOPENTENYL-ADENOSINE-5'-MONOPHOSPHATE,rpsZ
DB08185,2-METHYLTHIO-N6-ISOPENTENYL-ADENOSINE-5'-MONOPHOSPHATE,rpsO
DB08185,2-METHYLTHIO-N6-ISOPENTENYL-ADENOSINE-5'-MONOPHOSPHATE,rpsP
DB08185,2-METHYLTHIO-N6-ISOPENTENYL-ADENOSINE-5'-MONOPHOSPHATE,rpsQ
DB08185,2-METHYLTHIO-N6-ISOPENTENYL-ADENOSINE-5'-MONOPHOSPHATE,rpsR
DB08185,2-METHYLTHIO-N6-ISOPENTENYL-ADENOSINE-5'-MONOPHOSPHATE,rpsS
DB08185,2-METHYLTHIO-N6-ISOPENTENYL-ADENOSINE-5'-MONOPHOSPHATE,rpsT
DB08185,2-METHYLTHIO-N6-ISOPENTENYL-ADENOSINE-5'-MONOPHOSPHATE,rpsD
DB08185,2-METHYLTHIO-N6-ISOPENTENYL-ADENOSINE-5'-MONOPHOSPHATE,rpsE
DB08185,2-METHYLTHIO-N6-ISOPENTENYL-ADENOSINE-5'-MONOPHOSPHATE,rpsF
DB08185,2-METHYLTHIO-N6-ISOPENTENYL-ADENOSINE-5'-MONOPHOSPHATE,rpsG
DB08185,2-METHYLTHIO-N6-ISOPENTENYL-ADENOSINE-5'-MONOPHOSPHATE,rpsH
DB08185,2-METHYLTHIO-N6-ISOPENTENYL-ADENOSINE-5'-MONOPHOSPHATE,rpsI
DB08185,2-METHYLTHIO-N6-ISOPENTENYL-ADENOSINE-5'-MONOPHOSPHATE,rpsU
DB08185,2-METHYLTHIO-N6-ISOPENTENYL-ADENOSINE-5'-MONOPHOSPHATE,rpsQ
DB08185,2-METHYLTHIO-N6-ISOPENTENYL-ADENOSINE-5'-MONOPHOSPHATE,rpsT
DB08185,2-METHYLTHIO-N6-ISOPENTENYL-ADENOSINE-5'-MONOPHOSPHATE,rpsB
DB08185,2-METHYLTHIO-N6-ISOPENTENYL-ADENOSINE-5'-MONOPHOSPHATE,rpsC
DB08185,2-METHYLTHIO-N6-ISOPENTENYL-ADENOSINE-5'-MONOPHOSPHATE,rpsI
DB08185,2-METHYLTHIO-N6-ISOPENTENYL-ADENOSINE-5'-MONOPHOSPHATE,rpsS
DB08185,2-METHYLTHIO-N6-ISOPENTENYL-ADENOSINE-5'-MONOPHOSPHATE,rpsB
DB08185,2-METHYLTHIO-N6-ISOPENTENYL-ADENOSINE-5'-MONOPHOSPHATE,rpsC
DB08186,(3E)-4-(1-METHYL-1H-INDOL-3-YL)BUT-3-EN-2-ONE,KAT2B
DB08187,N-Methylphenylalanyl-N-[(trans-4-aminocyclohexyl)methyl]-L-prolinamide,F2
DB08188,Emivirine,gag-pol
DB08188,Emivirine,gag-pol
DB08190,N-[2-(2-iodo-5-methoxy-1H-indol-3-yl)ethyl]acetamide,NQO2
DB08190,N-[2-(2-iodo-5-methoxy-1H-indol-3-yl)ethyl]acetamide,MTNR1B
DB08190,N-[2-(2-iodo-5-methoxy-1H-indol-3-yl)ethyl]acetamide,MTNR1A
DB08191,"4-(5-phenyl-1H-pyrrolo[2,3-b]pyridin-3-yl)benzoic acid",SGK1
DB08192,2-(4-CARCOXY-5-ISOPROPYLTHIAZOLYL)BENZOPIPERIDINE,SRC
DB08193,2-(3-NITROPHENYL)ACETIC ACID,pac
DB08194,"4-methyl-7,8-dihydro-5H-thiopyrano[4,3-d]pyrimidin-2-amine",HSP90AA1
DB08195,(1R)-2-[(CYANOMETHYL)AMINO]-1-({[2-(DIFLUOROMETHOXY)BENZYL]SULFONYL}METHYL)-2-OXOETHYL MORPHOLINE-4-CARBOXYLATE,CTSS
DB08196,"2-((3',5'-DIMETHOXY-4'-HYDROXYPHENYL)AZO)BENZOIC ACID",
DB08197,"(5E,7S)-2-amino-7-(4-fluoro-2-pyridin-3-ylphenyl)-4-methyl-7,8-dihydroquinazolin-5(6H)-one oxime",HSP90AA1
DB08198,"[(4R)-4-(3-HYDROXYPHENYL)-1,6-DIMETHYL-2-THIOXO-1,2,3,4-TETRAHYDROPYRIMIDIN-5-YL](PHENYL)METHANONE",KIF11
DB08199,N-[(BENZYLOXY)CARBONYL]-L-CYSTEINYLGLYCINE,
DB08200,(1R)-menthyl hexyl phosphonate group,BCHE
DB08201,(1S)-menthyl hexyl phosphonate group,BCHE
DB08202,4-({[(4-METHYLPIPERAZIN-1-YL)AMINO]CARBONOTHIOYL}AMINO)BENZENESULFONAMIDE,CA2
DB08203,"7-[2-METHOXY-1-(METHOXYMETHYL)ETHYL]-7H-PYRROLO[3,2-F] QUINAZOLINE-1,3-DIAMINE",DHFR2
DB08204,3-DIPHENOL-6-NITRO-3H-BENZO[DE]ISOCHROMEN-1-ONE,TMP1
DB08204,3-DIPHENOL-6-NITRO-3H-BENZO[DE]ISOCHROMEN-1-ONE,thyA
DB08208,"2-[(4-ETHYNYL-2-FLUOROPHENYL)AMINO]-3,4-DIFLUORO-N-(2-HYDROXYETHOXY)BENZAMIDE",MAP2K1
DB08209,Methyl red,azoR1
DB08210,"2-AMINO-4-FLUORO-5-[(1-METHYL-1H-IMIDAZOL-2-YL)SULFANYL]-N-(1,3-THIAZOL-2-YL)BENZAMIDE",GCK
DB08211,5-bromo-3-(pyrrolidin-1-ylsulfonyl)-1H-indole-2-carboxamide,gag-pol
DB08212,1-[2-(3-ACETYL-2-HYDROXY-6-METHOXY-PHENYL)-CYCLOPROPYL]-3-(5-CYANO-PYRIDIN-2-YL)-THIOUREA,gag-pol
DB08213,"1-METHYL-5-(2-PHENOXYMETHYL-PYRROLIDINE-1-SULFONYL)-1H-INDOLE-2,3-DIONE",CASP3
DB08214,4-(1H-IMIDAZOL-1-YL)PHENOL,NOS2
DB08215,Terbutryn,pufC
DB08215,Terbutryn,puhA
DB08215,Terbutryn,pufL
DB08215,Terbutryn,pufM
DB08215,Terbutryn,pufL
DB08215,Terbutryn,pufM
DB08215,Terbutryn,puhA
DB08216,2-((3'-TERTBUTYL-4'-HYDROXYPHENYL)AZO)BENZOIC ACID,
DB08217,"S-[(1-Hydroxy-2,2,5,5-tetramethyl-2,5-dihydro-1H-pyrrol-3-yl)methyl] methanesulfonothioate",EIF4E
DB08217,"S-[(1-Hydroxy-2,2,5,5-tetramethyl-2,5-dihydro-1H-pyrrol-3-yl)methyl] methanesulfonothioate",
DB08217,"S-[(1-Hydroxy-2,2,5,5-tetramethyl-2,5-dihydro-1H-pyrrol-3-yl)methyl] methanesulfonothioate",CEACAM5
DB08217,"S-[(1-Hydroxy-2,2,5,5-tetramethyl-2,5-dihydro-1H-pyrrol-3-yl)methyl] methanesulfonothioate",afaE3
DB08218,"HYDROXY(OXO)(3-{[(2Z)-4-[3-(1H-1,2,4-TRIAZOL-1-YLMETHYL)PHENYL]PYRIMIDIN-2(5H)-YLIDENE]AMINO}PHENYL)AMMONIUM",CCNA2
DB08218,"HYDROXY(OXO)(3-{[(2Z)-4-[3-(1H-1,2,4-TRIAZOL-1-YLMETHYL)PHENYL]PYRIMIDIN-2(5H)-YLIDENE]AMINO}PHENYL)AMMONIUM",CDK2
DB08219,"4-Methyl-5-[(2Z)-2-{[4-(4-morpholinyl)phenyl]imino}-2,5-dihydro-4-pyrimidinyl]-1,3-thiazol-2-amine",CCNA2
DB08219,"4-Methyl-5-[(2Z)-2-{[4-(4-morpholinyl)phenyl]imino}-2,5-dihydro-4-pyrimidinyl]-1,3-thiazol-2-amine",CDK2
DB08220,"(8alpha,10alpha,13alpha,17beta)-17-[(4-hydroxyphenyl)carbonyl]androsta-3,5-diene-3-carboxylic acid",NCOA1
DB08220,"(8alpha,10alpha,13alpha,17beta)-17-[(4-hydroxyphenyl)carbonyl]androsta-3,5-diene-3-carboxylic acid",NR1H4
DB08221,N-{4-METHYL-3-[(3-PYRIMIDIN-4-YLPYRIDIN-2-YL)AMINO]PHENYL}-3-(TRIFLUOROMETHYL)BENZAMIDE,TEK
DB08222,METHOXYUNDECYLPHOSPHINIC ACID,PNLIP
DB08222,METHOXYUNDECYLPHOSPHINIC ACID,CLPS
DB08224,"(1S,7S,8S,8AR)-1,2,3,7,8,8A-HEXAHYDRO-7-METHYL-8-[2-[(2R,4R)-TETRAHYDRO-4-HY DROXY-6-OXO-2H-PYRAN-2-YL]ETHYL]-1-NAPHTHALENOL",CES1
DB08226,Myxopyronin B,rpoA
DB08226,Myxopyronin B,rpoB
DB08226,Myxopyronin B,rpoC
DB08226,Myxopyronin B,rpoZ
DB08226,Myxopyronin B,sigA
DB08227,"1-(1-HYDROXY-2,2,6,6-TETRAMETHYLPIPERIDIN-4-YL)PYRROLIDINE-2,5-DIONE",malE
DB08228,"5,8-dimethoxy-1,4-dimethylquinolin-2(1H)-one",NQO2
DB08229,[N-(3-dibenzylcarbamoyl-oxiranecarbonyl)-hydrazino]-acetic acid,CASP3
DB08230,Tricetin,PIM1
DB08231,Myristic acid,ABL1
DB08231,Myristic acid,TLR4
DB08231,Myristic acid,FKBP1A
DB08231,Myristic acid,CALM3
DB08231,Myristic acid,CALM2
DB08231,Myristic acid,CALM1
DB08231,Myristic acid,
DB08231,Myristic acid,
DB08231,Myristic acid,
DB08231,Myristic acid,
DB08231,Myristic acid,PKIA
DB08231,Myristic acid,PRKACA
DB08231,Myristic acid,
DB08231,Myristic acid,
DB08231,Myristic acid,
DB08231,Myristic acid,
DB08231,Myristic acid,
DB08231,Myristic acid,fadR
DB08231,Myristic acid,ECI2
DB08231,Myristic acid,RCVRN
DB08231,Myristic acid,luxF
DB08231,Myristic acid,
DB08231,Myristic acid,lpxC
DB08231,Myristic acid,
DB08231,Myristic acid,HNF4A
DB08231,Myristic acid,NCOA1
DB08231,Myristic acid,nef
DB08231,Myristic acid,fhuA
DB08231,Myristic acid,PPP3R1
DB08231,Myristic acid,PPP3CA
DB08231,Myristic acid,pks18
DB08231,Myristic acid,gag-pol
DB08231,Myristic acid,TRAPPC3
DB08231,Myristic acid,INS
DB08231,Myristic acid,
DB08231,Myristic acid,
DB08231,Myristic acid,GM2A
DB08231,Myristic acid,ARF6
DB08231,Myristic acid,LY96
DB08231,Myristic acid,tonB
DB08231,Myristic acid,gag
DB08231,Myristic acid,gag-pol
DB08231,Myristic acid,ARF1
DB08231,Myristic acid,GUCA1A
DB08231,Myristic acid,nrdB
DB08231,Myristic acid,PVR
DB08231,Myristic acid,PPARA
DB08231,Myristic acid,CALM1
DB08232,"[5-(5-Amino-1H-pyrrolo[3,2-b]pyridin-2-yl)-6-hydroxy-3'-nitro-3-biphenylyl]acetic acid",F7
DB08232,"[5-(5-Amino-1H-pyrrolo[3,2-b]pyridin-2-yl)-6-hydroxy-3'-nitro-3-biphenylyl]acetic acid",F3
DB08233,6-CYCLOHEXYLMETHYLOXY-2-(4'-HYDROXYANILINO)PURINE,CDK2
DB08233,6-CYCLOHEXYLMETHYLOXY-2-(4'-HYDROXYANILINO)PURINE,CCNA2
DB08234,"5-[3-(2,5-dimethoxyphenyl)prop-1-yn-1-yl]-6-ethylpyrimidine-2,4-diamine",dfrA
DB08234,"5-[3-(2,5-dimethoxyphenyl)prop-1-yn-1-yl]-6-ethylpyrimidine-2,4-diamine",DHFR
DB08234,"5-[3-(2,5-dimethoxyphenyl)prop-1-yn-1-yl]-6-ethylpyrimidine-2,4-diamine",dfrB
DB08234,"5-[3-(2,5-dimethoxyphenyl)prop-1-yn-1-yl]-6-ethylpyrimidine-2,4-diamine",folA
DB08235,N-[2-(2-methyl-1H-indol-3-yl)ethyl]thiophene-2-carboxamide,ARPC1B
DB08235,N-[2-(2-methyl-1H-indol-3-yl)ethyl]thiophene-2-carboxamide,ACTR2
DB08235,N-[2-(2-methyl-1H-indol-3-yl)ethyl]thiophene-2-carboxamide,ACTR3
DB08235,N-[2-(2-methyl-1H-indol-3-yl)ethyl]thiophene-2-carboxamide,ARPC2
DB08235,N-[2-(2-methyl-1H-indol-3-yl)ethyl]thiophene-2-carboxamide,ARPC3
DB08235,N-[2-(2-methyl-1H-indol-3-yl)ethyl]thiophene-2-carboxamide,ARPC4
DB08235,N-[2-(2-methyl-1H-indol-3-yl)ethyl]thiophene-2-carboxamide,ARPC5
DB08236,"(2S)-2-(3-bromophenyl)-3-(5-chloro-2-hydroxyphenyl)-1,3-thiazolidin-4-one",ARPC1B
DB08236,"(2S)-2-(3-bromophenyl)-3-(5-chloro-2-hydroxyphenyl)-1,3-thiazolidin-4-one",ACTR2
DB08236,"(2S)-2-(3-bromophenyl)-3-(5-chloro-2-hydroxyphenyl)-1,3-thiazolidin-4-one",ACTR3
DB08236,"(2S)-2-(3-bromophenyl)-3-(5-chloro-2-hydroxyphenyl)-1,3-thiazolidin-4-one",ARPC2
DB08236,"(2S)-2-(3-bromophenyl)-3-(5-chloro-2-hydroxyphenyl)-1,3-thiazolidin-4-one",ARPC3
DB08236,"(2S)-2-(3-bromophenyl)-3-(5-chloro-2-hydroxyphenyl)-1,3-thiazolidin-4-one",ARPC4
DB08236,"(2S)-2-(3-bromophenyl)-3-(5-chloro-2-hydroxyphenyl)-1,3-thiazolidin-4-one",ARPC5
DB08237,2'-deoxy-N-(naphthalen-1-ylmethyl)guanosine 5'-(dihydrogen phosphate),POLK
DB08238,5-aminonaphthalene-2-sulfonic acid,FGF1
DB08239,"(2S)-4-(2,5-DIFLUOROPHENYL)-N-METHYL-2-PHENYL-N-PIPERIDIN-4-YL-2,5-DIHYDRO-1H-PYRROLE-1-CARBOXAMIDE",KIF11
DB08240,N-(4-CHLOROPHENYL)-3-(PHOSPHONOOXY)NAPHTHALENE-2-CARBOXAMIDE,ALDOA
DB08241,4-(6-CYCLOHEXYLMETHOXY-9H-PURIN-2-YLAMINO)--BENZAMIDE,CCNA2
DB08241,4-(6-CYCLOHEXYLMETHOXY-9H-PURIN-2-YLAMINO)--BENZAMIDE,CDK2
DB08242,"N,4-dimethyl-3-[(1-phenyl-1H-pyrazolo[3,4-d]pyrimidin-4-yl)amino]benzamide",MAPK14
DB08244,"(1S)-1-CYCLOPROPYL-2-[(2S)-4-(2,5-DIFLUOROPHENYL)-2-PHENYL-2,5-DIHYDRO-1H-PYRROL-1-YL]-2-OXOETHANAMINE",KIF11
DB08245,1-(2-DEOXY-5-O-PHOSPHONO-BETA-D-ERYTHRO-PENTOFURANOSYL)-5-NITRO-1H-INDOLE,43
DB08246,"(2S)-4-(2,5-DIFLUOROPHENYL)-N,N-DIMETHYL-2-PHENYL-2,5-DIHYDRO-1H-PYRROLE-1-CARBOXAMIDE",KIF11
DB08247,6-(CYCLOHEXYLMETHOXY)-8-ISOPROPYL-9H-PURIN-2-AMINE,CDK2
DB08248,3-(6-CYCLOHEXYLMETHOXY-9H-PURIN-2-YLAMINO)-BENZENESULFONAMIDE,CCNA2
DB08248,3-(6-CYCLOHEXYLMETHOXY-9H-PURIN-2-YLAMINO)-BENZENESULFONAMIDE,CDK2
DB08249,"3,6,9,12,15-PENTAOXATRICOSAN-1-OL",
DB08249,"3,6,9,12,15-PENTAOXATRICOSAN-1-OL",DHODH
DB08249,"3,6,9,12,15-PENTAOXATRICOSAN-1-OL",fadB
DB08249,"3,6,9,12,15-PENTAOXATRICOSAN-1-OL",fadA
DB08249,"3,6,9,12,15-PENTAOXATRICOSAN-1-OL",fpvA
DB08250,"(5S)-5-(3-AMINOPROPYL)-3-(2,5-DIFLUOROPHENYL)-N-ETHYL-5-PHENYL-4,5-DIHYDRO-1H-PYRAZOLE-1-CARBOXAMIDE",KIF11
DB08251,4-[5-(2-CARBOXY-1-FORMYL-ETHYLCARBAMOYL)-PYRIDIN-3-YL]-BENZOIC ACID,CASP3
DB08252,2-((4'-HYDROXYNAPHTHYL)-AZO)BENZOIC ACID,
DB08253,NAM NAPTHYLAMINOALANINE,pol
DB08254,2-Naphthalenesulfonic acid,F2
DB08254,2-Naphthalenesulfonic acid,PRSS1
DB08255,"(3AR,5R,6S,7R,7AR)-5-(HYDROXYMETHYL)-2-PROPYL-5,6,7,7A-TETRAHYDRO-3AH-PYRANO[3,2-D][1,3]THIAZOLE-6,7-DIOL",
DB08256,N-[(CYCLOHEXYLAMINO)CARBONYL]GLYCINE,EPHX2
DB08257,4-{[(CYCLOHEXYLAMINO)CARBONYL]AMINO}BUTANOIC ACID,EPHX2
DB08258,6-{[(CYCLOHEXYLAMINO)CARBONYL]AMINO}HEXANOIC ACID,EPHX2
DB08259,7-{[(CYCLOHEXYLAMINO)CARBONYL]AMINO}HEPTANOIC ACID,EPHX2
DB08260,"(1S,2R,3S,4R,5R)-2,3,4-trihydroxy-N-octyl-6-oxa-8-azabicyclo[3.2.1]octane-8-carbothioamide",bglA
DB08261,"2-hydroxy-7-methoxy-5-methyl-naphthalene-1-carboxylic acid meso-2,5-dihydroxy-cyclopent-3-enyl ester",ncsA
DB08262,"2,6-dicarboxynaphthalene",HBA1
DB08262,"2,6-dicarboxynaphthalene",HBB
DB08263,N-(carboxycarbonyl)-D-phenylalanine,HIF1AN
DB08264,"(1R, 2S)-cis 1,2 dihydroxy-1,2-dihydronaphthalene",ndoB
DB08264,"(1R, 2S)-cis 1,2 dihydroxy-1,2-dihydronaphthalene",ndoC
DB08265,"2-(TOLUENE-4-SULFONYL)-2H-BENZO[D][1,2,3]DIAZABORININ-1-OL",fabI
DB08266,"Methyl [(1E,5R)-5-{3-[(2E,4E)-2,5-dimethyl-2,4-octadienoyl]-2,4-dioxo-3,4-dihydro-2H-pyran-6-yl}hexylidene]carbamate",rpoA
DB08266,"Methyl [(1E,5R)-5-{3-[(2E,4E)-2,5-dimethyl-2,4-octadienoyl]-2,4-dioxo-3,4-dihydro-2H-pyran-6-yl}hexylidene]carbamate",rpoB
DB08266,"Methyl [(1E,5R)-5-{3-[(2E,4E)-2,5-dimethyl-2,4-octadienoyl]-2,4-dioxo-3,4-dihydro-2H-pyran-6-yl}hexylidene]carbamate",rpoC
DB08266,"Methyl [(1E,5R)-5-{3-[(2E,4E)-2,5-dimethyl-2,4-octadienoyl]-2,4-dioxo-3,4-dihydro-2H-pyran-6-yl}hexylidene]carbamate",rpoZ
DB08266,"Methyl [(1E,5R)-5-{3-[(2E,4E)-2,5-dimethyl-2,4-octadienoyl]-2,4-dioxo-3,4-dihydro-2H-pyran-6-yl}hexylidene]carbamate",sigA
DB08267,"6-amino-4-(2-phenylethyl)-1,7-dihydro-8H-imidazo[4,5-g]quinazolin-8-one",tgt
DB08268,"6-AMINO-4-[2-(4-METHYLPHENYL)ETHYL]-1,7-DIHYDRO-8H-IMIDAZO[4,5-G]QUINAZOLIN-8-ONE",tgt
DB08270,"N-(2-AMINOETHYL)-N~2~-{(1S)-1-[4'-(AMINOSULFONYL)BIPHENYL-4-YL]-2,2,2-TRIFLUOROETHYL}-L-LEUCINAMIDE",CTSK
DB08271,N-ISOBUTYL-N-[4-METHOXYPHENYLSULFONYL]GLYCYL HYDROXAMIC ACID,MMP10
DB08271,N-ISOBUTYL-N-[4-METHOXYPHENYLSULFONYL]GLYCYL HYDROXAMIC ACID,MMP12
DB08271,N-ISOBUTYL-N-[4-METHOXYPHENYLSULFONYL]GLYCYL HYDROXAMIC ACID,MMP3
DB08271,N-ISOBUTYL-N-[4-METHOXYPHENYLSULFONYL]GLYCYL HYDROXAMIC ACID,MMP20
DB08272,(4S)-4-(2-NAPHTHYLMETHYL)-D-GLUTAMIC ACID,murI
DB08273,4-HYDROXY-5-IODO-3-NITROPHENYLACETYL-EPSILON-AMINOCAPROIC ACID ANION,IGHV1-2
DB08273,4-HYDROXY-5-IODO-3-NITROPHENYLACETYL-EPSILON-AMINOCAPROIC ACID ANION,IGLV7-43
DB08274,"6,7,8,9-TETRAHYDRO-4-HYDROXY-3-(1-PHENYLPROPYL)CYCLOHEPTA[B]PYRAN-2-ONE",gag-pol
DB08275,N-DODECANOYL-L-TYROSINE,
DB08276,trifluoro-[hydroxy-[hydroxy-[2-(N-methyl-2-nitro-anilino)ethoxy]phosphoryl]oxy-phosphoryl]oxy-beryllium(1-),MYH14
DB08277,"2-(2-CHLORO-4-FLUOROPHENOXY)-2-METHYL-N-[(1R,2S,3S,5S,7S)-5-(METHYLSULFONYL)-2-ADAMANTYL]PROPANAMIDE",HSD11B1
DB08278,"1-(2-cyclopropylethyl)-3-(1,1-dioxo-2H-1,2,4-benzothiadiazin-3-yl)-6-fluoro-4-hydroxy-2(1H)-quinolinone",
DB08279,3-{ISOPROPYL[(TRANS-4-METHYLCYCLOHEXYL)CARBONYL]AMINO}-5-PHENYLTHIOPHENE-2-CARBOXYLIC ACID,
DB08280,"(1S,3R,4S,5S,7S)-4-{[2-(4-METHOXYPHENOXY)-2-METHYLPROPANOYL]AMINO}ADAMANTANE-1-CARBOXAMIDE",HSD11B1
DB08281,"O-[2-(1,3-dioxo-1,3-dihydro-2H-isoindol-2-yl)ethyl] (4-bromophenyl)thiocarbamate",gag-pol
DB08282,"O-[2-(1,3-dioxo-1,3-dihydro-2H-isoindol-2-yl)ethyl] (4-chlorophenyl)thiocarbamate",gag-pol
DB08283,"(2R,3R,4R,5S)-2-(HYDROXYMETHYL)-1-NONYLPIPERIDINE-3,4,5-TRIOL",GBA1
DB08284,"O-[2-(1,3-dioxo-1,3-dihydro-2H-isoindol-2-yl)ethyl] (4-iodophenyl)thiocarbamate",gag-pol
DB08285,"(2R)-2-{[4-(benzylamino)-8-(1-methylethyl)pyrazolo[1,5-a][1,3,5]triazin-2-yl]amino}butan-1-ol",CDK2
DB08285,"(2R)-2-{[4-(benzylamino)-8-(1-methylethyl)pyrazolo[1,5-a][1,3,5]triazin-2-yl]amino}butan-1-ol",CCNA2
DB08286,1-Naphthoxyacetic acid,gag-pol
DB08286,1-Naphthoxyacetic acid,gag-pol
DB08287,"(1R,2R)-N-(2-Aminoethyl)-2-{[(4-methoxyphenyl)sulfonyl]methyl}cyclohexanecarboxamide",CTSK
DB08289,N-(PARA-GLUTARAMIDOPHENYL-ETHYL)-PIPERIDINIUM-N-OXIDE,IGKC
DB08291,N-(3-AMINOPROPYL)-2-NITROBENZENAMINE,KAT2B
DB08292,"(5Z)-12-CHLORO-13,15-DIHYDROXY-4,7,8,9-TETRAHYDRO-2-BENZOXACYCLOTRIDECINE-1,10(3H,11H)-DIONE",HSP90AB1
DB08293,"(5E)-12-CHLORO-13,15-DIHYDROXY-4,7,8,9-TETRAHYDRO-2-BENZOXACYCLOTRIDECINE-1,10(3H,11H)-DIONE",HSP90AB1
DB08294,2-(4-HYDROXY-3-NITROPHENYL)ACETIC ACID,IGHV1-2
DB08294,2-(4-HYDROXY-3-NITROPHENYL)ACETIC ACID,IGHG1
DB08295,4-HYDROXY-3-NITROPHENYLACETYL-EPSILON-AMINOCAPROIC ACID ANION,IGHV1-2
DB08295,4-HYDROXY-3-NITROPHENYLACETYL-EPSILON-AMINOCAPROIC ACID ANION,IGLV7-43
DB08296,5-(PARA-NITROPHENYL PHOSPHONATE)-PENTANOIC ACID,IGHG1
DB08297,ORTHONITROPHENYL-BETA-D-FUCOPYRANOSIDE,lacI
DB08299,"4-[8-(3-nitrophenyl)-1,7-naphthyridin-6-yl]benzoic acid",PDE4A
DB08299,"4-[8-(3-nitrophenyl)-1,7-naphthyridin-6-yl]benzoic acid",PDE4B
DB08299,"4-[8-(3-nitrophenyl)-1,7-naphthyridin-6-yl]benzoic acid",PDE4D
DB08300,"1-methyl-3-naphthalen-2-yl-1H-pyrazolo[3,4-d]pyrimidin-4-amine",PIK3CG
DB08301,N-({[4-(AMINOSULFONYL)PHENYL]AMINO}CARBONYL)-4-METHYLBENZENESULFONAMIDE,CA2
DB08302,3-[5-(2-nitropent-1-en-1-yl)furan-2-yl]benzoic acid,PPARG
DB08303,"(3S)-3-cyclopentyl-6-methyl-7-[(4-methylpiperazin-1-yl)sulfonyl]-3,4-dihydro-2H-1,2,4-benzothiadiazine 1,1-dioxide",GRIA2
DB08304,"(3R)-3-cyclopentyl-7-[(4-methylpiperazin-1-yl)sulfonyl]-3,4-dihydro-2H-1,2-benzothiazine 1,1-dioxide",GRIA2
DB08305,"(3R)-3-cyclopentyl-6-methyl-7-[(4-methylpiperazin-1-yl)sulfonyl]-3,4-dihydro-2H-1,2-benzothiazine 1,1-dioxide",GRIA2
DB08306,3-[(3-Nitrophenyl)sulfamoyl]-2-thiophenecarboxylic acid,ampC
DB08307,"2-{HYDROXY[2-NITRO-4-(TRIFLUOROMETHYL)PHENYL]METHYLENE}CYCLOHEXANE-1,3-DIONE",hpd
DB08308,"SUCCINIC ACID MONO-(13-METHYL-3-OXO-2,3,6,7,8,9,10,11,12,13,14,15,16,17-TETRADECAHYDRO-1H-CYCLOPENTA[A]PHENANTHREN-17-YL) ESTER",ksi
DB08309,3-({2-[(4-{[6-(CYCLOHEXYLMETHOXY)-9H-PURIN-2-YL]AMINO}PHENYL)SULFONYL]ETHYL}AMINO)PROPAN-1-OL,CDK2
DB08309,3-({2-[(4-{[6-(CYCLOHEXYLMETHOXY)-9H-PURIN-2-YL]AMINO}PHENYL)SULFONYL]ETHYL}AMINO)PROPAN-1-OL,CCNA2
DB08310,"N-[(2R)-2-{[(2S)-2-(1,3-benzoxazol-2-yl)pyrrolidin-1-yl]carbonyl}hexyl]-N-hydroxyformamide",def
DB08312,"6-CYCLOHEXYLMETHYLOXY-5-NITROSO-PYRIMIDINE-2,4-DIAMINE",CDK2
DB08313,Nocodazole,HPGDS
DB08314,"(2-AMINO-1,3-OXAZOL-5-YL)-(3-BROMOPHENYL)METHANONE",accC
DB08315,"2-AMINO-N,N-BIS(PHENYLMETHYL)-1,3-OXAZOLE-5-CARBOXAMIDE",accC
DB08316,"4-amino-7,7-dimethyl-7,8-dihydroquinazolin-5(6H)-one",accC
DB08317,"5-methyl-6-phenylquinazoline-2,4-diamine",accC
DB08318,"6-(2-phenoxyethoxy)-1,3,5-triazine-2,4-diamine",accC
DB08319,"2'-HYDROXY-1,1'-BIPHENYL-2-SULFINIC ACID",dszB
DB08320,"DIETHYL (1R,2S,3R,4S)-5,6-BIS(4-HYDROXYPHENYL)-7-OXABICYCLO[2.2.1]HEPT-5-ENE-2,3-DICARBOXYLATE",ESR1
DB08320,"DIETHYL (1R,2S,3R,4S)-5,6-BIS(4-HYDROXYPHENYL)-7-OXABICYCLO[2.2.1]HEPT-5-ENE-2,3-DICARBOXYLATE",NCOA2
DB08321,"(1S,2S,3R,6R)-4-(hydroxymethyl)-6-(octylamino)cyclohex-4-ene-1,2,3-triol",GBA1
DB08321,"(1S,2S,3R,6R)-4-(hydroxymethyl)-6-(octylamino)cyclohex-4-ene-1,2,3-triol",MAN2A1
DB08322,"2-DEOXY-3,4-BIS-O-[3-(4-HYDROXYPHENYL)PROPANOYL]-L-THREO-PENTARIC ACID",PYGM
DB08323,3-OXO-N-[(3S)-2-OXOPYRROLIDIN-3-YL]DODECANAMIDE,IGHG2
DB08324,N-3-OXO-DODECANOYL-L-HOMOSERINE LACTONE,PLAU
DB08324,N-3-OXO-DODECANOYL-L-HOMOSERINE LACTONE,lasR
DB08325,2-({6-[(3-Chlorophenyl)amino]-9-isopropyl-9H-purin-2-yl}amino)ethanol,CSNK1G1
DB08325,2-({6-[(3-Chlorophenyl)amino]-9-isopropyl-9H-purin-2-yl}amino)ethanol,MERTK
DB08326,"2-(6-HYDROXY-1,3-BENZOTHIAZOL-2-YL)-1,3-THIAZOL-4(5H)-ONE",ACSBG1
DB08327,Homogentisic acid,pac
DB08328,PANTOTHENYL-AMINOETHANOL-11-PIVALIC ACID,phaA
DB08329,Sulthiame,CA1
DB08329,Sulthiame,CA2
DB08330,METHYL (2Z)-3-METHOXY-2-{2-[(E)-2-PHENYLVINYL]PHENYL}ACRYLATE,CYC1
DB08330,METHYL (2Z)-3-METHOXY-2-{2-[(E)-2-PHENYLVINYL]PHENYL}ACRYLATE,MT-CYB
DB08330,METHYL (2Z)-3-METHOXY-2-{2-[(E)-2-PHENYLVINYL]PHENYL}ACRYLATE,UQCRC1
DB08330,METHYL (2Z)-3-METHOXY-2-{2-[(E)-2-PHENYLVINYL]PHENYL}ACRYLATE,UQCRC2
DB08330,METHYL (2Z)-3-METHOXY-2-{2-[(E)-2-PHENYLVINYL]PHENYL}ACRYLATE,UQCRH
DB08330,METHYL (2Z)-3-METHOXY-2-{2-[(E)-2-PHENYLVINYL]PHENYL}ACRYLATE,UQCRQ
DB08330,METHYL (2Z)-3-METHOXY-2-{2-[(E)-2-PHENYLVINYL]PHENYL}ACRYLATE,UQCRFS1
DB08330,METHYL (2Z)-3-METHOXY-2-{2-[(E)-2-PHENYLVINYL]PHENYL}ACRYLATE,UQCR11
DB08330,METHYL (2Z)-3-METHOXY-2-{2-[(E)-2-PHENYLVINYL]PHENYL}ACRYLATE,UQCRB
DB08330,METHYL (2Z)-3-METHOXY-2-{2-[(E)-2-PHENYLVINYL]PHENYL}ACRYLATE,UQCR10
DB08331,"N-1H-imidazol-2-yl-N'-[4-(1H-imidazol-2-ylamino)phenyl]benzene-1,4-diamine",gag-pol
DB08332,9-(2-carboxyethyl)-10-methylanthracene endoperoxide,IGHG1
DB08333,4-HYDROXYBENZALDEHYDE O-(CYCLOHEXYLCARBONYL)OXIME,MIF
DB08334,3-FLUORO-4-HYDROXYBENZALDEHYDE O-(CYCLOHEXYLCARBONYL)OXIME,MIF
DB08335,"4-HYDROXYBENZALDEHYDE O-(3,3-DIMETHYLBUTANOYL)OXIME",MIF
DB08336,"2-Methyl-2-propanyl [(1R)-2-methyl-1-(1,3,4-oxadiazol-2-yl)propyl]carbamate",ampC
DB08337,"2-Methyl-2-propanyl [(1S)-2-methyl-1-(1,3,4-oxadiazol-2-yl)propyl]carbamate",ampC
DB08338,"19-(cyclopropylamino)-4,6,7,15-tetrahydro-5H-16,1-(azenometheno)-10,14-(metheno)pyrazolo[4,3-o][1,3,9]triazacyclohexadecin-8(9H)-one",CSNK2A1
DB08339,PD-166326,ABL1
DB08339,PD-166326,EGFR
DB08339,PD-166326,PDGFRB
DB08339,PD-166326,FGFR1
DB08339,PD-166326,LCK
DB08339,PD-166326,MAPK14
DB08339,PD-166326,SRC
DB08339,PD-166326,PDGFRA
DB08339,PD-166326,KIT
DB08340,"N,N'-DIPHENYLPYRAZOLO[1,5-A][1,3,5]TRIAZINE-2,4-DIAMINE",CSNK2A1
DB08341,"4-{[4-{[(1R,2R)-2-(dimethylamino)cyclopentyl]amino}-5-(trifluoromethyl)pyrimidin-2-yl]amino}-N-methylbenzenesulfonamide",PTK2B
DB08342,S-palmitoyl-L-cysteine,TRAPPC6A
DB08342,S-palmitoyl-L-cysteine,TRAPPC3
DB08342,S-palmitoyl-L-cysteine,TRAPPC6B
DB08342,S-palmitoyl-L-cysteine,TRAPPC5
DB08342,S-palmitoyl-L-cysteine,TRAPPC4
DB08342,S-palmitoyl-L-cysteine,TRAPPC1
DB08344,4-chloro-N-(3-methoxypropyl)-N-[(3S)-1-(2-phenylethyl)piperidin-3-yl]benzamide,glmU
DB08345,"4-(2-(1H-IMIDAZOL-4-YL)ETHYLAMINO)-2-(PHENYLAMINO)PYRAZOLO[1,5-A][1,3,5]TRIAZINE-8-CARBONITRILE",CSNK2A1
DB08346,"(5Z)-13-CHLORO-14,16-DIHYDROXY-3,4,7,8,9,10-HEXAHYDRO-1H-2-BENZOXACYCLOTETRADECINE-1,11(12H)-DIONE",HSP90AB1
DB08347,4-{[(2S)-3-(tert-butylamino)-2-hydroxypropyl]oxy}-3H-indole-2-carbonitrile,ADRB1
DB08348,"N~2~,N~2~-DIMETHYL-N~1~-(6-OXO-5,6-DIHYDROPHENANTHRIDIN-2-YL)GLYCINAMIDE",PARP1
DB08348,"N~2~,N~2~-DIMETHYL-N~1~-(6-OXO-5,6-DIHYDROPHENANTHRIDIN-2-YL)GLYCINAMIDE",eta
DB08348,"N~2~,N~2~-DIMETHYL-N~1~-(6-OXO-5,6-DIHYDROPHENANTHRIDIN-2-YL)GLYCINAMIDE",EEF2
DB08348,"N~2~,N~2~-DIMETHYL-N~1~-(6-OXO-5,6-DIHYDROPHENANTHRIDIN-2-YL)GLYCINAMIDE",chxA
DB08348,"N~2~,N~2~-DIMETHYL-N~1~-(6-OXO-5,6-DIHYDROPHENANTHRIDIN-2-YL)GLYCINAMIDE",PARP3
DB08348,"N~2~,N~2~-DIMETHYL-N~1~-(6-OXO-5,6-DIHYDROPHENANTHRIDIN-2-YL)GLYCINAMIDE",PARP15
DB08349,"N-cyclopropyl-3-{[1-(2,4-difluorophenyl)-7-methyl-6-oxo-6,7-dihydro-1H-pyrazolo[3,4-b]pyridin-4-yl]amino}-4-methylbenzamide",MAPK14
DB08350,"5-[3-(2-METHOXYPHENYL)-1H-PYRROLO[2,3-B]PYRIDIN-5-YL]-N,N-DIMETHYLPYRIDINE-3-CARBOXAMIDE",ABL1
DB08351,N-cyclopropyl-4-methyl-3-{2-[(2-morpholin-4-ylethyl)amino]quinazolin-6-yl}benzamide,MAPK14
DB08352,"6-[4-(2-fluorophenyl)-1,3-oxazol-5-yl]-N-(1-methylethyl)-1,3-benzothiazol-2-amine",MAPK14
DB08353,"2-(CYCLOHEXYLMETHYLAMINO)-4-(PHENYLAMINO)PYRAZOLO[1,5-A][1,3,5]TRIAZINE-8-CARBONITRILE",CSNK2A1
DB08354,"2-(4-CHLOROBENZYLAMINO)-4-(PHENYLAMINO)PYRAZOLO[1,5-A][1,3,5]TRIAZINE-8-CARBONITRILE",CSNK2A1
DB08355,"1-methyl-8-(phenylamino)-4,5-dihydro-1H-pyrazolo[4,3-h]quinazoline-3-carboxylic acid",CCNA2
DB08355,"1-methyl-8-(phenylamino)-4,5-dihydro-1H-pyrazolo[4,3-h]quinazoline-3-carboxylic acid",CDK2
DB08356,"4-[4-(4-methoxyphenyl)-5-methyl-1H-pyrazol-3-yl]benzene-1,3-diol",PDK4
DB08357,Diethylene glycol diethyl ether,ACHE
DB08357,Diethylene glycol diethyl ether,nagZ
DB08357,Diethylene glycol diethyl ether,ptsP
DB08358,"2-(2-QUINOLIN-3-YLPYRIDIN-4-YL)-1,5,6,7-TETRAHYDRO-4H-PYRROLO[3,2-C]PYRIDIN-4-ONE",MAPKAPK2
DB08358,"2-(2-QUINOLIN-3-YLPYRIDIN-4-YL)-1,5,6,7-TETRAHYDRO-4H-PYRROLO[3,2-C]PYRIDIN-4-ONE",MAPKAPK5
DB08358,"2-(2-QUINOLIN-3-YLPYRIDIN-4-YL)-1,5,6,7-TETRAHYDRO-4H-PYRROLO[3,2-C]PYRIDIN-4-ONE",MAPKAPK3
DB08359,2-PHENYLAMINO-4-METHYL-5-ACETYL THIAZOLE,fabB
DB08360,"2-(4-ETHYLPIPERAZIN-1-YL)-4-(PHENYLAMINO)PYRAZOLO[1,5-A][1,3,5]TRIAZINE-8-CARBONITRILE",CSNK2A1
DB08361,"2-{[(1R,2S)-2-aminocyclohexyl]amino}-4-[(3-methylphenyl)amino]pyrimidine-5-carboxamide",SYK
DB08362,"N-(3-(8-CYANO-4-(PHENYLAMINO)PYRAZOLO[1,5-A][1,3,5]TRIAZIN-2-YLAMINO)PHENYL)ACETAMIDE",CSNK2A1
DB08363,1-(9-ethyl-9H-carbazol-3-yl)-N-methylmethanamine,TP53
DB08364,1-{[(1E)-(3-HYDROXY-2-METHYL-5-{[(TRIHYDROXY-LAMBDA^5^-PHOSPHANYL)OXY]METHYL}PYRIDIN-4-YL)METHYLIDENE]AMINO}UNDECAN-2-ONE,cqsA
DB08365,"8-bromo-4-(2-chlorophenyl)-N-(2-hydroxyethyl)-6-methyl-1,3-dioxo-1,2,3,6-tetrahydropyrrolo[3,4-e]indole-7-carboxamide",WEE1
DB08366,"3-({3-[(1S,4aS,6S,7S,9S,9aR)-1,6-dimethyl-2-oxodecahydro-6,9-epoxy-4a,7-methanobenzo[7]annulen-1-yl]propanoyl}amino)-2,4-dihydroxybenzoic acid",fabF
DB08367,(R)-2-(FORMYLOXY)-3-(PHOSPHONOOXY)PROPYL PENTANOATE,glpG
DB08368,"OCTANE-1,3,5,7-TETRACARBOXYLIC ACID",CPA1
DB08369,1-(biphenyl-4-ylmethyl)-1H-imidazole,CYP2B6
DB08370,S-(4-BROMOBENZYL)CYSTEINE,GSTP1
DB08371,p-Benzoyl-L-phenylalanine,PTPN1
DB08371,p-Benzoyl-L-phenylalanine,YARS1
DB08372,1-[2-(4-ETHOXY-3-FLUOROPYRIDIN-2-YL)ETHYL]-3-(5-METHYLPYRIDIN-2-YL)THIOUREA,gag-pol
DB08372,1-[2-(4-ETHOXY-3-FLUOROPYRIDIN-2-YL)ETHYL]-3-(5-METHYLPYRIDIN-2-YL)THIOUREA,gag-pol
DB08373,"4,4'-BIS([H]METHYLSULFONYL)-2,2',5,5'-TETRACHLOROBIPHENYL",SCGB1A1
DB08374,Phenylalanylmethylchloride,CTRB1
DB08375,"(2R)-2-[(1R)-1-[[(2Z)-2-(2-Amino-1,3-thiazol-4-yl)-2-methoxyiminoacetyl]amino]-2-oxoethyl]-5-methylidene-2H-1,3-thiazine-4-carboxylic acid",pbpA
DB08375,"(2R)-2-[(1R)-1-[[(2Z)-2-(2-Amino-1,3-thiazol-4-yl)-2-methoxyiminoacetyl]amino]-2-oxoethyl]-5-methylidene-2H-1,3-thiazine-4-carboxylic acid",ftsI
DB08375,"(2R)-2-[(1R)-1-[[(2Z)-2-(2-Amino-1,3-thiazol-4-yl)-2-methoxyiminoacetyl]amino]-2-oxoethyl]-5-methylidene-2H-1,3-thiazine-4-carboxylic acid",blaZ
DB08375,"(2R)-2-[(1R)-1-[[(2Z)-2-(2-Amino-1,3-thiazol-4-yl)-2-methoxyiminoacetyl]amino]-2-oxoethyl]-5-methylidene-2H-1,3-thiazine-4-carboxylic acid",bla
DB08375,"(2R)-2-[(1R)-1-[[(2Z)-2-(2-Amino-1,3-thiazol-4-yl)-2-methoxyiminoacetyl]amino]-2-oxoethyl]-5-methylidene-2H-1,3-thiazine-4-carboxylic acid",ampC
DB08376,"(2R)-3-(phosphonooxy)propane-1,2-diyl diheptanoate",
DB08377,N-[4-(4-nitrophenylphospho)butanoyl]-D-alanine,IGHG1
DB08378,"4-[4-(2,5-DIOXO-PYRROLIDIN-1-YL)-PHENYLAMINO]-4-HYDROXY-BUTYRIC ACID",MYL6B
DB08378,"4-[4-(2,5-DIOXO-PYRROLIDIN-1-YL)-PHENYLAMINO]-4-HYDROXY-BUTYRIC ACID",MYL12A
DB08378,"4-[4-(2,5-DIOXO-PYRROLIDIN-1-YL)-PHENYLAMINO]-4-HYDROXY-BUTYRIC ACID",MYH7
DB08379,6-(4-chloro-2-fluoro-3-phenoxybenzyl)pyridazin-3(2H)-one,gag-pol
DB08382,Gosogliptin,DPP4
DB08383,"4,5-bis(4-methoxyphenyl)-2-thiophen-2-yl-1H-imidazole",PDE10A
DB08384,2-({4-[4-(pyridin-4-ylmethyl)-1H-pyrazol-3-yl]phenoxy}methyl)quinoline,PDE10A
DB08385,4-(quinolin-3-ylmethyl)piperidine-1-carboxylic acid,FAAH
DB08386,2-{[4-(4-pyridin-4-yl-1H-pyrazol-3-yl)phenoxy]methyl}quinoline,PDE10A
DB08387,Mardepodect,PDE10A
DB08388,"5-(2-ETHOXYETHYL)-5-[4-(4-FLUOROPHENOXY)PHENOXY]PYRIMIDINE-2,4,6(1H,3H,5H)-TRIONE",MMP13
DB08389,"6,7-DIMETHOXY-4-[(3R)-3-(2-NAPHTHYLOXY)PYRROLIDIN-1-YL]QUINAZOLINE",PDE10A
DB08390,"(6S)-6-CYCLOPENTYL-6-[2-(3-FLUORO-4-ISOPROPOXYPHENYL)ETHYL]-4-HYDROXY-5,6-DIHYDRO-2H-PYRAN-2-ONE",
DB08391,PQ-10,PDE10A
DB08392,"2-[5,6-BIS-(4-METHOXY-PHENYL)-FURO[2,3-D]PYRIMIDIN-4-YLAMINO]-ETHANOL",CHEK1
DB08393,"2-[(5,6-DIPHENYLFURO[2,3-D]PYRIMIDIN-4-YL)AMINO]ETHANOL",CHEK1
DB08394,PARA-NITROPHENYLPHOSPHONOBUTANOYL-GLYCINE,IGHG1
DB08395,2-(ETHOXYMETHYL)-4-(4-FLUOROPHENYL)-3-[2-(2-HYDROXYPHENOXY)PYRIMIDIN-4-YL]ISOXAZOL-5(2H)-ONE,MAPK14
DB08396,"4-{[(Z)-(5-oxo-2-phenyl-1,3-oxazol-4(5H)-ylidene)methyl]amino}butanoic acid",IGHV3-30
DB08397,6-(DIFLUORO-PHOSPHONO-METHYL)-NAPHTHALENE-2-CARBOXYLIC ACID,PTPN1
DB08398,"2-Amino-1-methyl-6-phenylimidazo(4,5-b)pyridine",ESR1
DB08398,"2-Amino-1-methyl-6-phenylimidazo(4,5-b)pyridine",NCOA2
DB08399,Piceatannol,ATP5F1A
DB08399,Piceatannol,ATP5F1B
DB08399,Piceatannol,ATP5F1C
DB08400,4-(3-{[5-(trifluoromethyl)pyridin-2-yl]oxy}benzyl)piperidine-1-carboxylic acid,FAAH
DB08401,(2E)-2-({(2S)-2-CARBOXY-2-[(PHENOXYACETYL)AMINO]ETHOXY}IMINO)PENTANEDIOIC ACID,pbp1b
DB08402,"2-[(2,4-DICHLOROBENZOYL)AMINO]-5-(PYRIMIDIN-2-YLOXY)BENZOIC ACID",PPARG
DB08402,"2-[(2,4-DICHLOROBENZOYL)AMINO]-5-(PYRIMIDIN-2-YLOXY)BENZOIC ACID",NCOA2
DB08402,"2-[(2,4-DICHLOROBENZOYL)AMINO]-5-(PYRIMIDIN-2-YLOXY)BENZOIC ACID",RXRA
DB08403,METHYLAMINO-PHENYLALANYL-LEUCYL-HYDROXAMIC ACID,MMP8
DB08403,METHYLAMINO-PHENYLALANYL-LEUCYL-HYDROXAMIC ACID,MMP1
DB08404,"S-(2-{[N-(2-HYDROXY-4-{[HYDROXY(OXIDO)PHOSPHINO]OXY}-3,3-DIMETHYLBUTANOYL)-BETA-ALANYL]AMINO}ETHYL) HEXANETHIOATE",acpP
DB08405,"S-(2-{[N-(2-HYDROXY-4-{[HYDROXY(OXIDO)PHOSPHINO]OXY}-3,3-DIMETHYLBUTANOYL)-BETA-ALANYL]AMINO}ETHYL) HEPTANETHIOATE",acpP
DB08406,"[N-(2,4-DIAMINOPTERIDIN-6-YL)-METHYL]-DIBENZ[B,F]AZEPINE",DHFR
DB08407,Platensimycin,fabF
DB08408,"(3R)-3-hydroxy-2,2-dimethyl-4-oxo-4-({3-oxo-3-[(2-sulfanylethyl)amino]propyl}amino)butyl 2,2-dimethylpropanoate",phaA
DB08409,4-NITRO-BENZYLPHOSPHONOBUTANOYL-GLYCINE,IGHG1
DB08409,4-NITRO-BENZYLPHOSPHONOBUTANOYL-GLYCINE,IGHG2
DB08410,PARA-NITROBENZYL GLUTARYL GLYCINIC ACID,IGHG1
DB08411,N-[4-(4-nitrophenylphospho)butanoyl]-L-alanine,IGHG1
DB08412,6-{4-[HYDROXY-(4-NITRO-PHENOXY)-PHOSPHORYL]-BUTYRYLAMINO}-HEXANOIC ACID,IGHG1
DB08413,METHYL-PHOSPHONIC ACID MONO-(4-NITRO-PHENYL) ESTER,IGKC
DB08413,METHYL-PHOSPHONIC ACID MONO-(4-NITRO-PHENYL) ESTER,ALPP
DB08414,PNU-142721,gag-pol
DB08416,"(9BETA,13ALPHA,14BETA,17ALPHA)-2-METHOXYESTRA-1,3,5(10)-TRIENE-3,17-DIYL DISULFAMATE",CA2
DB08416,"(9BETA,13ALPHA,14BETA,17ALPHA)-2-METHOXYESTRA-1,3,5(10)-TRIENE-3,17-DIYL DISULFAMATE",STS
DB08418,"(4aS,4bR,10bS,12aS)-12a-methyl-1,3-dioxo-2-(pyridin-3-ylmethyl)-1,2,3,4,4a,4b,5,6,10b,11,12,12a-dodecahydronaphtho[2,1-f]isoquinolin-8-yl sulfamate",CA2
DB08419,(1S)-1-(PHENOXYMETHYL)PROPYL METHYLPHOSPHONOCHLORIDOATE,lip
DB08420,1-{[1-(2-AMINO-3-PHENYL-PROPIONYL)-PYRROLIDINE-2-CARBONYL]-AMINO}-2-(3-CYANO-PHENYL)-ETHANEBORONIC ACID,PRSS1
DB08421,PIPERIDINE-2-CARBOXYLIC ACID TERT-BUTYLAMIDE,gag-pol
DB08422,[PHENYLALANINYL-PROLINYL]-[2-(PYRIDIN-4-YLAMINO)-ETHYL]-AMINE,F2
DB08423,[5-AMINO-1-(4-FLUOROPHENYL)-1H-PYRAZOL-4-YL][3-(PIPERIDIN-4-YLOXY)PHENYL]METHANONE,MAPK14
DB08424,"[5-AMINO-1-(4-FLUOROPHENYL)-1H-PYRAZOL-4-YL](3-{[(2R)-2,3-DIHYDROXYPROPYL]OXY}PHENYL)METHANONE",MAPK14
DB08426,"THIENO[3,2-B]PYRIDINE-2-SULFONIC ACID [2-OXO-1-(1H-PYRROLO[2,3-C]PYRIDIN-2-YLMETHYL)-PYRROLIDIN-3-YL]-AMIDE",F10
DB08427,Prephenic acid,aroH
DB08428,3(S)-AMINO-4-PHENYL-BUTAN-2(S)-OL,gag-pol
DB08428,3(S)-AMINO-4-PHENYL-BUTAN-2(S)-OL,gag-pol
DB08429,N-({(2S)-1-[(3R)-3-amino-4-(3-chlorophenyl)butanoyl]pyrrolidin-2-yl}methyl)-3-(methylsulfonyl)benzamide,DPP4
DB08430,PARA-NITROPHENYL 1-THIO-BETA-D-GLUCOPYRANOSIDE,LCTL
DB08431,"[(3R,4S)-4-HYDROXY-3-METHYL-2-OXOHEXYL]PHOSPHONIC ACID",pikAIV
DB08432,THYMIDINE-5'-THIOPHOSPHATE,polA
DB08433,phenyl ethenesulfonate,yopH
DB08434,2-METHYLCARBAMOYL-3-(4-PHOSPHONOOXY-PHENYL)-CYCLOPROPANECARBOXYLIC ACID,V-SRC
DB08435,"(5E,14E)-11-oxoprosta-5,9,12,14-tetraen-1-oic acid",PPARG
DB08436,"8-BENZO[1,3]DIOXOL-,5-YLMETHYL-9-BUTYL-9H-",HSP90AA1
DB08437,Puromycin,RPL10L
DB08437,Puromycin,RPL13A
DB08437,Puromycin,RPL23
DB08437,Puromycin,RPL15
DB08437,Puromycin,RPL19
DB08437,Puromycin,RPL23A
DB08437,Puromycin,RSL24D1
DB08437,Puromycin,RPL26L1
DB08437,Puromycin,RPL8
DB08437,Puromycin,RPL37
DB08437,Puromycin,RPL3
DB08437,Puromycin,RPL11
DB08437,Puromycin,aat
DB08438,"(2E,4R,5S)-2,3,4,5-TETRAHYDROXY-6-(PALMITOYLOXY)HEX-2-ENOIC ACID",
DB08439,Parecoxib,PTGS2
DB08439,Parecoxib,LTF
DB08440,"N-1,10-phenanthrolin-5-ylacetamide",cybC
DB08441,"6-BROMO-13-THIA-2,4,8,12,19-PENTAAZATRICYCLO[12.3.1.1~3,7~]NONADECA-1(18),3(19),4,6,14,16-HEXAENE 13,13-DIOXIDE",CDK2
DB08442,"4-{[(2R)-2-(2-methylphenyl)pyrrolidin-1-yl]carbonyl}benzene-1,3-diol",HSP90AA1
DB08443,"2-(1H-pyrrol-1-ylcarbonyl)benzene-1,3,5-triol",HSP90AA1
DB08444,"3-[2-bromo-4-(1H-pyrazolo[3,4-c]pyridazin-3-ylmethyl)phenoxy]-5-methylbenzonitrile",gag-pol
DB08445,"(3R,4S)-1-[6-(6-METHOXYPYRIDIN-3-YL)PYRIMIDIN-4-YL]-4-(2,4,5-TRIFLUOROPHENYL)PYRROLIDIN-3-AMINE",DPP4
DB08446,"3-[6-bromo-2-fluoro-3-(1H-pyrazolo[3,4-c]pyridazin-3-ylmethyl)phenoxy]-5-chlorobenzonitrile",gag-pol
DB08447,3-{3-[(DIMETHYLAMINO)METHYL]-1H-INDOL-7-YL}PROPAN-1-OL,PLA2G2E
DB08448,"(4aS)-5-[(2,4-diaminopteridin-6-yl)methyl]-4a,5-dihydro-2H-dibenzo[b,f]azepin-8-ol",DHFR
DB08449,"2-(3-((4,5,7-trifluorobenzo[d]thiazol-2-yl)methyl)-1H-pyrrolo[2,3-b]pyridin-1-yl)acetic acid",AKR1B1
DB08450,N-1H-indazol-5-yl-2-(6-methylpyridin-2-yl)quinazolin-4-amine,TGFBR1
DB08451,N-(QUINOLIN-8-YL)METHANESULFONAMIDE,map
DB08453,2-Nonyl-4-quinolinol 1-oxide,CYC1
DB08453,2-Nonyl-4-quinolinol 1-oxide,MT-CYB
DB08453,2-Nonyl-4-quinolinol 1-oxide,UQCRC1
DB08453,2-Nonyl-4-quinolinol 1-oxide,UQCRC2
DB08453,2-Nonyl-4-quinolinol 1-oxide,UQCRH
DB08453,2-Nonyl-4-quinolinol 1-oxide,UQCRQ
DB08453,2-Nonyl-4-quinolinol 1-oxide,UQCRFS1
DB08453,2-Nonyl-4-quinolinol 1-oxide,UQCR11
DB08453,2-Nonyl-4-quinolinol 1-oxide,UQCRB
DB08453,2-Nonyl-4-quinolinol 1-oxide,UQCR10
DB08453,2-Nonyl-4-quinolinol 1-oxide,petB
DB08453,2-Nonyl-4-quinolinol 1-oxide,petA
DB08453,2-Nonyl-4-quinolinol 1-oxide,petC
DB08453,2-Nonyl-4-quinolinol 1-oxide,petD
DB08453,2-Nonyl-4-quinolinol 1-oxide,petG
DB08453,2-Nonyl-4-quinolinol 1-oxide,petL
DB08453,2-Nonyl-4-quinolinol 1-oxide,petM
DB08453,2-Nonyl-4-quinolinol 1-oxide,petN
DB08454,N-(5-METHYL-1H-PYRAZOL-3-YL)-2-PHENYLQUINAZOLIN-4-AMINE,SRC
DB08454,N-(5-METHYL-1H-PYRAZOL-3-YL)-2-PHENYLQUINAZOLIN-4-AMINE,GSK3B
DB08454,N-(5-METHYL-1H-PYRAZOL-3-YL)-2-PHENYLQUINAZOLIN-4-AMINE,AURKC
DB08454,N-(5-METHYL-1H-PYRAZOL-3-YL)-2-PHENYLQUINAZOLIN-4-AMINE,CAMK1D
DB08456,"S-[(1-Hydroxy-2,2,5,5-tetramethyl-4-phenyl-2,5-dihydro-1H-pyrrol-3-yl)methyl] methanesulfonothioate",E
DB08457,"4-(3,5-DIMETHYLPHENOXY)-5-(FURAN-2-YLMETHYLSULFANYLMETHYL)-3-IODO-6-METHYLPYRIDIN-2(1H)-ONE",gag-pol
DB08458,(4-BROMOPHENYL)[4-({(2E)-4-[CYCLOPROPYL(METHYL)AMINO]BUT-2-ENYL}OXY)PHENYL]METHANONE,shc
DB08459,"3-chloro-5-[2-chloro-5-(1H-pyrazolo[3,4-b]pyridin-3-ylmethoxy)phenoxy]benzonitrile",gag-pol
DB08460,MK-4965,gag-pol
DB08461,"3-[(4-AMINO-1-TERT-BUTYL-1H-PYRAZOLO[3,4-D]PYRIMIDIN-3-YL)METHYL]PHENOL",AR
DB08462,N-(4-PHENYLAMINO-QUINAZOLIN-6-YL)-ACRYLAMIDE,SRC
DB08462,N-(4-PHENYLAMINO-QUINAZOLIN-6-YL)-ACRYLAMIDE,EGFR
DB08463,(2R)-2-({9-(1-methylethyl)-6-[(4-pyridin-2-ylbenzyl)amino]-9H-purin-2-yl}amino)butan-1-ol,CDK2
DB08463,(2R)-2-({9-(1-methylethyl)-6-[(4-pyridin-2-ylbenzyl)amino]-9H-purin-2-yl}amino)butan-1-ol,CCNA2
DB08464,"METHYL 3-CHLORO-2-{3-[(2,5-DIHYDROXY-4-METHOXYPHENYL)AMINO]-3-OXOPROPYL}-4,6-DIHYDROXYBENZOATE",HSP90AB1
DB08464,"METHYL 3-CHLORO-2-{3-[(2,5-DIHYDROXY-4-METHOXYPHENYL)AMINO]-3-OXOPROPYL}-4,6-DIHYDROXYBENZOATE",HSP90B1
DB08465,"2-(3-AMINO-2,5,6-TRIMETHOXYPHENYL)ETHYL 5-CHLORO-2,4-DIHYDROXYBENZOATE",HSP90AB1
DB08465,"2-(3-AMINO-2,5,6-TRIMETHOXYPHENYL)ETHYL 5-CHLORO-2,4-DIHYDROXYBENZOATE",HSP90B1
DB08466,"5-[2-(4-hydroxyphenyl)ethyl]benzene-1,3-diol",LTA4H
DB08469,"tert-butyl 4-(3-thiophen-2-yl-1,2,4-oxadiazol-5-yl)piperidine-1-carboxylate",ethR
DB08470,"3-(4-fluorophenyl)-5-phenyl-4H-1,2,4-triazole",ethR
DB08471,"1-(thiophen-2-ylacetyl)-4-(3-thiophen-2-yl-1,2,4-oxadiazol-5-yl)piperidine",ethR
DB08472,(R)-Fluoxetine,snf
DB08473,Dichlororibofuranosylbenzimidazole,CSNK2A1
DB08474,3-(CARBOXYAMIDE(2-CARBOXYAMIDE-2-TERTBUTYLETHYL))PENTAN,gag-pol
DB08475,"[(4R)-2,2-dimethyl-1,3-dioxolan-4-yl]methyl hydrogen hex-5-enylphosphonate",estA
DB08476,3-AMINO-AZACYCLOTRIDECAN-2-ONE,MMP8
DB08478,N-[2-Chloro-5-(trifluoromethyl)phenyl]imidodicarbonimidic diamide,TYMS
DB08479,"N-(3,5-dimethoxyphenyl)imidodicarbonimidic diamide",TYMS
DB08480,4-HYDROXY-N-PROPARGYL-1(R)-AMINOINDAN,MAOB
DB08481,4-Methyl-N-[5-(5-methyl-furan-2-ylmethylene)-4-oxo-thiazolidin-2-ylidene]-benzenesulfonamide,
DB08482,[[1-[N-HYDROXY-ACETAMIDYL]-3-METHYL-BUTYL]-CARBONYL-LEUCINYL]-ALANINE ETHYL ESTER,MMP1
DB08484,4-AMINO-N-[(2-SULFANYLETHYL)CARBAMOYL]BENZENESULFONAMIDE,FBP1
DB08484,4-AMINO-N-[(2-SULFANYLETHYL)CARBAMOYL]BENZENESULFONAMIDE,FBP2
DB08485,"(1S,4S,5S)-1,4,5-TRIHYDROXY-3-[3-(PHENYLTHIO)PHENYL]CYCLOHEX-2-ENE-1-CARBOXYLIC ACID",aroQ
DB08486,Efaproxiral,HBA1
DB08486,Efaproxiral,HBB
DB08487,3-({4-[(6-CHLORO-1-BENZOTHIEN-2-YL)SULFONYL]-2-OXOPIPERAZIN-1-YL}METHYL)BENZENECARBOXIMIDAMIDE,F10
DB08488,"4-{[(E)-2-(5-CHLOROTHIEN-2-YL)VINYL]SULFONYL}-1-(1H-PYRROLO[3,2-C]PYRIDIN-2-YLMETHYL)PIPERAZIN-2-ONE",F10
DB08489,"N4-HYDROXY-2-ISOBUTYL-N1-(9-OXO-1,8-DIAZA-TRICYCLO[10.6.1.013,18]NONADECA-12(19),13,15,17-TETRAEN-10-YL)-SUCCINAMIDE",MMP7
DB08490,CTS-1027,MMP13
DB08490,CTS-1027,MMP1
DB08490,CTS-1027,MMP9
DB08490,CTS-1027,MMP2
DB08490,CTS-1027,MMP3
DB08491,N-HYDROXY-2-[4-(4-PHENOXY-BENZENESULFONYL)-TETRAHYDRO-PYRAN-4-YL]-ACETAMIDE,MMP1
DB08492,(2E)-3-(2-OCT-1-YN-1-YLPHENYL)ACRYLIC ACID,ALOX15
DB08493,"5-METHYL-3-(9-OXO-1,8-DIAZA-TRICYCLO[10.6.1.013,18]NONADECA-12(19),13,15,17-TETRAEN-10-YLCARBAMOYL)-HEXANOIC ACID",MMP7
DB08494,"S-{2-[(2-chloro-4-sulfamoylphenyl)amino]-2-oxoethyl} 6-methyl-3,4-dihydroquinoline-1(2H)-carbothioate",gag-pol
DB08495,4-({4-[(6-CHLORO-1-BENZOTHIEN-2-YL)SULFONYL]-2-OXOPIPERAZIN-1-YL}METHYL)BENZENECARBOXIMIDAMIDE,F10
DB08497,"(1S)-2-oxo-1-phenyl-2-[(1,3,4-trioxo-1,2,3,4-tetrahydroisoquinolin-5-yl)amino]ethyl acetate",CASP3
DB08498,"(1S)-1-(3-chlorophenyl)-2-oxo-2-[(1,3,4-trioxo-1,2,3,4-tetrahydroisoquinolin-5-yl)amino]ethyl acetate",CASP3
DB08499,"N-[3-(2-fluoroethoxy)phenyl]-N'-(1,3,4-trioxo-1,2,3,4-tetrahydroisoquinolin-6-yl)butanediamide",CASP3
DB08500,"(3S,5R,7R,8S,9S,10R)-7-(hydroxymethyl)-3-(2-naphthyl)-1,6-dioxa-2-azaspiro[4.5]decane-8,9,10-triol",PYGM
DB08501,"DIETHYL PROPANE-1,3-DIYLBISCARBAMATE",stxB
DB08502,Capravirine,gag-pol
DB08502,Capravirine,gag-pol
DB08502,Capravirine,pol
DB08503,"(3S,5R,7R,8S,9S,10R)-7-(hydroxymethyl)-3-(4-methylphenyl)-1,6-dioxa-2-azaspiro[4.5]decane-8,9,10-triol",PYGM
DB08504,"6-(4-{(1S,2S)-2-AMINO-1-[(DIMETHYLAMINO)CARBONYL]-3-[(3S)-3-FLUOROPYRROLIDIN-1-YL]-3-OXOPROPYL}PHENYL)-1H-[1,2,4]TRIAZOLO[1,5-A]PYRIDIN-4-IUM",DPP4
DB08505,methyl 4-bromo-N-[8-(hydroxyamino)-8-oxooctanoyl]-L-phenylalaninate,hdaH
DB08506,N-{(2S)-3-[(1R)-1-aminoethyl](hydroxy)phosphoryl-2-benzylpropanoyl}-L-phenylalanine,pepN
DB08507,N-[[2-METHYL-4-HYDROXYCARBAMOYL]BUT-4-YL-N]-BENZYL-P-[PHENYL]-P-[METHYL]PHOSPHINAMID,MMP3
DB08508,N-BENZOYL-D-ALANINE,pbp1b
DB08509,1-[6-(2-CHLORO-4-METHYXYPHENOXY)-HEXYL]-IMIDAZOLE,
DB08510,5-ALPHA-PREGNANE-3-BETA-OL-HEMISUCCINATE,IGHG2
DB08511,"6-amino-2-methyl-1,7-dihydro-8H-imidazo[4,5-g]quinazolin-8-one",tgt
DB08512,"6-amino-2-[(1-naphthylmethyl)amino]-3,7-dihydro-8H-imidazo[4,5-g]quinazolin-8-one",tgt
DB08513,[4-({5-(AMINOCARBONYL)-4-[(3-METHYLPHENYL)AMINO]PYRIMIDIN-2-YL}AMINO)PHENYL]ACETIC ACID,MAPK1
DB08513,[4-({5-(AMINOCARBONYL)-4-[(3-METHYLPHENYL)AMINO]PYRIMIDIN-2-YL}AMINO)PHENYL]ACETIC ACID,INSR
DB08513,[4-({5-(AMINOCARBONYL)-4-[(3-METHYLPHENYL)AMINO]PYRIMIDIN-2-YL}AMINO)PHENYL]ACETIC ACID,IRS1
DB08514,"6-amino-2-[(thiophen-2-ylmethyl)amino]-1,7-dihydro-8H-imidazo[4,5-g]quinazolin-8-one",tgt
DB08515,"(3AR,6R,6AS)-6-((S)-((S)-CYCLOHEX-2-ENYL)(HYDROXY)METHYL)-6A-METHYL-4-OXO-HEXAHYDRO-2H-FURO[3,2-C]PYRROLE-6-CARBALDEHYDE",PSMA1
DB08515,"(3AR,6R,6AS)-6-((S)-((S)-CYCLOHEX-2-ENYL)(HYDROXY)METHYL)-6A-METHYL-4-OXO-HEXAHYDRO-2H-FURO[3,2-C]PYRROLE-6-CARBALDEHYDE",PSMA2
DB08515,"(3AR,6R,6AS)-6-((S)-((S)-CYCLOHEX-2-ENYL)(HYDROXY)METHYL)-6A-METHYL-4-OXO-HEXAHYDRO-2H-FURO[3,2-C]PYRROLE-6-CARBALDEHYDE",PSMA3
DB08515,"(3AR,6R,6AS)-6-((S)-((S)-CYCLOHEX-2-ENYL)(HYDROXY)METHYL)-6A-METHYL-4-OXO-HEXAHYDRO-2H-FURO[3,2-C]PYRROLE-6-CARBALDEHYDE",PSMA4
DB08515,"(3AR,6R,6AS)-6-((S)-((S)-CYCLOHEX-2-ENYL)(HYDROXY)METHYL)-6A-METHYL-4-OXO-HEXAHYDRO-2H-FURO[3,2-C]PYRROLE-6-CARBALDEHYDE",PSMA5
DB08515,"(3AR,6R,6AS)-6-((S)-((S)-CYCLOHEX-2-ENYL)(HYDROXY)METHYL)-6A-METHYL-4-OXO-HEXAHYDRO-2H-FURO[3,2-C]PYRROLE-6-CARBALDEHYDE",PSMA6
DB08515,"(3AR,6R,6AS)-6-((S)-((S)-CYCLOHEX-2-ENYL)(HYDROXY)METHYL)-6A-METHYL-4-OXO-HEXAHYDRO-2H-FURO[3,2-C]PYRROLE-6-CARBALDEHYDE",PSMA7
DB08515,"(3AR,6R,6AS)-6-((S)-((S)-CYCLOHEX-2-ENYL)(HYDROXY)METHYL)-6A-METHYL-4-OXO-HEXAHYDRO-2H-FURO[3,2-C]PYRROLE-6-CARBALDEHYDE",PSMB1
DB08515,"(3AR,6R,6AS)-6-((S)-((S)-CYCLOHEX-2-ENYL)(HYDROXY)METHYL)-6A-METHYL-4-OXO-HEXAHYDRO-2H-FURO[3,2-C]PYRROLE-6-CARBALDEHYDE",PSMB2
DB08515,"(3AR,6R,6AS)-6-((S)-((S)-CYCLOHEX-2-ENYL)(HYDROXY)METHYL)-6A-METHYL-4-OXO-HEXAHYDRO-2H-FURO[3,2-C]PYRROLE-6-CARBALDEHYDE",PSMB3
DB08515,"(3AR,6R,6AS)-6-((S)-((S)-CYCLOHEX-2-ENYL)(HYDROXY)METHYL)-6A-METHYL-4-OXO-HEXAHYDRO-2H-FURO[3,2-C]PYRROLE-6-CARBALDEHYDE",PSMB4
DB08515,"(3AR,6R,6AS)-6-((S)-((S)-CYCLOHEX-2-ENYL)(HYDROXY)METHYL)-6A-METHYL-4-OXO-HEXAHYDRO-2H-FURO[3,2-C]PYRROLE-6-CARBALDEHYDE",PSMB5
DB08515,"(3AR,6R,6AS)-6-((S)-((S)-CYCLOHEX-2-ENYL)(HYDROXY)METHYL)-6A-METHYL-4-OXO-HEXAHYDRO-2H-FURO[3,2-C]PYRROLE-6-CARBALDEHYDE",PSMB6
DB08515,"(3AR,6R,6AS)-6-((S)-((S)-CYCLOHEX-2-ENYL)(HYDROXY)METHYL)-6A-METHYL-4-OXO-HEXAHYDRO-2H-FURO[3,2-C]PYRROLE-6-CARBALDEHYDE",PSMB7
DB08516,(S)-(+)-2-[4-(FLUOROBENZYLOXY-BENZYLAMINO)PROPIONAMIDE],MAOB
DB08517,Sakuranetin,ADORA3
DB08517,Sakuranetin,ADORA1
DB08517,Sakuranetin,ADORA2B
DB08517,Sakuranetin,fabZ
DB08519,"N~4~-(3-methyl-1H-indazol-6-yl)-N~2~-(3,4,5-trimethoxyphenyl)pyrimidine-2,4-diamine",KDR
DB08520,"(21S)-1AZA-4,4-DIMETHYL-6,19-DIOXA-2,3,7,20-TETRAOXOBICYCLO[19.4.0] PENTACOSANE",FKBP1A
DB08521,4-[4-(4-Fluorophenyl)-2-[4-[(R)-methylsulfinyl]phenyl]-1H-imidazol-5-yl]pyridine,MAPK14
DB08521,4-[4-(4-Fluorophenyl)-2-[4-[(R)-methylsulfinyl]phenyl]-1H-imidazol-5-yl]pyridine,MAPK1
DB08522,4-(4-FLUOROPHENYL)-1-CYCLOROPROPYLMETHYL-5-(4-PYRIDYL)-IMIDAZOLE,MAPK14
DB08523,[HYDROXY(3-PHENYLPROPYL)AMINO]METHANOL,def
DB08523,[HYDROXY(3-PHENYLPROPYL)AMINO]METHANOL,def
DB08523,[HYDROXY(3-PHENYLPROPYL)AMINO]METHANOL,def
DB08524,2-(3-BENZOYLPHENOXY)ETHYL(HYDROXY)FORMAMIDE,def
DB08524,2-(3-BENZOYLPHENOXY)ETHYL(HYDROXY)FORMAMIDE,def
DB08525,HYDROXY[3-(6-METHYLPYRIDIN-2-YL)PROPYL]FORMAMIDE,def
DB08525,HYDROXY[3-(6-METHYLPYRIDIN-2-YL)PROPYL]FORMAMIDE,def
DB08526,CARBOBENZYLOXY-(L)-LEUCINYL-(L)LEUCINYL METHOXYMETHYLKETONE,CTSH
DB08527,"1-[4-(AMINOSULFONYL)PHENYL]-1,6-DIHYDROPYRAZOLO[3,4-E]INDAZOLE-3-CARBOXAMIDE",CCNA2
DB08527,"1-[4-(AMINOSULFONYL)PHENYL]-1,6-DIHYDROPYRAZOLO[3,4-E]INDAZOLE-3-CARBOXAMIDE",CDK2
DB08528,"2-AMINO-6-(3,5-DIMETHYLPHENYL)SULFONYLBENZONITRILE",gag-pol
DB08529,"(6E,11E)-HEPTADECA-6,11-DIENE-9,9-DIYLBIS(PHOSPHONIC ACID)",GGPS1
DB08530,"7-BENZYL-1,3-DIMETHYL-8-PIPERAZIN-1-YL-3,7-DIHYDRO-PURINE-2,6-DIONE",DPP4
DB08531,"5-(2,3-dichlorophenyl)-N-(pyridin-4-ylmethyl)pyrazolo[1,5-a]pyrimidin-7-amine",CDK2
DB08532,"6-(2-fluorophenyl)-N-(pyridin-3-ylmethyl)imidazo[1,2-a]pyrazin-8-amine",CDK2
DB08533,"3-methyl-N-(pyridin-4-ylmethyl)imidazo[1,2-a]pyrazin-8-amine",CDK2
DB08534,"5-(2-fluorophenyl)-N-(pyridin-4-ylmethyl)pyrazolo[1,5-a]pyrimidin-7-amine",CDK2
DB08535,"3-bromo-5-phenyl-N-(pyridin-3-ylmethyl)pyrazolo[1,5-a]pyrimidin-7-amine",CDK2
DB08536,"3-bromo-5-phenyl-N-(pyrimidin-5-ylmethyl)pyrazolo[1,5-a]pyridin-7-amine",CDK2
DB08537,"3-bromo-6-phenyl-N-(pyrimidin-5-ylmethyl)imidazo[1,2-a]pyridin-8-amine",CDK2
DB08538,"N-((2-aminopyrimidin-5-yl)methyl)-5-(2,6-difluorophenyl)-3-ethylpyrazolo[1,5-a]pyrimidin-7-amine",CDK2
DB08539,"3-cyclopropyl-5-phenyl-N-(pyridin-3-ylmethyl)pyrazolo[1,5-a]pyrimidin-7-amine",CDK2
DB08540,"2-[4-(2H-1,4-BENZOTHIAZINE-3-YL)-PIPERAZINE-1-LY]-1,3-THIAZOLE-4-CARBOXYLIC ACID ETHYLESTER",
DB08541,"[(3S)-9-hydroxy-1-methyl-10-oxo-4,10-dihydro-3H-benzo[g]isochromen-3-yl]acetic acid",actII
DB08542,"3,4-dihydroxy-9,10-secoandrosta-1(10),2,4-triene-9,17-dione",hsaC
DB08543,1-[2-HYDROXY-3-(4-CYCLOHEXYL-PHENOXY)-PROPYL]-4-(2-PYRIDYL)-PIPERAZINE,
DB08544,(S)-Fluoxetine,snf
DB08545,(1S)-1-Phenylethyl (4-acetamidobenzyl)phosphonate,
DB08546,"4-[(3AS,4R,7R,8AS,8BR)-2-(1,3-BENZODIOXOL-5-YLMETHYL)-7-HYDROXY-1,3-DIOXODECAHYDROPYRROLO[3,4-A]PYRROLIZIN-4-YL]BENZENECARBOXIMIDAMIDE",F2
DB08547,PROGESTERONE-11-ALPHA-OL-HEMISUCCINATE,IGHG2
DB08548,"[(4S)-2,2-dimethyl-1,3-dioxolan-4-yl]methyl hydrogen hex-5-enylphosphonate",estA
DB08549,"(3R)-METHYLCARBAMOYL-7-SULFOAMINO-3,4-DIHYDRO-1H-ISOQUINOLINE-2-CARBOXYLIC ACID BENZYL ESTER",PTPN1
DB08550,"7,8-Dichloro-1,2,3,4-tetrahydroisoquinoline",ADRA2A
DB08550,"7,8-Dichloro-1,2,3,4-tetrahydroisoquinoline",ADRA2C
DB08550,"7,8-Dichloro-1,2,3,4-tetrahydroisoquinoline",ADRA2B
DB08550,"7,8-Dichloro-1,2,3,4-tetrahydroisoquinoline",PNMT
DB08551,3-{(R)-(Dihydroxyboryl)[(2-thienylacetyl)amino]methyl}benzoic acid,ampC
DB08551,3-{(R)-(Dihydroxyboryl)[(2-thienylacetyl)amino]methyl}benzoic acid,bla
DB08551,3-{(R)-(Dihydroxyboryl)[(2-thienylacetyl)amino]methyl}benzoic acid,blaCTX-M-9a
DB08552,(1R)-1-(2-thienylacetylamino)-1-phenylmethylboronic acid,ampC
DB08553,"(1E)-5-(1-piperidin-4-yl-3-pyridin-4-yl-1H-pyrazol-4-yl)-2,3-dihydro-1H-inden-1-one oxime",BRAF
DB08554,N-(3-carboxypropanoyl)-L-norvaline,argF'
DB08554,N-(3-carboxypropanoyl)-L-norvaline,argF'
DB08555,"1-(3-bromophenyl)-7-chloro-6-methoxy-3,4-dihydroisoquinoline",MAPK10
DB08556,"5'-ACETYL-4-{[(2,4-DIMETHYLPHENYL)SULFONYL]AMINO}-2,2'-BITHIOPHENE-5-CARBOXYLIC ACID",
DB08557,"2-[(2-methoxyethyl)amino]-4-(4-oxo-1,2,3,4-tetrahydro-9H-carbazol-9-yl)benzamide",HSP90AA1
DB08558,"2-HYDROXYMETHYL-6-OCTYLSULFANYL-TETRAHYDRO-PYRAN-3,4,5-TRIOL",lpxA
DB08558,"2-HYDROXYMETHYL-6-OCTYLSULFANYL-TETRAHYDRO-PYRAN-3,4,5-TRIOL",fbpC
DB08558,"2-HYDROXYMETHYL-6-OCTYLSULFANYL-TETRAHYDRO-PYRAN-3,4,5-TRIOL",ADRB1
DB08558,"2-HYDROXYMETHYL-6-OCTYLSULFANYL-TETRAHYDRO-PYRAN-3,4,5-TRIOL",LCT
DB08559,"N-[(2S,4S,6R)-2-(dihydroxymethyl)-4-hydroxy-3,3-dimethyl-7-oxo-4lambda~4~-thia-1-azabicyclo[3.2.0]hept-6-yl]-2-phenylacetamide",pac
DB08560,3-FLUORO-N-[1-(4-FLUOROPHENYL)-3-(2-THIENYL)-1H-PYRAZOL-5-YL]BENZENESULFONAMIDE,PPARG
DB08561,"BENZYL 6-BENZYL-5,7-DIOXO-6,7-DIHYDRO-5H-[1,3]THIAZOLO[3,2-C]PYRIMIDINE-2-CARBOXYLATE",MMP13
DB08562,4-(4-STYRYL-PHENYLCARBAMOYL)-BUTYRIC ACID,IGKC
DB08562,4-(4-STYRYL-PHENYLCARBAMOYL)-BUTYRIC ACID,IGHG1
DB08562,4-(4-STYRYL-PHENYLCARBAMOYL)-BUTYRIC ACID,IGKV2D-28
DB08564,(2E)-N-{4-[(3-bromophenyl)amino]quinazolin-6-yl}-4-(dimethylamino)but-2-enamide,SRC
DB08565,L-1-naphthyl-2-acetamido-ethane boronic acid,CTRB1
DB08566,D-1-naphthyl-2-acetamido-ethane boronic acid,CTRB1
DB08568,A-674563,AKT1
DB08568,A-674563,PRKACA
DB08568,A-674563,PKIA
DB08569,"3-PYRIDIN-4-YL-2,4-DIHYDRO-INDENO[1,2-.C.] PYRAZOLE",PRKACA
DB08569,"3-PYRIDIN-4-YL-2,4-DIHYDRO-INDENO[1,2-.C.] PYRAZOLE",PKIA
DB08570,4-(ACETYLAMINO)-3-HYDROXY-5-NITROBENZOIC ACID,NA
DB08570,4-(ACETYLAMINO)-3-HYDROXY-5-NITROBENZOIC ACID,NA
DB08571,4-(ACETYLAMINO)-5-AMINO-3-HYDROXYBENZOIC ACID,NA
DB08572,4-{[4-AMINO-6-(CYCLOHEXYLMETHOXY)-5-NITROSOPYRIMIDIN-2-YL]AMINO}BENZAMIDE,CCNA2
DB08572,4-{[4-AMINO-6-(CYCLOHEXYLMETHOXY)-5-NITROSOPYRIMIDIN-2-YL]AMINO}BENZAMIDE,CDK2
DB08573,3-[(4-CHLOROANILINO)SULFONYL]THIOPHENE-2-CARBOXYLIC ACID,ampC
DB08574,"(5R)-2-sulfanyl-5-[4-(trifluoromethyl)benzyl]-1,3-thiazol-4(5H)-one",AFDN
DB08575,"2-[(1S)-1-BENZYL-2-SULFANYLETHYL]-1H-IMIDAZO[4,5-C]PYRIDIN-5-IUM",MME
DB08576,"1-(5-TERT-BUTYL-1,3,4-OXADIAZOL-2-YL)-2-(METHYLAMINO)ETHANONE",ESR1
DB08576,"1-(5-TERT-BUTYL-1,3,4-OXADIAZOL-2-YL)-2-(METHYLAMINO)ETHANONE",pip
DB08577,3-[(3-(2-CARBOXYETHYL)-4-METHYLPYRROL-2-YL)METHYLENE]-2-INDOLINONE,FGFR3
DB08577,3-[(3-(2-CARBOXYETHYL)-4-METHYLPYRROL-2-YL)METHYLENE]-2-INDOLINONE,FGFR1
DB08578,4-[(5-bromopyridin-2-yl)amino]-4-oxobutanoic acid,
DB08579,"4-bromo-2-{[(3R,5S)-3,5-dimethylpiperidin-1-yl]carbonyl}aniline",
DB08580,4-bromo-2-{[(2R)-2-(2-chlorobenzyl)pyrrolidin-1-yl]carbonyl}aniline,
DB08581,"4-[(4-bromo-2-{[(3R,5S)-3,5-dimethylpiperidin-1-yl]carbonyl}phenyl)amino]-4-oxobutanoic acid",
DB08582,"N-(4-bromo-2-{[(3R,5S)-3,5-dimethylpiperidin-1-yl]carbonyl}phenyl)-4-morpholin-4-yl-4-oxobutanamide",
DB08583,"2-amino-5-[3-(1-ethyl-1H-pyrazol-5-yl)-1H-pyrrolo[2,3-b]pyridin-5-yl]-N,N-dimethylbenzamide",ABL1
DB08585,"S-[2-({N-[(2S)-2-hydroxy-3,3-dimethyl-4-(phosphonooxy)butanoyl]-beta-alanyl}amino)ethyl] hexanethioate",
DB08586,"S-[2-({N-[(2S)-2-hydroxy-3,3-dimethyl-4-(phosphonooxy)butanoyl]-beta-alanyl}amino)ethyl] octanethioate",
DB08587,Sinapic acid,xynY
DB08588,2-({2-[(3R)-3-AMINOPIPERIDIN-1-YL]-4-OXOQUINAZOLIN-3(4H)-YL}METHYL)BENZONITRILE,DPP4
DB08589,SYRINGATE,xynY
DB08590,1-(3-HYDROXYPROPYL)-2-[(3-NITROBENZOYL)AMINO]-1H-BENZIMIDAZOL-5-YL PIVALATE,IRAK4
DB08591,"5-(4-METHOXYBIPHENYL-3-YL)-1,2,5-THIADIAZOLIDIN-3-ONE 1,1-DIOXIDE",PTPN1
DB08593,"1,2,5-THIADIAZOLIDIN-3-ONE-1,1-DIOXIDE",PTPN1
DB08594,TERT-BUTYL 2-CYANO-2-METHYLHYDRAZINECARBOXYLATE,CTSK
DB08595,"4-[(1S,2R,5S)-4,4,8-TRIMETHYL-3-OXABICYCLO[3.3.1]NON-7-EN-2-YL]PHENOL",ESR1
DB08595,"4-[(1S,2R,5S)-4,4,8-TRIMETHYL-3-OXABICYCLO[3.3.1]NON-7-EN-2-YL]PHENOL",NCOA2
DB08596,5'-deoxy-5'-piperidin-1-ylthymidine,RNASE1
DB08597,Dorsomorphin,PRKAG1
DB08597,Dorsomorphin,PRKAB1
DB08597,Dorsomorphin,PRKAA1
DB08597,Dorsomorphin,ACVR1
DB08597,Dorsomorphin,FKBP1A
DB08598,R-82913,gag-pol
DB08598,R-82913,gag-pol
DB08599,N-[(4-methoxyphenyl)sulfonyl]-D-alanine,MMP12
DB08600,Tivirapine,gag-pol
DB08601,Tributyltin,RXRA
DB08601,Tributyltin,NCOA2
DB08602,"3-(2,6-difluorophenyl)-2-(methylthio)quinazolin-4(3H)-one",PDE7A
DB08603,N-[(1S)-5-amino-1-(chloroacetyl)pentyl]-4-methylbenzenesulfonamide,
DB08604,Triclosan,NOS3
DB08604,Triclosan,fabI
DB08604,Triclosan,inhA
DB08604,Triclosan,fabI
DB08604,Triclosan,fabI
DB08604,Triclosan,fabI
DB08604,Triclosan,NR1I2
DB08604,Triclosan,AR
DB08604,Triclosan,NR1I3
DB08604,Triclosan,PPARG
DB08604,Triclosan,TPO
DB08605,"6-METHYL-2(PROPANE-1-SULFONYL)-2H-THIENO[3,2-D][1,2,3]DIAZABORININ-1-OL",DECR1
DB08605,"6-METHYL-2(PROPANE-1-SULFONYL)-2H-THIENO[3,2-D][1,2,3]DIAZABORININ-1-OL",fabI
DB08606,"(3R,4S)-1-[(4-AMINO-5H-PYRROLO[3,2-D]PYRIMIDIN-7-YL)METHYL]-4-[(METHYLSULFANYL)METHYL]PYRROLIDIN-3-OL",mtnN
DB08607,"(5R)-5-(4-{[(2R)-6-HYDROXY-2,5,7,8-TETRAMETHYL-3,4-DIHYDRO-2H-CHROMEN-2-YL]METHOXY}BENZYL)-1,3-THIAZOLIDINE-2,4-DIONE",CYP2C8
DB08608,"4-({(2R,5S)-2,5-DIMETHYL-4-[(2R)-3,3,3-TRIFLUORO-2-HYDROXY-2-METHYLPROPANOYL]PIPERAZIN-1-YL}CARBONYL)BENZONITRILE",PDK2
DB08609,"(2R)-N-{4-[Ethyl(phenyl)sulfamoyl]-2-methylphenyl}-3,3,3-trifluoro-2-hydroxy-2-methylpropanamide",PDK2
DB08610,N-(2-AMINOETHYL)-2-{3-CHLORO-4-[(4-ISOPROPYLBENZYL)OXY]PHENYL} ACETAMIDE,PDK2
DB08611,"2-[(2',3',4'-TRIFLUOROBIPHENYL-2-YL)OXY]ETHANOL",CTSS
DB08612,"1,1,1-TRIFLUORO-3-(OCTYLTHIO)ACETONE",CES1
DB08612,"1,1,1-TRIFLUORO-3-(OCTYLTHIO)ACETONE",CES1P1
DB08613,"2,2,2-TRIFLUORO-1-{5-[(3-PHENYL-5,6-DIHYDROIMIDAZO[1,2-A]PYRAZIN-7(8H)-YL)CARBONYL]THIOPHEN-2-YL}ETHANE-1,1-DIOL",HDAC4
DB08614,"3-[[(METHYLAMINO)SULFONYL]AMINO]-2-OXO-6-PHENYL-N-[3,3,3-TRIFLUORO-1-(1-METHYLETHYL)-2-OXOPHENYL]-1(2H)-PYRIDINE ACETAMIDE",CELA1
DB08615,"2-[4-(DIMETHYLAMINO)PHENYL]-6-HYDROXY-3-METHYL-1,3-BENZOTHIAZOL-3-IUM",ACHE
DB08617,"4-(2,2,2-TRIFLUOROETHYL)-L-PHENYLALANINE",YARS1
DB08618,3-(HYDROXY-PHENYL-PHOSPHINOYLOXY)-8-METHYL-8-AZA-BICYCLO[3.2.1]OCTANE-2-CARBOXYLIC ACID METHYL ESTER,IGHG2
DB08619,Testosterone succinate,ncsA
DB08620,Thiacloprid,CHRFAM7A
DB08621,Thiamphenicol,draA
DB08622,"4-(4-CHLORO-PHENYL)-1-{3-[2-(4-FLUORO-PHENYL)-[1,3]DITHIOLAN-2-YL]-PROPYL}-PIPERIDIN-4-OL",gag-pol
DB08623,"2-[CARBOXY-(2-THIOPHEN-2-YL-ACETYLAMINO)-METHYL]-5-METHYLENE-5,6-DIHYDRO-2H-[1,3]THIAZINE-4-CARBOXYLIC ACID",ampC
DB08624,"1-[(4S)-4-amino-5-(1,3-benzothiazol-2-yl)-5-oxopentyl]guanidine",F2
DB08624,"1-[(4S)-4-amino-5-(1,3-benzothiazol-2-yl)-5-oxopentyl]guanidine",AHR
DB08626,Thiorphan,MME
DB08627,"(5R)-4-HYDROXY-3,5-DIMETHYL-5-[(1E,3E)-2-METHYLPENTA-1,3-DIENYL]THIOPHEN-2(5H)-ONE",fabB
DB08628,"(5R)-5-[(1E)-BUTA-1,3-DIENYL]-4-HYDROXY-3,5-DIMETHYLTHIOPHEN-2(5H)-ONE",fabB
DB08629,"N1-(2-AMINO-4-METHYLPENTYL)OCTAHYDRO-PYRROLO[1,2-A] PYRIMIDINE",ATP5F1A
DB08629,"N1-(2-AMINO-4-METHYLPENTYL)OCTAHYDRO-PYRROLO[1,2-A] PYRIMIDINE",ATP5F1B
DB08629,"N1-(2-AMINO-4-METHYLPENTYL)OCTAHYDRO-PYRROLO[1,2-A] PYRIMIDINE",ATP5F1C
DB08631,"N-(4-CHLOROPHENYL)-1,2,3,4-TETRAHYDROISOQUINOLINE-7-SULFONAMIDE",PNMT
DB08632,Trimesic acid,HBA1
DB08632,Trimesic acid,HBB
DB08633,TNP-470,METAP2
DB08634,6-BENZYL-1-BENZYLOXYMETHYL-5-ISOPROPYL URACIL,gag-pol
DB08634,6-BENZYL-1-BENZYLOXYMETHYL-5-ISOPROPYL URACIL,gag-pol
DB08635,N-(TRANS-4'-NITRO-4-STILBENYL)-N-METHYL-5-AMINO-PENTANOIC ACID,IGHV3-30
DB08636,2-Hydroxybenzalpyruvate,nahD
DB08637,4-(2-METHOXYPHENYL)-2-OXOBUT-3-ENOIC ACID,nahD
DB08638,1-hydroperoxy-L-tryptophan,katG
DB08639,Dapivirine,gag-pol
DB08640,"(2S,3S)-3-FORMYL-2-({[(4-METHYLPHENYL)SULFONYL]AMINO}METHYL)PENTANOIC ACID",CELA1
DB08641,"(2S,3S)-3-FORMYL-2-({[(4-NITROPHENYL)SULFONYL]AMINO}METHYL)PENTANOIC ACID",CELA1
DB08642,"(2R,6S)-6-{[methyl(3,4,5-trimethoxyphenyl)amino]methyl}-1,2,5,6,7,8-hexahydroquinazoline-2,4-diamine",DHFR
DB08643,2-(2-{2-[(BIPHENYL-4-YLMETHYL)-AMINO]-3-MERCAPTO-PENTANOYLAMINO}-ACETYLAMINO)-3-METHYL-BUTYRIC ACID METHYL ESTER,MMP3
DB08644,{1-[2-(1-FORMYL-PROPYL)-3-METHANESULFONYLAMINO-PYRROLIDINE-1-CARBONYL]-2-METHYL-PROPYL}-CARBAMIC ACID TERT-BUTYL ESTER,
DB08645,"6-CHLORO-3-(DICHLOROMETHYL)-3,4-DIHYDRO-2H-1,2,4-BENZOTHIADIAZINE-7-SULFONAMIDE 1,1-DIOXIDE",CA2
DB08646,TRW3-(2-AMINO-3-HYDROXY-PROPYL)-6-(N'-CYCLOHEXYL-HYDRAZINO)OCTAHYDRO-INDOL-7-OL,mauC
DB08646,TRW3-(2-AMINO-3-HYDROXY-PROPYL)-6-(N'-CYCLOHEXYL-HYDRAZINO)OCTAHYDRO-INDOL-7-OL,mauB
DB08646,TRW3-(2-AMINO-3-HYDROXY-PROPYL)-6-(N'-CYCLOHEXYL-HYDRAZINO)OCTAHYDRO-INDOL-7-OL,mauA
DB08646,TRW3-(2-AMINO-3-HYDROXY-PROPYL)-6-(N'-CYCLOHEXYL-HYDRAZINO)OCTAHYDRO-INDOL-7-OL,moxG
DB08646,TRW3-(2-AMINO-3-HYDROXY-PROPYL)-6-(N'-CYCLOHEXYL-HYDRAZINO)OCTAHYDRO-INDOL-7-OL,qhnDH
DB08646,TRW3-(2-AMINO-3-HYDROXY-PROPYL)-6-(N'-CYCLOHEXYL-HYDRAZINO)OCTAHYDRO-INDOL-7-OL,
DB08646,TRW3-(2-AMINO-3-HYDROXY-PROPYL)-6-(N'-CYCLOHEXYL-HYDRAZINO)OCTAHYDRO-INDOL-7-OL,
DB08647,Trazeolide,IGKC
DB08648,"8-Hydroxy-2-oxa-bicyclo[3.3.1]non-6-ene-3,5-dicarboxylic acid",pheA
DB08648,"8-Hydroxy-2-oxa-bicyclo[3.3.1]non-6-ene-3,5-dicarboxylic acid",aroH
DB08648,"8-Hydroxy-2-oxa-bicyclo[3.3.1]non-6-ene-3,5-dicarboxylic acid",
DB08649,(1S)-1-AMINO-2-(1H-INDOL-3-YL)ETHANOL,aauA
DB08649,(1S)-1-AMINO-2-(1H-INDOL-3-YL)ETHANOL,aauB
DB08651,3'-THIO-THYMIDINE-5'-PHOSPHATE,TOP2B
DB08651,3'-THIO-THYMIDINE-5'-PHOSPHATE,ecoRVR
DB08652,Indoleacetamide,aauA
DB08652,Indoleacetamide,aauB
DB08653,Tryptamine,MAOA
DB08653,Tryptamine,HTR2A
DB08653,Tryptamine,MAOB
DB08653,Tryptamine,aauA
DB08653,Tryptamine,aauB
DB08654,"TRANS-(1S,2S)-2-AMINO-1,2,3,4-TETRAHYDRONAPHTHALEN-1-OL",PNMT
DB08655,"9-ACETYL-2,3,4,9-TETRAHYDRO-1H-CARBAZOL-1-ONE",CREBBP
DB08656,5-amino-2-methyl-N-[(1R)-1-naphthalen-1-ylethyl]benzamide,rep
DB08657,2-(4-(2-((3-(5-(PYRIDIN-2-YLTHIO)THIAZOL-2-YL)UREIDO)METHYL)-1H-IMIDAZOL-4-YL)PHENOXY)ACETIC ACID,fabK
DB08658,Ethyl hydrogen diethylamidophosphate,BCHE
DB08659,2-(hydrazinocarbonyl)-3-phenyl-1H-indole-5-sulfonamide,CA2
DB08660,Quinalizarin,CSNK2A1
DB08661,"1-(2,5-dideoxy-5-pyrrolidin-1-yl-beta-L-erythro-pentofuranosyl)-5-methylpyrimidine-2,4(1H,3H)-dione",RNASE1
DB08662,3-[1-(4-BROMO-PHENYL)-2-METHYL-PROPYL]-4-HYDROXY-CHROMEN-2-ONE,gag-pol
DB08663,4-HYDROXY-7-METHOXY-3-(1-PHENYL-PROPYL)-CHROMEN-2-ONE,gag-pol
DB08664,({3-[1-(4-Hydroxy-2-oxo-2H-chromen-3-yl)-propyl]-phenylcarbamoyl}-methyl)-carbamic acid tert-butyl ester,gag-pol
DB08665,"6,11-DIHYDRO-11-ETHYL-6-METHYL-9-NITRO-5H-PYRIDO[2,3-B][1,5]BENZODIAZEPIN-5-ONE",gag-pol
DB08666,5-imino-4-(3-trifluoromethyl-phenylazo)-5H-pyrazol-3-ylamine,map
DB08667,4-(4-fluoro-phenylazo)-5-imino-5H-pyrazol-3-ylamine,map
DB08668,3-(5-Amino-3-imino-3H-pyrazol-4-ylazo)-benzoic acid,map
DB08669,"METHYL N-[(2S,3R)-3-AMINO-2-HYDROXY-3-(4-METHYLPHENYL)PROPANOYL]-D-ALANYL-D-LEUCINATE",map
DB08670,"METHYL N-[(2S,3R)-3-AMINO-2-HYDROXY-3-(4-ISOPROPYLPHENYL)PROPANOYL]-D-ALANYL-D-LEUCINATE",map
DB08671,5-Imino-4-(2-trifluoromethyl-phenylazo)-5H-pyrazol-3-ylamine,map
DB08672,4-[(3R)-3-{[2-(4-FLUOROPHENYL)-2-OXOETHYL]AMINO}BUTYL]BENZAMIDE,DPP4
DB08673,"4-[(5-ISOPROPYL-1,3-THIAZOL-2-YL)AMINO]BENZENESULFONAMIDE",CDK2
DB08674,"(20S)-19,20,21,22-TETRAHYDRO-19-OXO-5H-18,20-ETHANO-12,14-ETHENO-6,10-METHENO-18H-BENZ[D]IMIDAZO[4,3-K][1,6,9,12]OXATRIAZA-CYCLOOCTADECOSINE-9-CARBONITRILE",FNTA
DB08674,"(20S)-19,20,21,22-TETRAHYDRO-19-OXO-5H-18,20-ETHANO-12,14-ETHENO-6,10-METHENO-18H-BENZ[D]IMIDAZO[4,3-K][1,6,9,12]OXATRIAZA-CYCLOOCTADECOSINE-9-CARBONITRILE",FNTB
DB08675,"(5Z)-7-{(1R,4S,5R,6R)-6-[(1E)-1-Octen-1-yl]-2,3-diazabicyclo[2.2.1]hept-2-en-5-yl}-5-heptenoic acid",PTGIS
DB08676,"(20S)-19,20,22,23-TETRAHYDRO-19-OXO-5H,21H-18,20-ETHANO-12,14-ETHENO-6,10-METHENOBENZ[D]IMIDAZO[4,3-L][1,6,9,13]OXATRIAZACYCLONOADECOSINE-9-CARBONITRILE",FNTA
DB08676,"(20S)-19,20,22,23-TETRAHYDRO-19-OXO-5H,21H-18,20-ETHANO-12,14-ETHENO-6,10-METHENOBENZ[D]IMIDAZO[4,3-L][1,6,9,13]OXATRIAZACYCLONOADECOSINE-9-CARBONITRILE",FNTB
DB08677,N-(5-Isopropyl-thiazol-2-YL)-2-pyridin-3-YL-acetamide,CDK2
DB08678,(4-ETHYLPHENYL)SULFAMIC ACID,PTPRB
DB08680,N-{3-[(E)-(tert-butoxyimino)methyl]-4-chlorophenyl}-2-methylfuran-3-carbimidothioic acid,gag-pol
DB08681,1-METHYL ETHYL 2-CHLORO-5-[[[(1-METHYLETHOXY)THIOOXO]METHYL]AMINO]-BENZOATE,gag-pol
DB08681,1-METHYL ETHYL 2-CHLORO-5-[[[(1-METHYLETHOXY)THIOOXO]METHYL]AMINO]-BENZOATE,gag-pol
DB08682,"1-METHYL ETHYL 1-CHLORO-5-[[(5,6DIHYDRO-2-METHYL-1,4-OXATHIIN-3-YL)CARBONYL]AMINO]BENZOATE",gag-pol
DB08682,"1-METHYL ETHYL 1-CHLORO-5-[[(5,6DIHYDRO-2-METHYL-1,4-OXATHIIN-3-YL)CARBONYL]AMINO]BENZOATE",gag-pol
DB08683,"REL-(9R,12S)-9,10,11,12-TETRAHYDRO-9,12-EPOXY-1H-DIINDOLO[1,2,3-FG:3',2',1'-KL]PYRROLO[3,4-I][1,6]BENZODIAZOCINE-1,3(2H)-DIONE",CHEK1
DB08684,O-Decyl Hydrogen Thiocarbonate,fabH
DB08685,"1-(1,4-dimethyl-1,2,3,4-tetrahydroquinoxalin-6-yl)methanamine",
DB08686,"5,6,7,8,9,10-HEXAHYDRO-4-HYDROXY-3-(1-PHENYLPROPYL)CYCLOOCTA[B]PYRAN-2-ONE",gag-pol
DB08687,FG-2216,EGLN1
DB08687,FG-2216,HIF1A
DB08688,2-Undecanone,ACOT13
DB08689,Ubiquinone Q1,pufC
DB08689,Ubiquinone Q1,puhA
DB08689,Ubiquinone Q1,pufL
DB08689,Ubiquinone Q1,pufM
DB08689,Ubiquinone Q1,SDHA
DB08689,Ubiquinone Q1,SDHB
DB08689,Ubiquinone Q1,SDHD
DB08689,Ubiquinone Q1,SDHC
DB08689,Ubiquinone Q1,dsbA
DB08689,Ubiquinone Q1,dsbB
DB08689,Ubiquinone Q1,nrfC
DB08689,Ubiquinone Q1,
DB08689,Ubiquinone Q1,
DB08690,Ubiquinone Q2,sdhA
DB08690,Ubiquinone Q2,sdhB
DB08690,Ubiquinone Q2,sdhC
DB08690,Ubiquinone Q2,sdhD
DB08690,Ubiquinone Q2,CYC1
DB08690,Ubiquinone Q2,MT-CYB
DB08690,Ubiquinone Q2,UQCRC1
DB08690,Ubiquinone Q2,UQCRC2
DB08690,Ubiquinone Q2,UQCRH
DB08690,Ubiquinone Q2,UQCRQ
DB08690,Ubiquinone Q2,UQCRFS1
DB08690,Ubiquinone Q2,UQCR11
DB08690,Ubiquinone Q2,UQCRB
DB08690,Ubiquinone Q2,UQCR10
DB08690,Ubiquinone Q2,pufC
DB08690,Ubiquinone Q2,puhA
DB08690,Ubiquinone Q2,pufL
DB08690,Ubiquinone Q2,pufM
DB08690,Ubiquinone Q2,dsbB
DB08690,Ubiquinone Q2,petB
DB08690,Ubiquinone Q2,petA
DB08690,Ubiquinone Q2,petC
DB08690,Ubiquinone Q2,pufL
DB08690,Ubiquinone Q2,pufM
DB08690,Ubiquinone Q2,puhA
DB08691,"ethyl 3-[(E)-2-amino-1-cyanoethenyl]-6,7-dichloro-1-methyl-1H-indole-2-carboxylate",CLK1
DB08691,"ethyl 3-[(E)-2-amino-1-cyanoethenyl]-6,7-dichloro-1-methyl-1H-indole-2-carboxylate",DYRK1A
DB08691,"ethyl 3-[(E)-2-amino-1-cyanoethenyl]-6,7-dichloro-1-methyl-1H-indole-2-carboxylate",CLK3
DB08692,D-1-(4-chlorophenyl)-2-(acetamido)ethane boronic acid,CTRB1
DB08693,L-1-(4-chlorophenyl)-2-(acetamido)ethane boronic acid,CTRB1
DB08694,Variolin B,CDK2
DB08694,Variolin B,CCNA2
DB08695,3-(4-nitrophenyl)-1H-pyrazole,HPGDS
DB08697,"4-(2-aminoethoxy)-N-(3-chloro-5-piperidin-1-ylphenyl)-3,5-dimethylbenzamide",PLAU
DB08698,"1-[(3S)-5-PHENYL-3-THIOPHEN-2-YL-3H-1,4-BENZODIAZEPIN-2-YL]AZETIDIN-3-OL",murI
DB08699,"1-tert-butyl-3-(3-methylbenzyl)-1H-pyrazolo[3,4-d]pyrimidin-4-amine",CAMK2G
DB08701,"2-(3-BROMOPHENYL)-6-[(2-HYDROXYETHYL)AMINO]-1H-BENZO[DE]ISOQUINOLINE-1,3(2H)-DIONE",
DB08701,"2-(3-BROMOPHENYL)-6-[(2-HYDROXYETHYL)AMINO]-1H-BENZO[DE]ISOQUINOLINE-1,3(2H)-DIONE",
DB08702,"2,5-DIPHENYLFURAN-3,4-DICARBOXYLIC ACID",
DB08703,"12-(2-hydroxyethyl)-2-(1-methylethoxy)-13,14-dihydronaphtho[2,1-a]pyrrolo[3,4-c]carbazol-5(12H)-one",MAP3K9
DB08704,"[[(3R,4R,5S,6R)-4,5-dihydroxy-6-(hydroxymethyl)-3-(pentanoylamino)oxan-2-ylidene]amino] N-phenylcarbamate",nagZ
DB08705,"6-(5-BROMO-2-HYDROXYPHENYL)-2-OXO-4-PHENYL-1,2-DIHYDROPYRIDINE-3-CARBONITRILE",PIM1
DB08706,"(2S)-({(5Z)-5-[(5-Ethyl-2-furyl)methylene]-4-oxo-4,5-dihydro-1,3-thiazol-2-yl}amino)(4-fluorophenyl)acetic acid",
DB08707,"4-[3-(4-chlorophenyl)-2,1-benzisoxazol-5-yl]pyrimidin-2-amine",PIM1
DB08708,"N-cyclohexyl-3-[3-(trifluoromethyl)phenyl][1,2,4]triazolo[4,3-b]pyridazin-6-amine",PIM1
DB08709,"2,3-diphenyl-1H-indole-7-carboxylic acid",PIM1
DB08710,"(5Z)-5-[(5-ethylfuran-2-yl)methylidene]-2-[[(S)-(4-fluorophenyl)-(2H-tetrazol-5-yl)methyl]amino]-1,3-thiazol-4-one",
DB08711,Methyl vanillate,xynY
DB08712,11-[(MERCAPTOCARBONYL)OXY]UNDECANOIC ACID,fabH
DB08713,"2,6-DIMETHYL-1-(3-[3-METHYL-5-ISOXAZOLYL]-PROPANYL)-4-[2N-METHYL-2H-TETRAZOL-5-YL]-PHENOL",
DB08714,"2,6-DIMETHYL-1-(3-[3-METHYL-5-ISOXAZOLYL]-PROPANYL)-4-[4-METHYL-2H-TETRAZOL-2-YL]-PHENOL",
DB08715,"2,6-DIMETHYL-1-(3-[3-METHYL-5-ISOXAZOLYL]-PROPANYL)-4-[2-METHYL-4-ISOXAZOLYL]-PHENOL",
DB08717,"[(2S)-4-methyl-3-oxo-2,3,4,5-tetrahydro-1H-1,4-benzodiazepin-2-yl]acetic acid",
DB08718,"4-(3-ethylthiophen-2-yl)benzene-1,2-diol",map
DB08719,"5-(5-(6-CHLORO-4-(4,5-DIHYDRO-2-OXAZOLYL)PHENOXY)PENTYL)-3-METHYL ISOXAZOLE",
DB08720,"5-(5-(4-(4,5-dihydro-2-oxazoly)phenoxy)pentyl)-3-methyl osoxazole",
DB08721,"5-(5-(2,6-dichloro-4-(4,5-dihydro-2-oxazolyl)phenoxy)pentyl)-3-(hydroxyethyl oxymethyleneoxymethyl) isoxazole",
DB08722,5-(7-(6-chloro-4-(5-hydro-4-methyl-2-oxazolyl)phenoxy)heptyl)-3-methyl isoxazole,
DB08723,WIN-54954,
DB08723,WIN-54954,
DB08724,5-(5-(4-(5-hydro-4-methyl-2-oxazolyl)phenoxy)pentyl)-3-methyl isoxazole,
DB08725,"(S)-5-(7-(4-(4-Ethyl-4,5-dihydro-2-oxazolyl)phenoxy)heptyl)-3-methylisoxazole",
DB08726,Disoxaril,
DB08726,Disoxaril,
DB08726,Disoxaril,
DB08727,"3-Methyl-5-(7-{4-[(4R)-4-methyl-4,5-dihydro-1,3-oxazol-2-yl]phenoxy}heptyl)-1,2-oxazole",
DB08728,"5-(3-(2,6-dichloro-4-(4,5-dihydro-2-oxazolyl)phenoxy)propyl)-3-methyl isoxazole",
DB08728,"5-(3-(2,6-dichloro-4-(4,5-dihydro-2-oxazolyl)phenoxy)propyl)-3-methyl isoxazole",
DB08729,"5-ethoxy-4-(1-methyl-7-oxo-3-propyl-6,7-dihydro-1H-pyrazolo[4,3-d]pyrimidin-5-yl)thiophene-2-sulfonamide",PDE5A
DB08730,3-FLUORO-5-MORPHOLIN-4-YL-N-[1-(2-PYRIDIN-4-YLETHYL)-1H-INDOL-6-YL]BENZAMIDE,MAPK14
DB08731,"2-[(1R)-2-carboxy-1-(naphthalen-1-ylmethyl)ethyl]-1,3-dioxo-2,3-dihydro-1H-isoindole-5-carboxylic acid",ampC
DB08732,NALPHA-[(BENZYLOXY)CARBONYL]-N-[(1R)-4-HYDROXY-1-METHYL-2-OXOBUTYL]-L-PHENYLALANINAMIDE,rep
DB08732,NALPHA-[(BENZYLOXY)CARBONYL]-N-[(1R)-4-HYDROXY-1-METHYL-2-OXOBUTYL]-L-PHENYLALANINAMIDE,
DB08733,"(2R,3R)-N^1^-[(1S)-2,2-DIMETHYL-1-(METHYLCARBAMOYL)PROPYL]-N^4^-HYDROXY-2-(2-METHYLPROPYL)-3-{[(1,3-THIAZOL-2-YLCARBONYL)AMINO]METHYL}BUTANEDIAMIDE",ADAM28
DB08734,"6,6-DIMETHYL-1-[3-(2,4,5-TRICHLOROPHENOXY)PROPOXY]-1,6-DIHYDRO-1,3,5-TRIAZINE-2,4-DIAMINE",TYMS
DB08737,"(3AS,4R,9BR)-4-(4-HYDROXYPHENYL)-1,2,3,3A,4,9B-HEXAHYDROCYCLOPENTA[C]CHROMEN-9-OL",ESR1
DB08738,1-{3-oxo-3-[(2S)-2-(pyrrolidin-1-ylcarbonyl)pyrrolidin-1-yl]propyl}-3-phenylquinoxalin-2(1H)-one,PREP
DB08739,"2-{3-[(2S)-4,4-difluoro-2-(pyrrolidin-1-ylcarbonyl)pyrrolidin-1-yl]-3-oxopropyl}-isoindole-1,3(2H)-dione",PREP
DB08740,"CYCLOHEXYLMETHYL-2,3-DIHYDROXY-5-METHYL-HEXYLAMIDE",CTSD
DB08741,"5-[[(2R)-2-cyclopropyl-7,8-dimethoxy-2H-chromen-5-yl]methyl]pyrimidine-2,4-diamine",folA
DB08742,"1,3-CYCLOHEXANEDIOL, 4-METHYLENE-5-[(2E)-[(1S,3AS,7AS)-OCTAHYDRO-1-(5-HYDROXY-5-METHYL-1,3-HEXADIYNYL)-7A-METHYL-4H-INDEN-4-YLIDENE]ETHYLIDENE]-, (1R,3S,5Z)",NCOA1
DB08742,"1,3-CYCLOHEXANEDIOL, 4-METHYLENE-5-[(2E)-[(1S,3AS,7AS)-OCTAHYDRO-1-(5-HYDROXY-5-METHYL-1,3-HEXADIYNYL)-7A-METHYL-4H-INDEN-4-YLIDENE]ETHYLIDENE]-, (1R,3S,5Z)",VDR
DB08743,"2-({8-[(3R)-3-AMINOPIPERIDIN-1-YL]-1,3-DIMETHYL-2,6-DIOXO-1,2,3,6-TETRAHYDRO-7H-PURIN-7-YL}METHYL)BENZONITRILE",DPP4
DB08744,Casimiroin,NQO2
DB08745,4-[[(1E)-2-(4-CHLOROPHENYL)ETHENYL]SULFONYL]-1-[[1-(4-PYRIDINYL)-4-PIPERIDINYL]METHYL]PIPERAZINONE,F10
DB08746,1-[[(1E)-2-(4-CHLOROPHENYL)ETHENYL]SULFONYL]-4-[[1-(4-PYRIDINYL)-4-PIPERIDINYL]METHYL]PIPERAZINE,F10
DB08747,"(11R)-10-acetyl-11-(2,4-dichlorophenyl)-6-hydroxy-3,3-dimethyl-2,3,4,5,10,11-hexahydro-1H-dibenzo[b,e][1,4]diazepin-1-one",
DB08748,4-(Dimethylamino)benzoic acid,rep
DB08748,4-(Dimethylamino)benzoic acid,PP1a
DB08749,3-(2-AMINO-6-BENZOYLQUINAZOLIN-3(4H)-YL)-N-CYCLOHEXYL-N-METHYLPROPANAMIDE,BACE1
DB08750,"1-[4-(AMINOMETHYL)BENZOYL]-5'-FLUORO-1'H-SPIRO[PIPERIDINE-4,2'-QUINAZOLIN]-4'-AMINE",NOS2
DB08751,"N,N'-DIMETHYL-N-(ACETYL)-N'-(7-NITROBENZ-2-OXA-1,3-DIAZOL-4-YL)ETHYLENEDIAMINE",HRAS
DB08752,N-[(1S)-2-[(4-cyano-1-methylpiperidin-4-yl)amino]-1-(cyclohexylmethyl)-2-oxoethyl]morpholine-4-carboxamide,CTSS
DB08753,"4-{(1E)-3-OXO-3-[(2-PHENYLETHYL)AMINO]PROP-1-EN-1-YL}-1,2-PHENYLENE DIACETATE",def
DB08754,N-Caffeoyltyramine,TYR
DB08754,N-Caffeoyltyramine,def
DB08755,N-[(1S)-2-{[(1R)-2-(benzyloxy)-1-cyano-1-methylethyl]amino}-1-(cyclohexylmethyl)-2-oxoethyl]morpholine-4-carboxamide,CTSS
DB08756,Y-27632,F2
DB08756,Y-27632,PRKACA
DB08756,Y-27632,PKIA
DB08756,Y-27632,ROCK1
DB08756,Y-27632,ROCK2
DB08757,5-(2-chlorophenyl)furan-2-carbohydrazide,map
DB08758,"IMIDAZO[2,1-A]ISOQUINOLINE-2-CARBOHYDRAZIDE",map
DB08759,"[(3R,4S,5S,7R)-4,8-DIHYDROXY-3,5,7-TRIMETHYL-2-OXOOCTYL]PHOSPHONIC ACID",pikAIV
DB08760,(2S)-2-(4-chlorophenoxy)-3-phenylpropanoic acid,PPARG
DB08761,"(3S,6S)-3,6-bis(4-hydroxybenzyl)piperazine-2,5-dione",cyp121
DB08762,O-(((1R)-((N-PHENYLMETHOXYCARBONYL-L-ALANYL)AMINO)ETHYL)HYDROXYPHOSPHONO)-L-BENZYLACETIC ACID,CPA1
DB08763,[N-(BENZYLOXYCARBONYL)AMINO](4-AMIDINOPHENYL)METHANE-PHOSPHONATE,PRSS1
DB08765,"6-HYDROXY-1,3-BENZOTHIAZOLE-2-SULFONAMIDE",CA2
DB08765,"6-HYDROXY-1,3-BENZOTHIAZOLE-2-SULFONAMIDE",MIF
DB08766,Zofenoprilat,LAP3
DB08767,2-(4-METHOXYPHENYL)ACETAMIDE,aauA
DB08767,2-(4-METHOXYPHENYL)ACETAMIDE,aauB
DB08768,N(6)-dimethylallyladenine,CDK2
DB08770,"4-{2-[(7-amino-2-furan-2-yl[1,2,4]triazolo[1,5-a][1,3,5]triazin-5-yl)amino]ethyl}phenol",ADORA2A
DB08770,"4-{2-[(7-amino-2-furan-2-yl[1,2,4]triazolo[1,5-a][1,3,5]triazin-5-yl)amino]ethyl}phenol",ADORA2B
DB08770,"4-{2-[(7-amino-2-furan-2-yl[1,2,4]triazolo[1,5-a][1,3,5]triazin-5-yl)amino]ethyl}phenol",ADORA1
DB08771,"(5R)-2-[(2-Fluorophenyl)amino]-5-isopropyl-1,3-thiazol-4(5H)-one",HSD11B1
DB08772,Zopolrestat,AKR1B1
DB08772,Zopolrestat,AKR1B10
DB08773,2-(4-hydroxyphenyl)benzo[b]thiophen-6-ol,ESR1
DB08773,2-(4-hydroxyphenyl)benzo[b]thiophen-6-ol,NCOA2
DB08774,"1-[(2S)-4-(5-phenyl-1H-pyrazolo[3,4-b]pyridin-4-yl)morpholin-2-yl]methanamine",CHEK1
DB08775,Benzoyl-tyrosine-alanine-fluoro-methyl ketone,CTSF
DB08776,"N-(4-OXO-5,6,7,8-TETRAHYDRO-4H-[1,3]THIAZOLO[5,4-C]AZEPIN-2-YL)ACETAMIDE",CHEK1
DB08777,"5,6,7,8-TETRAHYDRO[1]BENZOTHIENO[2,3-D]PYRIMIDIN-4(3H)-ONE",CHEK1
DB08778,"[4-amino-2-(tert-butylamino)-1,3-thiazol-5-yl](phenyl)methanone",CHEK1
DB08779,2-(methylsulfanyl)-5-(thiophen-2-ylmethyl)-1H-imidazol-4-ol,CHEK1
DB08780,6-MORPHOLIN-4-YL-9H-PURINE,CHEK1
DB08781,"1-[(2S)-4-(5-BROMO-1H-PYRAZOLO[3,4-B]PYRIDIN-4-YL)MORPHOLIN-2-YL]METHANAMINE",CHEK1
DB08782,4-(2-AMINOETHYL)BENZENESULFONAMIDE,CA2
DB08782,4-(2-AMINOETHYL)BENZENESULFONAMIDE,CA14
DB08782,4-(2-AMINOETHYL)BENZENESULFONAMIDE,CA9
DB08782,4-(2-AMINOETHYL)BENZENESULFONAMIDE,CA12
DB08782,4-(2-AMINOETHYL)BENZENESULFONAMIDE,CA4
DB08782,4-(2-AMINOETHYL)BENZENESULFONAMIDE,CA1
DB08783,(4-{(2S)-2-[(tert-butoxycarbonyl)amino]-3-methoxy-3-oxopropyl}phenyl)methaneseleninic acid,PTPN1
DB08784,2-(4-CHLORO-PHENYLAMINO)-NICOTINIC ACID,NMRAL1
DB08785,4-Methylcoumarin,celH
DB08786,4-(2-methoxyethoxy)-6-methylpyrimidin-2-amine,HSP90AA1
DB08787,"4-(2,4-dichlorophenyl)-5-phenyldiazenyl-pyrimidin-2-amine",HSP90AA1
DB08788,"3,6-DIAMINO-5-CYANO-4-(4-ETHOXYPHENYL)THIENO[2,3-B]PYRIDINE-2-CARBOXAMIDE",HSP90AA1
DB08789,"2-AMINO-4-(2,4-DICHLOROPHENYL)-N-ETHYLTHIENO[2,3-D]PYRIMIDINE-6-CARBOXAMIDE",HSP90AA1
DB08790,1-PHENYL-1H-PYRAZOLE-4-CARBOXYLIC ACID,HPGDS
DB08791,"1-[(2-NITROPHENYL)SULFONYL]-1H-PYRROLO[3,2-B]PYRIDINE-6-CARBOXAMIDE",MET
DB08795,Azidocillin,pbp2a
DB08795,Azidocillin,pbp1b
DB08795,Azidocillin,pbp3
DB08795,Azidocillin,pbpA
DB08795,Azidocillin,penA
DB08798,Sulfamoxole,
DB08799,Antazoline,HRH1
DB08800,Chloropyramine,HRH1
DB08801,Dimetindene,HRH1
DB08801,Dimetindene,CHRM2
DB08802,Isothipendyl,HRH1
DB08804,Nandrolone decanoate,AR
DB08804,Nandrolone decanoate,FOS
DB08804,Nandrolone decanoate,HTR2A
DB08804,Nandrolone decanoate,HTR1B
DB08804,Nandrolone decanoate,IGF1R
DB08804,Nandrolone decanoate,DRD1
DB08805,Metiamide,HRH2
DB08806,Roxatidine acetate,HRH2
DB08807,Bopindolol,ADRB1
DB08807,Bopindolol,ADRB2
DB08807,Bopindolol,ADRB3
DB08807,Bopindolol,HTR1A
DB08807,Bopindolol,HTR1B
DB08808,Bupranolol,ADRB1
DB08808,Bupranolol,ADRB2
DB08808,Bupranolol,ADRB3
DB08809,Dichloroacetic acid,PDK1
DB08809,Dichloroacetic acid,GSTZ1
DB08810,Cinitapride,HTR1A
DB08810,Cinitapride,HTR2A
DB08810,Cinitapride,HTR4
DB08811,Tofisopam,PDE10A
DB08811,Tofisopam,PDE4A
DB08811,Tofisopam,PDE2A
DB08811,Tofisopam,PDE3A
DB08813,Nadroparin,SERPINC1
DB08813,Nadroparin,F10
DB08813,Nadroparin,SELP
DB08813,Nadroparin,FOS
DB08813,Nadroparin,MYC
DB08814,Triflusal,PTGS1
DB08814,Triflusal,NFKB1
DB08814,Triflusal,NOS2
DB08814,Triflusal,PDE10A
DB08815,Lurasidone,DRD2
DB08815,Lurasidone,HTR2A
DB08815,Lurasidone,HTR7
DB08815,Lurasidone,HTR1A
DB08815,Lurasidone,ADRA2C
DB08815,Lurasidone,ADRA2A
DB08816,Ticagrelor,P2RY12
DB08818,Hyaluronic acid,CD44
DB08818,Hyaluronic acid,ICAM1
DB08818,Hyaluronic acid,HMMR
DB08818,Hyaluronic acid,LYVE1
DB08818,Hyaluronic acid,NCAN
DB08818,Hyaluronic acid,VCAN
DB08818,Hyaluronic acid,C1QBP
DB08818,Hyaluronic acid,HAPLN1
DB08818,Hyaluronic acid,HAPLN3
DB08818,Hyaluronic acid,HABP2
DB08818,Hyaluronic acid,LAYN
DB08818,Hyaluronic acid,STAB2
DB08818,Hyaluronic acid,TNFAIP6
DB08818,Hyaluronic acid,IMPG2
DB08818,Hyaluronic acid,HABP4
DB08819,Tafluprost,PTGFR
DB08820,Ivacaftor,CFTR
DB08822,Azilsartan medoxomil,AGTR1
DB08823,Spinosad,CHRNA7
DB08824,Ioflupane I-123,SLC6A3
DB08827,Lomitapide,MTTP
DB08828,Vismodegib,SMO
DB08834,Tauroursodeoxycholic acid,ITGA5
DB08835,Spaglumic acid,FOLH1
DB08836,Temocapril,ACE
DB08837,Tetraethylammonium,SLC47A1
DB08837,Tetraethylammonium,KCNA5
DB08837,Tetraethylammonium,KCNMB4
DB08837,Tetraethylammonium,KCNQ3
DB08837,Tetraethylammonium,KCNT2
DB08837,Tetraethylammonium,KCNN1
DB08837,Tetraethylammonium,KCNA3
DB08837,Tetraethylammonium,KCNN3
DB08837,Tetraethylammonium,KCNN2
DB08837,Tetraethylammonium,AQP1
DB08837,Tetraethylammonium,KCNT1
DB08837,Tetraethylammonium,kcsA
DB08837,Tetraethylammonium,CHRNA9
DB08837,Tetraethylammonium,Kcnma1
DB08837,Tetraethylammonium,KCNA1
DB08838,Agmatine,ADRA2C
DB08838,Agmatine,NISCH
DB08838,Agmatine,CHRNA1
DB08838,Agmatine,GRIN1
DB08838,Agmatine,KCNJ1
DB08838,Agmatine,CACNA1B
DB08838,Agmatine,ASIC3
DB08839,Serotonin,HTR2A
DB08839,Serotonin,HTR3A
DB08839,Serotonin,HTR3B
DB08839,Serotonin,HTR7
DB08839,Serotonin,ADORA3
DB08839,Serotonin,HTR2B
DB08839,Serotonin,HTR1A
DB08839,Serotonin,HTR6
DB08839,Serotonin,HTR1D
DB08839,Serotonin,HTR5A
DB08839,Serotonin,HTR4
DB08839,Serotonin,HTR2C
DB08839,Serotonin,HTR1B
DB08839,Serotonin,SLC6A4
DB08839,Serotonin,SLC18A2
DB08841,Tyramine,TAAR1
DB08844,Uric acid,PYGL
DB08845,Oxogluric acid,aspC
DB08846,Ellagic acid,CA12
DB08846,Ellagic acid,CA2
DB08846,Ellagic acid,CA14
DB08846,Ellagic acid,CA6
DB08846,Ellagic acid,SYK
DB08846,Ellagic acid,CA9
DB08846,Ellagic acid,CA1
DB08846,Ellagic acid,SQLE
DB08846,Ellagic acid,CA4
DB08846,Ellagic acid,CSNK2A1
DB08846,Ellagic acid,GSK3B
DB08846,Ellagic acid,HSPA1B
DB08846,Ellagic acid,HSPA1A
DB08846,Ellagic acid,CA3
DB08846,Ellagic acid,CA5A
DB08846,Ellagic acid,CA5B
DB08846,Ellagic acid,CA7
DB08846,Ellagic acid,PRKACA
DB08846,Ellagic acid,PRKCA
DB08846,Ellagic acid,PRKCB
DB08848,Guvacine,SLC6A13
DB08848,Guvacine,SLC6A1
DB08848,Guvacine,SLC6A11
DB08848,Guvacine,SLC6A12
DB08849,Nipecotic acid,ADORA3
DB08849,Nipecotic acid,ABAT
DB08849,Nipecotic acid,SLC6A11
DB08849,Nipecotic acid,SLC6A1
DB08855,Leukotriene C4,CYSLTR1
DB08855,Leukotriene C4,CYSLTR2
DB08855,Leukotriene C4,ABCC1
DB08856,DADLE,OPRM1
DB08856,DADLE,OPRD1
DB08860,Pitavastatin,HMGCR
DB08860,Pitavastatin,ITGAL
DB08861,DPDPE,OPRK1
DB08861,DPDPE,OPRD1
DB08861,DPDPE,OPRM1
DB08862,Cholecystokinin,CCKAR
DB08862,Cholecystokinin,RAF1
DB08862,Cholecystokinin,MAPK3
DB08862,Cholecystokinin,EGF
DB08862,Cholecystokinin,PRKCB
DB08862,Cholecystokinin,CCKBR
DB08864,Rilpivirine,pol
DB08864,Rilpivirine,SCN10A
DB08864,Rilpivirine,gag-pol
DB08864,Rilpivirine,NR1I2
DB08865,Crizotinib,ALK
DB08865,Crizotinib,MET
DB08865,Crizotinib,ROS1
DB08865,Crizotinib,MST1R
DB08867,Ulipristal,PGR
DB08867,Ulipristal,NR3C1
DB08867,Ulipristal,AR
DB08868,Fingolimod,S1PR5
DB08868,Fingolimod,S1PR1
DB08868,Fingolimod,S1PR3
DB08868,Fingolimod,SPHK1
DB08868,Fingolimod,DRD3
DB08868,Fingolimod,HDAC1
DB08868,Fingolimod,S1PR4
DB08869,Tesamorelin,GHRHR
DB08870,Brentuximab vedotin,TNFRSF8
DB08871,Eribulin,TUBB1
DB08872,Gabapentin enacarbil,CACNA2D1
DB08872,Gabapentin enacarbil,CACNA2D2
DB08872,Gabapentin enacarbil,SLC5A6
DB08873,Boceprevir,NS3/4A
DB08873,Boceprevir,
DB08874,Fidaxomicin,sigA1
DB08875,Cabozantinib,MET
DB08875,Cabozantinib,RET
DB08875,Cabozantinib,KDR
DB08875,Cabozantinib,FLT1
DB08875,Cabozantinib,FLT4
DB08875,Cabozantinib,KIT
DB08875,Cabozantinib,NTRK2
DB08875,Cabozantinib,FLT3
DB08875,Cabozantinib,AXL
DB08875,Cabozantinib,ROS1
DB08875,Cabozantinib,TYRO3
DB08875,Cabozantinib,MERTK
DB08875,Cabozantinib,TEK
DB08877,Ruxolitinib,JAK2
DB08877,Ruxolitinib,JAK1
DB08877,Ruxolitinib,JAK3
DB08877,Ruxolitinib,TYK2
DB08877,Ruxolitinib,PLAUR
DB08878,Aminopterin,PDF
DB08879,Belimumab,TNFSF13B
DB08880,Teriflunomide,
DB08880,Teriflunomide,HMGCR
DB08880,Teriflunomide,DHODH
DB08881,Vemurafenib,BRAF
DB08882,Linagliptin,DPP4
DB08883,Perampanel,GRIA1
DB08883,Perampanel,GRIA4
DB08883,Perampanel,GRIA3
DB08883,Perampanel,GRIA2
DB08885,Aflibercept,VEGFA
DB08885,Aflibercept,PGF
DB08885,Aflibercept,VEGFB
DB08888,Ocriplasmin,FN1
DB08888,Ocriplasmin,A2M
DB08888,Ocriplasmin,SERPINF2
DB08889,Carfilzomib,PSMB5
DB08889,Carfilzomib,PSMB8
DB08889,Carfilzomib,PSMB1
DB08889,Carfilzomib,PSMB9
DB08889,Carfilzomib,PSMB2
DB08889,Carfilzomib,PSMB10
DB08890,Linaclotide,GUCY2C
DB08891,Arbaclofen,GABBR1
DB08891,Arbaclofen,GABBR2
DB08892,Arbaclofen Placarbil,GABBR1
DB08892,Arbaclofen Placarbil,GABBR2
DB08892,Arbaclofen Placarbil,GABRG3
DB08893,Mirabegron,ADRB3
DB08893,Mirabegron,ADRB1
DB08894,Peginesatide,EPOR
DB08895,Tofacitinib,JAK1
DB08895,Tofacitinib,JAK2
DB08895,Tofacitinib,JAK3
DB08895,Tofacitinib,TYK2
DB08896,Regorafenib,FLT1
DB08896,Regorafenib,KDR
DB08896,Regorafenib,FLT4
DB08896,Regorafenib,KIT
DB08896,Regorafenib,PDGFRA
DB08896,Regorafenib,PDGFRB
DB08896,Regorafenib,FGFR1
DB08896,Regorafenib,FGFR2
DB08896,Regorafenib,TEK
DB08896,Regorafenib,DDR2
DB08896,Regorafenib,NTRK1
DB08896,Regorafenib,EPHA2
DB08896,Regorafenib,RAF1
DB08896,Regorafenib,BRAF
DB08896,Regorafenib,MAPK11
DB08896,Regorafenib,FRK
DB08896,Regorafenib,ABL1
DB08896,Regorafenib,RET
DB08896,Regorafenib,CSF1R
DB08897,Aclidinium,CHRM1
DB08897,Aclidinium,CHRM2
DB08897,Aclidinium,CHRM4
DB08897,Aclidinium,CHRM5
DB08897,Aclidinium,CHRM3
DB08899,Enzalutamide,AR
DB08900,Teduglutide,GLP2R
DB08901,Ponatinib,ABL1
DB08901,Ponatinib,BCR
DB08901,Ponatinib,KIT
DB08901,Ponatinib,RET
DB08901,Ponatinib,TEK
DB08901,Ponatinib,FLT3
DB08901,Ponatinib,FGFR1
DB08901,Ponatinib,FGFR2
DB08901,Ponatinib,FGFR3
DB08901,Ponatinib,FGFR4
DB08901,Ponatinib,LCK
DB08901,Ponatinib,SRC
DB08901,Ponatinib,LYN
DB08901,Ponatinib,KDR
DB08901,Ponatinib,PDGFRA
DB08902,Raxibacumab,pagA
DB08903,Bedaquiline,atpE
DB08904,Certolizumab pegol,TNF
DB08905,Formestane,CYP19A1
DB08906,Fluticasone furoate,NR3C1
DB08906,Fluticasone furoate,PGR
DB08906,Fluticasone furoate,NR3C2
DB08907,Canagliflozin,SLC5A2
DB08908,Dimethyl fumarate,KEAP1
DB08908,Dimethyl fumarate,RELA
DB08910,Pomalidomide,CRBN
DB08910,Pomalidomide,TNF
DB08910,Pomalidomide,PTGS2
DB08911,Trametinib,MAP2K1
DB08911,Trametinib,MAP2K2
DB08912,Dabrafenib,BRAF
DB08912,Dabrafenib,RAF1
DB08912,Dabrafenib,SIK1
DB08912,Dabrafenib,NEK11
DB08912,Dabrafenib,LIMK1
DB08915,Aleglitazar,PPARA
DB08915,Aleglitazar,PPARG
DB08915,Aleglitazar,NCOA1
DB08916,Afatinib,EGFR
DB08916,Afatinib,ERBB4
DB08916,Afatinib,ERBB2
DB08918,Levomilnacipran,SLC6A4
DB08918,Levomilnacipran,SLC6A2
DB08922,Perospirone,HTR2A
DB08922,Perospirone,DRD2
DB08922,Perospirone,HTR1A
DB08922,Perospirone,HRH1
DB08922,Perospirone,DRD4
DB08922,Perospirone,ADRA1A
DB08927,Amperozide,HTR2A
DB08930,Dolutegravir,pol
DB08930,Dolutegravir,gag-pol
DB08931,Riociguat,GUCY1A2
DB08931,Riociguat,GUCY2D
DB08932,Macitentan,EDNRA
DB08932,Macitentan,EDNRB
DB08933,Luliconazole,ERG11
DB08934,Sofosbuvir,NS5b
DB08934,Sofosbuvir,
DB08935,Obinutuzumab,MS4A1
DB08936,Chlorcyclizine,HRH1
DB08943,Isoconazole,CYP17A1
DB08949,Inositol nicotinate,HCAR3
DB08949,Inositol nicotinate,HCAR2
DB08950,Indoramin,ADRA2B
DB08950,Indoramin,ADRA2C
DB08950,Indoramin,ADRA1D
DB08950,Indoramin,ADRA1A
DB08951,Indoprofen,PTGS1
DB08951,Indoprofen,PTGS2
DB08951,Indoprofen,CXCR1
DB08951,Indoprofen,CXCR2
DB08951,Indoprofen,FABP1
DB08951,Indoprofen,PKM
DB08954,Ifenprodil,GRIN2B
DB08954,Ifenprodil,GRIN1
DB08954,Ifenprodil,CELA1
DB08954,Ifenprodil,KCNJ3
DB08954,Ifenprodil,KCNJ6
DB08954,Ifenprodil,KCNJ5
DB08955,Ibuproxam,CXCR2
DB08955,Ibuproxam,ALOX5
DB08955,Ibuproxam,CXCR1
DB08960,Hexamethonium,CHRNA2
DB08960,Hexamethonium,
DB08964,Gemeprost,PTGER3
DB08964,Gemeprost,PTGER2
DB08974,Flubendazole,TUBA1A
DB08980,Fendiline,HTR2B
DB08981,Fenbufen,PTGS1
DB08981,Fenbufen,PTGS2
DB08984,Etofenamate,PTGS1
DB08995,Diosmin,AHR
DB08996,Dimetacrine,ACHE
DB09000,Cyamemazine,HTR2C
DB09000,Cyamemazine,HTR7
DB09000,Cyamemazine,HTR1A
DB09000,Cyamemazine,HTR2A
DB09006,Clinofibrate,PPARA
DB09006,Clinofibrate,PPARG
DB09006,Clinofibrate,PPARD
DB09007,Chlorphenoxamine,HRH1
DB09009,Articaine,SCN1A
DB09013,Befunolol,ADRB1
DB09013,Befunolol,ADRB2
DB09014,Captodiame,HTR2C
DB09014,Captodiame,SIGMAR1
DB09014,Captodiame,DRD3
DB09016,Butriptyline,SLC6A4
DB09016,Butriptyline,HRH1
DB09016,Butriptyline,HTR2A
DB09017,Brotizolam,GABRA1
DB09017,Brotizolam,GABRA1
DB09018,Bromopride,DRD2
DB09019,Bromhexine,TMPRSS2
DB09019,Bromhexine,ACE2
DB09020,Bisacodyl,AQP3
DB09020,Bisacodyl,ATP1A1
DB09023,Benactyzine,CHRM5
DB09026,Aliskiren,REN
DB09027,Ledipasvir,NS5A
DB09027,Ledipasvir,
DB09028,Cytisine,CHRNB4
DB09028,Cytisine,CHRNA2
DB09028,Cytisine,CHRNA4
DB09028,Cytisine,CHRNA7
DB09028,Cytisine,CHRNA3
DB09028,Cytisine,CHRNA6
DB09028,Cytisine,CHRNB2
DB09029,Secukinumab,IL17A
DB09030,Vorapaxar,F2R
DB09031,Miltefosine,PLA2G1B
DB09031,Miltefosine,ABCB1
DB09033,Vedolizumab,ITGA4
DB09033,Vedolizumab,ITGB7
DB09034,Suvorexant,HCRTR1
DB09034,Suvorexant,HCRTR2
DB09035,Nivolumab,PDCD1
DB09036,Siltuximab,IL6
DB09037,Pembrolizumab,PDCD1
DB09037,Pembrolizumab,CD274
DB09038,Empagliflozin,SLC5A2
DB09039,Eliglustat,UGCG
DB09040,Efinaconazole,ERG11
DB09041,Tavaborole,
DB09043,Albiglutide,GLP1R
DB09045,Dulaglutide,GLP1R
DB09046,Metreleptin,LEPR
DB09047,Finafloxacin,gyrA
DB09047,Finafloxacin,parC
DB09047,Finafloxacin,TOP2A
DB09047,Finafloxacin,gyrB
DB09047,Finafloxacin,gyrA
DB09048,Netupitant,TACR1
DB09049,Naloxegol,OPRM1
DB09050,Ceftolozane,ponB
DB09050,Ceftolozane,pbpB
DB09050,Ceftolozane,pbpC
DB09050,Ceftolozane,mrdA
DB09050,Ceftolozane,dacA
DB09052,Blinatumomab,CD19
DB09052,Blinatumomab,CD3D
DB09053,Ibrutinib,BTK
DB09054,Idelalisib,PIK3CD
DB09056,Amorolfine,ERG24
DB09056,Amorolfine,ERG2
DB09056,Amorolfine,SCN7A
DB09057,Anthrax immune globulin human,pagA
DB09059,Atosiban,OXTR
DB09059,Atosiban,AVPR1A
DB09059,Atosiban,AVPR1B
DB09059,Atosiban,AVPR2
DB09060,Avibactam,bla
DB09060,Avibactam,
DB09060,Avibactam,ampC
DB09060,Avibactam,bla
DB09060,Avibactam,bla
DB09060,Avibactam,bla
DB09060,Avibactam,OXA-48
DB09060,Avibactam,KPC-2
DB09060,Avibactam,blaUOE-1
DB09060,Avibactam,PER-1
DB09061,Cannabidiol,CNR1
DB09061,Cannabidiol,CNR2
DB09061,Cannabidiol,GPR12
DB09061,Cannabidiol,GLRA1
DB09061,Cannabidiol,GLRA1
DB09061,Cannabidiol,GLRA3
DB09061,Cannabidiol,GPR18
DB09061,Cannabidiol,GPR55
DB09061,Cannabidiol,HTR1A
DB09061,Cannabidiol,HTR2A
DB09061,Cannabidiol,CHRNA7
DB09061,Cannabidiol,OPRD1
DB09061,Cannabidiol,OPRM1
DB09061,Cannabidiol,PPARG
DB09061,Cannabidiol,TRPV1
DB09061,Cannabidiol,CACNA1G
DB09061,Cannabidiol,CACNA1H
DB09061,Cannabidiol,CACNA1I
DB09061,Cannabidiol,TRPA1
DB09061,Cannabidiol,TRPM8
DB09061,Cannabidiol,TRPV2
DB09061,Cannabidiol,TRPV3
DB09061,Cannabidiol,TRPV4
DB09061,Cannabidiol,VDAC1
DB09061,Cannabidiol,HTR3A
DB09061,Cannabidiol,ADORA1
DB09061,Cannabidiol,PTGS1
DB09061,Cannabidiol,PTGS2
DB09061,Cannabidiol,ACAT1
DB09061,Cannabidiol,CYP17A1
DB09061,Cannabidiol,HMGCR
DB09061,Cannabidiol,GSR
DB09061,Cannabidiol,GPX1
DB09061,Cannabidiol,IDO1
DB09061,Cannabidiol,NQO1
DB09061,Cannabidiol,CAT
DB09061,Cannabidiol,SOD1
DB09061,Cannabidiol,AANAT
DB09061,Cannabidiol,NAAA
DB09062,Cefminox,pbp3
DB09062,Cefminox,mrcA
DB09062,Cefminox,mrcB
DB09063,Ceritinib,ALK
DB09064,Ciprofibrate,PPARA
DB09065,Cobicistat,CYP3A4
DB09065,Cobicistat,CYP3A5
DB09065,Cobicistat,CYP3A7
DB09066,Corifollitropin alfa,FSHR
DB09067,Corticorelin ovine triflutate,CRHR1
DB09067,Corticorelin ovine triflutate,CRHR2
DB09068,Vortioxetine,SLC6A4
DB09068,Vortioxetine,HTR3A
DB09068,Vortioxetine,HTR7
DB09068,Vortioxetine,HTR1B
DB09068,Vortioxetine,HTR1A
DB09068,Vortioxetine,ADRB1
DB09068,Vortioxetine,SLC6A2
DB09069,Trimetazidine,ACAA2
DB09070,Tibolone,ESR1
DB09071,Tasimelteon,MTNR1A
DB09071,Tasimelteon,MTNR1B
DB09072,Sodium oxybate,GABBR1
DB09072,Sodium oxybate,SLC52A2
DB09073,Palbociclib,CDK4
DB09073,Palbociclib,CDK6
DB09074,Olaparib,PARP1
DB09074,Olaparib,PARP2
DB09074,Olaparib,PARP3
DB09074,Olaparib,AKR1C3
DB09075,Edoxaban,F10
DB09076,Umeclidinium,CHRM3
DB09076,Umeclidinium,CHRM2
DB09076,Umeclidinium,CHRM1
DB09076,Umeclidinium,CHRM4
DB09076,Umeclidinium,CHRM5
DB09078,Lenvatinib,FLT1
DB09078,Lenvatinib,KDR
DB09078,Lenvatinib,FLT4
DB09078,Lenvatinib,FGFR1
DB09078,Lenvatinib,FGFR2
DB09078,Lenvatinib,FGFR3
DB09078,Lenvatinib,FGFR4
DB09078,Lenvatinib,PDGFRA
DB09078,Lenvatinib,RET
DB09078,Lenvatinib,KIT
DB09079,Nintedanib,FLT1
DB09079,Nintedanib,KDR
DB09079,Nintedanib,FLT4
DB09079,Nintedanib,PDGFRA
DB09079,Nintedanib,PDGFRB
DB09079,Nintedanib,FGFR1
DB09079,Nintedanib,FGFR2
DB09079,Nintedanib,FGFR3
DB09079,Nintedanib,FLT3
DB09079,Nintedanib,LCK
DB09079,Nintedanib,LYN
DB09079,Nintedanib,SRC
DB09080,Olodaterol,ADRB2
DB09082,Vilanterol,ADRB2
DB09083,Ivabradine,HCN2
DB09084,Benzydamine,PTGS2
DB09084,Benzydamine,PTGS1
DB09085,Tetracaine,RYR1
DB09085,Tetracaine,RYR2
DB09085,Tetracaine,SCN1A
DB09085,Tetracaine,SCN10A
DB09086,Eugenol,MAOB
DB09086,Eugenol,ESR1
DB09086,Eugenol,ESR2
DB09086,Eugenol,AR
DB09086,Eugenol,TRPV3
DB09088,Amylocaine,SCN1A
DB09089,Trimebutine,OPRM1
DB09089,Trimebutine,CACNA1C
DB09089,Trimebutine,KCNMA1
DB09089,Trimebutine,CHRM1
DB09089,Trimebutine,CHRM2
DB09089,Trimebutine,CHRM3
DB09089,Trimebutine,CHRM4
DB09089,Trimebutine,CACNA1G
DB09090,Pinaverium,CACNA1S
DB09091,Tixocortol,NR3C1
DB09091,Tixocortol,HDAC2
DB09092,Xanthinol,NNT
DB09092,Xanthinol,GAPDH
DB09092,Xanthinol,IDH3A
DB09092,Xanthinol,OGDH
DB09092,Xanthinol,MDH2
DB09092,Xanthinol,RPL3
DB09093,Chlortetracycline,rpsC
DB09093,Chlortetracycline,rpsH
DB09093,Chlortetracycline,rpsS
DB09093,Chlortetracycline,rpsN
DB09093,Chlortetracycline,rpsG
DB09093,Chlortetracycline,ARF1
DB09093,Chlortetracycline,katA
DB09093,Chlortetracycline,EPHB1
DB09093,Chlortetracycline,PNLIP
DB09093,Chlortetracycline,PADI4
DB09095,Difluocortolone,ANXA3
DB09095,Difluocortolone,NR3C1
DB09096,Benzoyl peroxide,CAT
DB09096,Benzoyl peroxide,GPX5
DB09096,Benzoyl peroxide,AZIN2
DB09096,Benzoyl peroxide,PRKCA
DB09096,Benzoyl peroxide,SOD3
DB09097,Quinagolide,DRD2
DB09097,Quinagolide,DRD1
DB09098,Somatrem,GHR
DB09098,Somatrem,IGF1R
DB09099,Somatostatin,SSTR1
DB09099,Somatostatin,SSTR2
DB09099,Somatostatin,SSTR3
DB09099,Somatostatin,SSTR4
DB09099,Somatostatin,SSTR5
DB09099,Somatostatin,OPRD1
DB09099,Somatostatin,OPRM1
DB09100,"Thyroid, porcine",THRA
DB09100,"Thyroid, porcine",THRB
DB09101,Elvitegravir,pol
DB09101,Elvitegravir,gag-pol
DB09102,Daclatasvir,NS5A
DB09102,Daclatasvir,
DB09103,Ancestim,KIT
DB09107,Methoxy polyethylene glycol-epoetin beta,EPOR
DB09108,Simoctocog alfa,VWF
DB09109,Turoctocog alfa,F9
DB09109,Turoctocog alfa,F10
DB09109,Turoctocog alfa,F2
DB09112,Nitrous acid,HBA1
DB09112,Nitrous acid,HBB
DB09112,Nitrous acid,MB
DB09116,Calcium carbimide,ALDH3B2
DB09116,Calcium carbimide,ALDH1B1
DB09116,Calcium carbimide,ALDH2
DB09116,Calcium carbimide,ALDH1A1
DB09118,Stiripentol,GABRA1
DB09118,Stiripentol,LDHA
DB09118,Stiripentol,LDHB
DB09118,Stiripentol,GABRG3
DB09119,Eslicarbazepine acetate,P2RX4
DB09119,Eslicarbazepine acetate,CACNA1G
DB09119,Eslicarbazepine acetate,SCN1A
DB09120,Zucapsaicin,TRPV1
DB09121,Aurothioglucose,ADCY1
DB09121,Aurothioglucose,ADCY2
DB09121,Aurothioglucose,ADCY5
DB09122,Peginterferon beta-1a,IFNAR1
DB09123,Dienogest,PGR
DB09123,Dienogest,AR
DB09124,Medrogestone,PGR
DB09126,Chorionic Gonadotropin (Human),LHCGR
DB09128,Brexpiprazole,HTR1A
DB09128,Brexpiprazole,DRD2
DB09128,Brexpiprazole,DRD3
DB09128,Brexpiprazole,HTR2A
DB09128,Brexpiprazole,HTR2B
DB09128,Brexpiprazole,HTR7
DB09128,Brexpiprazole,ADRA1A
DB09128,Brexpiprazole,ADRA1B
DB09128,Brexpiprazole,ADRA1D
DB09128,Brexpiprazole,ADRA2C
DB09128,Brexpiprazole,HRH1
DB09128,Brexpiprazole,CHRM1
DB09129,Chromic chloride,INSR
DB09130,Copper,APP
DB09130,Copper,AHCY
DB09130,Copper,H2BC4
DB09130,Copper,GAPDH
DB09130,Copper,NME1
DB09130,Copper,H1-4
DB09130,Copper,PRDX1
DB09130,Copper,S100A8
DB09130,Copper,RPSA
DB09130,Copper,ACTG1
DB09130,Copper,ENO1
DB09130,Copper,EEF1A1
DB09130,Copper,KRT8
DB09130,Copper,P4HB
DB09130,Copper,PDIA3
DB09130,Copper,HSPD1
DB09130,Copper,HSPA13
DB09130,Copper,HSPA5
DB09130,Copper,HSP90B1
DB09130,Copper,TF
DB09130,Copper,Lyar
DB09130,Copper,RPS2
DB09130,Copper,SRSF1
DB09130,Copper,HNRNPA2B1
DB09130,Copper,HNRNPH1
DB09130,Copper,HNRNPH3
DB09130,Copper,cbiD
DB09130,Copper,HNRNPL
DB09130,Copper,SFPQ
DB09130,Copper,SF3A2
DB09130,Copper,RACK1
DB09130,Copper,ACTN1
DB09130,Copper,ACY1
DB09130,Copper,ANXA4
DB09130,Copper,ANXA5
DB09130,Copper,CALR
DB09130,Copper,PKM
DB09130,Copper,AKR1A1
DB09130,Copper,CYB5R3
DB09130,Copper,GSR
DB09130,Copper,TKT
DB09130,Copper,PRDX2
DB09130,Copper,PRDX6
DB09130,Copper,PPIA
DB09130,Copper,HSPA8
DB09130,Copper,HSP90AA1
DB09130,Copper,PTGES3
DB09130,Copper,STIP1
DB09130,Copper,EIF6
DB09130,Copper,EIF4A1
DB09130,Copper,GPI
DB09130,Copper,LDHA
DB09130,Copper,PGK1
DB09130,Copper,TUBB
DB09130,Copper,CFL1
DB09130,Copper,YWHAB
DB09130,Copper,GOT1
DB09130,Copper,GSS
DB09130,Copper,HDGF
DB09130,Copper,IDH3A
DB09130,Copper,CLIC1
DB09130,Copper,PSME1
DB09130,Copper,PEBP1
DB09130,Copper,PGAM1
DB09130,Copper,RANBP1
DB09130,Copper,UGDH
DB09130,Copper,B2M
DB09130,Copper,SCO1
DB09130,Copper,PRNP
DB09130,Copper,GLRA1
DB09130,Copper,HTT
DB09130,Copper,NEIL1
DB09130,Copper,NEIL2
DB09130,Copper,HEPHL1
DB09130,Copper,SERPINE1
DB09130,Copper,S100A2
DB09130,Copper,S100A4
DB09130,Copper,SNCA
DB09130,Copper,BDNF
DB09130,Copper,PARK7
DB09130,Copper,IAPP
DB09130,Copper,TAC3
DB09130,Copper,A1BG
DB09130,Copper,AFM
DB09130,Copper,AGT
DB09130,Copper,AHSG
DB09130,Copper,APCS
DB09130,Copper,APOA1
DB09130,Copper,APOA2
DB09130,Copper,APOA4
DB09130,Copper,APOBR
DB09130,Copper,APOC2
DB09130,Copper,APOC3
DB09130,Copper,APOD
DB09130,Copper,APOE
DB09130,Copper,APOH
DB09130,Copper,AZGP1
DB09130,Copper,C1QC
DB09130,Copper,C1S
DB09130,Copper,C3
DB09130,Copper,C4B
DB09130,Copper,C4BPA
DB09130,Copper,C5
DB09130,Copper,C8B
DB09130,Copper,C9
DB09130,Copper,CFH
DB09130,Copper,CFI
DB09130,Copper,CLEC3B
DB09130,Copper,CLU
DB09130,Copper,F2
DB09130,Copper,C1QBP
DB09130,Copper,GSN
DB09130,Copper,HBA1
DB09130,Copper,HBB
DB09130,Copper,CBX5
DB09130,Copper,HPR
DB09130,Copper,IGFALS
DB09130,Copper,IGHG1
DB09130,Copper,IGHG4
DB09130,Copper,IGKV3-20
DB09130,Copper,IGLL1
DB09130,Copper,ITIH2
DB09130,Copper,KNG1
DB09130,Copper,KRT1
DB09130,Copper,KRT10
DB09130,Copper,KRT2
DB09130,Copper,KRT9
DB09130,Copper,LRG1
DB09130,Copper,LUM
DB09130,Copper,PGLYRP2
DB09130,Copper,PLG
DB09130,Copper,PON1
DB09130,Copper,PPBP
DB09130,Copper,SERPINA1
DB09130,Copper,SERPINA4
DB09130,Copper,SERPINA6
DB09130,Copper,SERPINA7
DB09130,Copper,SERPINC1
DB09130,Copper,SERPIND1
DB09130,Copper,SERPINF1
DB09130,Copper,SERPINF2
DB09130,Copper,SERPING1
DB09130,Copper,TTR
DB09130,Copper,VTN
DB09130,Copper,APLP1
DB09130,Copper,TUBA3C
DB09131,Cupric Chloride,PROC
DB09131,Cupric Chloride,CSTB
DB09140,Oxygen,MT-CO1
DB09140,Oxygen,NOX1
DB09142,Sincalide,CCKBR
DB09142,Sincalide,CCKAR
DB09143,Sonidegib,SMO
DB09147,Ferric pyrophosphate,FTL
DB09147,Ferric pyrophosphate,HBA1
DB09147,Ferric pyrophosphate,HBB
DB09148,Florbetaben F-18,APP
DB09149,Florbetapir F-18,APP
DB09151,Flutemetamol (18F),APP
DB09154,Sodium citrate,CA4
DB09158,Trypan blue free acid,PTPN1
DB09166,Etizolam,GABRA1
DB09166,Etizolam,GABRA1
DB09166,Etizolam,PTAFR
DB09167,Dosulepin,HTR1A
DB09167,Dosulepin,HTR2A
DB09167,Dosulepin,HRH1
DB09167,Dosulepin,CHRM1
DB09167,Dosulepin,CHRM2
DB09167,Dosulepin,CHRM3
DB09167,Dosulepin,CHRM4
DB09167,Dosulepin,CHRM5
DB09167,Dosulepin,ADRA2A
DB09167,Dosulepin,ADRA1A
DB09167,Dosulepin,SLC6A2
DB09167,Dosulepin,SLC6A4
DB09173,Butyrfentanyl,OPRM1
DB09173,Butyrfentanyl,OPRK1
DB09173,Butyrfentanyl,OPRD1
DB09174,Lofentanil,OPRD1
DB09174,Lofentanil,OPRK1
DB09174,Lofentanil,OPRM1
DB09181,Trefentanil,OPRM1
DB09183,Dasabuvir,NS5b
DB09183,Dasabuvir,
DB09185,Viloxazine,SLC6A2
DB09185,Viloxazine,HTR2B
DB09185,Viloxazine,HTR2C
DB09185,Viloxazine,ADRA1B
DB09185,Viloxazine,ADRB2
DB09185,Viloxazine,HRH1
DB09185,Viloxazine,HRH2
DB09185,Viloxazine,CHRM1
DB09185,Viloxazine,CHRM2
DB09185,Viloxazine,CHRM3
DB09185,Viloxazine,CHRM4
DB09185,Viloxazine,MAOA
DB09185,Viloxazine,MAOB
DB09186,Nisoxetine,SLC6A4
DB09186,Nisoxetine,SLC6A3
DB09186,Nisoxetine,SLC6A2
DB09194,Etoperidone,HTR2A
DB09194,Etoperidone,HTR2C
DB09194,Etoperidone,ADRA1A
DB09194,Etoperidone,ADRA2A
DB09194,Etoperidone,DRD2
DB09194,Etoperidone,CHRM1
DB09195,Lorpiprazole,HTR2A
DB09195,Lorpiprazole,HTR2C
DB09195,Lorpiprazole,ADRA1A
DB09195,Lorpiprazole,ADRA2A
DB09195,Lorpiprazole,HRH1
DB09195,Lorpiprazole,SLC6A4
DB09196,Lubazodone,SLC6A4
DB09196,Lubazodone,HTR2A
DB09198,Lobeglitazone,PPARG
DB09198,Lobeglitazone,PPARA
DB09199,Netoglitazone,PPARG
DB09200,Rivoglitazone,PPARG
DB09201,Ciglitazone,PPARG
DB09202,Cirazoline,ADRA1A
DB09202,Cirazoline,ADRA1B
DB09202,Cirazoline,ADRA1D
DB09202,Cirazoline,ADRA2A
DB09202,Cirazoline,ADRA2C
DB09203,Synephrine,ADRA1A
DB09204,Arotinolol,ADRB1
DB09204,Arotinolol,ADRB2
DB09204,Arotinolol,ADRA1A
DB09205,Moxisylyte,ADRA1A
DB09205,Moxisylyte,ADRA1D
DB09206,Trimazosin,ADRA1D
DB09207,AS-8112,DRD2
DB09207,AS-8112,DRD3
DB09207,AS-8112,
DB09209,Pholcodine,OPRM1
DB09209,Pholcodine,OPRK1
DB09209,Pholcodine,OPRD1
DB09211,Limaprost,PTGER2
DB09211,Limaprost,PTGER1
DB09211,Limaprost,PTGER3
DB09211,Limaprost,PTGER4
DB09212,Loxoprofen,PTGS2
DB09212,Loxoprofen,PTGS1
DB09213,Dexibuprofen,PTGS2
DB09213,Dexibuprofen,PTGS1
DB09213,Dexibuprofen,BCL2
DB09213,Dexibuprofen,THBD
DB09213,Dexibuprofen,PLAT
DB09213,Dexibuprofen,FABP2
DB09213,Dexibuprofen,PPARG
DB09213,Dexibuprofen,CFTR
DB09213,Dexibuprofen,SLC15A1
DB09213,Dexibuprofen,PPARA
DB09213,Dexibuprofen,GP1BA
DB09213,Dexibuprofen,S100A7
DB09214,Dexketoprofen,PTGS1
DB09214,Dexketoprofen,PTGS2
DB09215,Droxicam,PTGS1
DB09215,Droxicam,PTGS2
DB09216,Tolfenamic acid,PTGS1
DB09216,Tolfenamic acid,PTGS2
DB09217,Firocoxib,PTGS2
DB09220,Nicorandil,ABCC9
DB09221,Polaprezinc,TNF
DB09221,Polaprezinc,IL6
DB09221,Polaprezinc,IL3
DB09221,Polaprezinc,FLT1
DB09221,Polaprezinc,NGF
DB09221,Polaprezinc,PDGFRB
DB09221,Polaprezinc,HSP90AA1
DB09221,Polaprezinc,HSP90AB1
DB09223,Blonanserin,DRD2
DB09223,Blonanserin,DRD3
DB09223,Blonanserin,HTR2A
DB09224,Melperone,DRD2
DB09225,Zotepine,DRD1
DB09225,Zotepine,DRD2
DB09225,Zotepine,HTR7
DB09225,Zotepine,SLC6A2
DB09225,Zotepine,SLC6A4
DB09225,Zotepine,HTR2A
DB09225,Zotepine,HTR6
DB09227,Barnidipine,CACNA1C
DB09227,Barnidipine,CACNA1G
DB09227,Barnidipine,CACNA1H
DB09228,Conestat alfa,C1R
DB09228,Conestat alfa,C1S
DB09228,Conestat alfa,KLKB1
DB09228,Conestat alfa,F12
DB09228,Conestat alfa,F2
DB09228,Conestat alfa,F11
DB09228,Conestat alfa,PLAT
DB09229,Aranidipine,CACNA1C
DB09229,Aranidipine,CACNA1D
DB09229,Aranidipine,CACNA1F
DB09229,Aranidipine,CACNA1S
DB09229,Aranidipine,ADRA1A
DB09229,Aranidipine,CACNA1H
DB09230,Azelnidipine,CACNB1
DB09231,Benidipine,CACNA1C
DB09231,Benidipine,CACNA1B
DB09231,Benidipine,CACNA1G
DB09232,Cilnidipine,CACNA1B
DB09232,Cilnidipine,CACNA1C
DB09235,Efonidipine,CACNA1C
DB09235,Efonidipine,CACNG1
DB09235,Efonidipine,CACNA1G
DB09235,Efonidipine,CACNA1G
DB09235,Efonidipine,CACNA1H
DB09235,Efonidipine,CACNA1I
DB09235,Efonidipine,CACNA1C
DB09236,Lacidipine,CACNA1C
DB09237,Levamlodipine,CACNA1C
DB09237,Levamlodipine,CACNA1D
DB09237,Levamlodipine,NOS3
DB09237,Levamlodipine,NOS2
DB09238,Manidipine,CACNA1C
DB09238,Manidipine,CACNA1G
DB09238,Manidipine,
DB09238,Manidipine,CACNA1C
DB09238,Manidipine,CACNA1D
DB09238,Manidipine,CACNA1G
DB09238,Manidipine,CACNA1H
DB09238,Manidipine,CACNA1I
DB09239,Niguldipine,ADRA1B
DB09239,Niguldipine,CACNA1C
DB09239,Niguldipine,ADRA1D
DB09239,Niguldipine,ADRA1A
DB09241,Methylene blue,GUCY1A2
DB09241,Methylene blue,NOS1
DB09241,Methylene blue,MAOA
DB09242,Moxonidine,ADRA2A
DB09242,Moxonidine,NISCH
DB09242,Moxonidine,ADRA2B
DB09242,Moxonidine,ADRA2C
DB09244,Pirlindole,MAOA
DB09244,Pirlindole,HTR1A
DB09244,Pirlindole,ADRA2A
DB09245,Toloxatone,MAOB
DB09245,Toloxatone,MAOA
DB09256,Tegafur,TYMS
DB09257,Gimeracil,DPYD
DB09258,Bemiparin,F10
DB09258,Bemiparin,SERPINC1
DB09258,Bemiparin,SERPIND1
DB09262,Imidafenacin,CHRM1
DB09262,Imidafenacin,CHRM2
DB09262,Imidafenacin,CHRM3
DB09265,Lixisenatide,GLP1R
DB09266,Technetium Tc-99m tilmanocept,MRC1
DB09270,Ubidecarenone,NDUFV3
DB09270,Ubidecarenone,SDHA
DB09271,Cimetropium,CHRM5
DB09272,Eluxadoline,OPRM1
DB09272,Eluxadoline,OPRD1
DB09272,Eluxadoline,OPRK1
DB09273,Doxofylline,ADRB2
DB09273,Doxofylline,PDE2A
DB09273,Doxofylline,ADORA2A
DB09274,Artesunate,EXP-1
DB09275,Bismuth subcitrate potassium,clpX
DB09279,Fimasartan,AGTR1
DB09280,Lumacaftor,CFTR
DB09282,Molsidomine,GUCY1A2
DB09283,Trapidil,PDE4A
DB09283,Trapidil,FGFR3
DB09283,Trapidil,PDGFRB
DB09285,Morniflumate,PTGS2
DB09285,Morniflumate,PTGS1
DB09285,Morniflumate,ALOX5
DB09285,Morniflumate,LTB4R
DB09285,Morniflumate,TBXA2R
DB09286,Pipamperone,DRD2
DB09286,Pipamperone,HTR2A
DB09286,Pipamperone,ADRA1A
DB09286,Pipamperone,DRD4
DB09286,Pipamperone,DRD1
DB09286,Pipamperone,DRD3
DB09286,Pipamperone,HTR2B
DB09286,Pipamperone,ADRA2A
DB09288,Propacetamol,PTGS1
DB09288,Propacetamol,PTGS2
DB09288,Propacetamol,TRPV1
DB09288,Propacetamol,CNR1
DB09289,Tianeptine,OPRM1
DB09289,Tianeptine,SLC6A4
DB09289,Tianeptine,GRIA1
DB09289,Tianeptine,HTR1A
DB09289,Tianeptine,DRD3
DB09290,Ramosetron,HTR3A
DB09291,Rolapitant,TACR1
DB09292,Sacubitril,MME
DB09295,Talniflumate,PTGS1
DB09295,Talniflumate,PTGS2
DB09295,Talniflumate,CLCNKA
DB09296,Ombitasvir,NS5A
DB09296,Ombitasvir,
DB09297,Paritaprevir,NS3/4A
DB09297,Paritaprevir,gag-pol
DB09298,Silibinin,ALOX5
DB09299,Tenofovir alafenamide,pol
DB09299,Tenofovir alafenamide,gag-pol
DB09299,Tenofovir alafenamide,rt
DB09299,Tenofovir alafenamide,
DB09300,Butylscopolamine,CHRM3
DB09300,Butylscopolamine,CHRM5
DB09300,Butylscopolamine,CHRM2
DB09301,Chondroitin sulfate,BDNF
DB09301,Chondroitin sulfate,GDNF
DB09301,Chondroitin sulfate,VEGFA
DB09301,Chondroitin sulfate,CCL2
DB09302,Alirocumab,PCSK9
DB09303,Evolocumab,PCSK9
DB09304,Setiptiline,ADRA2A
DB09304,Setiptiline,HTR1A
DB09310,Catridecacog,F13B
DB09317,"Synthetic Conjugated Estrogens, A",ESR1
DB09318,"Synthetic Conjugated Estrogens, B",ESR1
DB09319,Carindacillin,dacA
DB09320,Procaine benzylpenicillin,dacA
DB09324,Sulbactam,blaZ
DB09327,Tegafur-uracil,DPYD
DB09327,Tegafur-uracil,TYMS
DB09329,"Antihemophilic factor (recombinant), PEGylated",VWF
DB09330,Osimertinib,EGFR
DB09331,Daratumumab,CD38
DB09332,Kappadione,F2
DB09332,Kappadione,F7
DB09332,Kappadione,F9
DB09332,Kappadione,F10
DB09332,Kappadione,PROC
DB09332,Kappadione,GGCX
DB09332,Kappadione,PROS1
DB09333,Iopodic acid,DIO3
DB09334,Seractide acetate,MC2R
DB09336,Technetium Tc-99m nofetumomab merpentan,EPCAM
DB09336,Technetium Tc-99m nofetumomab merpentan,MS4A1
DB09338,Mersalyl,ALPL
DB09338,Mersalyl,AQP1
DB09338,Mersalyl,SLC16A1
DB09342,Propoxycaine,SCN1A
DB09343,Tipiracil,TYMP
DB09345,Pramocaine,SCN1A
DB09351,Levobetaxolol,ADRB1
DB09352,Hydroxyamphetamine,TAAR1
DB09352,Hydroxyamphetamine,DRD2
DB09352,Hydroxyamphetamine,DRD4
DB09361,Evans blue,ALB
DB09363,Rauwolfia serpentina root,SLC18A2
DB09369,Polyestradiol phosphate,ESR1
DB09369,Polyestradiol phosphate,SRD5A2
DB09369,Polyestradiol phosphate,SRD5A1
DB09371,Norethynodrel,ESR1
DB09371,Norethynodrel,AR
DB09371,Norethynodrel,SHBG
DB09372,Tannic acid,ANO1
DB09383,Meprednisone,NR3C1
DB09389,Norgestrel,PGR
DB09389,Norgestrel,SRD5A1
DB09389,Norgestrel,AR
DB09401,Isosorbide,GUCY1A1
DB09409,Magnesium acetate tetrahydrate,GRIN1
DB09418,Potassium perchlorate,SLC5A5
DB09421,Protirelin,TRHR
DB09422,Soybean oil,PPARA
DB09456,Insulin beef,INSR
DB09456,Insulin beef,IGF1R
DB09460,Sodium carbonate,CA1
DB09460,Sodium carbonate,CA2
DB09460,Sodium carbonate,CA4
DB09460,Sodium carbonate,CA9
DB09462,Glycerin,PPARD
DB09462,Glycerin,PLA2G2E
DB09462,Glycerin,ISYNA1
DB09462,Glycerin,ADH1B
DB09462,Glycerin,ITPR1
DB09462,Glycerin,PAEP
DB09462,Glycerin,NAGA
DB09462,Glycerin,ARF1
DB09462,Glycerin,PAPSS1
DB09462,Glycerin,mutL
DB09462,Glycerin,nrdB
DB09462,Glycerin,mutY
DB09462,Glycerin,TRDMT1
DB09462,Glycerin,GSTZ1
DB09472,Sodium sulfate,CA2
DB09472,Sodium sulfate,CA1
DB09477,Enalaprilat,ACE
DB09477,Enalaprilat,BDKRB1
DB09481,Magnesium carbonate,GRIN1
DB09488,Acrivastine,HRH1
DB09512,Simethicone,F10
DB09517,Sodium ferric gluconate complex,FTL
DB09517,Sodium ferric gluconate complex,HBB
DB09517,Sodium ferric gluconate complex,HBA1
DB09526,Hydroquinone,TYR
DB09526,Hydroquinone,ITGB3
DB09526,Hydroquinone,ITGA2B
DB09526,Hydroquinone,CYSLTR1
DB09532,Secretin human,SCTR
DB09532,Secretin human,SCT
DB09535,Octocrylene,ESR1
DB09535,Octocrylene,ESR2
DB09536,Titanium dioxide,MARCO
DB09539,Omega-3-acid ethyl esters,SREBF1
DB09543,Methyl salicylate,TRPA1
DB09552,Thonzonium,ATP6V1C1
DB09555,Dexchlorpheniramine maleate,HRH1
DB09559,Necitumumab,EGFR
DB09564,Insulin degludec,INSR
DB09564,Insulin degludec,INS
DB09564,Insulin degludec,IGF1R
DB09568,Omega-3-carboxylic acids,DGAT2
DB09568,Omega-3-carboxylic acids,HSD17B10
DB09568,Omega-3-carboxylic acids,ECHS1
DB09568,Omega-3-carboxylic acids,HADH
DB09568,Omega-3-carboxylic acids,ELOVL4
DB09568,Omega-3-carboxylic acids,LPL
DB09570,Ixazomib,PSMB5
DB10770,Foreskin fibroblast (neonatal),FLT1
DB10770,Foreskin fibroblast (neonatal),IL6
DB10770,Foreskin fibroblast (neonatal),IL1R1
DB10770,Foreskin fibroblast (neonatal),TGFBR2
DB10770,Foreskin fibroblast (neonatal),FGF1
DB10770,Foreskin fibroblast (neonatal),IFNG
DB10770,Foreskin fibroblast (neonatal),FGFR2
DB10770,Foreskin fibroblast (neonatal),CSF2RA
DB10770,Foreskin fibroblast (neonatal),PDGFRB
DB10770,Foreskin fibroblast (neonatal),TGFB1
DB10770,Foreskin fibroblast (neonatal),TNF
DB10772,Foreskin keratinocyte (neonatal),FGF1
DB10772,Foreskin keratinocyte (neonatal),EGFR
DB10772,Foreskin keratinocyte (neonatal),CSF2RA
DB10772,Foreskin keratinocyte (neonatal),IL1B
DB10772,Foreskin keratinocyte (neonatal),IL6
DB10772,Foreskin keratinocyte (neonatal),IFNG
DB10772,Foreskin keratinocyte (neonatal),PDGFRA
DB10772,Foreskin keratinocyte (neonatal),TGFBR2
DB10772,Foreskin keratinocyte (neonatal),TGFB1
DB10772,Foreskin keratinocyte (neonatal),TNF
DB10772,Foreskin keratinocyte (neonatal),VEGFA
DB10772,Foreskin keratinocyte (neonatal),FGFR2
DB11059,Carboxymethylcellulose,SLC2A1
DB11064,Homosalate,PGR
DB11064,Homosalate,AR
DB11064,Homosalate,ESR1
DB11071,Phenyl salicylate,PTGS1
DB11071,Phenyl salicylate,PTGS2
DB11075,Hypromellose,EPCAM
DB11077,Polyethylene glycol 400,ENPP1
DB11077,Polyethylene glycol 400,HTATIP2
DB11079,Trolamine salicylate,PTGS1
DB11079,Trolamine salicylate,PTGS2
DB11081,Aluminum chloride,GLUD1
DB11085,Resorcinol,TPO
DB11085,Resorcinol,PTGS1
DB11085,Resorcinol,CA14
DB11085,Resorcinol,CA2
DB11085,Resorcinol,CA12
DB11087,Pyrethrum extract,NR1I2
DB11090,Potassium nitrate,KCNH2
DB11091,Hydrogen peroxide,PTPN1
DB11093,Calcium citrate,CASR
DB11093,Calcium citrate,CALR
DB11093,Calcium citrate,CIB1
DB11093,Calcium citrate,PDCD6
DB11093,Calcium citrate,SRI
DB11093,Calcium citrate,CHP1
DB11093,Calcium citrate,SPARC
DB11093,Calcium citrate,CANX
DB11093,Calcium citrate,FBN2
DB11093,Calcium citrate,S100B
DB11093,Calcium citrate,CASQ2
DB11093,Calcium citrate,RGN
DB11093,Calcium citrate,PEF1
DB11093,Calcium citrate,S100A6
DB11093,Calcium citrate,TPT1
DB11093,Calcium citrate,CIB2
DB11093,Calcium citrate,S100A13
DB11093,Calcium citrate,CASQ1
DB11093,Calcium citrate,NUCB1
DB11093,Calcium citrate,NUCB2
DB11093,Calcium citrate,FBN3
DB11093,Calcium citrate,GCA
DB11093,Calcium citrate,CADPS
DB11093,Calcium citrate,CALM2
DB11093,Calcium citrate,CALM3
DB11093,Calcium citrate,S100A16
DB11093,Calcium citrate,CALB2
DB11093,Calcium citrate,CAPS
DB11093,Calcium citrate,CADPS2
DB11093,Calcium citrate,CALR3
DB11093,Calcium citrate,NRXN1
DB11093,Calcium citrate,NCS1
DB11093,Calcium citrate,CALM1
DB11094,Vitamin D,VDR
DB11094,Vitamin D,GC
DB11113,Castor oil,PTGER3
DB11113,Castor oil,PTGER4
DB11117,Undecylenic acid,CAPN1
DB11120,Turpentine,MAPK1
DB11124,Racepinephrine,ADRA1A
DB11124,Racepinephrine,ADRA1B
DB11124,Racepinephrine,ADRA2A
DB11124,Racepinephrine,ADRA2B
DB11124,Racepinephrine,ADRA2C
DB11124,Racepinephrine,ADRA1D
DB11124,Racepinephrine,ADRB1
DB11124,Racepinephrine,ADRB2
DB11124,Racepinephrine,ADRB3
DB11130,Opium,OPRD1
DB11130,Opium,OPRK1
DB11130,Opium,OPRM1
DB11131,Capsicum oleoresin,TRPV1
DB11132,Silicon dioxide,MARCO
DB11133,Omega-3 fatty acids,PPARG
DB11133,Omega-3 fatty acids,PPARA
DB11133,Omega-3 fatty acids,SREBF1
DB11136,Chromium,CYB5A
DB11145,Oxyquinoline,METAP2
DB11148,Butamben,CACNG1
DB11148,Butamben,KCNJ1
DB11148,Butamben,TRPA1
DB11148,Butamben,TRPV4
DB11155,Triclocarban,fabI
DB11156,Pyrantel,GPR35
DB11156,Pyrantel,CHRM1
DB11157,Anthralin,KRT2
DB11157,Anthralin,KRT12
DB11157,Anthralin,MAPK8IP1
DB11160,Phenyltoloxamine,Hrh1
DB11160,Phenyltoloxamine,DRD5
DB11160,Phenyltoloxamine,DRD2
DB11160,Phenyltoloxamine,DRD4
DB11160,Phenyltoloxamine,DRD1
DB11166,Antithrombin Alfa,F2
DB11166,Antithrombin Alfa,F10
DB11181,Homatropine,CHRM1
DB11181,Homatropine,CHRM2
DB11181,Homatropine,CHRM3
DB11181,Homatropine,CHRM4
DB11181,Homatropine,CHRM5
DB11186,Pentoxyverine,SIGMAR1
DB11186,Pentoxyverine,KCNH2
DB11186,Pentoxyverine,SCN1A
DB11186,Pentoxyverine,OPRK1
DB11186,Pentoxyverine,OPRM1
DB11193,Papain,TLR4
DB11195,Xylitol,xylA
DB11195,Xylitol,xylA
DB11195,Xylitol,xylA
DB11195,Xylitol,xylA
DB11195,Xylitol,
DB11201,Menthyl salicylate,PTGS1
DB11201,Menthyl salicylate,PTGS2
DB11217,Arbutin,TYR
DB11219,Enzacamene,PGR
DB11219,Enzacamene,AR
DB11219,Enzacamene,ESR2
DB11219,Enzacamene,ESR1
DB11221,Dioxybenzone,SHBG
DB11235,Thonzylamine,HRH1
DB11235,Thonzylamine,CHRM1
DB11235,Thonzylamine,CHRM2
DB11235,Thonzylamine,CHRM3
DB11235,Thonzylamine,CHRM4
DB11235,Thonzylamine,CHRM5
DB11254,Hexylresorcinol,TYR
DB11254,Hexylresorcinol,TOP1
DB11254,Hexylresorcinol,TGM2
DB11259,Diosmetin,STAT3
DB11259,Diosmetin,CYP1B1
DB11263,Polydatin,PKM
DB11268,Protocatechualdehyde,MAOB
DB11273,Dihydroergocornine,HTR1A
DB11273,Dihydroergocornine,ADRB1
DB11273,Dihydroergocornine,ADRA1A
DB11274,Dihydro-alpha-ergocryptine,HTR7
DB11274,Dihydro-alpha-ergocryptine,HTR2B
DB11274,Dihydro-alpha-ergocryptine,DRD2
DB11274,Dihydro-alpha-ergocryptine,DRD1
DB11274,Dihydro-alpha-ergocryptine,DRD3
DB11275,Epicriptine,DRD1
DB11278,DL-Methylephedrine,ADRB1
DB11278,DL-Methylephedrine,ADRA2A
DB11278,DL-Methylephedrine,ADRA1A
DB11278,DL-Methylephedrine,ADRB1
DB11288,Borneol,TRPV3
DB11294,Coccidioides immitis spherule,HLA-DRA
DB11294,Coccidioides immitis spherule,HLA-A
DB11294,Coccidioides immitis spherule,HLA-B
DB11300,Thrombin,F11
DB11300,Thrombin,F13A1
DB11300,Thrombin,F13B
DB11300,Thrombin,FGA
DB11300,Thrombin,FGB
DB11300,Thrombin,FGG
DB11300,Thrombin,F5
DB11300,Thrombin,F8
DB11300,Thrombin,F2R
DB11300,Thrombin,F2RL3
DB11311,Prothrombin,FGA
DB11311,Prothrombin,FGB
DB11311,Prothrombin,F13A1
DB11311,Prothrombin,CPB2
DB11312,Protein C,F5
DB11312,Protein C,F8
DB11315,Methscopolamine,CHRM3
DB11315,Methscopolamine,CHRM2
DB11323,Glycol salicylate,PTGS1
DB11323,Glycol salicylate,PTGS2
DB11324,Nonivamide,TRPV1
DB11327,Dipyrithione,NOS2
DB11327,Dipyrithione,PTGS2
DB11328,Tetradecyl hydrogen sulfate (ester),PROCR
DB11338,Clove oil,VCAM1
DB11338,Clove oil,CXCL10
DB11338,Clove oil,COL1A1
DB11338,Clove oil,CSF2RA
DB11345,(S)-camphor,TRPV1
DB11345,(S)-camphor,TRPV3
DB11345,(S)-camphor,TRPA1
DB11345,(S)-camphor,TRPM8
DB11348,Calcium Phosphate,CASR
DB11348,Calcium Phosphate,CALR
DB11348,Calcium Phosphate,CIB1
DB11348,Calcium Phosphate,PDCD6
DB11348,Calcium Phosphate,SRI
DB11348,Calcium Phosphate,CHP1
DB11348,Calcium Phosphate,SPARC
DB11348,Calcium Phosphate,CANX
DB11348,Calcium Phosphate,FBN2
DB11348,Calcium Phosphate,S100B
DB11348,Calcium Phosphate,CASQ2
DB11348,Calcium Phosphate,RGN
DB11348,Calcium Phosphate,PEF1
DB11348,Calcium Phosphate,S100A6
DB11348,Calcium Phosphate,TPT1
DB11348,Calcium Phosphate,CIB2
DB11348,Calcium Phosphate,S100A13
DB11348,Calcium Phosphate,CASQ1
DB11348,Calcium Phosphate,NUCB1
DB11348,Calcium Phosphate,NUCB2
DB11348,Calcium Phosphate,FBN3
DB11348,Calcium Phosphate,GCA
DB11348,Calcium Phosphate,CADPS
DB11348,Calcium Phosphate,CALM2
DB11348,Calcium Phosphate,CALM3
DB11348,Calcium Phosphate,S100A16
DB11348,Calcium Phosphate,CALB2
DB11348,Calcium Phosphate,CAPS
DB11348,Calcium Phosphate,CADPS2
DB11348,Calcium Phosphate,CALR3
DB11348,Calcium Phosphate,NRXN1
DB11348,Calcium Phosphate,NCS1
DB11348,Calcium Phosphate,CALM1
DB11359,Guaiacol,ALB
DB11359,Guaiacol,CA2
DB11362,Selexipag,PTGIR
DB11363,Alectinib,ALK
DB11365,Sennosides,AQP3
DB11365,Sennosides,pol
DB11366,Roquinimex,IL2
DB11367,Cefroxadine,mrcB
DB11376,Azaperone,DRD2
DB11376,Azaperone,DRD3
DB11386,Chlorobutanol,KCNH2
DB11393,Danofloxacin,gyrB
DB11393,Danofloxacin,gyrA
DB11397,Dichlorvos,TF
DB11397,Dichlorvos,BCHE
DB11399,Dirlotapide,MTTP
DB11421,Imidacloprid,CHRFAM7A
DB11425,Luprostiol,AR
DB11428,Medetomidine,ADRA2C
DB11428,Medetomidine,ADRA1A
DB11428,Medetomidine,ADRA2B
DB11428,Medetomidine,ADRA1D
DB11428,Medetomidine,ADRA1B
DB11428,Medetomidine,ADRA2A
DB11429,Mibolerone,AR
DB11431,Moxidectin,GluClX
DB11447,Phenothiazine,AR
DB11455,Robenacoxib,PTGS2
DB11466,Tepoxalin,ALOX5
DB11466,Tepoxalin,IL4
DB11477,Xylazine,ADRA2A
DB11477,Xylazine,ADRA2C
DB11477,Xylazine,ADRA2B
DB11478,Zeranol,ESR1
DB11478,Zeranol,SHBG
DB11490,Nalorphine,OPRK1
DB11496,2-mercaptobenzothiazole,TPO
DB11504,Caramiphen,CHRM1
DB11504,Caramiphen,CHRM2
DB11507,Cloprostenol,PTGDR
DB11507,Cloprostenol,TBXA2R
DB11507,Cloprostenol,PTGER3
DB11507,Cloprostenol,PTGFR
DB11507,Cloprostenol,PTGER1
DB11519,Fluprostenol,PTGFR
DB11519,Fluprostenol,PTGER3
DB11519,Fluprostenol,TBXA2R
DB11521,Imidocarb,ACHE
DB11526,Masitinib,SRC
DB11541,Ractopamine,ESR1
DB11560,Lesinurad,SLC22A12
DB11560,Lesinurad,SLC22A11
DB11564,Insulin argine,INSR
DB11564,Insulin argine,IGF1R
DB11567,Insulin peglispro,INSR
DB11567,Insulin peglispro,INS
DB11567,Insulin peglispro,IGF1R
DB11568,Insulin tregopil,INSR
DB11568,Insulin tregopil,IGF1R
DB11569,Ixekizumab,IL17A
DB11571,Human thrombin,F5
DB11571,Human thrombin,F8
DB11571,Human thrombin,F11
DB11571,Human thrombin,F13A1
DB11571,Human thrombin,F13B
DB11571,Human thrombin,FGA
DB11571,Human thrombin,FGB
DB11571,Human thrombin,FGG
DB11572,Thrombin alfa,F5
DB11572,Thrombin alfa,F8
DB11572,Thrombin alfa,FGA
DB11572,Thrombin alfa,FGB
DB11572,Thrombin alfa,FGG
DB11574,Elbasvir,NS5A
DB11575,Grazoprevir,NS3/4A
DB11575,Grazoprevir,gag-pol
DB11577,Indigotindisulfonic acid,ADRA1A
DB11580,Ravulizumab,C5
DB11581,Venetoclax,BCL2
DB11582,Thiocolchicoside,GABRA1
DB11582,Thiocolchicoside,GABRG2
DB11582,Thiocolchicoside,GLRB
DB11582,Thiocolchicoside,GLRA3
DB11582,Thiocolchicoside,GLRA2
DB11582,Thiocolchicoside,GABRB2
DB11582,Thiocolchicoside,GABRA1
DB11582,Thiocolchicoside,GLRA1
DB11582,Thiocolchicoside,TNFSF11
DB11584,Pipradrol,DRD1
DB11586,Asunaprevir,
DB11586,Asunaprevir,gag-pol
DB11587,Etafedrine,ADRB2
DB11588,Carbon monoxide,MB
DB11590,Thimerosal,MTR
DB11590,Thimerosal,SLC7A11
DB11590,Thimerosal,FXYD2
DB11591,Bilastine,HRH1
DB11595,Atezolizumab,CD274
DB11596,Levoleucovorin,glyA
DB11597,Human Rho(D) immune globulin,RHD
DB11598,Antithrombin III human,SERPINC1
DB11601,Tuberculin purified protein derivative,TLR2
DB11603,"Rabies immune globulin, human",G
DB11604,"Tetanus immune globulin, human",tetX
DB11605,Myrrh,NR1H4
DB11605,Myrrh,NR1I2
DB11605,Myrrh,PPARA
DB11606,Susoctocog alfa,VWF
DB11607,Efmoroctocog alfa,VWF
DB11608,Eftrenonacog alfa,FCGRT
DB11611,Lifitegrast,ITGAL
DB11611,Lifitegrast,ICAM1
DB11613,Velpatasvir,NS5A
DB11614,Rupatadine,PTAFR
DB11614,Rupatadine,HRH1
DB11617,Aclarubicin,TOP2B
DB11617,Aclarubicin,TOP2A
DB11619,Gestrinone,PGR
DB11619,Gestrinone,NR3C1
DB11619,Gestrinone,AR
DB11619,Gestrinone,GNRHR
DB11619,Gestrinone,ESR1
DB11619,Gestrinone,SHBG
DB11620,Neridronic Acid,FDPS
DB11623,Candoxatrilat,MME
DB11626,Tasonermin,TNFRSF1A
DB11626,Tasonermin,TNFRSF1B
DB11629,Laropiprant,PTGER2
DB11629,Laropiprant,PTGFR
DB11629,Laropiprant,PTGDR2
DB11629,Laropiprant,PTGIR
DB11629,Laropiprant,PTGDR
DB11629,Laropiprant,TBXA2R
DB11629,Laropiprant,HMGCR
DB11632,Opicapone,COMT
DB11633,Isavuconazole,ERG11
DB11633,Isavuconazole,KCNH2
DB11633,Isavuconazole,CACNA1C
DB11633,Isavuconazole,KCNJ6
DB11633,Isavuconazole,KCNJ9
DB11633,Isavuconazole,KCNJ11
DB11633,Isavuconazole,KCNA5
DB11633,Isavuconazole,KCND3
DB11633,Isavuconazole,KCNQ1
DB11633,Isavuconazole,SCN5A
DB11635,Tocofersolan,ABCB1
DB11638,Artenimol,ACTG1
DB11638,Artenimol,ALDH7A1
DB11638,Artenimol,ANXA2
DB11638,Artenimol,ATP5F1A
DB11638,Artenimol,ATP5MG
DB11638,Artenimol,ATP5PO
DB11638,Artenimol,CAST
DB11638,Artenimol,CCT3
DB11638,Artenimol,CFL1
DB11638,Artenimol,CLIC1
DB11638,Artenimol,CSRP1
DB11638,Artenimol,DPYSL2
DB11638,Artenimol,DSP
DB11638,Artenimol,EEF1A1
DB11638,Artenimol,ENO1
DB11638,Artenimol,FLNA
DB11638,Artenimol,FTO
DB11638,Artenimol,G6PD
DB11638,Artenimol,GAPDHS
DB11638,Artenimol,GPI
DB11638,Artenimol,HNRNPA2B1
DB11638,Artenimol,HNRNPD
DB11638,Artenimol,HNRNPK
DB11638,Artenimol,HP1BP3
DB11638,Artenimol,HSPB1
DB11638,Artenimol,IQGAP1
DB11638,Artenimol,KHSRP
DB11638,Artenimol,LDHA
DB11638,Artenimol,LDHB
DB11638,Artenimol,LGALS1
DB11638,Artenimol,MAP4
DB11638,Artenimol,MDH1
DB11638,Artenimol,NPEPPS
DB11638,Artenimol,PFN1
DB11638,Artenimol,PGK1
DB11638,Artenimol,PKM
DB11638,Artenimol,PPIA
DB11638,Artenimol,PRDX1
DB11638,Artenimol,RPL10
DB11638,Artenimol,RPL14
DB11638,Artenimol,RPL18
DB11638,Artenimol,RPL23A
DB11638,Artenimol,RPL35
DB11638,Artenimol,RPL4
DB11638,Artenimol,RPS13
DB11638,Artenimol,RPS17
DB11638,Artenimol,RPS18
DB11638,Artenimol,RPS19
DB11638,Artenimol,RPS28
DB11638,Artenimol,RPS5
DB11638,Artenimol,RPS6
DB11638,Artenimol,RPS8
DB11638,Artenimol,RPS9
DB11638,Artenimol,SF1
DB11638,Artenimol,SFPQ
DB11638,Artenimol,SNRPD2
DB11638,Artenimol,SRP14
DB11638,Artenimol,SRSF4
DB11638,Artenimol,TAGLN
DB11638,Artenimol,TAGLN2
DB11638,Artenimol,TPI1
DB11638,Artenimol,TPM1
DB11638,Artenimol,TUBA1A
DB11638,Artenimol,VIM
DB11638,Artenimol,ZYX
DB11638,Artenimol,HSPA8
DB11638,Artenimol,TUBB6
DB11638,Artenimol,TUBB4A
DB11638,Artenimol,TUBB
DB11638,Artenimol,ALDOA
DB11638,Artenimol,GAPDH
DB11638,Artenimol,CYCS
DB11638,Artenimol,PGAM1
DB11638,Artenimol,MYH9
DB11638,Artenimol,P4HB
DB11638,Artenimol,DDX5
DB11638,Artenimol,SHMT2
DB11638,Artenimol,DDX39B
DB11638,Artenimol,NPM1
DB11638,Artenimol,TCTP
DB11638,Artenimol,serca
DB11638,Artenimol,OAT
DB11638,Artenimol,MEF-1
DB11638,Artenimol,MDR1
DB11638,Artenimol,
DB11638,Artenimol,ACT1
DB11638,Artenimol,
DB11638,Artenimol,FBPA
DB11638,Artenimol,
DB11638,Artenimol,
DB11638,Artenimol,
DB11638,Artenimol,
DB11638,Artenimol,
DB11638,Artenimol,
DB11638,Artenimol,
DB11638,Artenimol,
DB11638,Artenimol,
DB11638,Artenimol,
DB11638,Artenimol,
DB11638,Artenimol,LACZ
DB11638,Artenimol,ENO
DB11638,Artenimol,
DB11638,Artenimol,ATP4
DB11638,Artenimol,
DB11638,Artenimol,
DB11638,Artenimol,
DB11638,Artenimol,
DB11638,Artenimol,
DB11638,Artenimol,PMT
DB11638,Artenimol,RPS3A
DB11638,Artenimol,
DB11638,Artenimol,
DB11638,Artenimol,RhopH2
DB11638,Artenimol,SERA5
DB11638,Artenimol,
DB11638,Artenimol,GBP130
DB11638,Artenimol,ATP6
DB11638,Artenimol,vapA
DB11638,Artenimol,
DB11638,Artenimol,
DB11638,Artenimol,PMIV
DB11638,Artenimol,PMI
DB11638,Artenimol,CRT
DB11638,Artenimol,14-3-3I
DB11638,Artenimol,
DB11638,Artenimol,
DB11638,Artenimol,
DB11638,Artenimol,
DB11638,Artenimol,
DB11638,Artenimol,
DB11638,Artenimol,
DB11638,Artenimol,
DB11638,Artenimol,
DB11638,Artenimol,
DB11638,Artenimol,
DB11638,Artenimol,MSP1
DB11638,Artenimol,
DB11638,Artenimol,
DB11638,Artenimol,PMII
DB11638,Artenimol,
DB11638,Artenimol,
DB11638,Artenimol,
DB11638,Artenimol,
DB11638,Artenimol,PNP
DB11638,Artenimol,
DB11638,Artenimol,ADA
DB11638,Artenimol,
DB11638,Artenimol,
DB11638,Artenimol,
DB11638,Artenimol,
DB11638,Artenimol,
DB11638,Artenimol,HK
DB11638,Artenimol,
DB11638,Artenimol,
DB11638,Artenimol,
DB11638,Artenimol,
DB11638,Artenimol,
DB11638,Artenimol,
DB11638,Artenimol,
DB11638,Artenimol,
DB11638,Artenimol,
DB11638,Artenimol,PMIII
DB11638,Artenimol,
DB11638,Artenimol,
DB11638,Artenimol,
DB11638,Artenimol,
DB11638,Artenimol,
DB11638,Artenimol,
DB11638,Artenimol,Trx-Px1
DB11638,Artenimol,
DB11638,Artenimol,DPAP1
DB11638,Artenimol,RESA
DB11638,Artenimol,
DB11638,Artenimol,CDPK4
DB11638,Artenimol,
DB11638,Artenimol,
DB11638,Artenimol,
DB11638,Artenimol,
DB11638,Artenimol,
DB11638,Artenimol,
DB11638,Artenimol,
DB11638,Artenimol,
DB11638,Artenimol,tlp1
DB11638,Artenimol,
DB11638,Artenimol,
DB11638,Artenimol,
DB11638,Artenimol,
DB11638,Artenimol,pdx1
DB11638,Artenimol,ALB
DB11639,Dibotermin alfa,BMPR2
DB11639,Dibotermin alfa,BMPR1A
DB11640,Amifampridine,KCNA1
DB11641,Vinflunine,TUBB
DB11642,Pitolisant,HRH3
DB11642,Pitolisant,KCNH2
DB11644,Tafamidis,TTR
DB11645,PF-4191834,ALOX5
DB11647,Incyclinide,MMP2
DB11648,Afuresertib,AKT1
DB11649,Lersivirine,gag-pol
DB11650,HT-0712,PDE4B
DB11650,HT-0712,PDE4A
DB11650,HT-0712,PDE4D
DB11651,Dactolisib,PIK3CG
DB11651,Dactolisib,MTOR
DB11652,Tucatinib,ERBB2
DB11652,Tucatinib,ERBB3
DB11653,Bremelanotide,MC4R
DB11653,Bremelanotide,MC1R
DB11653,Bremelanotide,MC3R
DB11653,Bremelanotide,MC5R
DB11653,Bremelanotide,MC2R
DB11655,Evacetrapib,CETP
DB11656,Rebamipide,FPR1
DB11658,QAV-680,PTGDR2
DB11660,Latanoprostene bunod,PTGFR
DB11662,Rabusertib,CHEK1
DB11663,Pictilisib,PIK3CG
DB11665,BMS-690514,FLT3
DB11665,BMS-690514,ERBB2
DB11665,BMS-690514,EGFR
DB11665,BMS-690514,KDR
DB11666,Buparlisib,PIK3CA
DB11666,Buparlisib,PIK3CB
DB11666,Buparlisib,PIK3CG
DB11666,Buparlisib,PIK3CD
DB11669,Ortataxel,TNF
DB11671,AZD-4877,KIF11
DB11672,Curcumin,APP
DB11672,Curcumin,CA4
DB11672,Curcumin,PTGS2
DB11672,Curcumin,MMP9
DB11672,Curcumin,PTGS1
DB11672,Curcumin,XDH
DB11672,Curcumin,DNMT3B
DB11672,Curcumin,MMP13
DB11672,Curcumin,CA1
DB11672,Curcumin,CA14
DB11672,Curcumin,NOS2
DB11672,Curcumin,CYP3A4
DB11672,Curcumin,CA9
DB11672,Curcumin,CA6
DB11672,Curcumin,CA12
DB11672,Curcumin,CA2
DB11672,Curcumin,PPARG
DB11672,Curcumin,VDR
DB11672,Curcumin,ABCC5
DB11672,Curcumin,CBR1
DB11672,Curcumin,GSTP1
DB11673,Pyridoxamine,AGER
DB11674,Equol,ESR2
DB11674,Equol,SHBG
DB11675,Mosapride,HTR4
DB11676,Galidesivir,L
DB11679,Fruquintinib,FLT1
DB11679,Fruquintinib,KDR
DB11679,Fruquintinib,FLT4
DB11681,Tofimilast,PDE4A
DB11681,Tofimilast,PDE4D
DB11681,Tofimilast,PDE4B
DB11682,Daprodustat,EGLN1
DB11682,Daprodustat,EGLN2
DB11682,Daprodustat,EGLN3
DB11684,Eprenetapopt,TP53
DB11689,Selumetinib,MAP2K1
DB11689,Selumetinib,MAP2K2
DB11691,Naldemedine,OPRD1
DB11691,Naldemedine,OPRK1
DB11691,Naldemedine,OPRM1
DB11692,Pavinetant,TACR3
DB11693,Voclosporin,CAMLG
DB11693,Voclosporin,PPP3R1
DB11693,Voclosporin,PPP3R2
DB11693,Voclosporin,PPP3CA
DB11694,Ilorasertib,AURKB
DB11694,Ilorasertib,AURKA
DB11694,Ilorasertib,AURKC
DB11697,Pacritinib,JAK2
DB11697,Pacritinib,FLT3
DB11697,Pacritinib,JAK3
DB11698,Ipragliflozin,SLC5A2
DB11699,Tropisetron,HTR3A
DB11699,Tropisetron,ERBB2
DB11700,Setmelanotide,MC4R
DB11703,Acalabrutinib,BTK
DB11704,Adomeglivant,GCGR
DB11706,Vixotrigine,SCN9A
DB11708,Peficitinib,JAK1
DB11708,Peficitinib,JAK3
DB11711,Navarixin,CXCR1
DB11711,Navarixin,MADCAM1
DB11711,Navarixin,CXCR2
DB11712,Tezacaftor,CFTR
DB11714,Durvalumab,CD274
DB11717,Epacadostat,IDO1
DB11718,Encorafenib,BRAF
DB11718,Encorafenib,CCND1
DB11718,Encorafenib,RAF1
DB11718,Encorafenib,MAPK8
DB11718,Encorafenib,MAPK9
DB11718,Encorafenib,MAPK10
DB11718,Encorafenib,LIMK1
DB11718,Encorafenib,LIMK2
DB11718,Encorafenib,MAP2K4
DB11718,Encorafenib,STK36
DB11720,Angiotensin 1-7,MAS1
DB11721,Mitoglitazone,INSR
DB11723,Dutogliptin,DPP4
DB11724,Bombesin,BRS3
DB11724,Bombesin,NMBR
DB11724,Bombesin,GRPR
DB11725,Latrepirdine,HRH1
DB11725,Latrepirdine,HTR6
DB11726,Encenicline,CHRNA7
DB11729,Linerixibat,SLC10A2
DB11730,Ribociclib,CDK4
DB11730,Ribociclib,CDK6
DB11731,Depatuxizumab mafodotin,TUBB
DB11731,Depatuxizumab mafodotin,EGFR
DB11731,Depatuxizumab mafodotin,CD19
DB11732,Lasmiditan,HTR1F
DB11734,Fedovapagon,AVPR2
DB11736,PF-00489791,PDE5A
DB11737,Icotinib,EGFR
DB11738,Rilmenidine,ADRA2C
DB11738,Rilmenidine,ADRA2A
DB11739,Vonoprazan,ATP4A
DB11739,Vonoprazan,ATP4B
DB11739,Vonoprazan,ATP4A
DB11740,Adavosertib,WEE1
DB11741,Famitinib,KDR
DB11741,Famitinib,FLT4
DB11741,Famitinib,FLT1
DB11741,Famitinib,PDGFRB
DB11741,Famitinib,KIT
DB11741,Famitinib,FLT3
DB11741,Famitinib,PDGFRA
DB11742,Ebastine,HRH1
DB11743,Ipatasertib,AKT1
DB11745,Otenabant,CNR1
DB11750,Clobetasol,PLA2G1B
DB11751,Cabotegravir,pol
DB11751,Cabotegravir,gag-pol
DB11752,Bryostatin 1,PRKCE
DB11752,Bryostatin 1,PRKCA
DB11752,Bryostatin 1,CASP8
DB11752,Bryostatin 1,PRKD1
DB11752,Bryostatin 1,CD86
DB11752,Bryostatin 1,PTGS2
DB11752,Bryostatin 1,CCND1
DB11752,Bryostatin 1,TNF
DB11752,Bryostatin 1,Unc13b
DB11753,Rifamycin,rpoB
DB11753,Rifamycin,rpoA
DB11753,Rifamycin,rpoC
DB11753,Rifamycin,rpoC
DB11753,Rifamycin,rpoB
DB11755,Tetrahydrocannabivarin,CNR1
DB11755,Tetrahydrocannabivarin,GPR55
DB11755,Tetrahydrocannabivarin,HTR1A
DB11755,Tetrahydrocannabivarin,TRPV2
DB11755,Tetrahydrocannabivarin,TRPM8
DB11755,Tetrahydrocannabivarin,TRPA1
DB11755,Tetrahydrocannabivarin,TRPV3
DB11755,Tetrahydrocannabivarin,CNR2
DB11757,Istradefylline,ADORA2A
DB11757,Istradefylline,ADORA1
DB11758,Cenicriviroc,CCR5
DB11758,Cenicriviroc,CCR2
DB11759,Pevonedistat,NEDD8
DB11759,Pevonedistat,UBA3
DB11759,Pevonedistat,NAE1
DB11760,Talazoparib,PARP1
DB11760,Talazoparib,PARP2
DB11761,Tenapanor,SLC9A3
DB11763,Momelotinib,JAK1
DB11763,Momelotinib,JAK2
DB11763,Momelotinib,JAK3
DB11763,Momelotinib,TYK2
DB11763,Momelotinib,ACVR1
DB11763,Momelotinib,FLT3
DB11764,Spebrutinib,BTK
DB11765,PF-04991532,GCK
DB11767,Sarilumab,IL6R
DB11767,Sarilumab,IL6ST
DB11767,Sarilumab,FCGR1A
DB11767,Sarilumab,FCGR2A
DB11767,Sarilumab,FCGR2B
DB11767,Sarilumab,FCGR3A
DB11767,Sarilumab,FCGR3B
DB11769,Funapide,SCN9A
DB11771,Tremelimumab,CTLA4
DB11772,Pilaralisib,PIK3CA
DB11772,Pilaralisib,PIK3CG
DB11773,BMS-903452,GPR119
DB11774,Pazufloxacin,parC
DB11774,Pazufloxacin,gyrB
DB11774,Pazufloxacin,gyrA
DB11775,PF-03758309,PAK4
DB11776,Brodalumab,IL17RA
DB11776,Brodalumab,IL17RB
DB11776,Brodalumab,IL17RC
DB11776,Brodalumab,IL17RD
DB11776,Brodalumab,IL17RE
DB11776,Brodalumab,IL17A
DB11778,Danusertib,AURKA
DB11778,Danusertib,AURKB
DB11778,Danusertib,AURKC
DB11779,Danoprevir,gag-pol
DB11779,Danoprevir,
DB11781,Tosedostat,NPEPPS
DB11781,Tosedostat,LTA4H
DB11782,Birinapant,BIRC2
DB11782,Birinapant,XIAP
DB11783,Imidapril,ACE
DB11785,Anisodamine,ADRB1
DB11788,Neuropeptide Y,NPY1R
DB11788,Neuropeptide Y,NPY2R
DB11790,Radafaxine,SLC6A2
DB11790,Radafaxine,SLC6A3
DB11791,Capmatinib,MET
DB11793,Niraparib,PARP1
DB11793,Niraparib,PARP2
DB11794,Berzosertib,ATR
DB11795,GSK-2636771,PIK3CB
DB11796,Fostemsavir,env
DB11798,Tanzisertib,MAPK10
DB11798,Tanzisertib,MAPK9
DB11798,Tanzisertib,MAPK8
DB11799,Bictegravir,pol
DB11799,Bictegravir,pol
DB11800,Tivozanib,FLT1
DB11800,Tivozanib,KDR
DB11800,Tivozanib,FLT4
DB11800,Tivozanib,KIT
DB11800,Tivozanib,PDGFRB
DB11800,Tivozanib,FLT3
DB11800,Tivozanib,PDGFRA
DB11800,Tivozanib,PTK6
DB11800,Tivozanib,MET
DB11804,AZD-5672,CCR5
DB11805,Saracatinib,ABL1
DB11805,Saracatinib,SRC
DB11806,VTP-194204,RXRG
DB11807,Dexmecamylamine,CHRNB2
DB11808,Faldaprevir,gag-pol
DB11810,Etarfolatide,FOLR1
DB11811,Arhalofenate,PPARG
DB11813,Mipsagargin,FOLH1
DB11814,PF-03882845,NR3C2
DB11815,Tilarginine,NOS3
DB11816,Omecamtiv Mecarbil,MYBPC3
DB11817,Baricitinib,JAK1
DB11817,Baricitinib,JAK2
DB11817,Baricitinib,JAK3
DB11817,Baricitinib,TYK2
DB11818,Retosiban,OXTR
DB11819,ASP-4058,S1PR5
DB11819,ASP-4058,S1PR1
DB11820,Nifurtimox,
DB11822,TMC-647055,
DB11823,Esketamine,GRIN1
DB11823,Esketamine,GRIN2B
DB11823,Esketamine,BDNF
DB11823,Esketamine,EEF2
DB11823,Esketamine,NTRK2
DB11825,Mirogabalin,CACNA2D1
DB11827,Ertugliflozin,SLC5A2
DB11828,Neratinib,EGFR
DB11828,Neratinib,ERBB2
DB11828,Neratinib,KDR
DB11829,Ruboxistaurin,PRKCB
DB11829,Ruboxistaurin,PDF
DB11830,Mocetinostat,HDAC1
DB11830,Mocetinostat,HDAC3
DB11830,Mocetinostat,HDAC2
DB11831,Dinitrochlorobenzene,MGMT
DB11831,Dinitrochlorobenzene,GSTP1
DB11832,Crenolanib,SRC
DB11832,Crenolanib,PDGFRA
DB11833,Basimglurant,GRM5
DB11834,Guselkumab,IL23A
DB11836,Sapanisertib,MTOR
DB11837,Osilodrostat,CYP11B1
DB11837,Osilodrostat,CYP11B2
DB11838,Revamilast,PDE4A
DB11838,Revamilast,PDE4B
DB11838,Revamilast,PDE4D
DB11839,PZ-128,F2R
DB11840,Dalotuzumab,IGF1R
DB11841,Entinostat,HDAC1
DB11841,Entinostat,HDAC1
DB11842,Angiotensin II,AGTR2
DB11842,Angiotensin II,AGTR1
DB11845,Lucitanib,FLT1
DB11845,Lucitanib,PDGFRB
DB11845,Lucitanib,FLT4
DB11845,Lucitanib,FGFR3
DB11845,Lucitanib,PDGFRA
DB11845,Lucitanib,KDR
DB11845,Lucitanib,FGFR2
DB11845,Lucitanib,FGFR1
DB11848,Mannose 6-phosphate,IGF2R
DB11850,Ublituximab,MS4A1
DB11851,Bafetinib,LYN
DB11852,Tegobuvir,
DB11853,Relugolix,GNRHR
DB11854,Astodrimer,env
DB11855,Revefenacin,CHRM1
DB11856,Ligelizumab,IGHE
DB11858,Leukotriene D4,CYSLTR1
DB11858,Leukotriene D4,CYSLTR2
DB11859,Brexanolone,GABRA1
DB11859,Brexanolone,GABRG2
DB11859,Brexanolone,GABRA1
DB11859,Brexanolone,GABRD
DB11859,Brexanolone,GABRG3
DB11859,Brexanolone,GABRB2
DB11861,Litronesib,KIF11
DB11863,Alvelestat,ELANE
DB11864,Preladenant,ADORA2A
DB11865,Brivanib alaninate,FGFR3
DB11866,Romosozumab,SOST
DB11867,JNJ-39393406,CHRNA7
DB11869,Valspodar,F10
DB11870,RG-4733,PSEN1
DB11870,RG-4733,NCSTN
DB11870,RG-4733,PSENEN
DB11870,RG-4733,APH1B
DB11870,RG-4733,APH1A
DB11871,PF-00610355,ADRB2
DB11873,Verinurad,SLC22A12
DB11877,Basmisanil,GABRA5
DB11878,Filibuvir,
DB11883,SB-705498,TRPV1
DB11884,Vadastuximab talirine,CD33
DB11885,Anlotinib,SRC
DB11886,Infigratinib,FGFR1
DB11886,Infigratinib,FGFR2
DB11886,Infigratinib,FGFR3
DB11886,Infigratinib,FGFR4
DB11891,Fimepinostat,PIK3CG
DB11892,Prulifloxacin,gyrB
DB11892,Prulifloxacin,gyrA
DB11892,Prulifloxacin,parC
DB11893,Avagacestat,PSEN1
DB11893,Avagacestat,NCSTN
DB11893,Avagacestat,PSENEN
DB11893,Avagacestat,APH1B
DB11893,Avagacestat,APH1A
DB11894,Efatutazone,PPARG
DB11896,Gedatolisib,PIK3CG
DB11896,Gedatolisib,MTOR
DB11898,"2,4-thiazolidinedione",PPARG
DB11899,MK-8776,CHEK1
DB11900,Timapiprant,PTGDR2
DB11901,Apalutamide,AR
DB11901,Apalutamide,GABRA1
DB11902,Gisadenafil,PDE5A
DB11903,GW842166,CNR2
DB11904,Flumatinib,ABL1
DB11906,Acyline,GNRHR
DB11907,Rociletinib,EGFR
DB11909,Varespladib,PLA2G1B
DB11910,MK-0249,HRH3
DB11911,Galunisertib,TGFB1
DB11911,Galunisertib,TGFBR1
DB11912,Lanopepden,def
DB11913,LY-2090314,GSK3B
DB11913,LY-2090314,GSK3A
DB11914,Lebrikizumab,IL13
DB11915,Valbenazine,SLC18A2
DB11918,Guadecitabine,DNMT1
DB11919,6-O-benzylguanine,MGMT
DB11920,Lesogaberan,GABBR1
DB11920,Lesogaberan,GABBR2
DB11921,Deflazacort,NR3C1
DB11922,Danirixin,CXCR2
DB11923,Decoglurant,GRM2
DB11923,Decoglurant,GRM3
DB11925,Vistusertib,MAPKAP1
DB11925,Vistusertib,MTOR
DB11928,Vosoritide,NPR2
DB11929,Vaniprevir,gag-pol
DB11934,Epelsiban,OXTR
DB11936,Bempedoic acid,ACLY
DB11937,Kynurenic Acid,GRIN2A
DB11937,Kynurenic Acid,GRIN2B
DB11937,Kynurenic Acid,GRIN1
DB11937,Kynurenic Acid,AHR
DB11937,Kynurenic Acid,GPR35
DB11938,Difelikefalin,OPRK1
DB11940,Triapine,RRM2
DB11942,Selinexor,XPO1
DB11943,Delafloxacin,parC
DB11943,Delafloxacin,gyrA
DB11945,Avelumab,CD274
DB11946,AZD-1981,PTGDR2
DB11947,Pridopidine,DRD2
DB11948,Lapachone,TOP1
DB11948,Lapachone,RBP3
DB11949,Vestipitant,TACR1
DB11950,Teneligliptin,DPP4
DB11951,Lemborexant,HCRTR1
DB11951,Lemborexant,HCRTR2
DB11952,Duvelisib,PIK3CG
DB11952,Duvelisib,PIK3CD
DB11953,PF-04447943,PDE9A
DB11954,Lomibuvir,
DB11958,Brivanib,KDR
DB11960,Carboxyamidotriazole,CHRM5
DB11960,Carboxyamidotriazole,IL2
DB11961,AZD-1236,MMP12
DB11962,GSK-1059615,MTOR
DB11962,GSK-1059615,PIK3C3
DB11962,GSK-1059615,PIK3CG
DB11963,Dacomitinib,EGFR
DB11963,Dacomitinib,ERBB2
DB11963,Dacomitinib,ERBB4
DB11966,BMS-986094,
DB11967,Binimetinib,MAP2K2
DB11967,Binimetinib,MAP2K1
DB11969,Uprosertib,AKT3
DB11970,Burixafor,CXCR4
DB11971,Vilaprisan,PGR
DB11973,Tesevatinib,EPHB4
DB11973,Tesevatinib,EGF
DB11973,Tesevatinib,ERBB2
DB11974,PF-04691502,PIK3CG
DB11974,PF-04691502,MTOR
DB11975,TAK-448,KISS1
DB11976,Anifrolumab,IFNAR1
DB11976,Anifrolumab,IFNGR2
DB11976,Anifrolumab,IFNAR2
DB11977,Golvatinib,MET
DB11977,Golvatinib,KDR
DB11978,Glasdegib,SMO
DB11978,Glasdegib,MTOR
DB11979,Elagolix,GNRHR
DB11984,Letaxaban,F10
DB11986,Entrectinib,NTRK1
DB11986,Entrectinib,NTRK3
DB11986,Entrectinib,ROS1
DB11986,Entrectinib,NTRK2
DB11986,Entrectinib,ALK
DB11986,Entrectinib,JAK2
DB11986,Entrectinib,TNK2
DB11987,GSK-2018682,S1PR1
DB11988,Ocrelizumab,MS4A1
DB11990,MK-0812,CCR2
DB11992,Omarigliptin,DPP4
DB11993,PF-03463275,SLC6A9
DB11994,Diacerein,IL1B
DB11994,Diacerein,NR1H3
DB11994,Diacerein,NR1H2
DB11994,Diacerein,ALOX5
DB11994,Diacerein,CYP1A2
DB11994,Diacerein,CYP3A4
DB11994,Diacerein,CYP2E1
DB11994,Diacerein,CYP2C9
DB11994,Diacerein,CYP2D6
DB11995,Avatrombopag,MPL
DB11998,Sorivudine,gag-pol
DB11999,Vosaroxin,TOP2B
DB11999,Vosaroxin,TOP2A
DB12000,Apabetalone,BRD4
DB12001,Abemaciclib,CDK4
DB12001,Abemaciclib,CDK6
DB12002,AZD-4818,CCR1
DB12004,Briciclib,CCND1
DB12005,Nirogacestat,PSEN1
DB12005,Nirogacestat,PSEN2
DB12005,Nirogacestat,NCSTN
DB12005,Nirogacestat,PSENEN
DB12005,Nirogacestat,APH1B
DB12005,Nirogacestat,APH1A
DB12007,Isoflavone,PPARA
DB12007,Isoflavone,PPARG
DB12008,Prexasertib,CHEK1
DB12009,GW-406381,PTGS2
DB12010,Fostamatinib,SYK
DB12010,Fostamatinib,ADORA3
DB12010,Fostamatinib,SLC18A2
DB12010,Fostamatinib,FAAH
DB12010,Fostamatinib,SLC29A1
DB12010,Fostamatinib,UGT1A1
DB12010,Fostamatinib,PDE5A
DB12010,Fostamatinib,ALOX5
DB12010,Fostamatinib,CTSS
DB12010,Fostamatinib,CTSL
DB12010,Fostamatinib,ABL1
DB12010,Fostamatinib,CDPK1
DB12010,Fostamatinib,pknB
DB12010,Fostamatinib,RPS6KA6
DB12010,Fostamatinib,TYK2
DB12010,Fostamatinib,COQ8A
DB12010,Fostamatinib,JAK1
DB12010,Fostamatinib,MET
DB12010,Fostamatinib,NIM1K
DB12010,Fostamatinib,STK26
DB12010,Fostamatinib,PRKACA
DB12010,Fostamatinib,STK24
DB12010,Fostamatinib,STK3
DB12010,Fostamatinib,TEC
DB12010,Fostamatinib,STK33
DB12010,Fostamatinib,STK35
DB12010,Fostamatinib,STK36
DB12010,Fostamatinib,STK38
DB12010,Fostamatinib,STK38L
DB12010,Fostamatinib,STK39
DB12010,Fostamatinib,TAOK1
DB12010,Fostamatinib,TAOK2
DB12010,Fostamatinib,TAOK3
DB12010,Fostamatinib,TBK1
DB12010,Fostamatinib,TEK
DB12010,Fostamatinib,TESK1
DB12010,Fostamatinib,TGFBR1
DB12010,Fostamatinib,TGFBR2
DB12010,Fostamatinib,TIE1
DB12010,Fostamatinib,TLK1
DB12010,Fostamatinib,TLK2
DB12010,Fostamatinib,TNIK
DB12010,Fostamatinib,TNK1
DB12010,Fostamatinib,TNK2
DB12010,Fostamatinib,TNNI3K
DB12010,Fostamatinib,TSSK1B
DB12010,Fostamatinib,TTK
DB12010,Fostamatinib,TXK
DB12010,Fostamatinib,TYRO3
DB12010,Fostamatinib,ULK1
DB12010,Fostamatinib,ULK2
DB12010,Fostamatinib,ULK3
DB12010,Fostamatinib,WEE1
DB12010,Fostamatinib,YES1
DB12010,Fostamatinib,MAP3K19
DB12010,Fostamatinib,MAP3K20
DB12010,Fostamatinib,ZAP70
DB12010,Fostamatinib,AAK1
DB12010,Fostamatinib,ABL2
DB12010,Fostamatinib,ACVR1
DB12010,Fostamatinib,ACVR1B
DB12010,Fostamatinib,COQ8B
DB12010,Fostamatinib,ALK
DB12010,Fostamatinib,ANKK1
DB12010,Fostamatinib,AURKA
DB12010,Fostamatinib,AURKB
DB12010,Fostamatinib,AURKC
DB12010,Fostamatinib,AXL
DB12010,Fostamatinib,BLK
DB12010,Fostamatinib,BMP2K
DB12010,Fostamatinib,BMPR1B
DB12010,Fostamatinib,BMPR2
DB12010,Fostamatinib,BMX
DB12010,Fostamatinib,BRAF
DB12010,Fostamatinib,BTK
DB12010,Fostamatinib,CAMK1
DB12010,Fostamatinib,CAMK1D
DB12010,Fostamatinib,CAMK1G
DB12010,Fostamatinib,CAMK2A
DB12010,Fostamatinib,CAMK2B
DB12010,Fostamatinib,CAMK2D
DB12010,Fostamatinib,CAMK2G
DB12010,Fostamatinib,CAMKK1
DB12010,Fostamatinib,CAMKK2
DB12010,Fostamatinib,CASK
DB12010,Fostamatinib,CSN3
DB12010,Fostamatinib,CDK1
DB12010,Fostamatinib,CDC42BPG
DB12010,Fostamatinib,CDK4
DB12010,Fostamatinib,CDKL1
DB12010,Fostamatinib,CDKL2
DB12010,Fostamatinib,CHEK1
DB12010,Fostamatinib,CHEK2
DB12010,Fostamatinib,CIT
DB12010,Fostamatinib,CLK1
DB12010,Fostamatinib,CLK2
DB12010,Fostamatinib,CLK3
DB12010,Fostamatinib,CLK4
DB12010,Fostamatinib,CSF1R
DB12010,Fostamatinib,CSK
DB12010,Fostamatinib,CSNK1A1
DB12010,Fostamatinib,CSNK2A1
DB12010,Fostamatinib,CSNK2A2
DB12010,Fostamatinib,DAPK1
DB12010,Fostamatinib,DAPK2
DB12010,Fostamatinib,DAPK3
DB12010,Fostamatinib,DCLK1
DB12010,Fostamatinib,DCLK2
DB12010,Fostamatinib,DCLK3
DB12010,Fostamatinib,DDR1
DB12010,Fostamatinib,DDR2
DB12010,Fostamatinib,DYRK1A
DB12010,Fostamatinib,DYRK1B
DB12010,Fostamatinib,EGFR
DB12010,Fostamatinib,EIF2AK1
DB12010,Fostamatinib,EIF2AK2
DB12010,Fostamatinib,EIF2AK4
DB12010,Fostamatinib,EPHA1
DB12010,Fostamatinib,EPHA2
DB12010,Fostamatinib,EPHA3
DB12010,Fostamatinib,EPHA4
DB12010,Fostamatinib,EPHA5
DB12010,Fostamatinib,EPHA6
DB12010,Fostamatinib,EPHA7
DB12010,Fostamatinib,EPHA8
DB12010,Fostamatinib,EPHB1
DB12010,Fostamatinib,EPHB2
DB12010,Fostamatinib,EPHB4
DB12010,Fostamatinib,EPHB6
DB12010,Fostamatinib,ERBB2
DB12010,Fostamatinib,ERBB4
DB12010,Fostamatinib,ERN1
DB12010,Fostamatinib,FER
DB12010,Fostamatinib,FES
DB12010,Fostamatinib,FGFR1
DB12010,Fostamatinib,FGFR2
DB12010,Fostamatinib,FGFR3
DB12010,Fostamatinib,FGR
DB12010,Fostamatinib,FLT1
DB12010,Fostamatinib,FLT3
DB12010,Fostamatinib,FLT4
DB12010,Fostamatinib,MTOR
DB12010,Fostamatinib,FRK
DB12010,Fostamatinib,FYN
DB12010,Fostamatinib,GAK
DB12010,Fostamatinib,GSK3A
DB12010,Fostamatinib,GSK3B
DB12010,Fostamatinib,HCK
DB12010,Fostamatinib,HIPK2
DB12010,Fostamatinib,HIPK3
DB12010,Fostamatinib,CILK1
DB12010,Fostamatinib,IKBKB
DB12010,Fostamatinib,IKBKE
DB12010,Fostamatinib,INSR
DB12010,Fostamatinib,INSRR
DB12010,Fostamatinib,IRAK1
DB12010,Fostamatinib,IRAK3
DB12010,Fostamatinib,IRAK4
DB12010,Fostamatinib,ITK
DB12010,Fostamatinib,JAK2
DB12010,Fostamatinib,JAK3
DB12010,Fostamatinib,KDR
DB12010,Fostamatinib,SIK3
DB12010,Fostamatinib,KIT
DB12010,Fostamatinib,LATS1
DB12010,Fostamatinib,LCK
DB12010,Fostamatinib,LIMK1
DB12010,Fostamatinib,LIMK2
DB12010,Fostamatinib,LRRK2
DB12010,Fostamatinib,LTK
DB12010,Fostamatinib,LYN
DB12010,Fostamatinib,MAP2K2
DB12010,Fostamatinib,MAP2K3
DB12010,Fostamatinib,MAP2K5
DB12010,Fostamatinib,MAP2K6
DB12010,Fostamatinib,MAP3K1
DB12010,Fostamatinib,MAP3K10
DB12010,Fostamatinib,MAP3K11
DB12010,Fostamatinib,MAP3K12
DB12010,Fostamatinib,MAP3K13
DB12010,Fostamatinib,MAP3K15
DB12010,Fostamatinib,MAP3K2
DB12010,Fostamatinib,MAP3K3
DB12010,Fostamatinib,MAP3K4
DB12010,Fostamatinib,MAP3K6
DB12010,Fostamatinib,MAP3K9
DB12010,Fostamatinib,MAP4K1
DB12010,Fostamatinib,MAP4K2
DB12010,Fostamatinib,MAP4K3
DB12010,Fostamatinib,MAP4K4
DB12010,Fostamatinib,MAP4K5
DB12010,Fostamatinib,MAPK10
DB12010,Fostamatinib,MAPK13
DB12010,Fostamatinib,MAPK14
DB12010,Fostamatinib,MAPK15
DB12010,Fostamatinib,MAPK4
DB12010,Fostamatinib,MAPK7
DB12010,Fostamatinib,MAPK9
DB12010,Fostamatinib,MAPKAPK5
DB12010,Fostamatinib,MARK1
DB12010,Fostamatinib,MARK2
DB12010,Fostamatinib,MARK3
DB12010,Fostamatinib,MARK4
DB12010,Fostamatinib,CLASP1
DB12010,Fostamatinib,MAST1
DB12010,Fostamatinib,MATK
DB12010,Fostamatinib,MELK
DB12010,Fostamatinib,MERTK
DB12010,Fostamatinib,MINK1
DB12010,Fostamatinib,MKNK1
DB12010,Fostamatinib,MKNK2
DB12010,Fostamatinib,MST1R
DB12010,Fostamatinib,MUSK
DB12010,Fostamatinib,MYLK
DB12010,Fostamatinib,MYLK2
DB12010,Fostamatinib,MYLK3
DB12010,Fostamatinib,MYLK4
DB12010,Fostamatinib,MYO3A
DB12010,Fostamatinib,NEK1
DB12010,Fostamatinib,NEK11
DB12010,Fostamatinib,NEK2
DB12010,Fostamatinib,NEK3
DB12010,Fostamatinib,NEK4
DB12010,Fostamatinib,NEK5
DB12010,Fostamatinib,NEK9
DB12010,Fostamatinib,NTRK1
DB12010,Fostamatinib,NTRK2
DB12010,Fostamatinib,NTRK3
DB12010,Fostamatinib,NUAK1
DB12010,Fostamatinib,NUAK2
DB12010,Fostamatinib,OXSR1
DB12010,Fostamatinib,PAK1
DB12010,Fostamatinib,PAK2
DB12010,Fostamatinib,PAK3
DB12010,Fostamatinib,PAK4
DB12010,Fostamatinib,PAK6
DB12010,Fostamatinib,PAK5
DB12010,Fostamatinib,CDK16
DB12010,Fostamatinib,CDK17
DB12010,Fostamatinib,PDGFRA
DB12010,Fostamatinib,PDGFRB
DB12010,Fostamatinib,PDPK1
DB12010,Fostamatinib,CDK15
DB12010,Fostamatinib,PHKG1
DB12010,Fostamatinib,PI4KB
DB12010,Fostamatinib,PIK3C2B
DB12010,Fostamatinib,PIK3C2G
DB12010,Fostamatinib,PIK3CD
DB12010,Fostamatinib,PIK3CG
DB12010,Fostamatinib,PIM1
DB12010,Fostamatinib,PIM3
DB12010,Fostamatinib,PIP4K2B
DB12010,Fostamatinib,PIP4K2C
DB12010,Fostamatinib,PKMYT1
DB12010,Fostamatinib,PKN1
DB12010,Fostamatinib,PKN2
DB12010,Fostamatinib,PLK1
DB12010,Fostamatinib,PLK2
DB12010,Fostamatinib,PLK3
DB12010,Fostamatinib,PLK4
DB12010,Fostamatinib,PRKAA1
DB12010,Fostamatinib,PRKAA1
DB12010,Fostamatinib,PRKACB
DB12010,Fostamatinib,PRKCD
DB12010,Fostamatinib,PRKCE
DB12010,Fostamatinib,PRKCG
DB12010,Fostamatinib,PRKCI
DB12010,Fostamatinib,PRKCQ
DB12010,Fostamatinib,PRKD1
DB12010,Fostamatinib,PRKG2
DB12010,Fostamatinib,PRP4K
DB12010,Fostamatinib,PTK2
DB12010,Fostamatinib,PTK2B
DB12010,Fostamatinib,PTK6
DB12010,Fostamatinib,RAF1
DB12010,Fostamatinib,RET
DB12010,Fostamatinib,RIOK1
DB12010,Fostamatinib,RIOK2
DB12010,Fostamatinib,RIOK3
DB12010,Fostamatinib,RIPK1
DB12010,Fostamatinib,RIPK2
DB12010,Fostamatinib,RIPK4
DB12010,Fostamatinib,ROCK2
DB12010,Fostamatinib,ROS1
DB12010,Fostamatinib,RPS6KA1
DB12010,Fostamatinib,RPS6KA3
DB12010,Fostamatinib,SBK1
DB12010,Fostamatinib,SBK3
DB12010,Fostamatinib,SGK3
DB12010,Fostamatinib,SIK1
DB12010,Fostamatinib,SIK2
DB12010,Fostamatinib,SLK
DB12010,Fostamatinib,SNRK
DB12010,Fostamatinib,SRC
DB12010,Fostamatinib,SRMS
DB12010,Fostamatinib,STK10
DB12010,Fostamatinib,STK16
DB12010,Fostamatinib,STK17A
DB12010,Fostamatinib,STK17B
DB12010,Fostamatinib,STK32A
DB12011,Fevipiprant,PTGDR2
DB12013,Axelopran,OPRM1
DB12015,Alpelisib,PIK3CA
DB12015,Alpelisib,PIK3R1
DB12015,Alpelisib,ESR1
DB12016,Ponesimod,S1PR1
DB12017,Ozagrel,MAPK14
DB12018,Ulocuplumab,CXCR4
DB12020,Tecovirimat,OPG057
DB12021,Dinaciclib,CDK1
DB12021,Dinaciclib,CDK2
DB12021,Dinaciclib,CDK9
DB12022,Evatanepag,PTGER2
DB12023,Benralizumab,IL5RA
DB12023,Benralizumab,FCGR3A
DB12023,Benralizumab,IL5
DB12024,PF-04418948,PTGER2
DB12025,Triptolide,PRDX5
DB12025,Triptolide,REL
DB12025,Triptolide,RELB
DB12025,Triptolide,RELA
DB12025,Triptolide,NFKB2
DB12025,Triptolide,NFKB1
DB12026,Voxilaprevir,NS3/4A
DB12026,Voxilaprevir,
DB12027,Serdemetan,MDM2
DB12032,Atagabalin,CACNA2D1
DB12034,Gantenerumab,APP
DB12036,Naquotinib,EGFR
DB12037,Vedroprevir,
DB12038,Ulinastatin,PRSS1
DB12039,Epicatechin,PTGS1
DB12041,Mapracorat,NR3C1
DB12042,Ibodutant,TACR2
DB12045,Mericitabine,
DB12046,Atopaxar,F2R
DB12048,Savolitinib,MET
DB12050,Crenigacestat,NOTCH1
DB12050,Crenigacestat,NOTCH4
DB12051,Setrobuvir,
DB12052,Icariin,PDE5A
DB12054,BQ-123,EDNRA
DB12056,Trebananib,MC4R
DB12056,Trebananib,TNFSF4
DB12056,Trebananib,ANGPT2
DB12056,Trebananib,ANGPT1
DB12056,Trebananib,CHRNA7
DB12056,Trebananib,APH1A
DB12056,Trebananib,APH1B
DB12056,Trebananib,PSENEN
DB12056,Trebananib,NCSTN
DB12056,Trebananib,PSEN1
DB12057,ORM-12741,ADRA2C
DB12058,Recoflavone,REL
DB12058,Recoflavone,RELB
DB12058,Recoflavone,RELA
DB12058,Recoflavone,NFKB2
DB12058,Recoflavone,NFKB1
DB12059,JNJ-40411813,GRM2
DB12061,Pardoprunox,DRD2
DB12061,Pardoprunox,DRD3
DB12061,Pardoprunox,DRD4
DB12061,Pardoprunox,HTR1A
DB12062,Volasertib,PLK1
DB12063,Rislenemdaz,GRIN2B
DB12064,BMS-777607,MET
DB12066,Orteronel,CYP17A1
DB12069,Sovaprevir,gag-pol
DB12070,Letermovir,TRM1
DB12071,Vabicaserin,HTR2C
DB12071,Vabicaserin,HTR2B
DB12072,Orantinib,AURKB
DB12072,Orantinib,FGFR1
DB12072,Orantinib,AURKA
DB12072,Orantinib,KDR
DB12072,Orantinib,PPARG
DB12074,Censavudine,gag-pol
DB12077,Urelumab,TNFRSF9
DB12080,Ritobegron,ADRB3
DB12082,Vesnarinone,KCNH2
DB12082,Vesnarinone,PDE3A
DB12084,ADP-597,GPR119
DB12085,LCL-161,BIRC5
DB12085,LCL-161,BIRC7
DB12085,LCL-161,NAIP
DB12085,LCL-161,BIRC3
DB12085,LCL-161,BIRC2
DB12085,LCL-161,XIAP
DB12086,Oxitropium,CHRM5
DB12088,TT-232,PKM
DB12092,Naftopidil,ADRA1A
DB12093,Tetrahydropalmatine,DRD1
DB12093,Tetrahydropalmatine,DRD2
DB12094,Semapimod,RAF1
DB12095,Telotristat ethyl,TPH2
DB12095,Telotristat ethyl,TPH1
DB12096,PF-05175157,ACACB
DB12098,L-Baclofen,GABBR1
DB12099,"UK-396,082",CPB2
DB12100,Abediterol,ADRB2
DB12101,Iberdomide,CRBN
DB12105,Imagabalin,CACNA2D1
DB12107,Vaborbactam,ampC
DB12107,Vaborbactam,KPC-2
DB12107,Vaborbactam,KPC-2
DB12107,Vaborbactam,
DB12107,Vaborbactam,blaSHV
DB12107,Vaborbactam,bla
DB12107,Vaborbactam,bla
DB12107,Vaborbactam,MIR-1
DB12107,Vaborbactam,fox-7
DB12107,Vaborbactam,blaZ
DB12108,Taselisib,PIK3CG
DB12108,Taselisib,PIK3CA
DB12109,Devimistat,OGDH
DB12110,m-Chlorophenylpiperazine,HTR2C
DB12110,m-Chlorophenylpiperazine,HTR1D
DB12110,m-Chlorophenylpiperazine,HTR2B
DB12110,m-Chlorophenylpiperazine,HTR2A
DB12110,m-Chlorophenylpiperazine,HTR6
DB12110,m-Chlorophenylpiperazine,HTR7
DB12110,m-Chlorophenylpiperazine,HTR1E
DB12111,MK-212,HTR2C
DB12113,CE-224535,P2RX7
DB12114,Poziotinib,EGFR
DB12114,Poziotinib,ERBB2
DB12116,Epigallocatechin gallate,STAT3
DB12116,Epigallocatechin gallate,TGM2
DB12116,Epigallocatechin gallate,ELANE
DB12116,Epigallocatechin gallate,SQLE
DB12116,Epigallocatechin gallate,MMP2
DB12116,Epigallocatechin gallate,MMP14
DB12116,Epigallocatechin gallate,gag-pol
DB12116,Epigallocatechin gallate,FASN
DB12116,Epigallocatechin gallate,AHR
DB12116,Epigallocatechin gallate,DNMT1
DB12116,Epigallocatechin gallate,DHFR2
DB12118,Sotatercept,ACVR2A
DB12118,Sotatercept,ACVR1B
DB12118,Sotatercept,MSTN
DB12118,Sotatercept,GDF11
DB12119,Gevokizumab,IL1B
DB12120,Avoralstat,KNG1
DB12120,Avoralstat,KLK2
DB12121,Entospletinib,SYK
DB12122,Figopitant,TACR1
DB12124,Namitecan,TOP1
DB12125,Dianicline,CHRNB2
DB12125,Dianicline,CHRNA4
DB12126,Bradykinin,BDKRB2
DB12128,Ulimorelin,GHSR
DB12129,Tideglusib,GSK3B
DB12130,Lorlatinib,STYK1
DB12130,Lorlatinib,FES
DB12130,Lorlatinib,NTRK1
DB12130,Lorlatinib,NTRK2
DB12130,Lorlatinib,NTRK3
DB12130,Lorlatinib,PTK2
DB12130,Lorlatinib,PTK2B
DB12130,Lorlatinib,TNK2
DB12130,Lorlatinib,ROS1
DB12130,Lorlatinib,ALK
DB12130,Lorlatinib,FER
DB12134,Gepotidacin,parC
DB12134,Gepotidacin,gyrA
DB12134,Gepotidacin,ACHE
DB12134,Gepotidacin,TOP2B
DB12134,Gepotidacin,TOP2A
DB12135,Elubrixin,CXCR2
DB12137,GSK-256066,PDE4A
DB12139,Alisporivir,CAMLG
DB12140,Dilmapimod,MAPK14
DB12140,Dilmapimod,TNF
DB12140,Dilmapimod,IL1B
DB12140,Dilmapimod,IL6
DB12141,Gilteritinib,FLT3
DB12141,Gilteritinib,AXL
DB12141,Gilteritinib,ALK
DB12143,Rezatomidine,ADRA2C
DB12145,AZD-0328,CHRNA7
DB12146,Rigosertib,PIK3CG
DB12146,Rigosertib,PLK1
DB12147,Erdafitinib,FGFR1
DB12147,Erdafitinib,FGFR2
DB12147,Erdafitinib,FGFR3
DB12147,Erdafitinib,FGFR4
DB12147,Erdafitinib,RET
DB12147,Erdafitinib,CSF1R
DB12147,Erdafitinib,PDGFRA
DB12147,Erdafitinib,PDGFRB
DB12147,Erdafitinib,KIT
DB12147,Erdafitinib,KDR
DB12148,Menatetrenone,
DB12150,Pelubiprofen,PTGS2
DB12150,Pelubiprofen,PTGS1
DB12151,Brincidofovir,OPG071
DB12151,Brincidofovir,POLD1
DB12151,Brincidofovir,POLD4
DB12151,Brincidofovir,POLE2
DB12151,Brincidofovir,POLG
DB12151,Brincidofovir,POLG2
DB12151,Brincidofovir,POLB
DB12151,Brincidofovir,POLN
DB12151,Brincidofovir,POLQ
DB12153,Citicoline,licC
DB12154,Itacitinib,JAK1
DB12154,Itacitinib,JAK2
DB12155,Napabucasin,STAT3
DB12157,Fasinumab,NGF
DB12159,Dupilumab,IL4R
DB12159,Dupilumab,IL13
DB12159,Dupilumab,IL4
DB12161,Deutetrabenazine,SLC18A2
DB12163,Sarpogrelate,HTR2C
DB12163,Sarpogrelate,HTR2A
DB12165,Presatovir,F
DB12167,LY-3023414,PIK3CA
DB12167,LY-3023414,MTOR
DB12169,Tralokinumab,IL13
DB12174,CUDC-101,ERBB2
DB12174,CUDC-101,EGFR
DB12177,Eplivanserin,HTR2A
DB12177,Eplivanserin,HTR2C
DB12178,Telinavir,gag-pol
DB12180,Apitolisib,PIK3CG
DB12180,Apitolisib,MTOR
DB12181,Dalcetrapib,CETP
DB12183,Sapitinib,ERBB2
DB12184,Gepirone,HTR1A
DB12185,Exatecan,TOP1
DB12186,SRT-2104,SIRT1
DB12188,Zicronapine,HTR2A
DB12188,Zicronapine,DRD1
DB12188,Zicronapine,DRD2
DB12189,Etrolizumab,ITGB7
DB12190,Faropenem,folP
DB12191,Obatoclax,BCL2
DB12191,Obatoclax,MCL1
DB12191,Obatoclax,BCL2L1
DB12193,Lenabasum,TNF
DB12199,TRV-120027,AGTR1
DB12200,Tivantinib,MET
DB12202,Zalutumumab,EGFR
DB12203,Tozadenant,ADORA2A
DB12204,Terbogrel,TBXA2R
DB12206,N-6022,CBR1
DB12209,Tirasemtiv,TNNC2
DB12210,AZD-6280,GABRA3
DB12211,PSI-697,SELP
DB12212,Landiolol,ADRB1
DB12212,Landiolol,ADRB2
DB12218,Capivasertib,AKT2
DB12218,Capivasertib,AKT3
DB12218,Capivasertib,AKT1
DB12220,ORG-25935,SLC6A9
DB12222,Lurtotecan,TOP1
DB12225,Beclabuvir,
DB12226,Terameprocol,SP1
DB12228,Telcagepant,CALCRL
DB12228,Telcagepant,CALCA
DB12228,Telcagepant,CALCB
DB12229,Cerlapirdine,HTR6
DB12230,Bunazosin,ADRA1D
DB12234,BMS-214662,FNTB
DB12234,BMS-214662,FNTA
DB12235,Estetrol,ESR1
DB12235,Estetrol,ESR2
DB12236,Bexagliflozin,SLC5A2
DB12237,GW-274150,NOS2
DB12239,Balicatib,CTSK
DB12240,Polatuzumab vedotin,CD79B
DB12242,AZD-7762,CHEK1
DB12243,Edaravone,BCL2
DB12244,CP-601927,CHRNB2
DB12244,CP-601927,CHRNA4
DB12245,Triclabendazole,
DB12245,Triclabendazole,
DB12247,Fexagratinib,FGFR1
DB12248,Tulobuterol,ADRB2
DB12250,Cixutumumab,IGF1R
DB12253,Brilanestrant,ESR1
DB12255,Vadadustat,EGLN1
DB12255,Vadadustat,EGLN2
DB12255,Vadadustat,EGLN3
DB12255,Vadadustat,HIF1A
DB12255,Vadadustat,EPAS1
DB12260,Radiprodil,GRIN2B
DB12263,Begacestat,PSEN1
DB12263,Begacestat,NCSTN
DB12263,Begacestat,PSENEN
DB12263,Begacestat,APH1B
DB12263,Begacestat,APH1A
DB12264,Atevirdine,gag-pol
DB12266,Epofolate,FOLR1
DB12267,Brigatinib,ALK
DB12267,Brigatinib,EGFR
DB12267,Brigatinib,ABL1
DB12267,Brigatinib,IGF1R
DB12267,Brigatinib,FLT3
DB12267,Brigatinib,INSR
DB12267,Brigatinib,MET
DB12267,Brigatinib,ERBB4
DB12267,Brigatinib,ERBB2
DB12270,Losmapimod,MAPK14
DB12271,ORE-1001,ACE2
DB12271,ORE-1001,CPN1
DB12271,ORE-1001,CPN2
DB12272,Vidupiprant,PTGDR
DB12272,Vidupiprant,PTGDR2
DB12273,Ecopipam,DRD1
DB12274,Aducanumab,APP
DB12275,Seviteronel,CYP17A1
DB12276,Apomine,NR1H4
DB12278,Propiverine,CHRM1
DB12278,Propiverine,CHRM2
DB12278,Propiverine,CHRM3
DB12278,Propiverine,CHRM5
DB12278,Propiverine,CACNA1C
DB12278,Propiverine,ADRA1A
DB12278,Propiverine,CHRM4
DB12279,OBP-801,HDAC1
DB12280,AZD-5423,NR3C1
DB12282,Defactinib,PTK2
DB12282,Defactinib,PTK2B
DB12283,Balapiravir,
DB12284,LY-2608204,GCK
DB12284,LY-2608204,CHEK1
DB12285,Verubecestat,BACE1
DB12288,Piromelatine,MTNR1A
DB12288,Piromelatine,HTR1D
DB12288,Piromelatine,HTR1A
DB12289,Darexaban,F10
DB12290,Puerarin,HTR2C
DB12291,Tacedinaline,HDAC1
DB12292,Barusiban,OXTR
DB12295,Evodenoson,ADORA2A
DB12296,GS-5745,MMP9
DB12298,5-Hydroxymethylfurfural,HBA1
DB12299,Bavisant,HRH3
DB12301,Doravirine,pol
DB12301,Doravirine,gag-pol
DB12302,CP-724714,ERBB2
DB12303,Motolimod,TLR8
DB12305,Dasotraline,SLC6A4
DB12305,Dasotraline,SLC6A2
DB12305,Dasotraline,SLC6A3
DB12306,Cipargamin,KCNH2
DB12306,Cipargamin,ADORA3
DB12307,Foretinib,MET
DB12307,Foretinib,KDR
DB12307,Foretinib,HGF
DB12308,Eltanolone,GABRG2
DB12308,Eltanolone,GABRB2
DB12308,Eltanolone,GABRA1
DB12309,GI-181771X,CCKAR
DB12312,ORG-25435,GABRG3
DB12313,Dopexamine,DRD2
DB12314,Chlorproguanil,PDF
DB12317,Vanucizumab,ANGPT2
DB12317,Vanucizumab,VEGFA
DB12318,BMS-599626,ERBB2
DB12318,BMS-599626,EGFR
DB12319,Benzbromarone,SLC22A12
DB12319,Benzbromarone,ANO1
DB12319,Benzbromarone,ABCC1
DB12319,Benzbromarone,CYP2C9
DB12319,Benzbromarone,CYP2C19
DB12321,Ifetroban,TBXA2R
DB12323,Radotinib,ABL1
DB12325,Idasanutlin,ERBB4
DB12325,Idasanutlin,MDM2
DB12326,Antroquinonol,DNMT1
DB12327,Salvinorin A,OPRK1
DB12327,Salvinorin A,OPRD1
DB12327,Salvinorin A,OPRM1
DB12328,Cantharidin,PPP1CA
DB12328,Cantharidin,AHR
DB12329,Eravacycline,rpsD
DB12332,Rucaparib,PARP1
DB12332,Rucaparib,PARP2
DB12332,Rucaparib,PARP3
DB12334,Milataxel,TUBB1
DB12334,Milataxel,TUBB
DB12339,Radezolid,RRBP1
DB12339,Radezolid,rplA
DB12340,Navitoclax,BCL2
DB12340,Navitoclax,CCND1
DB12340,Navitoclax,BCL2L2
DB12340,Navitoclax,BCL2L1
DB12340,Navitoclax,BAD
DB12341,Aticaprant,OPRK1
DB12345,MBX-2982,GPR119
DB12348,"5-amino-1,3,4-thiadiazole-2-thiol",CA2
DB12348,"5-amino-1,3,4-thiadiazole-2-thiol",CA9
DB12348,"5-amino-1,3,4-thiadiazole-2-thiol",CA1
DB12350,Rostafuroxin,ATP1B3
DB12350,Rostafuroxin,ATP1B2
DB12350,Rostafuroxin,ATP1B1
DB12350,Rostafuroxin,ATP1A3
DB12350,Rostafuroxin,ATP1A2
DB12350,Rostafuroxin,ATP1A1
DB12353,Ulodesine,PNP
DB12354,Imrecoxib,PTGS2
DB12354,Imrecoxib,PTGS1
DB12355,Netazepide,CCKBR
DB12357,BMS-863233,CDC7
DB12359,BIIB021,HSP90AA1
DB12361,Piclozotan,HTR1A
DB12364,Betrixaban,F10
DB12366,Vestronidase alfa,GUSB
DB12369,Sotrastaurin,PRKCA
DB12369,Sotrastaurin,PRKCB
DB12369,Sotrastaurin,PRKCQ
DB12370,Ipamorelin,GHSR
DB12371,Siponimod,S1PR1
DB12371,Siponimod,S1PR5
DB12375,Oglemilast,PDE4D
DB12375,Oglemilast,PDE4B
DB12375,Oglemilast,PDE4A
DB12377,Relebactam,bla
DB12377,Relebactam,bla
DB12377,Relebactam,
DB12377,Relebactam,KPC-2
DB12377,Relebactam,ampC
DB12377,Relebactam,blaZ
DB12378,Apricoxib,PTGS2
DB12379,Indirubin,CYP1A1
DB12379,Indirubin,AHR
DB12380,GDC-0152,XIAP
DB12381,Merestinib,MET
DB12384,Silatecan,TOP1
DB12385,10-hydroxycamptothecin,TOP1
DB12387,OSI-027,MTOR
DB12390,Seladelpar,PPARD
DB12392,Resminostat,HDAC1
DB12395,Esreboxetine,SLC6A2
DB12399,Polmacoxib,CA2
DB12399,Polmacoxib,CA1
DB12399,Polmacoxib,PTGS2
DB12400,Voxtalisib,MTOR
DB12400,Voxtalisib,PIK3CG
DB12404,Remimazolam,GABRA1
DB12404,Remimazolam,GABRA1
DB12404,Remimazolam,GABRG3
DB12405,Triciribine,gag-pol
DB12410,Sabarubicin,TOP2B
DB12410,Sabarubicin,TOP2A
DB12411,Bemcentinib,S
DB12411,Bemcentinib,AXL
DB12412,Gemigliptin,DPP4
DB12414,Usistapide,MTTP
DB12415,Galeterone,AR
DB12416,VTP-27999,REN
DB12417,Anagliptin,DPP4
DB12418,Saccharin,CA2
DB12418,Saccharin,CA12
DB12418,Saccharin,CA9
DB12418,Saccharin,CA1
DB12418,Saccharin,CA3
DB12420,Diazepinomicin,TSPO
DB12423,Fozivudine Tidoxil,gag-pol
DB12424,MK-3207,CALCRL
DB12426,Bitopertin,SLC6A9
DB12427,Orvepitant,TACR1
DB12428,Asivatrep,TRPV1
DB12429,CI-1040,AKT1
DB12429,CI-1040,GSK3B
DB12429,CI-1040,MAPK12
DB12429,CI-1040,CHEK1
DB12429,CI-1040,LCK
DB12429,CI-1040,MAPK14
DB12429,CI-1040,MAPK11
DB12429,CI-1040,PRKCA
DB12429,CI-1040,MAPK8
DB12429,CI-1040,ROCK1
DB12429,CI-1040,RPS6KB1
DB12429,CI-1040,MAPK1
DB12429,CI-1040,SGK1
DB12429,CI-1040,MAP3K2
DB12429,CI-1040,MAP3K1
DB12432,CC-401,MAPK10
DB12432,CC-401,MAPK9
DB12432,CC-401,MAPK8
DB12433,SCH-900271,HCAR2
DB12435,Tipelukast,ALOX5
DB12436,Vofopitant,TACR1
DB12440,Verdiperstat,MPO
DB12441,Tavilermide,NTRK1
DB12442,Alvespimycin,HSP90AA1
DB12443,Sonedenoson,ADORA2A
DB12445,Nitroaspirin,PTGS1
DB12445,Nitroaspirin,PTGS2
DB12446,Derenofylline,ADORA1
DB12449,Tempol,SOD1
DB12450,Propyl Gallate,ESR1
DB12451,SCY-635,CAMLG
DB12452,Caprylic alcohol,GJA1
DB12455,Omadacycline,rpsC
DB12455,Omadacycline,rpsG
DB12455,Omadacycline,rpsH
DB12455,Omadacycline,rpsS
DB12455,Omadacycline,rpsN
DB12457,Rimegepant,CALCRL
DB12458,Muscimol,GABRA1
DB12458,Muscimol,GABRB3
DB12458,Muscimol,GABRG2
DB12459,Belotecan,TOP1
DB12461,GLPG-0492,AR
DB12462,Ralinepag,PTGIR
DB12463,Semagacestat,PSEN1
DB12463,Semagacestat,NCSTN
DB12463,Semagacestat,PSENEN
DB12463,Semagacestat,APH1B
DB12463,Semagacestat,APH1A
DB12465,Ketanserin,HTR2A
DB12466,Favipiravir,PB1
DB12466,Favipiravir,rpoC
DB12466,Favipiravir,rpoB
DB12470,Dexelvucitabine,pol
DB12471,Ibrexafungerp,GSC2
DB12471,Ibrexafungerp,RHO1
DB12476,CPG-52852,TLR7
DB12478,Piribedil,DRD3
DB12478,Piribedil,DRD2
DB12478,Piribedil,ADRA2C
DB12478,Piribedil,DRD4
DB12478,Piribedil,HTR1A
DB12478,Piribedil,HTR2B
DB12479,Zabofloxacin,gyrA
DB12479,Zabofloxacin,gyrB
DB12480,Betulinic Acid,
DB12483,Copanlisib,PIK3CA
DB12483,Copanlisib,PIK3CD
DB12483,Copanlisib,PIK3CB
DB12483,Copanlisib,PIK3CG
DB12484,Tetrahydrouridine,CDA
DB12486,Elobixibat,SLC10A2
DB12487,Promestriene,ESR1
DB12489,Mirvetuximab soravtansine,FOLR1
DB12491,Fasiglifam,FFAR1
DB12495,Selepressin,AVPR1A
DB12498,Mogamulizumab,CCR4
DB12499,Clascoterone,AR
DB12500,Fedratinib,JAK2
DB12500,Fedratinib,FLT3
DB12500,Fedratinib,JAK1
DB12505,E-7820,ITGA2
DB12507,Atecegatran metoxil,F2
DB12509,Imeglimin,PRKAG1
DB12509,Imeglimin,PRKAB1
DB12509,Imeglimin,PRKAA1
DB12511,Imiglitazar,PPARA
DB12511,Imiglitazar,PPARG
DB12512,Verucerfont,CRHR1
DB12513,Omaveloxolone,NFE2L2
DB12513,Omaveloxolone,KEAP1
DB12514,Iofolastat I-123,FOLH1
DB12515,9-aminocamptothecin,TOP1
DB12518,Raclopride,DRD2
DB12518,Raclopride,INSR
DB12520,Plozalizumab,CCR2
DB12522,Toreforant,HRH4
DB12523,Mizolastine,HRH1
DB12524,BI-671800,PTGDR2
DB12526,Batefenterol,ADRB2
DB12527,Sofinicline,CHRNB2
DB12527,Sofinicline,CHRNA4
DB12530,Inebilizumab,CD19
DB12531,Lobucavir,gag-pol
DB12532,Oxethazaine,GAST
DB12535,AC-430,JAK2
DB12537,"1,2-Benzodiazepine",TSPO
DB12537,"1,2-Benzodiazepine",GABRA1
DB12537,"1,2-Benzodiazepine",GABRA1
DB12538,Nepadutant,TACR2
DB12539,Oltipraz,TGM2
DB12540,Lecozotan,HTR1A
DB12540,Lecozotan,HTR1A
DB12541,SAR-405838,TP53
DB12542,GSK-356278,PDE4A
DB12542,GSK-356278,PDE4B
DB12542,GSK-356278,PDE4D
DB12543,Samidorphan,OPRM1
DB12543,Samidorphan,OPRK1
DB12543,Samidorphan,OPRD1
DB12548,Sparsentan,EDNRA
DB12548,Sparsentan,AGTR1
DB12548,Sparsentan,AGTR2
DB12549,Pyrazoloacridine,TOP2B
DB12549,Pyrazoloacridine,TOP2A
DB12550,Taladegib,SMO
DB12554,Mebeverine,CHRM5
DB12555,Nelotanserin,HTR2A
DB12556,MK-5108,AURKB
DB12556,MK-5108,AURKA
DB12557,FK-614,PPARG
DB12558,AEE-788,FGFR3
DB12558,AEE-788,FGFR2
DB12559,EC-17,FOLR1
DB12561,WNT-974,PORCN
DB12562,Setipiprant,PTGDR2
DB12562,Setipiprant,PTGDR
DB12564,Gemcitabine elaidate,RRM2
DB12565,Abexinostat,HDAC1
DB12565,Abexinostat,HDAC1
DB12566,Decernotinib,JAK3
DB12567,Camicinal,MLNR
DB12569,Tonapofylline,ADORA1
DB12569,Tonapofylline,ADORA3
DB12569,Tonapofylline,ADORA2A
DB12569,Tonapofylline,ADORA2B
DB12570,Onatasertib,MTOR
DB12571,Rimacalib,CAMK2G
DB12571,Rimacalib,CAMK2D
DB12571,Rimacalib,CAMK2B
DB12571,Rimacalib,CAMK2A
DB12572,Pexacerfont,CRHR1
DB12576,AZD-3043,GABRG3
DB12579,JNJ-37822681,DRD2
DB12580,Tradipitant,TACR1
DB12581,Ozarelix,GNRHR
DB12582,Piperine,MAOB
DB12582,Piperine,MAOA
DB12582,Piperine,NR1I2
DB12588,AZD-1480,JAK2
DB12589,Dacetuzumab,CD40
DB12590,Indiplon,GABRA1
DB12591,BMS-911543,JAK2
DB12594,AZD-9056,P2RX7
DB12595,Nerinetide,DLG4
DB12597,Asciminib,ABL1
DB12598,Nafamostat,F2
DB12598,Nafamostat,F10
DB12598,Nafamostat,F12
DB12598,Nafamostat,PRSS1
DB12598,Nafamostat,KLK1
DB12598,Nafamostat,TNF
DB12598,Nafamostat,ICAM1
DB12601,Sonolisib,PIK3CG
DB12605,Etripamil,CACNA1C
DB12606,Netivudine,
DB12608,Emixustat,RPE65
DB12610,Ebselen,KDM4A
DB12610,Ebselen,ALB
DB12610,Ebselen,EPHX2
DB12611,PF-477736,CHEK1
DB12612,Ozanimod,S1PR1
DB12612,Ozanimod,S1PR5
DB12614,Reparixin,CXCR1
DB12614,Reparixin,CXCR2
DB12615,Plazomicin,MRM2
DB12615,Plazomicin,rpsN
DB12617,Mizoribine,IMPDH1
DB12622,Lupeol,TOP2B
DB12622,Lupeol,TOP2A
DB12622,Lupeol,ELANE
DB12623,Taprenepag,PTGER2
DB12625,Evogliptin,DPP4
DB12627,GSK-1292263,GPR119
DB12631,Aclerastide,MAS1
DB12635,Aleplasinin,SERPINA5
DB12635,Aleplasinin,SERPINB2
DB12635,Aleplasinin,SERPINE1
DB12637,Onapristone,PGR
DB12637,Onapristone,NR3C1
DB12637,Onapristone,ADGRD1
DB12638,Zelavespib,HSP90AB1
DB12639,Telbermin,FLT1
DB12641,Tedatioxetine,HTR2C
DB12643,Nelivaptan,AVPR1A
DB12643,Nelivaptan,OXTR
DB12643,Nelivaptan,AVPR2
DB12643,Nelivaptan,AVPR1B
DB12645,Givinostat,HDAC1
DB12645,Givinostat,JAK2
DB12645,Givinostat,HDAC1
DB12647,Tocotrienol,HMGCR
DB12648,Nona-arginine,NOS2
DB12649,Ibipinabant,CNR1
DB12651,Bardoxolone,NOS2
DB12651,Bardoxolone,CASP8
DB12661,Urapidil,HTR1A
DB12662,Naveglitazar,PPARA
DB12662,Naveglitazar,PPARG
DB12664,Indantadol,MAOA
DB12664,Indantadol,MAOB
DB12665,Isoquercetin,ACE
DB12665,Isoquercetin,AKR1B1
DB12666,Emapunil,TSPO
DB12667,Protionamide,inhA
DB12668,Metenkefalin,OPRD1
DB12668,Metenkefalin,OGFR
DB12668,Metenkefalin,OPRM1
DB12669,4SC-203,FLT3
DB12670,Rolofylline,ADORA1
DB12671,Beloranib,METAP2
DB12672,Icaritin,ESR1
DB12675,PF-04995274,HTR4
DB12679,WP-1066,STAT3
DB12680,Intepirdine,HTR6
DB12681,Salirasib,MTOR
DB12681,Salirasib,NRAS
DB12682,Mubritinib,ERBB2
DB12682,Mubritinib,EGFR
DB12686,PHA-793887,CDK1
DB12686,PHA-793887,CDK4
DB12686,PHA-793887,CDK2
DB12687,Vesatolimod,TLR7
DB12688,Moxetumomab pasudotox,CD22
DB12688,Moxetumomab pasudotox,EEF2
DB12689,Azeliragon,AGER
DB12691,UK-432097,ADORA2A
DB12693,Ritanserin,CACNA1B
DB12693,Ritanserin,HTR2C
DB12693,Ritanserin,HTR2B
DB12693,Ritanserin,HTR2A
DB12694,CE-326597,CCKAR
DB12695,Phenethyl Isothiocyanate,ACTA2
DB12695,Phenethyl Isothiocyanate,ACTB
DB12695,Phenethyl Isothiocyanate,ATP5F1B
DB12695,Phenethyl Isothiocyanate,ATP5ME
DB12695,Phenethyl Isothiocyanate,ATP5MG
DB12695,Phenethyl Isothiocyanate,CYB5B
DB12695,Phenethyl Isothiocyanate,DIABLO
DB12695,Phenethyl Isothiocyanate,FBXO41
DB12695,Phenethyl Isothiocyanate,HNRNPF
DB12695,Phenethyl Isothiocyanate,HNRNPK
DB12695,Phenethyl Isothiocyanate,HSPA4
DB12695,Phenethyl Isothiocyanate,HSPB1
DB12695,Phenethyl Isothiocyanate,HSPE1
DB12695,Phenethyl Isothiocyanate,HSPH1
DB12695,Phenethyl Isothiocyanate,MT-ND1
DB12695,Phenethyl Isothiocyanate,NUDC
DB12695,Phenethyl Isothiocyanate,PAPPA
DB12695,Phenethyl Isothiocyanate,PSMA3
DB12695,Phenethyl Isothiocyanate,PSMC3
DB12695,Phenethyl Isothiocyanate,RANBP1
DB12695,Phenethyl Isothiocyanate,S100A10
DB12695,Phenethyl Isothiocyanate,SF3A3
DB12695,Phenethyl Isothiocyanate,SMARCE1
DB12695,Phenethyl Isothiocyanate,SUCLG2
DB12695,Phenethyl Isothiocyanate,TPD52L2
DB12695,Phenethyl Isothiocyanate,TPM1
DB12695,Phenethyl Isothiocyanate,TPM3
DB12695,Phenethyl Isothiocyanate,TPM4
DB12695,Phenethyl Isothiocyanate,TUBA1A
DB12695,Phenethyl Isothiocyanate,TUBA4A
DB12695,Phenethyl Isothiocyanate,TUBB1
DB12695,Phenethyl Isothiocyanate,TUBB2A
DB12695,Phenethyl Isothiocyanate,TUBB3
DB12695,Phenethyl Isothiocyanate,TUBB4B
DB12695,Phenethyl Isothiocyanate,TXN
DB12695,Phenethyl Isothiocyanate,UCHL1
DB12695,Phenethyl Isothiocyanate,USP14
DB12695,Phenethyl Isothiocyanate,VCP
DB12695,Phenethyl Isothiocyanate,VIM
DB12695,Phenethyl Isothiocyanate,YWHAB
DB12695,Phenethyl Isothiocyanate,YWHAE
DB12695,Phenethyl Isothiocyanate,YWHAH
DB12695,Phenethyl Isothiocyanate,YWHAQ
DB12695,Phenethyl Isothiocyanate,YWHAZ
DB12695,Phenethyl Isothiocyanate,TUBA3C
DB12698,Ibalizumab,CCR5
DB12698,Ibalizumab,CXCR4
DB12698,Ibalizumab,CD4
DB12702,Velusetrag,HTR4
DB12703,Omipalisib,PIK3CG
DB12704,Spiradoline,OPRK1
DB12709,Tributyrin,CASP3
DB12710,Perazine,DRD2
DB12713,Sotagliflozin,SLC5A2
DB12713,Sotagliflozin,SLC5A1
DB12714,Nerispirdine,SCN11A
DB12714,Nerispirdine,KCNH2
DB12715,MSX-122,CXCR4
DB12719,Turofexorate isopropyl,NR1H4
DB12720,Nivocasan,CASP1
DB12724,AZD-7295,
DB12725,Felcisetrag,HTR4
DB12729,ASP-3026,ALK
DB12730,Dolastatin 10,TUBB2A
DB12731,Daporinad,NAMPT
DB12733,Dipraglurant,GRM5
DB12738,Tiplimotide,MBP
DB12739,Bindarit,CCL2
DB12741,DTP-348,CA9
DB12742,Amuvatinib,KIT
DB12742,Amuvatinib,PDGFRA
DB12742,Amuvatinib,MET
DB12742,Amuvatinib,RET
DB12742,Amuvatinib,FLT3
DB12742,Amuvatinib,RAD51
DB12743,Z-160,CACNA2D1
DB12744,CGI-1842,ERBB4
DB12745,GSK-690693,AKT3
DB12746,AKN-028,FLT3
DB12747,Tertomotide,TERT
DB12750,N-omega-nitro-L-arginine methyl ester,NOS3
DB12752,Bucindolol,ADRB1
DB12752,Bucindolol,ADRB2
DB12753,Racivir,pol
DB12754,Iodide,CA1
DB12754,Iodide,CA2
DB12755,Zoptarelin doxorubicin,GNRHR
DB12756,TAK-901,AURKB
DB12756,TAK-901,BAX
DB12757,Pelitrexol,GART
DB12758,Atreleuton,ALOX5
DB12760,GW-493838,ADORA1
DB12762,Rabacfosadine,
DB12763,MK-1496,PLK1
DB12764,Opaganib,SPHK2
DB12765,Methyl isocyanate,TRPA1
DB12769,Lometrexol,folA
DB12773,Sifalimumab,IFNA2
DB12774,AZD-8055,MTOR
DB12778,Rivipansel,SELP
DB12778,Rivipansel,SELL
DB12778,Rivipansel,SELE
DB12781,Balaglitazone,PPARG
DB12783,Benserazide,DDC
DB12784,Ilginatinib,JAK2
DB12785,Furaprevir,
DB12789,Dinoprost,PTGDR2
DB12789,Dinoprost,PTGDR
DB12789,Dinoprost,PTGER4
DB12789,Dinoprost,PTGER2
DB12789,Dinoprost,PTGER3
DB12789,Dinoprost,PTGER1
DB12789,Dinoprost,TBXA2R
DB12789,Dinoprost,PTGFR
DB12795,CMX-2043,MET
DB12795,CMX-2043,AKT1
DB12798,Relenopride,HTR4
DB12799,Laniquidar,ABCB4
DB12802,Picropodophyllin,IGF1R
DB12803,Dichloroisoproterenol,ADRB1
DB12803,Dichloroisoproterenol,ADRB2
DB12804,Daniquidone,TOP2B
DB12804,Daniquidone,TOP2A
DB12804,Daniquidone,TOP1
DB12805,Ataciguat,NPR1
DB12806,GSK-1004723,HRH1
DB12806,GSK-1004723,HRH3
DB12808,Trifarotene,RARG
DB12808,Trifarotene,RARB
DB12808,Trifarotene,RARA
DB12812,Palomid 529,MAPKAP1
DB12816,Terpinen-4-ol,ACHE
DB12816,Terpinen-4-ol,BCL2
DB12816,Terpinen-4-ol,XIAP
DB12816,Terpinen-4-ol,ALPI
DB12816,Terpinen-4-ol,NFKB2
DB12817,Zoliflodacin,gyrB
DB12817,Zoliflodacin,gyrB
DB12817,Zoliflodacin,gyrA
DB12818,NM-3,VEGFD
DB12818,NM-3,VEGFC
DB12818,NM-3,VEGFB
DB12818,NM-3,VEGFA
DB12819,GSI-136,PSEN1
DB12819,GSI-136,NCSTN
DB12819,GSI-136,PSENEN
DB12819,GSI-136,APH1B
DB12819,GSI-136,APH1A
DB12820,Concizumab,TFPI
DB12823,Tecarfarin,VKORC1
DB12825,Lefamulin,rplV
DB12827,Indoximod,IDO1
DB12830,Cebranopadol,OPRM1
DB12831,Gabexate,KLKB1
DB12831,Gabexate,F2
DB12831,Gabexate,PLG
DB12835,Olipudase alfa,PKLR
DB12836,Grapiprant,PTGER4
DB12838,Tetrasul,ADRA2C
DB12839,Pegvaliase,PAH
DB12842,Pegamotecan,TOP1
DB12843,Oleandrin,ATP1B3
DB12843,Oleandrin,ATP1B2
DB12843,Oleandrin,ATP1B1
DB12843,Oleandrin,ATP1A3
DB12843,Oleandrin,ATP1A2
DB12843,Oleandrin,ATP1A1
DB12843,Oleandrin,MMP9
DB12843,Oleandrin,MMP2
DB12843,Oleandrin,BCL2
DB12843,Oleandrin,NGF
DB12843,Oleandrin,CASP3
DB12843,Oleandrin,CASP8
DB12843,Oleandrin,EPHB2
DB12843,Oleandrin,CXCL8
DB12843,Oleandrin,EGF
DB12843,Oleandrin,MTOR
DB12843,Oleandrin,NFKB2
DB12845,Amatuximab,MSLN
DB12846,Reproterol,ADRB2
DB12847,Pyroxamide,HDAC1
DB12847,Pyroxamide,HDAC1
DB12848,PF-04217903,MET
DB12850,Etalocib,LTB4R
DB12852,MK-0752,PSEN1
DB12852,MK-0752,NCSTN
DB12852,MK-0752,PSENEN
DB12852,MK-0752,APH1B
DB12852,MK-0752,APH1A
DB12853,DA-6886,HTR4
DB12854,BMS-908662,BRAF
DB12855,Apricitabine,gag-pol
DB12855,Apricitabine,pol
DB12857,NVP-LEQ-506,SMO
DB12858,LY-377604,ADRB3
DB12860,Actinium,CD33
DB12863,Sivelestat,CELA1
DB12863,Sivelestat,ELANE
DB12865,Etelcalcetide,CASR
DB12866,Pradigastat,DGAT1
DB12868,Intoplicine,TOP1
DB12869,Eliprodil,GRIN2B
DB12869,Eliprodil,GRIN1
DB12872,Vonicog alfa,F8
DB12872,Vonicog alfa,COL1A1
DB12874,Quizartinib,FLT3
DB12875,Mavatrep,TRPV1
DB12876,GS-9256,gag-pol
DB12877,Oxatomide,HRH1
DB12879,Omigapil,GAPDH
DB12881,Indole-3-carbinol,NFKBIA
DB12883,Eltoprazine,HTR1B
DB12883,Eltoprazine,HTR2C
DB12883,Eltoprazine,HTR1A
DB12884,Lavoltidine,HRH2
DB12885,Namodenoson,ADORA3
DB12886,GSK-1521498,OPRM1
DB12887,Tazemetostat,EZH2
DB12887,Tazemetostat,EZH1
DB12888,Ezutromid,UTRN
DB12889,Velneperit,NPY5R
DB12890,Dihydrexidine,DRD1
DB12893,Sacituzumab govitecan,TACSTD2
DB12893,Sacituzumab govitecan,TOP1
DB12893,Sacituzumab govitecan,FUBP1
DB12894,Raluridine,gag-pol
DB12895,Olitigaltin,LGALS3
DB12899,TT-301,IL1B
DB12900,Irdabisant,HRH3
DB12903,Zoligratinib,FGFR3
DB12903,Zoligratinib,FGFR2
DB12903,Zoligratinib,FGFR1
DB12904,ZSTK-474,PIK3CG
DB12906,LY-2334737,RRM2
DB12910,Emicerfont,CRHR1
DB12912,Nolatrexed,TMP1
DB12914,Resmetirom,THRB
DB12917,Bimekizumab,IL17A
DB12917,Bimekizumab,IL17F
DB12919,T-62,ADORA2A
DB12920,Pinometostat,DOT1L
DB12923,Gallopamil,ATP2A2
DB12923,Gallopamil,MME
DB12923,Gallopamil,ACE
DB12924,Ozenoxacin,gyrA
DB12924,Ozenoxacin,parC
DB12924,Ozenoxacin,gyrB
DB12924,Ozenoxacin,gyrA
DB12929,JNJ-39220675,HRH3
DB12931,Fenobam,GRM5
DB12934,Granotapide,MTTP
DB12935,Remogliflozin etabonate,SLC5A2
DB12935,Remogliflozin etabonate,SLC5A4
DB12941,Darolutamide,AR
DB12941,Darolutamide,PGR
DB12946,DPCPX,NT5E
DB12946,DPCPX,ADORA2B
DB12946,DPCPX,ADORA2A
DB12946,DPCPX,ADORA1
DB12946,DPCPX,ADORA3
DB12948,Didox,RRM2B
DB12948,Didox,RRM2
DB12948,Didox,RRM1
DB12953,Disitertide,TGFB1
DB12955,Delparantag,SERPINC1
DB12959,IOWH-032,CFTR
DB12960,INCB-9471,CCR5
DB12961,Leukotriene B4,LTB4R
DB12961,Leukotriene B4,LTB4R2
DB12961,Leukotriene B4,PPARA
DB12962,CP-547632,KDR
DB12963,CCX-354,CCR1
DB12965,Silver,MTF1
DB12965,Silver,CP
DB12965,Silver,ALB
DB12965,Silver,A2M
DB12966,Falnidamol,EGFR
DB12967,Mitoguazone,AMD1
DB12969,Methylinositol,APP
DB12971,Pactimibe,CES1
DB12973,Serlopitant,TACR1
DB12974,Roniciclib,CDK2
DB12974,Roniciclib,CDK9
DB12974,Roniciclib,CDK4
DB12974,Roniciclib,CDK1
DB12978,Pexidartinib,CSF1R
DB12978,Pexidartinib,KIT
DB12978,Pexidartinib,FLT3
DB12978,Pexidartinib,PDGFRB
DB12980,CHS-828,NAMPT
DB12986,VS-5584,MAPKAP1
DB12986,VS-5584,PIK3CG
DB12986,VS-5584,MTOR
DB12988,LY-518674,PPARA
DB12996,Acteoside,PRKCA
DB12998,PF-00217830,DRD2
DB12999,MK-6186,gag-pol
DB13001,Tinoridine,PTGS1
DB13001,Tinoridine,NFE2L2
DB13003,Cortivazol,NR3C1
DB13004,Mavoglurant,GRM5
DB13005,Rebastinib,TEK
DB13005,Rebastinib,ABL1
DB13006,Cibinetide,EPOR
DB13007,Enfortumab vedotin,NECTIN4
DB13009,Carbendazim,AHR
DB13010,4-isothioureidobutyronitrile,TP53
DB13012,Rosiptor,INPP5D
DB13014,Hypericin,GSTA1
DB13014,Hypericin,GSTP1
DB13016,LY-2300559,CYSLTR1
DB13016,LY-2300559,GRM2
DB13017,Rovalpituzumab tesirine,DLL3
DB13020,Apratastat,ADAM17
DB13020,Apratastat,MMP13
DB13020,Apratastat,MMP1
DB13022,LY-2874455,FGFR2
DB13023,IPI-493,HSP90AA1
DB13025,Tiapride,DRD2
DB13025,Tiapride,DRD3
DB13025,Tiapride,HTR1A
DB13025,Tiapride,ADRA1A
DB13025,Tiapride,ADRA2A
DB13025,Tiapride,SCN10A
DB13028,Biapenem,dacA
DB13029,MK-0873,PDE4D
DB13029,MK-0873,PDE4B
DB13029,MK-0873,PDE4A
DB13033,Urocortin-2,CRHR2
DB13035,AG-24322,CDK1
DB13035,AG-24322,CDK4
DB13035,AG-24322,CDK2
DB13036,Ramatroban,PTGDR2
DB13036,Ramatroban,TBXA2R
DB13040,Gandotinib,JAK2
DB13041,Odalasvir,
DB13044,Gossypol,BCL2
DB13044,Gossypol,BCL2L1
DB13048,PAC-1,CASP3
DB13051,CH-5132799,PIK3CG
DB13051,CH-5132799,PIK3CA
DB13051,CH-5132799,PIK3CD
DB13051,CH-5132799,PIK3CB
DB13052,Upamostat,PLAU
DB13053,CP-195543,LTB4R
DB13055,Oteseconazole,ERG11
DB13058,Methanesulfonyl Fluoride,ACHE
DB13059,PF-03814735,AURKB
DB13059,PF-03814735,AURKA
DB13060,CEP-37440,PTK2
DB13061,MLN8054,AURKA
DB13062,ME-344,MAPKAP1
DB13062,ME-344,MTOR
DB13063,Parthenolide,REL
DB13063,Parthenolide,RELB
DB13063,Parthenolide,RELA
DB13063,Parthenolide,NFKB2
DB13063,Parthenolide,NFKB1
DB13063,Parthenolide,IKBKB
DB13064,Tramazoline,ADRA2C
DB13064,Tramazoline,ADRA2B
DB13064,Tramazoline,ADRA2A
DB13066,Liarozole,CYP19A1
DB13066,Liarozole,CYP26A1
DB13070,Surinabant,CNR1
DB13072,GDC-0349,MTOR
DB13074,Macimorelin,GHSR
DB13080,Roluperidone,TMEM97
DB13080,Roluperidone,HTR2A
DB13083,Talarozole,CYP26A1
DB13083,Talarozole,TACR2
DB13087,Miridesap,APCS
DB13089,Enoxolone,PTPN1
DB13092,Meclocycline,rpsG
DB13093,TAK-593,PDGFRB
DB13093,TAK-593,KDR
DB13094,Pruvanserin,HTR2A
DB13095,JTK-853,
DB13097,1alpha-Hydroxyvitamin D5,REN
DB13098,CT-2584,PCYT1B
DB13103,Camsirubicin,TOP2A
DB13104,X-376,ALK
DB13106,Glycovir,MGAM
DB13107,QGC-001,DNPEP
DB13107,QGC-001,ENPEP
DB13111,Chromanol,AR
DB13113,JNJ-38877605,MET
DB13118,Paquinimod,S100A9
DB13119,GSK-364735,gag-pol
DB13119,GSK-364735,CNR1
DB13119,GSK-364735,CNR2
DB13120,Deferitazole,HBA1
DB13122,Trabodenoson,ADORA1
DB13123,OTX-008,LGALS1
DB13125,Lusutrombopag,MPL
DB13127,Olokizumab,IL6
DB13132,Artemisinin,
DB13133,Von Willebrand factor human,F8
DB13133,Von Willebrand factor human,COL1A1
DB13133,Von Willebrand factor human,ASGR1
DB13133,Von Willebrand factor human,LRP1
DB13138,Neladenoson bialanate,ADORA1
DB13139,Levosalbutamol,ADRB2
DB13140,Bezlotoxumab,tcdB
DB13144,Lenograstim,CSF3R
DB13146,Fluciclovine (18F),SLC1A5
DB13146,Fluciclovine (18F),SLC7A7
DB13146,Fluciclovine (18F),SLC7A3
DB13146,Fluciclovine (18F),GRIN1
DB13146,Fluciclovine (18F),GRIA1
DB13146,Fluciclovine (18F),GRIA2
DB13146,Fluciclovine (18F),GRIA3
DB13146,Fluciclovine (18F),GRIA4
DB13149,Protein S human,F5
DB13149,Protein S human,F10
DB13149,Protein S human,PROC
DB13150,Coagulation factor VII human,F3
DB13150,Coagulation factor VII human,F10
DB13150,Coagulation factor VII human,F9
DB13151,Anti-inhibitor coagulant complex,F10
DB13151,Anti-inhibitor coagulant complex,F2
DB13151,Anti-inhibitor coagulant complex,FGA
DB13151,Anti-inhibitor coagulant complex,FGB
DB13151,Anti-inhibitor coagulant complex,F13A1
DB13151,Anti-inhibitor coagulant complex,F5
DB13151,Anti-inhibitor coagulant complex,F8
DB13151,Anti-inhibitor coagulant complex,F7
DB13152,Coagulation Factor IX Human,F10
DB13152,Coagulation Factor IX Human,F11
DB13152,Coagulation Factor IX Human,F7
DB13152,Coagulation Factor IX Human,F8
DB13152,Coagulation Factor IX Human,LRP1
DB13152,Coagulation Factor IX Human,GGCX
DB13154,Parachlorophenol,SCN4A
DB13155,Esculin,AR
DB13158,Clobetasone,NR3C1
DB13161,Nusinersen,SMN1
DB13164,Olmutinib,EGFR
DB13165,Ripasudil,ROCK1
DB13165,Ripasudil,ROCK2
DB13166,Zofenopril,ACE
DB13167,Alclofenac,PTGS2
DB13169,Nandrolone,AR
DB13170,Plecanatide,GUCY2C
DB13171,Glyceryl 1-oleate,GPR119
DB13173,Cerliponase alfa,IGF2R
DB13173,Cerliponase alfa,TPP1
DB13174,Rhein,HSP90AA1
DB13174,Rhein,NR1H3
DB13174,Rhein,NR1H2
DB13174,Rhein,ALOX5
DB13178,Inositol,APP
DB13179,Troleandomycin,rpmF
DB13179,Troleandomycin,rplD
DB13179,Troleandomycin,NR1I2
DB13182,Daidzein,AKR1B1
DB13182,Daidzein,ESR2
DB13182,Daidzein,ESR1
DB13182,Daidzein,ESRRA
DB13182,Daidzein,TRPC5
DB13191,Phosphocreatine,GAMT
DB13191,Phosphocreatine,SLC6A8
DB13191,Phosphocreatine,CKM
DB13191,Phosphocreatine,CKMT1A
DB13191,Phosphocreatine,CKMT2
DB13191,Phosphocreatine,CKB
DB13192,Antihemophilic factor human,F9
DB13192,Antihemophilic factor human,F10
DB13200,Lipegfilgrastim,CSF3R
DB13203,Bamifylline,ADORA1
DB13238,Tuaminoheptane,SLC6A2
DB13242,Bucladesine,SERPINE1
DB13243,Tiazofurine,IMPDH1
DB13245,Thiram,JAK2
DB13247,Pramiracetam,CHRM5
DB13248,Phthalylsulfathiazole,folP
DB13251,Octopamine,F10
DB13254,Prifinium,CHRM5
DB13257,Ferrous sulfate anhydrous,HBA1
DB13257,Ferrous sulfate anhydrous,TFRC
DB13261,Sitafloxacin,gyrA
DB13261,Sitafloxacin,gyrB
DB13261,Sitafloxacin,parC
DB13262,Aceclidine,CHRM2
DB13262,Aceclidine,CHRM1
DB13262,Aceclidine,CHRM3
DB13262,Aceclidine,CHRM4
DB13262,Aceclidine,CHRM5
DB13269,Dichlorobenzyl alcohol,SCN1A
DB13308,Oxametacin,PTGS1
DB13308,Oxametacin,PTGS2
DB13310,Ormeloxifene,ESR1
DB13310,Ormeloxifene,ESR2
DB13312,Delapril,ACE
DB13318,Demecolcine,MAP1B
DB13318,Demecolcine,MAP1A
DB13335,Pinazepam,GABRA1
DB13335,Pinazepam,GABRA1
DB13343,Tioxolone,CA2
DB13345,Dihydroergocristine,HTR1A
DB13345,Dihydroergocristine,ADRB1
DB13345,Dihydroergocristine,ADRA1A
DB13345,Dihydroergocristine,DRD1
DB13345,Dihydroergocristine,ADRA2C
DB13346,Bufexamac,PTGS1
DB13346,Bufexamac,PTGS2
DB13346,Bufexamac,HDAC6
DB13346,Bufexamac,HDAC10
DB13373,Acriflavine,gag-pol
DB13385,Dihydroergocryptine,HTR7
DB13385,Dihydroergocryptine,HTR2B
DB13421,Edoxudine,DNApol
DB13421,Edoxudine,TK1
DB13425,Flutrimazole,ERG11
DB13431,Proglumide,CCKAR
DB13434,Fenticonazole,ERG11
DB13437,Medazepam,GABRA1
DB13437,Medazepam,GABRA1
DB13470,Cefodizime,dacA
DB13472,Cyclofenil,ESR1
DB13478,Meptazinol,BCHE
DB13481,Tenidap,ALOX5
DB13489,Bamipine,HRH1
DB13495,Paraoxon,CA2
DB13495,Paraoxon,ACHE
DB13495,Paraoxon,CNR1
DB13495,Paraoxon,CA1
DB13501,Bendazac,PTGS1
DB13501,Bendazac,PTGS2
DB13502,Budipine,MAOB
DB13503,Tyrothricin,ACHE
DB13503,Tyrothricin,lacZ
DB13505,Emepronium,CHRM5
DB13511,Clebopride,ACHE
DB13511,Clebopride,DRD2
DB13514,Pranoprofen,PTGS1
DB13520,Metergoline,HTR2A
DB13520,Metergoline,HTR2B
DB13520,Metergoline,HTR1D
DB13520,Metergoline,HTR5A
DB13520,Metergoline,HTR1F
DB13520,Metergoline,HTR1E
DB13520,Metergoline,HTR1B
DB13520,Metergoline,HTR2C
DB13520,Metergoline,SCN2A
DB13521,Alipogene tiparvovec,LPL
DB13524,Propyphenazone,PTGS1
DB13530,Mepindolol,ADRB3
DB13550,Bifemelane,MAOA
DB13552,Trifluperidol,CMA1
DB13559,Rimiterol,ADRB3
DB13581,Rociverine,CHRM1
DB13581,Rociverine,CHRM2
DB13581,Rociverine,CHRM3
DB13581,Rociverine,CHRM4
DB13581,Rociverine,CHRM5
DB13596,Oxycinchophen,
DB13606,Phenazocine,OPRK1
DB13606,Phenazocine,OPRD1
DB13606,Phenazocine,OPRM1
DB13615,Mifamurtide,TLR4
DB13615,Mifamurtide,NOD2
DB13616,Melagatran,F10
DB13616,Melagatran,PRSS1
DB13616,Melagatran,PLG
DB13616,Melagatran,F2
DB13624,Methoxyphenamine,ADRB2
DB13643,Loprazolam,GABRA1
DB13643,Loprazolam,GABRA1
DB13648,Alcuronium,CHRNA7
DB13656,Eberconazole,ERG11
DB13665,Fluanisone,ADRA1D
DB13665,Fluanisone,DRD2
DB13665,Fluanisone,HTR2A
DB13665,Fluanisone,ADRA1B
DB13665,Fluanisone,ADRA1A
DB13667,Cefozopran,folP
DB13670,Oxantel,acr-16
DB13679,Dexchlorpheniramine,HRH1
DB13682,Cefpirome,dacA
DB13688,Drisapersen,DMD
DB13715,Dilazep,SLC29A1
DB13716,Dibutylphthalate,TRPA1
DB13720,Diphemanil,CHRM3
DB13720,Diphemanil,CHRM1
DB13726,Sulfaguanidine,folP
DB13729,Camostat,PRSS1
DB13729,Camostat,TMPRSS2
DB13729,Camostat,ST14
DB13729,Camostat,CCK
DB13746,Bioallethrin,
DB13746,Bioallethrin,SCN1A
DB13746,Bioallethrin,CACNG1
DB13746,Bioallethrin,CACNA1G
DB13746,Bioallethrin,CACNA1A
DB13746,Bioallethrin,CACNA1C
DB13750,Obidoxime,ACHE
DB13751,Glycyrrhizic acid,TNF
DB13751,Glycyrrhizic acid,CASP3
DB13751,Glycyrrhizic acid,NFKB2
DB13751,Glycyrrhizic acid,LPL
DB13751,Glycyrrhizic acid,HSD11B1
DB13757,Epanolol,ADRB3
DB13760,Niperotidine,HRH2
DB13766,Lidoflazine,SLC29A1
DB13766,Lidoflazine,SCN3A
DB13767,Vorozole,CYP19A1
DB13772,Rufloxacin,gyrA
DB13775,Tertatolol,HTR1A
DB13777,Prenalterol,ADRB3
DB13781,Xamoterol,ADRB1
DB13781,Xamoterol,ADRB3
DB13783,Acemetacin,PTGS1
DB13783,Acemetacin,PTGS2
DB13791,Penfluridol,CACNA1G
DB13793,Vinburnine,CHRM3
DB13800,Calcium levulinate,CASQ1
DB13800,Calcium levulinate,CALB2
DB13800,Calcium levulinate,CALM1
DB13806,Linopirdine,KCNQ3
DB13808,Mebhydrolin,HRH1
DB13808,Mebhydrolin,NR1H4
DB13810,Dimemorfan,SIGMAR1
DB13811,Oblimersen,BCL2
DB13820,Oxomemazine,HRH1
DB13820,Oxomemazine,CHRM1
DB13823,Pipemidic acid,parC
DB13823,Pipemidic acid,parE
DB13823,Pipemidic acid,gyrA
DB13823,Pipemidic acid,gyrB
DB13837,Doxefazepam,GABRA1
DB13837,Doxefazepam,GABRA1
DB13843,Cloprednol,NR3C1
DB13853,Anethole trithione,TGM2
DB13857,Demegestone,PGR
DB13867,Fluticasone,NR3C1
DB13867,Fluticasone,PGR
DB13867,Fluticasone,PLA2G4A
DB13867,Fluticasone,NR3C2
DB13868,Adefovir,P
DB13868,Adefovir,
DB13869,2-Methoxy-6-{(E)-[(4-methylphenyl)imino]methyl}phenol,ESR2
DB13869,2-Methoxy-6-{(E)-[(4-methylphenyl)imino]methyl}phenol,ESR1
DB13872,Lormetazepam,GABRA1
DB13872,Lormetazepam,GABRA1
DB13873,Fenofibric acid,PPARA
DB13873,Fenofibric acid,FABP1
DB13873,Fenofibric acid,MMP25
DB13873,Fenofibric acid,PPARG
DB13873,Fenofibric acid,PPARD
DB13873,Fenofibric acid,NR1I2
DB13874,Enasidenib,IDH2
DB13874,Enasidenib,IDH3G
DB13874,Enasidenib,IDH3B
DB13874,Enasidenib,IDH3A
DB13874,Enasidenib,IDH1
DB13875,Harmaline,HNMT
DB13876,Brofaromine,MAOA
DB13877,Iniparib,PARP1
DB13878,Pibrentasvir,NS5A
DB13879,Glecaprevir,
DB13879,Glecaprevir,NS3/4A
DB13881,Tisagenlecleucel,CD19
DB13881,Tisagenlecleucel,MS4A1
DB13884,Albutrepenonacog alfa,F10
DB13893,Crotalus adamanteus antivenin,PLA2G10
DB13894,Agkistrodon piscivorus antivenin,PLA2G10
DB13896,Talimogene laherparepvec,CSF2
DB13897,Equine Botulinum Neurotoxin E Immune FAB2,botE
DB13898,Equine Botulinum Neurotoxin C Immune FAB2,
DB13899,Equine Botulinum Neurotoxin G Immune FAB2,botG
DB13900,Equine Botulinum Neurotoxin A Immune FAB2,a
DB13901,Equine Botulinum Neurotoxin F Immune FAB2,botF
DB13902,Equine Botulinum Neurotoxin D Immune FAB2,botD
DB13903,Equine Botulinum Neurotoxin B Immune FAB2,botB
DB13908,Amylmetacresol,SCN2A
DB13912,Coumermycin A1,gyrB
DB13914,Volixibat,SLC10A2
DB13915,Axicabtagene ciloleucel,CD19
DB13918,Diclofop-methyl,inhA
DB13919,Candesartan,AGTR1
DB13920,Valopicitabine,
DB13923,Emicizumab,F9
DB13923,Emicizumab,F10
DB13925,Dotatate gallium Ga-68,SSTR2
DB13926,Cenegermin,NTRK1
DB13926,Cenegermin,NGFR
DB13927,Emrusolmin,SNCA
DB13928,Semaglutide,GLP1R
DB13929,Relcovaptan,OXTR
DB13929,Relcovaptan,AVPR1A
DB13930,Ulixertinib,EPHB2
DB13930,Ulixertinib,MAPK3
DB13930,Ulixertinib,MAPK1
DB13931,Netarsudil,ROCK2
DB13931,Netarsudil,SLC6A2
DB13931,Netarsudil,ROCK1
DB13932,Voretigene neparvovec,RPE65
DB13933,Nonacog beta pegol,F7
DB13933,Nonacog beta pegol,F8
DB13933,Nonacog beta pegol,F10
DB13934,Ligandrol,AR
DB13939,Vosilasarm,AR
DB13940,"2,5-Dimethoxy-4-ethylthioamphetamine",HTR2A
DB13940,"2,5-Dimethoxy-4-ethylthioamphetamine",HTR2C
DB13943,Testosterone cypionate,AR
DB13943,Testosterone cypionate,ESR1
DB13943,Testosterone cypionate,NR3C2
DB13944,Testosterone enanthate,AR
DB13944,Testosterone enanthate,ESR1
DB13944,Testosterone enanthate,NR3C2
DB13946,Testosterone undecanoate,AR
DB13948,"N-(2-hydroxybenzyl)-2,5-dimethoxy-4-cyanophenylethylamine",HTR2A
DB13949,Ferric cation,TFRC
DB13949,Ferric cation,fhuD
DB13950,WIN 55212-2,CNR2
DB13950,WIN 55212-2,CNR1
DB13951,Stanolone acetate,AR
DB13951,Stanolone acetate,HSD17B1
DB13951,Stanolone acetate,ESR1
DB13951,Stanolone acetate,NR3C2
DB13952,Estradiol acetate,ESR1
DB13952,Estradiol acetate,ESR2
DB13952,Estradiol acetate,NR1I2
DB13952,Estradiol acetate,CHRNA4
DB13952,Estradiol acetate,NCOA2
DB13952,Estradiol acetate,GPER1
DB13952,Estradiol acetate,MT-ATP6
DB13952,Estradiol acetate,BECN1
DB13952,Estradiol acetate,HSD17B2
DB13952,Estradiol acetate,ESRRG
DB13953,Estradiol benzoate,ESR1
DB13953,Estradiol benzoate,ESR2
DB13953,Estradiol benzoate,NR1I2
DB13953,Estradiol benzoate,CHRNA4
DB13953,Estradiol benzoate,NCOA2
DB13953,Estradiol benzoate,GPER1
DB13953,Estradiol benzoate,MT-ATP6
DB13953,Estradiol benzoate,BECN1
DB13953,Estradiol benzoate,HSD17B2
DB13953,Estradiol benzoate,ESRRG
DB13954,Estradiol cypionate,ESR1
DB13954,Estradiol cypionate,ESR2
DB13954,Estradiol cypionate,NR1I2
DB13954,Estradiol cypionate,ESRRG
DB13954,Estradiol cypionate,NCOA2
DB13954,Estradiol cypionate,GPER1
DB13954,Estradiol cypionate,CHRNA4
DB13954,Estradiol cypionate,MT-ATP6
DB13954,Estradiol cypionate,BECN1
DB13954,Estradiol cypionate,HSD17B2
DB13955,Estradiol dienanthate,ESR1
DB13955,Estradiol dienanthate,ESR2
DB13955,Estradiol dienanthate,NR1I2
DB13955,Estradiol dienanthate,CHRNA4
DB13955,Estradiol dienanthate,NCOA2
DB13955,Estradiol dienanthate,GPER1
DB13955,Estradiol dienanthate,MT-ATP6
DB13955,Estradiol dienanthate,BECN1
DB13955,Estradiol dienanthate,HSD17B2
DB13955,Estradiol dienanthate,ESRRG
DB13956,Estradiol valerate,ESR1
DB13956,Estradiol valerate,ESR2
DB13956,Estradiol valerate,NR1I2
DB13956,Estradiol valerate,ESRRG
DB13956,Estradiol valerate,NCOA2
DB13956,Estradiol valerate,GPER1
DB13956,Estradiol valerate,CHRNA4
DB13956,Estradiol valerate,MT-ATP6
DB13956,Estradiol valerate,BECN1
DB13956,Estradiol valerate,HSD17B2
DB13961,Fish oil,DGAT2
DB13961,Fish oil,PTGS2
DB13961,Fish oil,FFAR4
DB13961,Fish oil,CACNA1C
DB13961,Fish oil,SCN1A
DB13961,Fish oil,NFKB2
DB13961,Fish oil,SREBF1
DB13961,Fish oil,PPARA
DB13961,Fish oil,PPARG
DB13961,Fish oil,PPARD
DB13967,Patent Blue,ALB
DB13978,Selisistat,SIRT1
DB13979,Besilesomab,
DB13981,Nomegestrol acetate,ESR1
DB13983,"5,7,2′-trihydroxy-6,8-dimethoxyflavone",GABRA1
DB13985,Lutetium Lu 177 dotatate,SSTR2
DB13985,Lutetium Lu 177 dotatate,SSTR1
DB13985,Lutetium Lu 177 dotatate,SSTR3
DB13985,Lutetium Lu 177 dotatate,SSTR4
DB13985,Lutetium Lu 177 dotatate,SSTR5
DB13988,SB-269970,HTR7
DB13993,MRK-409,GABRA3
DB13993,MRK-409,GABRA2
DB13994,AZD-7325,GABRA3
DB13994,AZD-7325,GABRA2
DB13995,Ferric pyrophosphate citrate,FTL
DB13995,Ferric pyrophosphate citrate,FTH1
DB13995,Ferric pyrophosphate citrate,HBA1
DB13995,Ferric pyrophosphate citrate,HBB
DB13996,Magnesium acetate,ATP1A1
DB13997,Baloxavir marboxil,PA
DB13998,Lonoctocog alfa,F10
DB13998,Lonoctocog alfa,F9
DB13998,Lonoctocog alfa,VWF
DB13998,Lonoctocog alfa,PHYH
DB13998,Lonoctocog alfa,ASGR2
DB13998,Lonoctocog alfa,HSPA5
DB13998,Lonoctocog alfa,CALR
DB13998,Lonoctocog alfa,CANX
DB13998,Lonoctocog alfa,LMAN1
DB13998,Lonoctocog alfa,LRP1
DB13998,Lonoctocog alfa,MCFD2
DB13999,Moroctocog alfa,F10
DB13999,Moroctocog alfa,F9
DB13999,Moroctocog alfa,VWF
DB13999,Moroctocog alfa,PHYH
DB13999,Moroctocog alfa,ASGR2
DB13999,Moroctocog alfa,HSPA5
DB13999,Moroctocog alfa,CALR
DB13999,Moroctocog alfa,CANX
DB13999,Moroctocog alfa,LMAN1
DB13999,Moroctocog alfa,LRP1
DB13999,Moroctocog alfa,MCFD2
DB14001,alpha-Tocopherol succinate,SEC14L3
DB14001,alpha-Tocopherol succinate,SEC14L2
DB14001,alpha-Tocopherol succinate,NR1I2
DB14001,alpha-Tocopherol succinate,PRKCB
DB14001,alpha-Tocopherol succinate,ALOX5
DB14001,alpha-Tocopherol succinate,PRKCA
DB14001,alpha-Tocopherol succinate,DGKA
DB14002,D-alpha-Tocopherol acetate,SEC14L3
DB14002,D-alpha-Tocopherol acetate,SEC14L2
DB14002,D-alpha-Tocopherol acetate,NR1I2
DB14002,D-alpha-Tocopherol acetate,PRKCB
DB14002,D-alpha-Tocopherol acetate,ALOX5
DB14002,D-alpha-Tocopherol acetate,PRKCA
DB14004,Tildrakizumab,IL12B
DB14004,Tildrakizumab,IL37
DB14004,Tildrakizumab,IL23A
DB14006,Choline salicylate,PCYT1B
DB14006,Choline salicylate,ACHE
DB14006,Choline salicylate,PCYT1A
DB14006,Choline salicylate,PLD2
DB14006,Choline salicylate,BCHE
DB14006,Choline salicylate,PLD1
DB14006,Choline salicylate,CHRNA7
DB14009,Medical Cannabis,CNR1
DB14009,Medical Cannabis,CNR2
DB14009,Medical Cannabis,GPR12
DB14009,Medical Cannabis,GLRA1
DB14009,Medical Cannabis,GLRA1
DB14009,Medical Cannabis,GLRA3
DB14009,Medical Cannabis,GPR18
DB14009,Medical Cannabis,GPR55
DB14009,Medical Cannabis,HTR1A
DB14009,Medical Cannabis,HTR2A
DB14009,Medical Cannabis,CHRNA7
DB14009,Medical Cannabis,OPRD1
DB14009,Medical Cannabis,OPRM1
DB14009,Medical Cannabis,PPARG
DB14009,Medical Cannabis,TRPV1
DB14009,Medical Cannabis,CACNA1G
DB14009,Medical Cannabis,CACNA1H
DB14009,Medical Cannabis,CACNA1I
DB14009,Medical Cannabis,TRPA1
DB14009,Medical Cannabis,TRPM8
DB14009,Medical Cannabis,TRPV2
DB14009,Medical Cannabis,TRPV3
DB14009,Medical Cannabis,TRPV4
DB14009,Medical Cannabis,VDAC1
DB14009,Medical Cannabis,NAPEPLD
DB14009,Medical Cannabis,NAAA
DB14009,Medical Cannabis,AANAT
DB14009,Medical Cannabis,PLA2G1B
DB14009,Medical Cannabis,SOD1
DB14009,Medical Cannabis,FAAH
DB14009,Medical Cannabis,CAT
DB14009,Medical Cannabis,CRYZ
DB14009,Medical Cannabis,SMPD1
DB14009,Medical Cannabis,GPX1
DB14009,Medical Cannabis,GSR
DB14009,Medical Cannabis,HMGCR
DB14009,Medical Cannabis,IDO1
DB14009,Medical Cannabis,PTGS1
DB14009,Medical Cannabis,PTGS2
DB14009,Medical Cannabis,CYP17A1
DB14009,Medical Cannabis,ACAT1
DB14010,"5-methoxy-N,N-dimethyltryptamine",HTR2C
DB14010,"5-methoxy-N,N-dimethyltryptamine",HTR2B
DB14010,"5-methoxy-N,N-dimethyltryptamine",HTR6
DB14010,"5-methoxy-N,N-dimethyltryptamine",HTR1A
DB14010,"5-methoxy-N,N-dimethyltryptamine",HTR2A
DB14011,Nabiximols,CNR1
DB14011,Nabiximols,CNR2
DB14011,Nabiximols,GPR12
DB14011,Nabiximols,GLRA1
DB14011,Nabiximols,GLRA1
DB14011,Nabiximols,GLRA3
DB14011,Nabiximols,GPR18
DB14011,Nabiximols,GPR55
DB14011,Nabiximols,HTR1A
DB14011,Nabiximols,HTR2A
DB14011,Nabiximols,CHRNA7
DB14011,Nabiximols,OPRD1
DB14011,Nabiximols,OPRM1
DB14011,Nabiximols,PPARG
DB14011,Nabiximols,TRPV1
DB14011,Nabiximols,CACNA1G
DB14011,Nabiximols,CACNA1H
DB14011,Nabiximols,CACNA1I
DB14011,Nabiximols,TRPA1
DB14011,Nabiximols,TRPM8
DB14011,Nabiximols,TRPV2
DB14011,Nabiximols,TRPV3
DB14011,Nabiximols,TRPV4
DB14011,Nabiximols,VDAC1
DB14011,Nabiximols,PTGS1
DB14011,Nabiximols,PTGS2
DB14011,Nabiximols,ACAT1
DB14011,Nabiximols,CYP17A1
DB14011,Nabiximols,HMGCR
DB14011,Nabiximols,GSR
DB14011,Nabiximols,GPX1
DB14011,Nabiximols,IDO1
DB14011,Nabiximols,AANAT
DB14011,Nabiximols,CYP1B1
DB14011,Nabiximols,CYP3A5
DB14011,Nabiximols,CYP2D6
DB14011,Nabiximols,CYP1A2
DB14011,Nabiximols,CYP1A1
DB14011,Nabiximols,CYP3A7
DB14011,Nabiximols,CRYZ
DB14011,Nabiximols,CAT
DB14011,Nabiximols,FAAH
DB14011,Nabiximols,SOD1
DB14011,Nabiximols,NAAA
DB14012,Burosumab,FGF23
DB14013,SR-9009,NR1D1
DB14013,SR-9009,NR1D2
DB14014,SR-9011,NR1D2
DB14014,SR-9011,NR1D1
DB14017,H3B-8800,SF3B1
DB14018,Bromotheophylline,ADORA1
DB14019,Fosnetupitant,TACR1
DB14020,Benzoin,CES1
DB14025,Clinafloxacin,gyrB
DB14025,Clinafloxacin,gyrA
DB14027,Taspoglutide,GLP1R
DB14028,Nordazepam,GABRA1
DB14028,Nordazepam,GABRA1
DB14033,Acetyl sulfisoxazole,folP
DB14034,Darglitazone,PPARG
DB14035,Englitazone,PPARG
DB14039,Erenumab,CALCRL
DB14040,Eptinezumab,CALCA
DB14040,Eptinezumab,CALCB
DB14041,Fremanezumab,CALCA
DB14041,Fremanezumab,CALCB
DB14041,Fremanezumab,CALCRL
DB14042,Galcanezumab,CALCA
DB14042,Galcanezumab,CALCB
DB14042,Galcanezumab,CALCRL
DB14043,Palmidrol,CNR2
DB14043,Palmidrol,GPR55
DB14043,Palmidrol,GPR119
DB14049,Nitrate,CA1
DB14049,Nitrate,CA2
DB14050,Cannabidivarin,TRPV1
DB14050,Cannabidivarin,TRPV2
DB14050,Cannabidivarin,TRPA1
DB14050,Cannabidivarin,DAGLA
DB14054,Asiatic acid,PYGM
DB14058,Basifungin,AUR1
DB14059,SC-236,PTGS2
DB14059,SC-236,NFKB2
DB14059,SC-236,PTGS2
DB14060,NS-398,PTGS2
DB14060,NS-398,PTGS2
DB14061,Hycanthone,ABCB1
DB14062,Concanamycin A,ABCB1
DB14063,Dexverapamil,ABCB1
DB14064,Emopamil,ABCB1
DB14065,Lomerizine,ABCB1
DB14065,Lomerizine,CACNA1B
DB14065,Lomerizine,SCN5A
DB14066,Tetrandrine,ABCB1
DB14067,Dofequidar,ABCB4
DB14067,Dofequidar,ABCB5
DB14067,Dofequidar,ABCB1
DB14068,Dexniguldipine,ABCB4
DB14068,Dexniguldipine,ABCB1
DB14069,ONT-093,ABCB1
DB14070,HM-30181,ABCB1
DB14070,HM-30181,ABCB4
DB14071,Desmethylsertraline,ABCB1
DB14072,Reversin 121,ABCB1
DB14074,Icaridin,OBP-1
DB14083,Bisphenol A diglycidyl ether,CATSPER1
DB14086,Cianidanol,CA4
DB14086,Cianidanol,PTGS1
DB14086,Cianidanol,CA1
DB14086,Cianidanol,CA14
DB14086,Cianidanol,CA9
DB14086,Cianidanol,CA6
DB14086,Cianidanol,CA12
DB14086,Cianidanol,CA2
DB14104,Linoleic acid,FABP4
DB14109,alpha-Arbutin,GAA
DB14123,Racementhol,TRPM8
DB14126,Tenofovir,pol
DB14126,Tenofovir,rt
DB14126,Tenofovir,
DB14126,Tenofovir,gag-pol
DB14127,Sacubitrilat,MME
DB14128,Nadide,IMPDH2
DB14128,Nadide,inhA
DB14128,Nadide,GSR
DB14128,Nadide,HMGCR
DB14128,Nadide,MGAM
DB14128,Nadide,ALDH2
DB14128,Nadide,BLVRA
DB14128,Nadide,GANC
DB14128,Nadide,GANAB
DB14128,Nadide,GAA
DB14128,Nadide,HSD17B1
DB14132,8-chlorotheophylline,ADORA2A
DB14144,p-Aminophenol,CA14
DB14145,Nepidermin,EGFR
DB14146,Oxycodegol,OPRM1
DB14146,Oxycodegol,OPRD1
DB14146,Oxycodegol,OPRK1
DB14174,Dipentamethylenethiuram disulfide,ALDH3A2
DB14183,Geraniol,TRPM8
DB14184,Cinnamaldehyde,TRPA1
DB14184,Cinnamaldehyde,TRPV3
DB14185,Aripiprazole lauroxil,DRD2
DB14185,Aripiprazole lauroxil,HTR1A
DB14185,Aripiprazole lauroxil,HTR2A
DB14185,Aripiprazole lauroxil,HTR1B
DB14185,Aripiprazole lauroxil,HTR1D
DB14185,Aripiprazole lauroxil,HTR1E
DB14185,Aripiprazole lauroxil,DRD1
DB14185,Aripiprazole lauroxil,DRD5
DB14185,Aripiprazole lauroxil,DRD3
DB14185,Aripiprazole lauroxil,DRD4
DB14185,Aripiprazole lauroxil,HTR2C
DB14185,Aripiprazole lauroxil,HTR3A
DB14185,Aripiprazole lauroxil,HTR6
DB14185,Aripiprazole lauroxil,HTR7
DB14185,Aripiprazole lauroxil,HRH1
DB14185,Aripiprazole lauroxil,ADRA1A
DB14185,Aripiprazole lauroxil,ADRA1B
DB14185,Aripiprazole lauroxil,ADRA2A
DB14185,Aripiprazole lauroxil,ADRA2B
DB14185,Aripiprazole lauroxil,ADRA2C
DB14185,Aripiprazole lauroxil,CHRM1
DB14185,Aripiprazole lauroxil,CHRM2
DB14185,Aripiprazole lauroxil,CHRM3
DB14185,Aripiprazole lauroxil,CHRM4
DB14185,Aripiprazole lauroxil,CHRM5
DB14187,Hydroxycitronellal,TRPM8
DB14189,Ethylenediamine,folP
DB14210,Moexiprilat,ACE
DB14212,Methylparaben,TRPA1
DB14307,Green tea leaf,CHRM2
DB14307,Green tea leaf,SQLE
DB14371,Mangostin,ALOX15
DB14481,Calcium phosphate dihydrate,CASR
DB14481,Calcium phosphate dihydrate,CALR
DB14481,Calcium phosphate dihydrate,CIB1
DB14481,Calcium phosphate dihydrate,PDCD6
DB14481,Calcium phosphate dihydrate,SRI
DB14481,Calcium phosphate dihydrate,CHP1
DB14481,Calcium phosphate dihydrate,SPARC
DB14481,Calcium phosphate dihydrate,CANX
DB14481,Calcium phosphate dihydrate,FBN2
DB14481,Calcium phosphate dihydrate,S100B
DB14481,Calcium phosphate dihydrate,CASQ2
DB14481,Calcium phosphate dihydrate,RGN
DB14481,Calcium phosphate dihydrate,PEF1
DB14481,Calcium phosphate dihydrate,S100A6
DB14481,Calcium phosphate dihydrate,TPT1
DB14481,Calcium phosphate dihydrate,CIB2
DB14481,Calcium phosphate dihydrate,S100A13
DB14481,Calcium phosphate dihydrate,CASQ1
DB14481,Calcium phosphate dihydrate,NUCB1
DB14481,Calcium phosphate dihydrate,NUCB2
DB14481,Calcium phosphate dihydrate,FBN3
DB14481,Calcium phosphate dihydrate,GCA
DB14481,Calcium phosphate dihydrate,CADPS
DB14481,Calcium phosphate dihydrate,CALM2
DB14481,Calcium phosphate dihydrate,CALM3
DB14481,Calcium phosphate dihydrate,S100A16
DB14481,Calcium phosphate dihydrate,CALB2
DB14481,Calcium phosphate dihydrate,CAPS
DB14481,Calcium phosphate dihydrate,CADPS2
DB14481,Calcium phosphate dihydrate,CALR3
DB14481,Calcium phosphate dihydrate,NRXN1
DB14481,Calcium phosphate dihydrate,NCS1
DB14481,Calcium phosphate dihydrate,CALM1
DB14487,Zinc acetate,BDKRB1
DB14487,Zinc acetate,MGMT
DB14487,Zinc acetate,ALDOA
DB14487,Zinc acetate,EEF1A1
DB14487,Zinc acetate,ENO1
DB14487,Zinc acetate,GAPDHS
DB14487,Zinc acetate,NME1
DB14487,Zinc acetate,P4HB
DB14487,Zinc acetate,PDIA3
DB14487,Zinc acetate,PRDX1
DB14487,Zinc acetate,PSPH
DB14487,Zinc acetate,TPI1
DB14487,Zinc acetate,TUFM
DB14487,Zinc acetate,ESR1
DB14487,Zinc acetate,IL3
DB14487,Zinc acetate,MT2A
DB14487,Zinc acetate,CCS
DB14487,Zinc acetate,HDAC1
DB14487,Zinc acetate,HDAC4
DB14487,Zinc acetate,MPG
DB14487,Zinc acetate,SEMG1
DB14487,Zinc acetate,SOD1
DB14487,Zinc acetate,HDAC8
DB14487,Zinc acetate,SIVA1
DB14487,Zinc acetate,GLRA1
DB14487,Zinc acetate,MDM2
DB14487,Zinc acetate,INS
DB14487,Zinc acetate,UTRN
DB14487,Zinc acetate,ASPA
DB14487,Zinc acetate,S100A8
DB14487,Zinc acetate,S100A9
DB14487,Zinc acetate,MMP9
DB14487,Zinc acetate,TP73
DB14487,Zinc acetate,S100A2
DB14487,Zinc acetate,TP53
DB14487,Zinc acetate,MT3
DB14487,Zinc acetate,PDCD6
DB14487,Zinc acetate,DAND5
DB14487,Zinc acetate,MT1A
DB14487,Zinc acetate,A1BG
DB14487,Zinc acetate,A2M
DB14487,Zinc acetate,AGT
DB14487,Zinc acetate,AHSG
DB14487,Zinc acetate,APCS
DB14487,Zinc acetate,APOA1
DB14487,Zinc acetate,APOA2
DB14487,Zinc acetate,APOA4
DB14487,Zinc acetate,APOBR
DB14487,Zinc acetate,APOE
DB14487,Zinc acetate,APOL1
DB14487,Zinc acetate,C1QB
DB14487,Zinc acetate,C1QC
DB14487,Zinc acetate,C1R
DB14487,Zinc acetate,C1S
DB14487,Zinc acetate,C3
DB14487,Zinc acetate,C4B
DB14487,Zinc acetate,C4BPA
DB14487,Zinc acetate,C4BPB
DB14487,Zinc acetate,C5
DB14487,Zinc acetate,BRCC3
DB14487,Zinc acetate,C8A
DB14487,Zinc acetate,C8B
DB14487,Zinc acetate,C8G
DB14487,Zinc acetate,CFB
DB14487,Zinc acetate,CFH
DB14487,Zinc acetate,CFI
DB14487,Zinc acetate,CLU
DB14487,Zinc acetate,CP
DB14487,Zinc acetate,CPN1
DB14487,Zinc acetate,CPN2
DB14487,Zinc acetate,DCD
DB14487,Zinc acetate,DSP
DB14487,Zinc acetate,F12
DB14487,Zinc acetate,F13B
DB14487,Zinc acetate,F2
DB14487,Zinc acetate,FCN3
DB14487,Zinc acetate,FGA
DB14487,Zinc acetate,FN1
DB14487,Zinc acetate,GSN
DB14487,Zinc acetate,HBA1
DB14487,Zinc acetate,HBB
DB14487,Zinc acetate,HPR
DB14487,Zinc acetate,HRNR
DB14487,Zinc acetate,IGFALS
DB14487,Zinc acetate,IGHA1
DB14487,Zinc acetate,IGHM
DB14487,Zinc acetate,IGKV1-17
DB14487,Zinc acetate,IGKV3-20
DB14487,Zinc acetate,IGLV3-21
DB14487,Zinc acetate,ITIH1
DB14487,Zinc acetate,ITIH2
DB14487,Zinc acetate,ITIH3
DB14487,Zinc acetate,ITIH4
DB14487,Zinc acetate,JCHAIN
DB14487,Zinc acetate,JUP
DB14487,Zinc acetate,KLKB1
DB14487,Zinc acetate,KNG1
DB14487,Zinc acetate,KRT1
DB14487,Zinc acetate,KRT10
DB14487,Zinc acetate,KRT14
DB14487,Zinc acetate,KRT16
DB14487,Zinc acetate,KRT2
DB14487,Zinc acetate,KRT5
DB14487,Zinc acetate,KRT6A
DB14487,Zinc acetate,KRT9
DB14487,Zinc acetate,ORM2
DB14487,Zinc acetate,PGLYRP2
DB14487,Zinc acetate,PON1
DB14487,Zinc acetate,PZP
DB14487,Zinc acetate,S100A7
DB14487,Zinc acetate,SELENOP
DB14487,Zinc acetate,SERPINA1
DB14487,Zinc acetate,SERPINA3
DB14487,Zinc acetate,SERPINA4
DB14487,Zinc acetate,SERPINA6
DB14487,Zinc acetate,SERPIND1
DB14487,Zinc acetate,SHBG
DB14487,Zinc acetate,TF
DB14487,Zinc acetate,TTR
DB14487,Zinc acetate,VTN
DB14487,Zinc acetate,APLP1
DB14487,Zinc acetate,APLP2
DB14487,Zinc acetate,APP
DB14487,Zinc acetate,PARP1
DB14488,Ferrous gluconate,TFRC
DB14488,Ferrous gluconate,EGLN1
DB14488,Ferrous gluconate,HDAC8
DB14488,Ferrous gluconate,AHSP
DB14488,Ferrous gluconate,HBA1
DB14488,Ferrous gluconate,FXN
DB14488,Ferrous gluconate,FTH1
DB14488,Ferrous gluconate,FEN1
DB14488,Ferrous gluconate,NEIL1
DB14488,Ferrous gluconate,NEIL2
DB14488,Ferrous gluconate,POLB
DB14488,Ferrous gluconate,CP
DB14488,Ferrous gluconate,TF
DB14489,Ferrous succinate,TFRC
DB14489,Ferrous succinate,EGLN1
DB14489,Ferrous succinate,HDAC8
DB14489,Ferrous succinate,AHSP
DB14489,Ferrous succinate,HBA1
DB14489,Ferrous succinate,FXN
DB14489,Ferrous succinate,FTH1
DB14489,Ferrous succinate,FEN1
DB14489,Ferrous succinate,NEIL1
DB14489,Ferrous succinate,NEIL2
DB14489,Ferrous succinate,POLB
DB14489,Ferrous succinate,CP
DB14489,Ferrous succinate,TF
DB14490,Ferrous ascorbate,TFRC
DB14490,Ferrous ascorbate,EGLN1
DB14490,Ferrous ascorbate,HDAC8
DB14490,Ferrous ascorbate,AHSP
DB14490,Ferrous ascorbate,HBA1
DB14490,Ferrous ascorbate,FXN
DB14490,Ferrous ascorbate,FTH1
DB14490,Ferrous ascorbate,FEN1
DB14490,Ferrous ascorbate,NEIL1
DB14490,Ferrous ascorbate,NEIL2
DB14490,Ferrous ascorbate,POLB
DB14490,Ferrous ascorbate,CP
DB14490,Ferrous ascorbate,TF
DB14491,Ferrous fumarate,TFRC
DB14491,Ferrous fumarate,EGLN1
DB14491,Ferrous fumarate,HDAC8
DB14491,Ferrous fumarate,AHSP
DB14491,Ferrous fumarate,HBA1
DB14491,Ferrous fumarate,FXN
DB14491,Ferrous fumarate,FTH1
DB14491,Ferrous fumarate,FEN1
DB14491,Ferrous fumarate,NEIL1
DB14491,Ferrous fumarate,NEIL2
DB14491,Ferrous fumarate,POLB
DB14491,Ferrous fumarate,CP
DB14491,Ferrous fumarate,TF
DB14498,Potassium acetate,ATP1A1
DB14499,Potassium sulfate,ATP1A1
DB14500,Potassium,ATP1A1
DB14501,Ferrous glycine sulfate,TFRC
DB14501,Ferrous glycine sulfate,EGLN1
DB14501,Ferrous glycine sulfate,HDAC8
DB14501,Ferrous glycine sulfate,AHSP
DB14501,Ferrous glycine sulfate,HBA1
DB14501,Ferrous glycine sulfate,FXN
DB14501,Ferrous glycine sulfate,FTH1
DB14501,Ferrous glycine sulfate,FEN1
DB14501,Ferrous glycine sulfate,NEIL1
DB14501,Ferrous glycine sulfate,NEIL2
DB14501,Ferrous glycine sulfate,POLB
DB14501,Ferrous glycine sulfate,CP
DB14501,Ferrous glycine sulfate,TF
DB14502,"Sodium phosphate, dibasic",CA4
DB14507,Lithium citrate,IMPA2
DB14507,Lithium citrate,IMPA1
DB14507,Lithium citrate,GSK3B
DB14507,Lithium citrate,GRIA3
DB14508,Lithium succinate,IMPA2
DB14508,Lithium succinate,IMPA1
DB14508,Lithium succinate,GSK3B
DB14508,Lithium succinate,GRIA3
DB14509,Lithium carbonate,IMPA2
DB14509,Lithium carbonate,GSK3A
DB14509,Lithium carbonate,IMPA1
DB14509,Lithium carbonate,GSK3B
DB14509,Lithium carbonate,GRIA3
DB14511,Acetate,blaZ
DB14511,Acetate,PLA2G1B
DB14511,Acetate,AKR1C3
DB14511,Acetate,CALM3
DB14511,Acetate,CALM2
DB14511,Acetate,CALM1
DB14511,Acetate,LTA4H
DB14511,Acetate,TXN
DB14511,Acetate,HPD
DB14511,Acetate,ESR2
DB14511,Acetate,CA2
DB14511,Acetate,NOS3
DB14511,Acetate,LACZ
DB14511,Acetate,CELA1
DB14511,Acetate,
DB14511,Acetate,NOS1
DB14511,Acetate,PTPN1
DB14511,Acetate,glmS
DB14511,Acetate,ACE
DB14511,Acetate,ABAT
DB14511,Acetate,SOD1
DB14511,Acetate,MMP12
DB14512,Mometasone furoate,NR3C1
DB14512,Mometasone furoate,PGR
DB14514,Magnesium levulinate,ATP1A1
DB14515,Magnesium lactate,ATP1A1
DB14517,Aluminium phosphate,TF
DB14517,Aluminium phosphate,ATP1A1
DB14517,Aluminium phosphate,KLK1
DB14517,Aluminium phosphate,APP
DB14518,Aluminum acetate,TF
DB14518,Aluminum acetate,ATP1A1
DB14518,Aluminum acetate,KLK1
DB14518,Aluminum acetate,APP
DB14520,Tetraferric tricitrate decahydrate,TFRC
DB14520,Tetraferric tricitrate decahydrate,fhuD
DB14526,Chromic citrate,CYB5A
DB14527,Chromic nitrate,CYB5A
DB14528,Chromium gluconate,CYB5A
DB14529,Chromium nicotinate,CYB5A
DB14530,Chromous sulfate,CYB5A
DB14533,Zinc chloride,BDKRB1
DB14533,Zinc chloride,MGMT
DB14533,Zinc chloride,ALDOA
DB14533,Zinc chloride,EEF1A1
DB14533,Zinc chloride,ENO1
DB14533,Zinc chloride,GAPDHS
DB14533,Zinc chloride,NME1
DB14533,Zinc chloride,P4HB
DB14533,Zinc chloride,PDIA3
DB14533,Zinc chloride,PRDX1
DB14533,Zinc chloride,PSPH
DB14533,Zinc chloride,TPI1
DB14533,Zinc chloride,TUFM
DB14533,Zinc chloride,ESR1
DB14533,Zinc chloride,IL3
DB14533,Zinc chloride,MT2A
DB14533,Zinc chloride,CCS
DB14533,Zinc chloride,HDAC1
DB14533,Zinc chloride,HDAC4
DB14533,Zinc chloride,MPG
DB14533,Zinc chloride,SEMG1
DB14533,Zinc chloride,SOD1
DB14533,Zinc chloride,HDAC8
DB14533,Zinc chloride,SIVA1
DB14533,Zinc chloride,GLRA1
DB14533,Zinc chloride,MDM2
DB14533,Zinc chloride,INS
DB14533,Zinc chloride,UTRN
DB14533,Zinc chloride,ASPA
DB14533,Zinc chloride,S100A8
DB14533,Zinc chloride,S100A9
DB14533,Zinc chloride,MMP9
DB14533,Zinc chloride,TP73
DB14533,Zinc chloride,S100A2
DB14533,Zinc chloride,TP53
DB14533,Zinc chloride,MT3
DB14533,Zinc chloride,MT1A
DB14533,Zinc chloride,A2M
DB14533,Zinc chloride,AHSG
DB14533,Zinc chloride,APOA1
DB14533,Zinc chloride,APOBR
DB14533,Zinc chloride,APOE
DB14533,Zinc chloride,APOL1
DB14533,Zinc chloride,C1QB
DB14533,Zinc chloride,C1QC
DB14533,Zinc chloride,C1R
DB14533,Zinc chloride,C1S
DB14533,Zinc chloride,C3
DB14533,Zinc chloride,C4B
DB14533,Zinc chloride,C4BPA
DB14533,Zinc chloride,C4BPB
DB14533,Zinc chloride,C5
DB14533,Zinc chloride,BRCC3
DB14533,Zinc chloride,CFH
DB14533,Zinc chloride,CLU
DB14533,Zinc chloride,CP
DB14533,Zinc chloride,CPN1
DB14533,Zinc chloride,CPN2
DB14533,Zinc chloride,DCD
DB14533,Zinc chloride,FGA
DB14533,Zinc chloride,FN1
DB14533,Zinc chloride,HBA1
DB14533,Zinc chloride,HBB
DB14533,Zinc chloride,HP
DB14533,Zinc chloride,IGFALS
DB14533,Zinc chloride,ITIH1
DB14533,Zinc chloride,ITIH2
DB14533,Zinc chloride,ITIH3
DB14533,Zinc chloride,ITIH4
DB14533,Zinc chloride,JCHAIN
DB14533,Zinc chloride,KLKB1
DB14533,Zinc chloride,KNG1
DB14533,Zinc chloride,KRT9
DB14533,Zinc chloride,ORM2
DB14533,Zinc chloride,PGLYRP2
DB14533,Zinc chloride,PON1
DB14533,Zinc chloride,PZP
DB14533,Zinc chloride,S100A7
DB14533,Zinc chloride,SELENOP
DB14533,Zinc chloride,SERPINA1
DB14533,Zinc chloride,SERPINA3
DB14533,Zinc chloride,SERPINA6
DB14533,Zinc chloride,SERPIND1
DB14533,Zinc chloride,SHBG
DB14533,Zinc chloride,TF
DB14533,Zinc chloride,TTR
DB14533,Zinc chloride,VTN
DB14533,Zinc chloride,APLP1
DB14533,Zinc chloride,APLP2
DB14533,Zinc chloride,APP
DB14533,Zinc chloride,PARP1
DB14533,Zinc chloride,APOB
DB14533,Zinc chloride,HPX
DB14533,Zinc chloride,HRG
DB14533,Zinc chloride,F11
DB14533,Zinc chloride,APOBEC1
DB14533,Zinc chloride,SEMG2
DB14538,Hydrocortisone aceponate,ANXA1
DB14538,Hydrocortisone aceponate,NR3C1
DB14538,Hydrocortisone aceponate,HSD11B2
DB14538,Hydrocortisone aceponate,HSD3B1
DB14539,Hydrocortisone acetate,ANXA1
DB14539,Hydrocortisone acetate,NR3C1
DB14539,Hydrocortisone acetate,HSD11B2
DB14539,Hydrocortisone acetate,HSD3B1
DB14540,Hydrocortisone butyrate,ANXA1
DB14540,Hydrocortisone butyrate,NR3C1
DB14540,Hydrocortisone butyrate,HSD11B2
DB14540,Hydrocortisone butyrate,HSD3B1
DB14541,Hydrocortisone cypionate,ANXA1
DB14541,Hydrocortisone cypionate,NR3C1
DB14541,Hydrocortisone cypionate,HSD11B2
DB14541,Hydrocortisone cypionate,HSD3B1
DB14542,Hydrocortisone phosphate,ANXA1
DB14542,Hydrocortisone phosphate,NR3C1
DB14542,Hydrocortisone phosphate,HSD11B2
DB14542,Hydrocortisone phosphate,HSD3B1
DB14543,Hydrocortisone probutate,ANXA1
DB14543,Hydrocortisone probutate,NR3C1
DB14543,Hydrocortisone probutate,HSD11B2
DB14543,Hydrocortisone probutate,HSD3B1
DB14544,Hydrocortisone valerate,ANXA1
DB14544,Hydrocortisone valerate,NR3C1
DB14544,Hydrocortisone valerate,HSD11B2
DB14544,Hydrocortisone valerate,HSD3B1
DB14546,Sulfate ion,CA1
DB14547,Chloride ion,ERG11
DB14548,"Zinc sulfate, unspecified form",BDKRB1
DB14548,"Zinc sulfate, unspecified form",MGMT
DB14548,"Zinc sulfate, unspecified form",ALDOA
DB14548,"Zinc sulfate, unspecified form",EEF1A1
DB14548,"Zinc sulfate, unspecified form",ENO1
DB14548,"Zinc sulfate, unspecified form",GAPDHS
DB14548,"Zinc sulfate, unspecified form",NME1
DB14548,"Zinc sulfate, unspecified form",P4HB
DB14548,"Zinc sulfate, unspecified form",PDIA3
DB14548,"Zinc sulfate, unspecified form",PRDX1
DB14548,"Zinc sulfate, unspecified form",PSPH
DB14548,"Zinc sulfate, unspecified form",TPI1
DB14548,"Zinc sulfate, unspecified form",TUFM
DB14548,"Zinc sulfate, unspecified form",ESR1
DB14548,"Zinc sulfate, unspecified form",IL3
DB14548,"Zinc sulfate, unspecified form",MT2A
DB14548,"Zinc sulfate, unspecified form",CCS
DB14548,"Zinc sulfate, unspecified form",HDAC1
DB14548,"Zinc sulfate, unspecified form",HDAC4
DB14548,"Zinc sulfate, unspecified form",MPG
DB14548,"Zinc sulfate, unspecified form",SEMG1
DB14548,"Zinc sulfate, unspecified form",SOD1
DB14548,"Zinc sulfate, unspecified form",HDAC8
DB14548,"Zinc sulfate, unspecified form",SIVA1
DB14548,"Zinc sulfate, unspecified form",GLRA1
DB14548,"Zinc sulfate, unspecified form",MDM2
DB14548,"Zinc sulfate, unspecified form",INS
DB14548,"Zinc sulfate, unspecified form",UTRN
DB14548,"Zinc sulfate, unspecified form",ASPA
DB14548,"Zinc sulfate, unspecified form",S100A8
DB14548,"Zinc sulfate, unspecified form",S100A9
DB14548,"Zinc sulfate, unspecified form",MMP9
DB14548,"Zinc sulfate, unspecified form",TP73
DB14548,"Zinc sulfate, unspecified form",S100A2
DB14548,"Zinc sulfate, unspecified form",TP53
DB14548,"Zinc sulfate, unspecified form",MT3
DB14548,"Zinc sulfate, unspecified form",MT1A
DB14548,"Zinc sulfate, unspecified form",A2M
DB14548,"Zinc sulfate, unspecified form",AHSG
DB14548,"Zinc sulfate, unspecified form",APOA1
DB14548,"Zinc sulfate, unspecified form",APOBR
DB14548,"Zinc sulfate, unspecified form",APOE
DB14548,"Zinc sulfate, unspecified form",APOL1
DB14548,"Zinc sulfate, unspecified form",C1QB
DB14548,"Zinc sulfate, unspecified form",C1QC
DB14548,"Zinc sulfate, unspecified form",C1R
DB14548,"Zinc sulfate, unspecified form",C1S
DB14548,"Zinc sulfate, unspecified form",C3
DB14548,"Zinc sulfate, unspecified form",C4B
DB14548,"Zinc sulfate, unspecified form",C4BPA
DB14548,"Zinc sulfate, unspecified form",C4BPB
DB14548,"Zinc sulfate, unspecified form",C5
DB14548,"Zinc sulfate, unspecified form",BRCC3
DB14548,"Zinc sulfate, unspecified form",CFH
DB14548,"Zinc sulfate, unspecified form",CLU
DB14548,"Zinc sulfate, unspecified form",CP
DB14548,"Zinc sulfate, unspecified form",CPN1
DB14548,"Zinc sulfate, unspecified form",CPN2
DB14548,"Zinc sulfate, unspecified form",DCD
DB14548,"Zinc sulfate, unspecified form",FGA
DB14548,"Zinc sulfate, unspecified form",FN1
DB14548,"Zinc sulfate, unspecified form",HBA1
DB14548,"Zinc sulfate, unspecified form",HBB
DB14548,"Zinc sulfate, unspecified form",HP
DB14548,"Zinc sulfate, unspecified form",IGFALS
DB14548,"Zinc sulfate, unspecified form",ITIH1
DB14548,"Zinc sulfate, unspecified form",ITIH2
DB14548,"Zinc sulfate, unspecified form",ITIH3
DB14548,"Zinc sulfate, unspecified form",ITIH4
DB14548,"Zinc sulfate, unspecified form",JCHAIN
DB14548,"Zinc sulfate, unspecified form",KLKB1
DB14548,"Zinc sulfate, unspecified form",KNG1
DB14548,"Zinc sulfate, unspecified form",KRT9
DB14548,"Zinc sulfate, unspecified form",ORM2
DB14548,"Zinc sulfate, unspecified form",PGLYRP2
DB14548,"Zinc sulfate, unspecified form",PON1
DB14548,"Zinc sulfate, unspecified form",PZP
DB14548,"Zinc sulfate, unspecified form",S100A7
DB14548,"Zinc sulfate, unspecified form",SELENOP
DB14548,"Zinc sulfate, unspecified form",SERPINA1
DB14548,"Zinc sulfate, unspecified form",SERPINA3
DB14548,"Zinc sulfate, unspecified form",SERPINA6
DB14548,"Zinc sulfate, unspecified form",SERPIND1
DB14548,"Zinc sulfate, unspecified form",SHBG
DB14548,"Zinc sulfate, unspecified form",TF
DB14548,"Zinc sulfate, unspecified form",TTR
DB14548,"Zinc sulfate, unspecified form",VTN
DB14548,"Zinc sulfate, unspecified form",APLP1
DB14548,"Zinc sulfate, unspecified form",APLP2
DB14548,"Zinc sulfate, unspecified form",APP
DB14548,"Zinc sulfate, unspecified form",PARP1
DB14548,"Zinc sulfate, unspecified form",APOB
DB14548,"Zinc sulfate, unspecified form",HPX
DB14548,"Zinc sulfate, unspecified form",HRG
DB14548,"Zinc sulfate, unspecified form",F11
DB14548,"Zinc sulfate, unspecified form",APOBEC1
DB14548,"Zinc sulfate, unspecified form",SEMG2
DB14562,Andexanet alfa,TFPI
DB14568,Ivosidenib,IDH1
DB14575,Eslicarbazepine,P2RX4
DB14575,Eslicarbazepine,SCN11A
DB14580,Lecanemab,APP
DB14581,Lirametostat,EZH2
DB14582,Patisiran,TTR
DB14583,Segesterone acetate,PGR
DB14583,Segesterone acetate,AR
DB14583,Segesterone acetate,NR3C1
DB14585,Plantago ovata seed,CHRM5
DB00873,Loteprednol,NR3C1
DB14597,Lanadelumab,KLKB1
DB14622,Sodium phosphate tribasic dodecahydrate,CA4
DB14631,Prednisolone phosphate,NR3C1
DB14631,Prednisolone phosphate,ANXA1
DB14635,Curcumin sulfate,PPARG
DB14635,Curcumin sulfate,VDR
DB14635,Curcumin sulfate,ABCC5
DB14635,Curcumin sulfate,CBR1
DB14635,Curcumin sulfate,GSTP1
DB14636,Triciribine phosphate,AKT3
DB14639,Boldenone undecylenate,AR
DB14641,Estriol tripropionate,ESR1
DB14641,Estriol tripropionate,ESR2
DB14641,Estriol tripropionate,SHBG
DB14642,Lypressin,AVPR1A
DB14642,Lypressin,AVPR2
DB14642,Lypressin,AVPR1B
DB14649,Dexamethasone acetate,NR3C1
DB14649,Dexamethasone acetate,ANXA1
DB14649,Dexamethasone acetate,NOS2
DB14649,Dexamethasone acetate,NR0B1
DB14649,Dexamethasone acetate,NR1I2
DB14669,Betamethasone phosphate,NR3C1
DB14669,Betamethasone phosphate,ANXA1
DB14672,Oxazepam acetate,GABRA1
DB14672,Oxazepam acetate,GABRA1
DB14700,Damoctocog alfa pegol,F8
DB14707,Cemiplimab,PDCD1
DB14712,Elapegademase,ADA
DB14713,Inotersen,TTR
DB14715,Cinazepam,GABRA1
DB14715,Cinazepam,GABRA1
DB14719,Bentazepam,GABRA1
DB14719,Bentazepam,GABRA1
DB14719,Bentazepam,GABRG3
DB14722,ADU-S100,STING1
DB14723,Larotrectinib,NTRK2
DB14723,Larotrectinib,NTRK3
DB14723,Larotrectinib,NTRK1
DB14724,Emapalumab,IFNG
DB14726,Dabigatran,F2
DB14730,Calaspargase pegol,ASRGL1
DB14731,Tagraxofusp,IL3RA
DB14733,Ceftobiprole medocaril,mecA
DB14733,Ceftobiprole medocaril,penA
DB14733,Ceftobiprole medocaril,pbpX
DB14737,Cannabinol,CNR1
DB14738,Turoctocog alfa pegol,F9
DB14738,Turoctocog alfa pegol,F10
DB14738,Turoctocog alfa pegol,F2
DB14738,Turoctocog alfa pegol,VWF
DB14740,Hyaluronidase,TGFB1
DB00781,Polymyxin B,folP
DB14751,Mecasermin rinfabate,IGF1R
DB14751,Mecasermin rinfabate,INSR
DB14751,Mecasermin rinfabate,IGF2R
DB14754,Solriamfetol,SLC6A3
DB14754,Solriamfetol,SLC6A2
DB14761,Remdesivir,rep
DB14761,Remdesivir,rep
DB14761,Remdesivir,rep
DB14761,Remdesivir,L
DB14762,Risankizumab,IL12B
DB14762,Risankizumab,IL23A
DB14763,Cycloguanil,PDF
DB14765,Rivoceranib,KDR
DB14766,Etrasimod,S1PR1
DB14766,Etrasimod,S1PR4
DB14766,Etrasimod,S1PR5
DB14766,Etrasimod,S1PR3
DB14770,Lanraplenib,SYK
DB14773,Lifirafenib,BRAF
DB14774,Balipodect,PDE10A
DB14776,Camrelizumab,PDCD1
DB14779,LGD-6972,GCGR
DB14780,Pegzilarginase,ARG1
DB14782,Tofersen,SOD1
DB14783,Diroximel fumarate,CHRNA10
DB14785,Fenebrutinib,BTK
DB14787,BMS-830216,MCHR1
DB14790,Zatolmilast,PDE4D
DB14791,GDC-0425,CHEK1
DB14792,AZD-5991,MCL1
DB14799,PF-06821497,EZH2
DB14801,Lanifibranor,PPARG
DB14801,Lanifibranor,PPARD
DB14801,Lanifibranor,PPARA
DB14802,ONO-2952,TSPO
DB14803,AMY-101,C3
DB14805,Piflufolastat F 18,FOLH1
DB14806,Avexitide,GLP1R
DB14810,AZD-1656,GCK
DB14811,Isatuximab,CD38
DB14813,PF-232798,CCR5
DB14816,Biropepimut-S,MAGEA3
DB14817,Pegapamodutide,GLP1R
DB14817,Pegapamodutide,GCGR
DB14822,SB-649868,HCRTR1
DB14823,Balovaptan,AVPR1A
DB14829,Uproleselan,SELE
DB14835,Samelisant,HRH3
DB14840,Ripretinib,KIT
DB14840,Ripretinib,PDGFRB
DB14840,Ripretinib,TEK
DB14840,Ripretinib,KDR
DB14840,Ripretinib,BRAF
DB14840,Ripretinib,PDGFRA
DB14844,Dordaviprone,CLPP
DB14844,Dordaviprone,DRD2
DB14844,Dordaviprone,DRD3
DB14845,Filgotinib,JAK1
DB14846,Bimiralisib,PIK3CB
DB14846,Bimiralisib,PIK3CG
DB14846,Bimiralisib,MTOR
DB14849,Nebicapone,COMT
DB14850,Deleobuvir,
DB14851,Relatlimab,LAG3
DB14854,TC-6987,CHRNA7
DB14856,PF-05089771,SLC22A12
DB14856,PF-05089771,SCN9A
DB14857,Avadomide,CRBN
DB14859,Fosifloxuridine nafalbenamide,TYMS
DB14860,Ensartinib,MET
DB14860,Ensartinib,ROS1
DB14860,Ensartinib,EPHA2
DB14860,Ensartinib,ALK
DB14864,Brolucizumab,VEGFA
DB14866,Amcasertib,PDGFRA
DB14867,Parsaclisib,PIK3CD
DB14868,AZD-8848,TLR7
DB14870,PF-5190457,GHSR
DB14875,AZD-4017,HSD11B1
DB14876,Pimitespib,HSP90AB1
DB14879,Cefiderocol,pbpB
DB14879,Cefiderocol,mrcA
DB14879,Cefiderocol,ponB
DB14879,Cefiderocol,pbpA
DB14879,Cefiderocol,dacB
DB14881,Oliceridine,OPRM1
DB14886,BIO-11006,MARCKS
DB14887,PF-04620110,DGAT1
DB14889,Derazantinib,FGFR1
DB14890,Obicetrapib,CETP
DB14892,Spartalizumab,PDCD1
DB14894,Galicaftor,CFTR
DB14895,Vibegron,ADRB3
DB14896,Selitrectinib,NTRK1
DB14898,Retagliptin,DPP4
DB14900,ISO-1 F-18,TMEM97
DB14901,Inclisiran,PCSK9
DB14904,Pimasertib,MAP2K1
DB14909,Imetelstat,SMG6
DB14909,Imetelstat,TERT
DB14909,Imetelstat,SCYL1
DB14909,Imetelstat,PTGES3
DB14910,Mirikizumab,IL23A
DB14910,Mirikizumab,IL12A
DB14911,Risuteganib,VEGFD
DB14911,Risuteganib,VEGFC
DB14911,Risuteganib,VEGFB
DB14911,Risuteganib,VEGFA
DB14914,Flortaucipir F-18,MAPT
DB14914,Flortaucipir F-18,MAOA
DB14914,Flortaucipir F-18,MAOB
DB14916,Selonsertib,MAP3K5
DB14917,Ceralasertib,ATR
DB14918,Branaplam,SMN1
DB14919,Rozanolixizumab,FCGRT
DB14921,Mavacamten,MYH7
DB14922,Tislelizumab,PDCD1
DB14923,Satavaptan,AVPR2
DB14924,Ritlecitinib,JAK3
DB14924,Ritlecitinib,TEC
DB14924,Ritlecitinib,ITK
DB14924,Ritlecitinib,TXK
DB14924,Ritlecitinib,BTK
DB14924,Ritlecitinib,BMX
DB14925,Tenofovir exalidex,gag-pol
DB14935,Serabelisib,PIK3CA
DB14936,Menaquinone 6,
DB14939,Motixafortide,CXCR4
DB14941,BMS-817399,CCR1
DB14942,BMS-986141,PAWR
DB14943,LGH-447,PIM2
DB14944,Tarloxotinib,EGFR
DB14944,Tarloxotinib,ERBB2
DB14946,PCO-371,PTH1R
DB14948,BMS-986020,LPAR1
DB14949,AZD-7687,DGAT1
DB14951,Etirinotecan pegol,TOP1
DB14953,Firtecan pegol,TOP1
DB14960,Somatrogon,GHR
DB14962,Trastuzumab deruxtecan,FCGR1A
DB14962,Trastuzumab deruxtecan,TOP1
DB14966,Venglustat,UGCG
DB14967,Margetuximab,ERBB2
DB14969,GTX-758,ESR1
DB14973,Abrocitinib,JAK3
DB14973,Abrocitinib,JAK2
DB14973,Abrocitinib,JAK1
DB14973,Abrocitinib,TYK2
DB14975,Voxelotor,HBA1
DB14976,Relacorilant,NR3C1
DB14977,Padsevonil,SV2A
DB14979,Martinostat,HDAC1
DB14979,Martinostat,HDAC3
DB14979,Martinostat,HDAC2
DB14979,Martinostat,HDAC6
DB14979,Martinostat,HDAC5
DB14979,Martinostat,HDAC4
DB14979,Martinostat,HDAC8
DB14979,Martinostat,HDAC9
DB14979,Martinostat,HDAC7
DB14980,AZD-6482,PIK3CB
DB14982,Miransertib,AKT1
DB14982,Miransertib,AKT3
DB14986,Linrodostat,IDO1
DB14987,Difamilast,PDE4A
DB14988,Dalantercept,GDF2
DB14989,Umbralisib,CSNK1E
DB14989,Umbralisib,PIK3CD
DB14989,Umbralisib,ABL1
DB14992,Pegunigalsidase alfa,GLA
DB14993,Pyrotinib,EGFR
DB14995,NP-G2-044,FSCN1
DB14996,Sutimlimab,C1S
DB14998,Olorinab,CNR2
DB14999,Human interferon beta,IFNAR1
DB15001,Eflapegrastim,CSF3R
DB15002,Fitusiran,SERPINC1
DB15003,Brepocitinib,TYK2
DB15003,Brepocitinib,JAK1
DB15004,Adrulipase alfa,PNLIP
DB15008,GO-203-2C,MUC1
DB15009,PF-04937319,GCK
DB15010,Edasalonexent,REL
DB15010,Edasalonexent,RELB
DB15010,Edasalonexent,RELA
DB15010,Edasalonexent,NFKB2
DB15010,Edasalonexent,NFKB1
DB15011,Avacopan,C5AR1
DB15012,Farampator,GRIA1
DB15021,Leriglitazone,PPARG
DB15027,Adriforant,HRH4
DB15029,AZD-8186,PIK3CG
DB15029,AZD-8186,PIK3CB
DB15031,Daridorexant,HCRTR1
DB15031,Daridorexant,HCRTR2
DB15033,Flortaucipir,MAPT
DB15034,Foscenvivint,CREBBP
DB15035,Zanubrutinib,BTK
DB15035,Zanubrutinib,EGFR
DB15035,Zanubrutinib,ERBB2
DB15035,Zanubrutinib,ERBB4
DB15035,Zanubrutinib,ITK
DB15035,Zanubrutinib,BMX
DB15035,Zanubrutinib,JAK2
DB15035,Zanubrutinib,TEC
DB15035,Zanubrutinib,BLK
DB15035,Zanubrutinib,JAK3
DB15035,Zanubrutinib,PTK6
DB15035,Zanubrutinib,FGR
DB15035,Zanubrutinib,FRK
DB15035,Zanubrutinib,LCK
DB15035,Zanubrutinib,TXK
DB15036,Sitravatinib,RET
DB15036,Sitravatinib,KDR
DB15036,Sitravatinib,FLT4
DB15036,Sitravatinib,MET
DB15038,Litoxetine,SLC6A4
DB15043,Toripalimab,PDCD1
DB15044,Tafasitamab,CD19
DB15046,LY-2881835,FFAR1
DB15047,BMS-919373,KCNA5
DB15048,Licogliflozin,SLC5A2
DB15048,Licogliflozin,SLC5A1
DB15055,ABT-639,CACNA1H
DB15059,Aprocitentan,EDNRA
DB15059,Aprocitentan,EDNRB
DB15063,Inarigivir soproxil,NOD2
DB15065,PF-06291874,GCGR
DB15066,Givosiran,ALAS1
DB15067,Volanesorsen,APOC3
DB15068,Agerafenib,RET
DB15068,Agerafenib,BRAF
DB15071,Omidenepag isopropyl,PTGER2
DB15071,Omidenepag isopropyl,PTGER1
DB15085,Fulacimstat,CMA1
DB15090,Tezepelumab,TSLP
DB15091,Upadacitinib,JAK1
DB15092,LY-2624803,HRH1
DB15093,Somapacitan,GHR
DB15096,18-methoxycoronaridine,CHRNA3
DB15096,18-methoxycoronaridine,CHRNA2
DB15097,Gefapixant,P2RX3
DB15097,Gefapixant,P2RX2
DB15100,Cusatuzumab,CD70
DB15102,Pemigatinib,FGFR1
DB15102,Pemigatinib,FGFR2
DB15102,Pemigatinib,FGFR3
DB15102,Pemigatinib,FGFR4
DB15104,Telisotuzumab vedotin,MET
DB15106,Surufatinib,CSF1R
DB15106,Surufatinib,FLT4
DB15106,Surufatinib,KDR
DB15106,Surufatinib,FGFR1
DB15106,Surufatinib,FLT1
DB15110,Onvansertib,PLK1
DB15114,Vamorolone,NR3C1
DB15114,Vamorolone,NR3C2
DB15118,Zolbetuximab,CLDN18
DB15119,Ropeginterferon alfa-2b,IFNAR1
DB15120,GSK-239512,HRH3
DB15123,Dorzagliatin,GCK
DB15124,PF-05241328,SCN9A
DB15130,Dexpramipexole,IL13
DB15130,Dexpramipexole,IL4
DB15132,AZD-8165,F2
DB15133,Tepotinib,MET
DB15133,Tepotinib,NISCH
DB15133,Tepotinib,MTNR1B
DB15137,VK-2809,THRB
DB15138,AZD-9496,ESR1
DB15141,Deutivacaftor,CFTR
DB15149,Futibatinib,FGFR1
DB15149,Futibatinib,FGFR2
DB15149,Futibatinib,FGFR3
DB15149,Futibatinib,FGFR4
DB15152,TMC-649128,
DB15156,ABT-072,
DB15157,Voruciclib,CDK4
DB15163,Selatogrel,P2RY12
DB15164,Apadamtase alfa,VWF
DB15165,Avacincaptad pegol,C5
DB15168,Cilofexor,NR1H4
DB15169,H3B-6527,FGFR4
DB15170,Evobrutinib,BTK
DB15171,Tirzepatide,GLP1R
DB15171,Tirzepatide,GIPR
DB15173,JNJ-42165279,FAAH
DB15186,Paxalisib,PIK3CG
DB15187,Dubermatinib,AXL
DB15189,Birabresib,BRD2
DB15189,Birabresib,BRD4
DB15190,GLPG-0259,MAPKAPK5
DB15192,ABT-288,HRH3
DB15194,Cotadutide,GCG
DB15205,Capromorelin,GHSR
DB15212,Pemafibrate,PPARA
DB15214,BMS-986104,S1PR1
DB15218,Pozelimab,C5
DB15219,Tomivosertib,MKNK2
DB15219,Tomivosertib,MKNK1
DB15220,Seliforant,HRH4
DB15221,PF-06260414,AR
DB15222,GS-6620,
DB15226,Dasiglucagon,GCGR
DB15227,Tirabrutinib,BTK
DB15229,CNV-2197944,CACNA1B
DB15232,Telaglenastat,GLS2
DB15232,Telaglenastat,GLS
DB15233,Avapritinib,PDGFRA
DB15233,Avapritinib,KIT
DB15236,Fucose,GLA
DB15236,Fucose,IGF1R
DB15236,Fucose,C1S
DB15236,Fucose,PLAU
DB15236,Fucose,ELANE
DB15236,Fucose,ACHE
DB15236,Fucose,LTF
DB15236,Fucose,F7
DB15236,Fucose,CTSS
DB15236,Fucose,SELE
DB15236,Fucose,CTLA4
DB15236,Fucose,SELP
DB15236,Fucose,BCHE
DB15236,Fucose,FCER1G
DB15236,Fucose,DPP4
DB15248,Bulevirtide,SLC10A1
DB15249,MK-6325,
DB15250,Vercirnon,CCR9
DB15252,Nemolizumab,IL31RA
DB15254,Avutometinib,MAP2K1
DB15254,Avutometinib,RAF1
DB15254,Avutometinib,BRAF
DB15254,Avutometinib,MAP1B
DB15254,Avutometinib,ARAF
DB15254,Avutometinib,MAP1A
DB15256,Reldesemtiv,TNNC2
DB15257,Milademetan,F8
DB15258,Imlifidase,IGHG1
DB15265,USL-311,CXCR4
DB15266,Tovorafenib,RAF1
DB15266,Tovorafenib,ARAF
DB15266,Tovorafenib,BRAF
DB15269,Lazucirnon,CCR3
DB15270,Efgartigimod alfa,FCGRT
DB15271,Crizanlizumab,SELP
DB15273,VS-4718,PTK2
DB15275,Inavolisib,PIK3CA
DB15275,Inavolisib,PIK3CG
DB15281,Ravoxertinib,MAPK1
DB15281,Ravoxertinib,MAPK3
DB15283,Tebentafusp,PMEL
DB15288,Etamicastat,DBH
DB15289,Perillyl alcohol,NRAS
DB15291,BMS-986142,BTK
DB15293,Epalrestat,AKR1B1
DB15294,SB-1578,JAK2
DB15295,Tenalisib,PIK3CD
DB15297,Petesicatib,CTSS
DB15299,Navtemadlin,MDM2
DB15303,Faricimab,VEGFA
DB15303,Faricimab,ANGPT2
DB15310,Vactosertib,TGFBR1
DB15317,Posiphen,ACHE
DB15323,Trelagliptin,DPP4
DB15327,Abivertinib,BTK
DB15327,Abivertinib,EGFR
DB15328,Ubrogepant,CALCRL
DB15333,AZD-1386,TRPV1
DB15334,Biochanin A,FASN
DB15334,Biochanin A,CYP19A1
DB15334,Biochanin A,ESRRA
DB15335,Formononetin,SLC5A2
DB15347,Branebrutinib,BTK
DB15348,Ampreloxetine,SLC6A4
DB15348,Ampreloxetine,SLC6A2
DB15353,Nacubactam,blaZ
DB15354,Evinacumab,ANGPTL3
DB15355,PL-3994,NPR1
DB15356,SLV-334,MME
DB15357,Xanomeline,CHRM4
DB15357,Xanomeline,CHRM2
DB15357,Xanomeline,CHRM3
DB15357,Xanomeline,CHRM5
DB15357,Xanomeline,CHRM1
DB15358,JNJ-54175446,P2RX7
DB15366,SOR-C13,TRPV6
DB15367,LY-2623091,NR3C2
DB15370,Balixafortide,CXCR4
DB15375,Tozuleristide,MMP9
DB15382,SAR-125844,MET
DB15385,Acebilustat,LTA4H
DB15391,Elenbecestat,BACE1
DB15393,Telatinib,KDR
DB15395,Elranatamab,TNFRSF17
DB15395,Elranatamab,CD3D
DB15399,BMS-754807,AKT1
DB15399,BMS-754807,IGF1R
DB15399,BMS-754807,INSR
DB15401,Danicopan,CFD
DB15406,GLPG-0974,FFAR2
DB15407,Acalisib,PIK3CD
DB15408,Silmitasertib,CSNK2A1
DB15412,LB-100,PPP2CA
DB15413,Pafolacianine,FOLR1
DB15416,PX-102,NR1H4
DB15418,Balcinrenone,NR3C2
DB15419,Nanatinostat,HDAC2
DB15419,Nanatinostat,HDAC1
DB15419,Nanatinostat,HDAC3
DB15425,Fadraciclib,CDK2
DB15425,Fadraciclib,CDK9
DB15427,Fialuridine,
DB15431,M-2698,RPS6KB1
DB15431,M-2698,AKT3
DB15431,M-2698,AKT1
DB15434,Mosunetuzumab,MS4A1
DB15434,Mosunetuzumab,CD3E
DB15442,Trilaciclib,CDK4
DB15442,Trilaciclib,CDK6
DB15442,Trilaciclib,CDK9
DB15442,Trilaciclib,CDK2
DB15442,Trilaciclib,CDK5
DB15442,Trilaciclib,CDK7
DB15444,Elexacaftor,CFTR
DB15446,Vidofludimus,DHODH
DB15447,Setogepram,GPR84
DB15447,Setogepram,FFAR1
DB15449,Citarinostat,HDAC6
DB15450,PF-05105679,TRPM8
DB15455,Cenersen,TP53
DB15456,Vericiguat,GUCY1B1
DB15456,Vericiguat,GUCY2D
DB15458,Norleucine,HNF1A
DB15460,AGG-523,ADAMTS5
DB15462,Fucoxanthin,NFKBIA
DB15463,Belzutifan,EPAS1
DB15465,Benzhydrocodone,OPRM1
DB15466,Tallimustine,CXCR2
DB15471,Zanidatamab,ERBB2
DB15488,Echinacoside,GHSR
DB15488,Echinacoside,AR
DB15489,Mexazolam,GABRA1
DB15489,Mexazolam,GABRA1
DB15490,Zuranolone,GABRA1
DB15490,Zuranolone,GABRG3
DB15492,Eticlopride,DRD2
DB15493,Cambinol,SIRT1
DB15493,Cambinol,SIRT2
DB15493,Cambinol,SIRT5
DB15494,Edotreotide gallium Ga-68,SSTR2
DB15494,Edotreotide gallium Ga-68,SSTR5
DB15494,Edotreotide gallium Ga-68,SSTR3
DB15494,Edotreotide gallium Ga-68,SSTR1
DB15495,Rocaglamide,PHB1
DB15495,Rocaglamide,PHB2
DB15495,Rocaglamide,REL
DB15495,Rocaglamide,RELB
DB15495,Rocaglamide,RELA
DB15495,Rocaglamide,NFKB2
DB15495,Rocaglamide,NFKB1
DB15496,Didesmethylrocaglamide,PHB1
DB15496,Didesmethylrocaglamide,PHB2
DB15498,BOS172722,TTK
DB15499,Cerdulatinib,JAK1
DB15499,Cerdulatinib,JAK3
DB15499,Cerdulatinib,SYK
DB15499,Cerdulatinib,JAK2
DB15534,Colchiceine,BRD4
DB15534,Colchiceine,TUBB
DB15534,Colchiceine,TUBA1A
DB15559,Zenocutuzumab,ERBB2
DB15559,Zenocutuzumab,ERBB3
DB15565,Cilazaprilat,ACE
DB15566,Prednisolone acetate,NR3C1
DB15566,Prednisolone acetate,NR3C2
DB15567,Zelenirstat,NMT1
DB15567,Zelenirstat,NMT2
DB15568,Adagrasib,KRAS
DB15569,Sotorasib,KRAS
DB15570,FLX475,CCR4
DB15581,Chrysin,CDK6
DB15581,Chrysin,CYP19A1
DB15581,Chrysin,CYP1B1
DB15581,Chrysin,AKR1B1
DB15584,Luteolin,STAT3
DB15584,Luteolin,LPCAT2
DB15584,Luteolin,LPCAT1
DB15584,Luteolin,TOP1
DB15585,ORG-31710,PGR
DB15586,Patulin,
DB15588,Ursolic acid,PTPN1
DB15588,Ursolic acid,PYGM
DB15588,Ursolic acid,
DB15588,Ursolic acid,PLA2G1B
DB15588,Ursolic acid,HSD11B1
DB15588,Ursolic acid,HRAS
DB15588,Ursolic acid,ELANE
DB15593,Golodirsen,DMD
DB15598,Ferric maltol,ITGB3
DB15598,Ferric maltol,SLC11A2
DB15599,MIV-711,CTSK
DB15617,Ferric derisomaltose,HBA1
DB15617,Ferric derisomaltose,TFRC
DB15623,TMC-310911,gag-pol
DB15623,TMC-310911,gag-pol
DB15624,Halicin,MAPK10
DB15626,Spesolimab,IL1RL2
DB15627,Dostarlimab,PDCD1
DB15628,Inolimomab,IL2RA
DB15629,Garadacimab,F12
DB15635,Omburtamab,CD276
DB15636,Zilucoplan,C5
DB15637,Fluzoparib,PARP1
DB15638,Brensocatib,CTSC
DB15639,AMG-337,MET
DB15640,CDC-801,PDE4A
DB15640,CDC-801,PDE4D
DB15640,CDC-801,PDE4B
DB15641,Droloxifene,ESR1
DB15642,Molidustat,EGLN2
DB15643,N-(2-Aminoethyl)-1-aziridineethanamine,ACE2
DB15646,Fasitibant,BDKRB2
DB15647,Ketodarolutamide,AR
DB15650,Efpeglenatide,GLP1R
DB15651,Valomaciclovir stearate,
DB15652,Ravidasvir,
DB15665,Ulotaront,HTR1A
DB15665,Ulotaront,TAAR1
DB15669,Fezolinetant,TACR3
DB15670,Gusacitinib,SYK
DB15672,Rilematovir,F
DB15673,Lenacapavir,gag-pol
DB15673,Lenacapavir,gag-pol
DB15674,Sisunatovir,F
DB15685,Selpercatinib,RET
DB15685,Selpercatinib,FLT1
DB15685,Selpercatinib,FLT4
DB15685,Selpercatinib,FGFR1
DB15685,Selpercatinib,FGFR2
DB15685,Selpercatinib,FGFR3
DB15686,GS-441524,rep
DB15686,GS-441524,L
DB15688,Zavegepant,CALCRL
DB15690,Fluoroestradiol F-18,ESR1
DB15690,Fluoroestradiol F-18,ESR2
DB15691,Anti-SARS-CoV-2 REGN-COV2,S
DB15694,Cedazuridine,CDA
DB15699,Brexucabtagene autoleucel,CD19
DB15718,Bamlanivimab,S
DB15719,Belantamab mafodotin,TNFRSF17
DB15746,Recombinant human plasma gelsolin,APP
DB15748,Viral Macrophage-Inflammatory Protein,CXCR4
DB15748,Viral Macrophage-Inflammatory Protein,CCR8
DB15748,Viral Macrophage-Inflammatory Protein,CCR2
DB15748,Viral Macrophage-Inflammatory Protein,CCR5
DB15753,Interferon Gamma,IFNGR1
DB15753,Interferon Gamma,IFNGR2
DB15762,Satralizumab,IL6R
DB15765,Sintilimab,PDCD1
DB15766,Retifanlimab,PDCD1
DB15767,AMP-224,PDCD1
DB15768,MEDI0680,PDCD1
DB15769,Envafolimab,CD274
DB15770,Cosibelimab,CD274
DB15771,AUNP-12,PDCD1
DB15771,AUNP-12,CD274
DB15772,CA-170,VSIR
DB15772,CA-170,CD274
DB15773,anti-OX40 antibody BMS 986178,CD274
DB15784,Carmoterol,ADRB2
DB15791,MK-0668,ITGA4
DB15791,MK-0668,ITGB1
DB15791,MK-0668,ITGA4
DB15796,GC-376 free acid,rep
DB15796,GC-376 free acid,
DB15796,GC-376 free acid,rep
DB15796,GC-376 free acid,
DB15796,GC-376 free acid,rep
DB15797,GC-373,rep
DB15797,GC-373,
DB15797,GC-373,rep
DB15797,GC-373,
DB15797,GC-373,rep
DB15822,Pralsetinib,RET
DB15822,Pralsetinib,DDR1
DB15822,Pralsetinib,NTRK3
DB15822,Pralsetinib,FLT3
DB15822,Pralsetinib,JAK1
DB15822,Pralsetinib,JAK2
DB15822,Pralsetinib,NTRK1
DB15822,Pralsetinib,KDR
DB15822,Pralsetinib,PDGFRB
DB15822,Pralsetinib,FGFR1
DB15822,Pralsetinib,FGFR2
DB15873,Copper oxodotreotide Cu-64,SSTR2
DB15874,Agalsidase alfa,GLA
DB15877,Cetyltrimethylammonium naproxenate,PTGS1
DB15897,Etesevimab,S
DB15898,Atoltivimab,GP
DB15899,Maftivimab,GP
DB15900,Odesivimab,GP
DB15911,Amfenac,PTGS1
DB15919,Diquafosol,P2RY2
DB15932,Clemizole,
DB15940,Imdevimab,S
DB15941,Casirivimab,S
DB15949,Raubasine,ADRB1
DB15954,Strychnine,GLRB
DB15954,Strychnine,GLRA3
DB15954,Strychnine,GLRA2
DB15954,Strychnine,GLRA1
DB15968,Butropium,CHRM1
DB15971,Clorotepine,HTR6
DB15971,Clorotepine,ADRA1A
DB15971,Clorotepine,DRD2
DB15971,Clorotepine,ADRA1D
DB15971,Clorotepine,ADRA1B
DB15971,Clorotepine,HRH1
DB15971,Clorotepine,HTR2C
DB15972,Desoxycortone,NR3C2
DB15972,Desoxycortone,NR3C1
DB15982,Berotralstat,KLKB1
DB16007,Rurioctocog alfa pegol,VWF
DB16007,Rurioctocog alfa pegol,F8
DB16013,SER-100,OPRL1
DB16019,Gallium Ga-68 gozetotide,FOLH1
DB16021,Levosulpiride,DRD2
DB16027,alpha-Hydroxylinoleic acid,PPARA
DB16027,alpha-Hydroxylinoleic acid,PPARD
DB16027,alpha-Hydroxylinoleic acid,PPARG
DB16028,Azemiglitazone,INSR
DB16031,TRO40303,TSPO
DB16032,GW810781,gag-pol
DB16036,ABX-1431,MGLL
DB16038,Plixorafenib,BRAF
DB16039,AN2898,PDE4A
DB16039,AN2898,PDE4B
DB16039,AN2898,PDE4D
DB16040,DU125530,HTR1A
DB16043,PF-06882961,GLP1R
DB16045,TERN-101,NR1H4
DB16047,Elraglusib,GSK3B
DB16048,BTRX-246040,OPRL1
DB16050,FF-10101-01,FLT3
DB16051,MOL-4239,STAT3
DB16053,ARRY-502,PTGDR2
DB16055,PT-2385,HIF1A
DB16055,PT-2385,EPAS1
DB16056,GZ-389988,NTRK2
DB16056,GZ-389988,NTRK1
DB16056,GZ-389988,NTRK3
DB16061,Samuraciclib,CDK7
DB16063,2X-121,PARP2
DB16063,2X-121,PARP1
DB16063,2X-121,TNKS
DB16063,2X-121,TNKS2
DB16064,LY-3200882,TGFBR1
DB16066,Ilacirnon,CCR2
DB16067,Luvadaxistat,DAO
DB16068,Navacaprant,OPRK1
DB16071,4'-Thio-fac,POLB
DB16072,ORP-101,OPRK1
DB16072,ORP-101,OPRM1
DB16073,AZD8529,GRM1
DB16076,GSK2245035,TLR7
DB16079,Aclimostat,METAP2
DB16080,Acolbifene,ESR1
DB16084,Iron (III) oxide adipate,SLC22A8
DB16088,Amtolmetin guacil,PTGS1
DB16088,Amtolmetin guacil,PTGS2
DB16095,APG-1387,BIRC5
DB16095,APG-1387,BIRC7
DB16095,APG-1387,NAIP
DB16095,APG-1387,BIRC3
DB16095,APG-1387,BIRC2
DB16095,APG-1387,XIAP
DB16098,Atogepant,CALCRL
DB16099,Avalglucosidase alfa,IGF2R
DB16101,Baicalein,ALOX5
DB16101,Baicalein,SELP
DB16101,Baicalein,PREP
DB16101,Baicalein,SELL
DB16101,Baicalein,XDH
DB16101,Baicalein,TNF
DB16101,Baicalein,GLO1
DB16106,GSK2256098,PTK2
DB16107,BI 2536,PLK1
DB16109,GED-0507-34-Levo,PPARG
DB16112,OT-730,ADRB3
DB16118,Capadenoson,ADORA1
DB16123,Ceralifimod,S1PR1
DB16125,Ciforadenant,ADORA2A
DB16126,Cinaciguat,GUCY1B1
DB16128,Crovalimab,C5
DB16130,Dapansutrile,NLRP3
DB16131,Dapirolizumab pegol,CD40LG
DB16133,Delgocitinib,JAK1
DB16133,Delgocitinib,JAK2
DB16133,Delgocitinib,JAK3
DB16133,Delgocitinib,TYK2
DB16134,Denagliptin,DPP4
DB16137,Dezapelisib,PIK3CD
DB16138,Diflomotecan,TOP1
DB16144,Dopastatin,SSTR2
DB16144,Dopastatin,ALOX5
DB16144,Dopastatin,DRD2
DB16145,Dotinurad,SLC22A12
DB16146,Dynorphin,OPRK1
DB16146,Dynorphin,OPRD1
DB16146,Dynorphin,OPRM1
DB16148,Ecraprost,PTGER1
DB16150,Eftilagimod alfa,LAG3
DB16153,Eltanexor,XPO1
DB16157,Ensifentrine,PDE3A
DB16157,Ensifentrine,PDE4A
DB16159,Esflurbiprofen,PTGS1
DB16159,Esflurbiprofen,PTGS2
DB16159,Esflurbiprofen,PSEN2
DB16159,Esflurbiprofen,PSEN1
DB16159,Esflurbiprofen,NCSTN
DB16159,Esflurbiprofen,PSENEN
DB16159,Esflurbiprofen,APH1B
DB16159,Esflurbiprofen,APH1A
DB16160,Tolinapant,XIAP
DB16162,Exicorilant,NR3C1
DB16165,Finerenone,NR3C2
DB16167,Fisogatinib,FGFR4
DB16168,Fluorocyclopentenylcytosine,DNMT1
DB16186,Locnartecan,TOP1
DB16191,Ifidancitinib,JAK1
DB16191,Ifidancitinib,JAK3
DB16192,Imaradenant,ADORA2A
DB16193,Tovinontrine,PDE9A
DB16199,Eplontersen,TTR
DB16200,Iptacopan,CFB
DB16205,Ispronicline,CHRNB2
DB16205,Ispronicline,CHRNA4
DB16210,Kisspeptin-10,KISS1R
DB16213,Ladostigil,ACHE
DB16213,Ladostigil,MAOA
DB16213,Ladostigil,MAOB
DB16214,Landipirdine,HTR2A
DB16214,Landipirdine,HTR6
DB16216,Lazertinib,EGFR
DB16217,Leniolisib,PIK3CD
DB16218,Lerociclib,CDK6
DB16218,Lerociclib,CDK4
DB16220,Lonapegsomatropin,GHR
DB16220,Lonapegsomatropin,PRLR
DB16221,Lonaprisan,AR
DB16221,Lonaprisan,NR3C1
DB16221,Lonaprisan,PGR
DB16222,Loncastuximab tesirine,CD19
DB16225,Magrolimab,CD47
DB16226,Maralixibat,SLC10A2
DB16226,Maralixibat,SLC10A1
DB16227,Masilukast,CYSLTR1
DB16232,Milciclib Maleate,CDK2
DB16233,Milvexian,F11
DB16236,Mitapivat,PKLR
DB16236,Mitapivat,CYP19A1
DB16239,Molibresib,BRD4
DB16240,BMS-813160,CCR5
DB16240,BMS-813160,CCR2
DB16244,MK-0773,AR
DB16250,Nazartinib,EGFR
DB16252,Nedisertib,PRKDC
DB16254,Nevanimibe,SOAT2
DB16254,Nevanimibe,SOAT1
DB16255,Nidufexor,NR1H4
DB16257,Nipocalimab,FCGRT
DB16258,Nirsevimab,F
DB16258,Nirsevimab,F
DB16258,Nirsevimab,F
DB16261,Odevixibat,SLC10A2
DB16265,Olinvacimab,KDR
DB16266,Olodanrigan,AGTR2
DB16267,Olutasidenib,IDH1
DB16272,Orelabrutinib,BTK
DB16274,Osoresnontrine,PDE9A
DB16275,Otlertuzumab,CD37
DB16277,Paltusotine,SSTR2
DB16279,Pecavaptan,AVPR1A
DB16279,Pecavaptan,AVPR2
DB16280,Pegcantratinib,NTRK1
DB16284,Pelacarsen,LPA
DB16288,Peoniflorin,ADORA1
DB16294,Pexmetinib,TEK
DB16296,IPI-549,PIK3CG
DB16299,Poseltinib,BTK
DB16300,Praliciguat,GUCY1B1
DB16300,Praliciguat,GUCY1A1
DB16305,Xevinapant,BIRC5
DB16305,Xevinapant,BIRC7
DB16305,Xevinapant,NAIP
DB16305,Xevinapant,BIRC3
DB16305,Xevinapant,BIRC2
DB16305,Xevinapant,XIAP
DB16309,Revusiran,TTR
DB16310,Rezafungin,fksA
DB16310,Rezafungin,GSC2
DB16312,TNP-2092,parC
DB16312,TNP-2092,gyrB
DB16312,TNP-2092,gyrA
DB16315,Rivenprost,PTGER4
DB16315,Rivenprost,PTGER1
DB16318,Romilkimab,IL13
DB16318,Romilkimab,IL4
DB16319,GSK-2981278,RORC
DB16321,S-777469,CNR2
DB16324,Selgantolimod,TLR8
DB16325,Selodenoson,ADORA1
DB16326,Sepiapterin,PAH
DB16330,Simurosertib,CDC7
DB16331,Siremadlin,MDM2
DB16331,Siremadlin,TP53
DB16332,Sodelglitazar,PPARD
DB16332,Sodelglitazar,PPARA
DB16332,Sodelglitazar,PPARG
DB16335,Sulopenem etzadroxil,mrdA
DB16335,Sulopenem etzadroxil,mrcA
DB16335,Sulopenem etzadroxil,mrcB
DB16335,Sulopenem etzadroxil,dacB
DB16335,Sulopenem etzadroxil,ftsI
DB16335,Sulopenem etzadroxil,dacA
DB16335,Sulopenem etzadroxil,dacC
DB16338,Taniborbactam,blaZ
DB16341,Tilsotolimod,TLR9
DB16343,Tropifexor,NR1H4
DB16346,Veliflapon,ALOX5AP
DB16349,Vicagrel,P2RY12
DB16351,Volinanserin,HTR2A
DB16351,Volinanserin,HTR2C
DB16351,Volinanserin,KCNH2
DB16353,Razuprotafib,PTPRB
DB16353,Razuprotafib,TEK
DB16355,Sotrovimab,S
DB16370,Mezagitamab,CD38
DB16371,Glofitamab,MS4A1
DB16371,Glofitamab,CD3D
DB16375,Felzartamab,CD38
DB16379,Garetosmab,INHBA
DB16385,Ansuvimab,GP
DB16388,Axatilimab,CSF1R
DB16390,Mobocertinib,EGFR
DB16393,Cilgavimab,S
DB16394,Tixagevimab,S
DB16404,Carvacrol,TRPV3
DB16405,Regdanvimab,S
DB16407,Azvudine,ABCG2
DB16407,Azvudine,ABCC2
DB16407,Azvudine,ABCB1
DB16410,Datopotamab deruxtecan,TACSTD2
DB16410,Datopotamab deruxtecan,TOP1
DB16411,Camidanlumab tesirine,IL2RA
DB16416,Vilobelimab,C5
DB16417,Geptanolimab,PDCD1
DB16418,Narsoplimab,MASP2
DB16446,Vafidemstat,KDM1A
DB16446,Vafidemstat,MAOB
DB16447,Thymoquinone,BAX
DB16447,Thymoquinone,BCL2
DB16447,Thymoquinone,TP53
DB16453,Efzofitimod,NRP2
DB16454,XPro1595,TNF
DB16456,Human Interleukin 8,CXCL8
DB16456,Human Interleukin 8,CXCR4
DB16456,Human Interleukin 8,CXCR2
DB16467,Polyinosinic-polycytidylic acid,TLR3
DB16473,Tozorakimab,IL33
DB16474,Pam2csk4,TLR6
DB16474,Pam2csk4,TLR2
DB16479,Inbakicept,IL2RB
DB16479,Inbakicept,IL2RG
DB16485,ODN M362,TLR9
DB16492,SAR443122,RIPK1
DB16495,Oleic monoethanolamide,CNR1
DB16495,Oleic monoethanolamide,GPR119
DB16495,Oleic monoethanolamide,GPR55
DB16495,Oleic monoethanolamide,PPARA
DB16502,Zunsemetinib,MAPKAPK2
DB16511,KAND567,CX3CR1
DB16514,Lufotrelvir,rep
DB16515,Bexotegrast,ITGAV
DB16515,Bexotegrast,ITGB1
DB16515,Bexotegrast,ITGB6
DB16516,TM5614,SERPINE1
DB16547,Furvina,GPER1
DB16554,Metadoxine,SLC6A1
DB16555,Lactoferrin,TPSAB1
DB16561,Tetramisole,Alpl
DB16561,Tetramisole,Kcnj2
DB16580,Afimetoran,TLR8
DB16580,Afimetoran,TLR7
DB16582,Lisocabtagene maraleucel,CD19
DB16602,Dihydroergotoxine,DRD2
DB16607,Lithium chloride,GSK3A
DB16623,Amidephrine,ADRA2C
DB16628,Fosdenopterin,MOCS1
DB16628,Fosdenopterin,XDH
DB16629,Serdexmethylphenidate,SLC6A3
DB16629,Serdexmethylphenidate,SLC6A2
DB16629,Serdexmethylphenidate,HTR1A
DB16630,OPB-111077,STAT3
DB16637,KW-2450 free base,INSR
DB16637,KW-2450 free base,IGF1R
DB16640,Almonertinib,EGFR
DB16640,Almonertinib,EGFR
DB16641,Sugemalimab,CD274
DB16650,Deucravacitinib,TYK2
DB16652,Avotaciclib,CDK1
DB16655,Teclistamab,CD3D
DB16655,Teclistamab,TNFRSF17
DB16656,Zotiraciclib,CDK2
DB16656,Zotiraciclib,CDK9
DB16656,Zotiraciclib,FYN
DB16656,Zotiraciclib,LCK
DB16657,Vecabrutinib,BTK
DB16662,Efanesoctocog alfa,F9
DB16662,Efanesoctocog alfa,F10
DB16662,Efanesoctocog alfa,LRP2
DB16662,Efanesoctocog alfa,HSPG2
DB16665,Idecabtagene vicleucel,TNFRSF17
DB16666,Ianalumab,TNFRSF13C
DB16668,Budigalimab,PDCD1
DB16672,Epcoritamab,MS4A1
DB16672,Epcoritamab,CD3E
DB16678,Talquetamab,CD3D
DB16678,Talquetamab,GPRC5D
DB16684,Odronextamab,MS4A1
DB16684,Odronextamab,CD3D
DB16687,Reltecimod,CD28
DB16690,Tegoprazan,ATP1A1
DB16691,Nirmatrelvir,rep
DB16693,Insulin icodec,INSR
DB16693,Insulin icodec,IGF1R
DB16694,Pegcetacoplan,C3
DB16695,Amivantamab,EGFR
DB16695,Amivantamab,MET
DB16695,Amivantamab,FCGR3A
DB16697,Glutazumab,GLP1R
DB16698,Neihulizumab,SELPLG
DB16699,Vutrisiran,TTR
DB16700,Runcaciguat,GUCY1B1
DB16700,Runcaciguat,GUCY1A1
DB16703,Belumosudil,ROCK2
DB16703,Belumosudil,ROCK1
DB16704,Durlobactam,
DB16707,Gavorestat,AKR1B1
DB16708,Cipaglucosidase alfa,IGF2R
DB16732,Tisotumab vedotin,F3
DB16733,Rimtuzalcap,KCNN1
DB16733,Rimtuzalcap,KCNN2
DB16733,Rimtuzalcap,KCNN3
DB16737,MM3122,TMPRSS2
DB16738,Ciltacabtagene autoleucel,TNFRSF17
DB16739,MK-886,ALOX5
DB16739,MK-886,ALOX5AP
DB16740,Prolgolimab,PDCD1
DB16742,RP-67580,TACR1
DB16744,CP-96345,TACR1
DB16747,Penpulimab,PDCD1
DB16754,TPMPA,GABRR1
DB16754,TPMPA,GABRR2
DB16754,TPMPA,GABRR3
DB16755,Bebtelovimab,S
DB16756,Ivarmacitinib,JAK1
DB16767,Isorhamnetin,CYP1B1
DB16768,Lavendustin A,LCK
DB16768,Lavendustin A,EGFR
DB16770,Morin,MCL1
DB16770,Morin,FASN
DB16770,Morin,SLC22A12
DB16770,Morin,ESR2
DB16771,Phlorizin,SLC5A1
DB16778,Lutetium Lu-177 vipivotide tetraxetan,KLK3
DB16778,Lutetium Lu-177 vipivotide tetraxetan,FOLH1
DB16791,Etranacogene dezaparvovec,F9
DB16820,LetibotulinumtoxinA,SNAP25
DB16822,AZD-5069,CXCR2
DB16823,Vebreltinib,MET
DB16825,Itanapraced,PSEN1
DB16825,Itanapraced,NCSTN
DB16825,Itanapraced,PSENEN
DB16825,Itanapraced,APH1B
DB16825,Itanapraced,APH1A
DB16826,Repotrectinib,NTRK2
DB16826,Repotrectinib,NTRK3
DB16826,Repotrectinib,ROS1
DB16826,Repotrectinib,NTRK1
DB16828,MK-2206,UBE2T
DB16828,MK-2206,AKT3
DB16831,Cinchonidine,CYP2D6
DB16832,Fadrozole,CYP11B1
DB16832,Fadrozole,CYP19A1
DB16833,Adenosine disphosphate,P2RY12
DB16833,Adenosine disphosphate,TRPM4
DB16833,Adenosine disphosphate,P2RY6
DB16834,AZD-7648,PRKDC
DB16838,BLZ-945,CSF1R
DB16838,BLZ-945,CSF3R
DB16844,BMS-833923,SMO
DB16845,Roblitinib,FGFR4
DB16849,Mivavotinib,FLT3
DB16849,Mivavotinib,SYK
DB16852,Remibrutinib,BTK
DB16854,Caryophyllene,CNR2
DB16857,Undecanoic acid,GPR84
DB16862,Indigo,AHR
DB16863,Butylated hydroxytoluene,CA2
DB16865,Rosmarinic acid,MCL1
DB16865,Rosmarinic acid,TYR
DB16869,Setanaxib,NOX4
DB16874,CB-5083,VCP
DB16875,GSK-2982772,RIPK1
DB16877,Ampiroxicam,PTGS2
DB16877,Ampiroxicam,PTGS1
DB16879,AMG-319,PIK3CD
DB16884,Isonicotinic acid,HCAR2
DB16890,Betulin,PYGM
DB16891,ENMD-981693,AURKA
DB16893,S-38093,HRH3
DB16895,GSK-2879552,KDM1A
DB16899,Hydromethylthionine mesylate,MAPT
DB16900,Betibeglogene autotemcel,
DB16909,TIK-301,MTNR1A
DB16911,AF-710B,SIGMAR1
DB16911,AF-710B,CHRM1
DB16912,Zorevunersen,SCN1A
DB16927,S-Apomorphine,DRD2
DB16927,S-Apomorphine,DRD1
DB16936,F-15599,HTR1A
DB16938,D-157495,DCPS
DB16943,STX-107,GRM5
DB16950,BN-82451,PTGS1
DB16950,BN-82451,PTGS2
DB16955,RG-2833,HDAC1
DB16961,Leupeptin,PMII
DB16962,Danavorexton,HCRTR2
DB16967,Enadoline,OPRK1
DB16968,SRX-246,AVPR1A
DB16987,Soticlestat,CYP46A1
DB16989,MK-8719,OGA
DB16995,NP-51,MAPK10
DB16995,NP-51,MAPK9
DB16995,NP-51,MAPK8
DB17018,AZD-5153,BRD4
DB17021,JQ1,BRD4
DB17021,JQ1,BRDT
DB17022,Arachidonyltrifluoromethane,PLA2G4A
DB17023,ABT-737,BCL2
DB17024,Chelerythrine,P2RX7
DB17026,Ellipticine,TOP2B
DB17026,Ellipticine,TOP2A
DB17029,Go-6976,PRKCZ
DB17029,Go-6976,REL
DB17029,Go-6976,RELB
DB17029,Go-6976,RELA
DB17029,Go-6976,NFKB2
DB17029,Go-6976,NFKB1
DB17030,GSK-269962A,ROCK2
DB17030,GSK-269962A,ROCK1
DB17032,Indatraline,SLC6A3
DB17032,Indatraline,SLC6A2
DB17032,Indatraline,SLC6A4
DB17033,JTC-801 free base,OPRL1
DB17034,Dacinostat,HDAC1
DB17036,N-oleoyldopamine,lef
DB17039,Nutlin-3,TP53
DB17040,PD-169316,ALOX5
DB17041,PD-173952,FGFR1
DB17041,PD-173952,PDGFRB
DB17041,PD-173952,LCK
DB17041,PD-173952,SRC
DB17041,PD-173952,PDGFRA
DB17042,PD-98059,MAP2K2
DB17042,PD-98059,MAP2K1
DB17043,PHA-767491,CDC7
DB17045,Phorbol 12-myristate 13-acetate diester,KCNJ5
DB17045,Phorbol 12-myristate 13-acetate diester,KCNT1
DB17045,Phorbol 12-myristate 13-acetate diester,TRPV4
DB17045,Phorbol 12-myristate 13-acetate diester,KCNT2
DB17046,PI-103,PIK3CG
DB17047,PIK-75,PIK3CB
DB17047,PIK-75,PIK3CG
DB17047,PIK-75,PRKDC
DB17048,Plumbagin,
DB17051,SB-218078,CHEK1
DB17052,SB 224289,HTR1B
DB17053,Scriptaid,HDAC1
DB17055,SNX-2112,HSP90AA1
DB17056,Spiperone,HTR6
DB17056,Spiperone,HTR1A
DB17056,Spiperone,HTR2A
DB17056,Spiperone,ADRA1A
DB17056,Spiperone,HTR7
DB17056,Spiperone,DRD2
DB17056,Spiperone,DRD4
DB17056,Spiperone,DRD3
DB17057,SRT-1720,SIRT1
DB17059,TW-37,MCL1
DB17059,TW-37,BCL2
DB17060,U-0126,MAP3K1
DB17060,U-0126,MAP3K2
DB17061,VEGFR 2 Kinase inhibitor I,KDR
DB17063,ZK-93423,GABRG2
DB17063,ZK-93423,GABRB2
DB17063,ZK-93423,GABRA1
DB17064,ZM-39923,JAK3
DB17064,ZM-39923,JAK1
DB17074,Amiselimod,S1PR2
DB17078,AZD2066,GRM5
DB17080,KW-6356,ADORA2A
DB17082,Tinlorafenib,BRAF
DB17083,Linzagolix,GNRHR
DB17087,JNJ-17216498,HRH3
DB17096,UCB7362,PMX
DB17096,UCB7362,PMX
DB17097,Vorasidenib,IDH1
DB17097,Vorasidenib,IDH2
DB17097,Vorasidenib,IDH3G
DB17097,Vorasidenib,IDH3B
DB17097,Vorasidenib,IDH3A
DB17101,SC 41930,LTB4R
DB17101,SC 41930,LTB4R2
DB17106,SYD-003,MAPK14
DB17109,Tegavivint,TBL1X
DB17109,Tegavivint,CTNNB1
DB17112,SM-337,XIAP
DB17116,Ontorpacept,CD47
DB17117,Seclidemstat,KDM1A
DB17120,Imifoplatin,gag-pol
DB17129,Pelabresib,BRD4
DB17131,JAB-3068,PTPN11
DB17140,JNJ-28312141,FLT3
DB17140,JNJ-28312141,LCK
DB17140,JNJ-28312141,KIT
DB17140,JNJ-28312141,NTRK3
DB17143,APTO-253,KLF4
DB17145,IT-139,HSPA5
DB17145,IT-139,MAPK8
DB17149,Berubicin,TOP2B
DB17149,Berubicin,TOP2A
DB17152,DRF-1042,TOP1
DB17159,Denfivontinib,FLT3
DB17159,Denfivontinib,MERTK
DB17166,Tapotoclax,MCL1
DB17171,Ziftomenib,MEN1
DB17179,Olafertinib,EGFR
DB17180,KX-2361,SRC
DB17191,Altiratinib,NTRK3
DB17191,Altiratinib,NTRK1
DB17191,Altiratinib,MET
DB17191,Altiratinib,TEK
DB17191,Altiratinib,KDR
DB17197,AMG-900,AURKA
DB17197,AMG-900,AURKB
DB17197,AMG-900,AURKC
DB17201,Arcitumomab,CEACAM3
DB17234,Bomedemstat,KDM1A
DB17244,G100,TLR4
DB17255,Etoposide toniribate,TOP2A
DB17255,Etoposide toniribate,TOP2B
DB17256,Tarlatamab,DLL3
DB17256,Tarlatamab,CD3D
DB17277,CBP-501,MAPKAPK2
DB17277,CBP-501,MARK3
DB17283,Chrysoeriol,CYP1B1
DB17283,Chrysoeriol,XDH
DB17293,Hiltonol,TLR3
DB17297,Enitociclib,CDK9
DB17298,Disufenton,SULF2
DB17299,p-Toluenesulfonamide,CA9
DB17299,p-Toluenesulfonamide,CA6
DB17299,p-Toluenesulfonamide,CA12
DB17299,p-Toluenesulfonamide,CA2
DB17309,Minnelide,HSPA1B
DB17309,Minnelide,HSPA1A
DB17345,Bizaxofusp,IL4R
DB17362,Obecabtagene autoleucel,CD19
DB17383,FN-1501,CDK6
DB17383,FN-1501,CDK4
DB17383,FN-1501,FLT3
DB17383,FN-1501,CDK2
DB17385,Lipotecan,TOP1
DB17410,Vodudeutentan,EDNRB
DB17447,Linvoseltamab,TNFRSF17
DB17447,Linvoseltamab,CD3D
DB17449,Anacaulase,SERPINA3
DB17449,Anacaulase,A2M
DB17451,Serplulimab,PDCD1
DB17454,MK-4830,LILRB2
DB17472,Pirtobrutinib,BTK
DB17490,NT-219,IRS2
DB17490,NT-219,STAT3
DB17490,NT-219,IRS1
DB17493,Bioymifi,TNFRSF10B
DB17506,Etrumadenant,ADORA2B
DB17506,Etrumadenant,ADORA2A
DB17507,COTI-2,TP53
DB17514,Inobrodib,CREBBP
DB17514,Inobrodib,EP300
DB17520,Vimseltinib,CSF1R
DB17521,Domatinostat,HDAC1
DB17525,Zanzalintinib,MET
DB17549,Alrizomadlin,TP53
DB17549,Alrizomadlin,MDM2
DB17559,S64315,MCL1
DB17568,Belvarafenib,RAF1
DB17572,Lemzoparlimab,CD47
DB17573,Evorpacept,CD47
DB17576,Denifanstat,FASN
DB17578,TTI-101,STAT3
DB17587,KIN-3248,FGFR2
DB17587,KIN-3248,FGFR3
DB17589,Loxoribine,TLR7
DB17602,Acecainide,SCN5A
DB17635,Nedosiran,LDHA
DB17641,Ammonium tetrathiomolybdate,SOD1
DB17670,VK-0214,THRB
DB17706,"2,2-Dimethylbutyrate",HBA1
DB17709,Rilzabrutinib,BTK
DB17725,Marstacimab,TFPI
DB17728,Valziflocept,MAPK12
DB17728,Valziflocept,FCGR2A
DB17742,Aphidicolin,
DB17749,AQ-13,ACKR1
DB17757,VT-1598,ERG11
DB17758,Quilseconazole,CYP51A1
DB17759,Navuridine,gag-pol
DB17760,K-777,
DB17824,Navepegritide,NPR2
DB17832,Tinlarebant,RBP4
DB17837,DS-1211,ALPL
DB17851,Flotufolastat F-18,FOLH1
DB17856,Soraprazan,ATP4B
DB17856,Soraprazan,ATP4A
DB17873,Depelestat,ELANE
DB17882,Epitalon,TERT
DB17892,TAK-603,IFNG
DB17894,Senlizumab,TNF
DB17919,CPP-115 free base,ABAT
DB17929,DaxibotulinumtoxinA,SNAP25
DB17938,PMX-205,C5AR1
DB17939,Pterostilbene,PPARA
DB17977,Murizatoclax,MCL1
DB17979,Dapiclermin,ACACB
DB17984,BQ-788,EDNRB
DB17991,Tositumomab I-131,MS4A1
DB17991,Tositumomab I-131,FCGR2B
DB17992,Lotilaner,8239847
DB17999,Acoramidis,TTR
DB18007,Dersimelagon,MC1R
DB18010,Emvododstat,ALOX5
DB18010,Emvododstat,VEGFA
DB18011,BMS-986278,LPAR1
DB18012,Vemircopan,CFD
DB18019,Erbumine,AURKA
DB18025,Dazucorilant,NR3C1
DB18038,Buloxibutid,AGTR2
DB18041,Bezuclastinib,KIT
DB18046,Docarpamine,DRD2
DB18054,Lisaftoclax,BCL2
DB18060,Emavusertib,IRAK4
DB18071,Osivelotor,HBA1
DB18080,Unesbulin,BMI1
DB18091,LNS-8801,GPER1
DB18096,Encaleret,CASR
DB18104,TP-1287,CDK9
DB18107,SEL120-34A free base,CDK19
DB18107,SEL120-34A free base,CDK8
DB18122,PF-07059013,HBB
DB18124,Fipaxalparant,LPAR3
DB18124,Fipaxalparant,LPAR1
DB18125,PTX-100,FNTB
DB18125,PTX-100,FNTA
DB18145,Aloxistatin,CTSG
DB18145,Aloxistatin,CAPN2
DB18151,Mocravimod,S1PR1
DB18152,Zilurgisertib,ACVR1
DB18155,ESK981,KDR
DB18155,ESK981,TEK
DB18155,ESK981,FLT1
DB18203,Cudetaxestat,ENPP2
DB18213,Idroxioleic acid,SGMS2
DB18213,Idroxioleic acid,SGMS1
DB18214,Ibutamoren,GHSR
DB18228,Raxtozinameran,S
DB18236,Mahatinib,TNK2
DB18237,Nerandomilast,PDE4B
DB18238,Hexapeptide-2,GHR
DB18243,M012,SLC40A1
DB18252,Pralmorelin,GHSR
DB18252,Pralmorelin,PGD
DB18267,Ferroheme,NOS2
DB18267,Ferroheme,CYP3A4
DB18267,Ferroheme,NOS1
DB18267,Ferroheme,HBA1
DB18267,Ferroheme,NOS3
DB18267,Ferroheme,ALOX5
DB18267,Ferroheme,CBS
DB18267,Ferroheme,PTGS2
DB18267,Ferroheme,PTGS1
DB18267,Ferroheme,HMOX1
DB18268,TAK-075 Free base,CASR
DB18296,AB-22,S1PR2
DB18298,PTI-110,APP
DB18305,Sebetralstat,KLKB1
DB18307,VLX-1005,ALOX12B
DB18313,Cinnamic acid,HCAR2
DB18314,Valemetostat,EZH1
DB18314,Valemetostat,EZH2
DB18315,Zagociguat,GUCY1B1
DB18315,Zagociguat,GUCY1A1
DB18345,CN-105,APOE
DB18351,Nendratareotide uzatansine,SSTR2
DB18361,NN-8828,IL21
DB18368,Tiprelestat,ELANE
DB18368,Tiprelestat,PRTN3
DB18373,Vanzacaftor,CFTR
DB18393,EP-217609,F2
DB18393,EP-217609,F10
DB18405,Crisdesalazine,PTGES
DB18409,Fobrepodacin,gyrB
DB18418,Salanersen,SMN1
DB18441,Maplirpacept,CD47
DB18442,ABSK-091,FGFR1
DB18464,Esuberaprost,PTGIR
DB18479,Rodatristat ethyl,TPH1
DB18488,DMP-777,ELANE
DB18490,Aficamten,MYH7
DB18490,Aficamten,MYBPC3
DB18515,Revumenib,MEN1
DB18518,Crinecerfont,CRHR1
DB18545,Tildacerfont,CRHR1
DB18632,"1-(3-fluoro-4-(7-(5-methyl-1H-imidazol-2-yl)-1-oxo-2,3-dihydro-1H-isoindo-1-4-yl)-phenyl)-3-(3-trifluoromethyl-phenyl)-urea",BTK
DB18634,Vasoactive intestinal peptide,VIPR1
DB18665,Psoralen,MAOA
DB18665,Psoralen,MAOB
DB18676,Palopegteriparatide,PTH1R
DB18704,Efbemalenograstim alfa,CSF3R
DB18704,Efbemalenograstim alfa,CSF3
DB18707,AVL-3288,CHRNA7
DB18709,Ropsacitinib,TYK2
DB18711,Taletrectinib,ROS1
DB18711,Taletrectinib,NTRK1
DB18711,Taletrectinib,NTRK2
DB18711,Taletrectinib,NTRK3
DB18715,Tolebrutinib,BTK
DB18716,Enmetazobactam,PER-1
DB18716,Enmetazobactam,blaZ
DB18718,Afimkibart,TNFSF15
DB18719,Tulisokibart,TNFSF15
DB18720,Pemivibart,S
DB18725,Cevidoplenib,SYK
DB18728,Olezarsen,APOC3
DB18736,Celastrol,TNF
DB18736,Celastrol,IL1B
DB18740,Nogapendekin alfa,IL2RB
DB18740,Nogapendekin alfa,IL2RG
DB18751,Donidalorsen,KLKB1
DB18752,Indotecan,TOP1
DB18759,APD-209,ADRB2
DB18761,Zotarolimus,MTOR
DB18762,Zongertinib,ERBB2
DB18767,Zabedosertib,IRAK4
DB18770,Gartisertib,ATR
DB18771,Frunexian,F11
DB18773,Flurpiridaz F-18,NDUFA13
DB18782,Vonafexor,NR1H4
DB18785,Varoglutamstat,QPCT
DB18786,APX-3330,APEX1
DB18788,Ulixacaltamide,CACNA1H
DB18790,Tuvusertib,ATR
DB18793,Trelanserin,HTR2A
DB18794,Trazpiroben,DRD2
DB18794,Trazpiroben,DRD3
DB18795,Traxoprodil,GRIN2B
DB18799,Tigulixostat,XDH
DB18803,Technetium (99mtc) trofolastat chloride,FOLH1
DB18804,Tepilamide fumarate,REL
DB18804,Tepilamide fumarate,RELB
DB18804,Tepilamide fumarate,RELA
DB18804,Tepilamide fumarate,NFKB2
DB18804,Tepilamide fumarate,NFKB1
DB18806,Temuterkib,MAPK1
DB18809,Rocatinlimab,TNFRSF4
DB18810,Tarafenacin,CHRM3
DB18811,Taminadenant,ADORA2A
DB18817,Simufilam,FLNA
DB18823,Zemirciclib,CDK9
DB18840,Allitinib,EGFR
DB18846,Depemokimab,IL5
DB18847,Deuruxolitinib,JAK2
DB18847,Deuruxolitinib,JAK1
DB18847,Deuruxolitinib,TYK2
DB18864,Litifilimab,CLEC4C
DB18865,Naporafenib,RAF1
DB18866,Nemtabrutinib,BTK
DB18877,Clesrovimab,F
DB18888,Camonsertib,ATR
DB18890,Depulfavirine,TERT
DB18908,selonabant,CNR1
DB18910,ADL-5859,OPRD1
DB18917,Edecesertib,IRAK4
DB18918,Elzovantinib,CSF1R
DB18918,Elzovantinib,MET
DB18918,Elzovantinib,SRC
DB18919,Sibeprenlimab,TNFSF13
DB18925,Sunvozertinib,EGFR
DB18927,Suzetrigine,SCN10A
DB18931,Ivonescimab,PDCD1
DB18931,Ivonescimab,VEGFA
DB18950,Caricotamide,NQO2
DB18954,TAK-071,CHRM1
DB18958,CVN-424,GPR6
DB18963,Mitiperstat,MPO
DB18964,Orforglipron,GLP1R
DB18968,Elinzanetant,TACR1
DB18968,Elinzanetant,TACR3
DB18972,Pimicotinib,CSF1R
DB18982,Saruparib,PARP1
DB18997,Plozasiran,APOC3
DB18998,Pemvidutide,GLP1R
DB18998,Pemvidutide,GCGR
DB19010,Supinoxin,DDX5
DB19022,L-377202,TOP2A
DB19022,L-377202,TOP2B
DB19023,Chiglitazar,PPARA
DB19023,Chiglitazar,PPARG
DB19028,Atamparib,TIPARP
DB19033,Befiradol,HTR1A
DB19040,Nelonicline,CHRNA7
DB19041,Elimusertib,ATR
DB19043,Imlunestrant,ESR1
DB19050,Bemnifosbuvir,
DB19051,Zandatrigine,SCN8A
DB19052,CH-1504 L-isomer,DHFR
DB19054,Deudextromethorphan,SIGMAR1
DB19054,Deudextromethorphan,SLC6A4
DB19058,Iclepertin,SLC6A9
DB19071,Lerodalcibep,PCSK9
DB19083,Mescaline,HTR2A
DB19085,Novolimus,MTOR
DB19088,Asundexian,F11
DB19090,Baxdrostat,CYP11B2
DB19094,Dimepheptanol,OPRK1
DB19094,Dimepheptanol,OPRD1
DB19094,Dimepheptanol,OPRM1
DB19108,SPH-3127,REN
DB19123,Enzalutamide d3,AR
DB19125,Giredestrant,ESR1
DB19129,Inupadenant,ADORA2A
DB19130,Relmapirazin,IL3RA
DB19160,Quemliclustat,NT5E
DB19168,Dexamethasone palmitate,ESRRA
DB19169,Pamapimod,MAPK14
DB19170,Pemrametostat,PRMT5
DB19174,EMI-137,MET
DB19177,PXS-4728A free base,AOC3
DB19179,Luxeptinib,BTK
DB19190,Londamocitinib,JAK1
DB19190,Londamocitinib,JAK3
DB19190,Londamocitinib,JAK2
DB19191,Valiltramiprosate,APP
DB19193,CFG-920,CYP17A1
DB19198,Substance P,TACR1
DB19199,ABBV-744,BRD2
DB19199,ABBV-744,BRD3
DB19199,ABBV-744,BRD4
DB19200,Luvixasertib,TTK
DB19201,Tamnorzatinib,AXL
DB19201,Tamnorzatinib,MERTK
DB19202,Acoltremon,TRPM8
DB19205,MAK-683,EED
DB19206,ONO-5334,CTSK
DB19208,ZED-1227,TGM2
DB19209,Ruzinurad,SLC22A12
DB19210,SX-682,CXCR2
DB19210,SX-682,CXCR1
DB19218,Camizestrant,ESR1
DB19220,Pegmusirudin,F2
DB19243,Padnarsertib,PAK4
DB19255,Gingerol,TRPA1
DB19257,Ginsenoside Rg3,KCNH2
DB19277,Omilancor,LANCL2
DB19278,Zasocitinib,TYK2
DB19281,Licochalcone A,PTPN1
DB19283,Honokiol,PTGS2
DB19283,Honokiol,PTGS1
DB19283,Honokiol,ALOX5
DB19306,XK-469 free acid,TOP2B
DB19311,Farglitazar,PPARG
DB19312,Sipoglitazar,PPARA
DB19312,Sipoglitazar,PPARG
DB19313,Salvianolic acid B,IGFBP3
DB19314,Nemonapride,DRD2
DB19325,Sofpironium,CHRM3
DB19325,Sofpironium,CHRM1
DB19329,Azelaprag,APLNR
DB19353,Benzgalantamine,ACHE
DB19353,Benzgalantamine,BCHE
DB19353,Benzgalantamine,CHRNA7
DB19353,Benzgalantamine,
DB19372,Zoxazolamine,KCNN2
DB19378,Megestrol,PGR
DB19381,AZACYCLONOL,HRH1
DB19397,AZD8630,TSLP
DB19466,Panamesine,SIGMAR1
DB19468,Cipemastat,MMP8
DB19468,Cipemastat,MMP1
DB19469,Safotibant,BDKRB1
DB19473,Empesertib,TTK
DB19479,Prifelone,PTGS2
DB19479,Prifelone,PTGS1
DB19481,Zalospirone,HTR1A
DB19482,Denbufylline,PDE4A
DB19482,Denbufylline,PDE4D
DB19482,Denbufylline,PDE4B
DB19488,Detirelix,GNRHR
DB19492,Mitonafide,TOP2A
DB19492,Mitonafide,TOP2B
DB19502,Ibrolipim,LPL
DB19508,Telenzepine,CHRM1
DB19510,Examorelin,GHRHR
DB19522,Elisidepsin,ERBB3
DB19525,Milacemide,MAOB
DB19528,Saripidem,GABRG3
DB19544,Imirestat,AKR1B1
DB19546,Lasinavir,gag-pol
DB19549,Viquidacin,gyrA
DB19549,Viquidacin,gyrB
DB19558,Tomeglovir,
DB19562,Fidexaban,F10
DB19563,Pranazepide,CCKAR
DB19565,Brocresine,HDC
DB19579,Seridopidine,SLC6A3
DB19590,Telratolimod,TLR7
DB19590,Telratolimod,TLR8
DB19598,Idrapril,ACE
DB19599,Lanepitant,TACR1
DB19603,Nerisopam,HTR1A
DB19612,Imepitoin,TSPO
DB19621,Mofegiline,MAOB
DB19627,Zindoxifene,ESR1
DB19639,Disulergine,HTR7
DB19650,Isospaglumic acid,GRM3
DB19659,Nitraquazone,PDE4A
DB19659,Nitraquazone,PDE4B
DB19662,Metesind,TMP1
DB19663,Quinpirole,DRD3
DB19663,Quinpirole,DRD2
DB19663,Quinpirole,DRD4
DB19663,Quinpirole,DRD1
DB19675,Tozasertib,AURKA
DB19675,Tozasertib,LCK
DB19675,Tozasertib,AURKB
DB19676,Laduviglusib,CDK1
DB19676,Laduviglusib,GSK3B
DB19676,Laduviglusib,MAPK1
DB19676,Laduviglusib,GSK3A
DB19706,Etisulergine,HTR1A
DB19706,Etisulergine,HTR2A
DB19706,Etisulergine,HTR1D
DB19710,Ancremonam,ftsI
DB19717,Ponalrestat,SLC5A4
DB19717,Ponalrestat,AKR1B1
DB19722,Radequinil,GABRG3
DB19724,Sunepitron,ADRA1B
DB19724,Sunepitron,HTR1A
DB19724,Sunepitron,ADRA1A
DB19724,Sunepitron,ADRA1D
DB19735,Quilostigmine,ACHE
DB19736,Mipitroban,TBXA2R
DB19738,Girisopam,GABRG3
DB19741,Azalanstat,ERG11
DB19742,Talaglumetad,GRM2
DB19742,Talaglumetad,GRM3
DB19749,Patamostat,PRSS1
DB19751,Lirequinil,TSPO
DB19753,Docebenone,ALOX5
DB19761,Cipralisant,HRH3
DB19764,Carzenide,CA14
DB19764,Carzenide,CA9
DB19764,Carzenide,CA6
DB19764,Carzenide,CA12
DB19764,Carzenide,CA2
DB19764,Carzenide,CA1
DB19773,Ancriviroc,CCR5
DB19774,Anpirtoline,HTR1B
DB19774,Anpirtoline,HTR1A
DB19784,Alnespirone,HTR1A
DB19785,Trecadrine,CA2
DB19785,Trecadrine,CA4
DB19785,Trecadrine,CA1
DB19785,Trecadrine,ADRB3
DB19793,Ecenofloxacin,gyrA
DB19793,Ecenofloxacin,gyrB
DB19798,Bexlosteride,SRD5A1
DB19807,Fananserin,HTR2A
DB19810,Epristeride,SRD5A1
DB19810,Epristeride,SRD5A2
DB19825,Eflucimibe,CES1
DB19830,Suritozole,GABRG3
DB19834,Razaxaban,F10
DB19834,Razaxaban,F5
DB19834,Razaxaban,F2
DB19834,Razaxaban,F9
DB19836,Eptapirone,HTR1A
DB19853,Flesinoxan,HTR1A
DB19856,Solcitinib,JAK1
DB19860,Lodenosine,gag-pol
DB19864,Licostinel,F2
DB19867,Abaperidone,DRD2
DB19867,Abaperidone,HTR2A
DB19872,Solimastat,MMP7
DB19872,Solimastat,MMP2
DB19872,Solimastat,MMP1
DB19875,Elopiprazole,HTR1A
DB19875,Elopiprazole,DRD2
DB19877,Berupipam,DRD1
DB19878,Lazabemide,MAOB
DB19880,Inogatran,F2
DB19883,Roxindole,DRD2
DB19895,Idoxifene,ESR1
DB19907,Spiramide,HTR2B
DB19907,Spiramide,HTR2A
DB19907,Spiramide,HTR2C
DB19912,Losoxantrone,TOP2A
DB19912,Losoxantrone,TOP2B
DB19918,Dasantafil,PDE5A
DB19921,Ecopladib,PLA2G4A
DB19929,Divaplon,GABRA1
DB19933,Belaperidone,DRD4
DB19936,Irindalone,SLC6A4
DB19939,Befloxatone,MAOA
DB19942,Sergliflozin etabonate,SLC5A2
DB19942,Sergliflozin etabonate,SLC5A1
DB19946,Ecabapide,ADRA2C
DB19947,Rocepafant,PTAFR
DB19953,Eldacimibe,CES1
DB19957,Nafoxidine,ESR2
DB19957,Nafoxidine,ESR1
DB19963,Quipazine,HTR3A
DB19963,Quipazine,HTR1D
DB19963,Quipazine,HTR3B
DB19963,Quipazine,SLC6A4
DB19963,Quipazine,HTR2A
DB19963,Quipazine,HTR1A
DB19963,Quipazine,HTR6
DB19967,Alvameline,CHRM3
DB19967,Alvameline,CHRM1
DB19967,Alvameline,CHRM2
DB19970,Pibutidine,HRH2
DB19972,Altanserin,HTR2A
DB19975,Fosopamine,DRD2
DB19979,Lificiguat,EZH2
DB19979,Lificiguat,GUCY1A1
DB19979,Lificiguat,GUCY1B1
DB19979,Lificiguat,HIF1A
DB20016,Semparatide,PTH2R
DB20017,Rilopirox,ALOX5
DB20018,Tomelukast,CYSLTR1
DB20033,Aminothiazole,NOS2
DB20043,Apadoline,OPRK1
DB20045,Tedalinab,CNR2
DB20048,Amifloxacin,TOP2A
DB20048,Amifloxacin,TOP2B
DB20049,Itameline,CHRM1
DB20063,Deltibant,BDKRB2
DB20074,Zifrosilone,ACHE
DB20083,Palinavir,gag-pol
DB20095,Torbafylline,PDE4A
DB20095,Torbafylline,PDE4D
DB20095,Torbafylline,PDE4B
DB20096,Halopemide,PLD1
DB20100,Pratosartan,AGTR1
DB20123,Rociclovir,
DB20127,Clinprost,PTGIR
DB20128,Fluperamide,OPRM1
DB20128,Fluperamide,OPRL1
DB20133,Ipsapirone,HTR1A
DB20140,Zolasartan,AGTR1
DB20141,Linotroban,TBXA2R
DB20144,Imazodan,PDE5A
DB20144,Imazodan,PDE2A
DB20144,Imazodan,PDE3A
DB20150,Avitriptan,HTR1D
DB20151,Feloprentan,EDNRB
DB20151,Feloprentan,EDNRA
DB20163,Donitriptan,HTR1B
DB20163,Donitriptan,HTR1D
DB20173,Darbufelone,ALOX5
DB20173,Darbufelone,PTGS2
DB20179,Sulamserod,KCNA5
DB20182,Domitroban,TBXA2R
DB20183,Sulotroban,TBXA2R
DB20206,Posatirelin,TRHR
DB20209,Ramorelix,GNRHR
DB20211,Talipexole,DRD2
DB20221,Eniporide,SLC9A1
DB20221,Eniporide,SLC9A3
DB20226,Metrifudil,ADORA3
DB20226,Metrifudil,ADORA2A
DB20226,Metrifudil,ADORA1
DB20229,Ripisartan,AGTR1
DB20240,Dizocilpine,GRIN1
DB20240,Dizocilpine,ADORA3
DB20240,Dizocilpine,GRIN2B
DB20240,Dizocilpine,GRIN2A
DB20243,Ecalcidene,VDR
DB20244,Adoprazine,HTR1A
DB20244,Adoprazine,DRD2
DB20245,Gevotroline,SIGMAR1
DB20247,Linetastine,PRKCB
DB20247,Linetastine,ALOX5
DB20267,Capeserod,HTR4
DB20285,Odapipam,DRD1
DB20288,Napsagatran anhydrous,F2
DB20290,Soretolide,GRIA1
DB20300,Pirinixic acid,PPARA
DB20301,Picumeterol,ADRB2
DB20305,Itriglumide,CCKBR
DB20306,Utibapril,ACE
DB20324,Revexepride,HTR4
DB20334,Cartazolate,PDE5A
DB20345,Lufironil,P4HA1
DB20348,Tisocalcitate,VDR
DB20355,Milfasartan,AGTR1
DB20358,Teglicar,CRAT
DB20375,Ripazepam,GABRA1
DB20379,Impromidine,HRH2
DB20379,Impromidine,HRH1
DB20379,Impromidine,HRH4
DB20379,Impromidine,HRH3
DB20381,Eptaloprost,PTGIR
DB20382,Iturelix,GNRHR
DB20389,Besipirdine,ADRA1A
DB20402,Nitecapone,COMT
DB20406,Dalcotidine,HRH2
DB20407,Amocarzine,ACHE
DB20422,Epiroprim,folA
DB20429,Noberastine,HRH1
DB20430,Emitefur,TMP1
DB20432,Pirmagrel,TBXAS1
DB20434,Tebanicline,CHRNB2
DB20434,Tebanicline,CHRNA4
DB20444,Preclamol,DRD2
DB20448,Zonampanel anhydrous,GRIA1
DB20451,Lamifiban,ITGA2B
DB20451,Lamifiban,ITGB3
DB20457,Eltenac,PTGS1
DB20457,Eltenac,PTGS2
DB20464,Izonsteride,SRD5A1
DB20464,Izonsteride,SRD5A2
DB20467,Lecimibide,CES1
DB20475,Piridronic acid,FDPS
DB20478,Cipamfylline,ADORA1
DB20478,Cipamfylline,PDE5A
DB20492,Asapiprant,PTGDR
DB20494,Alniditan,HTR1D
DB20494,Alniditan,HTR1B
DB20511,Fasidotril,MME
DB20515,Piragliatin,GCK
DB20531,Ticolubant,LTB4R
DB20532,Lintopride,HTR4
DB20534,Rimcazole,SIGMAR1
DB20546,Stacofylline,ACHE
DB20551,Sardomozide,AMD1
DB20551,Sardomozide,NR3C1
DB20553,Safironil,P4HA1
DB20556,Romazarit,PPARA
DB20573,Cligosiban,AVPR1A
DB20573,Cligosiban,OXTR
DB20592,Pumaprazole,ATP4A
DB20592,Pumaprazole,ATP4B
DB20602,Linaprazan,ATP4A
DB20602,Linaprazan,ATP4B
DB20607,Burapitant,TACR1
DB20615,Terlakiren,REN
DB20632,Tenosal,PTGS2
DB20635,Amesergide,HTR2A
DB20641,Taprizosin,ADRA1A
DB20643,Fluperlapine,HTR7
DB20643,Fluperlapine,HTR6
DB20644,Conessine,HRH3
DB20644,Conessine,ADRA2C
DB20647,Spiroglumide,CCKBR
DB20647,Spiroglumide,SLC6A3
DB20647,Spiroglumide,SLC6A2
DB20648,Tiotidine,HRH2
DB20662,Fedotozine,OPRK1
DB20663,Elbimilast,PDE4B
DB20663,Elbimilast,PDE4D
DB20663,Elbimilast,PDE4A
DB20666,Abanoquil,ADRA1A
DB20666,Abanoquil,ADRA1D
DB20666,Abanoquil,ADRA1B
DB20667,Dexefaroxan,ADORA2A
DB20674,Umespirone,DRD2
DB20674,Umespirone,HTR1A
DB20676,Orbofiban,ITGA2B
DB20676,Orbofiban,ITGB3
DB20677,Tidembersat,HTR1D
DB20680,Plomestane,CYP19A1
DB20690,Pirazolac,PTGS2
DB20690,Pirazolac,PTGS1
DB20693,Meluadrine,ADRB2
DB20694,Camobucol,TNF
DB20715,Tilmacoxib,PTGS2
DB20716,Falecalcitriol,VDR
DB20726,Panomifene,ESR1
DB20727,Lirimilast,PDE4B
DB20727,Lirimilast,PDE4D
DB20727,Lirimilast,PDE4A
DB20736,Goxalapladib,PLA2G7
DB20737,Usmarapride,HTR4
DB20743,Flosulide,PTGS2
DB20746,Zaprinast,PDE4D
DB20746,Zaprinast,PDE5A
DB20750,Lexipafant,PTAFR
DB20750,Lexipafant,gag-pol
DB20751,Dacopafant,PTAFR
DB20756,Caracemide,ACHE
DB20759,Vapiprost,TBXA2R
DB20763,Defoslimod,TLR4
DB20763,Defoslimod,TLR2
DB20787,Zankiren,REN
DB20789,Melogliptin,DPP4
DB20790,Romergoline,DRD2
DB20802,Alpidem,TSPO
DB20815,Tulopafant,PTAFR
DB20820,Minamestane,CYP19A1
DB20830,Apafant,PTAFR
DB20835,Manifaxine,SLC6A2
DB20835,Manifaxine,SLC6A3
DB20840,Imitrodast,TBXAS1
DB20841,Devazepide,CCKAR
DB20862,Esuprone,MAOA
DB20872,Lotrafiban,ITGA2B
DB20872,Lotrafiban,ITGB3
DB20882,Nogalamycin,TOP1
DB20883,Iralukast,CYSLTR1
DB20892,Tabimorelin,GHSR
DB20899,Avosentan,EDNRA
DB20905,Dabuzalgron,ADRA1D
DB20909,Oxeglitazar,PPARG
DB20909,Oxeglitazar,PPARA
DB20910,Rafabegron,ADRB3
DB20916,Cintirorgon,RORC
DB20918,Alofanib,FGFR2
DB20922,Turosteride,SRD5A1
DB20922,Turosteride,SRD5A2
DB20932,Ataprost,PTGIR
DB20934,Sulukast,CYSLTR1
DB20934,Sulukast,CYSLTR2
DB20950,Indanidine,ADRA2C
DB20951,Gantofiban,ITGA2B
DB20951,Gantofiban,ITGB3
DB20952,Carmoxirole,DRD2
DB20953,Etomoxir,CPT1B
DB20954,Gemopatrilat,MME
DB20960,Mazapertine,ADRA2B
DB20960,Mazapertine,DRD2
DB20960,Mazapertine,ADRA2A
DB20960,Mazapertine,ADRA1B
DB20960,Mazapertine,DRD3
DB20960,Mazapertine,ADRA1A
DB20960,Mazapertine,ADRA2C
DB20960,Mazapertine,ADRA1D
DB20960,Mazapertine,HTR1A
DB20960,Mazapertine,HTR2A
DB20962,Sibenadet,ADRB2
DB20962,Sibenadet,DRD2
DB20964,Lensiprazine,DRD2
DB20982,Amiflamine,SLC6A2
DB20983,Cicaprost,PTGIR
DB20983,Cicaprost,PTGER1
DB20983,Cicaprost,PTGER3
DB20983,Cicaprost,PTGER2
DB20983,Cicaprost,PTGER4
DB20990,Sameridine,OPRM1
DB20991,Dapitant,TACR1
DB20992,Diaplasinin,SERPINE1
DB21002,Tebufelone,PTGS1
DB21002,Tebufelone,PTGS2
DB21002,Tebufelone,ALOX5
DB21004,Acivicin,CTPS1
DB21014,Sonepiprazole,DRD4
DB21016,Lergotrile,HTR6
DB21024,Rolafagrel,TBXAS1
DB21031,Eglumetad,GRM2
DB21031,Eglumetad,GRM3
DB21032,Sipatrigine,CACNA1D
DB21032,Sipatrigine,SCN3A
DB21032,Sipatrigine,SCN4A
DB21032,Sipatrigine,SCN5A
DB21032,Sipatrigine,SCN9A
DB21032,Sipatrigine,SCN10A
DB21038,Bretazenil,TSPO
DB21051,Pravadoline,CNR1
DB21051,Pravadoline,CNR2
DB21058,Xemilofiban,ITGB3
DB21058,Xemilofiban,ITGA2B
DB21067,Felezonexor,XPO1
DB21071,Etarotene,RPP14
DB21071,Etarotene,RPP21
DB21077,Aladorian,RYR1
DB21078,Ametantrone,TOP2A
DB21078,Ametantrone,TOP2B
DB21080,Atocalcitol,VDR
DB21083,Atibeprone,MAOB
DB21089,Roxifiban,ITGB3
DB21101,Tazomeline,CHRM1
DB21110,Tafluposide,TOP1
DB21110,Tafluposide,TOP2A
DB21110,Tafluposide,TOP2B
DB21114,Fabesetron,HTR4
DB21121,Nastorazepide,CCKBR
DB21128,Amitivir,
DB21136,Niravoline,OPRK1
DB21137,Rofleponide,ESRRA
DB21141,Altinicline,CHRNB2
DB21141,Altinicline,CHRNA4
DB21149,Befetupitant,TACR1
DB21162,Daltroban,TBXA2R
DB21176,Florifenine,PTGS1
DB21176,Florifenine,PTGS2
DB21193,Mesulergine,HTR7
DB21193,Mesulergine,HTR3B
DB21193,Mesulergine,ADORA3
DB21193,Mesulergine,HTR3A
DB21204,Metazamide,G6PD
DB21212,Elarofiban anhydrous,ITGA2B
DB21212,Elarofiban anhydrous,ITGB3
DB21220,Ebrotidine,HRH2
DB21224,Lanperisone,SCN4A
DB21228,Zatebradine,KCNA5
DB21230,Upidosin,ADRA1A
DB21230,Upidosin,ADRA1D
DB21252,Setipafant,PTAFR
DB21258,Palosuran,UTS2R
DB21271,Mezilamine,ADRA2C
DB21271,Mezilamine,ADRA2A
DB21271,Mezilamine,ADRA2B
DB21272,Lubeluzole,SCN5A
DB21275,Panadiplon,GABRG2
DB21275,Panadiplon,GABRB2
DB21275,Panadiplon,GABRA1
DB21277,Denopamine,DRD2
DB21282,Pepstatin,PMII
DB21283,Sampatrilat,MME
DB21288,Aderbasib,ADAM10
DB21288,Aderbasib,ADAM17
DB21297,Cromoglicate lisetil,KCNMA1
DB21303,Efegatran,F2
DB21304,Foropafant,PTAFR
DB21336,Fluparoxan,ADRA2C
DB21348,Ebalzotan,HTR1A
DB21360,Mitoflaxone,VWF
DB21364,Alacepril,ACE
DB21367,Tanogitran,F10
DB21373,Galocitabine,TMP1
DB21374,Glenvastatin,HMGCR
DB21383,Satigrel,TBXAS1
DB21384,Zanoterone,AR
DB21396,Sinitrodil,PDE5A
DB21402,Tifenazoxide,ABCC8
DB21403,Remeglurant,GRM5
DB21404,Zamifenacin,CHRM3
DB21405,Pirenperone,HTR7
DB21420,Sibrafiban,ITGA2B
DB21420,Sibrafiban,ITGB3
DB21421,Palupiprant,PTGER4
DB21425,Quinelorane,DRD3
DB21426,Nicoxamat,TYR
DB21453,Xiliertinib,EGFR
DB21454,Mevociclib,CDK7
DB21458,Mizacorat,NR3C1
DB21460,Nelonemdaz,GRIN2B
DB21463,Itacnosertib,ACVR1
DB21463,Itacnosertib,TGFBR1
DB21466,Icenticaftor,CFTR
DB21474,Risovalisib,PIK3CA
DB21480,Onametostat,PRMT5
DB21489,Ervogastat,DGAT2
DB21490,Edaxeterkib,EPHB2
DB21491,Zeteletinib,RET
DB21497,Pulrodemstat,KDM1A
DB21498,Orludodstat,DHODH
DB21508,Tuxobertinib,ERBB2
DB21508,Tuxobertinib,EGFR
DB21512,Xeruborbactam,blaZ
DB21519,Ocedurenone,NR3C2
DB21520,Evixapodlin,CD274
DB21522,Selnoflast,NLRP3
DB21530,Asnuciclib,CDK5
DB21530,Asnuciclib,CDK9
DB21530,Asnuciclib,CDK1
DB21530,Asnuciclib,CDK2
DB21532,Izilendustat,EGLN1
DB21536,Anizatrectinib,NTRK1
DB21562,Tebideutorexant,HCRTR1
DB21563,Amelenodor,NLRX1
DB21568,Muvalaplin,LPA
DB21583,Opnurasib,KRAS
DB21587,Vicasinabin,CNR2
DB21591,Ceperognastat,OGA
DB21607,Vemtoberant,ADRB3
DB21631,Lotiglipron,GLP1R
DB21667,Sevabertinib,ERBB2
DB21667,Sevabertinib,EGFR
DB21699,Tigemocoxib,PTGS2
DB21732,Ocadusertib,RIPK1
DB21742,Ilantimod,AHR
DB21746,Dexfadrostat,CYP11B1
DB21755,TCS-OX2-29,HCRTR2
DB21763,Navenibart,KLKB1
DB21908,Sipavibart,S
DB22104,AZD2389,FAP
DB22370,Luxdegalutamide,AR
DB22673,BHV-1300,
DB22673,BHV-1300,IGHG2
DB22673,BHV-1300,IGHG4
DB22673,BHV-1300,ASGR1
DB22674,BHV-1310,
DB22674,BHV-1310,IGHG2
DB22674,BHV-1310,IGHG4
DB22674,BHV-1310,ASGR1
DB23606,WNY0824,PLK1
DB23606,WNY0824,BRD4
DB23607,BRD-810,MCL1
DB24348,Milsaperidone,ADRA1A
DB24348,Milsaperidone,ADRA2B
DB24348,Milsaperidone,ADRA2C
DB24348,Milsaperidone,DRD1
DB24348,Milsaperidone,DRD2
DB24348,Milsaperidone,DRD3
DB24348,Milsaperidone,DRD4
DB24348,Milsaperidone,HRH1
DB24348,Milsaperidone,HTR1B
DB24348,Milsaperidone,HTR2A
DB24348,Milsaperidone,HTR2C
DB24348,Milsaperidone,ADRA2A
DB24348,Milsaperidone,HTR1A
DB24348,Milsaperidone,HTR6
DB28349,LBL-054,CDH17
DB28350,7MW4911,CDH17
DB28351,NGM707,LILRB1
DB28351,NGM707,LILRB2
DB28444,RAP-103,CCR2
DB28444,RAP-103,CCR5
DB28444,RAP-103,CCR8
DB29149,H-151,STING1
DB31662,Endoxifen,ESR1
DB31734,FRAX597,PAK1
DB31734,FRAX597,PAK2
DB31734,FRAX597,PAK3
DB31795,FRAX716,PAK1
DB31795,FRAX716,PAK2
DB31795,FRAX716,PAK3
DB31834,FRAX1036,PAK1
DB31834,FRAX1036,PAK4
DB32041,Copper histidinate,HDC
DB32041,Copper histidinate,HARS1
DB32041,Copper histidinate,SLC38A3
DB32041,Copper histidinate,HAL
DB32060,MF-300,HPGD
DB32061,PHB-050,IGHE
DB32138,Indium In-111 ibritumomab tiuxetan,MS4A1
DB32139,Yttrium y-90 ibritumomab tiuxetan,MS4A1
DB32603,SI-109,STAT3
