miRNA,Gene
hsa-let-7a-5p,ICMT
hsa-let-7a-5p,USP24
hsa-let-7a-5p,GNG5
hsa-let-7a-5p,ZNF644
hsa-let-7a-5p,TGFBR3
hsa-let-7a-5p,TMED5
hsa-let-7a-5p,SLC25A24
hsa-let-7a-5p,NRAS
hsa-let-7a-5p,PEX11B
hsa-let-7a-5p,RGS16
hsa-let-7a-5p,EDEM3
hsa-let-7a-5p,PPP1R15B
hsa-let-7a-5p,YOD1
hsa-let-7a-5p,LPGAT1
hsa-let-7a-5p,RAB3GAP2
hsa-let-7a-5p,LBR
hsa-let-7a-5p,AHCTF1
hsa-let-7a-5p,PRDM2
hsa-let-7a-5p,EFHD2
hsa-let-7a-5p,PTPRU
hsa-let-7a-5p,TXLNA
hsa-let-7a-5p,AGO4
hsa-let-7a-5p,AGO3
hsa-let-7a-5p,PKN2
hsa-let-7a-5p,PTBP2
hsa-let-7a-5p,LRIG2
hsa-let-7a-5p,ADAM15
hsa-let-7a-5p,ERCC6
hsa-let-7a-5p,SLC16A9
hsa-let-7a-5p,WDR37
hsa-let-7a-5p,MLLT10
hsa-let-7a-5p,FAS
hsa-let-7a-5p,CCNJ
hsa-let-7a-5p,ENTPD7
hsa-let-7a-5p,SCD
hsa-let-7a-5p,HIF1AN
hsa-let-7a-5p,TPP1
hsa-let-7a-5p,LYVE1
hsa-let-7a-5p,EIF4G2
hsa-let-7a-5p,LGR4
hsa-let-7a-5p,B4GAT1
hsa-let-7a-5p,PGM2L1
hsa-let-7a-5p,KCTD21
hsa-let-7a-5p,RDX
hsa-let-7a-5p,CRY2
hsa-let-7a-5p,CLP1
hsa-let-7a-5p,STX3
hsa-let-7a-5p,SPINDOC
hsa-let-7a-5p,CHD4
hsa-let-7a-5p,GXYLT1
hsa-let-7a-5p,DDN
hsa-let-7a-5p,KMT2D
hsa-let-7a-5p,ZBTB39
hsa-let-7a-5p,NEMP1
hsa-let-7a-5p,LRIG3
hsa-let-7a-5p,NAP1L1
hsa-let-7a-5p,ATP2B1
hsa-let-7a-5p,EEA1
hsa-let-7a-5p,GOLT1B
hsa-let-7a-5p,ETNK1
hsa-let-7a-5p,ESPL1
hsa-let-7a-5p,TARBP2
hsa-let-7a-5p,HOXC11
hsa-let-7a-5p,HMGA2
hsa-let-7a-5p,VEZT
hsa-let-7a-5p,ATP2A2
hsa-let-7a-5p,ERP29
hsa-let-7a-5p,KATNAL1
hsa-let-7a-5p,STARD13
hsa-let-7a-5p,IRS2
hsa-let-7a-5p,COL4A1
hsa-let-7a-5p,NHLRC3
hsa-let-7a-5p,FNDC3A
hsa-let-7a-5p,ERO1A
hsa-let-7a-5p,ZFYVE26
hsa-let-7a-5p,KHNYN
hsa-let-7a-5p,NAA30
hsa-let-7a-5p,ARPP19
hsa-let-7a-5p,PRTG
hsa-let-7a-5p,IGDCC3
hsa-let-7a-5p,IGDCC4
hsa-let-7a-5p,NIPA1
hsa-let-7a-5p,THBS1
hsa-let-7a-5p,SNAP23
hsa-let-7a-5p,MAPK6
hsa-let-7a-5p,ARID3B
hsa-let-7a-5p,C15orf39
hsa-let-7a-5p,RAMAC
hsa-let-7a-5p,ARRDC4
hsa-let-7a-5p,IGF1R
hsa-let-7a-5p,ZNF200
hsa-let-7a-5p,SOCS1
hsa-let-7a-5p,ZNF689
hsa-let-7a-5p,KIAA0895L
hsa-let-7a-5p,NME4
hsa-let-7a-5p,CCNF
hsa-let-7a-5p,EEF2K
hsa-let-7a-5p,PDP2
hsa-let-7a-5p,PDPR
hsa-let-7a-5p,GAN
hsa-let-7a-5p,GJC1
hsa-let-7a-5p,COL1A1
hsa-let-7a-5p,COIL
hsa-let-7a-5p,LIMD2
hsa-let-7a-5p,FAM104A
hsa-let-7a-5p,NLK
hsa-let-7a-5p,CCL7
hsa-let-7a-5p,ARL4D
hsa-let-7a-5p,TBKBP1
hsa-let-7a-5p,IGF2BP1
hsa-let-7a-5p,SEC14L1
hsa-let-7a-5p,ZNF516
hsa-let-7a-5p,ARHGAP28
hsa-let-7a-5p,MIB1
hsa-let-7a-5p,GALNT1
hsa-let-7a-5p,INSR
hsa-let-7a-5p,GIPC1
hsa-let-7a-5p,CDC34
hsa-let-7a-5p,TNFSF9
hsa-let-7a-5p,PLD3
hsa-let-7a-5p,GEMIN7
hsa-let-7a-5p,E2F6
hsa-let-7a-5p,SLC5A6
hsa-let-7a-5p,MAP4K3
hsa-let-7a-5p,TIA1
hsa-let-7a-5p,SEMA4C
hsa-let-7a-5p,MGAT4A
hsa-let-7a-5p,POLR2D
hsa-let-7a-5p,RBMS1
hsa-let-7a-5p,FIGN
hsa-let-7a-5p,EPHA4
hsa-let-7a-5p,HDLBP
hsa-let-7a-5p,RRM2
hsa-let-7a-5p,MYCN
hsa-let-7a-5p,TET3
hsa-let-7a-5p,RANBP2
hsa-let-7a-5p,SLC20A1
hsa-let-7a-5p,COL3A1
hsa-let-7a-5p,MARS2
hsa-let-7a-5p,BZW1
hsa-let-7a-5p,PNKD
hsa-let-7a-5p,TTLL4
hsa-let-7a-5p,PLAGL2
hsa-let-7a-5p,NOL4L
hsa-let-7a-5p,ZNF512B
hsa-let-7a-5p,ZCCHC3
hsa-let-7a-5p,BTBD3
hsa-let-7a-5p,PARD6B
hsa-let-7a-5p,BRWD1
hsa-let-7a-5p,UBE2G2
hsa-let-7a-5p,BACH1
hsa-let-7a-5p,ZNF280B
hsa-let-7a-5p,HIC2
hsa-let-7a-5p,MIEF1
hsa-let-7a-5p,DPH3
hsa-let-7a-5p,SMARCC1
hsa-let-7a-5p,CDC25A
hsa-let-7a-5p,NME6
hsa-let-7a-5p,QARS1
hsa-let-7a-5p,TUSC2
hsa-let-7a-5p,STIMATE
hsa-let-7a-5p,PDHB
hsa-let-7a-5p,EOGT
hsa-let-7a-5p,ABCC5
hsa-let-7a-5p,TMEM41A
hsa-let-7a-5p,LIPH
hsa-let-7a-5p,IGF2BP2
hsa-let-7a-5p,TRIM71
hsa-let-7a-5p,GOLGA4
hsa-let-7a-5p,PDE12
hsa-let-7a-5p,C3orf52
hsa-let-7a-5p,CDV3
hsa-let-7a-5p,TSC22D2
hsa-let-7a-5p,FNDC3B
hsa-let-7a-5p,SLC10A7
hsa-let-7a-5p,PCGF3
hsa-let-7a-5p,CPEB2
hsa-let-7a-5p,MED28
hsa-let-7a-5p,SMARCAD1
hsa-let-7a-5p,USP38
hsa-let-7a-5p,SLC38A9
hsa-let-7a-5p,TMEM167A
hsa-let-7a-5p,FNIP1
hsa-let-7a-5p,DUSP1
hsa-let-7a-5p,SUB1
hsa-let-7a-5p,OSMR
hsa-let-7a-5p,C5orf51
hsa-let-7a-5p,MAP3K1
hsa-let-7a-5p,KIF2A
hsa-let-7a-5p,ADRB2
hsa-let-7a-5p,GRPEL2
hsa-let-7a-5p,SMIM3
hsa-let-7a-5p,TRIM41
hsa-let-7a-5p,ELOVL4
hsa-let-7a-5p,SYNCRIP
hsa-let-7a-5p,EDN1
hsa-let-7a-5p,HMGA1
hsa-let-7a-5p,CDKN1A
hsa-let-7a-5p,ABCC10
hsa-let-7a-5p,FAM135A
hsa-let-7a-5p,LIN28B
hsa-let-7a-5p,UTRN
hsa-let-7a-5p,TAB2
hsa-let-7a-5p,ARMT1
hsa-let-7a-5p,IGF2BP3
hsa-let-7a-5p,HOXA1
hsa-let-7a-5p,CCDC71L
hsa-let-7a-5p,WASL
hsa-let-7a-5p,STARD3NL
hsa-let-7a-5p,CLDN12
hsa-let-7a-5p,DLC1
hsa-let-7a-5p,MTUS1
hsa-let-7a-5p,DUSP4
hsa-let-7a-5p,ANKRD46
hsa-let-7a-5p,SLC25A32
hsa-let-7a-5p,AC012213.5
hsa-let-7a-5p,TMEM65
hsa-let-7a-5p,ASAP1
hsa-let-7a-5p,C8orf58
hsa-let-7a-5p,GOLGA7
hsa-let-7a-5p,CHD7
hsa-let-7a-5p,RDH10
hsa-let-7a-5p,E2F5
hsa-let-7a-5p,MTDH
hsa-let-7a-5p,ZBTB5
hsa-let-7a-5p,CEMIP2
hsa-let-7a-5p,COL15A1
hsa-let-7a-5p,TGFBR1
hsa-let-7a-5p,RNF20
hsa-let-7a-5p,PBX3
hsa-let-7a-5p,CERCAM
hsa-let-7a-5p,PUDP
hsa-let-7a-5p,TIMM17B
hsa-let-7a-5p,SMC1A
hsa-let-7a-5p,ELF4
hsa-let-7a-5p,MBTPS2
hsa-let-7a-5p,MSN
hsa-let-7a-5p,PGRMC1
hsa-let-7b-5p,ICMT
hsa-let-7b-5p,USP24
hsa-let-7b-5p,GNG5
hsa-let-7b-5p,ZNF644
hsa-let-7b-5p,TGFBR3
hsa-let-7b-5p,TMED5
hsa-let-7b-5p,SLC25A24
hsa-let-7b-5p,NRAS
hsa-let-7b-5p,PEX11B
hsa-let-7b-5p,RGS16
hsa-let-7b-5p,EDEM3
hsa-let-7b-5p,PPP1R15B
hsa-let-7b-5p,YOD1
hsa-let-7b-5p,LPGAT1
hsa-let-7b-5p,RAB3GAP2
hsa-let-7b-5p,LBR
hsa-let-7b-5p,AHCTF1
hsa-let-7b-5p,PRDM2
hsa-let-7b-5p,EFHD2
hsa-let-7b-5p,PTPRU
hsa-let-7b-5p,TXLNA
hsa-let-7b-5p,PKN2
hsa-let-7b-5p,PTBP2
hsa-let-7b-5p,LRIG2
hsa-let-7b-5p,ADAM15
hsa-let-7b-5p,ERCC6
hsa-let-7b-5p,SLC16A9
hsa-let-7b-5p,WDR37
hsa-let-7b-5p,MLLT10
hsa-let-7b-5p,FAS
hsa-let-7b-5p,CCNJ
hsa-let-7b-5p,ENTPD7
hsa-let-7b-5p,SCD
hsa-let-7b-5p,HIF1AN
hsa-let-7b-5p,TPP1
hsa-let-7b-5p,LYVE1
hsa-let-7b-5p,EIF4G2
hsa-let-7b-5p,LGR4
hsa-let-7b-5p,B4GAT1
hsa-let-7b-5p,PGM2L1
hsa-let-7b-5p,KCTD21
hsa-let-7b-5p,RDX
hsa-let-7b-5p,CRY2
hsa-let-7b-5p,CLP1
hsa-let-7b-5p,STX3
hsa-let-7b-5p,SPINDOC
hsa-let-7b-5p,CHD4
hsa-let-7b-5p,GXYLT1
hsa-let-7b-5p,DDN
hsa-let-7b-5p,KMT2D
hsa-let-7b-5p,ZBTB39
hsa-let-7b-5p,NEMP1
hsa-let-7b-5p,LRIG3
hsa-let-7b-5p,NAP1L1
hsa-let-7b-5p,ATP2B1
hsa-let-7b-5p,EEA1
hsa-let-7b-5p,GOLT1B
hsa-let-7b-5p,ETNK1
hsa-let-7b-5p,ESPL1
hsa-let-7b-5p,TARBP2
hsa-let-7b-5p,HOXC11
hsa-let-7b-5p,HMGA2
hsa-let-7b-5p,VEZT
hsa-let-7b-5p,ATP2A2
hsa-let-7b-5p,ERP29
hsa-let-7b-5p,KATNAL1
hsa-let-7b-5p,STARD13
hsa-let-7b-5p,IRS2
hsa-let-7b-5p,COL4A1
hsa-let-7b-5p,NHLRC3
hsa-let-7b-5p,FNDC3A
hsa-let-7b-5p,ERO1A
hsa-let-7b-5p,ZFYVE26
hsa-let-7b-5p,KHNYN
hsa-let-7b-5p,NAA30
hsa-let-7b-5p,ARPP19
hsa-let-7b-5p,PRTG
hsa-let-7b-5p,IGDCC3
hsa-let-7b-5p,IGDCC4
hsa-let-7b-5p,NIPA1
hsa-let-7b-5p,THBS1
hsa-let-7b-5p,SNAP23
hsa-let-7b-5p,MAPK6
hsa-let-7b-5p,ARID3B
hsa-let-7b-5p,C15orf39
hsa-let-7b-5p,RAMAC
hsa-let-7b-5p,ARRDC4
hsa-let-7b-5p,IGF1R
hsa-let-7b-5p,ZNF200
hsa-let-7b-5p,SOCS1
hsa-let-7b-5p,ZNF689
hsa-let-7b-5p,KIAA0895L
hsa-let-7b-5p,NME4
hsa-let-7b-5p,CCNF
hsa-let-7b-5p,EEF2K
hsa-let-7b-5p,PDP2
hsa-let-7b-5p,PDPR
hsa-let-7b-5p,GAN
hsa-let-7b-5p,GJC1
hsa-let-7b-5p,COL1A1
hsa-let-7b-5p,COIL
hsa-let-7b-5p,LIMD2
hsa-let-7b-5p,FAM104A
hsa-let-7b-5p,NLK
hsa-let-7b-5p,CCL7
hsa-let-7b-5p,ARL4D
hsa-let-7b-5p,TBKBP1
hsa-let-7b-5p,IGF2BP1
hsa-let-7b-5p,SEC14L1
hsa-let-7b-5p,ZNF516
hsa-let-7b-5p,ARHGAP28
hsa-let-7b-5p,MIB1
hsa-let-7b-5p,GALNT1
hsa-let-7b-5p,INSR
hsa-let-7b-5p,GIPC1
hsa-let-7b-5p,CDC34
hsa-let-7b-5p,TNFSF9
hsa-let-7b-5p,PLD3
hsa-let-7b-5p,GEMIN7
hsa-let-7b-5p,E2F6
hsa-let-7b-5p,SLC5A6
hsa-let-7b-5p,MAP4K3
hsa-let-7b-5p,TIA1
hsa-let-7b-5p,SEMA4C
hsa-let-7b-5p,MGAT4A
hsa-let-7b-5p,POLR2D
hsa-let-7b-5p,RBMS1
hsa-let-7b-5p,FIGN
hsa-let-7b-5p,EPHA4
hsa-let-7b-5p,HDLBP
hsa-let-7b-5p,RRM2
hsa-let-7b-5p,MYCN
hsa-let-7b-5p,TET3
hsa-let-7b-5p,RANBP2
hsa-let-7b-5p,SLC20A1
hsa-let-7b-5p,COL3A1
hsa-let-7b-5p,MARS2
hsa-let-7b-5p,BZW1
hsa-let-7b-5p,PNKD
hsa-let-7b-5p,TTLL4
hsa-let-7b-5p,PLAGL2
hsa-let-7b-5p,NOL4L
hsa-let-7b-5p,ZNF512B
hsa-let-7b-5p,ZCCHC3
hsa-let-7b-5p,BTBD3
hsa-let-7b-5p,PARD6B
hsa-let-7b-5p,BRWD1
hsa-let-7b-5p,UBE2G2
hsa-let-7b-5p,BACH1
hsa-let-7b-5p,ZNF280B
hsa-let-7b-5p,HIC2
hsa-let-7b-5p,MIEF1
hsa-let-7b-5p,DPH3
hsa-let-7b-5p,SMARCC1
hsa-let-7b-5p,CDC25A
hsa-let-7b-5p,NME6
hsa-let-7b-5p,QARS1
hsa-let-7b-5p,TUSC2
hsa-let-7b-5p,STIMATE
hsa-let-7b-5p,PDHB
hsa-let-7b-5p,EOGT
hsa-let-7b-5p,ABCC5
hsa-let-7b-5p,TMEM41A
hsa-let-7b-5p,LIPH
hsa-let-7b-5p,IGF2BP2
hsa-let-7b-5p,TRIM71
hsa-let-7b-5p,GOLGA4
hsa-let-7b-5p,PDE12
hsa-let-7b-5p,C3orf52
hsa-let-7b-5p,CDV3
hsa-let-7b-5p,TSC22D2
hsa-let-7b-5p,FNDC3B
hsa-let-7b-5p,SLC10A7
hsa-let-7b-5p,PCGF3
hsa-let-7b-5p,CPEB2
hsa-let-7b-5p,MED28
hsa-let-7b-5p,SMARCAD1
hsa-let-7b-5p,USP38
hsa-let-7b-5p,SLC38A9
hsa-let-7b-5p,TMEM167A
hsa-let-7b-5p,FNIP1
hsa-let-7b-5p,DUSP1
hsa-let-7b-5p,RNF44
hsa-let-7b-5p,SUB1
hsa-let-7b-5p,OSMR
hsa-let-7b-5p,C5orf51
hsa-let-7b-5p,MAP3K1
hsa-let-7b-5p,ADRB2
hsa-let-7b-5p,GRPEL2
hsa-let-7b-5p,SMIM3
hsa-let-7b-5p,TRIM41
hsa-let-7b-5p,ELOVL4
hsa-let-7b-5p,SYNCRIP
hsa-let-7b-5p,EDN1
hsa-let-7b-5p,HMGA1
hsa-let-7b-5p,CDKN1A
hsa-let-7b-5p,ABCC10
hsa-let-7b-5p,FAM135A
hsa-let-7b-5p,LIN28B
hsa-let-7b-5p,UTRN
hsa-let-7b-5p,TAB2
hsa-let-7b-5p,ARMT1
hsa-let-7b-5p,IGF2BP3
hsa-let-7b-5p,HOXA1
hsa-let-7b-5p,CCDC71L
hsa-let-7b-5p,WASL
hsa-let-7b-5p,STARD3NL
hsa-let-7b-5p,CLDN12
hsa-let-7b-5p,DLC1
hsa-let-7b-5p,MTUS1
hsa-let-7b-5p,DUSP4
hsa-let-7b-5p,ANKRD46
hsa-let-7b-5p,SLC25A32
hsa-let-7b-5p,AC012213.5
hsa-let-7b-5p,TMEM65
hsa-let-7b-5p,ASAP1
hsa-let-7b-5p,C8orf58
hsa-let-7b-5p,GOLGA7
hsa-let-7b-5p,CHD7
hsa-let-7b-5p,RDH10
hsa-let-7b-5p,E2F5
hsa-let-7b-5p,ZBTB5
hsa-let-7b-5p,CEMIP2
hsa-let-7b-5p,COL15A1
hsa-let-7b-5p,TGFBR1
hsa-let-7b-5p,RNF20
hsa-let-7b-5p,PBX3
hsa-let-7b-5p,CERCAM
hsa-let-7b-5p,PUDP
hsa-let-7b-5p,TIMM17B
hsa-let-7b-5p,SMC1A
hsa-let-7b-5p,ELF4
hsa-let-7b-5p,MBTPS2
hsa-let-7b-5p,MSN
hsa-let-7b-5p,PGRMC1
hsa-let-7c-5p,ICMT
hsa-let-7c-5p,USP24
hsa-let-7c-5p,GNG5
hsa-let-7c-5p,ZNF644
hsa-let-7c-5p,TGFBR3
hsa-let-7c-5p,TMED5
hsa-let-7c-5p,SLC25A24
hsa-let-7c-5p,NRAS
hsa-let-7c-5p,PEX11B
hsa-let-7c-5p,RGS16
hsa-let-7c-5p,EDEM3
hsa-let-7c-5p,PPP1R15B
hsa-let-7c-5p,YOD1
hsa-let-7c-5p,LPGAT1
hsa-let-7c-5p,RAB3GAP2
hsa-let-7c-5p,LBR
hsa-let-7c-5p,AHCTF1
hsa-let-7c-5p,PRDM2
hsa-let-7c-5p,EFHD2
hsa-let-7c-5p,PTPRU
hsa-let-7c-5p,TXLNA
hsa-let-7c-5p,AGO4
hsa-let-7c-5p,AGO3
hsa-let-7c-5p,PKN2
hsa-let-7c-5p,PTBP2
hsa-let-7c-5p,LRIG2
hsa-let-7c-5p,ADAM15
hsa-let-7c-5p,PBX1
hsa-let-7c-5p,ERCC6
hsa-let-7c-5p,SLC16A9
hsa-let-7c-5p,WDR37
hsa-let-7c-5p,MLLT10
hsa-let-7c-5p,FAS
hsa-let-7c-5p,CCNJ
hsa-let-7c-5p,ENTPD7
hsa-let-7c-5p,SCD
hsa-let-7c-5p,HIF1AN
hsa-let-7c-5p,TPP1
hsa-let-7c-5p,LYVE1
hsa-let-7c-5p,EIF4G2
hsa-let-7c-5p,LGR4
hsa-let-7c-5p,B4GAT1
hsa-let-7c-5p,PGM2L1
hsa-let-7c-5p,KCTD21
hsa-let-7c-5p,RDX
hsa-let-7c-5p,CRY2
hsa-let-7c-5p,CLP1
hsa-let-7c-5p,STX3
hsa-let-7c-5p,SPINDOC
hsa-let-7c-5p,CHD4
hsa-let-7c-5p,GXYLT1
hsa-let-7c-5p,DDN
hsa-let-7c-5p,KMT2D
hsa-let-7c-5p,ZBTB39
hsa-let-7c-5p,NEMP1
hsa-let-7c-5p,LRIG3
hsa-let-7c-5p,NAP1L1
hsa-let-7c-5p,ATP2B1
hsa-let-7c-5p,EEA1
hsa-let-7c-5p,GOLT1B
hsa-let-7c-5p,ETNK1
hsa-let-7c-5p,ESPL1
hsa-let-7c-5p,TARBP2
hsa-let-7c-5p,HOXC11
hsa-let-7c-5p,HMGA2
hsa-let-7c-5p,VEZT
hsa-let-7c-5p,ATP2A2
hsa-let-7c-5p,ERP29
hsa-let-7c-5p,KATNAL1
hsa-let-7c-5p,STARD13
hsa-let-7c-5p,IRS2
hsa-let-7c-5p,COL4A1
hsa-let-7c-5p,NHLRC3
hsa-let-7c-5p,FNDC3A
hsa-let-7c-5p,ERO1A
hsa-let-7c-5p,ZFYVE26
hsa-let-7c-5p,KHNYN
hsa-let-7c-5p,NAA30
hsa-let-7c-5p,ARPP19
hsa-let-7c-5p,PRTG
hsa-let-7c-5p,IGDCC3
hsa-let-7c-5p,IGDCC4
hsa-let-7c-5p,NIPA1
hsa-let-7c-5p,THBS1
hsa-let-7c-5p,SNAP23
hsa-let-7c-5p,MAPK6
hsa-let-7c-5p,ARID3B
hsa-let-7c-5p,C15orf39
hsa-let-7c-5p,RAMAC
hsa-let-7c-5p,ARRDC4
hsa-let-7c-5p,IGF1R
hsa-let-7c-5p,ZNF200
hsa-let-7c-5p,SOCS1
hsa-let-7c-5p,ZNF689
hsa-let-7c-5p,KIAA0895L
hsa-let-7c-5p,NME4
hsa-let-7c-5p,CCNF
hsa-let-7c-5p,EEF2K
hsa-let-7c-5p,PDP2
hsa-let-7c-5p,PDPR
hsa-let-7c-5p,GAN
hsa-let-7c-5p,GJC1
hsa-let-7c-5p,COL1A1
hsa-let-7c-5p,COIL
hsa-let-7c-5p,LIMD2
hsa-let-7c-5p,FAM104A
hsa-let-7c-5p,NLK
hsa-let-7c-5p,CCL7
hsa-let-7c-5p,ARL4D
hsa-let-7c-5p,TBKBP1
hsa-let-7c-5p,IGF2BP1
hsa-let-7c-5p,SEC14L1
hsa-let-7c-5p,ZNF516
hsa-let-7c-5p,ARHGAP28
hsa-let-7c-5p,MIB1
hsa-let-7c-5p,GALNT1
hsa-let-7c-5p,INSR
hsa-let-7c-5p,GIPC1
hsa-let-7c-5p,CDC34
hsa-let-7c-5p,TNFSF9
hsa-let-7c-5p,PLD3
hsa-let-7c-5p,GEMIN7
hsa-let-7c-5p,E2F6
hsa-let-7c-5p,SLC5A6
hsa-let-7c-5p,MAP4K3
hsa-let-7c-5p,TIA1
hsa-let-7c-5p,SEMA4C
hsa-let-7c-5p,MGAT4A
hsa-let-7c-5p,POLR2D
hsa-let-7c-5p,RBMS1
hsa-let-7c-5p,FIGN
hsa-let-7c-5p,EPHA4
hsa-let-7c-5p,HDLBP
hsa-let-7c-5p,RRM2
hsa-let-7c-5p,MYCN
hsa-let-7c-5p,TET3
hsa-let-7c-5p,RANBP2
hsa-let-7c-5p,SLC20A1
hsa-let-7c-5p,COL3A1
hsa-let-7c-5p,MARS2
hsa-let-7c-5p,BZW1
hsa-let-7c-5p,PNKD
hsa-let-7c-5p,TTLL4
hsa-let-7c-5p,PLAGL2
hsa-let-7c-5p,NOL4L
hsa-let-7c-5p,ZNF512B
hsa-let-7c-5p,ZCCHC3
hsa-let-7c-5p,BTBD3
hsa-let-7c-5p,PARD6B
hsa-let-7c-5p,BRWD1
hsa-let-7c-5p,UBE2G2
hsa-let-7c-5p,BACH1
hsa-let-7c-5p,ZNF280B
hsa-let-7c-5p,HIC2
hsa-let-7c-5p,MIEF1
hsa-let-7c-5p,DPH3
hsa-let-7c-5p,SMARCC1
hsa-let-7c-5p,CDC25A
hsa-let-7c-5p,NME6
hsa-let-7c-5p,QARS1
hsa-let-7c-5p,TUSC2
hsa-let-7c-5p,PDHB
hsa-let-7c-5p,EOGT
hsa-let-7c-5p,ABCC5
hsa-let-7c-5p,TMEM41A
hsa-let-7c-5p,LIPH
hsa-let-7c-5p,IGF2BP2
hsa-let-7c-5p,TRIM71
hsa-let-7c-5p,GOLGA4
hsa-let-7c-5p,PDE12
hsa-let-7c-5p,C3orf52
hsa-let-7c-5p,CDV3
hsa-let-7c-5p,TSC22D2
hsa-let-7c-5p,FNDC3B
hsa-let-7c-5p,SLC10A7
hsa-let-7c-5p,PCGF3
hsa-let-7c-5p,CPEB2
hsa-let-7c-5p,MED28
hsa-let-7c-5p,SMARCAD1
hsa-let-7c-5p,USP38
hsa-let-7c-5p,SLC38A9
hsa-let-7c-5p,TMEM167A
hsa-let-7c-5p,FNIP1
hsa-let-7c-5p,DUSP1
hsa-let-7c-5p,SUB1
hsa-let-7c-5p,OSMR
hsa-let-7c-5p,C5orf51
hsa-let-7c-5p,MAP3K1
hsa-let-7c-5p,ADRB2
hsa-let-7c-5p,GRPEL2
hsa-let-7c-5p,SMIM3
hsa-let-7c-5p,TRIM41
hsa-let-7c-5p,ELOVL4
hsa-let-7c-5p,SYNCRIP
hsa-let-7c-5p,EDN1
hsa-let-7c-5p,HMGA1
hsa-let-7c-5p,CDKN1A
hsa-let-7c-5p,ABCC10
hsa-let-7c-5p,FAM135A
hsa-let-7c-5p,LIN28B
hsa-let-7c-5p,UTRN
hsa-let-7c-5p,TAB2
hsa-let-7c-5p,ARMT1
hsa-let-7c-5p,IGF2BP3
hsa-let-7c-5p,HOXA1
hsa-let-7c-5p,CCDC71L
hsa-let-7c-5p,WASL
hsa-let-7c-5p,STARD3NL
hsa-let-7c-5p,CLDN12
hsa-let-7c-5p,DLC1
hsa-let-7c-5p,MTUS1
hsa-let-7c-5p,DUSP4
hsa-let-7c-5p,ANKRD46
hsa-let-7c-5p,SLC25A32
hsa-let-7c-5p,AC012213.5
hsa-let-7c-5p,TMEM65
hsa-let-7c-5p,ASAP1
hsa-let-7c-5p,C8orf58
hsa-let-7c-5p,GOLGA7
hsa-let-7c-5p,CHD7
hsa-let-7c-5p,RDH10
hsa-let-7c-5p,E2F5
hsa-let-7c-5p,ZBTB5
hsa-let-7c-5p,CEMIP2
hsa-let-7c-5p,COL15A1
hsa-let-7c-5p,TGFBR1
hsa-let-7c-5p,RNF20
hsa-let-7c-5p,PBX3
hsa-let-7c-5p,CERCAM
hsa-let-7c-5p,PUDP
hsa-let-7c-5p,TIMM17B
hsa-let-7c-5p,SMC1A
hsa-let-7c-5p,ELF4
hsa-let-7c-5p,MBTPS2
hsa-let-7c-5p,MSN
hsa-let-7c-5p,PGRMC1
hsa-let-7d-5p,ICMT
hsa-let-7d-5p,USP24
hsa-let-7d-5p,GNG5
hsa-let-7d-5p,ZNF644
hsa-let-7d-5p,TGFBR3
hsa-let-7d-5p,TMED5
hsa-let-7d-5p,SLC25A24
hsa-let-7d-5p,NRAS
hsa-let-7d-5p,PEX11B
hsa-let-7d-5p,RGS16
hsa-let-7d-5p,EDEM3
hsa-let-7d-5p,PPP1R15B
hsa-let-7d-5p,YOD1
hsa-let-7d-5p,LPGAT1
hsa-let-7d-5p,RAB3GAP2
hsa-let-7d-5p,LBR
hsa-let-7d-5p,AHCTF1
hsa-let-7d-5p,PRDM2
hsa-let-7d-5p,EFHD2
hsa-let-7d-5p,PTPRU
hsa-let-7d-5p,TXLNA
hsa-let-7d-5p,BTF3L4
hsa-let-7d-5p,PKN2
hsa-let-7d-5p,PTBP2
hsa-let-7d-5p,LRIG2
hsa-let-7d-5p,ADAM15
hsa-let-7d-5p,ERCC6
hsa-let-7d-5p,SLC16A9
hsa-let-7d-5p,WDR37
hsa-let-7d-5p,MLLT10
hsa-let-7d-5p,FAS
hsa-let-7d-5p,CCNJ
hsa-let-7d-5p,ENTPD7
hsa-let-7d-5p,SCD
hsa-let-7d-5p,HIF1AN
hsa-let-7d-5p,INPP5A
hsa-let-7d-5p,TPP1
hsa-let-7d-5p,LYVE1
hsa-let-7d-5p,EIF4G2
hsa-let-7d-5p,LGR4
hsa-let-7d-5p,B4GAT1
hsa-let-7d-5p,PGM2L1
hsa-let-7d-5p,KCTD21
hsa-let-7d-5p,RDX
hsa-let-7d-5p,CRY2
hsa-let-7d-5p,CLP1
hsa-let-7d-5p,STX3
hsa-let-7d-5p,SPINDOC
hsa-let-7d-5p,CHD4
hsa-let-7d-5p,GXYLT1
hsa-let-7d-5p,DDN
hsa-let-7d-5p,KMT2D
hsa-let-7d-5p,ZBTB39
hsa-let-7d-5p,NEMP1
hsa-let-7d-5p,LRIG3
hsa-let-7d-5p,NAP1L1
hsa-let-7d-5p,ATP2B1
hsa-let-7d-5p,EEA1
hsa-let-7d-5p,GOLT1B
hsa-let-7d-5p,ETNK1
hsa-let-7d-5p,ESPL1
hsa-let-7d-5p,TARBP2
hsa-let-7d-5p,HOXC11
hsa-let-7d-5p,HMGA2
hsa-let-7d-5p,VEZT
hsa-let-7d-5p,ATP2A2
hsa-let-7d-5p,ERP29
hsa-let-7d-5p,KATNAL1
hsa-let-7d-5p,STARD13
hsa-let-7d-5p,IRS2
hsa-let-7d-5p,COL4A1
hsa-let-7d-5p,NHLRC3
hsa-let-7d-5p,FNDC3A
hsa-let-7d-5p,ERO1A
hsa-let-7d-5p,ZFYVE26
hsa-let-7d-5p,KHNYN
hsa-let-7d-5p,NAA30
hsa-let-7d-5p,ARPP19
hsa-let-7d-5p,PRTG
hsa-let-7d-5p,IGDCC3
hsa-let-7d-5p,IGDCC4
hsa-let-7d-5p,NIPA1
hsa-let-7d-5p,THBS1
hsa-let-7d-5p,SNAP23
hsa-let-7d-5p,MAPK6
hsa-let-7d-5p,RAB8B
hsa-let-7d-5p,ARID3B
hsa-let-7d-5p,C15orf39
hsa-let-7d-5p,RAMAC
hsa-let-7d-5p,ARRDC4
hsa-let-7d-5p,IGF1R
hsa-let-7d-5p,ZNF200
hsa-let-7d-5p,SOCS1
hsa-let-7d-5p,ZNF689
hsa-let-7d-5p,KIAA0895L
hsa-let-7d-5p,NME4
hsa-let-7d-5p,CCNF
hsa-let-7d-5p,EEF2K
hsa-let-7d-5p,PDP2
hsa-let-7d-5p,PDPR
hsa-let-7d-5p,GAN
hsa-let-7d-5p,GJC1
hsa-let-7d-5p,COL1A1
hsa-let-7d-5p,COIL
hsa-let-7d-5p,LIMD2
hsa-let-7d-5p,FAM104A
hsa-let-7d-5p,NLK
hsa-let-7d-5p,ARL4D
hsa-let-7d-5p,TBKBP1
hsa-let-7d-5p,IGF2BP1
hsa-let-7d-5p,SEC14L1
hsa-let-7d-5p,ZNF516
hsa-let-7d-5p,ARHGAP28
hsa-let-7d-5p,GALNT1
hsa-let-7d-5p,INSR
hsa-let-7d-5p,GIPC1
hsa-let-7d-5p,AKT2
hsa-let-7d-5p,CDC34
hsa-let-7d-5p,TNFSF9
hsa-let-7d-5p,PLD3
hsa-let-7d-5p,GEMIN7
hsa-let-7d-5p,E2F6
hsa-let-7d-5p,SLC5A6
hsa-let-7d-5p,MAP4K3
hsa-let-7d-5p,TIA1
hsa-let-7d-5p,SEMA4C
hsa-let-7d-5p,MGAT4A
hsa-let-7d-5p,POLR2D
hsa-let-7d-5p,RBMS1
hsa-let-7d-5p,FIGN
hsa-let-7d-5p,EPHA4
hsa-let-7d-5p,HDLBP
hsa-let-7d-5p,RRM2
hsa-let-7d-5p,MYCN
hsa-let-7d-5p,TET3
hsa-let-7d-5p,RANBP2
hsa-let-7d-5p,SLC20A1
hsa-let-7d-5p,COL3A1
hsa-let-7d-5p,MARS2
hsa-let-7d-5p,BZW1
hsa-let-7d-5p,TTLL4
hsa-let-7d-5p,PLAGL2
hsa-let-7d-5p,NOL4L
hsa-let-7d-5p,ZNF512B
hsa-let-7d-5p,ZCCHC3
hsa-let-7d-5p,BTBD3
hsa-let-7d-5p,PARD6B
hsa-let-7d-5p,BRWD1
hsa-let-7d-5p,UBE2G2
hsa-let-7d-5p,BACH1
hsa-let-7d-5p,ZNF280B
hsa-let-7d-5p,HIC2
hsa-let-7d-5p,MIEF1
hsa-let-7d-5p,DPH3
hsa-let-7d-5p,SMARCC1
hsa-let-7d-5p,CDC25A
hsa-let-7d-5p,NME6
hsa-let-7d-5p,QARS1
hsa-let-7d-5p,TUSC2
hsa-let-7d-5p,STIMATE
hsa-let-7d-5p,PDHB
hsa-let-7d-5p,EOGT
hsa-let-7d-5p,ABCC5
hsa-let-7d-5p,TMEM41A
hsa-let-7d-5p,LIPH
hsa-let-7d-5p,IGF2BP2
hsa-let-7d-5p,TRIM71
hsa-let-7d-5p,GOLGA4
hsa-let-7d-5p,PDE12
hsa-let-7d-5p,C3orf52
hsa-let-7d-5p,CDV3
hsa-let-7d-5p,TSC22D2
hsa-let-7d-5p,FNDC3B
hsa-let-7d-5p,SLC10A7
hsa-let-7d-5p,PCGF3
hsa-let-7d-5p,CPEB2
hsa-let-7d-5p,MED28
hsa-let-7d-5p,SMARCAD1
hsa-let-7d-5p,USP38
hsa-let-7d-5p,TMEM167A
hsa-let-7d-5p,FNIP1
hsa-let-7d-5p,DUSP1
hsa-let-7d-5p,SUB1
hsa-let-7d-5p,OSMR
hsa-let-7d-5p,C5orf51
hsa-let-7d-5p,NNT
hsa-let-7d-5p,MAP3K1
hsa-let-7d-5p,KIF2A
hsa-let-7d-5p,ADRB2
hsa-let-7d-5p,GRPEL2
hsa-let-7d-5p,SMIM3
hsa-let-7d-5p,TRIM41
hsa-let-7d-5p,ELOVL4
hsa-let-7d-5p,SYNCRIP
hsa-let-7d-5p,EDN1
hsa-let-7d-5p,HMGA1
hsa-let-7d-5p,CDKN1A
hsa-let-7d-5p,ABCC10
hsa-let-7d-5p,FAM135A
hsa-let-7d-5p,LIN28B
hsa-let-7d-5p,UTRN
hsa-let-7d-5p,ARMT1
hsa-let-7d-5p,IGF2BP3
hsa-let-7d-5p,HOXA1
hsa-let-7d-5p,CCDC71L
hsa-let-7d-5p,WASL
hsa-let-7d-5p,BZW2
hsa-let-7d-5p,STARD3NL
hsa-let-7d-5p,CLDN12
hsa-let-7d-5p,DLC1
hsa-let-7d-5p,MTUS1
hsa-let-7d-5p,DUSP4
hsa-let-7d-5p,ANKRD46
hsa-let-7d-5p,SLC25A32
hsa-let-7d-5p,AC012213.5
hsa-let-7d-5p,TMEM65
hsa-let-7d-5p,ASAP1
hsa-let-7d-5p,C8orf58
hsa-let-7d-5p,GOLGA7
hsa-let-7d-5p,CHD7
hsa-let-7d-5p,RDH10
hsa-let-7d-5p,E2F5
hsa-let-7d-5p,ZBTB5
hsa-let-7d-5p,CEMIP2
hsa-let-7d-5p,COL15A1
hsa-let-7d-5p,TGFBR1
hsa-let-7d-5p,RNF20
hsa-let-7d-5p,PBX3
hsa-let-7d-5p,CERCAM
hsa-let-7d-5p,PUDP
hsa-let-7d-5p,TIMM17B
hsa-let-7d-5p,SMC1A
hsa-let-7d-5p,ELF4
hsa-let-7d-5p,MBTPS2
hsa-let-7d-5p,MSN
hsa-let-7d-5p,PGRMC1
hsa-let-7e-5p,ICMT
hsa-let-7e-5p,USP24
hsa-let-7e-5p,GNG5
hsa-let-7e-5p,ZNF644
hsa-let-7e-5p,TGFBR3
hsa-let-7e-5p,TMED5
hsa-let-7e-5p,SLC25A24
hsa-let-7e-5p,NRAS
hsa-let-7e-5p,PEX11B
hsa-let-7e-5p,RGS16
hsa-let-7e-5p,EDEM3
hsa-let-7e-5p,PPP1R15B
hsa-let-7e-5p,YOD1
hsa-let-7e-5p,LPGAT1
hsa-let-7e-5p,RAB3GAP2
hsa-let-7e-5p,LBR
hsa-let-7e-5p,AHCTF1
hsa-let-7e-5p,PRDM2
hsa-let-7e-5p,EFHD2
hsa-let-7e-5p,PTPRU
hsa-let-7e-5p,TXLNA
hsa-let-7e-5p,AGO4
hsa-let-7e-5p,PKN2
hsa-let-7e-5p,PTBP2
hsa-let-7e-5p,LRIG2
hsa-let-7e-5p,ADAM15
hsa-let-7e-5p,PBX1
hsa-let-7e-5p,ERCC6
hsa-let-7e-5p,SLC16A9
hsa-let-7e-5p,WDR37
hsa-let-7e-5p,MLLT10
hsa-let-7e-5p,FAS
hsa-let-7e-5p,CCNJ
hsa-let-7e-5p,ENTPD7
hsa-let-7e-5p,SCD
hsa-let-7e-5p,HIF1AN
hsa-let-7e-5p,TPP1
hsa-let-7e-5p,LYVE1
hsa-let-7e-5p,EIF4G2
hsa-let-7e-5p,LGR4
hsa-let-7e-5p,B4GAT1
hsa-let-7e-5p,PGM2L1
hsa-let-7e-5p,KCTD21
hsa-let-7e-5p,RDX
hsa-let-7e-5p,CRY2
hsa-let-7e-5p,CLP1
hsa-let-7e-5p,STX3
hsa-let-7e-5p,SPINDOC
hsa-let-7e-5p,CHD4
hsa-let-7e-5p,GXYLT1
hsa-let-7e-5p,DDN
hsa-let-7e-5p,KMT2D
hsa-let-7e-5p,ZBTB39
hsa-let-7e-5p,NEMP1
hsa-let-7e-5p,LRIG3
hsa-let-7e-5p,NAP1L1
hsa-let-7e-5p,ATP2B1
hsa-let-7e-5p,EEA1
hsa-let-7e-5p,GOLT1B
hsa-let-7e-5p,ETNK1
hsa-let-7e-5p,ESPL1
hsa-let-7e-5p,TARBP2
hsa-let-7e-5p,HOXC11
hsa-let-7e-5p,HMGA2
hsa-let-7e-5p,VEZT
hsa-let-7e-5p,ATP2A2
hsa-let-7e-5p,ERP29
hsa-let-7e-5p,KATNAL1
hsa-let-7e-5p,STARD13
hsa-let-7e-5p,IRS2
hsa-let-7e-5p,COL4A1
hsa-let-7e-5p,NHLRC3
hsa-let-7e-5p,FNDC3A
hsa-let-7e-5p,ERO1A
hsa-let-7e-5p,ZFYVE26
hsa-let-7e-5p,KHNYN
hsa-let-7e-5p,NAA30
hsa-let-7e-5p,ARPP19
hsa-let-7e-5p,PRTG
hsa-let-7e-5p,IGDCC3
hsa-let-7e-5p,IGDCC4
hsa-let-7e-5p,NIPA1
hsa-let-7e-5p,THBS1
hsa-let-7e-5p,SNAP23
hsa-let-7e-5p,MAPK6
hsa-let-7e-5p,RAB8B
hsa-let-7e-5p,ARID3B
hsa-let-7e-5p,C15orf39
hsa-let-7e-5p,RAMAC
hsa-let-7e-5p,ARRDC4
hsa-let-7e-5p,IGF1R
hsa-let-7e-5p,ZNF200
hsa-let-7e-5p,SOCS1
hsa-let-7e-5p,ZNF689
hsa-let-7e-5p,KIAA0895L
hsa-let-7e-5p,NME4
hsa-let-7e-5p,CCNF
hsa-let-7e-5p,EEF2K
hsa-let-7e-5p,PDP2
hsa-let-7e-5p,PDPR
hsa-let-7e-5p,GAN
hsa-let-7e-5p,GJC1
hsa-let-7e-5p,COL1A1
hsa-let-7e-5p,COIL
hsa-let-7e-5p,LIMD2
hsa-let-7e-5p,FAM104A
hsa-let-7e-5p,NLK
hsa-let-7e-5p,CCL7
hsa-let-7e-5p,ARL4D
hsa-let-7e-5p,TBKBP1
hsa-let-7e-5p,IGF2BP1
hsa-let-7e-5p,SEC14L1
hsa-let-7e-5p,ARHGAP28
hsa-let-7e-5p,MIB1
hsa-let-7e-5p,GALNT1
hsa-let-7e-5p,INSR
hsa-let-7e-5p,GIPC1
hsa-let-7e-5p,CDC34
hsa-let-7e-5p,TNFSF9
hsa-let-7e-5p,PLD3
hsa-let-7e-5p,GEMIN7
hsa-let-7e-5p,E2F6
hsa-let-7e-5p,SLC5A6
hsa-let-7e-5p,MAP4K3
hsa-let-7e-5p,TIA1
hsa-let-7e-5p,SEMA4C
hsa-let-7e-5p,MGAT4A
hsa-let-7e-5p,POLR2D
hsa-let-7e-5p,RBMS1
hsa-let-7e-5p,FIGN
hsa-let-7e-5p,EPHA4
hsa-let-7e-5p,HDLBP
hsa-let-7e-5p,RRM2
hsa-let-7e-5p,MYCN
hsa-let-7e-5p,TET3
hsa-let-7e-5p,RANBP2
hsa-let-7e-5p,SLC20A1
hsa-let-7e-5p,COL3A1
hsa-let-7e-5p,MARS2
hsa-let-7e-5p,BZW1
hsa-let-7e-5p,TTLL4
hsa-let-7e-5p,PLAGL2
hsa-let-7e-5p,NOL4L
hsa-let-7e-5p,ZNF512B
hsa-let-7e-5p,ZCCHC3
hsa-let-7e-5p,BTBD3
hsa-let-7e-5p,PARD6B
hsa-let-7e-5p,BRWD1
hsa-let-7e-5p,UBE2G2
hsa-let-7e-5p,BACH1
hsa-let-7e-5p,ZNF280B
hsa-let-7e-5p,HIC2
hsa-let-7e-5p,MIEF1
hsa-let-7e-5p,DPH3
hsa-let-7e-5p,SMARCC1
hsa-let-7e-5p,CDC25A
hsa-let-7e-5p,NME6
hsa-let-7e-5p,QARS1
hsa-let-7e-5p,TUSC2
hsa-let-7e-5p,STIMATE
hsa-let-7e-5p,PDHB
hsa-let-7e-5p,EOGT
hsa-let-7e-5p,ABCC5
hsa-let-7e-5p,TMEM41A
hsa-let-7e-5p,LIPH
hsa-let-7e-5p,IGF2BP2
hsa-let-7e-5p,TRIM71
hsa-let-7e-5p,GOLGA4
hsa-let-7e-5p,PDE12
hsa-let-7e-5p,C3orf52
hsa-let-7e-5p,CDV3
hsa-let-7e-5p,TSC22D2
hsa-let-7e-5p,FNDC3B
hsa-let-7e-5p,SLC10A7
hsa-let-7e-5p,PCGF3
hsa-let-7e-5p,CPEB2
hsa-let-7e-5p,MED28
hsa-let-7e-5p,SMARCAD1
hsa-let-7e-5p,USP38
hsa-let-7e-5p,SLC38A9
hsa-let-7e-5p,TMEM167A
hsa-let-7e-5p,FNIP1
hsa-let-7e-5p,DUSP1
hsa-let-7e-5p,SUB1
hsa-let-7e-5p,OSMR
hsa-let-7e-5p,C5orf51
hsa-let-7e-5p,MAP3K1
hsa-let-7e-5p,ADRB2
hsa-let-7e-5p,GRPEL2
hsa-let-7e-5p,SMIM3
hsa-let-7e-5p,TRIM41
hsa-let-7e-5p,ELOVL4
hsa-let-7e-5p,SYNCRIP
hsa-let-7e-5p,EDN1
hsa-let-7e-5p,HMGA1
hsa-let-7e-5p,CDKN1A
hsa-let-7e-5p,ABCC10
hsa-let-7e-5p,FAM135A
hsa-let-7e-5p,LIN28B
hsa-let-7e-5p,TNFAIP3
hsa-let-7e-5p,UTRN
hsa-let-7e-5p,TAB2
hsa-let-7e-5p,ARMT1
hsa-let-7e-5p,IGF2BP3
hsa-let-7e-5p,HOXA1
hsa-let-7e-5p,CCDC71L
hsa-let-7e-5p,WASL
hsa-let-7e-5p,STARD3NL
hsa-let-7e-5p,CLDN12
hsa-let-7e-5p,DLC1
hsa-let-7e-5p,MTUS1
hsa-let-7e-5p,DUSP4
hsa-let-7e-5p,ANKRD46
hsa-let-7e-5p,SLC25A32
hsa-let-7e-5p,AC012213.5
hsa-let-7e-5p,TMEM65
hsa-let-7e-5p,ASAP1
hsa-let-7e-5p,C8orf58
hsa-let-7e-5p,GOLGA7
hsa-let-7e-5p,CHD7
hsa-let-7e-5p,RDH10
hsa-let-7e-5p,E2F5
hsa-let-7e-5p,ZBTB5
hsa-let-7e-5p,CEMIP2
hsa-let-7e-5p,COL15A1
hsa-let-7e-5p,TGFBR1
hsa-let-7e-5p,RNF20
hsa-let-7e-5p,PBX3
hsa-let-7e-5p,CERCAM
hsa-let-7e-5p,PUDP
hsa-let-7e-5p,TIMM17B
hsa-let-7e-5p,SMC1A
hsa-let-7e-5p,ELF4
hsa-let-7e-5p,MBTPS2
hsa-let-7e-5p,MSN
hsa-let-7e-5p,PGRMC1
hsa-let-7f-5p,ICMT
hsa-let-7f-5p,USP24
hsa-let-7f-5p,GNG5
hsa-let-7f-5p,ZNF644
hsa-let-7f-5p,TGFBR3
hsa-let-7f-5p,TMED5
hsa-let-7f-5p,SLC25A24
hsa-let-7f-5p,NRAS
hsa-let-7f-5p,PEX11B
hsa-let-7f-5p,RGS16
hsa-let-7f-5p,EDEM3
hsa-let-7f-5p,PPP1R15B
hsa-let-7f-5p,YOD1
hsa-let-7f-5p,LPGAT1
hsa-let-7f-5p,RAB3GAP2
hsa-let-7f-5p,LBR
hsa-let-7f-5p,AHCTF1
hsa-let-7f-5p,PRDM2
hsa-let-7f-5p,EFHD2
hsa-let-7f-5p,PTPRU
hsa-let-7f-5p,TXLNA
hsa-let-7f-5p,PKN2
hsa-let-7f-5p,PTBP2
hsa-let-7f-5p,LRIG2
hsa-let-7f-5p,ADAM15
hsa-let-7f-5p,PBX1
hsa-let-7f-5p,ERCC6
hsa-let-7f-5p,SLC16A9
hsa-let-7f-5p,WDR37
hsa-let-7f-5p,MLLT10
hsa-let-7f-5p,FAS
hsa-let-7f-5p,CCNJ
hsa-let-7f-5p,ENTPD7
hsa-let-7f-5p,SCD
hsa-let-7f-5p,HIF1AN
hsa-let-7f-5p,TPP1
hsa-let-7f-5p,LYVE1
hsa-let-7f-5p,EIF4G2
hsa-let-7f-5p,LGR4
hsa-let-7f-5p,B4GAT1
hsa-let-7f-5p,PGM2L1
hsa-let-7f-5p,KCTD21
hsa-let-7f-5p,RDX
hsa-let-7f-5p,CRY2
hsa-let-7f-5p,CLP1
hsa-let-7f-5p,STX3
hsa-let-7f-5p,SPINDOC
hsa-let-7f-5p,CHD4
hsa-let-7f-5p,GXYLT1
hsa-let-7f-5p,DDN
hsa-let-7f-5p,KMT2D
hsa-let-7f-5p,ZBTB39
hsa-let-7f-5p,NEMP1
hsa-let-7f-5p,LRIG3
hsa-let-7f-5p,NAP1L1
hsa-let-7f-5p,ATP2B1
hsa-let-7f-5p,EEA1
hsa-let-7f-5p,GOLT1B
hsa-let-7f-5p,ETNK1
hsa-let-7f-5p,ESPL1
hsa-let-7f-5p,TARBP2
hsa-let-7f-5p,HOXC11
hsa-let-7f-5p,HMGA2
hsa-let-7f-5p,VEZT
hsa-let-7f-5p,ATP2A2
hsa-let-7f-5p,ERP29
hsa-let-7f-5p,KATNAL1
hsa-let-7f-5p,STARD13
hsa-let-7f-5p,IRS2
hsa-let-7f-5p,COL4A1
hsa-let-7f-5p,NHLRC3
hsa-let-7f-5p,FNDC3A
hsa-let-7f-5p,ERO1A
hsa-let-7f-5p,ZFYVE26
hsa-let-7f-5p,KHNYN
hsa-let-7f-5p,NAA30
hsa-let-7f-5p,ARPP19
hsa-let-7f-5p,PRTG
hsa-let-7f-5p,IGDCC3
hsa-let-7f-5p,IGDCC4
hsa-let-7f-5p,NIPA1
hsa-let-7f-5p,THBS1
hsa-let-7f-5p,SNAP23
hsa-let-7f-5p,MAPK6
hsa-let-7f-5p,ARID3B
hsa-let-7f-5p,C15orf39
hsa-let-7f-5p,RAMAC
hsa-let-7f-5p,ARRDC4
hsa-let-7f-5p,IGF1R
hsa-let-7f-5p,ZNF200
hsa-let-7f-5p,SOCS1
hsa-let-7f-5p,ZNF689
hsa-let-7f-5p,KIAA0895L
hsa-let-7f-5p,NME4
hsa-let-7f-5p,CCNF
hsa-let-7f-5p,EEF2K
hsa-let-7f-5p,PDP2
hsa-let-7f-5p,PDPR
hsa-let-7f-5p,GAN
hsa-let-7f-5p,GJC1
hsa-let-7f-5p,COL1A1
hsa-let-7f-5p,COIL
hsa-let-7f-5p,LIMD2
hsa-let-7f-5p,FAM104A
hsa-let-7f-5p,NLK
hsa-let-7f-5p,CCL7
hsa-let-7f-5p,ARL4D
hsa-let-7f-5p,TBKBP1
hsa-let-7f-5p,IGF2BP1
hsa-let-7f-5p,SEC14L1
hsa-let-7f-5p,ZNF516
hsa-let-7f-5p,ARHGAP28
hsa-let-7f-5p,MIB1
hsa-let-7f-5p,GALNT1
hsa-let-7f-5p,INSR
hsa-let-7f-5p,GIPC1
hsa-let-7f-5p,CDC34
hsa-let-7f-5p,TNFSF9
hsa-let-7f-5p,PLD3
hsa-let-7f-5p,GEMIN7
hsa-let-7f-5p,E2F6
hsa-let-7f-5p,SLC5A6
hsa-let-7f-5p,MAP4K3
hsa-let-7f-5p,TIA1
hsa-let-7f-5p,SEMA4C
hsa-let-7f-5p,MGAT4A
hsa-let-7f-5p,POLR2D
hsa-let-7f-5p,RBMS1
hsa-let-7f-5p,FIGN
hsa-let-7f-5p,EPHA4
hsa-let-7f-5p,HDLBP
hsa-let-7f-5p,RRM2
hsa-let-7f-5p,MYCN
hsa-let-7f-5p,TET3
hsa-let-7f-5p,RANBP2
hsa-let-7f-5p,SLC20A1
hsa-let-7f-5p,COL3A1
hsa-let-7f-5p,MARS2
hsa-let-7f-5p,BZW1
hsa-let-7f-5p,PNKD
hsa-let-7f-5p,TTLL4
hsa-let-7f-5p,PLAGL2
hsa-let-7f-5p,NOL4L
hsa-let-7f-5p,ZNF512B
hsa-let-7f-5p,ZCCHC3
hsa-let-7f-5p,BTBD3
hsa-let-7f-5p,PARD6B
hsa-let-7f-5p,BRWD1
hsa-let-7f-5p,UBE2G2
hsa-let-7f-5p,BACH1
hsa-let-7f-5p,ZNF280B
hsa-let-7f-5p,HIC2
hsa-let-7f-5p,MIEF1
hsa-let-7f-5p,DPH3
hsa-let-7f-5p,SMARCC1
hsa-let-7f-5p,CDC25A
hsa-let-7f-5p,NME6
hsa-let-7f-5p,QARS1
hsa-let-7f-5p,TUSC2
hsa-let-7f-5p,STIMATE
hsa-let-7f-5p,PDHB
hsa-let-7f-5p,EOGT
hsa-let-7f-5p,ABCC5
hsa-let-7f-5p,TMEM41A
hsa-let-7f-5p,LIPH
hsa-let-7f-5p,IGF2BP2
hsa-let-7f-5p,TRIM71
hsa-let-7f-5p,GOLGA4
hsa-let-7f-5p,PDE12
hsa-let-7f-5p,C3orf52
hsa-let-7f-5p,CDV3
hsa-let-7f-5p,TSC22D2
hsa-let-7f-5p,FNDC3B
hsa-let-7f-5p,SLC10A7
hsa-let-7f-5p,PCGF3
hsa-let-7f-5p,CPEB2
hsa-let-7f-5p,MED28
hsa-let-7f-5p,SMARCAD1
hsa-let-7f-5p,USP38
hsa-let-7f-5p,SLC38A9
hsa-let-7f-5p,TMEM167A
hsa-let-7f-5p,FNIP1
hsa-let-7f-5p,DUSP1
hsa-let-7f-5p,RNF44
hsa-let-7f-5p,SUB1
hsa-let-7f-5p,OSMR
hsa-let-7f-5p,C5orf51
hsa-let-7f-5p,MAP3K1
hsa-let-7f-5p,ADRB2
hsa-let-7f-5p,GRPEL2
hsa-let-7f-5p,SMIM3
hsa-let-7f-5p,TRIM41
hsa-let-7f-5p,ELOVL4
hsa-let-7f-5p,SYNCRIP
hsa-let-7f-5p,EDN1
hsa-let-7f-5p,HMGA1
hsa-let-7f-5p,CDKN1A
hsa-let-7f-5p,ABCC10
hsa-let-7f-5p,FAM135A
hsa-let-7f-5p,LIN28B
hsa-let-7f-5p,UTRN
hsa-let-7f-5p,TAB2
hsa-let-7f-5p,ARMT1
hsa-let-7f-5p,IGF2BP3
hsa-let-7f-5p,HOXA1
hsa-let-7f-5p,CCDC71L
hsa-let-7f-5p,WASL
hsa-let-7f-5p,STARD3NL
hsa-let-7f-5p,CLDN12
hsa-let-7f-5p,DLC1
hsa-let-7f-5p,MTUS1
hsa-let-7f-5p,DUSP4
hsa-let-7f-5p,ANKRD46
hsa-let-7f-5p,SLC25A32
hsa-let-7f-5p,AC012213.5
hsa-let-7f-5p,TMEM65
hsa-let-7f-5p,ASAP1
hsa-let-7f-5p,C8orf58
hsa-let-7f-5p,GOLGA7
hsa-let-7f-5p,CHD7
hsa-let-7f-5p,RDH10
hsa-let-7f-5p,E2F5
hsa-let-7f-5p,ZBTB5
hsa-let-7f-5p,CEMIP2
hsa-let-7f-5p,COL15A1
hsa-let-7f-5p,TGFBR1
hsa-let-7f-5p,RNF20
hsa-let-7f-5p,PBX3
hsa-let-7f-5p,CERCAM
hsa-let-7f-5p,PUDP
hsa-let-7f-5p,TIMM17B
hsa-let-7f-5p,SMC1A
hsa-let-7f-5p,ELF4
hsa-let-7f-5p,MBTPS2
hsa-let-7f-5p,MSN
hsa-let-7f-5p,PGRMC1
hsa-let-7g-5p,ICMT
hsa-let-7g-5p,USP24
hsa-let-7g-5p,GNG5
hsa-let-7g-5p,ZNF644
hsa-let-7g-5p,TGFBR3
hsa-let-7g-5p,TMED5
hsa-let-7g-5p,SLC25A24
hsa-let-7g-5p,NRAS
hsa-let-7g-5p,PEX11B
hsa-let-7g-5p,RGS16
hsa-let-7g-5p,EDEM3
hsa-let-7g-5p,PPP1R15B
hsa-let-7g-5p,YOD1
hsa-let-7g-5p,LPGAT1
hsa-let-7g-5p,RAB3GAP2
hsa-let-7g-5p,LBR
hsa-let-7g-5p,AHCTF1
hsa-let-7g-5p,PRDM2
hsa-let-7g-5p,EFHD2
hsa-let-7g-5p,PTPRU
hsa-let-7g-5p,TXLNA
hsa-let-7g-5p,AGO4
hsa-let-7g-5p,PKN2
hsa-let-7g-5p,PTBP2
hsa-let-7g-5p,LRIG2
hsa-let-7g-5p,ADAM15
hsa-let-7g-5p,PBX1
hsa-let-7g-5p,ERCC6
hsa-let-7g-5p,SLC16A9
hsa-let-7g-5p,WDR37
hsa-let-7g-5p,MLLT10
hsa-let-7g-5p,FAS
hsa-let-7g-5p,CCNJ
hsa-let-7g-5p,ENTPD7
hsa-let-7g-5p,SCD
hsa-let-7g-5p,HIF1AN
hsa-let-7g-5p,INPP5A
hsa-let-7g-5p,TPP1
hsa-let-7g-5p,LYVE1
hsa-let-7g-5p,EIF4G2
hsa-let-7g-5p,LGR4
hsa-let-7g-5p,B4GAT1
hsa-let-7g-5p,PGM2L1
hsa-let-7g-5p,KCTD21
hsa-let-7g-5p,RDX
hsa-let-7g-5p,CRY2
hsa-let-7g-5p,CLP1
hsa-let-7g-5p,STX3
hsa-let-7g-5p,SPINDOC
hsa-let-7g-5p,CHD4
hsa-let-7g-5p,GXYLT1
hsa-let-7g-5p,DDN
hsa-let-7g-5p,KMT2D
hsa-let-7g-5p,ZBTB39
hsa-let-7g-5p,NEMP1
hsa-let-7g-5p,LRIG3
hsa-let-7g-5p,NAP1L1
hsa-let-7g-5p,ATP2B1
hsa-let-7g-5p,EEA1
hsa-let-7g-5p,GOLT1B
hsa-let-7g-5p,ETNK1
hsa-let-7g-5p,ESPL1
hsa-let-7g-5p,TARBP2
hsa-let-7g-5p,HOXC11
hsa-let-7g-5p,HMGA2
hsa-let-7g-5p,VEZT
hsa-let-7g-5p,ATP2A2
hsa-let-7g-5p,ERP29
hsa-let-7g-5p,KATNAL1
hsa-let-7g-5p,STARD13
hsa-let-7g-5p,IRS2
hsa-let-7g-5p,COL4A1
hsa-let-7g-5p,NHLRC3
hsa-let-7g-5p,RB1
hsa-let-7g-5p,FNDC3A
hsa-let-7g-5p,ERO1A
hsa-let-7g-5p,ZFYVE26
hsa-let-7g-5p,KHNYN
hsa-let-7g-5p,NAA30
hsa-let-7g-5p,ARPP19
hsa-let-7g-5p,PRTG
hsa-let-7g-5p,IGDCC3
hsa-let-7g-5p,IGDCC4
hsa-let-7g-5p,NIPA1
hsa-let-7g-5p,THBS1
hsa-let-7g-5p,SNAP23
hsa-let-7g-5p,MAPK6
hsa-let-7g-5p,ARID3B
hsa-let-7g-5p,C15orf39
hsa-let-7g-5p,RAMAC
hsa-let-7g-5p,ARRDC4
hsa-let-7g-5p,IGF1R
hsa-let-7g-5p,ZNF200
hsa-let-7g-5p,SOCS1
hsa-let-7g-5p,ZNF689
hsa-let-7g-5p,KIAA0895L
hsa-let-7g-5p,NME4
hsa-let-7g-5p,CCNF
hsa-let-7g-5p,EEF2K
hsa-let-7g-5p,PDP2
hsa-let-7g-5p,PDPR
hsa-let-7g-5p,GAN
hsa-let-7g-5p,GJC1
hsa-let-7g-5p,COL1A1
hsa-let-7g-5p,COIL
hsa-let-7g-5p,LIMD2
hsa-let-7g-5p,FAM104A
hsa-let-7g-5p,NLK
hsa-let-7g-5p,CCL7
hsa-let-7g-5p,ARL4D
hsa-let-7g-5p,TBKBP1
hsa-let-7g-5p,IGF2BP1
hsa-let-7g-5p,SEC14L1
hsa-let-7g-5p,ZNF516
hsa-let-7g-5p,ARHGAP28
hsa-let-7g-5p,MIB1
hsa-let-7g-5p,GALNT1
hsa-let-7g-5p,INSR
hsa-let-7g-5p,GIPC1
hsa-let-7g-5p,CDC34
hsa-let-7g-5p,TNFSF9
hsa-let-7g-5p,PLD3
hsa-let-7g-5p,GEMIN7
hsa-let-7g-5p,E2F6
hsa-let-7g-5p,SLC5A6
hsa-let-7g-5p,MAP4K3
hsa-let-7g-5p,TIA1
hsa-let-7g-5p,SEMA4C
hsa-let-7g-5p,MGAT4A
hsa-let-7g-5p,POLR2D
hsa-let-7g-5p,RBMS1
hsa-let-7g-5p,FIGN
hsa-let-7g-5p,EPHA4
hsa-let-7g-5p,HDLBP
hsa-let-7g-5p,RRM2
hsa-let-7g-5p,MYCN
hsa-let-7g-5p,TET3
hsa-let-7g-5p,RANBP2
hsa-let-7g-5p,SLC20A1
hsa-let-7g-5p,COL3A1
hsa-let-7g-5p,MARS2
hsa-let-7g-5p,BZW1
hsa-let-7g-5p,PNKD
hsa-let-7g-5p,TTLL4
hsa-let-7g-5p,PLAGL2
hsa-let-7g-5p,NOL4L
hsa-let-7g-5p,ZNF512B
hsa-let-7g-5p,ZCCHC3
hsa-let-7g-5p,BTBD3
hsa-let-7g-5p,PARD6B
hsa-let-7g-5p,BRWD1
hsa-let-7g-5p,UBE2G2
hsa-let-7g-5p,BACH1
hsa-let-7g-5p,ZNF280B
hsa-let-7g-5p,HIC2
hsa-let-7g-5p,MIEF1
hsa-let-7g-5p,DPH3
hsa-let-7g-5p,SMARCC1
hsa-let-7g-5p,CDC25A
hsa-let-7g-5p,NME6
hsa-let-7g-5p,QARS1
hsa-let-7g-5p,TUSC2
hsa-let-7g-5p,STIMATE
hsa-let-7g-5p,PDHB
hsa-let-7g-5p,EOGT
hsa-let-7g-5p,ABCC5
hsa-let-7g-5p,TMEM41A
hsa-let-7g-5p,LIPH
hsa-let-7g-5p,IGF2BP2
hsa-let-7g-5p,TRIM71
hsa-let-7g-5p,GOLGA4
hsa-let-7g-5p,PDE12
hsa-let-7g-5p,C3orf52
hsa-let-7g-5p,CDV3
hsa-let-7g-5p,TSC22D2
hsa-let-7g-5p,FNDC3B
hsa-let-7g-5p,SLC10A7
hsa-let-7g-5p,PCGF3
hsa-let-7g-5p,CPEB2
hsa-let-7g-5p,MED28
hsa-let-7g-5p,SMARCAD1
hsa-let-7g-5p,USP38
hsa-let-7g-5p,SLC38A9
hsa-let-7g-5p,TMEM167A
hsa-let-7g-5p,FNIP1
hsa-let-7g-5p,DUSP1
hsa-let-7g-5p,SUB1
hsa-let-7g-5p,OSMR
hsa-let-7g-5p,C5orf51
hsa-let-7g-5p,MAP3K1
hsa-let-7g-5p,KIF2A
hsa-let-7g-5p,ADRB2
hsa-let-7g-5p,GRPEL2
hsa-let-7g-5p,SMIM3
hsa-let-7g-5p,TRIM41
hsa-let-7g-5p,ELOVL4
hsa-let-7g-5p,SYNCRIP
hsa-let-7g-5p,EDN1
hsa-let-7g-5p,HMGA1
hsa-let-7g-5p,CDKN1A
hsa-let-7g-5p,ABCC10
hsa-let-7g-5p,FAM135A
hsa-let-7g-5p,LIN28B
hsa-let-7g-5p,UTRN
hsa-let-7g-5p,TAB2
hsa-let-7g-5p,ARMT1
hsa-let-7g-5p,IGF2BP3
hsa-let-7g-5p,HOXA1
hsa-let-7g-5p,CCDC71L
hsa-let-7g-5p,WASL
hsa-let-7g-5p,STARD3NL
hsa-let-7g-5p,CLDN12
hsa-let-7g-5p,DLC1
hsa-let-7g-5p,MTUS1
hsa-let-7g-5p,DUSP4
hsa-let-7g-5p,ANKRD46
hsa-let-7g-5p,SLC25A32
hsa-let-7g-5p,AC012213.5
hsa-let-7g-5p,TMEM65
hsa-let-7g-5p,ASAP1
hsa-let-7g-5p,C8orf58
hsa-let-7g-5p,GOLGA7
hsa-let-7g-5p,CHD7
hsa-let-7g-5p,RDH10
hsa-let-7g-5p,E2F5
hsa-let-7g-5p,ZBTB5
hsa-let-7g-5p,CEMIP2
hsa-let-7g-5p,COL15A1
hsa-let-7g-5p,TGFBR1
hsa-let-7g-5p,RNF20
hsa-let-7g-5p,PBX3
hsa-let-7g-5p,CERCAM
hsa-let-7g-5p,PUDP
hsa-let-7g-5p,TIMM17B
hsa-let-7g-5p,SMC1A
hsa-let-7g-5p,ELF4
hsa-let-7g-5p,MBTPS2
hsa-let-7g-5p,MSN
hsa-let-7g-5p,PGRMC1
hsa-let-7i-5p,ICMT
hsa-let-7i-5p,USP24
hsa-let-7i-5p,GNG5
hsa-let-7i-5p,ZNF644
hsa-let-7i-5p,TGFBR3
hsa-let-7i-5p,TMED5
hsa-let-7i-5p,SLC25A24
hsa-let-7i-5p,NRAS
hsa-let-7i-5p,PEX11B
hsa-let-7i-5p,RGS16
hsa-let-7i-5p,EDEM3
hsa-let-7i-5p,PPP1R15B
hsa-let-7i-5p,YOD1
hsa-let-7i-5p,LPGAT1
hsa-let-7i-5p,RAB3GAP2
hsa-let-7i-5p,LBR
hsa-let-7i-5p,AHCTF1
hsa-let-7i-5p,PRDM2
hsa-let-7i-5p,EFHD2
hsa-let-7i-5p,PTPRU
hsa-let-7i-5p,TXLNA
hsa-let-7i-5p,AGO4
hsa-let-7i-5p,PKN2
hsa-let-7i-5p,PTBP2
hsa-let-7i-5p,LRIG2
hsa-let-7i-5p,ADAM15
hsa-let-7i-5p,ERCC6
hsa-let-7i-5p,SLC16A9
hsa-let-7i-5p,WDR37
hsa-let-7i-5p,MLLT10
hsa-let-7i-5p,FAS
hsa-let-7i-5p,CCNJ
hsa-let-7i-5p,ENTPD7
hsa-let-7i-5p,SCD
hsa-let-7i-5p,HIF1AN
hsa-let-7i-5p,INPP5A
hsa-let-7i-5p,TPP1
hsa-let-7i-5p,LYVE1
hsa-let-7i-5p,EIF4G2
hsa-let-7i-5p,LGR4
hsa-let-7i-5p,B4GAT1
hsa-let-7i-5p,PGM2L1
hsa-let-7i-5p,KCTD21
hsa-let-7i-5p,RDX
hsa-let-7i-5p,CRY2
hsa-let-7i-5p,CLP1
hsa-let-7i-5p,STX3
hsa-let-7i-5p,SPINDOC
hsa-let-7i-5p,CHD4
hsa-let-7i-5p,GXYLT1
hsa-let-7i-5p,DDN
hsa-let-7i-5p,KMT2D
hsa-let-7i-5p,ZBTB39
hsa-let-7i-5p,NEMP1
hsa-let-7i-5p,LRIG3
hsa-let-7i-5p,NAP1L1
hsa-let-7i-5p,ATP2B1
hsa-let-7i-5p,EEA1
hsa-let-7i-5p,GOLT1B
hsa-let-7i-5p,ETNK1
hsa-let-7i-5p,ESPL1
hsa-let-7i-5p,TARBP2
hsa-let-7i-5p,HOXC11
hsa-let-7i-5p,HMGA2
hsa-let-7i-5p,VEZT
hsa-let-7i-5p,ATP2A2
hsa-let-7i-5p,ERP29
hsa-let-7i-5p,KATNAL1
hsa-let-7i-5p,STARD13
hsa-let-7i-5p,IRS2
hsa-let-7i-5p,COL4A1
hsa-let-7i-5p,NHLRC3
hsa-let-7i-5p,RB1
hsa-let-7i-5p,FNDC3A
hsa-let-7i-5p,ERO1A
hsa-let-7i-5p,ZFYVE26
hsa-let-7i-5p,KHNYN
hsa-let-7i-5p,NAA30
hsa-let-7i-5p,ARPP19
hsa-let-7i-5p,PRTG
hsa-let-7i-5p,IGDCC3
hsa-let-7i-5p,IGDCC4
hsa-let-7i-5p,NIPA1
hsa-let-7i-5p,THBS1
hsa-let-7i-5p,SNAP23
hsa-let-7i-5p,MAPK6
hsa-let-7i-5p,ARID3B
hsa-let-7i-5p,C15orf39
hsa-let-7i-5p,RAMAC
hsa-let-7i-5p,ARRDC4
hsa-let-7i-5p,IGF1R
hsa-let-7i-5p,ZNF200
hsa-let-7i-5p,SOCS1
hsa-let-7i-5p,ZNF689
hsa-let-7i-5p,KIAA0895L
hsa-let-7i-5p,NME4
hsa-let-7i-5p,CCNF
hsa-let-7i-5p,EEF2K
hsa-let-7i-5p,PDP2
hsa-let-7i-5p,PDPR
hsa-let-7i-5p,GAN
hsa-let-7i-5p,GJC1
hsa-let-7i-5p,COL1A1
hsa-let-7i-5p,COIL
hsa-let-7i-5p,LIMD2
hsa-let-7i-5p,FAM104A
hsa-let-7i-5p,NLK
hsa-let-7i-5p,CCL7
hsa-let-7i-5p,ARL4D
hsa-let-7i-5p,TBKBP1
hsa-let-7i-5p,IGF2BP1
hsa-let-7i-5p,SEC14L1
hsa-let-7i-5p,ZNF516
hsa-let-7i-5p,ARHGAP28
hsa-let-7i-5p,MIB1
hsa-let-7i-5p,GALNT1
hsa-let-7i-5p,INSR
hsa-let-7i-5p,GIPC1
hsa-let-7i-5p,CDC34
hsa-let-7i-5p,TNFSF9
hsa-let-7i-5p,PLD3
hsa-let-7i-5p,GEMIN7
hsa-let-7i-5p,E2F6
hsa-let-7i-5p,SLC5A6
hsa-let-7i-5p,MAP4K3
hsa-let-7i-5p,TIA1
hsa-let-7i-5p,SEMA4C
hsa-let-7i-5p,MGAT4A
hsa-let-7i-5p,POLR2D
hsa-let-7i-5p,RBMS1
hsa-let-7i-5p,FIGN
hsa-let-7i-5p,EPHA4
hsa-let-7i-5p,HDLBP
hsa-let-7i-5p,RRM2
hsa-let-7i-5p,MYCN
hsa-let-7i-5p,TET3
hsa-let-7i-5p,RANBP2
hsa-let-7i-5p,SLC20A1
hsa-let-7i-5p,COL3A1
hsa-let-7i-5p,MARS2
hsa-let-7i-5p,BZW1
hsa-let-7i-5p,PNKD
hsa-let-7i-5p,TTLL4
hsa-let-7i-5p,PLAGL2
hsa-let-7i-5p,NOL4L
hsa-let-7i-5p,ZNF512B
hsa-let-7i-5p,ZCCHC3
hsa-let-7i-5p,BTBD3
hsa-let-7i-5p,PARD6B
hsa-let-7i-5p,BRWD1
hsa-let-7i-5p,UBE2G2
hsa-let-7i-5p,BACH1
hsa-let-7i-5p,ZNF280B
hsa-let-7i-5p,HIC2
hsa-let-7i-5p,MIEF1
hsa-let-7i-5p,DPH3
hsa-let-7i-5p,SMARCC1
hsa-let-7i-5p,CDC25A
hsa-let-7i-5p,NME6
hsa-let-7i-5p,QARS1
hsa-let-7i-5p,TUSC2
hsa-let-7i-5p,STIMATE
hsa-let-7i-5p,PDHB
hsa-let-7i-5p,EOGT
hsa-let-7i-5p,ABCC5
hsa-let-7i-5p,TMEM41A
hsa-let-7i-5p,LIPH
hsa-let-7i-5p,IGF2BP2
hsa-let-7i-5p,TRIM71
hsa-let-7i-5p,GOLGA4
hsa-let-7i-5p,PDE12
hsa-let-7i-5p,C3orf52
hsa-let-7i-5p,CDV3
hsa-let-7i-5p,TSC22D2
hsa-let-7i-5p,FNDC3B
hsa-let-7i-5p,SLC10A7
hsa-let-7i-5p,PCGF3
hsa-let-7i-5p,CPEB2
hsa-let-7i-5p,MED28
hsa-let-7i-5p,SMARCAD1
hsa-let-7i-5p,USP38
hsa-let-7i-5p,SLC38A9
hsa-let-7i-5p,TMEM167A
hsa-let-7i-5p,FNIP1
hsa-let-7i-5p,DUSP1
hsa-let-7i-5p,RNF44
hsa-let-7i-5p,SUB1
hsa-let-7i-5p,OSMR
hsa-let-7i-5p,C5orf51
hsa-let-7i-5p,MAP3K1
hsa-let-7i-5p,ADRB2
hsa-let-7i-5p,GRPEL2
hsa-let-7i-5p,SMIM3
hsa-let-7i-5p,TRIM41
hsa-let-7i-5p,ELOVL4
hsa-let-7i-5p,SYNCRIP
hsa-let-7i-5p,EDN1
hsa-let-7i-5p,HMGA1
hsa-let-7i-5p,CDKN1A
hsa-let-7i-5p,ABCC10
hsa-let-7i-5p,FAM135A
hsa-let-7i-5p,LIN28B
hsa-let-7i-5p,UTRN
hsa-let-7i-5p,TAB2
hsa-let-7i-5p,ARMT1
hsa-let-7i-5p,IGF2BP3
hsa-let-7i-5p,HOXA1
hsa-let-7i-5p,CCDC71L
hsa-let-7i-5p,WASL
hsa-let-7i-5p,STARD3NL
hsa-let-7i-5p,CLDN12
hsa-let-7i-5p,DLC1
hsa-let-7i-5p,MTUS1
hsa-let-7i-5p,DUSP4
hsa-let-7i-5p,ANKRD46
hsa-let-7i-5p,SLC25A32
hsa-let-7i-5p,AC012213.5
hsa-let-7i-5p,TMEM65
hsa-let-7i-5p,ASAP1
hsa-let-7i-5p,C8orf58
hsa-let-7i-5p,GOLGA7
hsa-let-7i-5p,CHD7
hsa-let-7i-5p,RDH10
hsa-let-7i-5p,E2F5
hsa-let-7i-5p,ZBTB5
hsa-let-7i-5p,CEMIP2
hsa-let-7i-5p,COL15A1
hsa-let-7i-5p,TGFBR1
hsa-let-7i-5p,RNF20
hsa-let-7i-5p,PBX3
hsa-let-7i-5p,CERCAM
hsa-let-7i-5p,PUDP
hsa-let-7i-5p,TIMM17B
hsa-let-7i-5p,SMC1A
hsa-let-7i-5p,ELF4
hsa-let-7i-5p,MBTPS2
hsa-let-7i-5p,MSN
hsa-let-7i-5p,PGRMC1
hsa-miR-1-3p,FUBP1
hsa-miR-1-3p,CNN3
hsa-miR-1-3p,ANP32E
hsa-miR-1-3p,CERS2
hsa-miR-1-3p,ADAR
hsa-miR-1-3p,TAGLN2
hsa-miR-1-3p,HNRNPU
hsa-miR-1-3p,PGD
hsa-miR-1-3p,SH3BGRL3
hsa-miR-1-3p,MIER1
hsa-miR-1-3p,CAPZA1
hsa-miR-1-3p,POGK
hsa-miR-1-3p,NRP1
hsa-miR-1-3p,ZMYND11
hsa-miR-1-3p,TNKS2
hsa-miR-1-3p,BTAF1
hsa-miR-1-3p,PDCD4
hsa-miR-1-3p,TCF7L2
hsa-miR-1-3p,THAP12
hsa-miR-1-3p,CAPRIN1
hsa-miR-1-3p,API5
hsa-miR-1-3p,ARCN1
hsa-miR-1-3p,CDK4
hsa-miR-1-3p,CORO1C
hsa-miR-1-3p,FRS2
hsa-miR-1-3p,HSP90B1
hsa-miR-1-3p,AKAP11
hsa-miR-1-3p,FNDC3A
hsa-miR-1-3p,PNP
hsa-miR-1-3p,ANXA2
hsa-miR-1-3p,PPIB
hsa-miR-1-3p,CHSY1
hsa-miR-1-3p,SPRED1
hsa-miR-1-3p,THBS1
hsa-miR-1-3p,RNF111
hsa-miR-1-3p,HACD3
hsa-miR-1-3p,PHLPP2
hsa-miR-1-3p,NFAT5
hsa-miR-1-3p,ZBTB4
hsa-miR-1-3p,VAT1
hsa-miR-1-3p,LRRC59
hsa-miR-1-3p,MMD
hsa-miR-1-3p,COIL
hsa-miR-1-3p,SRSF1
hsa-miR-1-3p,AC015813.2
hsa-miR-1-3p,DDX5
hsa-miR-1-3p,H3-3B
hsa-miR-1-3p,CLTC
hsa-miR-1-3p,RNF213
hsa-miR-1-3p,ZNF24
hsa-miR-1-3p,TGIF1
hsa-miR-1-3p,AP3D1
hsa-miR-1-3p,JUND
hsa-miR-1-3p,TPM4
hsa-miR-1-3p,YWHAQ
hsa-miR-1-3p,CALM2
hsa-miR-1-3p,STARD7
hsa-miR-1-3p,HSPD1
hsa-miR-1-3p,FN1
hsa-miR-1-3p,NCL
hsa-miR-1-3p,SLC39A10
hsa-miR-1-3p,C2orf69
hsa-miR-1-3p,PTMA
hsa-miR-1-3p,SEPTIN2
hsa-miR-1-3p,RRBP1
hsa-miR-1-3p,BLCAP
hsa-miR-1-3p,PREX1
hsa-miR-1-3p,ZBTB21
hsa-miR-1-3p,MAPK1
hsa-miR-1-3p,DDX17
hsa-miR-1-3p,TIMP3
hsa-miR-1-3p,NUP50
hsa-miR-1-3p,HIGD1A
hsa-miR-1-3p,SMARCC1
hsa-miR-1-3p,ARF4
hsa-miR-1-3p,FOXP1
hsa-miR-1-3p,TMCC1
hsa-miR-1-3p,PFN2
hsa-miR-1-3p,SERP1
hsa-miR-1-3p,FNDC3B
hsa-miR-1-3p,DHX15
hsa-miR-1-3p,CLCN3
hsa-miR-1-3p,IL6ST
hsa-miR-1-3p,RNF44
hsa-miR-1-3p,C5orf51
hsa-miR-1-3p,MAP3K1
hsa-miR-1-3p,KIF2A
hsa-miR-1-3p,TNPO1
hsa-miR-1-3p,CD164
hsa-miR-1-3p,CITED2
hsa-miR-1-3p,JARID2
hsa-miR-1-3p,GJA1
hsa-miR-1-3p,ACTB
hsa-miR-1-3p,SRI
hsa-miR-1-3p,GLCCI1
hsa-miR-1-3p,ANKIB1
hsa-miR-1-3p,RAB11FIP1
hsa-miR-1-3p,SFRP1
hsa-miR-1-3p,BAG4
hsa-miR-1-3p,RNF38
hsa-miR-1-3p,HNRNPK
hsa-miR-1-3p,ANP32B
hsa-miR-1-3p,KLHL15
hsa-miR-1-3p,G6PD
hsa-miR-1-3p,TMSB4X
hsa-miR-100-5p,MTOR
hsa-miR-100-5p,FZD8
hsa-miR-100-5p,BAZ2A
hsa-miR-100-5p,TRIB2
hsa-miR-100-5p,MTMR3
hsa-miR-100-5p,KBTBD8
hsa-miR-100-5p,MBNL1
hsa-miR-100-5p,CLDN11
hsa-miR-100-5p,SMARCA5
hsa-miR-100-5p,TMEM30A
hsa-miR-100-5p,EPDR1
hsa-miR-100-5p,AGO2
hsa-miR-100-5p,TRIB1
hsa-miR-101-3p,GNB1
hsa-miR-101-3p,STMN1
hsa-miR-101-3p,C1orf52
hsa-miR-101-3p,TGFBR3
hsa-miR-101-3p,MCL1
hsa-miR-101-3p,CERS2
hsa-miR-101-3p,SLC19A2
hsa-miR-101-3p,EDEM3
hsa-miR-101-3p,ZBTB41
hsa-miR-101-3p,IRF2BP2
hsa-miR-101-3p,ARID4B
hsa-miR-101-3p,OTUD3
hsa-miR-101-3p,ARID1A
hsa-miR-101-3p,MAP7D1
hsa-miR-101-3p,ADGRL2
hsa-miR-101-3p,DR1
hsa-miR-101-3p,UHMK1
hsa-miR-101-3p,ATP1B1
hsa-miR-101-3p,PRRC2C
hsa-miR-101-3p,CEP350
hsa-miR-101-3p,NEK7
hsa-miR-101-3p,CAMSAP2
hsa-miR-101-3p,CD55
hsa-miR-101-3p,RAB4A
hsa-miR-101-3p,ZBTB18
hsa-miR-101-3p,KIF5B
hsa-miR-101-3p,HNRNPF
hsa-miR-101-3p,ZEB1
hsa-miR-101-3p,UBE2D1
hsa-miR-101-3p,ARID5B
hsa-miR-101-3p,DDIT4
hsa-miR-101-3p,TNKS2
hsa-miR-101-3p,BTAF1
hsa-miR-101-3p,TBC1D12
hsa-miR-101-3p,CCNJ
hsa-miR-101-3p,LCOR
hsa-miR-101-3p,ADRB1
hsa-miR-101-3p,EIF4G2
hsa-miR-101-3p,FZD4
hsa-miR-101-3p,BCL9L
hsa-miR-101-3p,USP47
hsa-miR-101-3p,PPFIA1
hsa-miR-101-3p,EMSY
hsa-miR-101-3p,APLP2
hsa-miR-101-3p,ADCY6
hsa-miR-101-3p,BAZ2A
hsa-miR-101-3p,NAP1L1
hsa-miR-101-3p,PPTC7
hsa-miR-101-3p,NAA25
hsa-miR-101-3p,EMP1
hsa-miR-101-3p,AEBP2
hsa-miR-101-3p,ETNK1
hsa-miR-101-3p,STK38L
hsa-miR-101-3p,SMARCD1
hsa-miR-101-3p,RAP1B
hsa-miR-101-3p,TDG
hsa-miR-101-3p,SH2B3
hsa-miR-101-3p,MLEC
hsa-miR-101-3p,PSPC1
hsa-miR-101-3p,KCTD12
hsa-miR-101-3p,FBXL3
hsa-miR-101-3p,ZMYM2
hsa-miR-101-3p,PDS5B
hsa-miR-101-3p,LRCH1
hsa-miR-101-3p,FNDC3A
hsa-miR-101-3p,MCF2L
hsa-miR-101-3p,EXOC5
hsa-miR-101-3p,SEL1L
hsa-miR-101-3p,MPP5
hsa-miR-101-3p,FOS
hsa-miR-101-3p,JDP2
hsa-miR-101-3p,FLRT2
hsa-miR-101-3p,FBN1
hsa-miR-101-3p,MYO1E
hsa-miR-101-3p,ANXA2
hsa-miR-101-3p,RORA
hsa-miR-101-3p,TSPAN3
hsa-miR-101-3p,SPRED1
hsa-miR-101-3p,MAPK6
hsa-miR-101-3p,RNF111
hsa-miR-101-3p,ABHD17C
hsa-miR-101-3p,NR2F2
hsa-miR-101-3p,UNKL
hsa-miR-101-3p,DCUN1D3
hsa-miR-101-3p,SALL1
hsa-miR-101-3p,CDH11
hsa-miR-101-3p,MTSS2
hsa-miR-101-3p,ANKRD11
hsa-miR-101-3p,MRTFB
hsa-miR-101-3p,ITPRIPL2
hsa-miR-101-3p,CDH5
hsa-miR-101-3p,CMIP
hsa-miR-101-3p,NUFIP2
hsa-miR-101-3p,PAFAH1B1
hsa-miR-101-3p,KDM6B
hsa-miR-101-3p,WSB1
hsa-miR-101-3p,ZNF207
hsa-miR-101-3p,DCAF7
hsa-miR-101-3p,ROCK1
hsa-miR-101-3p,CCDC68
hsa-miR-101-3p,TCF4
hsa-miR-101-3p,TGIF1
hsa-miR-101-3p,MTCL1
hsa-miR-101-3p,ZNF532
hsa-miR-101-3p,PIP5K1C
hsa-miR-101-3p,JUNB
hsa-miR-101-3p,KLF2
hsa-miR-101-3p,CDC42EP3
hsa-miR-101-3p,ZFP36L2
hsa-miR-101-3p,RAB1A
hsa-miR-101-3p,MGAT4A
hsa-miR-101-3p,BAZ2B
hsa-miR-101-3p,INO80D
hsa-miR-101-3p,IKZF2
hsa-miR-101-3p,FN1
hsa-miR-101-3p,MYCN
hsa-miR-101-3p,PRKCE
hsa-miR-101-3p,PAPOLG
hsa-miR-101-3p,ZNF638
hsa-miR-101-3p,STAMBP
hsa-miR-101-3p,BCL2L11
hsa-miR-101-3p,CCNT2
hsa-miR-101-3p,MARCHF7
hsa-miR-101-3p,CERS6
hsa-miR-101-3p,SLC39A10
hsa-miR-101-3p,MOB4
hsa-miR-101-3p,HSPE1-MOB4
hsa-miR-101-3p,BZW1
hsa-miR-101-3p,NOL4L
hsa-miR-101-3p,SPATA2
hsa-miR-101-3p,ZNF217
hsa-miR-101-3p,BTBD3
hsa-miR-101-3p,MRGBP
hsa-miR-101-3p,HSPA13
hsa-miR-101-3p,APP
hsa-miR-101-3p,ZBTB21
hsa-miR-101-3p,MAPK1
hsa-miR-101-3p,PITPNB
hsa-miR-101-3p,ZBED4
hsa-miR-101-3p,DCBLD2
hsa-miR-101-3p,GSK3B
hsa-miR-101-3p,HEG1
hsa-miR-101-3p,ZNF148
hsa-miR-101-3p,ABCC5
hsa-miR-101-3p,SETD5
hsa-miR-101-3p,RAB5A
hsa-miR-101-3p,NR1D2
hsa-miR-101-3p,GOLGA4
hsa-miR-101-3p,DAG1
hsa-miR-101-3p,KBTBD8
hsa-miR-101-3p,BBX
hsa-miR-101-3p,ATP2C1
hsa-miR-101-3p,DIPK2A
hsa-miR-101-3p,MBNL1
hsa-miR-101-3p,CLDN11
hsa-miR-101-3p,ARAP2
hsa-miR-101-3p,G3BP2
hsa-miR-101-3p,UBE2D3
hsa-miR-101-3p,PGRMC2
hsa-miR-101-3p,MAML3
hsa-miR-101-3p,OTUD4
hsa-miR-101-3p,FBXW7
hsa-miR-101-3p,CPEB2
hsa-miR-101-3p,STIM2
hsa-miR-101-3p,KLF3
hsa-miR-101-3p,TET2
hsa-miR-101-3p,NPNT
hsa-miR-101-3p,FAT4
hsa-miR-101-3p,GAB1
hsa-miR-101-3p,SMARCA5
hsa-miR-101-3p,PRKAA1
hsa-miR-101-3p,PDE4D
hsa-miR-101-3p,TMEM167A
hsa-miR-101-3p,FBN2
hsa-miR-101-3p,ADAM19
hsa-miR-101-3p,PANK3
hsa-miR-101-3p,FBXW11
hsa-miR-101-3p,DUSP1
hsa-miR-101-3p,SUB1
hsa-miR-101-3p,ZSWIM6
hsa-miR-101-3p,ERBIN
hsa-miR-101-3p,TNPO1
hsa-miR-101-3p,SCAMP1
hsa-miR-101-3p,LMNB1
hsa-miR-101-3p,SOWAHA
hsa-miR-101-3p,NDFIP1
hsa-miR-101-3p,NSD1
hsa-miR-101-3p,RANBP9
hsa-miR-101-3p,ATXN1
hsa-miR-101-3p,C6orf62
hsa-miR-101-3p,GCLC
hsa-miR-101-3p,TENT5A
hsa-miR-101-3p,SYNCRIP
hsa-miR-101-3p,PNISR
hsa-miR-101-3p,REV3L
hsa-miR-101-3p,ARHGAP18
hsa-miR-101-3p,SGK1
hsa-miR-101-3p,FBXO30
hsa-miR-101-3p,ZNF451
hsa-miR-101-3p,PHF3
hsa-miR-101-3p,PNRC1
hsa-miR-101-3p,GJA1
hsa-miR-101-3p,SASH1
hsa-miR-101-3p,IGF2R
hsa-miR-101-3p,QKI
hsa-miR-101-3p,TNRC18
hsa-miR-101-3p,KBTBD2
hsa-miR-101-3p,H2AZ2
hsa-miR-101-3p,MNX1
hsa-miR-101-3p,RAC1
hsa-miR-101-3p,GLCCI1
hsa-miR-101-3p,VKORC1L1
hsa-miR-101-3p,TES
hsa-miR-101-3p,STC1
hsa-miR-101-3p,SLC20A2
hsa-miR-101-3p,PDE7A
hsa-miR-101-3p,TMEM65
hsa-miR-101-3p,LRATD2
hsa-miR-101-3p,ASAP1
hsa-miR-101-3p,TCIM
hsa-miR-101-3p,ZFHX4
hsa-miR-101-3p,FZD6
hsa-miR-101-3p,TRIB1
hsa-miR-101-3p,PHF20L1
hsa-miR-101-3p,BICD2
hsa-miR-101-3p,PTBP3
hsa-miR-101-3p,PBX3
hsa-miR-101-3p,ZBTB34
hsa-miR-101-3p,RBBP7
hsa-miR-101-3p,MED14
hsa-miR-101-3p,SMARCA1
hsa-miR-101-3p,DDX3X
hsa-miR-101-3p,UBE2A
hsa-miR-101-3p,STAG2
hsa-miR-101-3p,DDX3Y
hsa-miR-103a-3p,SRM
hsa-miR-103a-3p,UBR4
hsa-miR-103a-3p,TGFBR3
hsa-miR-103a-3p,IGSF3
hsa-miR-103a-3p,NOTCH2
hsa-miR-103a-3p,PRKAB2
hsa-miR-103a-3p,ARNT
hsa-miR-103a-3p,UBE2Q1
hsa-miR-103a-3p,ASH1L
hsa-miR-103a-3p,MEF2D
hsa-miR-103a-3p,ARL8A
hsa-miR-103a-3p,IRF2BP2
hsa-miR-103a-3p,PDIK1L
hsa-miR-103a-3p,AGO1
hsa-miR-103a-3p,MIGA1
hsa-miR-103a-3p,DNAJB4
hsa-miR-103a-3p,LRRC8D
hsa-miR-103a-3p,FNBP1L
hsa-miR-103a-3p,KCNC4
hsa-miR-103a-3p,RGS4
hsa-miR-103a-3p,BTG2
hsa-miR-103a-3p,RASSF5
hsa-miR-103a-3p,MAP3K21
hsa-miR-103a-3p,GLUD1
hsa-miR-103a-3p,RAB11FIP2
hsa-miR-103a-3p,VCL
hsa-miR-103a-3p,SLC35G1
hsa-miR-103a-3p,HELLS
hsa-miR-103a-3p,BTRC
hsa-miR-103a-3p,PLEKHA1
hsa-miR-103a-3p,SOX6
hsa-miR-103a-3p,SF1
hsa-miR-103a-3p,ARHGAP32
hsa-miR-103a-3p,NAV2
hsa-miR-103a-3p,CTNND1
hsa-miR-103a-3p,AP001931.2
hsa-miR-103a-3p,RAB1B
hsa-miR-103a-3p,UBE4A
hsa-miR-103a-3p,SLC2A3
hsa-miR-103a-3p,C2CD5
hsa-miR-103a-3p,TM7SF3
hsa-miR-103a-3p,KIF21A
hsa-miR-103a-3p,TWF1
hsa-miR-103a-3p,ATF7
hsa-miR-103a-3p,PAWR
hsa-miR-103a-3p,C12orf76
hsa-miR-103a-3p,TRIAP1
hsa-miR-103a-3p,CLIP1
hsa-miR-103a-3p,ETNK1
hsa-miR-103a-3p,RASSF8
hsa-miR-103a-3p,SRGAP1
hsa-miR-103a-3p,HMGA2
hsa-miR-103a-3p,DYRK2
hsa-miR-103a-3p,WASHC4
hsa-miR-103a-3p,SETD1B
hsa-miR-103a-3p,RAN
hsa-miR-103a-3p,LATS2
hsa-miR-103a-3p,UBL3
hsa-miR-103a-3p,ZMYM2
hsa-miR-103a-3p,CDK8
hsa-miR-103a-3p,MBNL2
hsa-miR-103a-3p,CUL4A
hsa-miR-103a-3p,FERMT2
hsa-miR-103a-3p,SIX4
hsa-miR-103a-3p,DICER1
hsa-miR-103a-3p,ARHGAP5
hsa-miR-103a-3p,SUSD6
hsa-miR-103a-3p,PPP2R5C
hsa-miR-103a-3p,EIF5
hsa-miR-103a-3p,COPS2
hsa-miR-103a-3p,SNRPN
hsa-miR-103a-3p,SNURF
hsa-miR-103a-3p,KIF23
hsa-miR-103a-3p,ARIH1
hsa-miR-103a-3p,N4BP1
hsa-miR-103a-3p,SALL1
hsa-miR-103a-3p,C16orf72
hsa-miR-103a-3p,RBBP6
hsa-miR-103a-3p,VPS4A
hsa-miR-103a-3p,FLOT2
hsa-miR-103a-3p,BLMH
hsa-miR-103a-3p,GPATCH8
hsa-miR-103a-3p,MTMR4
hsa-miR-103a-3p,AXIN2
hsa-miR-103a-3p,DUS1L
hsa-miR-103a-3p,ATP1B2
hsa-miR-103a-3p,NDEL1
hsa-miR-103a-3p,NF1
hsa-miR-103a-3p,CDK5R1
hsa-miR-103a-3p,ZCCHC2
hsa-miR-103a-3p,MED26
hsa-miR-103a-3p,BCAT2
hsa-miR-103a-3p,CARM1
hsa-miR-103a-3p,CCNE1
hsa-miR-103a-3p,FAM98A
hsa-miR-103a-3p,ATL2
hsa-miR-103a-3p,BOLA3
hsa-miR-103a-3p,TLK1
hsa-miR-103a-3p,IHH
hsa-miR-103a-3p,RAB10
hsa-miR-103a-3p,PRKCE
hsa-miR-103a-3p,VAMP8
hsa-miR-103a-3p,SOWAHC
hsa-miR-103a-3p,UBR3
hsa-miR-103a-3p,NRP2
hsa-miR-103a-3p,AGFG1
hsa-miR-103a-3p,CAB39
hsa-miR-103a-3p,NOL4L
hsa-miR-103a-3p,MYH9
hsa-miR-103a-3p,HIC2
hsa-miR-103a-3p,ZNRF3
hsa-miR-103a-3p,YWHAH
hsa-miR-103a-3p,NUP50
hsa-miR-103a-3p,MAP4
hsa-miR-103a-3p,DCP1A
hsa-miR-103a-3p,CGGBP1
hsa-miR-103a-3p,ATP13A3
hsa-miR-103a-3p,SNRK
hsa-miR-103a-3p,ARIH2
hsa-miR-103a-3p,MBNL1
hsa-miR-103a-3p,CLOCK
hsa-miR-103a-3p,PGRMC2
hsa-miR-103a-3p,OTUD4
hsa-miR-103a-3p,FBXW7
hsa-miR-103a-3p,ADD1
hsa-miR-103a-3p,SLAIN2
hsa-miR-103a-3p,SGMS2
hsa-miR-103a-3p,GALNT7
hsa-miR-103a-3p,CHD1
hsa-miR-103a-3p,NREP
hsa-miR-103a-3p,AFF4
hsa-miR-103a-3p,JAKMIP2
hsa-miR-103a-3p,CSNK1A1
hsa-miR-103a-3p,ICE1
hsa-miR-103a-3p,RAI14
hsa-miR-103a-3p,PIK3R1
hsa-miR-103a-3p,TNPO1
hsa-miR-103a-3p,VCAN
hsa-miR-103a-3p,CSNK1G3
hsa-miR-103a-3p,PURA
hsa-miR-103a-3p,CREBRF
hsa-miR-103a-3p,PNISR
hsa-miR-103a-3p,LATS1
hsa-miR-103a-3p,HMGA1
hsa-miR-103a-3p,TBPL1
hsa-miR-103a-3p,MYB
hsa-miR-103a-3p,AKAP12
hsa-miR-103a-3p,HNRNPA2B1
hsa-miR-103a-3p,PURB
hsa-miR-103a-3p,SBDS
hsa-miR-103a-3p,CACNA2D1
hsa-miR-103a-3p,USP42
hsa-miR-103a-3p,ANKIB1
hsa-miR-103a-3p,CAPZA2
hsa-miR-103a-3p,CALU
hsa-miR-103a-3p,EN2
hsa-miR-103a-3p,LONRF1
hsa-miR-103a-3p,SLC20A2
hsa-miR-103a-3p,PLAG1
hsa-miR-103a-3p,MYBL1
hsa-miR-103a-3p,TPD52
hsa-miR-103a-3p,RUNX1T1
hsa-miR-103a-3p,ZHX1
hsa-miR-103a-3p,SDCBP
hsa-miR-103a-3p,ZBTB10
hsa-miR-103a-3p,WWP1
hsa-miR-103a-3p,PLEKHF2
hsa-miR-103a-3p,RNF38
hsa-miR-103a-3p,FBXO10
hsa-miR-103a-3p,IARS1
hsa-miR-103a-3p,PPP6C
hsa-miR-103a-3p,CDC37L1
hsa-miR-103a-3p,TLE4
hsa-miR-103a-3p,MFSD14B
hsa-miR-103a-3p,ZBTB34
hsa-miR-103a-3p,EIF1AX
hsa-miR-103a-3p,RPS6KA3
hsa-miR-103a-3p,RAP2C
hsa-miR-103a-3p,OGT
hsa-miR-103a-3p,ZNF711
hsa-miR-106a-5p,HP1BP3
hsa-miR-106a-5p,RSRP1
hsa-miR-106a-5p,RPA2
hsa-miR-106a-5p,MTF1
hsa-miR-106a-5p,FOXJ3
hsa-miR-106a-5p,EFCAB14
hsa-miR-106a-5p,JAK1
hsa-miR-106a-5p,ANKRD13C
hsa-miR-106a-5p,SSX2IP
hsa-miR-106a-5p,F3
hsa-miR-106a-5p,RHOC
hsa-miR-106a-5p,TXNIP
hsa-miR-106a-5p,ADAR
hsa-miR-106a-5p,DCAF8
hsa-miR-106a-5p,AL139011.2
hsa-miR-106a-5p,DEDD
hsa-miR-106a-5p,STX6
hsa-miR-106a-5p,NIBAN1
hsa-miR-106a-5p,PPP1R15B
hsa-miR-106a-5p,DSTYK
hsa-miR-106a-5p,SLC41A1
hsa-miR-106a-5p,YOD1
hsa-miR-106a-5p,LPGAT1
hsa-miR-106a-5p,ITPKB
hsa-miR-106a-5p,ARID4B
hsa-miR-106a-5p,SKI
hsa-miR-106a-5p,TPRG1L
hsa-miR-106a-5p,CAMTA1
hsa-miR-106a-5p,MFN2
hsa-miR-106a-5p,PRDM2
hsa-miR-106a-5p,NBL1
hsa-miR-106a-5p,OTUD3
hsa-miR-106a-5p,ELOA
hsa-miR-106a-5p,SESN2
hsa-miR-106a-5p,TXLNA
hsa-miR-106a-5p,KIAA1522
hsa-miR-106a-5p,AGO1
hsa-miR-106a-5p,CMPK1
hsa-miR-106a-5p,ZFYVE9
hsa-miR-106a-5p,PKN2
hsa-miR-106a-5p,FNBP1L
hsa-miR-106a-5p,MFSD14A
hsa-miR-106a-5p,AC118553.2
hsa-miR-106a-5p,S1PR1
hsa-miR-106a-5p,CELSR2
hsa-miR-106a-5p,VANGL1
hsa-miR-106a-5p,PTGFRN
hsa-miR-106a-5p,SUCO
hsa-miR-106a-5p,KLHL20
hsa-miR-106a-5p,ZBTB37
hsa-miR-106a-5p,RGL1
hsa-miR-106a-5p,BTG2
hsa-miR-106a-5p,FBXO28
hsa-miR-106a-5p,GPR137B
hsa-miR-106a-5p,ZBTB18
hsa-miR-106a-5p,FRMD4A
hsa-miR-106a-5p,PIP4K2A
hsa-miR-106a-5p,ACBD5
hsa-miR-106a-5p,ARHGAP12
hsa-miR-106a-5p,RUFY2
hsa-miR-106a-5p,SH3PXD2A
hsa-miR-106a-5p,PFKP
hsa-miR-106a-5p,OTUD1
hsa-miR-106a-5p,MASTL
hsa-miR-106a-5p,WAC
hsa-miR-106a-5p,BAMBI
hsa-miR-106a-5p,REEP3
hsa-miR-106a-5p,PTEN
hsa-miR-106a-5p,HECTD2
hsa-miR-106a-5p,TNKS2
hsa-miR-106a-5p,GBF1
hsa-miR-106a-5p,SLK
hsa-miR-106a-5p,SHOC2
hsa-miR-106a-5p,FAM160B1
hsa-miR-106a-5p,ZRANB1
hsa-miR-106a-5p,TOLLIP
hsa-miR-106a-5p,TSG101
hsa-miR-106a-5p,UEVLD
hsa-miR-106a-5p,FNBP4
hsa-miR-106a-5p,TNKS1BP1
hsa-miR-106a-5p,AHNAK
hsa-miR-106a-5p,ATL3
hsa-miR-106a-5p,SLC29A2
hsa-miR-106a-5p,KMT5B
hsa-miR-106a-5p,SHANK2
hsa-miR-106a-5p,LAMTOR1
hsa-miR-106a-5p,PGM2L1
hsa-miR-106a-5p,TMEM123
hsa-miR-106a-5p,NPAT
hsa-miR-106a-5p,HSPA8
hsa-miR-106a-5p,ZNF202
hsa-miR-106a-5p,IPO7
hsa-miR-106a-5p,WEE1
hsa-miR-106a-5p,PDE3B
hsa-miR-106a-5p,PRRG4
hsa-miR-106a-5p,CRY2
hsa-miR-106a-5p,ZFP91
hsa-miR-106a-5p,KDM2A
hsa-miR-106a-5p,PPP6R3
hsa-miR-106a-5p,CCND1
hsa-miR-106a-5p,EMSY
hsa-miR-106a-5p,TSKU
hsa-miR-106a-5p,DDIAS
hsa-miR-106a-5p,ZC3H12C
hsa-miR-106a-5p,PAFAH1B2
hsa-miR-106a-5p,TBCEL
hsa-miR-106a-5p,M6PR
hsa-miR-106a-5p,CAPRIN2
hsa-miR-106a-5p,DENND5B
hsa-miR-106a-5p,LIMA1
hsa-miR-106a-5p,ANKRD52
hsa-miR-106a-5p,GNS
hsa-miR-106a-5p,ARL1
hsa-miR-106a-5p,GIT2
hsa-miR-106a-5p,TBX3
hsa-miR-106a-5p,TAOK3
hsa-miR-106a-5p,UBC
hsa-miR-106a-5p,WNK1
hsa-miR-106a-5p,ADIPOR2
hsa-miR-106a-5p,TSPAN9
hsa-miR-106a-5p,CCND2
hsa-miR-106a-5p,FOXJ2
hsa-miR-106a-5p,FGD4
hsa-miR-106a-5p,ANO6
hsa-miR-106a-5p,TMBIM6
hsa-miR-106a-5p,DAZAP2
hsa-miR-106a-5p,GDF11
hsa-miR-106a-5p,RAB5B
hsa-miR-106a-5p,ERBB3
hsa-miR-106a-5p,HMGA2
hsa-miR-106a-5p,FRS2
hsa-miR-106a-5p,ELK3
hsa-miR-106a-5p,ULK1
hsa-miR-106a-5p,SACS
hsa-miR-106a-5p,KATNAL1
hsa-miR-106a-5p,KPNA3
hsa-miR-106a-5p,FBXL3
hsa-miR-106a-5p,LRCH1
hsa-miR-106a-5p,LAMP1
hsa-miR-106a-5p,EGLN3
hsa-miR-106a-5p,CFL2
hsa-miR-106a-5p,FOXA1
hsa-miR-106a-5p,KLHL28
hsa-miR-106a-5p,NIN
hsa-miR-106a-5p,ZFYVE26
hsa-miR-106a-5p,MAP3K9
hsa-miR-106a-5p,BTBD7
hsa-miR-106a-5p,ATG2B
hsa-miR-106a-5p,BCL2L2
hsa-miR-106a-5p,IRF9
hsa-miR-106a-5p,BRMS1L
hsa-miR-106a-5p,FRMD6
hsa-miR-106a-5p,STYX
hsa-miR-106a-5p,PPM1A
hsa-miR-106a-5p,HIF1A
hsa-miR-106a-5p,SUSD6
hsa-miR-106a-5p,SMOC1
hsa-miR-106a-5p,TTC9
hsa-miR-106a-5p,BNIP2
hsa-miR-106a-5p,SEMA7A
hsa-miR-106a-5p,SCAMP2
hsa-miR-106a-5p,FAM219B
hsa-miR-106a-5p,SPRED1
hsa-miR-106a-5p,CTDSPL2
hsa-miR-106a-5p,RAB8B
hsa-miR-106a-5p,USP3
hsa-miR-106a-5p,SMAD6
hsa-miR-106a-5p,KIF23
hsa-miR-106a-5p,MORF4L1
hsa-miR-106a-5p,FURIN
hsa-miR-106a-5p,UNKL
hsa-miR-106a-5p,PKD1
hsa-miR-106a-5p,USP31
hsa-miR-106a-5p,NETO2
hsa-miR-106a-5p,AKTIP
hsa-miR-106a-5p,CMTR2
hsa-miR-106a-5p,PHLPP2
hsa-miR-106a-5p,MBTPS1
hsa-miR-106a-5p,FBXO31
hsa-miR-106a-5p,CAPN15
hsa-miR-106a-5p,TNRC6A
hsa-miR-106a-5p,TAOK2
hsa-miR-106a-5p,CHD9
hsa-miR-106a-5p,RBL2
hsa-miR-106a-5p,NFAT5
hsa-miR-106a-5p,ATXN1L
hsa-miR-106a-5p,CRK
hsa-miR-106a-5p,ANKFY1
hsa-miR-106a-5p,ZBTB4
hsa-miR-106a-5p,RASD1
hsa-miR-106a-5p,NUFIP2
hsa-miR-106a-5p,SSH2
hsa-miR-106a-5p,STAT3
hsa-miR-106a-5p,EZH1
hsa-miR-106a-5p,ZNF652
hsa-miR-106a-5p,TRIM37
hsa-miR-106a-5p,DDX5
hsa-miR-106a-5p,JPT1
hsa-miR-106a-5p,TIMP2
hsa-miR-106a-5p,PAFAH1B1
hsa-miR-106a-5p,MINK1
hsa-miR-106a-5p,KDM6B
hsa-miR-106a-5p,LASP1
hsa-miR-106a-5p,MSL1
hsa-miR-106a-5p,MAP3K3
hsa-miR-106a-5p,KPNA2
hsa-miR-106a-5p,UNK
hsa-miR-106a-5p,TNRC6C
hsa-miR-106a-5p,FOXK2
hsa-miR-106a-5p,YES1
hsa-miR-106a-5p,SLC39A6
hsa-miR-106a-5p,SMAD7
hsa-miR-106a-5p,TCF4
hsa-miR-106a-5p,TMX3
hsa-miR-106a-5p,RAB12
hsa-miR-106a-5p,NEDD4L
hsa-miR-106a-5p,MIER2
hsa-miR-106a-5p,MEX3D
hsa-miR-106a-5p,MKNK2
hsa-miR-106a-5p,ZBTB7A
hsa-miR-106a-5p,HAUS8
hsa-miR-106a-5p,STK11
hsa-miR-106a-5p,MIDN
hsa-miR-106a-5p,CHAF1A
hsa-miR-106a-5p,TRIP10
hsa-miR-106a-5p,ARHGEF18
hsa-miR-106a-5p,LDLR
hsa-miR-106a-5p,URI1
hsa-miR-106a-5p,GRAMD1A
hsa-miR-106a-5p,KMT2B
hsa-miR-106a-5p,ROCK2
hsa-miR-106a-5p,LAPTM4A
hsa-miR-106a-5p,COX7A2L
hsa-miR-106a-5p,SERTAD2
hsa-miR-106a-5p,PPP3R1
hsa-miR-106a-5p,TGOLN2
hsa-miR-106a-5p,DUSP2
hsa-miR-106a-5p,TMEM127
hsa-miR-106a-5p,MAP3K2
hsa-miR-106a-5p,SLC40A1
hsa-miR-106a-5p,STK17B
hsa-miR-106a-5p,EPHA4
hsa-miR-106a-5p,KLF11
hsa-miR-106a-5p,RRM2
hsa-miR-106a-5p,UBXN2A
hsa-miR-106a-5p,NRBP1
hsa-miR-106a-5p,CLIP4
hsa-miR-106a-5p,CRIM1
hsa-miR-106a-5p,EPAS1
hsa-miR-106a-5p,TET3
hsa-miR-106a-5p,TCF7L1
hsa-miR-106a-5p,SOWAHC
hsa-miR-106a-5p,PTPN4
hsa-miR-106a-5p,GPD2
hsa-miR-106a-5p,TANC1
hsa-miR-106a-5p,CSRNP3
hsa-miR-106a-5p,CYBRD1
hsa-miR-106a-5p,CDCA7
hsa-miR-106a-5p,PLEKHA3
hsa-miR-106a-5p,NABP1
hsa-miR-106a-5p,C2orf69
hsa-miR-106a-5p,BMPR2
hsa-miR-106a-5p,SEPTIN2
hsa-miR-106a-5p,TBC1D20
hsa-miR-106a-5p,PLAGL2
hsa-miR-106a-5p,E2F1
hsa-miR-106a-5p,RBL1
hsa-miR-106a-5p,PREX1
hsa-miR-106a-5p,ZNFX1
hsa-miR-106a-5p,ZNF217
hsa-miR-106a-5p,ZNF512B
hsa-miR-106a-5p,POFUT1
hsa-miR-106a-5p,KIF3B
hsa-miR-106a-5p,MAPRE1
hsa-miR-106a-5p,ITCH
hsa-miR-106a-5p,TTPAL
hsa-miR-106a-5p,CTSA
hsa-miR-106a-5p,NCOA3
hsa-miR-106a-5p,PARD6B
hsa-miR-106a-5p,BTG3
hsa-miR-106a-5p,APP
hsa-miR-106a-5p,TMEM50B
hsa-miR-106a-5p,RUNX1
hsa-miR-106a-5p,BRWD1
hsa-miR-106a-5p,C2CD2
hsa-miR-106a-5p,SIK1
hsa-miR-106a-5p,DYRK1A
hsa-miR-106a-5p,PRR14L
hsa-miR-106a-5p,ATP2B2
hsa-miR-106a-5p,IQSEC1
hsa-miR-106a-5p,NKIRAS1
hsa-miR-106a-5p,FYCO1
hsa-miR-106a-5p,TUSC2
hsa-miR-106a-5p,RYBP
hsa-miR-106a-5p,DCBLD2
hsa-miR-106a-5p,POLQ
hsa-miR-106a-5p,HEG1
hsa-miR-106a-5p,ZNF148
hsa-miR-106a-5p,PLSCR4
hsa-miR-106a-5p,PFN2
hsa-miR-106a-5p,NCEH1
hsa-miR-106a-5p,NR2C2
hsa-miR-106a-5p,TGFBR2
hsa-miR-106a-5p,ZBTB47
hsa-miR-106a-5p,ABHD5
hsa-miR-106a-5p,NBEAL2
hsa-miR-106a-5p,C3orf38
hsa-miR-106a-5p,CRYBG3
hsa-miR-106a-5p,CEP97
hsa-miR-106a-5p,BBX
hsa-miR-106a-5p,PLXNA1
hsa-miR-106a-5p,SLC25A36
hsa-miR-106a-5p,PXYLP1
hsa-miR-106a-5p,PLS1
hsa-miR-106a-5p,U2SURP
hsa-miR-106a-5p,TSC22D2
hsa-miR-106a-5p,FXR1
hsa-miR-106a-5p,IL1RAP
hsa-miR-106a-5p,FBXL5
hsa-miR-106a-5p,PDS5A
hsa-miR-106a-5p,CLOCK
hsa-miR-106a-5p,CNOT6L
hsa-miR-106a-5p,WDFY3
hsa-miR-106a-5p,FAM13A
hsa-miR-106a-5p,TBC1D9
hsa-miR-106a-5p,OTUD4
hsa-miR-106a-5p,KLF3
hsa-miR-106a-5p,SLAIN2
hsa-miR-106a-5p,RASL11B
hsa-miR-106a-5p,CXCL8
hsa-miR-106a-5p,EREG
hsa-miR-106a-5p,CCNG2
hsa-miR-106a-5p,AFF1
hsa-miR-106a-5p,PKD2
hsa-miR-106a-5p,GAB1
hsa-miR-106a-5p,KLHL2
hsa-miR-106a-5p,MSMO1
hsa-miR-106a-5p,PALLD
hsa-miR-106a-5p,ANKH
hsa-miR-106a-5p,DAB2
hsa-miR-106a-5p,SGTB
hsa-miR-106a-5p,TMEM167A
hsa-miR-106a-5p,FEM1C
hsa-miR-106a-5p,CEP120
hsa-miR-106a-5p,SAR1B
hsa-miR-106a-5p,RNF145
hsa-miR-106a-5p,PANK3
hsa-miR-106a-5p,AHRR
hsa-miR-106a-5p,PDCD6-AHRR
hsa-miR-106a-5p,MARCHF6
hsa-miR-106a-5p,MAP3K1
hsa-miR-106a-5p,FCHO2
hsa-miR-106a-5p,POLR3G
hsa-miR-106a-5p,RGMB
hsa-miR-106a-5p,SMAD5
hsa-miR-106a-5p,PURA
hsa-miR-106a-5p,NPM1
hsa-miR-106a-5p,CREBRF
hsa-miR-106a-5p,SQSTM1
hsa-miR-106a-5p,SLC22A23
hsa-miR-106a-5p,STK38
hsa-miR-106a-5p,ENPP5
hsa-miR-106a-5p,TNFRSF21
hsa-miR-106a-5p,PHIP
hsa-miR-106a-5p,RRAGD
hsa-miR-106a-5p,OSTM1
hsa-miR-106a-5p,REV3L
hsa-miR-106a-5p,MAP7
hsa-miR-106a-5p,SOX4
hsa-miR-106a-5p,CDKN1A
hsa-miR-106a-5p,VEGFA
hsa-miR-106a-5p,CENPQ
hsa-miR-106a-5p,SOBP
hsa-miR-106a-5p,ASF1A
hsa-miR-106a-5p,HECA
hsa-miR-106a-5p,SASH1
hsa-miR-106a-5p,SNX9
hsa-miR-106a-5p,QKI
hsa-miR-106a-5p,C6orf120
hsa-miR-106a-5p,PURB
hsa-miR-106a-5p,PON2
hsa-miR-106a-5p,MAP11
hsa-miR-106a-5p,GIGYF1
hsa-miR-106a-5p,CCDC71L
hsa-miR-106a-5p,BMT2
hsa-miR-106a-5p,FAM3C
hsa-miR-106a-5p,ZNF800
hsa-miR-106a-5p,MKRN1
hsa-miR-106a-5p,FASTK
hsa-miR-106a-5p,ARL4A
hsa-miR-106a-5p,ITGB8
hsa-miR-106a-5p,LIMK1
hsa-miR-106a-5p,PHTF2
hsa-miR-106a-5p,CROT
hsa-miR-106a-5p,ANKIB1
hsa-miR-106a-5p,AGFG2
hsa-miR-106a-5p,HBP1
hsa-miR-106a-5p,DNAJB9
hsa-miR-106a-5p,CALD1
hsa-miR-106a-5p,UBE3C
hsa-miR-106a-5p,PPP1R3B
hsa-miR-106a-5p,RAB11FIP1
hsa-miR-106a-5p,PCMTD1
hsa-miR-106a-5p,PLAG1
hsa-miR-106a-5p,UBE2W
hsa-miR-106a-5p,SNX16
hsa-miR-106a-5p,TMEM64
hsa-miR-106a-5p,TP53INP1
hsa-miR-106a-5p,UBR5
hsa-miR-106a-5p,KLF10
hsa-miR-106a-5p,ATAD2
hsa-miR-106a-5p,SLC7A2
hsa-miR-106a-5p,PPP2R2A
hsa-miR-106a-5p,BNIP3L
hsa-miR-106a-5p,DPYSL2
hsa-miR-106a-5p,MAK16
hsa-miR-106a-5p,ADAM9
hsa-miR-106a-5p,YTHDF3
hsa-miR-106a-5p,SDC2
hsa-miR-106a-5p,NFIB
hsa-miR-106a-5p,RNF38
hsa-miR-106a-5p,ZNF367
hsa-miR-106a-5p,ABCA1
hsa-miR-106a-5p,TMEM245
hsa-miR-106a-5p,PPP6C
hsa-miR-106a-5p,FAM102A
hsa-miR-106a-5p,VLDLR
hsa-miR-106a-5p,RBBP7
hsa-miR-106a-5p,SCML2
hsa-miR-106a-5p,KLHL15
hsa-miR-106a-5p,ACSL4
hsa-miR-106a-5p,ZDHHC9
hsa-miR-106a-5p,RAP2C
hsa-miR-106a-5p,SYAP1
hsa-miR-106a-5p,PRRG1
hsa-miR-106a-5p,ZBTB33
hsa-miR-106b-5p,HP1BP3
hsa-miR-106b-5p,RSRP1
hsa-miR-106b-5p,RPA2
hsa-miR-106b-5p,MTF1
hsa-miR-106b-5p,FOXJ3
hsa-miR-106b-5p,EFCAB14
hsa-miR-106b-5p,JAK1
hsa-miR-106b-5p,ANKRD13C
hsa-miR-106b-5p,SSX2IP
hsa-miR-106b-5p,F3
hsa-miR-106b-5p,RHOC
hsa-miR-106b-5p,TXNIP
hsa-miR-106b-5p,ADAR
hsa-miR-106b-5p,DCAF8
hsa-miR-106b-5p,AL139011.2
hsa-miR-106b-5p,DEDD
hsa-miR-106b-5p,STX6
hsa-miR-106b-5p,NIBAN1
hsa-miR-106b-5p,PPP1R15B
hsa-miR-106b-5p,SLC41A1
hsa-miR-106b-5p,YOD1
hsa-miR-106b-5p,LPGAT1
hsa-miR-106b-5p,ITPKB
hsa-miR-106b-5p,ARID4B
hsa-miR-106b-5p,AHCTF1
hsa-miR-106b-5p,SKI
hsa-miR-106b-5p,TPRG1L
hsa-miR-106b-5p,CAMTA1
hsa-miR-106b-5p,MFN2
hsa-miR-106b-5p,PRDM2
hsa-miR-106b-5p,NBL1
hsa-miR-106b-5p,ELOA
hsa-miR-106b-5p,SESN2
hsa-miR-106b-5p,TXLNA
hsa-miR-106b-5p,KIAA1522
hsa-miR-106b-5p,CMPK1
hsa-miR-106b-5p,ZFYVE9
hsa-miR-106b-5p,PKN2
hsa-miR-106b-5p,FNBP1L
hsa-miR-106b-5p,MFSD14A
hsa-miR-106b-5p,AC118553.2
hsa-miR-106b-5p,S1PR1
hsa-miR-106b-5p,CELSR2
hsa-miR-106b-5p,VANGL1
hsa-miR-106b-5p,PTGFRN
hsa-miR-106b-5p,SUCO
hsa-miR-106b-5p,KLHL20
hsa-miR-106b-5p,ZBTB37
hsa-miR-106b-5p,RGL1
hsa-miR-106b-5p,BTG2
hsa-miR-106b-5p,FBXO28
hsa-miR-106b-5p,GPR137B
hsa-miR-106b-5p,ZBTB18
hsa-miR-106b-5p,FRMD4A
hsa-miR-106b-5p,PIP4K2A
hsa-miR-106b-5p,ACBD5
hsa-miR-106b-5p,ARHGAP12
hsa-miR-106b-5p,RUFY2
hsa-miR-106b-5p,SH3PXD2A
hsa-miR-106b-5p,PFKP
hsa-miR-106b-5p,CELF2
hsa-miR-106b-5p,OTUD1
hsa-miR-106b-5p,MASTL
hsa-miR-106b-5p,WAC
hsa-miR-106b-5p,BAMBI
hsa-miR-106b-5p,REEP3
hsa-miR-106b-5p,PTEN
hsa-miR-106b-5p,HECTD2
hsa-miR-106b-5p,TNKS2
hsa-miR-106b-5p,GBF1
hsa-miR-106b-5p,SLK
hsa-miR-106b-5p,SHOC2
hsa-miR-106b-5p,FAM160B1
hsa-miR-106b-5p,ZRANB1
hsa-miR-106b-5p,TOLLIP
hsa-miR-106b-5p,EIF4G2
hsa-miR-106b-5p,TSG101
hsa-miR-106b-5p,UEVLD
hsa-miR-106b-5p,FNBP4
hsa-miR-106b-5p,TNKS1BP1
hsa-miR-106b-5p,AHNAK
hsa-miR-106b-5p,ATL3
hsa-miR-106b-5p,SLC29A2
hsa-miR-106b-5p,KMT5B
hsa-miR-106b-5p,SHANK2
hsa-miR-106b-5p,LAMTOR1
hsa-miR-106b-5p,PGM2L1
hsa-miR-106b-5p,TMEM123
hsa-miR-106b-5p,NPAT
hsa-miR-106b-5p,HSPA8
hsa-miR-106b-5p,ZNF202
hsa-miR-106b-5p,IPO7
hsa-miR-106b-5p,WEE1
hsa-miR-106b-5p,PDE3B
hsa-miR-106b-5p,PRRG4
hsa-miR-106b-5p,CRY2
hsa-miR-106b-5p,ZFP91
hsa-miR-106b-5p,KDM2A
hsa-miR-106b-5p,PPP6R3
hsa-miR-106b-5p,CCND1
hsa-miR-106b-5p,EMSY
hsa-miR-106b-5p,TSKU
hsa-miR-106b-5p,DDIAS
hsa-miR-106b-5p,ZC3H12C
hsa-miR-106b-5p,PAFAH1B2
hsa-miR-106b-5p,TBCEL
hsa-miR-106b-5p,M6PR
hsa-miR-106b-5p,CAPRIN2
hsa-miR-106b-5p,DENND5B
hsa-miR-106b-5p,LIMA1
hsa-miR-106b-5p,ANKRD52
hsa-miR-106b-5p,GNS
hsa-miR-106b-5p,ARL1
hsa-miR-106b-5p,GIT2
hsa-miR-106b-5p,TBX3
hsa-miR-106b-5p,TAOK3
hsa-miR-106b-5p,UBC
hsa-miR-106b-5p,WNK1
hsa-miR-106b-5p,TSPAN9
hsa-miR-106b-5p,CCND2
hsa-miR-106b-5p,FOXJ2
hsa-miR-106b-5p,FGD4
hsa-miR-106b-5p,ANO6
hsa-miR-106b-5p,TMBIM6
hsa-miR-106b-5p,DAZAP2
hsa-miR-106b-5p,GDF11
hsa-miR-106b-5p,RAB5B
hsa-miR-106b-5p,ERBB3
hsa-miR-106b-5p,HMGA2
hsa-miR-106b-5p,FRS2
hsa-miR-106b-5p,RAB21
hsa-miR-106b-5p,ELK3
hsa-miR-106b-5p,ULK1
hsa-miR-106b-5p,SACS
hsa-miR-106b-5p,KATNAL1
hsa-miR-106b-5p,KPNA3
hsa-miR-106b-5p,FBXL3
hsa-miR-106b-5p,LRCH1
hsa-miR-106b-5p,LAMP1
hsa-miR-106b-5p,EGLN3
hsa-miR-106b-5p,CFL2
hsa-miR-106b-5p,FOXA1
hsa-miR-106b-5p,KLHL28
hsa-miR-106b-5p,NIN
hsa-miR-106b-5p,ZFYVE26
hsa-miR-106b-5p,MAP3K9
hsa-miR-106b-5p,BTBD7
hsa-miR-106b-5p,ATG2B
hsa-miR-106b-5p,BCL2L2
hsa-miR-106b-5p,IRF9
hsa-miR-106b-5p,BRMS1L
hsa-miR-106b-5p,FRMD6
hsa-miR-106b-5p,STYX
hsa-miR-106b-5p,PPM1A
hsa-miR-106b-5p,HIF1A
hsa-miR-106b-5p,SUSD6
hsa-miR-106b-5p,SMOC1
hsa-miR-106b-5p,TTC9
hsa-miR-106b-5p,BNIP2
hsa-miR-106b-5p,SEMA7A
hsa-miR-106b-5p,SCAMP2
hsa-miR-106b-5p,FAM219B
hsa-miR-106b-5p,SPRED1
hsa-miR-106b-5p,CTDSPL2
hsa-miR-106b-5p,RAB8B
hsa-miR-106b-5p,USP3
hsa-miR-106b-5p,SMAD6
hsa-miR-106b-5p,KIF23
hsa-miR-106b-5p,MORF4L1
hsa-miR-106b-5p,FURIN
hsa-miR-106b-5p,UNKL
hsa-miR-106b-5p,PKD1
hsa-miR-106b-5p,USP31
hsa-miR-106b-5p,NETO2
hsa-miR-106b-5p,AKTIP
hsa-miR-106b-5p,CMTR2
hsa-miR-106b-5p,PHLPP2
hsa-miR-106b-5p,MBTPS1
hsa-miR-106b-5p,FBXO31
hsa-miR-106b-5p,CAPN15
hsa-miR-106b-5p,TNRC6A
hsa-miR-106b-5p,TAOK2
hsa-miR-106b-5p,CHD9
hsa-miR-106b-5p,RBL2
hsa-miR-106b-5p,NFAT5
hsa-miR-106b-5p,ATXN1L
hsa-miR-106b-5p,CRK
hsa-miR-106b-5p,ANKFY1
hsa-miR-106b-5p,ZBTB4
hsa-miR-106b-5p,RASD1
hsa-miR-106b-5p,NUFIP2
hsa-miR-106b-5p,SSH2
hsa-miR-106b-5p,STAT3
hsa-miR-106b-5p,EZH1
hsa-miR-106b-5p,ZNF652
hsa-miR-106b-5p,TRIM37
hsa-miR-106b-5p,DDX5
hsa-miR-106b-5p,JPT1
hsa-miR-106b-5p,TIMP2
hsa-miR-106b-5p,PAFAH1B1
hsa-miR-106b-5p,MINK1
hsa-miR-106b-5p,KDM6B
hsa-miR-106b-5p,LASP1
hsa-miR-106b-5p,MSL1
hsa-miR-106b-5p,MAP3K3
hsa-miR-106b-5p,KPNA2
hsa-miR-106b-5p,UNK
hsa-miR-106b-5p,TNRC6C
hsa-miR-106b-5p,FOXK2
hsa-miR-106b-5p,YES1
hsa-miR-106b-5p,SLC39A6
hsa-miR-106b-5p,SMAD7
hsa-miR-106b-5p,TCF4
hsa-miR-106b-5p,TMX3
hsa-miR-106b-5p,RAB12
hsa-miR-106b-5p,NEDD4L
hsa-miR-106b-5p,MIER2
hsa-miR-106b-5p,MEX3D
hsa-miR-106b-5p,MKNK2
hsa-miR-106b-5p,ZBTB7A
hsa-miR-106b-5p,HAUS8
hsa-miR-106b-5p,STK11
hsa-miR-106b-5p,MIDN
hsa-miR-106b-5p,CHAF1A
hsa-miR-106b-5p,TRIP10
hsa-miR-106b-5p,ARHGEF18
hsa-miR-106b-5p,LDLR
hsa-miR-106b-5p,URI1
hsa-miR-106b-5p,GRAMD1A
hsa-miR-106b-5p,KMT2B
hsa-miR-106b-5p,ROCK2
hsa-miR-106b-5p,LAPTM4A
hsa-miR-106b-5p,COX7A2L
hsa-miR-106b-5p,SERTAD2
hsa-miR-106b-5p,PPP3R1
hsa-miR-106b-5p,TGOLN2
hsa-miR-106b-5p,DUSP2
hsa-miR-106b-5p,TMEM127
hsa-miR-106b-5p,MAP3K2
hsa-miR-106b-5p,SLC40A1
hsa-miR-106b-5p,STK17B
hsa-miR-106b-5p,EPHA4
hsa-miR-106b-5p,KLF11
hsa-miR-106b-5p,RRM2
hsa-miR-106b-5p,UBXN2A
hsa-miR-106b-5p,NRBP1
hsa-miR-106b-5p,CLIP4
hsa-miR-106b-5p,CRIM1
hsa-miR-106b-5p,EPAS1
hsa-miR-106b-5p,TET3
hsa-miR-106b-5p,TCF7L1
hsa-miR-106b-5p,SOWAHC
hsa-miR-106b-5p,PTPN4
hsa-miR-106b-5p,GPD2
hsa-miR-106b-5p,TANC1
hsa-miR-106b-5p,CSRNP3
hsa-miR-106b-5p,CERS6
hsa-miR-106b-5p,CYBRD1
hsa-miR-106b-5p,CDCA7
hsa-miR-106b-5p,PLEKHA3
hsa-miR-106b-5p,NABP1
hsa-miR-106b-5p,C2orf69
hsa-miR-106b-5p,BMPR2
hsa-miR-106b-5p,SEPTIN2
hsa-miR-106b-5p,TBC1D20
hsa-miR-106b-5p,PLAGL2
hsa-miR-106b-5p,E2F1
hsa-miR-106b-5p,RBL1
hsa-miR-106b-5p,PREX1
hsa-miR-106b-5p,ZNFX1
hsa-miR-106b-5p,ZNF217
hsa-miR-106b-5p,ZNF512B
hsa-miR-106b-5p,POFUT1
hsa-miR-106b-5p,KIF3B
hsa-miR-106b-5p,MAPRE1
hsa-miR-106b-5p,ITCH
hsa-miR-106b-5p,TTPAL
hsa-miR-106b-5p,CTSA
hsa-miR-106b-5p,NCOA3
hsa-miR-106b-5p,PARD6B
hsa-miR-106b-5p,BTG3
hsa-miR-106b-5p,APP
hsa-miR-106b-5p,RUNX1
hsa-miR-106b-5p,BRWD1
hsa-miR-106b-5p,C2CD2
hsa-miR-106b-5p,SIK1
hsa-miR-106b-5p,DYRK1A
hsa-miR-106b-5p,PRR14L
hsa-miR-106b-5p,ATP2B2
hsa-miR-106b-5p,IQSEC1
hsa-miR-106b-5p,NKIRAS1
hsa-miR-106b-5p,FYCO1
hsa-miR-106b-5p,TUSC2
hsa-miR-106b-5p,RYBP
hsa-miR-106b-5p,DCBLD2
hsa-miR-106b-5p,POLQ
hsa-miR-106b-5p,HEG1
hsa-miR-106b-5p,ZNF148
hsa-miR-106b-5p,XRN1
hsa-miR-106b-5p,PLSCR4
hsa-miR-106b-5p,PFN2
hsa-miR-106b-5p,KPNA4
hsa-miR-106b-5p,NCEH1
hsa-miR-106b-5p,NR2C2
hsa-miR-106b-5p,TGFBR2
hsa-miR-106b-5p,ZBTB47
hsa-miR-106b-5p,ABHD5
hsa-miR-106b-5p,NBEAL2
hsa-miR-106b-5p,C3orf38
hsa-miR-106b-5p,CRYBG3
hsa-miR-106b-5p,CEP97
hsa-miR-106b-5p,BBX
hsa-miR-106b-5p,PLXNA1
hsa-miR-106b-5p,SLC25A36
hsa-miR-106b-5p,PXYLP1
hsa-miR-106b-5p,PLS1
hsa-miR-106b-5p,U2SURP
hsa-miR-106b-5p,TSC22D2
hsa-miR-106b-5p,FXR1
hsa-miR-106b-5p,IL1RAP
hsa-miR-106b-5p,FBXL5
hsa-miR-106b-5p,PDS5A
hsa-miR-106b-5p,USP46
hsa-miR-106b-5p,CLOCK
hsa-miR-106b-5p,CNOT6L
hsa-miR-106b-5p,WDFY3
hsa-miR-106b-5p,FAM13A
hsa-miR-106b-5p,TBC1D9
hsa-miR-106b-5p,OTUD4
hsa-miR-106b-5p,MFAP3L
hsa-miR-106b-5p,KLF3
hsa-miR-106b-5p,SLAIN2
hsa-miR-106b-5p,RASL11B
hsa-miR-106b-5p,CXCL8
hsa-miR-106b-5p,EREG
hsa-miR-106b-5p,CCNG2
hsa-miR-106b-5p,PKD2
hsa-miR-106b-5p,GAB1
hsa-miR-106b-5p,MSMO1
hsa-miR-106b-5p,PALLD
hsa-miR-106b-5p,ANKH
hsa-miR-106b-5p,DAB2
hsa-miR-106b-5p,SGTB
hsa-miR-106b-5p,TMEM167A
hsa-miR-106b-5p,FEM1C
hsa-miR-106b-5p,CEP120
hsa-miR-106b-5p,SAR1B
hsa-miR-106b-5p,RNF145
hsa-miR-106b-5p,PANK3
hsa-miR-106b-5p,AHRR
hsa-miR-106b-5p,PDCD6-AHRR
hsa-miR-106b-5p,MARCHF6
hsa-miR-106b-5p,MAP3K1
hsa-miR-106b-5p,FCHO2
hsa-miR-106b-5p,POLR3G
hsa-miR-106b-5p,RGMB
hsa-miR-106b-5p,SMAD5
hsa-miR-106b-5p,PURA
hsa-miR-106b-5p,NPM1
hsa-miR-106b-5p,CREBRF
hsa-miR-106b-5p,SQSTM1
hsa-miR-106b-5p,SLC22A23
hsa-miR-106b-5p,STK38
hsa-miR-106b-5p,ENPP5
hsa-miR-106b-5p,TNFRSF21
hsa-miR-106b-5p,PHIP
hsa-miR-106b-5p,RRAGD
hsa-miR-106b-5p,OSTM1
hsa-miR-106b-5p,REV3L
hsa-miR-106b-5p,MAP7
hsa-miR-106b-5p,SOX4
hsa-miR-106b-5p,CDKN1A
hsa-miR-106b-5p,VEGFA
hsa-miR-106b-5p,CENPQ
hsa-miR-106b-5p,SOBP
hsa-miR-106b-5p,ASF1A
hsa-miR-106b-5p,GJA1
hsa-miR-106b-5p,HECA
hsa-miR-106b-5p,SASH1
hsa-miR-106b-5p,SNX9
hsa-miR-106b-5p,QKI
hsa-miR-106b-5p,C6orf120
hsa-miR-106b-5p,PURB
hsa-miR-106b-5p,PON2
hsa-miR-106b-5p,MAP11
hsa-miR-106b-5p,GIGYF1
hsa-miR-106b-5p,CCDC71L
hsa-miR-106b-5p,BMT2
hsa-miR-106b-5p,FAM3C
hsa-miR-106b-5p,ZNF800
hsa-miR-106b-5p,MKRN1
hsa-miR-106b-5p,FASTK
hsa-miR-106b-5p,ARL4A
hsa-miR-106b-5p,ITGB8
hsa-miR-106b-5p,LIMK1
hsa-miR-106b-5p,PHTF2
hsa-miR-106b-5p,CROT
hsa-miR-106b-5p,ANKIB1
hsa-miR-106b-5p,AGFG2
hsa-miR-106b-5p,HBP1
hsa-miR-106b-5p,DNAJB9
hsa-miR-106b-5p,CALD1
hsa-miR-106b-5p,UBE3C
hsa-miR-106b-5p,PPP1R3B
hsa-miR-106b-5p,RAB11FIP1
hsa-miR-106b-5p,PCMTD1
hsa-miR-106b-5p,RB1CC1
hsa-miR-106b-5p,PLAG1
hsa-miR-106b-5p,UBE2W
hsa-miR-106b-5p,SNX16
hsa-miR-106b-5p,TMEM64
hsa-miR-106b-5p,TP53INP1
hsa-miR-106b-5p,UBR5
hsa-miR-106b-5p,KLF10
hsa-miR-106b-5p,LRP12
hsa-miR-106b-5p,ATAD2
hsa-miR-106b-5p,SLC7A2
hsa-miR-106b-5p,PPP2R2A
hsa-miR-106b-5p,BNIP3L
hsa-miR-106b-5p,DPYSL2
hsa-miR-106b-5p,MAK16
hsa-miR-106b-5p,ADAM9
hsa-miR-106b-5p,YTHDF3
hsa-miR-106b-5p,SDC2
hsa-miR-106b-5p,NFIB
hsa-miR-106b-5p,RNF38
hsa-miR-106b-5p,ZNF367
hsa-miR-106b-5p,ABCA1
hsa-miR-106b-5p,TMEM245
hsa-miR-106b-5p,PPP6C
hsa-miR-106b-5p,FAM102A
hsa-miR-106b-5p,VLDLR
hsa-miR-106b-5p,ZBTB43
hsa-miR-106b-5p,RBBP7
hsa-miR-106b-5p,SCML2
hsa-miR-106b-5p,KLHL15
hsa-miR-106b-5p,ACSL4
hsa-miR-106b-5p,ZDHHC9
hsa-miR-106b-5p,RAP2C
hsa-miR-106b-5p,SYAP1
hsa-miR-106b-5p,PRRG1
hsa-miR-106b-5p,ZBTB33
hsa-miR-107,SRM
hsa-miR-107,UBR4
hsa-miR-107,TGFBR3
hsa-miR-107,IGSF3
hsa-miR-107,NOTCH2
hsa-miR-107,PRKAB2
hsa-miR-107,ARNT
hsa-miR-107,UBE2Q1
hsa-miR-107,ASH1L
hsa-miR-107,MEF2D
hsa-miR-107,ARL8A
hsa-miR-107,IRF2BP2
hsa-miR-107,PDIK1L
hsa-miR-107,AGO1
hsa-miR-107,MIGA1
hsa-miR-107,DNAJB4
hsa-miR-107,LRRC8D
hsa-miR-107,FNBP1L
hsa-miR-107,KCNC4
hsa-miR-107,RGS4
hsa-miR-107,BTG2
hsa-miR-107,RASSF5
hsa-miR-107,MAP3K21
hsa-miR-107,GLUD1
hsa-miR-107,RAB11FIP2
hsa-miR-107,VCL
hsa-miR-107,SLC35G1
hsa-miR-107,HELLS
hsa-miR-107,BTRC
hsa-miR-107,PLEKHA1
hsa-miR-107,SOX6
hsa-miR-107,SF1
hsa-miR-107,ARHGAP32
hsa-miR-107,NAV2
hsa-miR-107,CTNND1
hsa-miR-107,AP001931.2
hsa-miR-107,RAB1B
hsa-miR-107,UBE4A
hsa-miR-107,SLC2A3
hsa-miR-107,C2CD5
hsa-miR-107,TM7SF3
hsa-miR-107,KIF21A
hsa-miR-107,TWF1
hsa-miR-107,ATF7
hsa-miR-107,PAWR
hsa-miR-107,C12orf76
hsa-miR-107,TRIAP1
hsa-miR-107,CLIP1
hsa-miR-107,ETNK1
hsa-miR-107,RASSF8
hsa-miR-107,SRGAP1
hsa-miR-107,HMGA2
hsa-miR-107,DYRK2
hsa-miR-107,WASHC4
hsa-miR-107,SETD1B
hsa-miR-107,RAN
hsa-miR-107,LATS2
hsa-miR-107,UBL3
hsa-miR-107,ZMYM2
hsa-miR-107,CDK8
hsa-miR-107,MBNL2
hsa-miR-107,CUL4A
hsa-miR-107,FERMT2
hsa-miR-107,SIX4
hsa-miR-107,DICER1
hsa-miR-107,ARHGAP5
hsa-miR-107,SUSD6
hsa-miR-107,PPP2R5C
hsa-miR-107,EIF5
hsa-miR-107,COPS2
hsa-miR-107,SNRPN
hsa-miR-107,SNURF
hsa-miR-107,KIF23
hsa-miR-107,ARIH1
hsa-miR-107,N4BP1
hsa-miR-107,SALL1
hsa-miR-107,C16orf72
hsa-miR-107,RBBP6
hsa-miR-107,VPS4A
hsa-miR-107,FLOT2
hsa-miR-107,BLMH
hsa-miR-107,GPATCH8
hsa-miR-107,MTMR4
hsa-miR-107,AXIN2
hsa-miR-107,DUS1L
hsa-miR-107,ATP1B2
hsa-miR-107,NDEL1
hsa-miR-107,NF1
hsa-miR-107,CDK5R1
hsa-miR-107,ZCCHC2
hsa-miR-107,MED26
hsa-miR-107,BCAT2
hsa-miR-107,CARM1
hsa-miR-107,CCNE1
hsa-miR-107,FAM98A
hsa-miR-107,ATL2
hsa-miR-107,BOLA3
hsa-miR-107,TLK1
hsa-miR-107,IHH
hsa-miR-107,RAB10
hsa-miR-107,PRKCE
hsa-miR-107,VAMP8
hsa-miR-107,SOWAHC
hsa-miR-107,UBR3
hsa-miR-107,NRP2
hsa-miR-107,AGFG1
hsa-miR-107,CAB39
hsa-miR-107,NOL4L
hsa-miR-107,MYH9
hsa-miR-107,HIC2
hsa-miR-107,ZNRF3
hsa-miR-107,YWHAH
hsa-miR-107,NUP50
hsa-miR-107,MAP4
hsa-miR-107,DCP1A
hsa-miR-107,CGGBP1
hsa-miR-107,ATP13A3
hsa-miR-107,SNRK
hsa-miR-107,ARIH2
hsa-miR-107,MBNL1
hsa-miR-107,CLOCK
hsa-miR-107,PGRMC2
hsa-miR-107,OTUD4
hsa-miR-107,FBXW7
hsa-miR-107,ADD1
hsa-miR-107,SLAIN2
hsa-miR-107,SGMS2
hsa-miR-107,GALNT7
hsa-miR-107,CHD1
hsa-miR-107,NREP
hsa-miR-107,AFF4
hsa-miR-107,JAKMIP2
hsa-miR-107,CSNK1A1
hsa-miR-107,ICE1
hsa-miR-107,RAI14
hsa-miR-107,PIK3R1
hsa-miR-107,TNPO1
hsa-miR-107,VCAN
hsa-miR-107,CSNK1G3
hsa-miR-107,PURA
hsa-miR-107,CREBRF
hsa-miR-107,PNISR
hsa-miR-107,LATS1
hsa-miR-107,HMGA1
hsa-miR-107,TBPL1
hsa-miR-107,MYB
hsa-miR-107,AKAP12
hsa-miR-107,HNRNPA2B1
hsa-miR-107,PURB
hsa-miR-107,SBDS
hsa-miR-107,CACNA2D1
hsa-miR-107,USP42
hsa-miR-107,ANKIB1
hsa-miR-107,CAPZA2
hsa-miR-107,CALU
hsa-miR-107,EN2
hsa-miR-107,LONRF1
hsa-miR-107,SLC20A2
hsa-miR-107,PLAG1
hsa-miR-107,MYBL1
hsa-miR-107,TPD52
hsa-miR-107,RUNX1T1
hsa-miR-107,ZHX1
hsa-miR-107,SDCBP
hsa-miR-107,ZBTB10
hsa-miR-107,WWP1
hsa-miR-107,PLEKHF2
hsa-miR-107,RNF38
hsa-miR-107,FBXO10
hsa-miR-107,IARS1
hsa-miR-107,PPP6C
hsa-miR-107,CDC37L1
hsa-miR-107,TLE4
hsa-miR-107,MFSD14B
hsa-miR-107,ZBTB34
hsa-miR-107,EIF1AX
hsa-miR-107,RPS6KA3
hsa-miR-107,RAP2C
hsa-miR-107,OGT
hsa-miR-107,ZNF711
hsa-miR-10a-5p,WDR26
hsa-miR-10a-5p,LRRC8B
hsa-miR-10a-5p,MTF2
hsa-miR-10a-5p,FNBP1L
hsa-miR-10a-5p,ZMYND11
hsa-miR-10a-5p,GATA3
hsa-miR-10a-5p,H3-5
hsa-miR-10a-5p,SLC38A2
hsa-miR-10a-5p,E2F7
hsa-miR-10a-5p,GOLGA3
hsa-miR-10a-5p,RAP2A
hsa-miR-10a-5p,NEDD4
hsa-miR-10a-5p,RORA
hsa-miR-10a-5p,HOXB3
hsa-miR-10a-5p,H3-3B
hsa-miR-10a-5p,RPRD1A
hsa-miR-10a-5p,GATA6
hsa-miR-10a-5p,SDC1
hsa-miR-10a-5p,BCL2L11
hsa-miR-10a-5p,BRWD1
hsa-miR-10a-5p,TFRC
hsa-miR-10a-5p,TRIM2
hsa-miR-10a-5p,ARRDC3
hsa-miR-10a-5p,CNOT6
hsa-miR-10a-5p,E2F3
hsa-miR-10a-5p,SERPINE1
hsa-miR-10a-5p,HNRNPK
hsa-miR-10a-5p,ZNF367
hsa-miR-10b-5p,WDR26
hsa-miR-10b-5p,LRRC8B
hsa-miR-10b-5p,MTF2
hsa-miR-10b-5p,FNBP1L
hsa-miR-10b-5p,ZMYND11
hsa-miR-10b-5p,GATA3
hsa-miR-10b-5p,H3-5
hsa-miR-10b-5p,SLC38A2
hsa-miR-10b-5p,E2F7
hsa-miR-10b-5p,GOLGA3
hsa-miR-10b-5p,RAP2A
hsa-miR-10b-5p,NEDD4
hsa-miR-10b-5p,RORA
hsa-miR-10b-5p,HOXB3
hsa-miR-10b-5p,H3-3B
hsa-miR-10b-5p,RPRD1A
hsa-miR-10b-5p,GATA6
hsa-miR-10b-5p,SDC1
hsa-miR-10b-5p,BCL2L11
hsa-miR-10b-5p,BRWD1
hsa-miR-10b-5p,TFRC
hsa-miR-10b-5p,TRIM2
hsa-miR-10b-5p,ARRDC3
hsa-miR-10b-5p,CNOT6
hsa-miR-10b-5p,E2F3
hsa-miR-10b-5p,SERPINE1
hsa-miR-10b-5p,HNRNPK
hsa-miR-10b-5p,ZNF367
hsa-miR-122-5p,SSR2
hsa-miR-122-5p,PLXNA2
hsa-miR-122-5p,CLIC4
hsa-miR-122-5p,LAMC1
hsa-miR-122-5p,PIP4K2A
hsa-miR-122-5p,KIF5B
hsa-miR-122-5p,ARL2
hsa-miR-122-5p,CS
hsa-miR-122-5p,SPRY2
hsa-miR-122-5p,DICER1
hsa-miR-122-5p,ADAM10
hsa-miR-122-5p,MYO9A
hsa-miR-122-5p,PKM
hsa-miR-122-5p,ALDOA
hsa-miR-122-5p,AC093512.2
hsa-miR-122-5p,UBE2G1
hsa-miR-122-5p,CTDNEP1
hsa-miR-122-5p,GIT1
hsa-miR-122-5p,G6PC3
hsa-miR-122-5p,LMNB2
hsa-miR-122-5p,SLC1A5
hsa-miR-122-5p,BCAT2
hsa-miR-122-5p,CALM3
hsa-miR-122-5p,DUSP2
hsa-miR-122-5p,PLEKHB2
hsa-miR-122-5p,NOL4L
hsa-miR-122-5p,G3BP2
hsa-miR-122-5p,ZNF827
hsa-miR-122-5p,SLC35A4
hsa-miR-122-5p,CANX
hsa-miR-122-5p,PEG10
hsa-miR-122-5p,CUX1
hsa-miR-122-5p,FOXP2
hsa-miR-122-5p,PLAG1
hsa-miR-122-5p,RAD21
hsa-miR-124-3p,ECE1
hsa-miR-124-3p,AK2
hsa-miR-124-3p,EFCAB14
hsa-miR-124-3p,DHCR24
hsa-miR-124-3p,ZRANB2
hsa-miR-124-3p,CNN3
hsa-miR-124-3p,CERS2
hsa-miR-124-3p,ALDH9A1
hsa-miR-124-3p,ELK4
hsa-miR-124-3p,TARBP1
hsa-miR-124-3p,CAMTA1
hsa-miR-124-3p,VAMP3
hsa-miR-124-3p,RNF11
hsa-miR-124-3p,PDE4B
hsa-miR-124-3p,LMO4
hsa-miR-124-3p,PKN2
hsa-miR-124-3p,SLC30A7
hsa-miR-124-3p,PRPF38B
hsa-miR-124-3p,HIPK1
hsa-miR-124-3p,ZBTB7B
hsa-miR-124-3p,CEP350
hsa-miR-124-3p,LAMC1
hsa-miR-124-3p,BTG2
hsa-miR-124-3p,ATP2B4
hsa-miR-124-3p,GALNT2
hsa-miR-124-3p,SPRTN
hsa-miR-124-3p,KLF6
hsa-miR-124-3p,SVIL
hsa-miR-124-3p,ITGB1
hsa-miR-124-3p,P4HA1
hsa-miR-124-3p,ANXA7
hsa-miR-124-3p,ZCCHC24
hsa-miR-124-3p,ANXA11
hsa-miR-124-3p,VIM
hsa-miR-124-3p,ARL5B
hsa-miR-124-3p,HECTD2
hsa-miR-124-3p,SCD
hsa-miR-124-3p,PIK3C2A
hsa-miR-124-3p,ATL3
hsa-miR-124-3p,RELA
hsa-miR-124-3p,DDX6
hsa-miR-124-3p,BCL9L
hsa-miR-124-3p,FAR1
hsa-miR-124-3p,QSER1
hsa-miR-124-3p,HIPK3
hsa-miR-124-3p,MDK
hsa-miR-124-3p,CTNND1
hsa-miR-124-3p,AP001931.2
hsa-miR-124-3p,TMEM109
hsa-miR-124-3p,CAPN1
hsa-miR-124-3p,FRMD8
hsa-miR-124-3p,TSKU
hsa-miR-124-3p,AMOTL1
hsa-miR-124-3p,LMO3
hsa-miR-124-3p,GXYLT1
hsa-miR-124-3p,ATF7
hsa-miR-124-3p,NEMP1
hsa-miR-124-3p,CDK4
hsa-miR-124-3p,CTDSP2
hsa-miR-124-3p,NAP1L1
hsa-miR-124-3p,OSBPL8
hsa-miR-124-3p,CLIP1
hsa-miR-124-3p,WNK1
hsa-miR-124-3p,CCND2
hsa-miR-124-3p,ELK3
hsa-miR-124-3p,SLC7A1
hsa-miR-124-3p,KPNA3
hsa-miR-124-3p,COL4A1
hsa-miR-124-3p,L2HGDH
hsa-miR-124-3p,SIX4
hsa-miR-124-3p,ZFP36L1
hsa-miR-124-3p,IRF2BPL
hsa-miR-124-3p,RCOR1
hsa-miR-124-3p,SPPL2A
hsa-miR-124-3p,SCAMP2
hsa-miR-124-3p,CHSY1
hsa-miR-124-3p,NIPA1
hsa-miR-124-3p,CHP1
hsa-miR-124-3p,BLOC1S6
hsa-miR-124-3p,IQGAP1
hsa-miR-124-3p,FURIN
hsa-miR-124-3p,GGA2
hsa-miR-124-3p,RANBP10
hsa-miR-124-3p,CBFB
hsa-miR-124-3p,NFAT5
hsa-miR-124-3p,ATMIN
hsa-miR-124-3p,PITPNA
hsa-miR-124-3p,CTC1
hsa-miR-124-3p,FLOT2
hsa-miR-124-3p,VAT1
hsa-miR-124-3p,GRB2
hsa-miR-124-3p,ARHGDIA
hsa-miR-124-3p,MAP2K4
hsa-miR-124-3p,TAOK1
hsa-miR-124-3p,ITGA3
hsa-miR-124-3p,SEPTIN9
hsa-miR-124-3p,CBX2
hsa-miR-124-3p,ROCK1
hsa-miR-124-3p,USP14
hsa-miR-124-3p,ANKRD27
hsa-miR-124-3p,CEBPA
hsa-miR-124-3p,CLIP3
hsa-miR-124-3p,SERTAD3
hsa-miR-124-3p,AKT1S1
hsa-miR-124-3p,PTBP1
hsa-miR-124-3p,SCAMP4
hsa-miR-124-3p,NFIX
hsa-miR-124-3p,CAPNS1
hsa-miR-124-3p,MYADM
hsa-miR-124-3p,SOS1
hsa-miR-124-3p,ZFP36L2
hsa-miR-124-3p,STARD7
hsa-miR-124-3p,MGAT4A
hsa-miR-124-3p,SLC35F5
hsa-miR-124-3p,BAZ2B
hsa-miR-124-3p,RBMS1
hsa-miR-124-3p,STK39
hsa-miR-124-3p,RAB10
hsa-miR-124-3p,LCLAT1
hsa-miR-124-3p,SOCS5
hsa-miR-124-3p,MAT2A
hsa-miR-124-3p,LIMS1
hsa-miR-124-3p,BCL2L11
hsa-miR-124-3p,SPOPL
hsa-miR-124-3p,ITPRID2
hsa-miR-124-3p,C2orf69
hsa-miR-124-3p,NRP2
hsa-miR-124-3p,CTDSP1
hsa-miR-124-3p,RNPEPL1
hsa-miR-124-3p,RRBP1
hsa-miR-124-3p,GSS
hsa-miR-124-3p,TOMM34
hsa-miR-124-3p,TP53INP2
hsa-miR-124-3p,RCAN1
hsa-miR-124-3p,BRWD1
hsa-miR-124-3p,PTTG1IP
hsa-miR-124-3p,PRR14L
hsa-miR-124-3p,MYH9
hsa-miR-124-3p,PLXNB2
hsa-miR-124-3p,PIM3
hsa-miR-124-3p,ADAMTS9
hsa-miR-124-3p,CLDND1
hsa-miR-124-3p,ZBTB11
hsa-miR-124-3p,LRRC58
hsa-miR-124-3p,FSTL1
hsa-miR-124-3p,SERP1
hsa-miR-124-3p,KPNA4
hsa-miR-124-3p,TMEM41A
hsa-miR-124-3p,EDEM1
hsa-miR-124-3p,GNAI2
hsa-miR-124-3p,SLC25A36
hsa-miR-124-3p,FXR1
hsa-miR-124-3p,CHIC2
hsa-miR-124-3p,G3BP2
hsa-miR-124-3p,ANXA5
hsa-miR-124-3p,TADA2B
hsa-miR-124-3p,LIMCH1
hsa-miR-124-3p,SMARCAD1
hsa-miR-124-3p,PALLD
hsa-miR-124-3p,MYO10
hsa-miR-124-3p,DAB2
hsa-miR-124-3p,CHD1
hsa-miR-124-3p,KIF3A
hsa-miR-124-3p,AFF4
hsa-miR-124-3p,PCDH1
hsa-miR-124-3p,NR3C1
hsa-miR-124-3p,ADAM19
hsa-miR-124-3p,TBC1D9B
hsa-miR-124-3p,AHRR
hsa-miR-124-3p,PDCD6-AHRR
hsa-miR-124-3p,KIF2A
hsa-miR-124-3p,PAM
hsa-miR-124-3p,SMAD5
hsa-miR-124-3p,NDFIP1
hsa-miR-124-3p,G3BP1
hsa-miR-124-3p,GALNT10
hsa-miR-124-3p,STK38
hsa-miR-124-3p,ELOVL5
hsa-miR-124-3p,SLC17A5
hsa-miR-124-3p,COL12A1
hsa-miR-124-3p,CD164
hsa-miR-124-3p,RREB1
hsa-miR-124-3p,HIVEP1
hsa-miR-124-3p,MYLIP
hsa-miR-124-3p,PIM1
hsa-miR-124-3p,SLC29A1
hsa-miR-124-3p,ARFGEF3
hsa-miR-124-3p,QKI
hsa-miR-124-3p,SYPL1
hsa-miR-124-3p,CREB3L2
hsa-miR-124-3p,EIF3B
hsa-miR-124-3p,AHR
hsa-miR-124-3p,RALA
hsa-miR-124-3p,PTPN12
hsa-miR-124-3p,CAV1
hsa-miR-124-3p,CALU
hsa-miR-124-3p,GSTK1
hsa-miR-124-3p,LONRF1
hsa-miR-124-3p,SNAI2
hsa-miR-124-3p,BPNT2
hsa-miR-124-3p,SNX16
hsa-miR-124-3p,TP53INP1
hsa-miR-124-3p,PLEC
hsa-miR-124-3p,AK3
hsa-miR-124-3p,PTPRD
hsa-miR-124-3p,MLLT3
hsa-miR-124-3p,B4GALT1
hsa-miR-124-3p,TLN1
hsa-miR-124-3p,GAS1
hsa-miR-124-3p,SPTLC1
hsa-miR-124-3p,ABCA1
hsa-miR-124-3p,KLF4
hsa-miR-124-3p,PTBP3
hsa-miR-124-3p,NIBAN2
hsa-miR-124-3p,RAPGEF1
hsa-miR-124-3p,TLE4
hsa-miR-124-3p,MAGT1
hsa-miR-124-3p,DDX3X
hsa-miR-124-3p,YIPF6
hsa-miR-124-3p,CHIC1
hsa-miR-124-3p,FAM199X
hsa-miR-124-3p,STK26
hsa-miR-124-3p,PHF6
hsa-miR-124-3p,RTL8C
hsa-miR-125a-5p,PHC2
hsa-miR-125a-5p,MTF1
hsa-miR-125a-5p,DRAM2
hsa-miR-125a-5p,MCL1
hsa-miR-125a-5p,CDC42SE1
hsa-miR-125a-5p,ZNF281
hsa-miR-125a-5p,SELENON
hsa-miR-125a-5p,OSBPL9
hsa-miR-125a-5p,BTG2
hsa-miR-125a-5p,LIPA
hsa-miR-125a-5p,SGPL1
hsa-miR-125a-5p,SYVN1
hsa-miR-125a-5p,KLC2
hsa-miR-125a-5p,MLF2
hsa-miR-125a-5p,NCKAP5L
hsa-miR-125a-5p,BAZ2A
hsa-miR-125a-5p,COPZ1
hsa-miR-125a-5p,ESYT1
hsa-miR-125a-5p,MSRB3
hsa-miR-125a-5p,TXNRD1
hsa-miR-125a-5p,CHAMP1
hsa-miR-125a-5p,PPP4R3A
hsa-miR-125a-5p,WARS1
hsa-miR-125a-5p,KHNYN
hsa-miR-125a-5p,SLC39A9
hsa-miR-125a-5p,ZSCAN29
hsa-miR-125a-5p,OAZ2
hsa-miR-125a-5p,ANPEP
hsa-miR-125a-5p,RAB8B
hsa-miR-125a-5p,ARID3B
hsa-miR-125a-5p,SMG1
hsa-miR-125a-5p,GGA2
hsa-miR-125a-5p,CDH5
hsa-miR-125a-5p,CBFB
hsa-miR-125a-5p,IST1
hsa-miR-125a-5p,STAT3
hsa-miR-125a-5p,DUS1L
hsa-miR-125a-5p,PAFAH1B1
hsa-miR-125a-5p,PCTP
hsa-miR-125a-5p,CDR2L
hsa-miR-125a-5p,VPS4B
hsa-miR-125a-5p,IER2
hsa-miR-125a-5p,BCL2L12
hsa-miR-125a-5p,ZNF460
hsa-miR-125a-5p,TGOLN2
hsa-miR-125a-5p,SEMA4C
hsa-miR-125a-5p,GLS
hsa-miR-125a-5p,RETREG2
hsa-miR-125a-5p,BRWD1
hsa-miR-125a-5p,NUP210
hsa-miR-125a-5p,SLC26A6
hsa-miR-125a-5p,BRPF1
hsa-miR-125a-5p,FNDC3B
hsa-miR-125a-5p,SCARB2
hsa-miR-125a-5p,RUFY3
hsa-miR-125a-5p,ZSWIM6
hsa-miR-125a-5p,LNPEP
hsa-miR-125a-5p,PRRC1
hsa-miR-125a-5p,SLC35A4
hsa-miR-125a-5p,GTPBP2
hsa-miR-125a-5p,RREB1
hsa-miR-125a-5p,E2F3
hsa-miR-125a-5p,LIN28B
hsa-miR-125a-5p,PRDM1
hsa-miR-125a-5p,LFNG
hsa-miR-125a-5p,MFHAS1
hsa-miR-125a-5p,MTUS1
hsa-miR-125a-5p,TP53INP1
hsa-miR-125a-5p,B4GALT1
hsa-miR-125a-5p,SEMA4D
hsa-miR-125a-5p,MEGF9
hsa-miR-125a-5p,TOR2A
hsa-miR-125a-5p,GPR107
hsa-miR-125a-5p,DYNLT3
hsa-miR-125a-5p,FMR1
hsa-miR-125b-5p,PHC2
hsa-miR-125b-5p,MTF1
hsa-miR-125b-5p,DRAM2
hsa-miR-125b-5p,MCL1
hsa-miR-125b-5p,CDC42SE1
hsa-miR-125b-5p,ZNF281
hsa-miR-125b-5p,SELENON
hsa-miR-125b-5p,OSBPL9
hsa-miR-125b-5p,BTG2
hsa-miR-125b-5p,LIPA
hsa-miR-125b-5p,SGPL1
hsa-miR-125b-5p,SYVN1
hsa-miR-125b-5p,KLC2
hsa-miR-125b-5p,MLF2
hsa-miR-125b-5p,NCKAP5L
hsa-miR-125b-5p,BAZ2A
hsa-miR-125b-5p,COPZ1
hsa-miR-125b-5p,ESYT1
hsa-miR-125b-5p,MSRB3
hsa-miR-125b-5p,TXNRD1
hsa-miR-125b-5p,SLC7A1
hsa-miR-125b-5p,CHAMP1
hsa-miR-125b-5p,PPP4R3A
hsa-miR-125b-5p,WARS1
hsa-miR-125b-5p,KHNYN
hsa-miR-125b-5p,SLC39A9
hsa-miR-125b-5p,ZSCAN29
hsa-miR-125b-5p,OAZ2
hsa-miR-125b-5p,ANPEP
hsa-miR-125b-5p,RAB8B
hsa-miR-125b-5p,ARID3B
hsa-miR-125b-5p,SMG1
hsa-miR-125b-5p,GGA2
hsa-miR-125b-5p,CDH5
hsa-miR-125b-5p,CBFB
hsa-miR-125b-5p,IST1
hsa-miR-125b-5p,STAT3
hsa-miR-125b-5p,DUS1L
hsa-miR-125b-5p,PAFAH1B1
hsa-miR-125b-5p,PCTP
hsa-miR-125b-5p,CDR2L
hsa-miR-125b-5p,VPS4B
hsa-miR-125b-5p,IER2
hsa-miR-125b-5p,BCL2L12
hsa-miR-125b-5p,ZNF460
hsa-miR-125b-5p,TGOLN2
hsa-miR-125b-5p,SEMA4C
hsa-miR-125b-5p,GLS
hsa-miR-125b-5p,RETREG2
hsa-miR-125b-5p,BRWD1
hsa-miR-125b-5p,NUP210
hsa-miR-125b-5p,SLC26A6
hsa-miR-125b-5p,BRPF1
hsa-miR-125b-5p,FNDC3B
hsa-miR-125b-5p,SCARB2
hsa-miR-125b-5p,RUFY3
hsa-miR-125b-5p,ZSWIM6
hsa-miR-125b-5p,LNPEP
hsa-miR-125b-5p,PRRC1
hsa-miR-125b-5p,SLC35A4
hsa-miR-125b-5p,GTPBP2
hsa-miR-125b-5p,RREB1
hsa-miR-125b-5p,E2F3
hsa-miR-125b-5p,LIN28B
hsa-miR-125b-5p,PRDM1
hsa-miR-125b-5p,LFNG
hsa-miR-125b-5p,MFHAS1
hsa-miR-125b-5p,MTUS1
hsa-miR-125b-5p,TP53INP1
hsa-miR-125b-5p,B4GALT1
hsa-miR-125b-5p,SEMA4D
hsa-miR-125b-5p,MEGF9
hsa-miR-125b-5p,TOR2A
hsa-miR-125b-5p,GPR107
hsa-miR-125b-5p,DYNLT3
hsa-miR-125b-5p,FMR1
hsa-miR-126-3p,HERPUD1
hsa-miR-126-3p,PLXNB2
hsa-miR-1271-5p,GNG12
hsa-miR-1271-5p,DDAH1
hsa-miR-1271-5p,CNN3
hsa-miR-1271-5p,SLC39A1
hsa-miR-1271-5p,AL358472.7
hsa-miR-1271-5p,SHC1
hsa-miR-1271-5p,ASH1L
hsa-miR-1271-5p,VAMP3
hsa-miR-1271-5p,SPEN
hsa-miR-1271-5p,UCK2
hsa-miR-1271-5p,LAMC1
hsa-miR-1271-5p,RGS2
hsa-miR-1271-5p,NEK7
hsa-miR-1271-5p,ATP2B4
hsa-miR-1271-5p,GALNT2
hsa-miR-1271-5p,KIF5B
hsa-miR-1271-5p,JMJD1C
hsa-miR-1271-5p,ZEB1
hsa-miR-1271-5p,VCL
hsa-miR-1271-5p,SLF2
hsa-miR-1271-5p,TCF7L2
hsa-miR-1271-5p,INPP5A
hsa-miR-1271-5p,PIK3C2A
hsa-miR-1271-5p,CELF1
hsa-miR-1271-5p,ZDHHC5
hsa-miR-1271-5p,CTNND1
hsa-miR-1271-5p,AP001931.2
hsa-miR-1271-5p,TSKU
hsa-miR-1271-5p,NTN4
hsa-miR-1271-5p,TMBIM6
hsa-miR-1271-5p,MFSD5
hsa-miR-1271-5p,FRS2
hsa-miR-1271-5p,NHLRC3
hsa-miR-1271-5p,MBNL2
hsa-miR-1271-5p,ZIC2
hsa-miR-1271-5p,ZFP36L1
hsa-miR-1271-5p,EIF5
hsa-miR-1271-5p,MORF4L1
hsa-miR-1271-5p,JPT2
hsa-miR-1271-5p,TNRC6A
hsa-miR-1271-5p,GAN
hsa-miR-1271-5p,FAM222B
hsa-miR-1271-5p,MED1
hsa-miR-1271-5p,VAT1
hsa-miR-1271-5p,PPP1R9B
hsa-miR-1271-5p,AP2B1
hsa-miR-1271-5p,KPNB1
hsa-miR-1271-5p,PRKAR1A
hsa-miR-1271-5p,SMAD7
hsa-miR-1271-5p,ANKRD27
hsa-miR-1271-5p,PLPPR2
hsa-miR-1271-5p,SIN3B
hsa-miR-1271-5p,CAPNS1
hsa-miR-1271-5p,PPP3R1
hsa-miR-1271-5p,STARD7
hsa-miR-1271-5p,STK17B
hsa-miR-1271-5p,FN1
hsa-miR-1271-5p,YIPF4
hsa-miR-1271-5p,PRKCE
hsa-miR-1271-5p,MAP4K4
hsa-miR-1271-5p,ELMO2
hsa-miR-1271-5p,ZCCHC3
hsa-miR-1271-5p,TRIB3
hsa-miR-1271-5p,SLC12A5
hsa-miR-1271-5p,BRWD1
hsa-miR-1271-5p,SH3BP5
hsa-miR-1271-5p,CSRNP1
hsa-miR-1271-5p,AMOTL2
hsa-miR-1271-5p,MBNL1
hsa-miR-1271-5p,FNDC3B
hsa-miR-1271-5p,FXR1
hsa-miR-1271-5p,PDGFRA
hsa-miR-1271-5p,SEPTIN11
hsa-miR-1271-5p,CCNG2
hsa-miR-1271-5p,FBXW11
hsa-miR-1271-5p,BASP1
hsa-miR-1271-5p,CCNG1
hsa-miR-1271-5p,ATXN1
hsa-miR-1271-5p,CD164
hsa-miR-1271-5p,FOXQ1
hsa-miR-1271-5p,FOXF2
hsa-miR-1271-5p,BRPF3
hsa-miR-1271-5p,HOXA9
hsa-miR-1271-5p,TNS3
hsa-miR-1271-5p,DOCK4
hsa-miR-1271-5p,CREB3L2
hsa-miR-1271-5p,MFHAS1
hsa-miR-1271-5p,CTSB
hsa-miR-1271-5p,AZIN1
hsa-miR-1271-5p,ZHX1
hsa-miR-1271-5p,CYRIB
hsa-miR-1271-5p,PLPBP
hsa-miR-1271-5p,TACC1
hsa-miR-1271-5p,SGK3
hsa-miR-1271-5p,ZFHX4
hsa-miR-1271-5p,ZFAND5
hsa-miR-1271-5p,ABCA2
hsa-miR-1271-5p,VLDLR
hsa-miR-1271-5p,SPIN1
hsa-miR-1271-5p,SLC25A25
hsa-miR-1271-5p,MORF4L2
hsa-miR-1271-5p,TSC22D3
hsa-miR-1271-5p,SLITRK4
hsa-miR-1271-5p,MSN
hsa-miR-1271-5p,FHL1
hsa-miR-128-3p,RERE
hsa-miR-128-3p,ECE1
hsa-miR-128-3p,AK2
hsa-miR-128-3p,PHC2
hsa-miR-128-3p,ZZZ3
hsa-miR-128-3p,DDAH1
hsa-miR-128-3p,F3
hsa-miR-128-3p,CNN3
hsa-miR-128-3p,RSBN1
hsa-miR-128-3p,IGSF3
hsa-miR-128-3p,TXNIP
hsa-miR-128-3p,POGZ
hsa-miR-128-3p,CCT3
hsa-miR-128-3p,GPATCH2
hsa-miR-128-3p,ARID4B
hsa-miR-128-3p,SZRD1
hsa-miR-128-3p,PITHD1
hsa-miR-128-3p,PNRC2
hsa-miR-128-3p,AKIRIN1
hsa-miR-128-3p,CSF1
hsa-miR-128-3p,CAPZA1
hsa-miR-128-3p,PHGDH
hsa-miR-128-3p,SUCO
hsa-miR-128-3p,RO60
hsa-miR-128-3p,BTG2
hsa-miR-128-3p,ARHGAP12
hsa-miR-128-3p,HNRNPF
hsa-miR-128-3p,JMJD1C
hsa-miR-128-3p,SAR1A
hsa-miR-128-3p,GPAM
hsa-miR-128-3p,MLLT10
hsa-miR-128-3p,BMI1
hsa-miR-128-3p,UBE2D1
hsa-miR-128-3p,VCL
hsa-miR-128-3p,SHOC2
hsa-miR-128-3p,LIN7C
hsa-miR-128-3p,DDX6
hsa-miR-128-3p,TUB
hsa-miR-128-3p,WEE1
hsa-miR-128-3p,PDHX
hsa-miR-128-3p,KMT2A
hsa-miR-128-3p,H3-5
hsa-miR-128-3p,ADCY6
hsa-miR-128-3p,ZNF385A
hsa-miR-128-3p,ITGA5
hsa-miR-128-3p,CTDSP2
hsa-miR-128-3p,E2F7
hsa-miR-128-3p,CKAP4
hsa-miR-128-3p,PPP1CC
hsa-miR-128-3p,MED13L
hsa-miR-128-3p,FBXO21
hsa-miR-128-3p,SRSF9
hsa-miR-128-3p,WNK1
hsa-miR-128-3p,PDE3A
hsa-miR-128-3p,RESF1
hsa-miR-128-3p,PFKM
hsa-miR-128-3p,DAZAP2
hsa-miR-128-3p,SP1
hsa-miR-128-3p,RAP1B
hsa-miR-128-3p,ULK1
hsa-miR-128-3p,SPRY2
hsa-miR-128-3p,STK24
hsa-miR-128-3p,PDS5B
hsa-miR-128-3p,MCF2L
hsa-miR-128-3p,HECTD1
hsa-miR-128-3p,ZFP36L1
hsa-miR-128-3p,CCNK
hsa-miR-128-3p,EML1
hsa-miR-128-3p,GOLGA8A
hsa-miR-128-3p,UBR1
hsa-miR-128-3p,CTDSPL2
hsa-miR-128-3p,MAPK6
hsa-miR-128-3p,NR2F2
hsa-miR-128-3p,ARRDC4
hsa-miR-128-3p,CDH11
hsa-miR-128-3p,MTSS2
hsa-miR-128-3p,ZFHX3
hsa-miR-128-3p,PPP4C
hsa-miR-128-3p,CBFB
hsa-miR-128-3p,DVL2
hsa-miR-128-3p,MMD
hsa-miR-128-3p,MTMR4
hsa-miR-128-3p,MED13
hsa-miR-128-3p,SMURF2
hsa-miR-128-3p,GRB2
hsa-miR-128-3p,H3-3B
hsa-miR-128-3p,HIC1
hsa-miR-128-3p,WSB1
hsa-miR-128-3p,TAOK1
hsa-miR-128-3p,NF1
hsa-miR-128-3p,SUZ12
hsa-miR-128-3p,LASP1
hsa-miR-128-3p,MSL1
hsa-miR-128-3p,G6PC3
hsa-miR-128-3p,NPEPPS
hsa-miR-128-3p,KPNB1
hsa-miR-128-3p,RPS6KB1
hsa-miR-128-3p,DCAF7
hsa-miR-128-3p,SS18
hsa-miR-128-3p,VPS4B
hsa-miR-128-3p,GATA6
hsa-miR-128-3p,STRN4
hsa-miR-128-3p,ARID3A
hsa-miR-128-3p,PRR12
hsa-miR-128-3p,ITSN2
hsa-miR-128-3p,TGOLN2
hsa-miR-128-3p,RND3
hsa-miR-128-3p,IRS1
hsa-miR-128-3p,SPTBN1
hsa-miR-128-3p,TMSB10
hsa-miR-128-3p,KDM3A
hsa-miR-128-3p,CCNT2
hsa-miR-128-3p,SPOPL
hsa-miR-128-3p,NABP1
hsa-miR-128-3p,FLRT3
hsa-miR-128-3p,PLAGL2
hsa-miR-128-3p,CABLES2
hsa-miR-128-3p,STK35
hsa-miR-128-3p,SNAP25
hsa-miR-128-3p,SLC5A3
hsa-miR-128-3p,MIEF1
hsa-miR-128-3p,ATXN10
hsa-miR-128-3p,ELP6
hsa-miR-128-3p,RYBP
hsa-miR-128-3p,DCBLD2
hsa-miR-128-3p,NAA50
hsa-miR-128-3p,GSK3B
hsa-miR-128-3p,ARL8B
hsa-miR-128-3p,NR1D2
hsa-miR-128-3p,SEC61A1
hsa-miR-128-3p,MME
hsa-miR-128-3p,SMIM14
hsa-miR-128-3p,SETD7
hsa-miR-128-3p,FBXW7
hsa-miR-128-3p,DCUN1D4
hsa-miR-128-3p,PDGFRA
hsa-miR-128-3p,CDS1
hsa-miR-128-3p,KIAA1109
hsa-miR-128-3p,GALNT7
hsa-miR-128-3p,MIER3
hsa-miR-128-3p,PLK2
hsa-miR-128-3p,TRIM23
hsa-miR-128-3p,TMEM167A
hsa-miR-128-3p,AFF4
hsa-miR-128-3p,MACROH2A1
hsa-miR-128-3p,FAM193B
hsa-miR-128-3p,RAI14
hsa-miR-128-3p,TNPO1
hsa-miR-128-3p,LMNB1
hsa-miR-128-3p,SEC24A
hsa-miR-128-3p,PAIP2
hsa-miR-128-3p,CCNG1
hsa-miR-128-3p,PNISR
hsa-miR-128-3p,PLAGL1
hsa-miR-128-3p,FOXQ1
hsa-miR-128-3p,RREB1
hsa-miR-128-3p,E2F3
hsa-miR-128-3p,TMEM151B
hsa-miR-128-3p,BAG2
hsa-miR-128-3p,AMD1
hsa-miR-128-3p,MARCKS
hsa-miR-128-3p,NUS1
hsa-miR-128-3p,SASH1
hsa-miR-128-3p,TNRC18
hsa-miR-128-3p,HOXA9
hsa-miR-128-3p,HOXA10
hsa-miR-128-3p,ZNF800
hsa-miR-128-3p,KMT2C
hsa-miR-128-3p,RSBN1L
hsa-miR-128-3p,LMTK2
hsa-miR-128-3p,MET
hsa-miR-128-3p,CTSB
hsa-miR-128-3p,LONRF1
hsa-miR-128-3p,MYBL1
hsa-miR-128-3p,ARFGEF1
hsa-miR-128-3p,UBR5
hsa-miR-128-3p,LRATD2
hsa-miR-128-3p,ASAP1
hsa-miR-128-3p,AGO2
hsa-miR-128-3p,TCIM
hsa-miR-128-3p,PKIA
hsa-miR-128-3p,LAPTM4B
hsa-miR-128-3p,EFR3A
hsa-miR-128-3p,RNF38
hsa-miR-128-3p,GOLM1
hsa-miR-128-3p,KLF4
hsa-miR-128-3p,FAM102A
hsa-miR-128-3p,NRARP
hsa-miR-128-3p,SMARCA2
hsa-miR-128-3p,TGFBR1
hsa-miR-128-3p,ZNF618
hsa-miR-128-3p,MVB12B
hsa-miR-128-3p,FUBP3
hsa-miR-128-3p,MED14
hsa-miR-128-3p,COX7B
hsa-miR-128-3p,BEX3
hsa-miR-128-3p,BCORL1
hsa-miR-129-5p,CAMK2N1
hsa-miR-129-5p,EIF4G3
hsa-miR-129-5p,ZNF281
hsa-miR-129-5p,KPNA6
hsa-miR-129-5p,HIPK1
hsa-miR-129-5p,KCNK1
hsa-miR-129-5p,SEPHS1
hsa-miR-129-5p,TASOR2
hsa-miR-129-5p,FAM160B1
hsa-miR-129-5p,CELF1
hsa-miR-129-5p,SESN3
hsa-miR-129-5p,ETS1
hsa-miR-129-5p,IPO7
hsa-miR-129-5p,KDM2A
hsa-miR-129-5p,PPP1R12A
hsa-miR-129-5p,CKAP4
hsa-miR-129-5p,MED13L
hsa-miR-129-5p,SLC7A1
hsa-miR-129-5p,PCDH8
hsa-miR-129-5p,ZFP36L1
hsa-miR-129-5p,IRF2BPL
hsa-miR-129-5p,ZNF410
hsa-miR-129-5p,AC005520.1
hsa-miR-129-5p,NRXN3
hsa-miR-129-5p,CALM1
hsa-miR-129-5p,CTDSPL2
hsa-miR-129-5p,MINDY2
hsa-miR-129-5p,MEF2A
hsa-miR-129-5p,GLYR1
hsa-miR-129-5p,ZFHX3
hsa-miR-129-5p,PDPK1
hsa-miR-129-5p,TNRC6A
hsa-miR-129-5p,TENT4B
hsa-miR-129-5p,CMIP
hsa-miR-129-5p,GSE1
hsa-miR-129-5p,COL1A1
hsa-miR-129-5p,APPBP2
hsa-miR-129-5p,SUMO2
hsa-miR-129-5p,CBX4
hsa-miR-129-5p,CLTC
hsa-miR-129-5p,RPS6KB1
hsa-miR-129-5p,ROCK1
hsa-miR-129-5p,CDH2
hsa-miR-129-5p,TCF4
hsa-miR-129-5p,TMX3
hsa-miR-129-5p,SMCHD1
hsa-miR-129-5p,GALNT1
hsa-miR-129-5p,ACTN4
hsa-miR-129-5p,ZFP36L2
hsa-miR-129-5p,NRXN1
hsa-miR-129-5p,RBMS1
hsa-miR-129-5p,SP3
hsa-miR-129-5p,SOX11
hsa-miR-129-5p,RAB10
hsa-miR-129-5p,PTPN4
hsa-miR-129-5p,HNRNPA3
hsa-miR-129-5p,BMPR2
hsa-miR-129-5p,CAB39
hsa-miR-129-5p,PTMA
hsa-miR-129-5p,MAPRE1
hsa-miR-129-5p,YWHAB
hsa-miR-129-5p,RBFOX2
hsa-miR-129-5p,HIC2
hsa-miR-129-5p,NUP50
hsa-miR-129-5p,WNT5A
hsa-miR-129-5p,CD47
hsa-miR-129-5p,ZBTB20
hsa-miR-129-5p,GSK3B
hsa-miR-129-5p,CNBP
hsa-miR-129-5p,AMOTL2
hsa-miR-129-5p,SEC61A1
hsa-miR-129-5p,MBNL1
hsa-miR-129-5p,FNDC3B
hsa-miR-129-5p,SLBP
hsa-miR-129-5p,PDS5A
hsa-miR-129-5p,ELF2
hsa-miR-129-5p,PPP2CA
hsa-miR-129-5p,YIPF5
hsa-miR-129-5p,ZSWIM6
hsa-miR-129-5p,TNPO1
hsa-miR-129-5p,FCHO2
hsa-miR-129-5p,CAST
hsa-miR-129-5p,PURA
hsa-miR-129-5p,LARP1
hsa-miR-129-5p,PHIP
hsa-miR-129-5p,RRAGD
hsa-miR-129-5p,MAN1A1
hsa-miR-129-5p,SOX4
hsa-miR-129-5p,FOXP4
hsa-miR-129-5p,PTP4A1
hsa-miR-129-5p,AL135905.2
hsa-miR-129-5p,GLCCI1
hsa-miR-129-5p,PABPC1
hsa-miR-129-5p,LRP12
hsa-miR-129-5p,UBE2V2
hsa-miR-129-5p,CHD7
hsa-miR-129-5p,ZBTB10
hsa-miR-129-5p,OXR1
hsa-miR-129-5p,NFIB
hsa-miR-129-5p,VCP
hsa-miR-129-5p,RNF38
hsa-miR-129-5p,HNRNPK
hsa-miR-129-5p,SH3KBP1
hsa-miR-129-5p,KLHL15
hsa-miR-129-5p,USP9X
hsa-miR-129-5p,DDX3X
hsa-miR-1297,CASZ1
hsa-miR-1297,EPHA2
hsa-miR-1297,STMN1
hsa-miR-1297,ATPAF1
hsa-miR-1297,SERBP1
hsa-miR-1297,SSX2IP
hsa-miR-1297,MCL1
hsa-miR-1297,SLC19A2
hsa-miR-1297,EDEM3
hsa-miR-1297,PPP1R15B
hsa-miR-1297,ZDHHC18
hsa-miR-1297,KPNA6
hsa-miR-1297,RLF
hsa-miR-1297,MFSD14A
hsa-miR-1297,AC118553.2
hsa-miR-1297,SLC30A7
hsa-miR-1297,CAPZA1
hsa-miR-1297,ATP1A2
hsa-miR-1297,CEP350
hsa-miR-1297,FLVCR1
hsa-miR-1297,RHOU
hsa-miR-1297,KCNK1
hsa-miR-1297,ZBTB18
hsa-miR-1297,ACBD5
hsa-miR-1297,FRAT2
hsa-miR-1297,ERLIN1
hsa-miR-1297,BLOC1S2
hsa-miR-1297,ZDHHC6
hsa-miR-1297,SHTN1
hsa-miR-1297,ARL5B
hsa-miR-1297,UBE2D1
hsa-miR-1297,REEP3
hsa-miR-1297,PTEN
hsa-miR-1297,TNKS2
hsa-miR-1297,EIF4G2
hsa-miR-1297,CELF1
hsa-miR-1297,EHD1
hsa-miR-1297,CREBZF
hsa-miR-1297,CHORDC1
hsa-miR-1297,HSPA8
hsa-miR-1297,ADM
hsa-miR-1297,PDHX
hsa-miR-1297,SLC2A3
hsa-miR-1297,C2CD5
hsa-miR-1297,SLC38A2
hsa-miR-1297,ITGA5
hsa-miR-1297,ANKRD52
hsa-miR-1297,ZFC3H1
hsa-miR-1297,E2F7
hsa-miR-1297,NTN4
hsa-miR-1297,CORO1C
hsa-miR-1297,WNK1
hsa-miR-1297,CCND2
hsa-miR-1297,CREBL2
hsa-miR-1297,KLHL42
hsa-miR-1297,LARP4
hsa-miR-1297,SRGAP1
hsa-miR-1297,HMGA2
hsa-miR-1297,RAB21
hsa-miR-1297,METAP2
hsa-miR-1297,ULK1
hsa-miR-1297,EP400
hsa-miR-1297,SACS
hsa-miR-1297,RNF6
hsa-miR-1297,MAB21L1
hsa-miR-1297,ZIC5
hsa-miR-1297,GNPNAT1
hsa-miR-1297,GMFB
hsa-miR-1297,STYX
hsa-miR-1297,ZNF410
hsa-miR-1297,AC005520.1
hsa-miR-1297,RCOR1
hsa-miR-1297,COPS2
hsa-miR-1297,ARPP19
hsa-miR-1297,COX5A
hsa-miR-1297,CHSY1
hsa-miR-1297,NIPA1
hsa-miR-1297,FAM98B
hsa-miR-1297,CHAC1
hsa-miR-1297,RCN2
hsa-miR-1297,ANKRD11
hsa-miR-1297,TNRC6A
hsa-miR-1297,FBXL19
hsa-miR-1297,C16orf70
hsa-miR-1297,SSH2
hsa-miR-1297,LSM12
hsa-miR-1297,TOB1
hsa-miR-1297,HELZ
hsa-miR-1297,NLK
hsa-miR-1297,CDK5R1
hsa-miR-1297,CDC6
hsa-miR-1297,DCAF7
hsa-miR-1297,KPNA2
hsa-miR-1297,TNRC6C
hsa-miR-1297,CDH2
hsa-miR-1297,ZNF516
hsa-miR-1297,MIB1
hsa-miR-1297,C18orf25
hsa-miR-1297,PMAIP1
hsa-miR-1297,MKNK2
hsa-miR-1297,CHAF1A
hsa-miR-1297,HNRNPUL1
hsa-miR-1297,FBXO11
hsa-miR-1297,PPP3R1
hsa-miR-1297,FAM136A
hsa-miR-1297,CACNB4
hsa-miR-1297,SOCS5
hsa-miR-1297,SPTBN1
hsa-miR-1297,PEX13
hsa-miR-1297,TET3
hsa-miR-1297,MAT2A
hsa-miR-1297,EPC2
hsa-miR-1297,ARL6IP6
hsa-miR-1297,UBR3
hsa-miR-1297,MTX2
hsa-miR-1297,NAB1
hsa-miR-1297,NABP1
hsa-miR-1297,ACSL3
hsa-miR-1297,ZNF217
hsa-miR-1297,HSPA13
hsa-miR-1297,APP
hsa-miR-1297,BRWD1
hsa-miR-1297,CXADR
hsa-miR-1297,AGPAT3
hsa-miR-1297,TMEM184B
hsa-miR-1297,EP300
hsa-miR-1297,VGLL4
hsa-miR-1297,CLASP2
hsa-miR-1297,TASOR
hsa-miR-1297,DCBLD2
hsa-miR-1297,GSK3B
hsa-miR-1297,OSBPL11
hsa-miR-1297,TMCC1
hsa-miR-1297,PLOD2
hsa-miR-1297,SERP1
hsa-miR-1297,NCEH1
hsa-miR-1297,ITPR1
hsa-miR-1297,BHLHE40
hsa-miR-1297,ZBTB38
hsa-miR-1297,NAP1L5
hsa-miR-1297,EIF4E
hsa-miR-1297,SLC7A11
hsa-miR-1297,OTUD4
hsa-miR-1297,SH3D19
hsa-miR-1297,SH3RF1
hsa-miR-1297,CPEB2
hsa-miR-1297,UBE2K
hsa-miR-1297,TMEM33
hsa-miR-1297,SMAD1
hsa-miR-1297,FAM160A1
hsa-miR-1297,MSMO1
hsa-miR-1297,MIER3
hsa-miR-1297,DEPDC1B
hsa-miR-1297,CHD1
hsa-miR-1297,PJA2
hsa-miR-1297,FNIP1
hsa-miR-1297,VDAC1
hsa-miR-1297,ETF1
hsa-miR-1297,ADAM19
hsa-miR-1297,UBTD2
hsa-miR-1297,BOD1
hsa-miR-1297,ICE1
hsa-miR-1297,ZSWIM6
hsa-miR-1297,MAP1B
hsa-miR-1297,TNPO1
hsa-miR-1297,POLR3G
hsa-miR-1297,MATR3
hsa-miR-1297,PURA
hsa-miR-1297,GALNT10
hsa-miR-1297,LARP1
hsa-miR-1297,CREBRF
hsa-miR-1297,SFXN1
hsa-miR-1297,RANBP9
hsa-miR-1297,NUP153
hsa-miR-1297,CCN2
hsa-miR-1297,JARID2
hsa-miR-1297,HMGA1
hsa-miR-1297,PIM1
hsa-miR-1297,PTP4A1
hsa-miR-1297,AL135905.2
hsa-miR-1297,PNRC1
hsa-miR-1297,NUS1
hsa-miR-1297,CCDC28A
hsa-miR-1297,HOXA5
hsa-miR-1297,HOXA9
hsa-miR-1297,BCL7B
hsa-miR-1297,HGF
hsa-miR-1297,MTPN
hsa-miR-1297,KMT2C
hsa-miR-1297,TMEM106B
hsa-miR-1297,POM121
hsa-miR-1297,PHTF2
hsa-miR-1297,ANKIB1
hsa-miR-1297,COL1A2
hsa-miR-1297,MFHAS1
hsa-miR-1297,PSD3
hsa-miR-1297,REEP4
hsa-miR-1297,LOXL2
hsa-miR-1297,GSR
hsa-miR-1297,RAB11FIP1
hsa-miR-1297,UBE2W
hsa-miR-1297,TP53INP1
hsa-miR-1297,CYRIB
hsa-miR-1297,ADAM9
hsa-miR-1297,YTHDF3
hsa-miR-1297,MTDH
hsa-miR-1297,PHF20L1
hsa-miR-1297,B4GALT1
hsa-miR-1297,CEMIP2
hsa-miR-1297,RFK
hsa-miR-1297,FBXW2
hsa-miR-1297,CAMSAP1
hsa-miR-1297,VLDLR
hsa-miR-1297,NEK6
hsa-miR-1297,RAP2C
hsa-miR-1297,ATP11C
hsa-miR-1297,DDX3X
hsa-miR-1297,PHF6
hsa-miR-130a-3p,RPA2
hsa-miR-130a-3p,EPS15
hsa-miR-130a-3p,DEPDC1
hsa-miR-130a-3p,USP33
hsa-miR-130a-3p,F3
hsa-miR-130a-3p,TXNIP
hsa-miR-130a-3p,DCAF8
hsa-miR-130a-3p,DEDD
hsa-miR-130a-3p,STX6
hsa-miR-130a-3p,PPP1R15B
hsa-miR-130a-3p,LBR
hsa-miR-130a-3p,ARID4B
hsa-miR-130a-3p,CLCN6
hsa-miR-130a-3p,VPS13D
hsa-miR-130a-3p,SZRD1
hsa-miR-130a-3p,PDIK1L
hsa-miR-130a-3p,STX12
hsa-miR-130a-3p,AGO4
hsa-miR-130a-3p,AGO1
hsa-miR-130a-3p,CMPK1
hsa-miR-130a-3p,BTF3L4
hsa-miR-130a-3p,ZFYVE9
hsa-miR-130a-3p,MIER1
hsa-miR-130a-3p,MIGA1
hsa-miR-130a-3p,RTCA
hsa-miR-130a-3p,S1PR1
hsa-miR-130a-3p,CSF1
hsa-miR-130a-3p,PDE4DIP
hsa-miR-130a-3p,ZBTB7B
hsa-miR-130a-3p,SLC25A44
hsa-miR-130a-3p,KLHL20
hsa-miR-130a-3p,LAMC1
hsa-miR-130a-3p,RO60
hsa-miR-130a-3p,FBXO28
hsa-miR-130a-3p,ZBTB18
hsa-miR-130a-3p,KLF6
hsa-miR-130a-3p,SKIDA1
hsa-miR-130a-3p,ACBD5
hsa-miR-130a-3p,ARHGAP12
hsa-miR-130a-3p,NRP1
hsa-miR-130a-3p,CCDC6
hsa-miR-130a-3p,PSAP
hsa-miR-130a-3p,NRBF2
hsa-miR-130a-3p,PTEN
hsa-miR-130a-3p,SLF2
hsa-miR-130a-3p,TMEM9B
hsa-miR-130a-3p,SBF2
hsa-miR-130a-3p,SPTY2D1
hsa-miR-130a-3p,FOSL1
hsa-miR-130a-3p,SHANK2
hsa-miR-130a-3p,NPAT
hsa-miR-130a-3p,RDX
hsa-miR-130a-3p,DDX6
hsa-miR-130a-3p,USP47
hsa-miR-130a-3p,ZFP91
hsa-miR-130a-3p,KDM2A
hsa-miR-130a-3p,PPP6R3
hsa-miR-130a-3p,KMT2A
hsa-miR-130a-3p,ARHGEF12
hsa-miR-130a-3p,CAPRIN2
hsa-miR-130a-3p,ANKRD52
hsa-miR-130a-3p,PTGES3
hsa-miR-130a-3p,E2F7
hsa-miR-130a-3p,BTG1
hsa-miR-130a-3p,CLIP1
hsa-miR-130a-3p,UBC
hsa-miR-130a-3p,WNK1
hsa-miR-130a-3p,RAB5B
hsa-miR-130a-3p,ERBB3
hsa-miR-130a-3p,MLEC
hsa-miR-130a-3p,SPART
hsa-miR-130a-3p,TSC22D1
hsa-miR-130a-3p,ZIC5
hsa-miR-130a-3p,PAN3
hsa-miR-130a-3p,LRCH1
hsa-miR-130a-3p,SLAIN1
hsa-miR-130a-3p,ATP11A
hsa-miR-130a-3p,PIP4P1
hsa-miR-130a-3p,HECTD1
hsa-miR-130a-3p,EGLN3
hsa-miR-130a-3p,FERMT2
hsa-miR-130a-3p,CNIH1
hsa-miR-130a-3p,GMFB
hsa-miR-130a-3p,ZFYVE26
hsa-miR-130a-3p,MAP3K9
hsa-miR-130a-3p,ITPK1
hsa-miR-130a-3p,BTBD7
hsa-miR-130a-3p,DICER1
hsa-miR-130a-3p,ATG2B
hsa-miR-130a-3p,FRMD6
hsa-miR-130a-3p,SMOC1
hsa-miR-130a-3p,RBM25
hsa-miR-130a-3p,SECISBP2L
hsa-miR-130a-3p,NPTN
hsa-miR-130a-3p,TSPAN3
hsa-miR-130a-3p,NIPA1
hsa-miR-130a-3p,ARL6IP1
hsa-miR-130a-3p,DYNC1LI2
hsa-miR-130a-3p,ZCCHC14
hsa-miR-130a-3p,TNRC6A
hsa-miR-130a-3p,CHD9
hsa-miR-130a-3p,CBFB
hsa-miR-130a-3p,C16orf70
hsa-miR-130a-3p,ANKFY1
hsa-miR-130a-3p,ZBTB4
hsa-miR-130a-3p,RASD1
hsa-miR-130a-3p,RAB34
hsa-miR-130a-3p,PHF12
hsa-miR-130a-3p,STAT3
hsa-miR-130a-3p,GPATCH8
hsa-miR-130a-3p,HOXB3
hsa-miR-130a-3p,TRIM37
hsa-miR-130a-3p,USP32
hsa-miR-130a-3p,SMARCD2
hsa-miR-130a-3p,FAM104A
hsa-miR-130a-3p,SRSF2
hsa-miR-130a-3p,TIMP2
hsa-miR-130a-3p,PAFAH1B1
hsa-miR-130a-3p,AKAP1
hsa-miR-130a-3p,DYNLL2
hsa-miR-130a-3p,CLTC
hsa-miR-130a-3p,VMP1
hsa-miR-130a-3p,SPIRE1
hsa-miR-130a-3p,IER3IP1
hsa-miR-130a-3p,DSEL
hsa-miR-130a-3p,RAB12
hsa-miR-130a-3p,MTCL1
hsa-miR-130a-3p,RBBP8
hsa-miR-130a-3p,TSHZ1
hsa-miR-130a-3p,MEX3D
hsa-miR-130a-3p,PPP6R1
hsa-miR-130a-3p,THOP1
hsa-miR-130a-3p,LDLR
hsa-miR-130a-3p,ROCK2
hsa-miR-130a-3p,HADHA
hsa-miR-130a-3p,MEMO1
hsa-miR-130a-3p,SRSF7
hsa-miR-130a-3p,SLC8A1
hsa-miR-130a-3p,COX7A2L
hsa-miR-130a-3p,CALM2
hsa-miR-130a-3p,TGOLN2
hsa-miR-130a-3p,CHMP3
hsa-miR-130a-3p,TBC1D8
hsa-miR-130a-3p,SESTD1
hsa-miR-130a-3p,KLF11
hsa-miR-130a-3p,LCLAT1
hsa-miR-130a-3p,LGALSL
hsa-miR-130a-3p,RMND5A
hsa-miR-130a-3p,BCL2L11
hsa-miR-130a-3p,SPOPL
hsa-miR-130a-3p,TANC1
hsa-miR-130a-3p,MAP3K20
hsa-miR-130a-3p,NABP1
hsa-miR-130a-3p,BMPR2
hsa-miR-130a-3p,PIKFYVE
hsa-miR-130a-3p,ATG16L1
hsa-miR-130a-3p,SNX5
hsa-miR-130a-3p,BLCAP
hsa-miR-130a-3p,SERINC3
hsa-miR-130a-3p,B4GALT5
hsa-miR-130a-3p,SPATA2
hsa-miR-130a-3p,ZNF217
hsa-miR-130a-3p,PMEPA1
hsa-miR-130a-3p,PRNP
hsa-miR-130a-3p,BTBD3
hsa-miR-130a-3p,PHF20
hsa-miR-130a-3p,SLC2A4RG
hsa-miR-130a-3p,TMEM50B
hsa-miR-130a-3p,BRWD1
hsa-miR-130a-3p,SIK1
hsa-miR-130a-3p,TOB2
hsa-miR-130a-3p,VGLL4
hsa-miR-130a-3p,FYCO1
hsa-miR-130a-3p,MAP4
hsa-miR-130a-3p,EOGT
hsa-miR-130a-3p,FOXP1
hsa-miR-130a-3p,DCBLD2
hsa-miR-130a-3p,NAA50
hsa-miR-130a-3p,PFN2
hsa-miR-130a-3p,TBL1XR1
hsa-miR-130a-3p,MB21D2
hsa-miR-130a-3p,ATP13A3
hsa-miR-130a-3p,ITPR1
hsa-miR-130a-3p,SLC6A6
hsa-miR-130a-3p,RAB5A
hsa-miR-130a-3p,TGFBR2
hsa-miR-130a-3p,APPL1
hsa-miR-130a-3p,PXYLP1
hsa-miR-130a-3p,MBNL1
hsa-miR-130a-3p,FXR1
hsa-miR-130a-3p,IL1RAP
hsa-miR-130a-3p,CNOT6L
hsa-miR-130a-3p,WDFY3
hsa-miR-130a-3p,FAM13A
hsa-miR-130a-3p,CCNA2
hsa-miR-130a-3p,OTUD4
hsa-miR-130a-3p,CPEB2
hsa-miR-130a-3p,STIM2
hsa-miR-130a-3p,KLF3
hsa-miR-130a-3p,EREG
hsa-miR-130a-3p,CDS1
hsa-miR-130a-3p,AFF1
hsa-miR-130a-3p,NPNT
hsa-miR-130a-3p,MSMO1
hsa-miR-130a-3p,PRKAA1
hsa-miR-130a-3p,SGTB
hsa-miR-130a-3p,ARRDC3
hsa-miR-130a-3p,IRF1
hsa-miR-130a-3p,YIPF5
hsa-miR-130a-3p,MAP1B
hsa-miR-130a-3p,LNPEP
hsa-miR-130a-3p,MACIR
hsa-miR-130a-3p,PHAX
hsa-miR-130a-3p,SMAD5
hsa-miR-130a-3p,UBE2D2
hsa-miR-130a-3p,MAT2B
hsa-miR-130a-3p,CPEB4
hsa-miR-130a-3p,CANX
hsa-miR-130a-3p,MAML1
hsa-miR-130a-3p,CNOT6
hsa-miR-130a-3p,KIF13A
hsa-miR-130a-3p,ENPP5
hsa-miR-130a-3p,RRAGD
hsa-miR-130a-3p,CDK19
hsa-miR-130a-3p,MAP7
hsa-miR-130a-3p,FOXF2
hsa-miR-130a-3p,WRNIP1
hsa-miR-130a-3p,EDN1
hsa-miR-130a-3p,JARID2
hsa-miR-130a-3p,SOX4
hsa-miR-130a-3p,CDKN1A
hsa-miR-130a-3p,ENPP4
hsa-miR-130a-3p,PTP4A1
hsa-miR-130a-3p,AL135905.2
hsa-miR-130a-3p,PNRC1
hsa-miR-130a-3p,HECA
hsa-miR-130a-3p,SASH1
hsa-miR-130a-3p,QKI
hsa-miR-130a-3p,GRB10
hsa-miR-130a-3p,ZNF3
hsa-miR-130a-3p,CCDC71L
hsa-miR-130a-3p,BMT2
hsa-miR-130a-3p,WASL
hsa-miR-130a-3p,ZNF800
hsa-miR-130a-3p,FASTK
hsa-miR-130a-3p,KMT2C
hsa-miR-130a-3p,CCT6A
hsa-miR-130a-3p,ANKIB1
hsa-miR-130a-3p,LMTK2
hsa-miR-130a-3p,HBP1
hsa-miR-130a-3p,TES
hsa-miR-130a-3p,CAV2
hsa-miR-130a-3p,MET
hsa-miR-130a-3p,LONRF1
hsa-miR-130a-3p,DLC1
hsa-miR-130a-3p,NSD3
hsa-miR-130a-3p,MYBL1
hsa-miR-130a-3p,SYBU
hsa-miR-130a-3p,MTMR9
hsa-miR-130a-3p,VPS37A
hsa-miR-130a-3p,DPYSL2
hsa-miR-130a-3p,FZD6
hsa-miR-130a-3p,EFR3A
hsa-miR-130a-3p,NFIB
hsa-miR-130a-3p,RNF38
hsa-miR-130a-3p,ABCA1
hsa-miR-130a-3p,RAB14
hsa-miR-130a-3p,TSC1
hsa-miR-130a-3p,TMEM250
hsa-miR-130a-3p,NRARP
hsa-miR-130a-3p,SLC44A1
hsa-miR-130a-3p,PIGA
hsa-miR-130a-3p,SCML2
hsa-miR-130a-3p,ACSL4
hsa-miR-130a-3p,MMGT1
hsa-miR-130a-3p,MID1IP1
hsa-miR-130a-3p,CHIC1
hsa-miR-130a-3p,ZNF711
hsa-miR-130a-3p,HPRT1
hsa-miR-130a-3p,FMR1
hsa-miR-130b-3p,RPA2
hsa-miR-130b-3p,EPS15
hsa-miR-130b-3p,DEPDC1
hsa-miR-130b-3p,USP33
hsa-miR-130b-3p,F3
hsa-miR-130b-3p,TXNIP
hsa-miR-130b-3p,DCAF8
hsa-miR-130b-3p,DEDD
hsa-miR-130b-3p,STX6
hsa-miR-130b-3p,PPP1R15B
hsa-miR-130b-3p,LBR
hsa-miR-130b-3p,ARID4B
hsa-miR-130b-3p,CAMTA1
hsa-miR-130b-3p,VPS13D
hsa-miR-130b-3p,SZRD1
hsa-miR-130b-3p,PDIK1L
hsa-miR-130b-3p,STX12
hsa-miR-130b-3p,AGO4
hsa-miR-130b-3p,AGO1
hsa-miR-130b-3p,CMPK1
hsa-miR-130b-3p,BTF3L4
hsa-miR-130b-3p,ZFYVE9
hsa-miR-130b-3p,MIER1
hsa-miR-130b-3p,MIGA1
hsa-miR-130b-3p,RTCA
hsa-miR-130b-3p,S1PR1
hsa-miR-130b-3p,CSF1
hsa-miR-130b-3p,PDE4DIP
hsa-miR-130b-3p,ZBTB7B
hsa-miR-130b-3p,SLC25A44
hsa-miR-130b-3p,KLHL20
hsa-miR-130b-3p,LAMC1
hsa-miR-130b-3p,RO60
hsa-miR-130b-3p,FBXO28
hsa-miR-130b-3p,ZBTB18
hsa-miR-130b-3p,SKIDA1
hsa-miR-130b-3p,ACBD5
hsa-miR-130b-3p,ARHGAP12
hsa-miR-130b-3p,NRP1
hsa-miR-130b-3p,CCDC6
hsa-miR-130b-3p,PSAP
hsa-miR-130b-3p,ARID5B
hsa-miR-130b-3p,NRBF2
hsa-miR-130b-3p,PTEN
hsa-miR-130b-3p,SLF2
hsa-miR-130b-3p,TMEM9B
hsa-miR-130b-3p,SBF2
hsa-miR-130b-3p,SPTY2D1
hsa-miR-130b-3p,FOSL1
hsa-miR-130b-3p,SHANK2
hsa-miR-130b-3p,NPAT
hsa-miR-130b-3p,RDX
hsa-miR-130b-3p,DDX6
hsa-miR-130b-3p,USP47
hsa-miR-130b-3p,ZFP91
hsa-miR-130b-3p,KDM2A
hsa-miR-130b-3p,PPP6R3
hsa-miR-130b-3p,KMT2A
hsa-miR-130b-3p,ARHGEF12
hsa-miR-130b-3p,CAPRIN2
hsa-miR-130b-3p,ANKRD52
hsa-miR-130b-3p,PTGES3
hsa-miR-130b-3p,E2F7
hsa-miR-130b-3p,BTG1
hsa-miR-130b-3p,CLIP1
hsa-miR-130b-3p,UBC
hsa-miR-130b-3p,WNK1
hsa-miR-130b-3p,RAB5B
hsa-miR-130b-3p,ERBB3
hsa-miR-130b-3p,MLEC
hsa-miR-130b-3p,SPART
hsa-miR-130b-3p,TSC22D1
hsa-miR-130b-3p,ZIC5
hsa-miR-130b-3p,PAN3
hsa-miR-130b-3p,LRCH1
hsa-miR-130b-3p,SLAIN1
hsa-miR-130b-3p,ATP11A
hsa-miR-130b-3p,PIP4P1
hsa-miR-130b-3p,HECTD1
hsa-miR-130b-3p,EGLN3
hsa-miR-130b-3p,FERMT2
hsa-miR-130b-3p,CNIH1
hsa-miR-130b-3p,GMFB
hsa-miR-130b-3p,ZFYVE26
hsa-miR-130b-3p,MAP3K9
hsa-miR-130b-3p,BTBD7
hsa-miR-130b-3p,DICER1
hsa-miR-130b-3p,ATG2B
hsa-miR-130b-3p,FRMD6
hsa-miR-130b-3p,SMOC1
hsa-miR-130b-3p,RBM25
hsa-miR-130b-3p,SECISBP2L
hsa-miR-130b-3p,NPTN
hsa-miR-130b-3p,TSPAN3
hsa-miR-130b-3p,NIPA1
hsa-miR-130b-3p,ARL6IP1
hsa-miR-130b-3p,DYNC1LI2
hsa-miR-130b-3p,ZCCHC14
hsa-miR-130b-3p,TNRC6A
hsa-miR-130b-3p,CHD9
hsa-miR-130b-3p,CBFB
hsa-miR-130b-3p,C16orf70
hsa-miR-130b-3p,ANKFY1
hsa-miR-130b-3p,ZBTB4
hsa-miR-130b-3p,RASD1
hsa-miR-130b-3p,RAB34
hsa-miR-130b-3p,PHF12
hsa-miR-130b-3p,STAT3
hsa-miR-130b-3p,GPATCH8
hsa-miR-130b-3p,TRIM37
hsa-miR-130b-3p,USP32
hsa-miR-130b-3p,SMARCD2
hsa-miR-130b-3p,FAM104A
hsa-miR-130b-3p,SRSF2
hsa-miR-130b-3p,TIMP2
hsa-miR-130b-3p,PAFAH1B1
hsa-miR-130b-3p,DYNLL2
hsa-miR-130b-3p,CLTC
hsa-miR-130b-3p,VMP1
hsa-miR-130b-3p,SPIRE1
hsa-miR-130b-3p,IER3IP1
hsa-miR-130b-3p,DSEL
hsa-miR-130b-3p,RAB12
hsa-miR-130b-3p,MTCL1
hsa-miR-130b-3p,RBBP8
hsa-miR-130b-3p,TSHZ1
hsa-miR-130b-3p,MEX3D
hsa-miR-130b-3p,PPP6R1
hsa-miR-130b-3p,THOP1
hsa-miR-130b-3p,LDLR
hsa-miR-130b-3p,ROCK2
hsa-miR-130b-3p,HADHA
hsa-miR-130b-3p,MEMO1
hsa-miR-130b-3p,SRSF7
hsa-miR-130b-3p,COX7A2L
hsa-miR-130b-3p,CALM2
hsa-miR-130b-3p,TGOLN2
hsa-miR-130b-3p,CHMP3
hsa-miR-130b-3p,TBC1D8
hsa-miR-130b-3p,SESTD1
hsa-miR-130b-3p,KLF11
hsa-miR-130b-3p,LCLAT1
hsa-miR-130b-3p,LGALSL
hsa-miR-130b-3p,RMND5A
hsa-miR-130b-3p,BCL2L11
hsa-miR-130b-3p,PTPN4
hsa-miR-130b-3p,SPOPL
hsa-miR-130b-3p,TANC1
hsa-miR-130b-3p,MAP3K20
hsa-miR-130b-3p,NABP1
hsa-miR-130b-3p,SLC39A10
hsa-miR-130b-3p,BMPR2
hsa-miR-130b-3p,PIKFYVE
hsa-miR-130b-3p,ATG16L1
hsa-miR-130b-3p,SNX5
hsa-miR-130b-3p,BLCAP
hsa-miR-130b-3p,SERINC3
hsa-miR-130b-3p,B4GALT5
hsa-miR-130b-3p,SPATA2
hsa-miR-130b-3p,ZNF217
hsa-miR-130b-3p,PRNP
hsa-miR-130b-3p,BTBD3
hsa-miR-130b-3p,PHF20
hsa-miR-130b-3p,SLC2A4RG
hsa-miR-130b-3p,TMEM50B
hsa-miR-130b-3p,BRWD1
hsa-miR-130b-3p,SIK1
hsa-miR-130b-3p,TOB2
hsa-miR-130b-3p,VGLL4
hsa-miR-130b-3p,FYCO1
hsa-miR-130b-3p,MAP4
hsa-miR-130b-3p,EOGT
hsa-miR-130b-3p,FOXP1
hsa-miR-130b-3p,DCBLD2
hsa-miR-130b-3p,NAA50
hsa-miR-130b-3p,PFN2
hsa-miR-130b-3p,TBL1XR1
hsa-miR-130b-3p,MB21D2
hsa-miR-130b-3p,ATP13A3
hsa-miR-130b-3p,ITPR1
hsa-miR-130b-3p,SLC6A6
hsa-miR-130b-3p,RAB5A
hsa-miR-130b-3p,TGFBR2
hsa-miR-130b-3p,APPL1
hsa-miR-130b-3p,PXYLP1
hsa-miR-130b-3p,MBNL1
hsa-miR-130b-3p,FXR1
hsa-miR-130b-3p,IL1RAP
hsa-miR-130b-3p,WDFY3
hsa-miR-130b-3p,FAM13A
hsa-miR-130b-3p,CCNA2
hsa-miR-130b-3p,OTUD4
hsa-miR-130b-3p,CPEB2
hsa-miR-130b-3p,STIM2
hsa-miR-130b-3p,KLF3
hsa-miR-130b-3p,KIT
hsa-miR-130b-3p,EREG
hsa-miR-130b-3p,CDS1
hsa-miR-130b-3p,AFF1
hsa-miR-130b-3p,NPNT
hsa-miR-130b-3p,MSMO1
hsa-miR-130b-3p,PRKAA1
hsa-miR-130b-3p,SGTB
hsa-miR-130b-3p,ARRDC3
hsa-miR-130b-3p,IRF1
hsa-miR-130b-3p,SKP1
hsa-miR-130b-3p,YIPF5
hsa-miR-130b-3p,MAP1B
hsa-miR-130b-3p,LNPEP
hsa-miR-130b-3p,PHAX
hsa-miR-130b-3p,SMAD5
hsa-miR-130b-3p,MAT2B
hsa-miR-130b-3p,CPEB4
hsa-miR-130b-3p,CANX
hsa-miR-130b-3p,MAML1
hsa-miR-130b-3p,CNOT6
hsa-miR-130b-3p,KIF13A
hsa-miR-130b-3p,ENPP5
hsa-miR-130b-3p,RRAGD
hsa-miR-130b-3p,CDK19
hsa-miR-130b-3p,MAP7
hsa-miR-130b-3p,FOXF2
hsa-miR-130b-3p,WRNIP1
hsa-miR-130b-3p,EDN1
hsa-miR-130b-3p,JARID2
hsa-miR-130b-3p,SOX4
hsa-miR-130b-3p,CDKN1A
hsa-miR-130b-3p,ENPP4
hsa-miR-130b-3p,PTP4A1
hsa-miR-130b-3p,AL135905.2
hsa-miR-130b-3p,PNRC1
hsa-miR-130b-3p,TBPL1
hsa-miR-130b-3p,HECA
hsa-miR-130b-3p,SASH1
hsa-miR-130b-3p,QKI
hsa-miR-130b-3p,GRB10
hsa-miR-130b-3p,ZNF3
hsa-miR-130b-3p,CCDC71L
hsa-miR-130b-3p,BMT2
hsa-miR-130b-3p,WASL
hsa-miR-130b-3p,ZNF800
hsa-miR-130b-3p,FASTK
hsa-miR-130b-3p,KMT2C
hsa-miR-130b-3p,CCT6A
hsa-miR-130b-3p,ANKIB1
hsa-miR-130b-3p,LMTK2
hsa-miR-130b-3p,HBP1
hsa-miR-130b-3p,TES
hsa-miR-130b-3p,CAV2
hsa-miR-130b-3p,MET
hsa-miR-130b-3p,LONRF1
hsa-miR-130b-3p,DLC1
hsa-miR-130b-3p,NSD3
hsa-miR-130b-3p,MYBL1
hsa-miR-130b-3p,SYBU
hsa-miR-130b-3p,MTMR9
hsa-miR-130b-3p,VPS37A
hsa-miR-130b-3p,DPYSL2
hsa-miR-130b-3p,FZD6
hsa-miR-130b-3p,EFR3A
hsa-miR-130b-3p,NFIB
hsa-miR-130b-3p,RNF38
hsa-miR-130b-3p,ABCA1
hsa-miR-130b-3p,RAB14
hsa-miR-130b-3p,TSC1
hsa-miR-130b-3p,TMEM250
hsa-miR-130b-3p,NRARP
hsa-miR-130b-3p,SLC44A1
hsa-miR-130b-3p,PIGA
hsa-miR-130b-3p,SCML2
hsa-miR-130b-3p,ACSL4
hsa-miR-130b-3p,MMGT1
hsa-miR-130b-3p,MID1IP1
hsa-miR-130b-3p,CHIC1
hsa-miR-130b-3p,ZNF711
hsa-miR-130b-3p,HPRT1
hsa-miR-130b-3p,FMR1
hsa-miR-132-3p,HNRNPR
hsa-miR-132-3p,SRSF10
hsa-miR-132-3p,CC2D1B
hsa-miR-132-3p,ZNF644
hsa-miR-132-3p,EXTL2
hsa-miR-132-3p,CSDE1
hsa-miR-132-3p,KDM5B
hsa-miR-132-3p,ARID4B
hsa-miR-132-3p,HNRNPU
hsa-miR-132-3p,CAMTA1
hsa-miR-132-3p,ARID1A
hsa-miR-132-3p,AGO1
hsa-miR-132-3p,AKIRIN1
hsa-miR-132-3p,BTG2
hsa-miR-132-3p,MIA3
hsa-miR-132-3p,FBXO28
hsa-miR-132-3p,ZBTB18
hsa-miR-132-3p,NET1
hsa-miR-132-3p,KDM5A
hsa-miR-132-3p,SOX5
hsa-miR-132-3p,H3-5
hsa-miR-132-3p,OSBPL8
hsa-miR-132-3p,FBXO21
hsa-miR-132-3p,SPPL3
hsa-miR-132-3p,ARID2
hsa-miR-132-3p,DAZAP2
hsa-miR-132-3p,LEMD3
hsa-miR-132-3p,HMGA2
hsa-miR-132-3p,HECTD1
hsa-miR-132-3p,SPTSSA
hsa-miR-132-3p,MIDEAS
hsa-miR-132-3p,PAPOLA
hsa-miR-132-3p,BNIP2
hsa-miR-132-3p,ANP32A
hsa-miR-132-3p,RTF1
hsa-miR-132-3p,CTDSPL2
hsa-miR-132-3p,DYNC1LI2
hsa-miR-132-3p,CRK
hsa-miR-132-3p,SSH2
hsa-miR-132-3p,ANKRD40
hsa-miR-132-3p,H3-3B
hsa-miR-132-3p,ZNF207
hsa-miR-132-3p,DYNLL2
hsa-miR-132-3p,SS18
hsa-miR-132-3p,RAB1A
hsa-miR-132-3p,RND3
hsa-miR-132-3p,ACVR1
hsa-miR-132-3p,SLC30A6
hsa-miR-132-3p,LRRFIP1
hsa-miR-132-3p,LZTS3
hsa-miR-132-3p,SLC23A2
hsa-miR-132-3p,RBM12
hsa-miR-132-3p,BRWD1
hsa-miR-132-3p,MAPK1
hsa-miR-132-3p,EP300
hsa-miR-132-3p,SERP1
hsa-miR-132-3p,MECOM
hsa-miR-132-3p,SETD5
hsa-miR-132-3p,ARMC8
hsa-miR-132-3p,RAP2B
hsa-miR-132-3p,FXR1
hsa-miR-132-3p,SLBP
hsa-miR-132-3p,FBXW7
hsa-miR-132-3p,TADA2B
hsa-miR-132-3p,STIM2
hsa-miR-132-3p,CHD1
hsa-miR-132-3p,NREP
hsa-miR-132-3p,FEM1C
hsa-miR-132-3p,HBEGF
hsa-miR-132-3p,ZSWIM6
hsa-miR-132-3p,RASA1
hsa-miR-132-3p,PAM
hsa-miR-132-3p,SEC24A
hsa-miR-132-3p,EGR1
hsa-miR-132-3p,ATXN1
hsa-miR-132-3p,CCN2
hsa-miR-132-3p,SOX4
hsa-miR-132-3p,CDKN1A
hsa-miR-132-3p,TJAP1
hsa-miR-132-3p,LIN28B
hsa-miR-132-3p,AMD1
hsa-miR-132-3p,PSMA2
hsa-miR-132-3p,AC010132.3
hsa-miR-132-3p,YWHAG
hsa-miR-132-3p,CCDC71L
hsa-miR-132-3p,DOCK4
hsa-miR-132-3p,CALU
hsa-miR-132-3p,PPP2CB
hsa-miR-132-3p,PDE7A
hsa-miR-132-3p,AZIN1
hsa-miR-132-3p,AGO2
hsa-miR-132-3p,E2F5
hsa-miR-132-3p,SEC16A
hsa-miR-133a-3p,UBE2Q1
hsa-miR-133a-3p,TAGLN2
hsa-miR-133a-3p,TXLNA
hsa-miR-133a-3p,CAP1
hsa-miR-133a-3p,GDI2
hsa-miR-133a-3p,NEBL
hsa-miR-133a-3p,TM9SF3
hsa-miR-133a-3p,FAM160B1
hsa-miR-133a-3p,CELF1
hsa-miR-133a-3p,C11orf58
hsa-miR-133a-3p,BAZ2A
hsa-miR-133a-3p,E2F7
hsa-miR-133a-3p,CKAP4
hsa-miR-133a-3p,SMARCD1
hsa-miR-133a-3p,CALM1
hsa-miR-133a-3p,FBN1
hsa-miR-133a-3p,DYNC1LI2
hsa-miR-133a-3p,CAPN15
hsa-miR-133a-3p,EIF4A1
hsa-miR-133a-3p,DNAJB1
hsa-miR-133a-3p,PTBP1
hsa-miR-133a-3p,CNN2
hsa-miR-133a-3p,TPM4
hsa-miR-133a-3p,MYO9B
hsa-miR-133a-3p,UBA2
hsa-miR-133a-3p,FTL
hsa-miR-133a-3p,XPO1
hsa-miR-133a-3p,SP3
hsa-miR-133a-3p,IDH1
hsa-miR-133a-3p,B3GNT2
hsa-miR-133a-3p,ZNF217
hsa-miR-133a-3p,VAPB
hsa-miR-133a-3p,SHISA5
hsa-miR-133a-3p,SACM1L
hsa-miR-133a-3p,ZBTB38
hsa-miR-133a-3p,IL6ST
hsa-miR-133a-3p,TMEM167A
hsa-miR-133a-3p,ZNF131
hsa-miR-133a-3p,TENT5A
hsa-miR-133a-3p,CCN2
hsa-miR-133a-3p,SGK1
hsa-miR-133a-3p,SOX4
hsa-miR-133a-3p,WTAP
hsa-miR-133a-3p,QKI
hsa-miR-133a-3p,HOXA9
hsa-miR-133a-3p,KMT2C
hsa-miR-133a-3p,TNFRSF10B
hsa-miR-133a-3p,PPP2CB
hsa-miR-133a-3p,PTBP3
hsa-miR-133a-3p,TGFBR1
hsa-miR-133a-3p,DDX3X
hsa-miR-133b,UBE2Q1
hsa-miR-133b,TAGLN2
hsa-miR-133b,TXLNA
hsa-miR-133b,CAP1
hsa-miR-133b,GDI2
hsa-miR-133b,NEBL
hsa-miR-133b,TM9SF3
hsa-miR-133b,FAM160B1
hsa-miR-133b,CELF1
hsa-miR-133b,C11orf58
hsa-miR-133b,BAZ2A
hsa-miR-133b,E2F7
hsa-miR-133b,CKAP4
hsa-miR-133b,SMARCD1
hsa-miR-133b,CALM1
hsa-miR-133b,FBN1
hsa-miR-133b,DYNC1LI2
hsa-miR-133b,CAPN15
hsa-miR-133b,EIF4A1
hsa-miR-133b,DNAJB1
hsa-miR-133b,PTBP1
hsa-miR-133b,CNN2
hsa-miR-133b,TPM4
hsa-miR-133b,MYO9B
hsa-miR-133b,UBA2
hsa-miR-133b,FTL
hsa-miR-133b,XPO1
hsa-miR-133b,SP3
hsa-miR-133b,IDH1
hsa-miR-133b,B3GNT2
hsa-miR-133b,ZNF217
hsa-miR-133b,VAPB
hsa-miR-133b,SHISA5
hsa-miR-133b,SACM1L
hsa-miR-133b,ZBTB38
hsa-miR-133b,IL6ST
hsa-miR-133b,TMEM167A
hsa-miR-133b,ZNF131
hsa-miR-133b,TENT5A
hsa-miR-133b,CCN2
hsa-miR-133b,SGK1
hsa-miR-133b,SOX4
hsa-miR-133b,WTAP
hsa-miR-133b,QKI
hsa-miR-133b,HOXA9
hsa-miR-133b,KMT2C
hsa-miR-133b,TNFRSF10B
hsa-miR-133b,PPP2CB
hsa-miR-133b,PTBP3
hsa-miR-133b,TGFBR1
hsa-miR-133b,DDX3X
hsa-miR-134-5p,RAN
hsa-miR-134-5p,MED13
hsa-miR-134-5p,MAT2A
hsa-miR-134-5p,MBNL1
hsa-miR-134-5p,YWHAZ
hsa-miR-135a-5p,TMED5
hsa-miR-135a-5p,TXNIP
hsa-miR-135a-5p,SSR2
hsa-miR-135a-5p,C1orf198
hsa-miR-135a-5p,CSF1
hsa-miR-135a-5p,POGK
hsa-miR-135a-5p,ATP1B1
hsa-miR-135a-5p,RGL1
hsa-miR-135a-5p,ATP2B4
hsa-miR-135a-5p,ATAD1
hsa-miR-135a-5p,PANK1
hsa-miR-135a-5p,NET1
hsa-miR-135a-5p,WAC
hsa-miR-135a-5p,PGAM1
hsa-miR-135a-5p,ENTPD7
hsa-miR-135a-5p,PATL1
hsa-miR-135a-5p,BCL9L
hsa-miR-135a-5p,HIPK3
hsa-miR-135a-5p,PPP6R3
hsa-miR-135a-5p,BCAT1
hsa-miR-135a-5p,PPP1CC
hsa-miR-135a-5p,EMP1
hsa-miR-135a-5p,HNRNPA1
hsa-miR-135a-5p,IRS2
hsa-miR-135a-5p,CNIH1
hsa-miR-135a-5p,RCOR1
hsa-miR-135a-5p,CRAMP1
hsa-miR-135a-5p,MED13
hsa-miR-135a-5p,NPTX1
hsa-miR-135a-5p,CPD
hsa-miR-135a-5p,NF1
hsa-miR-135a-5p,SP3
hsa-miR-135a-5p,FOXN2
hsa-miR-135a-5p,SPTBN1
hsa-miR-135a-5p,FKBP1A
hsa-miR-135a-5p,ZNF217
hsa-miR-135a-5p,BACH1
hsa-miR-135a-5p,ZNRF3
hsa-miR-135a-5p,MAP4
hsa-miR-135a-5p,GSK3B
hsa-miR-135a-5p,CPLX1
hsa-miR-135a-5p,LDB2
hsa-miR-135a-5p,CAMK2D
hsa-miR-135a-5p,KLF3
hsa-miR-135a-5p,CCNG2
hsa-miR-135a-5p,TNPO1
hsa-miR-135a-5p,MAN2A1
hsa-miR-135a-5p,SQSTM1
hsa-miR-135a-5p,UTRN
hsa-miR-135a-5p,QKI
hsa-miR-135a-5p,YWHAG
hsa-miR-135a-5p,BZW2
hsa-miR-135a-5p,MFHAS1
hsa-miR-135a-5p,ASPH
hsa-miR-135a-5p,XPO7
hsa-miR-135a-5p,SDCBP
hsa-miR-135a-5p,TMEM70
hsa-miR-135a-5p,MTDH
hsa-miR-135a-5p,ZFAND5
hsa-miR-135a-5p,GNAQ
hsa-miR-135a-5p,VLDLR
hsa-miR-135a-5p,SCML2
hsa-miR-135a-5p,DDX3X
hsa-miR-135b-5p,TMED5
hsa-miR-135b-5p,TXNIP
hsa-miR-135b-5p,SSR2
hsa-miR-135b-5p,C1orf198
hsa-miR-135b-5p,CSF1
hsa-miR-135b-5p,POGK
hsa-miR-135b-5p,ATP1B1
hsa-miR-135b-5p,RGL1
hsa-miR-135b-5p,ATP2B4
hsa-miR-135b-5p,ATAD1
hsa-miR-135b-5p,NET1
hsa-miR-135b-5p,WAC
hsa-miR-135b-5p,PGAM1
hsa-miR-135b-5p,ENTPD7
hsa-miR-135b-5p,PATL1
hsa-miR-135b-5p,BCL9L
hsa-miR-135b-5p,HIPK3
hsa-miR-135b-5p,PPP6R3
hsa-miR-135b-5p,BCAT1
hsa-miR-135b-5p,PPP1CC
hsa-miR-135b-5p,EMP1
hsa-miR-135b-5p,HNRNPA1
hsa-miR-135b-5p,IRS2
hsa-miR-135b-5p,CNIH1
hsa-miR-135b-5p,RCOR1
hsa-miR-135b-5p,CRAMP1
hsa-miR-135b-5p,MED13
hsa-miR-135b-5p,NPTX1
hsa-miR-135b-5p,CPD
hsa-miR-135b-5p,NF1
hsa-miR-135b-5p,SP3
hsa-miR-135b-5p,FOXN2
hsa-miR-135b-5p,SPTBN1
hsa-miR-135b-5p,FKBP1A
hsa-miR-135b-5p,ZNF217
hsa-miR-135b-5p,BACH1
hsa-miR-135b-5p,ZNRF3
hsa-miR-135b-5p,MAP4
hsa-miR-135b-5p,GSK3B
hsa-miR-135b-5p,CPLX1
hsa-miR-135b-5p,LDB2
hsa-miR-135b-5p,CAMK2D
hsa-miR-135b-5p,KLF3
hsa-miR-135b-5p,CCNG2
hsa-miR-135b-5p,TNPO1
hsa-miR-135b-5p,SQSTM1
hsa-miR-135b-5p,UTRN
hsa-miR-135b-5p,QKI
hsa-miR-135b-5p,YWHAG
hsa-miR-135b-5p,BZW2
hsa-miR-135b-5p,MFHAS1
hsa-miR-135b-5p,ASPH
hsa-miR-135b-5p,XPO7
hsa-miR-135b-5p,SDCBP
hsa-miR-135b-5p,TMEM70
hsa-miR-135b-5p,MTDH
hsa-miR-135b-5p,ZFAND5
hsa-miR-135b-5p,GNAQ
hsa-miR-135b-5p,VLDLR
hsa-miR-135b-5p,SCML2
hsa-miR-135b-5p,DDX3X
hsa-miR-136-5p,OTUD3
hsa-miR-136-5p,S100A1
hsa-miR-136-5p,RGS4
hsa-miR-136-5p,MPZL1
hsa-miR-136-5p,GDI2
hsa-miR-136-5p,TM9SF3
hsa-miR-136-5p,LCOR
hsa-miR-136-5p,RDX
hsa-miR-136-5p,MINDY2
hsa-miR-136-5p,SMG1
hsa-miR-136-5p,CBX4
hsa-miR-136-5p,DCAF7
hsa-miR-136-5p,ROCK1
hsa-miR-136-5p,MIDN
hsa-miR-136-5p,GNAS
hsa-miR-136-5p,SON
hsa-miR-136-5p,MSL2
hsa-miR-136-5p,CPEB2
hsa-miR-136-5p,TNPO1
hsa-miR-136-5p,C5orf24
hsa-miR-136-5p,ZNF451
hsa-miR-136-5p,TNRC18
hsa-miR-136-5p,MTPN
hsa-miR-136-5p,UBE2R2
hsa-miR-136-5p,RAD23B
hsa-miR-137,SLC6A9
hsa-miR-137,RSBN1
hsa-miR-137,TRIM33
hsa-miR-137,ASH1L
hsa-miR-137,NUCKS1
hsa-miR-137,ARID4B
hsa-miR-137,HNRNPU
hsa-miR-137,SKI
hsa-miR-137,CDC42
hsa-miR-137,ATP1B1
hsa-miR-137,ZC3H11A
hsa-miR-137,ZBED6
hsa-miR-137,CAPN2
hsa-miR-137,ZBTB18
hsa-miR-137,NRP1
hsa-miR-137,SAMD8
hsa-miR-137,LCOR
hsa-miR-137,DUSP5
hsa-miR-137,EIF4G2
hsa-miR-137,RPS13
hsa-miR-137,QSER1
hsa-miR-137,KMT2A
hsa-miR-137,CD69
hsa-miR-137,YBX3
hsa-miR-137,GXYLT1
hsa-miR-137,LMBR1L
hsa-miR-137,BAZ2A
hsa-miR-137,FKBP4
hsa-miR-137,NECAP1
hsa-miR-137,HOXC8
hsa-miR-137,CPSF6
hsa-miR-137,IRS2
hsa-miR-137,CCDC85C
hsa-miR-137,SERF2
hsa-miR-137,HYPK
hsa-miR-137,GLCE
hsa-miR-137,PHLPP2
hsa-miR-137,CNEP1R1
hsa-miR-137,CHD9
hsa-miR-137,MYO1C
hsa-miR-137,PITPNA
hsa-miR-137,UBE2G1
hsa-miR-137,ZBTB4
hsa-miR-137,H3-3B
hsa-miR-137,USP36
hsa-miR-137,HIC1
hsa-miR-137,EIF1
hsa-miR-137,SS18
hsa-miR-137,PIAS2
hsa-miR-137,TCF4
hsa-miR-137,C18orf25
hsa-miR-137,TCF3
hsa-miR-137,ZBTB7A
hsa-miR-137,DNAJB1
hsa-miR-137,AKT2
hsa-miR-137,SLC1A5
hsa-miR-137,RAB11B
hsa-miR-137,RPL28
hsa-miR-137,PRKD3
hsa-miR-137,ZFP36L2
hsa-miR-137,BCL11A
hsa-miR-137,IDH1
hsa-miR-137,IGFBP5
hsa-miR-137,PPP1CB
hsa-miR-137,ITPRID2
hsa-miR-137,GLS
hsa-miR-137,FKBP1A
hsa-miR-137,GPCPD1
hsa-miR-137,RBM12
hsa-miR-137,ZNF217
hsa-miR-137,NCOA3
hsa-miR-137,CSE1L
hsa-miR-137,TFAP2C
hsa-miR-137,C21orf91
hsa-miR-137,SIK1
hsa-miR-137,CRKL
hsa-miR-137,SLC4A7
hsa-miR-137,PDHB
hsa-miR-137,TMF1
hsa-miR-137,ZNF148
hsa-miR-137,SERP1
hsa-miR-137,KAT2B
hsa-miR-137,RPL15
hsa-miR-137,SNRK
hsa-miR-137,DAG1
hsa-miR-137,PDS5A
hsa-miR-137,HNRNPDL
hsa-miR-137,RNF4
hsa-miR-137,RBPJ
hsa-miR-137,LIMCH1
hsa-miR-137,TMEM33
hsa-miR-137,GPAT3
hsa-miR-137,PRKAA1
hsa-miR-137,MIER3
hsa-miR-137,PLK2
hsa-miR-137,DBN1
hsa-miR-137,TENT4A
hsa-miR-137,JMY
hsa-miR-137,ZFYVE16
hsa-miR-137,MAN2A1
hsa-miR-137,CSNK1G3
hsa-miR-137,SLC12A2
hsa-miR-137,MAML1
hsa-miR-137,MPC1
hsa-miR-137,CD2AP
hsa-miR-137,COL19A1
hsa-miR-137,RAPGEF5
hsa-miR-137,SRPK2
hsa-miR-137,RAC1
hsa-miR-137,PHTF2
hsa-miR-137,UBE3C
hsa-miR-137,DUSP4
hsa-miR-137,ASPH
hsa-miR-137,NCOA2
hsa-miR-137,RRM2B
hsa-miR-137,BAG4
hsa-miR-137,CHD7
hsa-miR-137,LAPTM4B
hsa-miR-137,NFIB
hsa-miR-137,RNF38
hsa-miR-137,KLF4
hsa-miR-137,PALM2AKAP2
hsa-miR-137,ZBTB34
hsa-miR-137,COL5A1
hsa-miR-137,DDX3X
hsa-miR-137,LONRF3
hsa-miR-137,VMA21
hsa-miR-138-5p,CAMK2N1
hsa-miR-138-5p,RHOC
hsa-miR-138-5p,THRAP3
hsa-miR-138-5p,DESI2
hsa-miR-138-5p,VIM
hsa-miR-138-5p,WEE1
hsa-miR-138-5p,MARK2
hsa-miR-138-5p,FERMT2
hsa-miR-138-5p,SIN3A
hsa-miR-138-5p,MAPK6
hsa-miR-138-5p,ZBTB4
hsa-miR-138-5p,VEZF1
hsa-miR-138-5p,H3-3B
hsa-miR-138-5p,MINK1
hsa-miR-138-5p,ANKRD13B
hsa-miR-138-5p,TCF4
hsa-miR-138-5p,TCF3
hsa-miR-138-5p,NFIX
hsa-miR-138-5p,CCNE1
hsa-miR-138-5p,ZFP36L2
hsa-miR-138-5p,SEMA4C
hsa-miR-138-5p,RMND5A
hsa-miR-138-5p,SLC20A1
hsa-miR-138-5p,LZTS3
hsa-miR-138-5p,SOGA1
hsa-miR-138-5p,GNAI2
hsa-miR-138-5p,FLNB
hsa-miR-138-5p,ARL6IP5
hsa-miR-138-5p,ST3GAL6
hsa-miR-138-5p,DCUN1D4
hsa-miR-138-5p,ARRDC3
hsa-miR-138-5p,MFAP3
hsa-miR-138-5p,DEK
hsa-miR-138-5p,PTP4A1
hsa-miR-138-5p,AL135905.2
hsa-miR-138-5p,KDELR2
hsa-miR-138-5p,CREB3L2
hsa-miR-138-5p,KMT2C
hsa-miR-138-5p,DNAJB6
hsa-miR-138-5p,LYPLA1
hsa-miR-138-5p,PTK2
hsa-miR-139-5p,ECE1
hsa-miR-139-5p,JUN
hsa-miR-139-5p,SSX2IP
hsa-miR-139-5p,ASH1L
hsa-miR-139-5p,HDGF
hsa-miR-139-5p,HNRNPU
hsa-miR-139-5p,RNF11
hsa-miR-139-5p,HIPK1
hsa-miR-139-5p,UHMK1
hsa-miR-139-5p,HNRNPF
hsa-miR-139-5p,ATAD1
hsa-miR-139-5p,RAB18
hsa-miR-139-5p,ZEB1
hsa-miR-139-5p,DDIT4
hsa-miR-139-5p,LCOR
hsa-miR-139-5p,EIF4G2
hsa-miR-139-5p,APLP2
hsa-miR-139-5p,CAND1
hsa-miR-139-5p,SLC25A3
hsa-miR-139-5p,WASHC4
hsa-miR-139-5p,KLHL28
hsa-miR-139-5p,TMED10
hsa-miR-139-5p,FOS
hsa-miR-139-5p,JDP2
hsa-miR-139-5p,THBS1
hsa-miR-139-5p,FBXL16
hsa-miR-139-5p,CHD9
hsa-miR-139-5p,NDRG4
hsa-miR-139-5p,PITPNA
hsa-miR-139-5p,PMP22
hsa-miR-139-5p,KDM6B
hsa-miR-139-5p,TAOK1
hsa-miR-139-5p,TCF4
hsa-miR-139-5p,MIDN
hsa-miR-139-5p,YWHAQ
hsa-miR-139-5p,ATL2
hsa-miR-139-5p,MGAT4A
hsa-miR-139-5p,BAZ2B
hsa-miR-139-5p,ATP5MC3
hsa-miR-139-5p,IGFBP5
hsa-miR-139-5p,TET3
hsa-miR-139-5p,UBE2E3
hsa-miR-139-5p,ATP2B2
hsa-miR-139-5p,DCBLD2
hsa-miR-139-5p,HEG1
hsa-miR-139-5p,TRIM71
hsa-miR-139-5p,SCHIP1
hsa-miR-139-5p,IQCJ-SCHIP1
hsa-miR-139-5p,DHX15
hsa-miR-139-5p,SEPTIN11
hsa-miR-139-5p,ARRDC3
hsa-miR-139-5p,TMED7
hsa-miR-139-5p,FBN2
hsa-miR-139-5p,PPP2CA
hsa-miR-139-5p,CCT5
hsa-miR-139-5p,TNPO1
hsa-miR-139-5p,CANX
hsa-miR-139-5p,KBTBD2
hsa-miR-139-5p,H2AZ2
hsa-miR-139-5p,YWHAG
hsa-miR-139-5p,KAT6A
hsa-miR-139-5p,AZIN1
hsa-miR-139-5p,CHD7
hsa-miR-139-5p,ZBTB10
hsa-miR-139-5p,NFIB
hsa-miR-139-5p,ZNF367
hsa-miR-139-5p,ZBTB34
hsa-miR-139-5p,FUBP3
hsa-miR-139-5p,PHF6
hsa-miR-140-5p,NUCKS1
hsa-miR-140-5p,YOD1
hsa-miR-140-5p,KIF1B
hsa-miR-140-5p,MFSD14A
hsa-miR-140-5p,AC118553.2
hsa-miR-140-5p,NCSTN
hsa-miR-140-5p,EIF4G2
hsa-miR-140-5p,TMEM123
hsa-miR-140-5p,IPO7
hsa-miR-140-5p,WEE1
hsa-miR-140-5p,TM7SF3
hsa-miR-140-5p,SLC38A2
hsa-miR-140-5p,ANKRD52
hsa-miR-140-5p,PPP1R12A
hsa-miR-140-5p,PPP1CC
hsa-miR-140-5p,FKBP4
hsa-miR-140-5p,RAP1B
hsa-miR-140-5p,SEL1L
hsa-miR-140-5p,GLRX5
hsa-miR-140-5p,TJP1
hsa-miR-140-5p,RFX7
hsa-miR-140-5p,ADAM10
hsa-miR-140-5p,SPRED1
hsa-miR-140-5p,RAB11A
hsa-miR-140-5p,SIAH1
hsa-miR-140-5p,AARS1
hsa-miR-140-5p,ANKFY1
hsa-miR-140-5p,MMD
hsa-miR-140-5p,AP2B1
hsa-miR-140-5p,LDLR
hsa-miR-140-5p,RAB10
hsa-miR-140-5p,BIRC6
hsa-miR-140-5p,SEPTIN2
hsa-miR-140-5p,PEDS1-UBE2V1
hsa-miR-140-5p,UBE2V1
hsa-miR-140-5p,NAA20
hsa-miR-140-5p,HEG1
hsa-miR-140-5p,PFN2
hsa-miR-140-5p,SLC6A6
hsa-miR-140-5p,TSC22D2
hsa-miR-140-5p,FXR1
hsa-miR-140-5p,STC2
hsa-miR-140-5p,ERBIN
hsa-miR-140-5p,LMNB1
hsa-miR-140-5p,SOX4
hsa-miR-140-5p,SCRN1
hsa-miR-140-5p,TTYH3
hsa-miR-140-5p,CALU
hsa-miR-140-5p,TP53INP1
hsa-miR-140-5p,RNF19A
hsa-miR-140-5p,DPYSL2
hsa-miR-140-5p,ADAM9
hsa-miR-140-5p,FAM102A
hsa-miR-140-5p,PALM2AKAP2
hsa-miR-141-3p,CCNL2
hsa-miR-141-3p,ACOT7
hsa-miR-141-3p,SFPQ
hsa-miR-141-3p,FOXJ3
hsa-miR-141-3p,SLC6A9
hsa-miR-141-3p,SLC35D1
hsa-miR-141-3p,ZNF644
hsa-miR-141-3p,ANP32E
hsa-miR-141-3p,ABL2
hsa-miR-141-3p,PPP1R15B
hsa-miR-141-3p,DSTYK
hsa-miR-141-3p,NUCKS1
hsa-miR-141-3p,LPGAT1
hsa-miR-141-3p,OTUD3
hsa-miR-141-3p,CDC42
hsa-miR-141-3p,AKIRIN1
hsa-miR-141-3p,MIER1
hsa-miR-141-3p,PRKACB
hsa-miR-141-3p,DR1
hsa-miR-141-3p,MFSD14A
hsa-miR-141-3p,AC118553.2
hsa-miR-141-3p,HIPK1
hsa-miR-141-3p,ATP1B1
hsa-miR-141-3p,RALGPS2
hsa-miR-141-3p,CAMSAP2
hsa-miR-141-3p,ZBTB18
hsa-miR-141-3p,KLF6
hsa-miR-141-3p,HNRNPF
hsa-miR-141-3p,CCDC6
hsa-miR-141-3p,JMJD1C
hsa-miR-141-3p,SAR1A
hsa-miR-141-3p,ZCCHC24
hsa-miR-141-3p,GATA3
hsa-miR-141-3p,ZEB1
hsa-miR-141-3p,ARID5B
hsa-miR-141-3p,PTEN
hsa-miR-141-3p,TNKS2
hsa-miR-141-3p,PDCD4
hsa-miR-141-3p,FAM160B1
hsa-miR-141-3p,CELF1
hsa-miR-141-3p,TSPAN4
hsa-miR-141-3p,QSER1
hsa-miR-141-3p,YAP1
hsa-miR-141-3p,SOX5
hsa-miR-141-3p,SPRYD3
hsa-miR-141-3p,NAP1L1
hsa-miR-141-3p,CDK17
hsa-miR-141-3p,MED13L
hsa-miR-141-3p,ETNK1
hsa-miR-141-3p,SLC25A3
hsa-miR-141-3p,ATP2A2
hsa-miR-141-3p,PCDH8
hsa-miR-141-3p,PCDH9
hsa-miR-141-3p,PDS5B
hsa-miR-141-3p,NDFIP2
hsa-miR-141-3p,IPO5
hsa-miR-141-3p,HECTD1
hsa-miR-141-3p,CFL2
hsa-miR-141-3p,FOXA1
hsa-miR-141-3p,BRMS1L
hsa-miR-141-3p,PCNX4
hsa-miR-141-3p,YY1
hsa-miR-141-3p,UBE3A
hsa-miR-141-3p,RFX7
hsa-miR-141-3p,PEAK1
hsa-miR-141-3p,MAPK6
hsa-miR-141-3p,HMG20A
hsa-miR-141-3p,ZNF592
hsa-miR-141-3p,CHD2
hsa-miR-141-3p,FUS
hsa-miR-141-3p,CHD9
hsa-miR-141-3p,CRLF3
hsa-miR-141-3p,FBXL20
hsa-miR-141-3p,DUSP3
hsa-miR-141-3p,MBTD1
hsa-miR-141-3p,DDX5
hsa-miR-141-3p,GNA13
hsa-miR-141-3p,KIF1C
hsa-miR-141-3p,MAP2K4
hsa-miR-141-3p,NF1
hsa-miR-141-3p,PRKAR1A
hsa-miR-141-3p,OSBPL1A
hsa-miR-141-3p,SYT4
hsa-miR-141-3p,GATA6
hsa-miR-141-3p,BRD4
hsa-miR-141-3p,DMWD
hsa-miR-141-3p,PEG3
hsa-miR-141-3p,EPN1
hsa-miR-141-3p,PPP3R1
hsa-miR-141-3p,CYP26B1
hsa-miR-141-3p,FAM168B
hsa-miR-141-3p,ZEB2
hsa-miR-141-3p,RBMS1
hsa-miR-141-3p,RAB10
hsa-miR-141-3p,WDR43
hsa-miR-141-3p,PRKCE
hsa-miR-141-3p,SOCS5
hsa-miR-141-3p,PAPOLG
hsa-miR-141-3p,KDM3A
hsa-miR-141-3p,SLC20A1
hsa-miR-141-3p,CCNT2
hsa-miR-141-3p,SPOPL
hsa-miR-141-3p,MARCHF7
hsa-miR-141-3p,GLS
hsa-miR-141-3p,CSNK2A1
hsa-miR-141-3p,ZCCHC3
hsa-miR-141-3p,CDC25B
hsa-miR-141-3p,ASXL1
hsa-miR-141-3p,ARFGEF2
hsa-miR-141-3p,HSPA13
hsa-miR-141-3p,H1-0
hsa-miR-141-3p,CLASP2
hsa-miR-141-3p,FOXP1
hsa-miR-141-3p,KPNA4
hsa-miR-141-3p,TFRC
hsa-miR-141-3p,BHLHE40
hsa-miR-141-3p,RAB5A
hsa-miR-141-3p,SNRK
hsa-miR-141-3p,PTPRG
hsa-miR-141-3p,ATP6V1A
hsa-miR-141-3p,MBNL1
hsa-miR-141-3p,FNDC3B
hsa-miR-141-3p,LPP
hsa-miR-141-3p,ATP8A1
hsa-miR-141-3p,H2AZ1
hsa-miR-141-3p,PGRMC2
hsa-miR-141-3p,HMGCS1
hsa-miR-141-3p,MIER3
hsa-miR-141-3p,SEMA6A
hsa-miR-141-3p,SEPTIN8
hsa-miR-141-3p,PPP2CA
hsa-miR-141-3p,PANK3
hsa-miR-141-3p,RNF44
hsa-miR-141-3p,TNPO1
hsa-miR-141-3p,SEC24A
hsa-miR-141-3p,MATR3
hsa-miR-141-3p,TCERG1
hsa-miR-141-3p,CPEB4
hsa-miR-141-3p,HNRNPAB
hsa-miR-141-3p,CANX
hsa-miR-141-3p,TFAP2A
hsa-miR-141-3p,DEK
hsa-miR-141-3p,KIAA0408
hsa-miR-141-3p,AL096711.2
hsa-miR-141-3p,E2F3
hsa-miR-141-3p,KCTD20
hsa-miR-141-3p,PTP4A1
hsa-miR-141-3p,AL135905.2
hsa-miR-141-3p,WTAP
hsa-miR-141-3p,QKI
hsa-miR-141-3p,TNS3
hsa-miR-141-3p,YWHAG
hsa-miR-141-3p,GIGYF1
hsa-miR-141-3p,DOCK4
hsa-miR-141-3p,MTPN
hsa-miR-141-3p,RHEB
hsa-miR-141-3p,LMBR1
hsa-miR-141-3p,GLCCI1
hsa-miR-141-3p,AGFG2
hsa-miR-141-3p,BCAP29
hsa-miR-141-3p,DUS4L-BCAP29
hsa-miR-141-3p,CALU
hsa-miR-141-3p,TP53INP1
hsa-miR-141-3p,TMEM70
hsa-miR-141-3p,FAM91A1
hsa-miR-141-3p,RANBP6
hsa-miR-141-3p,RNF38
hsa-miR-141-3p,GOLM1
hsa-miR-141-3p,PALM2AKAP2
hsa-miR-141-3p,ZBTB34
hsa-miR-141-3p,GPM6B
hsa-miR-141-3p,CUL4B
hsa-miR-141-3p,OGT
hsa-miR-141-3p,PGRMC1
hsa-miR-142-3p,PUM1
hsa-miR-142-3p,TMEM59
hsa-miR-142-3p,ZNF644
hsa-miR-142-3p,ASH1L
hsa-miR-142-3p,EDEM3
hsa-miR-142-3p,VAMP3
hsa-miR-142-3p,ELOA
hsa-miR-142-3p,CLIC4
hsa-miR-142-3p,STX12
hsa-miR-142-3p,SUCO
hsa-miR-142-3p,CNIH4
hsa-miR-142-3p,ACBD5
hsa-miR-142-3p,ARHGAP12
hsa-miR-142-3p,KIF5B
hsa-miR-142-3p,CCDC6
hsa-miR-142-3p,JMJD1C
hsa-miR-142-3p,ARID5B
hsa-miR-142-3p,FBXO3
hsa-miR-142-3p,PICALM
hsa-miR-142-3p,IPO7
hsa-miR-142-3p,KMT2A
hsa-miR-142-3p,ATF7IP
hsa-miR-142-3p,MBD6
hsa-miR-142-3p,HMGA2
hsa-miR-142-3p,FNDC3A
hsa-miR-142-3p,PSMB5
hsa-miR-142-3p,HECTD1
hsa-miR-142-3p,CFL2
hsa-miR-142-3p,MORF4L1
hsa-miR-142-3p,SMG1
hsa-miR-142-3p,RFWD3
hsa-miR-142-3p,ZCCHC14
hsa-miR-142-3p,ANKRD11
hsa-miR-142-3p,C16orf70
hsa-miR-142-3p,CRK
hsa-miR-142-3p,LRRC59
hsa-miR-142-3p,TAOK1
hsa-miR-142-3p,RPRD1A
hsa-miR-142-3p,RAB12
hsa-miR-142-3p,RAB3A
hsa-miR-142-3p,AKT1S1
hsa-miR-142-3p,TPM4
hsa-miR-142-3p,ROCK2
hsa-miR-142-3p,ZFP36L2
hsa-miR-142-3p,XPO1
hsa-miR-142-3p,RAB1A
hsa-miR-142-3p,PPP3R1
hsa-miR-142-3p,SLC35F5
hsa-miR-142-3p,ZEB2
hsa-miR-142-3p,TET3
hsa-miR-142-3p,ITGAV
hsa-miR-142-3p,MAP2
hsa-miR-142-3p,ZMYND8
hsa-miR-142-3p,STAU1
hsa-miR-142-3p,ZNF217
hsa-miR-142-3p,MANBAL
hsa-miR-142-3p,GNAS
hsa-miR-142-3p,ERG
hsa-miR-142-3p,SIK1
hsa-miR-142-3p,BACH1
hsa-miR-142-3p,TFG
hsa-miR-142-3p,TIPARP
hsa-miR-142-3p,LPP
hsa-miR-142-3p,RBM47
hsa-miR-142-3p,PGRMC2
hsa-miR-142-3p,MRFAP1
hsa-miR-142-3p,FAM114A1
hsa-miR-142-3p,DCUN1D4
hsa-miR-142-3p,RICTOR
hsa-miR-142-3p,IL6ST
hsa-miR-142-3p,RHOBTB3
hsa-miR-142-3p,SGK1
hsa-miR-142-3p,BCLAF1
hsa-miR-142-3p,HMGA1
hsa-miR-142-3p,MARCKS
hsa-miR-142-3p,UTRN
hsa-miR-142-3p,TAB2
hsa-miR-142-3p,KDELR2
hsa-miR-142-3p,WASL
hsa-miR-142-3p,RHEB
hsa-miR-142-3p,RAC1
hsa-miR-142-3p,CAPZA2
hsa-miR-142-3p,GOLGA1
hsa-miR-142-3p,CLTA
hsa-miR-142-3p,BRWD3
hsa-miR-142-3p,MORF4L2
hsa-miR-142-3p,RTL8A
hsa-miR-142-3p,MMGT1
hsa-miR-142-3p,PRRG1
hsa-miR-142-3p,RTL8C
hsa-miR-143-3p,NRAS
hsa-miR-143-3p,TPM3
hsa-miR-143-3p,ASH1L
hsa-miR-143-3p,NUAK2
hsa-miR-143-3p,LMO4
hsa-miR-143-3p,REEP3
hsa-miR-143-3p,CREBZF
hsa-miR-143-3p,CTNND1
hsa-miR-143-3p,AP001931.2
hsa-miR-143-3p,KLC2
hsa-miR-143-3p,KDM2A
hsa-miR-143-3p,GXYLT1
hsa-miR-143-3p,SLC38A2
hsa-miR-143-3p,GABARAPL1
hsa-miR-143-3p,LARP4
hsa-miR-143-3p,ERBB3
hsa-miR-143-3p,PTPN11
hsa-miR-143-3p,ITM2B
hsa-miR-143-3p,HECTD1
hsa-miR-143-3p,SECISBP2L
hsa-miR-143-3p,CBFB
hsa-miR-143-3p,SSH2
hsa-miR-143-3p,AP2B1
hsa-miR-143-3p,MSI2
hsa-miR-143-3p,NFIC
hsa-miR-143-3p,MOGS
hsa-miR-143-3p,IGFBP5
hsa-miR-143-3p,RMND5A
hsa-miR-143-3p,ITGA6
hsa-miR-143-3p,UBE2E3
hsa-miR-143-3p,SLC39A10
hsa-miR-143-3p,EPM2AIP1
hsa-miR-143-3p,ATP6V1A
hsa-miR-143-3p,FNDC3B
hsa-miR-143-3p,QDPR
hsa-miR-143-3p,MAP1B
hsa-miR-143-3p,SLC35A4
hsa-miR-143-3p,RBM27
hsa-miR-143-3p,MFAP3
hsa-miR-143-3p,SOBP
hsa-miR-143-3p,NCOA7
hsa-miR-143-3p,TTYH3
hsa-miR-143-3p,USP42
hsa-miR-143-3p,SERPINE1
hsa-miR-143-3p,GOLM1
hsa-miR-143-3p,DAPK1
hsa-miR-144-3p,SRSF10
hsa-miR-144-3p,STMN1
hsa-miR-144-3p,PUM1
hsa-miR-144-3p,EFCAB14
hsa-miR-144-3p,SSX2IP
hsa-miR-144-3p,CNN3
hsa-miR-144-3p,LBR
hsa-miR-144-3p,ACBD3
hsa-miR-144-3p,ARID4B
hsa-miR-144-3p,HNRNPU
hsa-miR-144-3p,AGRN
hsa-miR-144-3p,ARID1A
hsa-miR-144-3p,EPB41
hsa-miR-144-3p,MAP7D1
hsa-miR-144-3p,AKIRIN1
hsa-miR-144-3p,ADGRL2
hsa-miR-144-3p,SH3GLB1
hsa-miR-144-3p,DR1
hsa-miR-144-3p,CAPZA1
hsa-miR-144-3p,VANGL1
hsa-miR-144-3p,PTGFRN
hsa-miR-144-3p,UHMK1
hsa-miR-144-3p,ATP1B1
hsa-miR-144-3p,PRRC2C
hsa-miR-144-3p,RGL1
hsa-miR-144-3p,NEK7
hsa-miR-144-3p,ZBTB18
hsa-miR-144-3p,HNRNPF
hsa-miR-144-3p,NET1
hsa-miR-144-3p,ZEB1
hsa-miR-144-3p,UBE2D1
hsa-miR-144-3p,ARID5B
hsa-miR-144-3p,BTAF1
hsa-miR-144-3p,CEP55
hsa-miR-144-3p,PDCD4
hsa-miR-144-3p,NHLRC2
hsa-miR-144-3p,ADRB1
hsa-miR-144-3p,DENND2B
hsa-miR-144-3p,EIF4G2
hsa-miR-144-3p,SHANK2
hsa-miR-144-3p,WEE1
hsa-miR-144-3p,PDE3B
hsa-miR-144-3p,PPFIA1
hsa-miR-144-3p,EMSY
hsa-miR-144-3p,ZC3H12C
hsa-miR-144-3p,APLP2
hsa-miR-144-3p,ATP5MC2
hsa-miR-144-3p,ANKRD52
hsa-miR-144-3p,KITLG
hsa-miR-144-3p,PPTC7
hsa-miR-144-3p,PPP1CC
hsa-miR-144-3p,AEBP2
hsa-miR-144-3p,ARID2
hsa-miR-144-3p,TMBIM6
hsa-miR-144-3p,CAND1
hsa-miR-144-3p,DYRK2
hsa-miR-144-3p,RAP1B
hsa-miR-144-3p,FRS2
hsa-miR-144-3p,TMTC3
hsa-miR-144-3p,SH2B3
hsa-miR-144-3p,SUCLA2
hsa-miR-144-3p,FBXL3
hsa-miR-144-3p,ZMYM2
hsa-miR-144-3p,PDS5B
hsa-miR-144-3p,FNDC3A
hsa-miR-144-3p,MBNL2
hsa-miR-144-3p,MCF2L
hsa-miR-144-3p,GMFB
hsa-miR-144-3p,PABPN1
hsa-miR-144-3p,BCL2L2-PABPN1
hsa-miR-144-3p,FOS
hsa-miR-144-3p,CCNK
hsa-miR-144-3p,EIF5
hsa-miR-144-3p,TJP1
hsa-miR-144-3p,FBN1
hsa-miR-144-3p,MYO1E
hsa-miR-144-3p,SIN3A
hsa-miR-144-3p,TSPAN3
hsa-miR-144-3p,IDH2
hsa-miR-144-3p,THBS1
hsa-miR-144-3p,MAPK6
hsa-miR-144-3p,RNF111
hsa-miR-144-3p,RCN2
hsa-miR-144-3p,ABHD17C
hsa-miR-144-3p,NR2F2
hsa-miR-144-3p,MEF2A
hsa-miR-144-3p,NETO2
hsa-miR-144-3p,CDH11
hsa-miR-144-3p,MTSS2
hsa-miR-144-3p,ANKRD11
hsa-miR-144-3p,MRTFB
hsa-miR-144-3p,TNRC6A
hsa-miR-144-3p,TENT4B
hsa-miR-144-3p,CDH5
hsa-miR-144-3p,UBE2G1
hsa-miR-144-3p,FAM222B
hsa-miR-144-3p,TOP2A
hsa-miR-144-3p,APPBP2
hsa-miR-144-3p,MED13
hsa-miR-144-3p,GNA13
hsa-miR-144-3p,CBX4
hsa-miR-144-3p,PAFAH1B1
hsa-miR-144-3p,TAOK1
hsa-miR-144-3p,ZNF207
hsa-miR-144-3p,KPNA2
hsa-miR-144-3p,PPP4R1
hsa-miR-144-3p,ROCK1
hsa-miR-144-3p,TGIF1
hsa-miR-144-3p,MTCL1
hsa-miR-144-3p,ZNF532
hsa-miR-144-3p,PMAIP1
hsa-miR-144-3p,BBC3
hsa-miR-144-3p,ZNF507
hsa-miR-144-3p,LSM14A
hsa-miR-144-3p,ROCK2
hsa-miR-144-3p,ITSN2
hsa-miR-144-3p,CDC42EP3
hsa-miR-144-3p,ZFP36L2
hsa-miR-144-3p,RAB1A
hsa-miR-144-3p,BAZ2B
hsa-miR-144-3p,NFE2L2
hsa-miR-144-3p,COL5A2
hsa-miR-144-3p,FN1
hsa-miR-144-3p,MYCN
hsa-miR-144-3p,PRKCE
hsa-miR-144-3p,ZNF638
hsa-miR-144-3p,CCNT2
hsa-miR-144-3p,MARCHF7
hsa-miR-144-3p,MOB4
hsa-miR-144-3p,HSPE1-MOB4
hsa-miR-144-3p,BZW1
hsa-miR-144-3p,STAU1
hsa-miR-144-3p,BTBD3
hsa-miR-144-3p,TP53INP2
hsa-miR-144-3p,MRGBP
hsa-miR-144-3p,APP
hsa-miR-144-3p,RUNX1
hsa-miR-144-3p,ZBTB21
hsa-miR-144-3p,MORC3
hsa-miR-144-3p,ZNRF3
hsa-miR-144-3p,ZBED4
hsa-miR-144-3p,ANKRD28
hsa-miR-144-3p,KPNA1
hsa-miR-144-3p,ZNF148
hsa-miR-144-3p,HLTF
hsa-miR-144-3p,TBL1XR1
hsa-miR-144-3p,TFRC
hsa-miR-144-3p,ITPR1
hsa-miR-144-3p,SETD5
hsa-miR-144-3p,RAB5A
hsa-miR-144-3p,GOLGA4
hsa-miR-144-3p,KBTBD8
hsa-miR-144-3p,ALCAM
hsa-miR-144-3p,BBX
hsa-miR-144-3p,ATP2C1
hsa-miR-144-3p,ZBTB38
hsa-miR-144-3p,DIPK2A
hsa-miR-144-3p,SELENOT
hsa-miR-144-3p,MBNL1
hsa-miR-144-3p,UBE2D3
hsa-miR-144-3p,PGRMC2
hsa-miR-144-3p,MAML3
hsa-miR-144-3p,CPEB2
hsa-miR-144-3p,KLF3
hsa-miR-144-3p,TMEM165
hsa-miR-144-3p,TET2
hsa-miR-144-3p,NPNT
hsa-miR-144-3p,FAT4
hsa-miR-144-3p,SMARCA5
hsa-miR-144-3p,RAPGEF2
hsa-miR-144-3p,PDE4D
hsa-miR-144-3p,LYSMD3
hsa-miR-144-3p,ELL2
hsa-miR-144-3p,SEMA6A
hsa-miR-144-3p,FBN2
hsa-miR-144-3p,KIF3A
hsa-miR-144-3p,AFF4
hsa-miR-144-3p,NR3C1
hsa-miR-144-3p,FBXW11
hsa-miR-144-3p,DUSP1
hsa-miR-144-3p,FAM193B
hsa-miR-144-3p,TRIO
hsa-miR-144-3p,ZSWIM6
hsa-miR-144-3p,MAP1B
hsa-miR-144-3p,TNPO1
hsa-miR-144-3p,RGMB
hsa-miR-144-3p,C5orf24
hsa-miR-144-3p,PURA
hsa-miR-144-3p,NDFIP1
hsa-miR-144-3p,NEURL1B
hsa-miR-144-3p,CREBRF
hsa-miR-144-3p,NSD1
hsa-miR-144-3p,RANBP9
hsa-miR-144-3p,C6orf62
hsa-miR-144-3p,GCLC
hsa-miR-144-3p,DST
hsa-miR-144-3p,SYNCRIP
hsa-miR-144-3p,REV3L
hsa-miR-144-3p,ARHGAP18
hsa-miR-144-3p,CITED2
hsa-miR-144-3p,PTP4A1
hsa-miR-144-3p,AL135905.2
hsa-miR-144-3p,PHF3
hsa-miR-144-3p,ZNF292
hsa-miR-144-3p,PNRC1
hsa-miR-144-3p,GJA1
hsa-miR-144-3p,WTAP
hsa-miR-144-3p,IGF2R
hsa-miR-144-3p,QKI
hsa-miR-144-3p,CYTH3
hsa-miR-144-3p,HOXA10
hsa-miR-144-3p,KBTBD2
hsa-miR-144-3p,H2AZ2
hsa-miR-144-3p,TNS3
hsa-miR-144-3p,YWHAG
hsa-miR-144-3p,ZNF800
hsa-miR-144-3p,PODXL
hsa-miR-144-3p,MTPN
hsa-miR-144-3p,GLCCI1
hsa-miR-144-3p,ZNRF2
hsa-miR-144-3p,VKORC1L1
hsa-miR-144-3p,PHTF2
hsa-miR-144-3p,KMT2E
hsa-miR-144-3p,TES
hsa-miR-144-3p,CAV2
hsa-miR-144-3p,STC1
hsa-miR-144-3p,RAB11FIP1
hsa-miR-144-3p,SFRP1
hsa-miR-144-3p,SLC20A2
hsa-miR-144-3p,PLAG1
hsa-miR-144-3p,PDE7A
hsa-miR-144-3p,MYBL1
hsa-miR-144-3p,ARFGEF1
hsa-miR-144-3p,TPD52
hsa-miR-144-3p,IMPA1
hsa-miR-144-3p,ASAP1
hsa-miR-144-3p,YTHDF3
hsa-miR-144-3p,ZFHX4
hsa-miR-144-3p,PKIA
hsa-miR-144-3p,ZC2HC1A
hsa-miR-144-3p,TRIB1
hsa-miR-144-3p,BICD2
hsa-miR-144-3p,ABCA1
hsa-miR-144-3p,PTBP3
hsa-miR-144-3p,PBX3
hsa-miR-144-3p,ZBTB34
hsa-miR-144-3p,FUBP3
hsa-miR-144-3p,MED14
hsa-miR-144-3p,ACSL4
hsa-miR-144-3p,MMGT1
hsa-miR-144-3p,ZFX
hsa-miR-144-3p,BEX3
hsa-miR-144-3p,UBE2A
hsa-miR-145-5p,CAPZB
hsa-miR-145-5p,CC2D1B
hsa-miR-145-5p,TAGLN2
hsa-miR-145-5p,ARPC5
hsa-miR-145-5p,AKIRIN1
hsa-miR-145-5p,ZFYVE9
hsa-miR-145-5p,CCN1
hsa-miR-145-5p,EFNA1
hsa-miR-145-5p,UHMK1
hsa-miR-145-5p,MPZL1
hsa-miR-145-5p,CAMSAP2
hsa-miR-145-5p,LARP4B
hsa-miR-145-5p,ARHGAP21
hsa-miR-145-5p,ARHGAP12
hsa-miR-145-5p,ERLIN1
hsa-miR-145-5p,HELLS
hsa-miR-145-5p,MRPL17
hsa-miR-145-5p,H2AX
hsa-miR-145-5p,SWAP70
hsa-miR-145-5p,QSER1
hsa-miR-145-5p,CTNND1
hsa-miR-145-5p,AP001931.2
hsa-miR-145-5p,PAFAH1B2
hsa-miR-145-5p,KIF21A
hsa-miR-145-5p,SLC38A2
hsa-miR-145-5p,C12orf76
hsa-miR-145-5p,CLIP1
hsa-miR-145-5p,GABARAPL1
hsa-miR-145-5p,NDFIP2
hsa-miR-145-5p,HECTD1
hsa-miR-145-5p,AREL1
hsa-miR-145-5p,ARF6
hsa-miR-145-5p,MPP5
hsa-miR-145-5p,BLOC1S6
hsa-miR-145-5p,TMOD3
hsa-miR-145-5p,APH1B
hsa-miR-145-5p,ABHD17C
hsa-miR-145-5p,AP1G1
hsa-miR-145-5p,CBFB
hsa-miR-145-5p,PMP22
hsa-miR-145-5p,NUFIP2
hsa-miR-145-5p,ACTG1
hsa-miR-145-5p,AP2B1
hsa-miR-145-5p,MYL12A
hsa-miR-145-5p,DYRK1B
hsa-miR-145-5p,U2AF2
hsa-miR-145-5p,FN1
hsa-miR-145-5p,SOX11
hsa-miR-145-5p,SELENOI
hsa-miR-145-5p,CRIM1
hsa-miR-145-5p,UBXN4
hsa-miR-145-5p,MRGBP
hsa-miR-145-5p,AGPAT3
hsa-miR-145-5p,HIC2
hsa-miR-145-5p,CCNL1
hsa-miR-145-5p,TGFBR2
hsa-miR-145-5p,FLNB
hsa-miR-145-5p,ARL6IP5
hsa-miR-145-5p,SLC25A36
hsa-miR-145-5p,EIF4A2
hsa-miR-145-5p,DHX15
hsa-miR-145-5p,PPP3CA
hsa-miR-145-5p,STIM2
hsa-miR-145-5p,FGF5
hsa-miR-145-5p,TET2
hsa-miR-145-5p,ABCE1
hsa-miR-145-5p,TRIM2
hsa-miR-145-5p,DAB2
hsa-miR-145-5p,TMEM167A
hsa-miR-145-5p,ADAM19
hsa-miR-145-5p,CLINT1
hsa-miR-145-5p,ZSWIM6
hsa-miR-145-5p,TNPO1
hsa-miR-145-5p,G3BP1
hsa-miR-145-5p,PGM3
hsa-miR-145-5p,RREB1
hsa-miR-145-5p,ZNF451
hsa-miR-145-5p,FAM135A
hsa-miR-145-5p,PHACTR2
hsa-miR-145-5p,ACTB
hsa-miR-145-5p,YWHAG
hsa-miR-145-5p,FSCN1
hsa-miR-145-5p,SERPINE1
hsa-miR-145-5p,CAV2
hsa-miR-145-5p,ARFGEF1
hsa-miR-145-5p,ZBTB10
hsa-miR-145-5p,ABCA1
hsa-miR-145-5p,RAB14
hsa-miR-145-5p,PSAT1
hsa-miR-145-5p,KLHL15
hsa-miR-146a-5p,NRAS
hsa-miR-146a-5p,BTG2
hsa-miR-146a-5p,FBXO28
hsa-miR-146a-5p,EIF4G2
hsa-miR-146a-5p,TRAF6
hsa-miR-146a-5p,SLC2A3
hsa-miR-146a-5p,FLOT2
hsa-miR-146a-5p,DYNLL2
hsa-miR-146a-5p,MARCHF6
hsa-miR-146a-5p,LFNG
hsa-miR-146a-5p,PDE7A
hsa-miR-146a-5p,DCAF12
hsa-miR-146a-5p,ZNF367
hsa-miR-146a-5p,RABGAP1
hsa-miR-146a-5p,PGK1
hsa-miR-146b-5p,NRAS
hsa-miR-146b-5p,BTG2
hsa-miR-146b-5p,FBXO28
hsa-miR-146b-5p,EIF4G2
hsa-miR-146b-5p,TRAF6
hsa-miR-146b-5p,SLC2A3
hsa-miR-146b-5p,FLOT2
hsa-miR-146b-5p,DYNLL2
hsa-miR-146b-5p,ADAM19
hsa-miR-146b-5p,MARCHF6
hsa-miR-146b-5p,LFNG
hsa-miR-146b-5p,PDE7A
hsa-miR-146b-5p,DCAF12
hsa-miR-146b-5p,ZNF367
hsa-miR-146b-5p,RABGAP1
hsa-miR-146b-5p,PGK1
hsa-miR-148a-3p,ERRFI1
hsa-miR-148a-3p,MTF1
hsa-miR-148a-3p,SLC2A1
hsa-miR-148a-3p,LRRC41
hsa-miR-148a-3p,SERBP1
hsa-miR-148a-3p,USP33
hsa-miR-148a-3p,F3
hsa-miR-148a-3p,TXNIP
hsa-miR-148a-3p,PBXIP1
hsa-miR-148a-3p,DEDD
hsa-miR-148a-3p,STX6
hsa-miR-148a-3p,LBR
hsa-miR-148a-3p,CLCN6
hsa-miR-148a-3p,SZRD1
hsa-miR-148a-3p,PNRC2
hsa-miR-148a-3p,SESN2
hsa-miR-148a-3p,AGO1
hsa-miR-148a-3p,PDE4B
hsa-miR-148a-3p,GADD45A
hsa-miR-148a-3p,DNAJB4
hsa-miR-148a-3p,S1PR1
hsa-miR-148a-3p,CSF1
hsa-miR-148a-3p,SLC25A44
hsa-miR-148a-3p,UHMK1
hsa-miR-148a-3p,FBXO28
hsa-miR-148a-3p,KLF6
hsa-miR-148a-3p,NRP1
hsa-miR-148a-3p,CCDC6
hsa-miR-148a-3p,ERLIN1
hsa-miR-148a-3p,PTEN
hsa-miR-148a-3p,SLF2
hsa-miR-148a-3p,TMEM9B
hsa-miR-148a-3p,SBF2
hsa-miR-148a-3p,PICALM
hsa-miR-148a-3p,DDX6
hsa-miR-148a-3p,KLC2
hsa-miR-148a-3p,KMT2A
hsa-miR-148a-3p,SLC2A3
hsa-miR-148a-3p,SCAF11
hsa-miR-148a-3p,ITGA5
hsa-miR-148a-3p,PTGES3
hsa-miR-148a-3p,NAP1L1
hsa-miR-148a-3p,E2F7
hsa-miR-148a-3p,CDKN1B
hsa-miR-148a-3p,RASSF8
hsa-miR-148a-3p,STK38L
hsa-miR-148a-3p,CAND1
hsa-miR-148a-3p,DYRK2
hsa-miR-148a-3p,HSP90B1
hsa-miR-148a-3p,ATP2A2
hsa-miR-148a-3p,MLEC
hsa-miR-148a-3p,ATP11A
hsa-miR-148a-3p,SOS2
hsa-miR-148a-3p,GMFB
hsa-miR-148a-3p,ZFYVE26
hsa-miR-148a-3p,MAP3K9
hsa-miR-148a-3p,ITPK1
hsa-miR-148a-3p,DICER1
hsa-miR-148a-3p,GLRX5
hsa-miR-148a-3p,SECISBP2L
hsa-miR-148a-3p,NPTN
hsa-miR-148a-3p,PDIA3
hsa-miR-148a-3p,ARL6IP1
hsa-miR-148a-3p,GGA2
hsa-miR-148a-3p,MTSS2
hsa-miR-148a-3p,TMEM170A
hsa-miR-148a-3p,SLC7A5
hsa-miR-148a-3p,TNRC6A
hsa-miR-148a-3p,RAB34
hsa-miR-148a-3p,FLOT2
hsa-miR-148a-3p,GPATCH8
hsa-miR-148a-3p,MMD
hsa-miR-148a-3p,MAFG
hsa-miR-148a-3p,KDM6B
hsa-miR-148a-3p,AKAP1
hsa-miR-148a-3p,DYNLL2
hsa-miR-148a-3p,VMP1
hsa-miR-148a-3p,TNRC6C
hsa-miR-148a-3p,SPIRE1
hsa-miR-148a-3p,RAB12
hsa-miR-148a-3p,C18orf25
hsa-miR-148a-3p,PPP6R1
hsa-miR-148a-3p,ARID3A
hsa-miR-148a-3p,PNPLA6
hsa-miR-148a-3p,LDLR
hsa-miR-148a-3p,RTN4
hsa-miR-148a-3p,MGAT4A
hsa-miR-148a-3p,TBC1D8
hsa-miR-148a-3p,BAZ2B
hsa-miR-148a-3p,SESTD1
hsa-miR-148a-3p,ORMDL1
hsa-miR-148a-3p,PPP1CB
hsa-miR-148a-3p,LTBP1
hsa-miR-148a-3p,EPAS1
hsa-miR-148a-3p,TMSB10
hsa-miR-148a-3p,RMND5A
hsa-miR-148a-3p,BCL2L11
hsa-miR-148a-3p,TANC1
hsa-miR-148a-3p,CERS6
hsa-miR-148a-3p,AGFG1
hsa-miR-148a-3p,NOL4L
hsa-miR-148a-3p,B4GALT5
hsa-miR-148a-3p,PRNP
hsa-miR-148a-3p,BTBD3
hsa-miR-148a-3p,PHF20
hsa-miR-148a-3p,YWHAB
hsa-miR-148a-3p,CTSA
hsa-miR-148a-3p,SYNJ1
hsa-miR-148a-3p,SIK1
hsa-miR-148a-3p,DYRK1A
hsa-miR-148a-3p,RBFOX2
hsa-miR-148a-3p,DCP1A
hsa-miR-148a-3p,ARF4
hsa-miR-148a-3p,EOGT
hsa-miR-148a-3p,TOMM70
hsa-miR-148a-3p,NCEH1
hsa-miR-148a-3p,TBL1XR1
hsa-miR-148a-3p,ARL8B
hsa-miR-148a-3p,ALCAM
hsa-miR-148a-3p,FXR1
hsa-miR-148a-3p,SGCB
hsa-miR-148a-3p,UBE2D3
hsa-miR-148a-3p,CCNA2
hsa-miR-148a-3p,OTUD4
hsa-miR-148a-3p,PRKAA1
hsa-miR-148a-3p,ARRDC3
hsa-miR-148a-3p,CHD1
hsa-miR-148a-3p,TMED7
hsa-miR-148a-3p,MACROH2A1
hsa-miR-148a-3p,DUSP1
hsa-miR-148a-3p,MAP1B
hsa-miR-148a-3p,PHAX
hsa-miR-148a-3p,CANX
hsa-miR-148a-3p,CNOT6
hsa-miR-148a-3p,C6orf62
hsa-miR-148a-3p,ADGRF5
hsa-miR-148a-3p,TSPYL1
hsa-miR-148a-3p,JARID2
hsa-miR-148a-3p,NFYA
hsa-miR-148a-3p,CYTH3
hsa-miR-148a-3p,WASL
hsa-miR-148a-3p,CCT6A
hsa-miR-148a-3p,RSBN1L
hsa-miR-148a-3p,LMTK2
hsa-miR-148a-3p,SERPINE1
hsa-miR-148a-3p,CAV2
hsa-miR-148a-3p,MET
hsa-miR-148a-3p,ASPH
hsa-miR-148a-3p,MYBL1
hsa-miR-148a-3p,MTMR9
hsa-miR-148a-3p,LEPROTL1
hsa-miR-148a-3p,MAF1
hsa-miR-148a-3p,RNF38
hsa-miR-148a-3p,GAS1
hsa-miR-148a-3p,ABCA1
hsa-miR-148a-3p,RAB14
hsa-miR-148a-3p,NRARP
hsa-miR-148a-3p,SCML2
hsa-miR-148a-3p,TMSB4X
hsa-miR-148a-3p,SMS
hsa-miR-148b-3p,ERRFI1
hsa-miR-148b-3p,MTF1
hsa-miR-148b-3p,SLC2A1
hsa-miR-148b-3p,LRRC41
hsa-miR-148b-3p,SERBP1
hsa-miR-148b-3p,USP33
hsa-miR-148b-3p,F3
hsa-miR-148b-3p,TXNIP
hsa-miR-148b-3p,PBXIP1
hsa-miR-148b-3p,DEDD
hsa-miR-148b-3p,STX6
hsa-miR-148b-3p,LBR
hsa-miR-148b-3p,SZRD1
hsa-miR-148b-3p,PNRC2
hsa-miR-148b-3p,SESN2
hsa-miR-148b-3p,AGO1
hsa-miR-148b-3p,PDE4B
hsa-miR-148b-3p,GADD45A
hsa-miR-148b-3p,DNAJB4
hsa-miR-148b-3p,S1PR1
hsa-miR-148b-3p,CSF1
hsa-miR-148b-3p,SLC25A44
hsa-miR-148b-3p,UHMK1
hsa-miR-148b-3p,FBXO28
hsa-miR-148b-3p,KLF6
hsa-miR-148b-3p,NRP1
hsa-miR-148b-3p,CCDC6
hsa-miR-148b-3p,ERLIN1
hsa-miR-148b-3p,PTEN
hsa-miR-148b-3p,SLF2
hsa-miR-148b-3p,TMEM9B
hsa-miR-148b-3p,SBF2
hsa-miR-148b-3p,DDX6
hsa-miR-148b-3p,KLC2
hsa-miR-148b-3p,KMT2A
hsa-miR-148b-3p,SLC2A3
hsa-miR-148b-3p,SCAF11
hsa-miR-148b-3p,ITGA5
hsa-miR-148b-3p,PTGES3
hsa-miR-148b-3p,NAP1L1
hsa-miR-148b-3p,E2F7
hsa-miR-148b-3p,CDKN1B
hsa-miR-148b-3p,RASSF8
hsa-miR-148b-3p,STK38L
hsa-miR-148b-3p,CAND1
hsa-miR-148b-3p,DYRK2
hsa-miR-148b-3p,HSP90B1
hsa-miR-148b-3p,ATP2A2
hsa-miR-148b-3p,MLEC
hsa-miR-148b-3p,ATP11A
hsa-miR-148b-3p,SOS2
hsa-miR-148b-3p,GMFB
hsa-miR-148b-3p,ZFYVE26
hsa-miR-148b-3p,MAP3K9
hsa-miR-148b-3p,ITPK1
hsa-miR-148b-3p,DICER1
hsa-miR-148b-3p,GLRX5
hsa-miR-148b-3p,SECISBP2L
hsa-miR-148b-3p,NPTN
hsa-miR-148b-3p,PDIA3
hsa-miR-148b-3p,ARL6IP1
hsa-miR-148b-3p,GGA2
hsa-miR-148b-3p,MTSS2
hsa-miR-148b-3p,ZFHX3
hsa-miR-148b-3p,TMEM170A
hsa-miR-148b-3p,SLC7A5
hsa-miR-148b-3p,TNRC6A
hsa-miR-148b-3p,RAB34
hsa-miR-148b-3p,FLOT2
hsa-miR-148b-3p,GPATCH8
hsa-miR-148b-3p,MMD
hsa-miR-148b-3p,MAFG
hsa-miR-148b-3p,KDM6B
hsa-miR-148b-3p,DYNLL2
hsa-miR-148b-3p,VMP1
hsa-miR-148b-3p,TNRC6C
hsa-miR-148b-3p,SPIRE1
hsa-miR-148b-3p,RAB12
hsa-miR-148b-3p,C18orf25
hsa-miR-148b-3p,PPP6R1
hsa-miR-148b-3p,ARID3A
hsa-miR-148b-3p,PNPLA6
hsa-miR-148b-3p,LDLR
hsa-miR-148b-3p,RTN4
hsa-miR-148b-3p,MGAT4A
hsa-miR-148b-3p,TBC1D8
hsa-miR-148b-3p,BAZ2B
hsa-miR-148b-3p,SESTD1
hsa-miR-148b-3p,ORMDL1
hsa-miR-148b-3p,PPP1CB
hsa-miR-148b-3p,LTBP1
hsa-miR-148b-3p,EPAS1
hsa-miR-148b-3p,TMSB10
hsa-miR-148b-3p,RMND5A
hsa-miR-148b-3p,BCL2L11
hsa-miR-148b-3p,TANC1
hsa-miR-148b-3p,CERS6
hsa-miR-148b-3p,AGFG1
hsa-miR-148b-3p,NOL4L
hsa-miR-148b-3p,B4GALT5
hsa-miR-148b-3p,PRNP
hsa-miR-148b-3p,BTBD3
hsa-miR-148b-3p,PHF20
hsa-miR-148b-3p,YWHAB
hsa-miR-148b-3p,CTSA
hsa-miR-148b-3p,SYNJ1
hsa-miR-148b-3p,SIK1
hsa-miR-148b-3p,DYRK1A
hsa-miR-148b-3p,RBFOX2
hsa-miR-148b-3p,DCP1A
hsa-miR-148b-3p,ARF4
hsa-miR-148b-3p,EOGT
hsa-miR-148b-3p,TOMM70
hsa-miR-148b-3p,NCEH1
hsa-miR-148b-3p,TBL1XR1
hsa-miR-148b-3p,ARL8B
hsa-miR-148b-3p,FXR1
hsa-miR-148b-3p,SGCB
hsa-miR-148b-3p,UBE2D3
hsa-miR-148b-3p,CCNA2
hsa-miR-148b-3p,OTUD4
hsa-miR-148b-3p,PRKAA1
hsa-miR-148b-3p,ARRDC3
hsa-miR-148b-3p,CHD1
hsa-miR-148b-3p,TMED7
hsa-miR-148b-3p,MACROH2A1
hsa-miR-148b-3p,DUSP1
hsa-miR-148b-3p,MAP1B
hsa-miR-148b-3p,MACIR
hsa-miR-148b-3p,PHAX
hsa-miR-148b-3p,CANX
hsa-miR-148b-3p,CNOT6
hsa-miR-148b-3p,C6orf62
hsa-miR-148b-3p,ADGRF5
hsa-miR-148b-3p,TSPYL1
hsa-miR-148b-3p,JARID2
hsa-miR-148b-3p,NFYA
hsa-miR-148b-3p,CYTH3
hsa-miR-148b-3p,WASL
hsa-miR-148b-3p,CCT6A
hsa-miR-148b-3p,RSBN1L
hsa-miR-148b-3p,LMTK2
hsa-miR-148b-3p,SERPINE1
hsa-miR-148b-3p,CAV2
hsa-miR-148b-3p,MET
hsa-miR-148b-3p,ASPH
hsa-miR-148b-3p,MYBL1
hsa-miR-148b-3p,TRPS1
hsa-miR-148b-3p,MTMR9
hsa-miR-148b-3p,LEPROTL1
hsa-miR-148b-3p,MAF1
hsa-miR-148b-3p,RNF38
hsa-miR-148b-3p,GAS1
hsa-miR-148b-3p,ABCA1
hsa-miR-148b-3p,RAB14
hsa-miR-148b-3p,NRARP
hsa-miR-148b-3p,SCML2
hsa-miR-148b-3p,TMSB4X
hsa-miR-148b-3p,SMS
hsa-miR-149-5p,MARCKSL1
hsa-miR-149-5p,CCT3
hsa-miR-149-5p,MAP7D1
hsa-miR-149-5p,RNF11
hsa-miR-149-5p,CNIH4
hsa-miR-149-5p,CCDC6
hsa-miR-149-5p,ERLIN1
hsa-miR-149-5p,MRPL17
hsa-miR-149-5p,SF1
hsa-miR-149-5p,ANKRD52
hsa-miR-149-5p,CDK17
hsa-miR-149-5p,SHMT2
hsa-miR-149-5p,ATP2A2
hsa-miR-149-5p,BCL2L2
hsa-miR-149-5p,EIF5
hsa-miR-149-5p,GIT1
hsa-miR-149-5p,STARD3
hsa-miR-149-5p,IGF2BP1
hsa-miR-149-5p,LUC7L3
hsa-miR-149-5p,RNF138
hsa-miR-149-5p,SGTA
hsa-miR-149-5p,FZD5
hsa-miR-149-5p,STRADB
hsa-miR-149-5p,TOP1
hsa-miR-149-5p,TMEM184B
hsa-miR-149-5p,AMOTL2
hsa-miR-149-5p,ARPC4
hsa-miR-149-5p,CCNI
hsa-miR-149-5p,PLAG1
hsa-miR-150-5p,NDC1
hsa-miR-150-5p,DCAF6
hsa-miR-150-5p,PDCD4
hsa-miR-150-5p,B4GAT1
hsa-miR-150-5p,ADIPOR2
hsa-miR-150-5p,MBD6
hsa-miR-150-5p,HSP90B1
hsa-miR-150-5p,UBFD1
hsa-miR-150-5p,CPD
hsa-miR-150-5p,DYNLL2
hsa-miR-150-5p,VMP1
hsa-miR-150-5p,PRKAR1A
hsa-miR-150-5p,TBC1D20
hsa-miR-150-5p,CMTM6
hsa-miR-150-5p,NR1D2
hsa-miR-150-5p,CTNNB1
hsa-miR-150-5p,ETF1
hsa-miR-150-5p,ADAM19
hsa-miR-150-5p,FBXW11
hsa-miR-150-5p,BASP1
hsa-miR-150-5p,MAP1B
hsa-miR-150-5p,PTP4A1
hsa-miR-150-5p,AL135905.2
hsa-miR-150-5p,CALU
hsa-miR-150-5p,PPP2CB
hsa-miR-150-5p,RAD23B
hsa-miR-150-5p,PRPS1
hsa-miR-152-3p,ERRFI1
hsa-miR-152-3p,MTF1
hsa-miR-152-3p,SLC2A1
hsa-miR-152-3p,LRRC41
hsa-miR-152-3p,SERBP1
hsa-miR-152-3p,USP33
hsa-miR-152-3p,F3
hsa-miR-152-3p,TXNIP
hsa-miR-152-3p,PBXIP1
hsa-miR-152-3p,DEDD
hsa-miR-152-3p,STX6
hsa-miR-152-3p,LBR
hsa-miR-152-3p,SZRD1
hsa-miR-152-3p,PNRC2
hsa-miR-152-3p,SESN2
hsa-miR-152-3p,AGO1
hsa-miR-152-3p,PDE4B
hsa-miR-152-3p,GADD45A
hsa-miR-152-3p,DNAJB4
hsa-miR-152-3p,S1PR1
hsa-miR-152-3p,CSF1
hsa-miR-152-3p,SLC25A44
hsa-miR-152-3p,UHMK1
hsa-miR-152-3p,FBXO28
hsa-miR-152-3p,KLF6
hsa-miR-152-3p,NRP1
hsa-miR-152-3p,CCDC6
hsa-miR-152-3p,ERLIN1
hsa-miR-152-3p,PTEN
hsa-miR-152-3p,SLF2
hsa-miR-152-3p,TMEM9B
hsa-miR-152-3p,SBF2
hsa-miR-152-3p,DDX6
hsa-miR-152-3p,KLC2
hsa-miR-152-3p,KMT2A
hsa-miR-152-3p,SLC2A3
hsa-miR-152-3p,SCAF11
hsa-miR-152-3p,ITGA5
hsa-miR-152-3p,PTGES3
hsa-miR-152-3p,NAP1L1
hsa-miR-152-3p,E2F7
hsa-miR-152-3p,PPP1R12A
hsa-miR-152-3p,CDKN1B
hsa-miR-152-3p,RASSF8
hsa-miR-152-3p,STK38L
hsa-miR-152-3p,CAND1
hsa-miR-152-3p,DYRK2
hsa-miR-152-3p,HSP90B1
hsa-miR-152-3p,ATP2A2
hsa-miR-152-3p,MLEC
hsa-miR-152-3p,ATP11A
hsa-miR-152-3p,SOS2
hsa-miR-152-3p,GMFB
hsa-miR-152-3p,ZFYVE26
hsa-miR-152-3p,MAP3K9
hsa-miR-152-3p,ITPK1
hsa-miR-152-3p,DICER1
hsa-miR-152-3p,GLRX5
hsa-miR-152-3p,SECISBP2L
hsa-miR-152-3p,NPTN
hsa-miR-152-3p,PDIA3
hsa-miR-152-3p,ARL6IP1
hsa-miR-152-3p,GGA2
hsa-miR-152-3p,MTSS2
hsa-miR-152-3p,ZFHX3
hsa-miR-152-3p,TMEM170A
hsa-miR-152-3p,SLC7A5
hsa-miR-152-3p,TNRC6A
hsa-miR-152-3p,RAB34
hsa-miR-152-3p,FLOT2
hsa-miR-152-3p,GPATCH8
hsa-miR-152-3p,MMD
hsa-miR-152-3p,MAFG
hsa-miR-152-3p,KDM6B
hsa-miR-152-3p,DYNLL2
hsa-miR-152-3p,VMP1
hsa-miR-152-3p,TNRC6C
hsa-miR-152-3p,SPIRE1
hsa-miR-152-3p,RAB12
hsa-miR-152-3p,MTCL1
hsa-miR-152-3p,C18orf25
hsa-miR-152-3p,PPP6R1
hsa-miR-152-3p,ARID3A
hsa-miR-152-3p,PNPLA6
hsa-miR-152-3p,LDLR
hsa-miR-152-3p,RTN4
hsa-miR-152-3p,MGAT4A
hsa-miR-152-3p,TBC1D8
hsa-miR-152-3p,BAZ2B
hsa-miR-152-3p,SESTD1
hsa-miR-152-3p,ORMDL1
hsa-miR-152-3p,PPP1CB
hsa-miR-152-3p,LTBP1
hsa-miR-152-3p,EPAS1
hsa-miR-152-3p,TMSB10
hsa-miR-152-3p,RMND5A
hsa-miR-152-3p,BCL2L11
hsa-miR-152-3p,TANC1
hsa-miR-152-3p,CERS6
hsa-miR-152-3p,AGFG1
hsa-miR-152-3p,NOL4L
hsa-miR-152-3p,B4GALT5
hsa-miR-152-3p,PRNP
hsa-miR-152-3p,BTBD3
hsa-miR-152-3p,PHF20
hsa-miR-152-3p,YWHAB
hsa-miR-152-3p,CTSA
hsa-miR-152-3p,SYNJ1
hsa-miR-152-3p,SIK1
hsa-miR-152-3p,DYRK1A
hsa-miR-152-3p,RBFOX2
hsa-miR-152-3p,DCP1A
hsa-miR-152-3p,ARF4
hsa-miR-152-3p,EOGT
hsa-miR-152-3p,TOMM70
hsa-miR-152-3p,NCEH1
hsa-miR-152-3p,TBL1XR1
hsa-miR-152-3p,ARL8B
hsa-miR-152-3p,FXR1
hsa-miR-152-3p,SGCB
hsa-miR-152-3p,UBE2D3
hsa-miR-152-3p,CCNA2
hsa-miR-152-3p,OTUD4
hsa-miR-152-3p,PRKAA1
hsa-miR-152-3p,ARRDC3
hsa-miR-152-3p,CHD1
hsa-miR-152-3p,TMED7
hsa-miR-152-3p,MACROH2A1
hsa-miR-152-3p,DUSP1
hsa-miR-152-3p,MAP1B
hsa-miR-152-3p,TNPO1
hsa-miR-152-3p,MACIR
hsa-miR-152-3p,PHAX
hsa-miR-152-3p,CANX
hsa-miR-152-3p,CNOT6
hsa-miR-152-3p,C6orf62
hsa-miR-152-3p,ADGRF5
hsa-miR-152-3p,TSPYL1
hsa-miR-152-3p,JARID2
hsa-miR-152-3p,NFYA
hsa-miR-152-3p,CYTH3
hsa-miR-152-3p,WASL
hsa-miR-152-3p,CCT6A
hsa-miR-152-3p,RSBN1L
hsa-miR-152-3p,LMTK2
hsa-miR-152-3p,SERPINE1
hsa-miR-152-3p,CAV2
hsa-miR-152-3p,MET
hsa-miR-152-3p,ASPH
hsa-miR-152-3p,MYBL1
hsa-miR-152-3p,MTMR9
hsa-miR-152-3p,LEPROTL1
hsa-miR-152-3p,MAF1
hsa-miR-152-3p,RNF38
hsa-miR-152-3p,GAS1
hsa-miR-152-3p,ABCA1
hsa-miR-152-3p,RAB14
hsa-miR-152-3p,NRARP
hsa-miR-152-3p,SCML2
hsa-miR-152-3p,TMSB4X
hsa-miR-152-3p,SMS
hsa-miR-153-3p,CNN3
hsa-miR-153-3p,MCL1
hsa-miR-153-3p,PBXIP1
hsa-miR-153-3p,ARID1A
hsa-miR-153-3p,DNAJB4
hsa-miR-153-3p,PKN2
hsa-miR-153-3p,MTF2
hsa-miR-153-3p,EFNA3
hsa-miR-153-3p,DNM3
hsa-miR-153-3p,LAMC1
hsa-miR-153-3p,ARF1
hsa-miR-153-3p,ZDHHC6
hsa-miR-153-3p,DDIT4
hsa-miR-153-3p,VCL
hsa-miR-153-3p,IPO7
hsa-miR-153-3p,APLP2
hsa-miR-153-3p,KDM5A
hsa-miR-153-3p,ACVR1B
hsa-miR-153-3p,FRS2
hsa-miR-153-3p,ATP2A2
hsa-miR-153-3p,IRS2
hsa-miR-153-3p,KLF5
hsa-miR-153-3p,LAMP1
hsa-miR-153-3p,CFL2
hsa-miR-153-3p,FERMT2
hsa-miR-153-3p,ARPP19
hsa-miR-153-3p,NPTN
hsa-miR-153-3p,SPRED1
hsa-miR-153-3p,CTDSPL2
hsa-miR-153-3p,GLCE
hsa-miR-153-3p,USP31
hsa-miR-153-3p,TNRC6A
hsa-miR-153-3p,CBFB
hsa-miR-153-3p,SMARCD2
hsa-miR-153-3p,GRB2
hsa-miR-153-3p,TNRC6C
hsa-miR-153-3p,ROCK1
hsa-miR-153-3p,DOT1L
hsa-miR-153-3p,KMT2B
hsa-miR-153-3p,SERTAD2
hsa-miR-153-3p,SP3
hsa-miR-153-3p,NFE2L2
hsa-miR-153-3p,TRAK2
hsa-miR-153-3p,SOCS5
hsa-miR-153-3p,MAT2A
hsa-miR-153-3p,ZNFX1
hsa-miR-153-3p,FAM210B
hsa-miR-153-3p,APP
hsa-miR-153-3p,MORC3
hsa-miR-153-3p,SATB1
hsa-miR-153-3p,ATP13A3
hsa-miR-153-3p,TGFBR2
hsa-miR-153-3p,BSN
hsa-miR-153-3p,FXR1
hsa-miR-153-3p,RCHY1
hsa-miR-153-3p,SNCA
hsa-miR-153-3p,OTUD4
hsa-miR-153-3p,CPEB2
hsa-miR-153-3p,KLF3
hsa-miR-153-3p,SLAIN2
hsa-miR-153-3p,SEPTIN11
hsa-miR-153-3p,GAB1
hsa-miR-153-3p,DAB2
hsa-miR-153-3p,FEM1C
hsa-miR-153-3p,ADAM19
hsa-miR-153-3p,TRIO
hsa-miR-153-3p,RAI14
hsa-miR-153-3p,PIK3R1
hsa-miR-153-3p,RASA1
hsa-miR-153-3p,CPEB4
hsa-miR-153-3p,CANX
hsa-miR-153-3p,CITED2
hsa-miR-153-3p,LATS1
hsa-miR-153-3p,SMIM13
hsa-miR-153-3p,UTRN
hsa-miR-153-3p,QKI
hsa-miR-153-3p,DPY19L1
hsa-miR-153-3p,SMURF1
hsa-miR-153-3p,TSC22D4
hsa-miR-153-3p,TES
hsa-miR-153-3p,LRP12
hsa-miR-153-3p,NFIB
hsa-miR-153-3p,B4GALT1
hsa-miR-153-3p,SIGMAR1
hsa-miR-153-3p,SCML2
hsa-miR-153-3p,EIF1AX
hsa-miR-153-3p,TMSB4X
hsa-miR-153-3p,FMR1
hsa-miR-154-5p,HNRNPR
hsa-miR-154-5p,RNF11
hsa-miR-154-5p,CPEB3
hsa-miR-154-5p,WAC
hsa-miR-154-5p,RAB5B
hsa-miR-154-5p,KLHL28
hsa-miR-154-5p,COPS2
hsa-miR-154-5p,FBXL16
hsa-miR-154-5p,SRSF7
hsa-miR-154-5p,SOCS5
hsa-miR-154-5p,PLAGL2
hsa-miR-154-5p,ADNP
hsa-miR-154-5p,LPP
hsa-miR-154-5p,UBE2D3
hsa-miR-154-5p,FNIP1
hsa-miR-154-5p,HNRNPA0
hsa-miR-154-5p,MTUS1
hsa-miR-155-5p,E2F2
hsa-miR-155-5p,ZNF644
hsa-miR-155-5p,KDM5B
hsa-miR-155-5p,IRF2BP2
hsa-miR-155-5p,TOMM20
hsa-miR-155-5p,S1PR1
hsa-miR-155-5p,CDC73
hsa-miR-155-5p,KCTD3
hsa-miR-155-5p,ZBTB18
hsa-miR-155-5p,SEPHS1
hsa-miR-155-5p,PANK1
hsa-miR-155-5p,TM9SF3
hsa-miR-155-5p,ARL5B
hsa-miR-155-5p,LCOR
hsa-miR-155-5p,PICALM
hsa-miR-155-5p,ETS1
hsa-miR-155-5p,WEE1
hsa-miR-155-5p,PTPRJ
hsa-miR-155-5p,KDM2A
hsa-miR-155-5p,TBRG1
hsa-miR-155-5p,KRAS
hsa-miR-155-5p,WNK1
hsa-miR-155-5p,PDE3A
hsa-miR-155-5p,ARID2
hsa-miR-155-5p,RAP1B
hsa-miR-155-5p,CHD8
hsa-miR-155-5p,STRN3
hsa-miR-155-5p,SPTSSA
hsa-miR-155-5p,CNIH1
hsa-miR-155-5p,RCOR1
hsa-miR-155-5p,RCN2
hsa-miR-155-5p,NR2F2
hsa-miR-155-5p,ATXN1L
hsa-miR-155-5p,YWHAE
hsa-miR-155-5p,ANKFY1
hsa-miR-155-5p,LRRC59
hsa-miR-155-5p,VEZF1
hsa-miR-155-5p,DHX40
hsa-miR-155-5p,TCF4
hsa-miR-155-5p,RELCH
hsa-miR-155-5p,PEG3
hsa-miR-155-5p,CSNK1G2
hsa-miR-155-5p,ZFP36L2
hsa-miR-155-5p,FBXO11
hsa-miR-155-5p,PELI1
hsa-miR-155-5p,SP3
hsa-miR-155-5p,SOCS5
hsa-miR-155-5p,HNRNPA3
hsa-miR-155-5p,CEBPB
hsa-miR-155-5p,GNAS
hsa-miR-155-5p,BACH1
hsa-miR-155-5p,MORC3
hsa-miR-155-5p,GSK3B
hsa-miR-155-5p,TGFBR2
hsa-miR-155-5p,ZBTB38
hsa-miR-155-5p,G3BP2
hsa-miR-155-5p,ANTXR2
hsa-miR-155-5p,TMEM33
hsa-miR-155-5p,JADE1
hsa-miR-155-5p,HMGCS1
hsa-miR-155-5p,MIER3
hsa-miR-155-5p,ELL2
hsa-miR-155-5p,KIF3A
hsa-miR-155-5p,CSNK1A1
hsa-miR-155-5p,PIK3R1
hsa-miR-155-5p,CREBRF
hsa-miR-155-5p,HIVEP2
hsa-miR-155-5p,RREB1
hsa-miR-155-5p,JARID2
hsa-miR-155-5p,FAM135A
hsa-miR-155-5p,FOXO3
hsa-miR-155-5p,TAB2
hsa-miR-155-5p,QKI
hsa-miR-155-5p,KBTBD2
hsa-miR-155-5p,LAT2
hsa-miR-155-5p,DMTF1
hsa-miR-155-5p,TP53INP1
hsa-miR-155-5p,YWHAZ
hsa-miR-155-5p,LRP12
hsa-miR-155-5p,TRPS1
hsa-miR-155-5p,CHD7
hsa-miR-155-5p,PSIP1
hsa-miR-155-5p,C9orf78
hsa-miR-155-5p,ATP6V1G1
hsa-miR-155-5p,TRIM32
hsa-miR-15a-5p,HSPG2
hsa-miR-15a-5p,YRDC
hsa-miR-15a-5p,PLPP3
hsa-miR-15a-5p,FUBP1
hsa-miR-15a-5p,TGFBR3
hsa-miR-15a-5p,CSDE1
hsa-miR-15a-5p,NOTCH2
hsa-miR-15a-5p,TXNIP
hsa-miR-15a-5p,PRKAB2
hsa-miR-15a-5p,UBE2Q1
hsa-miR-15a-5p,FAM189B
hsa-miR-15a-5p,ASH1L
hsa-miR-15a-5p,HDGF
hsa-miR-15a-5p,COP1
hsa-miR-15a-5p,PHLDA3
hsa-miR-15a-5p,AKT3
hsa-miR-15a-5p,KIF1B
hsa-miR-15a-5p,SPEN
hsa-miR-15a-5p,PDIK1L
hsa-miR-15a-5p,AGO1
hsa-miR-15a-5p,SRSF11
hsa-miR-15a-5p,MIGA1
hsa-miR-15a-5p,DNAJB4
hsa-miR-15a-5p,KCNC4
hsa-miR-15a-5p,LRIG2
hsa-miR-15a-5p,PRRC2C
hsa-miR-15a-5p,SUCO
hsa-miR-15a-5p,LAMC1
hsa-miR-15a-5p,NAV1
hsa-miR-15a-5p,BTG2
hsa-miR-15a-5p,RASSF5
hsa-miR-15a-5p,MAP3K21
hsa-miR-15a-5p,GDI2
hsa-miR-15a-5p,CCDC6
hsa-miR-15a-5p,ANXA11
hsa-miR-15a-5p,GLUD1
hsa-miR-15a-5p,RAB11FIP2
hsa-miR-15a-5p,CACUL1
hsa-miR-15a-5p,PPIF
hsa-miR-15a-5p,CEP55
hsa-miR-15a-5p,SLC35G1
hsa-miR-15a-5p,ENTPD7
hsa-miR-15a-5p,BTRC
hsa-miR-15a-5p,PDCD4
hsa-miR-15a-5p,SHOC2
hsa-miR-15a-5p,FAM160B1
hsa-miR-15a-5p,PLEKHA1
hsa-miR-15a-5p,SLC25A22
hsa-miR-15a-5p,SOX6
hsa-miR-15a-5p,SPTBN2
hsa-miR-15a-5p,C11orf24
hsa-miR-15a-5p,UCP2
hsa-miR-15a-5p,PPP2R1B
hsa-miR-15a-5p,SRPRA
hsa-miR-15a-5p,ARHGAP32
hsa-miR-15a-5p,SMPD1
hsa-miR-15a-5p,IPO7
hsa-miR-15a-5p,WEE1
hsa-miR-15a-5p,ARL2
hsa-miR-15a-5p,PPP6R3
hsa-miR-15a-5p,CCND1
hsa-miR-15a-5p,AMOTL1
hsa-miR-15a-5p,YAP1
hsa-miR-15a-5p,PAFAH1B2
hsa-miR-15a-5p,UBE4A
hsa-miR-15a-5p,SLC2A3
hsa-miR-15a-5p,M6PR
hsa-miR-15a-5p,TM7SF3
hsa-miR-15a-5p,KIF21A
hsa-miR-15a-5p,TUBA1A
hsa-miR-15a-5p,SLC11A2
hsa-miR-15a-5p,SPRYD3
hsa-miR-15a-5p,CTDSP2
hsa-miR-15a-5p,E2F7
hsa-miR-15a-5p,CDK17
hsa-miR-15a-5p,PRDM4
hsa-miR-15a-5p,C12orf76
hsa-miR-15a-5p,NAA25
hsa-miR-15a-5p,FBXO21
hsa-miR-15a-5p,NCOR2
hsa-miR-15a-5p,SLC15A4
hsa-miR-15a-5p,CCND2
hsa-miR-15a-5p,GABARAPL1
hsa-miR-15a-5p,AEBP2
hsa-miR-15a-5p,GOLT1B
hsa-miR-15a-5p,ETNK1
hsa-miR-15a-5p,RASSF8
hsa-miR-15a-5p,HOXC8
hsa-miR-15a-5p,USP15
hsa-miR-15a-5p,HMGA2
hsa-miR-15a-5p,DYRK2
hsa-miR-15a-5p,FRS2
hsa-miR-15a-5p,ATXN7L3B
hsa-miR-15a-5p,SETD1B
hsa-miR-15a-5p,LATS2
hsa-miR-15a-5p,KATNAL1
hsa-miR-15a-5p,RUBCNL
hsa-miR-15a-5p,AKAP11
hsa-miR-15a-5p,MBNL2
hsa-miR-15a-5p,PIP4P1
hsa-miR-15a-5p,SUPT16H
hsa-miR-15a-5p,HECTD1
hsa-miR-15a-5p,FERMT2
hsa-miR-15a-5p,ATG14
hsa-miR-15a-5p,VTI1B
hsa-miR-15a-5p,MIDEAS
hsa-miR-15a-5p,ERG28
hsa-miR-15a-5p,IRF2BPL
hsa-miR-15a-5p,CCDC88C
hsa-miR-15a-5p,DICER1
hsa-miR-15a-5p,CDCA4
hsa-miR-15a-5p,BCL2L2
hsa-miR-15a-5p,STYX
hsa-miR-15a-5p,PPM1A
hsa-miR-15a-5p,SLC39A9
hsa-miR-15a-5p,CALM1
hsa-miR-15a-5p,PPP2R5C
hsa-miR-15a-5p,TMEM87A
hsa-miR-15a-5p,MYO5A
hsa-miR-15a-5p,SPRED1
hsa-miR-15a-5p,CHAC1
hsa-miR-15a-5p,RNF111
hsa-miR-15a-5p,MAP2K1
hsa-miR-15a-5p,KIF23
hsa-miR-15a-5p,ARIH1
hsa-miR-15a-5p,FURIN
hsa-miR-15a-5p,ARRDC4
hsa-miR-15a-5p,LITAF
hsa-miR-15a-5p,USP31
hsa-miR-15a-5p,DNAJA2
hsa-miR-15a-5p,N4BP1
hsa-miR-15a-5p,SALL1
hsa-miR-15a-5p,PHLPP2
hsa-miR-15a-5p,ZFHX3
hsa-miR-15a-5p,C16orf72
hsa-miR-15a-5p,UBFD1
hsa-miR-15a-5p,DCTN5
hsa-miR-15a-5p,RBBP6
hsa-miR-15a-5p,NFATC3
hsa-miR-15a-5p,ATXN1L
hsa-miR-15a-5p,PSMD7
hsa-miR-15a-5p,SYNRG
hsa-miR-15a-5p,FBXL20
hsa-miR-15a-5p,MED1
hsa-miR-15a-5p,VAT1
hsa-miR-15a-5p,ATXN7L3
hsa-miR-15a-5p,GPATCH8
hsa-miR-15a-5p,CDC27
hsa-miR-15a-5p,TMEM100
hsa-miR-15a-5p,MTMR4
hsa-miR-15a-5p,SMURF2
hsa-miR-15a-5p,AXIN2
hsa-miR-15a-5p,CBX4
hsa-miR-15a-5p,ARHGDIA
hsa-miR-15a-5p,FASN
hsa-miR-15a-5p,PAFAH1B1
hsa-miR-15a-5p,TVP23B
hsa-miR-15a-5p,ANKRD13B
hsa-miR-15a-5p,CPD
hsa-miR-15a-5p,NF1
hsa-miR-15a-5p,CDK5R1
hsa-miR-15a-5p,AP2B1
hsa-miR-15a-5p,CNTNAP1
hsa-miR-15a-5p,NFE2L1
hsa-miR-15a-5p,PPM1D
hsa-miR-15a-5p,CBX2
hsa-miR-15a-5p,RNF213
hsa-miR-15a-5p,SMAD7
hsa-miR-15a-5p,BCL2
hsa-miR-15a-5p,KDSR
hsa-miR-15a-5p,USP14
hsa-miR-15a-5p,NAPG
hsa-miR-15a-5p,SEH1L
hsa-miR-15a-5p,MIB1
hsa-miR-15a-5p,TCF3
hsa-miR-15a-5p,INSR
hsa-miR-15a-5p,MED26
hsa-miR-15a-5p,ELL
hsa-miR-15a-5p,DYRK1B
hsa-miR-15a-5p,KCNN4
hsa-miR-15a-5p,PNPLA6
hsa-miR-15a-5p,CARM1
hsa-miR-15a-5p,SYDE1
hsa-miR-15a-5p,CCNE1
hsa-miR-15a-5p,RAB4B-EGLN2
hsa-miR-15a-5p,EGLN2
hsa-miR-15a-5p,ARHGAP35
hsa-miR-15a-5p,AP2A1
hsa-miR-15a-5p,MYADM
hsa-miR-15a-5p,PDIA6
hsa-miR-15a-5p,RTN4
hsa-miR-15a-5p,C2orf42
hsa-miR-15a-5p,CYP26B1
hsa-miR-15a-5p,BOLA3
hsa-miR-15a-5p,MGAT4A
hsa-miR-15a-5p,RBMS1
hsa-miR-15a-5p,TLK1
hsa-miR-15a-5p,IHH
hsa-miR-15a-5p,ATG9A
hsa-miR-15a-5p,AC068946.2
hsa-miR-15a-5p,IRS1
hsa-miR-15a-5p,RAB10
hsa-miR-15a-5p,NRBP1
hsa-miR-15a-5p,CRIM1
hsa-miR-15a-5p,PEX13
hsa-miR-15a-5p,ACTR2
hsa-miR-15a-5p,VAMP8
hsa-miR-15a-5p,SOWAHC
hsa-miR-15a-5p,TMEM87B
hsa-miR-15a-5p,CCNT2
hsa-miR-15a-5p,UBR3
hsa-miR-15a-5p,GORASP2
hsa-miR-15a-5p,SLC39A10
hsa-miR-15a-5p,MOB4
hsa-miR-15a-5p,BZW1
hsa-miR-15a-5p,SEPTIN2
hsa-miR-15a-5p,TBC1D20
hsa-miR-15a-5p,NOL4L
hsa-miR-15a-5p,RBM12
hsa-miR-15a-5p,ELMO2
hsa-miR-15a-5p,PEDS1-UBE2V1
hsa-miR-15a-5p,UBE2V1
hsa-miR-15a-5p,ZCCHC3
hsa-miR-15a-5p,CDS2
hsa-miR-15a-5p,KIF3B
hsa-miR-15a-5p,TGIF2
hsa-miR-15a-5p,SYS1
hsa-miR-15a-5p,APP
hsa-miR-15a-5p,SYNJ1
hsa-miR-15a-5p,SUMO3
hsa-miR-15a-5p,USP25
hsa-miR-15a-5p,SON
hsa-miR-15a-5p,PISD
hsa-miR-15a-5p,CRKL
hsa-miR-15a-5p,ZNRF3
hsa-miR-15a-5p,MTMR3
hsa-miR-15a-5p,NUP50
hsa-miR-15a-5p,SLC4A7
hsa-miR-15a-5p,MAP4
hsa-miR-15a-5p,CDC25A
hsa-miR-15a-5p,PRKAR2A
hsa-miR-15a-5p,DCP1A
hsa-miR-15a-5p,LRIG1
hsa-miR-15a-5p,KPNA1
hsa-miR-15a-5p,PLSCR4
hsa-miR-15a-5p,TBL1XR1
hsa-miR-15a-5p,ATP13A3
hsa-miR-15a-5p,SNRK
hsa-miR-15a-5p,CDV3
hsa-miR-15a-5p,TSC22D2
hsa-miR-15a-5p,FNDC3B
hsa-miR-15a-5p,PAK2
hsa-miR-15a-5p,SENP5
hsa-miR-15a-5p,PAQR3
hsa-miR-15a-5p,EIF4E
hsa-miR-15a-5p,LAMTOR3
hsa-miR-15a-5p,TBC1D9
hsa-miR-15a-5p,FBXW7
hsa-miR-15a-5p,PLRG1
hsa-miR-15a-5p,CPEB2
hsa-miR-15a-5p,RBPJ
hsa-miR-15a-5p,DCUN1D4
hsa-miR-15a-5p,PDLIM5
hsa-miR-15a-5p,FGF2
hsa-miR-15a-5p,HSPA4L
hsa-miR-15a-5p,SCOC
hsa-miR-15a-5p,CLCN3
hsa-miR-15a-5p,GALNT7
hsa-miR-15a-5p,ZNF622
hsa-miR-15a-5p,AFF4
hsa-miR-15a-5p,CDC23
hsa-miR-15a-5p,DIAPH1
hsa-miR-15a-5p,ITGA2
hsa-miR-15a-5p,PIK3R1
hsa-miR-15a-5p,PAM
hsa-miR-15a-5p,CDC42SE2
hsa-miR-15a-5p,SMAD5
hsa-miR-15a-5p,PURA
hsa-miR-15a-5p,SLC35A4
hsa-miR-15a-5p,PCDHA11
hsa-miR-15a-5p,ADRB2
hsa-miR-15a-5p,CREBRF
hsa-miR-15a-5p,SRPK1
hsa-miR-15a-5p,STK38
hsa-miR-15a-5p,COL12A1
hsa-miR-15a-5p,GPR63
hsa-miR-15a-5p,PNISR
hsa-miR-15a-5p,SESN1
hsa-miR-15a-5p,CD164
hsa-miR-15a-5p,SGK1
hsa-miR-15a-5p,MAP7
hsa-miR-15a-5p,PLAGL1
hsa-miR-15a-5p,LATS1
hsa-miR-15a-5p,SMIM13
hsa-miR-15a-5p,JARID2
hsa-miR-15a-5p,RNF144B
hsa-miR-15a-5p,E2F3
hsa-miR-15a-5p,HMGA1
hsa-miR-15a-5p,ANKS1A
hsa-miR-15a-5p,PIM1
hsa-miR-15a-5p,VEGFA
hsa-miR-15a-5p,CD2AP
hsa-miR-15a-5p,FAM135A
hsa-miR-15a-5p,SH3BGRL2
hsa-miR-15a-5p,RNF217
hsa-miR-15a-5p,TBPL1
hsa-miR-15a-5p,MYB
hsa-miR-15a-5p,VTA1
hsa-miR-15a-5p,PHACTR2
hsa-miR-15a-5p,PCMT1
hsa-miR-15a-5p,IGF2R
hsa-miR-15a-5p,QKI
hsa-miR-15a-5p,TBP
hsa-miR-15a-5p,GNA12
hsa-miR-15a-5p,HOXA3
hsa-miR-15a-5p,HOXA10
hsa-miR-15a-5p,KBTBD2
hsa-miR-15a-5p,SMURF1
hsa-miR-15a-5p,SYPL1
hsa-miR-15a-5p,KMT2C
hsa-miR-15a-5p,MAFK
hsa-miR-15a-5p,WIPI2
hsa-miR-15a-5p,USP42
hsa-miR-15a-5p,AVL9
hsa-miR-15a-5p,ANLN
hsa-miR-15a-5p,POM121
hsa-miR-15a-5p,CLDN12
hsa-miR-15a-5p,ANKIB1
hsa-miR-15a-5p,CAPZA2
hsa-miR-15a-5p,CALU
hsa-miR-15a-5p,KLHDC10
hsa-miR-15a-5p,FGFR1
hsa-miR-15a-5p,SLC20A2
hsa-miR-15a-5p,PLAG1
hsa-miR-15a-5p,MYBL1
hsa-miR-15a-5p,TRAM1
hsa-miR-15a-5p,SNX16
hsa-miR-15a-5p,RUNX1T1
hsa-miR-15a-5p,SLC7A2
hsa-miR-15a-5p,EXTL3
hsa-miR-15a-5p,TACC1
hsa-miR-15a-5p,IKBKB
hsa-miR-15a-5p,ZFHX4
hsa-miR-15a-5p,ZBTB10
hsa-miR-15a-5p,WWP1
hsa-miR-15a-5p,FZD6
hsa-miR-15a-5p,FAM91A1
hsa-miR-15a-5p,B4GALT1
hsa-miR-15a-5p,SPTLC1
hsa-miR-15a-5p,IARS1
hsa-miR-15a-5p,IPPK
hsa-miR-15a-5p,PTCH1
hsa-miR-15a-5p,ZNF367
hsa-miR-15a-5p,EPB41L4B
hsa-miR-15a-5p,PTPN3
hsa-miR-15a-5p,PHF19
hsa-miR-15a-5p,PPP6C
hsa-miR-15a-5p,CAMSAP1
hsa-miR-15a-5p,NRARP
hsa-miR-15a-5p,KANK1
hsa-miR-15a-5p,CDC37L1
hsa-miR-15a-5p,RIC1
hsa-miR-15a-5p,LURAP1L
hsa-miR-15a-5p,RRAGA
hsa-miR-15a-5p,RECK
hsa-miR-15a-5p,FAM122A
hsa-miR-15a-5p,PSAT1
hsa-miR-15a-5p,TLE4
hsa-miR-15a-5p,RAD23B
hsa-miR-15a-5p,PAPPA
hsa-miR-15a-5p,ZBTB43
hsa-miR-15a-5p,ZBTB34
hsa-miR-15a-5p,RPS6KA3
hsa-miR-15a-5p,KLHL15
hsa-miR-15a-5p,AMER1
hsa-miR-15a-5p,PHKA1
hsa-miR-15a-5p,ARMCX2
hsa-miR-15a-5p,TSC22D3
hsa-miR-15a-5p,ACSL4
hsa-miR-15a-5p,AMOT
hsa-miR-15a-5p,LAMP2
hsa-miR-15a-5p,APLN
hsa-miR-15a-5p,RAP2C
hsa-miR-15a-5p,FAM122B
hsa-miR-15a-5p,DDX3X
hsa-miR-15a-5p,OGT
hsa-miR-15a-5p,ZBTB33
hsa-miR-15a-5p,SLC9A6
hsa-miR-15a-5p,ZNF275
hsa-miR-15b-5p,HSPG2
hsa-miR-15b-5p,YRDC
hsa-miR-15b-5p,PLPP3
hsa-miR-15b-5p,FUBP1
hsa-miR-15b-5p,TGFBR3
hsa-miR-15b-5p,CSDE1
hsa-miR-15b-5p,NOTCH2
hsa-miR-15b-5p,TXNIP
hsa-miR-15b-5p,PRKAB2
hsa-miR-15b-5p,UBE2Q1
hsa-miR-15b-5p,FAM189B
hsa-miR-15b-5p,ASH1L
hsa-miR-15b-5p,HDGF
hsa-miR-15b-5p,COP1
hsa-miR-15b-5p,PHLDA3
hsa-miR-15b-5p,AKT3
hsa-miR-15b-5p,KIF1B
hsa-miR-15b-5p,SPEN
hsa-miR-15b-5p,PDIK1L
hsa-miR-15b-5p,AGO1
hsa-miR-15b-5p,SRSF11
hsa-miR-15b-5p,MIGA1
hsa-miR-15b-5p,DNAJB4
hsa-miR-15b-5p,KCNC4
hsa-miR-15b-5p,LRIG2
hsa-miR-15b-5p,PRRC2C
hsa-miR-15b-5p,SUCO
hsa-miR-15b-5p,LAMC1
hsa-miR-15b-5p,NAV1
hsa-miR-15b-5p,BTG2
hsa-miR-15b-5p,RASSF5
hsa-miR-15b-5p,MAP3K21
hsa-miR-15b-5p,GDI2
hsa-miR-15b-5p,CCDC6
hsa-miR-15b-5p,ANXA11
hsa-miR-15b-5p,GLUD1
hsa-miR-15b-5p,RAB11FIP2
hsa-miR-15b-5p,CACUL1
hsa-miR-15b-5p,PPIF
hsa-miR-15b-5p,CEP55
hsa-miR-15b-5p,SLC35G1
hsa-miR-15b-5p,ENTPD7
hsa-miR-15b-5p,BTRC
hsa-miR-15b-5p,PDCD4
hsa-miR-15b-5p,SHOC2
hsa-miR-15b-5p,FAM160B1
hsa-miR-15b-5p,PLEKHA1
hsa-miR-15b-5p,SLC25A22
hsa-miR-15b-5p,SOX6
hsa-miR-15b-5p,SPTBN2
hsa-miR-15b-5p,C11orf24
hsa-miR-15b-5p,UCP2
hsa-miR-15b-5p,PPP2R1B
hsa-miR-15b-5p,SRPRA
hsa-miR-15b-5p,ARHGAP32
hsa-miR-15b-5p,SMPD1
hsa-miR-15b-5p,IPO7
hsa-miR-15b-5p,WEE1
hsa-miR-15b-5p,ARL2
hsa-miR-15b-5p,PPP6R3
hsa-miR-15b-5p,CCND1
hsa-miR-15b-5p,AMOTL1
hsa-miR-15b-5p,YAP1
hsa-miR-15b-5p,PAFAH1B2
hsa-miR-15b-5p,UBE4A
hsa-miR-15b-5p,SLC2A3
hsa-miR-15b-5p,M6PR
hsa-miR-15b-5p,WBP11
hsa-miR-15b-5p,TM7SF3
hsa-miR-15b-5p,KIF21A
hsa-miR-15b-5p,TUBA1A
hsa-miR-15b-5p,SLC11A2
hsa-miR-15b-5p,SPRYD3
hsa-miR-15b-5p,CTDSP2
hsa-miR-15b-5p,E2F7
hsa-miR-15b-5p,CDK17
hsa-miR-15b-5p,PRDM4
hsa-miR-15b-5p,C12orf76
hsa-miR-15b-5p,NAA25
hsa-miR-15b-5p,FBXO21
hsa-miR-15b-5p,NCOR2
hsa-miR-15b-5p,SLC15A4
hsa-miR-15b-5p,CCND2
hsa-miR-15b-5p,GABARAPL1
hsa-miR-15b-5p,AEBP2
hsa-miR-15b-5p,GOLT1B
hsa-miR-15b-5p,ETNK1
hsa-miR-15b-5p,RASSF8
hsa-miR-15b-5p,HOXC8
hsa-miR-15b-5p,USP15
hsa-miR-15b-5p,HMGA2
hsa-miR-15b-5p,DYRK2
hsa-miR-15b-5p,FRS2
hsa-miR-15b-5p,ATXN7L3B
hsa-miR-15b-5p,SETD1B
hsa-miR-15b-5p,KATNAL1
hsa-miR-15b-5p,RUBCNL
hsa-miR-15b-5p,AKAP11
hsa-miR-15b-5p,MBNL2
hsa-miR-15b-5p,PIP4P1
hsa-miR-15b-5p,SUPT16H
hsa-miR-15b-5p,HECTD1
hsa-miR-15b-5p,FERMT2
hsa-miR-15b-5p,ATG14
hsa-miR-15b-5p,VTI1B
hsa-miR-15b-5p,MIDEAS
hsa-miR-15b-5p,ERG28
hsa-miR-15b-5p,IRF2BPL
hsa-miR-15b-5p,CCDC88C
hsa-miR-15b-5p,DICER1
hsa-miR-15b-5p,CDCA4
hsa-miR-15b-5p,BCL2L2
hsa-miR-15b-5p,STYX
hsa-miR-15b-5p,PPM1A
hsa-miR-15b-5p,SLC39A9
hsa-miR-15b-5p,CALM1
hsa-miR-15b-5p,PPP2R5C
hsa-miR-15b-5p,TMEM87A
hsa-miR-15b-5p,MYO5A
hsa-miR-15b-5p,SPRED1
hsa-miR-15b-5p,CHAC1
hsa-miR-15b-5p,RNF111
hsa-miR-15b-5p,MAP2K1
hsa-miR-15b-5p,KIF23
hsa-miR-15b-5p,ARIH1
hsa-miR-15b-5p,FURIN
hsa-miR-15b-5p,ARRDC4
hsa-miR-15b-5p,LITAF
hsa-miR-15b-5p,USP31
hsa-miR-15b-5p,DNAJA2
hsa-miR-15b-5p,N4BP1
hsa-miR-15b-5p,SALL1
hsa-miR-15b-5p,PHLPP2
hsa-miR-15b-5p,ZFHX3
hsa-miR-15b-5p,CBFA2T3
hsa-miR-15b-5p,C16orf72
hsa-miR-15b-5p,UBFD1
hsa-miR-15b-5p,DCTN5
hsa-miR-15b-5p,RBBP6
hsa-miR-15b-5p,NFATC3
hsa-miR-15b-5p,ATXN1L
hsa-miR-15b-5p,PSMD7
hsa-miR-15b-5p,SYNRG
hsa-miR-15b-5p,FBXL20
hsa-miR-15b-5p,MED1
hsa-miR-15b-5p,VAT1
hsa-miR-15b-5p,ATXN7L3
hsa-miR-15b-5p,GPATCH8
hsa-miR-15b-5p,TMEM100
hsa-miR-15b-5p,MTMR4
hsa-miR-15b-5p,SMURF2
hsa-miR-15b-5p,AXIN2
hsa-miR-15b-5p,CBX4
hsa-miR-15b-5p,ARHGDIA
hsa-miR-15b-5p,FASN
hsa-miR-15b-5p,PAFAH1B1
hsa-miR-15b-5p,TVP23B
hsa-miR-15b-5p,ANKRD13B
hsa-miR-15b-5p,CPD
hsa-miR-15b-5p,NF1
hsa-miR-15b-5p,CDK5R1
hsa-miR-15b-5p,AP2B1
hsa-miR-15b-5p,CNTNAP1
hsa-miR-15b-5p,NFE2L1
hsa-miR-15b-5p,PPM1D
hsa-miR-15b-5p,CBX2
hsa-miR-15b-5p,RNF213
hsa-miR-15b-5p,SMAD7
hsa-miR-15b-5p,BCL2
hsa-miR-15b-5p,KDSR
hsa-miR-15b-5p,USP14
hsa-miR-15b-5p,NAPG
hsa-miR-15b-5p,SEH1L
hsa-miR-15b-5p,MIB1
hsa-miR-15b-5p,TCF3
hsa-miR-15b-5p,INSR
hsa-miR-15b-5p,MED26
hsa-miR-15b-5p,ELL
hsa-miR-15b-5p,DYRK1B
hsa-miR-15b-5p,KCNN4
hsa-miR-15b-5p,PNPLA6
hsa-miR-15b-5p,CARM1
hsa-miR-15b-5p,SYDE1
hsa-miR-15b-5p,CCNE1
hsa-miR-15b-5p,RAB4B-EGLN2
hsa-miR-15b-5p,EGLN2
hsa-miR-15b-5p,ARHGAP35
hsa-miR-15b-5p,AP2A1
hsa-miR-15b-5p,MYADM
hsa-miR-15b-5p,PDIA6
hsa-miR-15b-5p,RTN4
hsa-miR-15b-5p,C2orf42
hsa-miR-15b-5p,CYP26B1
hsa-miR-15b-5p,BOLA3
hsa-miR-15b-5p,MGAT4A
hsa-miR-15b-5p,RBMS1
hsa-miR-15b-5p,TLK1
hsa-miR-15b-5p,IHH
hsa-miR-15b-5p,ATG9A
hsa-miR-15b-5p,AC068946.2
hsa-miR-15b-5p,IRS1
hsa-miR-15b-5p,RAB10
hsa-miR-15b-5p,NRBP1
hsa-miR-15b-5p,CRIM1
hsa-miR-15b-5p,PEX13
hsa-miR-15b-5p,ACTR2
hsa-miR-15b-5p,VAMP8
hsa-miR-15b-5p,SOWAHC
hsa-miR-15b-5p,TMEM87B
hsa-miR-15b-5p,CCNT2
hsa-miR-15b-5p,UBR3
hsa-miR-15b-5p,GORASP2
hsa-miR-15b-5p,SLC39A10
hsa-miR-15b-5p,MOB4
hsa-miR-15b-5p,BZW1
hsa-miR-15b-5p,SEPTIN2
hsa-miR-15b-5p,TBC1D20
hsa-miR-15b-5p,NOL4L
hsa-miR-15b-5p,RBM12
hsa-miR-15b-5p,ELMO2
hsa-miR-15b-5p,PEDS1-UBE2V1
hsa-miR-15b-5p,UBE2V1
hsa-miR-15b-5p,ZCCHC3
hsa-miR-15b-5p,CDS2
hsa-miR-15b-5p,KIF3B
hsa-miR-15b-5p,TGIF2
hsa-miR-15b-5p,SYS1
hsa-miR-15b-5p,APP
hsa-miR-15b-5p,SYNJ1
hsa-miR-15b-5p,SUMO3
hsa-miR-15b-5p,SON
hsa-miR-15b-5p,PISD
hsa-miR-15b-5p,CRKL
hsa-miR-15b-5p,ZNRF3
hsa-miR-15b-5p,MTMR3
hsa-miR-15b-5p,NUP50
hsa-miR-15b-5p,SLC4A7
hsa-miR-15b-5p,MAP4
hsa-miR-15b-5p,CDC25A
hsa-miR-15b-5p,PRKAR2A
hsa-miR-15b-5p,DCP1A
hsa-miR-15b-5p,LRIG1
hsa-miR-15b-5p,KPNA1
hsa-miR-15b-5p,PLSCR4
hsa-miR-15b-5p,TBL1XR1
hsa-miR-15b-5p,DCUN1D1
hsa-miR-15b-5p,ATP13A3
hsa-miR-15b-5p,SNRK
hsa-miR-15b-5p,CDV3
hsa-miR-15b-5p,TSC22D2
hsa-miR-15b-5p,FNDC3B
hsa-miR-15b-5p,PAK2
hsa-miR-15b-5p,SENP5
hsa-miR-15b-5p,PAQR3
hsa-miR-15b-5p,EIF4E
hsa-miR-15b-5p,LAMTOR3
hsa-miR-15b-5p,TBC1D9
hsa-miR-15b-5p,FBXW7
hsa-miR-15b-5p,PLRG1
hsa-miR-15b-5p,CPEB2
hsa-miR-15b-5p,RBPJ
hsa-miR-15b-5p,DCUN1D4
hsa-miR-15b-5p,PDLIM5
hsa-miR-15b-5p,FGF2
hsa-miR-15b-5p,HSPA4L
hsa-miR-15b-5p,SCOC
hsa-miR-15b-5p,CLCN3
hsa-miR-15b-5p,GALNT7
hsa-miR-15b-5p,ZNF622
hsa-miR-15b-5p,AFF4
hsa-miR-15b-5p,CDC23
hsa-miR-15b-5p,DIAPH1
hsa-miR-15b-5p,ITGA2
hsa-miR-15b-5p,PIK3R1
hsa-miR-15b-5p,PAM
hsa-miR-15b-5p,CDC42SE2
hsa-miR-15b-5p,SMAD5
hsa-miR-15b-5p,PURA
hsa-miR-15b-5p,SLC35A4
hsa-miR-15b-5p,PCDHA11
hsa-miR-15b-5p,ADRB2
hsa-miR-15b-5p,CREBRF
hsa-miR-15b-5p,SRPK1
hsa-miR-15b-5p,STK38
hsa-miR-15b-5p,COL12A1
hsa-miR-15b-5p,GPR63
hsa-miR-15b-5p,PNISR
hsa-miR-15b-5p,SESN1
hsa-miR-15b-5p,CD164
hsa-miR-15b-5p,SGK1
hsa-miR-15b-5p,MAP7
hsa-miR-15b-5p,PLAGL1
hsa-miR-15b-5p,LATS1
hsa-miR-15b-5p,SMIM13
hsa-miR-15b-5p,JARID2
hsa-miR-15b-5p,RNF144B
hsa-miR-15b-5p,E2F3
hsa-miR-15b-5p,HMGA1
hsa-miR-15b-5p,ANKS1A
hsa-miR-15b-5p,PIM1
hsa-miR-15b-5p,VEGFA
hsa-miR-15b-5p,CD2AP
hsa-miR-15b-5p,FAM135A
hsa-miR-15b-5p,SH3BGRL2
hsa-miR-15b-5p,RNF217
hsa-miR-15b-5p,TBPL1
hsa-miR-15b-5p,MYB
hsa-miR-15b-5p,VTA1
hsa-miR-15b-5p,PHACTR2
hsa-miR-15b-5p,PCMT1
hsa-miR-15b-5p,IGF2R
hsa-miR-15b-5p,QKI
hsa-miR-15b-5p,TBP
hsa-miR-15b-5p,GNA12
hsa-miR-15b-5p,HOXA3
hsa-miR-15b-5p,HOXA10
hsa-miR-15b-5p,KBTBD2
hsa-miR-15b-5p,SMURF1
hsa-miR-15b-5p,SYPL1
hsa-miR-15b-5p,KMT2C
hsa-miR-15b-5p,MAFK
hsa-miR-15b-5p,WIPI2
hsa-miR-15b-5p,USP42
hsa-miR-15b-5p,AVL9
hsa-miR-15b-5p,ANLN
hsa-miR-15b-5p,POM121
hsa-miR-15b-5p,CLDN12
hsa-miR-15b-5p,ANKIB1
hsa-miR-15b-5p,CAPZA2
hsa-miR-15b-5p,CALU
hsa-miR-15b-5p,KLHDC10
hsa-miR-15b-5p,FGFR1
hsa-miR-15b-5p,SLC20A2
hsa-miR-15b-5p,PLAG1
hsa-miR-15b-5p,MYBL1
hsa-miR-15b-5p,TRAM1
hsa-miR-15b-5p,SNX16
hsa-miR-15b-5p,RUNX1T1
hsa-miR-15b-5p,SLC7A2
hsa-miR-15b-5p,EXTL3
hsa-miR-15b-5p,TACC1
hsa-miR-15b-5p,IKBKB
hsa-miR-15b-5p,ZFHX4
hsa-miR-15b-5p,ZBTB10
hsa-miR-15b-5p,WWP1
hsa-miR-15b-5p,FZD6
hsa-miR-15b-5p,FAM91A1
hsa-miR-15b-5p,B4GALT1
hsa-miR-15b-5p,SPTLC1
hsa-miR-15b-5p,IARS1
hsa-miR-15b-5p,IPPK
hsa-miR-15b-5p,PTCH1
hsa-miR-15b-5p,ZNF367
hsa-miR-15b-5p,EPB41L4B
hsa-miR-15b-5p,PTPN3
hsa-miR-15b-5p,PHF19
hsa-miR-15b-5p,PPP6C
hsa-miR-15b-5p,CAMSAP1
hsa-miR-15b-5p,NRARP
hsa-miR-15b-5p,KANK1
hsa-miR-15b-5p,CDC37L1
hsa-miR-15b-5p,RIC1
hsa-miR-15b-5p,LURAP1L
hsa-miR-15b-5p,RRAGA
hsa-miR-15b-5p,RECK
hsa-miR-15b-5p,FAM122A
hsa-miR-15b-5p,PSAT1
hsa-miR-15b-5p,TLE4
hsa-miR-15b-5p,RAD23B
hsa-miR-15b-5p,PAPPA
hsa-miR-15b-5p,ZBTB43
hsa-miR-15b-5p,ZBTB34
hsa-miR-15b-5p,RPS6KA3
hsa-miR-15b-5p,KLHL15
hsa-miR-15b-5p,AMER1
hsa-miR-15b-5p,PHKA1
hsa-miR-15b-5p,ARMCX2
hsa-miR-15b-5p,TSC22D3
hsa-miR-15b-5p,ACSL4
hsa-miR-15b-5p,AMOT
hsa-miR-15b-5p,LAMP2
hsa-miR-15b-5p,APLN
hsa-miR-15b-5p,RAP2C
hsa-miR-15b-5p,FAM122B
hsa-miR-15b-5p,DDX3X
hsa-miR-15b-5p,OGT
hsa-miR-15b-5p,ZBTB33
hsa-miR-15b-5p,SLC9A6
hsa-miR-15b-5p,ZNF275
hsa-miR-16-5p,HSPG2
hsa-miR-16-5p,YRDC
hsa-miR-16-5p,PLPP3
hsa-miR-16-5p,FUBP1
hsa-miR-16-5p,TGFBR3
hsa-miR-16-5p,CSDE1
hsa-miR-16-5p,NOTCH2
hsa-miR-16-5p,TXNIP
hsa-miR-16-5p,PRKAB2
hsa-miR-16-5p,UBE2Q1
hsa-miR-16-5p,FAM189B
hsa-miR-16-5p,ASH1L
hsa-miR-16-5p,HDGF
hsa-miR-16-5p,COP1
hsa-miR-16-5p,PHLDA3
hsa-miR-16-5p,AKT3
hsa-miR-16-5p,KIF1B
hsa-miR-16-5p,SPEN
hsa-miR-16-5p,PDIK1L
hsa-miR-16-5p,AGO1
hsa-miR-16-5p,SRSF11
hsa-miR-16-5p,MIGA1
hsa-miR-16-5p,DNAJB4
hsa-miR-16-5p,KCNC4
hsa-miR-16-5p,LRIG2
hsa-miR-16-5p,PRRC2C
hsa-miR-16-5p,SUCO
hsa-miR-16-5p,LAMC1
hsa-miR-16-5p,NAV1
hsa-miR-16-5p,BTG2
hsa-miR-16-5p,RASSF5
hsa-miR-16-5p,MAP3K21
hsa-miR-16-5p,GDI2
hsa-miR-16-5p,CCDC6
hsa-miR-16-5p,ANXA11
hsa-miR-16-5p,GLUD1
hsa-miR-16-5p,RAB11FIP2
hsa-miR-16-5p,CACUL1
hsa-miR-16-5p,PPIF
hsa-miR-16-5p,CEP55
hsa-miR-16-5p,SLC35G1
hsa-miR-16-5p,ENTPD7
hsa-miR-16-5p,BTRC
hsa-miR-16-5p,PDCD4
hsa-miR-16-5p,SHOC2
hsa-miR-16-5p,FAM160B1
hsa-miR-16-5p,PLEKHA1
hsa-miR-16-5p,SLC25A22
hsa-miR-16-5p,SOX6
hsa-miR-16-5p,SPTBN2
hsa-miR-16-5p,C11orf24
hsa-miR-16-5p,UCP2
hsa-miR-16-5p,PPP2R1B
hsa-miR-16-5p,SRPRA
hsa-miR-16-5p,ARHGAP32
hsa-miR-16-5p,SMPD1
hsa-miR-16-5p,IPO7
hsa-miR-16-5p,WEE1
hsa-miR-16-5p,CDC42EP2
hsa-miR-16-5p,AP000944.5
hsa-miR-16-5p,PPP6R3
hsa-miR-16-5p,CCND1
hsa-miR-16-5p,AMOTL1
hsa-miR-16-5p,YAP1
hsa-miR-16-5p,PAFAH1B2
hsa-miR-16-5p,UBE4A
hsa-miR-16-5p,SLC2A3
hsa-miR-16-5p,M6PR
hsa-miR-16-5p,WBP11
hsa-miR-16-5p,TM7SF3
hsa-miR-16-5p,KIF21A
hsa-miR-16-5p,TUBA1A
hsa-miR-16-5p,SLC11A2
hsa-miR-16-5p,SPRYD3
hsa-miR-16-5p,CTDSP2
hsa-miR-16-5p,E2F7
hsa-miR-16-5p,CDK17
hsa-miR-16-5p,PRDM4
hsa-miR-16-5p,C12orf76
hsa-miR-16-5p,NAA25
hsa-miR-16-5p,NCOR2
hsa-miR-16-5p,SLC15A4
hsa-miR-16-5p,CCND2
hsa-miR-16-5p,GABARAPL1
hsa-miR-16-5p,AEBP2
hsa-miR-16-5p,GOLT1B
hsa-miR-16-5p,ETNK1
hsa-miR-16-5p,RASSF8
hsa-miR-16-5p,HOXC8
hsa-miR-16-5p,USP15
hsa-miR-16-5p,HMGA2
hsa-miR-16-5p,DYRK2
hsa-miR-16-5p,FRS2
hsa-miR-16-5p,ATXN7L3B
hsa-miR-16-5p,SETD1B
hsa-miR-16-5p,LATS2
hsa-miR-16-5p,KATNAL1
hsa-miR-16-5p,RUBCNL
hsa-miR-16-5p,AKAP11
hsa-miR-16-5p,MBNL2
hsa-miR-16-5p,PIP4P1
hsa-miR-16-5p,SUPT16H
hsa-miR-16-5p,HECTD1
hsa-miR-16-5p,SOS2
hsa-miR-16-5p,FERMT2
hsa-miR-16-5p,ATG14
hsa-miR-16-5p,VTI1B
hsa-miR-16-5p,MIDEAS
hsa-miR-16-5p,ERG28
hsa-miR-16-5p,IRF2BPL
hsa-miR-16-5p,CCDC88C
hsa-miR-16-5p,DICER1
hsa-miR-16-5p,CDCA4
hsa-miR-16-5p,BCL2L2
hsa-miR-16-5p,STYX
hsa-miR-16-5p,PPM1A
hsa-miR-16-5p,SLC39A9
hsa-miR-16-5p,CALM1
hsa-miR-16-5p,PPP2R5C
hsa-miR-16-5p,TMEM87A
hsa-miR-16-5p,MYO5A
hsa-miR-16-5p,SPRED1
hsa-miR-16-5p,CHAC1
hsa-miR-16-5p,RNF111
hsa-miR-16-5p,MAP2K1
hsa-miR-16-5p,KIF23
hsa-miR-16-5p,ARIH1
hsa-miR-16-5p,FURIN
hsa-miR-16-5p,ARRDC4
hsa-miR-16-5p,LITAF
hsa-miR-16-5p,USP31
hsa-miR-16-5p,DNAJA2
hsa-miR-16-5p,N4BP1
hsa-miR-16-5p,SALL1
hsa-miR-16-5p,PHLPP2
hsa-miR-16-5p,ZFHX3
hsa-miR-16-5p,C16orf72
hsa-miR-16-5p,UBFD1
hsa-miR-16-5p,DCTN5
hsa-miR-16-5p,RBBP6
hsa-miR-16-5p,NFATC3
hsa-miR-16-5p,ATXN1L
hsa-miR-16-5p,PSMD7
hsa-miR-16-5p,SYNRG
hsa-miR-16-5p,FBXL20
hsa-miR-16-5p,MED1
hsa-miR-16-5p,VAT1
hsa-miR-16-5p,ATXN7L3
hsa-miR-16-5p,GPATCH8
hsa-miR-16-5p,CDC27
hsa-miR-16-5p,TMEM100
hsa-miR-16-5p,MTMR4
hsa-miR-16-5p,SMURF2
hsa-miR-16-5p,AXIN2
hsa-miR-16-5p,CBX4
hsa-miR-16-5p,ARHGDIA
hsa-miR-16-5p,FASN
hsa-miR-16-5p,PAFAH1B1
hsa-miR-16-5p,ANKRD13B
hsa-miR-16-5p,CPD
hsa-miR-16-5p,NF1
hsa-miR-16-5p,CDK5R1
hsa-miR-16-5p,AP2B1
hsa-miR-16-5p,CNTNAP1
hsa-miR-16-5p,NFE2L1
hsa-miR-16-5p,PPM1D
hsa-miR-16-5p,CBX2
hsa-miR-16-5p,RNF213
hsa-miR-16-5p,SMAD7
hsa-miR-16-5p,BCL2
hsa-miR-16-5p,KDSR
hsa-miR-16-5p,USP14
hsa-miR-16-5p,NAPG
hsa-miR-16-5p,SEH1L
hsa-miR-16-5p,MIB1
hsa-miR-16-5p,TCF3
hsa-miR-16-5p,INSR
hsa-miR-16-5p,MED26
hsa-miR-16-5p,ELL
hsa-miR-16-5p,DYRK1B
hsa-miR-16-5p,KCNN4
hsa-miR-16-5p,PNPLA6
hsa-miR-16-5p,CARM1
hsa-miR-16-5p,SYDE1
hsa-miR-16-5p,CCNE1
hsa-miR-16-5p,RAB4B-EGLN2
hsa-miR-16-5p,EGLN2
hsa-miR-16-5p,ARHGAP35
hsa-miR-16-5p,AP2A1
hsa-miR-16-5p,MYADM
hsa-miR-16-5p,PDIA6
hsa-miR-16-5p,RTN4
hsa-miR-16-5p,C2orf42
hsa-miR-16-5p,CYP26B1
hsa-miR-16-5p,BOLA3
hsa-miR-16-5p,MGAT4A
hsa-miR-16-5p,RBMS1
hsa-miR-16-5p,TLK1
hsa-miR-16-5p,IHH
hsa-miR-16-5p,ATG9A
hsa-miR-16-5p,AC068946.2
hsa-miR-16-5p,IRS1
hsa-miR-16-5p,RAB10
hsa-miR-16-5p,NRBP1
hsa-miR-16-5p,CRIM1
hsa-miR-16-5p,PEX13
hsa-miR-16-5p,ACTR2
hsa-miR-16-5p,VAMP8
hsa-miR-16-5p,SOWAHC
hsa-miR-16-5p,TMEM87B
hsa-miR-16-5p,CCNT2
hsa-miR-16-5p,UBR3
hsa-miR-16-5p,GORASP2
hsa-miR-16-5p,SLC39A10
hsa-miR-16-5p,MOB4
hsa-miR-16-5p,BZW1
hsa-miR-16-5p,SEPTIN2
hsa-miR-16-5p,TBC1D20
hsa-miR-16-5p,NOL4L
hsa-miR-16-5p,RBM12
hsa-miR-16-5p,ELMO2
hsa-miR-16-5p,PEDS1-UBE2V1
hsa-miR-16-5p,UBE2V1
hsa-miR-16-5p,ZCCHC3
hsa-miR-16-5p,CDS2
hsa-miR-16-5p,KIF3B
hsa-miR-16-5p,TGIF2
hsa-miR-16-5p,SYS1
hsa-miR-16-5p,APP
hsa-miR-16-5p,SYNJ1
hsa-miR-16-5p,SUMO3
hsa-miR-16-5p,USP25
hsa-miR-16-5p,SON
hsa-miR-16-5p,PISD
hsa-miR-16-5p,CRKL
hsa-miR-16-5p,ZNRF3
hsa-miR-16-5p,MTMR3
hsa-miR-16-5p,NUP50
hsa-miR-16-5p,NUP210
hsa-miR-16-5p,SLC4A7
hsa-miR-16-5p,MAP4
hsa-miR-16-5p,CDC25A
hsa-miR-16-5p,PRKAR2A
hsa-miR-16-5p,DCP1A
hsa-miR-16-5p,LRIG1
hsa-miR-16-5p,KPNA1
hsa-miR-16-5p,PLSCR4
hsa-miR-16-5p,TBL1XR1
hsa-miR-16-5p,ATP13A3
hsa-miR-16-5p,SNRK
hsa-miR-16-5p,CDV3
hsa-miR-16-5p,TSC22D2
hsa-miR-16-5p,FNDC3B
hsa-miR-16-5p,PAK2
hsa-miR-16-5p,SENP5
hsa-miR-16-5p,PAQR3
hsa-miR-16-5p,EIF4E
hsa-miR-16-5p,LAMTOR3
hsa-miR-16-5p,TBC1D9
hsa-miR-16-5p,OTUD4
hsa-miR-16-5p,FBXW7
hsa-miR-16-5p,PLRG1
hsa-miR-16-5p,CPEB2
hsa-miR-16-5p,PI4K2B
hsa-miR-16-5p,RBPJ
hsa-miR-16-5p,DCUN1D4
hsa-miR-16-5p,PDLIM5
hsa-miR-16-5p,FGF2
hsa-miR-16-5p,HSPA4L
hsa-miR-16-5p,SCOC
hsa-miR-16-5p,CLCN3
hsa-miR-16-5p,GALNT7
hsa-miR-16-5p,ZNF622
hsa-miR-16-5p,AFF4
hsa-miR-16-5p,CDC23
hsa-miR-16-5p,DIAPH1
hsa-miR-16-5p,ITGA2
hsa-miR-16-5p,PIK3R1
hsa-miR-16-5p,PAM
hsa-miR-16-5p,CDC42SE2
hsa-miR-16-5p,SMAD5
hsa-miR-16-5p,PURA
hsa-miR-16-5p,SLC35A4
hsa-miR-16-5p,PCDHA11
hsa-miR-16-5p,ADRB2
hsa-miR-16-5p,CREBRF
hsa-miR-16-5p,SRPK1
hsa-miR-16-5p,STK38
hsa-miR-16-5p,COL12A1
hsa-miR-16-5p,GPR63
hsa-miR-16-5p,PNISR
hsa-miR-16-5p,SESN1
hsa-miR-16-5p,CD164
hsa-miR-16-5p,SGK1
hsa-miR-16-5p,MAP7
hsa-miR-16-5p,PLAGL1
hsa-miR-16-5p,LATS1
hsa-miR-16-5p,SMIM13
hsa-miR-16-5p,JARID2
hsa-miR-16-5p,RNF144B
hsa-miR-16-5p,E2F3
hsa-miR-16-5p,HMGA1
hsa-miR-16-5p,ANKS1A
hsa-miR-16-5p,PIM1
hsa-miR-16-5p,VEGFA
hsa-miR-16-5p,CD2AP
hsa-miR-16-5p,FAM135A
hsa-miR-16-5p,SH3BGRL2
hsa-miR-16-5p,RNF217
hsa-miR-16-5p,TBPL1
hsa-miR-16-5p,MYB
hsa-miR-16-5p,VTA1
hsa-miR-16-5p,PHACTR2
hsa-miR-16-5p,PCMT1
hsa-miR-16-5p,IGF2R
hsa-miR-16-5p,TBP
hsa-miR-16-5p,GNA12
hsa-miR-16-5p,HOXA3
hsa-miR-16-5p,HOXA10
hsa-miR-16-5p,KBTBD2
hsa-miR-16-5p,SMURF1
hsa-miR-16-5p,SYPL1
hsa-miR-16-5p,KMT2C
hsa-miR-16-5p,MAFK
hsa-miR-16-5p,WIPI2
hsa-miR-16-5p,USP42
hsa-miR-16-5p,AVL9
hsa-miR-16-5p,ANLN
hsa-miR-16-5p,POM121
hsa-miR-16-5p,CLDN12
hsa-miR-16-5p,ANKIB1
hsa-miR-16-5p,CAPZA2
hsa-miR-16-5p,CALU
hsa-miR-16-5p,KLHDC10
hsa-miR-16-5p,FGFR1
hsa-miR-16-5p,SLC20A2
hsa-miR-16-5p,PLAG1
hsa-miR-16-5p,MYBL1
hsa-miR-16-5p,TRAM1
hsa-miR-16-5p,SNX16
hsa-miR-16-5p,RUNX1T1
hsa-miR-16-5p,SLC7A2
hsa-miR-16-5p,EXTL3
hsa-miR-16-5p,TACC1
hsa-miR-16-5p,IKBKB
hsa-miR-16-5p,ZFHX4
hsa-miR-16-5p,ZBTB10
hsa-miR-16-5p,WWP1
hsa-miR-16-5p,FZD6
hsa-miR-16-5p,FAM91A1
hsa-miR-16-5p,B4GALT1
hsa-miR-16-5p,SPTLC1
hsa-miR-16-5p,IARS1
hsa-miR-16-5p,IPPK
hsa-miR-16-5p,PTCH1
hsa-miR-16-5p,ZNF367
hsa-miR-16-5p,EPB41L4B
hsa-miR-16-5p,PTPN3
hsa-miR-16-5p,PHF19
hsa-miR-16-5p,PPP6C
hsa-miR-16-5p,CAMSAP1
hsa-miR-16-5p,NRARP
hsa-miR-16-5p,KANK1
hsa-miR-16-5p,CDC37L1
hsa-miR-16-5p,RIC1
hsa-miR-16-5p,LURAP1L
hsa-miR-16-5p,RRAGA
hsa-miR-16-5p,RECK
hsa-miR-16-5p,FAM122A
hsa-miR-16-5p,PSAT1
hsa-miR-16-5p,TLE4
hsa-miR-16-5p,RAD23B
hsa-miR-16-5p,PAPPA
hsa-miR-16-5p,ZBTB43
hsa-miR-16-5p,ZBTB34
hsa-miR-16-5p,RPS6KA3
hsa-miR-16-5p,KLHL15
hsa-miR-16-5p,AMER1
hsa-miR-16-5p,PHKA1
hsa-miR-16-5p,ARMCX2
hsa-miR-16-5p,ACSL4
hsa-miR-16-5p,AMOT
hsa-miR-16-5p,LAMP2
hsa-miR-16-5p,APLN
hsa-miR-16-5p,RAP2C
hsa-miR-16-5p,FAM122B
hsa-miR-16-5p,DDX3X
hsa-miR-16-5p,OGT
hsa-miR-16-5p,SLC9A6
hsa-miR-16-5p,ZNF275
hsa-miR-17-5p,HP1BP3
hsa-miR-17-5p,RSRP1
hsa-miR-17-5p,RPA2
hsa-miR-17-5p,MTF1
hsa-miR-17-5p,FOXJ3
hsa-miR-17-5p,EFCAB14
hsa-miR-17-5p,JAK1
hsa-miR-17-5p,ANKRD13C
hsa-miR-17-5p,SSX2IP
hsa-miR-17-5p,F3
hsa-miR-17-5p,RHOC
hsa-miR-17-5p,TXNIP
hsa-miR-17-5p,ADAR
hsa-miR-17-5p,DEDD
hsa-miR-17-5p,STX6
hsa-miR-17-5p,NIBAN1
hsa-miR-17-5p,PPP1R15B
hsa-miR-17-5p,DSTYK
hsa-miR-17-5p,SLC41A1
hsa-miR-17-5p,YOD1
hsa-miR-17-5p,LPGAT1
hsa-miR-17-5p,ITPKB
hsa-miR-17-5p,IRF2BP2
hsa-miR-17-5p,ARID4B
hsa-miR-17-5p,AKT3
hsa-miR-17-5p,SKI
hsa-miR-17-5p,TPRG1L
hsa-miR-17-5p,CAMTA1
hsa-miR-17-5p,MFN2
hsa-miR-17-5p,PRDM2
hsa-miR-17-5p,NBL1
hsa-miR-17-5p,OTUD3
hsa-miR-17-5p,ELOA
hsa-miR-17-5p,SESN2
hsa-miR-17-5p,TXLNA
hsa-miR-17-5p,KIAA1522
hsa-miR-17-5p,CMPK1
hsa-miR-17-5p,ZFYVE9
hsa-miR-17-5p,PKN2
hsa-miR-17-5p,FNBP1L
hsa-miR-17-5p,MFSD14A
hsa-miR-17-5p,AC118553.2
hsa-miR-17-5p,S1PR1
hsa-miR-17-5p,CELSR2
hsa-miR-17-5p,VANGL1
hsa-miR-17-5p,PTGFRN
hsa-miR-17-5p,SUCO
hsa-miR-17-5p,KLHL20
hsa-miR-17-5p,ZBTB37
hsa-miR-17-5p,RGL1
hsa-miR-17-5p,BTG2
hsa-miR-17-5p,FBXO28
hsa-miR-17-5p,GPR137B
hsa-miR-17-5p,ZBTB18
hsa-miR-17-5p,PIP4K2A
hsa-miR-17-5p,ACBD5
hsa-miR-17-5p,ARHGAP12
hsa-miR-17-5p,RUFY2
hsa-miR-17-5p,SH3PXD2A
hsa-miR-17-5p,PFKP
hsa-miR-17-5p,OTUD1
hsa-miR-17-5p,MASTL
hsa-miR-17-5p,WAC
hsa-miR-17-5p,BAMBI
hsa-miR-17-5p,REEP3
hsa-miR-17-5p,PTEN
hsa-miR-17-5p,HECTD2
hsa-miR-17-5p,TNKS2
hsa-miR-17-5p,SLK
hsa-miR-17-5p,SHOC2
hsa-miR-17-5p,FAM160B1
hsa-miR-17-5p,TOLLIP
hsa-miR-17-5p,TSG101
hsa-miR-17-5p,UEVLD
hsa-miR-17-5p,FNBP4
hsa-miR-17-5p,TNKS1BP1
hsa-miR-17-5p,AHNAK
hsa-miR-17-5p,ATL3
hsa-miR-17-5p,SLC29A2
hsa-miR-17-5p,KMT5B
hsa-miR-17-5p,SHANK2
hsa-miR-17-5p,LAMTOR1
hsa-miR-17-5p,PGM2L1
hsa-miR-17-5p,TMEM123
hsa-miR-17-5p,NPAT
hsa-miR-17-5p,HSPA8
hsa-miR-17-5p,ZNF202
hsa-miR-17-5p,IPO7
hsa-miR-17-5p,WEE1
hsa-miR-17-5p,PDE3B
hsa-miR-17-5p,PRRG4
hsa-miR-17-5p,CRY2
hsa-miR-17-5p,ZFP91
hsa-miR-17-5p,KDM2A
hsa-miR-17-5p,PPP6R3
hsa-miR-17-5p,CCND1
hsa-miR-17-5p,EMSY
hsa-miR-17-5p,TSKU
hsa-miR-17-5p,DDIAS
hsa-miR-17-5p,ZC3H12C
hsa-miR-17-5p,PAFAH1B2
hsa-miR-17-5p,M6PR
hsa-miR-17-5p,CAPRIN2
hsa-miR-17-5p,DENND5B
hsa-miR-17-5p,LIMA1
hsa-miR-17-5p,ANKRD52
hsa-miR-17-5p,GNS
hsa-miR-17-5p,ARL1
hsa-miR-17-5p,GIT2
hsa-miR-17-5p,TBX3
hsa-miR-17-5p,TAOK3
hsa-miR-17-5p,UBC
hsa-miR-17-5p,WNK1
hsa-miR-17-5p,ADIPOR2
hsa-miR-17-5p,TSPAN9
hsa-miR-17-5p,CCND2
hsa-miR-17-5p,ANO6
hsa-miR-17-5p,TMBIM6
hsa-miR-17-5p,DAZAP2
hsa-miR-17-5p,GDF11
hsa-miR-17-5p,RAB5B
hsa-miR-17-5p,ERBB3
hsa-miR-17-5p,HMGA2
hsa-miR-17-5p,FRS2
hsa-miR-17-5p,RAB21
hsa-miR-17-5p,ELK3
hsa-miR-17-5p,ULK1
hsa-miR-17-5p,SACS
hsa-miR-17-5p,KATNAL1
hsa-miR-17-5p,KPNA3
hsa-miR-17-5p,FBXL3
hsa-miR-17-5p,LRCH1
hsa-miR-17-5p,LAMP1
hsa-miR-17-5p,EGLN3
hsa-miR-17-5p,CFL2
hsa-miR-17-5p,FOXA1
hsa-miR-17-5p,KLHL28
hsa-miR-17-5p,NIN
hsa-miR-17-5p,ZFYVE26
hsa-miR-17-5p,MAP3K9
hsa-miR-17-5p,BTBD7
hsa-miR-17-5p,ATG2B
hsa-miR-17-5p,BCL2L2
hsa-miR-17-5p,IRF9
hsa-miR-17-5p,BRMS1L
hsa-miR-17-5p,FRMD6
hsa-miR-17-5p,STYX
hsa-miR-17-5p,PPM1A
hsa-miR-17-5p,HIF1A
hsa-miR-17-5p,SUSD6
hsa-miR-17-5p,SMOC1
hsa-miR-17-5p,TTC9
hsa-miR-17-5p,BNIP2
hsa-miR-17-5p,SEMA7A
hsa-miR-17-5p,SCAMP2
hsa-miR-17-5p,SPRED1
hsa-miR-17-5p,CTDSPL2
hsa-miR-17-5p,RAB8B
hsa-miR-17-5p,USP3
hsa-miR-17-5p,SMAD6
hsa-miR-17-5p,KIF23
hsa-miR-17-5p,MORF4L1
hsa-miR-17-5p,UNKL
hsa-miR-17-5p,PKD1
hsa-miR-17-5p,NETO2
hsa-miR-17-5p,AKTIP
hsa-miR-17-5p,CMTR2
hsa-miR-17-5p,PHLPP2
hsa-miR-17-5p,MBTPS1
hsa-miR-17-5p,FBXO31
hsa-miR-17-5p,CAPN15
hsa-miR-17-5p,TNRC6A
hsa-miR-17-5p,TAOK2
hsa-miR-17-5p,CHD9
hsa-miR-17-5p,RBL2
hsa-miR-17-5p,NFAT5
hsa-miR-17-5p,ATXN1L
hsa-miR-17-5p,CRK
hsa-miR-17-5p,ANKFY1
hsa-miR-17-5p,ZBTB4
hsa-miR-17-5p,RASD1
hsa-miR-17-5p,NUFIP2
hsa-miR-17-5p,SSH2
hsa-miR-17-5p,STAT3
hsa-miR-17-5p,EZH1
hsa-miR-17-5p,ZNF652
hsa-miR-17-5p,DDX5
hsa-miR-17-5p,JPT1
hsa-miR-17-5p,TIMP2
hsa-miR-17-5p,PAFAH1B1
hsa-miR-17-5p,MINK1
hsa-miR-17-5p,KDM6B
hsa-miR-17-5p,LASP1
hsa-miR-17-5p,MSL1
hsa-miR-17-5p,MAP3K3
hsa-miR-17-5p,KPNA2
hsa-miR-17-5p,UNK
hsa-miR-17-5p,TNRC6C
hsa-miR-17-5p,FOXK2
hsa-miR-17-5p,YES1
hsa-miR-17-5p,SLC39A6
hsa-miR-17-5p,SMAD7
hsa-miR-17-5p,TCF4
hsa-miR-17-5p,TMX3
hsa-miR-17-5p,RAB12
hsa-miR-17-5p,NEDD4L
hsa-miR-17-5p,MIER2
hsa-miR-17-5p,MEX3D
hsa-miR-17-5p,MKNK2
hsa-miR-17-5p,ZBTB7A
hsa-miR-17-5p,HAUS8
hsa-miR-17-5p,STK11
hsa-miR-17-5p,MIDN
hsa-miR-17-5p,CHAF1A
hsa-miR-17-5p,TRIP10
hsa-miR-17-5p,ARHGEF18
hsa-miR-17-5p,LDLR
hsa-miR-17-5p,URI1
hsa-miR-17-5p,GRAMD1A
hsa-miR-17-5p,KMT2B
hsa-miR-17-5p,ROCK2
hsa-miR-17-5p,LAPTM4A
hsa-miR-17-5p,COX7A2L
hsa-miR-17-5p,SERTAD2
hsa-miR-17-5p,PPP3R1
hsa-miR-17-5p,TGOLN2
hsa-miR-17-5p,DUSP2
hsa-miR-17-5p,TMEM127
hsa-miR-17-5p,MAP3K2
hsa-miR-17-5p,SLC40A1
hsa-miR-17-5p,STK17B
hsa-miR-17-5p,EPHA4
hsa-miR-17-5p,KLF11
hsa-miR-17-5p,RRM2
hsa-miR-17-5p,UBXN2A
hsa-miR-17-5p,NRBP1
hsa-miR-17-5p,CLIP4
hsa-miR-17-5p,CRIM1
hsa-miR-17-5p,EPAS1
hsa-miR-17-5p,TET3
hsa-miR-17-5p,TCF7L1
hsa-miR-17-5p,SOWAHC
hsa-miR-17-5p,PTPN4
hsa-miR-17-5p,TANC1
hsa-miR-17-5p,CSRNP3
hsa-miR-17-5p,CYBRD1
hsa-miR-17-5p,PLEKHA3
hsa-miR-17-5p,NABP1
hsa-miR-17-5p,C2orf69
hsa-miR-17-5p,BMPR2
hsa-miR-17-5p,SEPTIN2
hsa-miR-17-5p,TBC1D20
hsa-miR-17-5p,PLAGL2
hsa-miR-17-5p,E2F1
hsa-miR-17-5p,PREX1
hsa-miR-17-5p,ZNFX1
hsa-miR-17-5p,ZNF217
hsa-miR-17-5p,ZNF512B
hsa-miR-17-5p,POFUT1
hsa-miR-17-5p,KIF3B
hsa-miR-17-5p,MAPRE1
hsa-miR-17-5p,ITCH
hsa-miR-17-5p,TTPAL
hsa-miR-17-5p,CTSA
hsa-miR-17-5p,NCOA3
hsa-miR-17-5p,PARD6B
hsa-miR-17-5p,BTG3
hsa-miR-17-5p,APP
hsa-miR-17-5p,RUNX1
hsa-miR-17-5p,BRWD1
hsa-miR-17-5p,C2CD2
hsa-miR-17-5p,SIK1
hsa-miR-17-5p,DYRK1A
hsa-miR-17-5p,PRR14L
hsa-miR-17-5p,IQSEC1
hsa-miR-17-5p,NKIRAS1
hsa-miR-17-5p,FYCO1
hsa-miR-17-5p,TUSC2
hsa-miR-17-5p,RYBP
hsa-miR-17-5p,DCBLD2
hsa-miR-17-5p,POLQ
hsa-miR-17-5p,HEG1
hsa-miR-17-5p,ZNF148
hsa-miR-17-5p,PLSCR4
hsa-miR-17-5p,PFN2
hsa-miR-17-5p,NCEH1
hsa-miR-17-5p,NR2C2
hsa-miR-17-5p,TGFBR2
hsa-miR-17-5p,ZBTB47
hsa-miR-17-5p,ABHD5
hsa-miR-17-5p,NBEAL2
hsa-miR-17-5p,C3orf38
hsa-miR-17-5p,CRYBG3
hsa-miR-17-5p,CEP97
hsa-miR-17-5p,BBX
hsa-miR-17-5p,PLXNA1
hsa-miR-17-5p,SLC25A36
hsa-miR-17-5p,PXYLP1
hsa-miR-17-5p,U2SURP
hsa-miR-17-5p,TSC22D2
hsa-miR-17-5p,FXR1
hsa-miR-17-5p,IL1RAP
hsa-miR-17-5p,FBXL5
hsa-miR-17-5p,PDS5A
hsa-miR-17-5p,CLOCK
hsa-miR-17-5p,CNOT6L
hsa-miR-17-5p,WDFY3
hsa-miR-17-5p,FAM13A
hsa-miR-17-5p,TBC1D9
hsa-miR-17-5p,OTUD4
hsa-miR-17-5p,KLF3
hsa-miR-17-5p,SLAIN2
hsa-miR-17-5p,RASL11B
hsa-miR-17-5p,CXCL8
hsa-miR-17-5p,EREG
hsa-miR-17-5p,CCNG2
hsa-miR-17-5p,PKD2
hsa-miR-17-5p,GAB1
hsa-miR-17-5p,KLHL2
hsa-miR-17-5p,MSMO1
hsa-miR-17-5p,PALLD
hsa-miR-17-5p,ANKH
hsa-miR-17-5p,DAB2
hsa-miR-17-5p,SGTB
hsa-miR-17-5p,TMEM167A
hsa-miR-17-5p,FEM1C
hsa-miR-17-5p,CEP120
hsa-miR-17-5p,SAR1B
hsa-miR-17-5p,RNF145
hsa-miR-17-5p,PANK3
hsa-miR-17-5p,AHRR
hsa-miR-17-5p,PDCD6-AHRR
hsa-miR-17-5p,MARCHF6
hsa-miR-17-5p,MAP3K1
hsa-miR-17-5p,FCHO2
hsa-miR-17-5p,POLR3G
hsa-miR-17-5p,RGMB
hsa-miR-17-5p,SMAD5
hsa-miR-17-5p,PURA
hsa-miR-17-5p,NPM1
hsa-miR-17-5p,CREBRF
hsa-miR-17-5p,SQSTM1
hsa-miR-17-5p,SLC22A23
hsa-miR-17-5p,STK38
hsa-miR-17-5p,ENPP5
hsa-miR-17-5p,TNFRSF21
hsa-miR-17-5p,PHIP
hsa-miR-17-5p,RRAGD
hsa-miR-17-5p,OSTM1
hsa-miR-17-5p,REV3L
hsa-miR-17-5p,MAP7
hsa-miR-17-5p,SOX4
hsa-miR-17-5p,CDKN1A
hsa-miR-17-5p,VEGFA
hsa-miR-17-5p,CENPQ
hsa-miR-17-5p,SOBP
hsa-miR-17-5p,ASF1A
hsa-miR-17-5p,HECA
hsa-miR-17-5p,SASH1
hsa-miR-17-5p,SNX9
hsa-miR-17-5p,QKI
hsa-miR-17-5p,C6orf120
hsa-miR-17-5p,PURB
hsa-miR-17-5p,PON2
hsa-miR-17-5p,MAP11
hsa-miR-17-5p,GIGYF1
hsa-miR-17-5p,CCDC71L
hsa-miR-17-5p,BMT2
hsa-miR-17-5p,FAM3C
hsa-miR-17-5p,MKRN1
hsa-miR-17-5p,FASTK
hsa-miR-17-5p,ARL4A
hsa-miR-17-5p,ITGB8
hsa-miR-17-5p,LIMK1
hsa-miR-17-5p,PHTF2
hsa-miR-17-5p,CROT
hsa-miR-17-5p,ANKIB1
hsa-miR-17-5p,AGFG2
hsa-miR-17-5p,HBP1
hsa-miR-17-5p,DNAJB9
hsa-miR-17-5p,CALD1
hsa-miR-17-5p,UBE3C
hsa-miR-17-5p,PPP1R3B
hsa-miR-17-5p,RAB11FIP1
hsa-miR-17-5p,PCMTD1
hsa-miR-17-5p,PLAG1
hsa-miR-17-5p,UBE2W
hsa-miR-17-5p,TMEM64
hsa-miR-17-5p,TP53INP1
hsa-miR-17-5p,KLF10
hsa-miR-17-5p,ATAD2
hsa-miR-17-5p,SLC7A2
hsa-miR-17-5p,PPP2R2A
hsa-miR-17-5p,BNIP3L
hsa-miR-17-5p,DPYSL2
hsa-miR-17-5p,MAK16
hsa-miR-17-5p,ADAM9
hsa-miR-17-5p,YTHDF3
hsa-miR-17-5p,SDC2
hsa-miR-17-5p,NFIB
hsa-miR-17-5p,RNF38
hsa-miR-17-5p,ZNF367
hsa-miR-17-5p,ABCA1
hsa-miR-17-5p,TMEM245
hsa-miR-17-5p,PPP6C
hsa-miR-17-5p,FAM102A
hsa-miR-17-5p,VLDLR
hsa-miR-17-5p,RBBP7
hsa-miR-17-5p,SCML2
hsa-miR-17-5p,KLHL15
hsa-miR-17-5p,ACSL4
hsa-miR-17-5p,ZDHHC9
hsa-miR-17-5p,SYAP1
hsa-miR-17-5p,PRRG1
hsa-miR-17-5p,ZBTB33
hsa-miR-181a-5p,PUM1
hsa-miR-181a-5p,PIK3R3
hsa-miR-181a-5p,NEGR1
hsa-miR-181a-5p,SSX2IP
hsa-miR-181a-5p,NRAS
hsa-miR-181a-5p,NOTCH2
hsa-miR-181a-5p,TOR1AIP2
hsa-miR-181a-5p,NUCKS1
hsa-miR-181a-5p,LBR
hsa-miR-181a-5p,TARDBP
hsa-miR-181a-5p,PNRC2
hsa-miR-181a-5p,PDIK1L
hsa-miR-181a-5p,EPB41
hsa-miR-181a-5p,AKIRIN1
hsa-miR-181a-5p,RLF
hsa-miR-181a-5p,CCN1
hsa-miR-181a-5p,HS2ST1
hsa-miR-181a-5p,LRRC8D
hsa-miR-181a-5p,S1PR1
hsa-miR-181a-5p,HIPK1
hsa-miR-181a-5p,ATP1B1
hsa-miR-181a-5p,PRRC2C
hsa-miR-181a-5p,LAMC1
hsa-miR-181a-5p,NEK7
hsa-miR-181a-5p,PROX1
hsa-miR-181a-5p,KLF6
hsa-miR-181a-5p,NRP1
hsa-miR-181a-5p,PSAP
hsa-miR-181a-5p,ACTA2
hsa-miR-181a-5p,TM9SF3
hsa-miR-181a-5p,RAB11FIP2
hsa-miR-181a-5p,ADO
hsa-miR-181a-5p,CCAR1
hsa-miR-181a-5p,DDIT4
hsa-miR-181a-5p,GHITM
hsa-miR-181a-5p,CCNJ
hsa-miR-181a-5p,LCOR
hsa-miR-181a-5p,SCD
hsa-miR-181a-5p,DUSP5
hsa-miR-181a-5p,ATRNL1
hsa-miR-181a-5p,PIK3C2A
hsa-miR-181a-5p,LIN7C
hsa-miR-181a-5p,AHNAK
hsa-miR-181a-5p,PDHX
hsa-miR-181a-5p,GRK2
hsa-miR-181a-5p,PPFIA1
hsa-miR-181a-5p,PAFAH1B2
hsa-miR-181a-5p,SLC2A3
hsa-miR-181a-5p,C2CD5
hsa-miR-181a-5p,KRAS
hsa-miR-181a-5p,IPO8
hsa-miR-181a-5p,CAPRIN2
hsa-miR-181a-5p,SLC38A2
hsa-miR-181a-5p,BAZ2A
hsa-miR-181a-5p,PHLDA1
hsa-miR-181a-5p,OSBPL8
hsa-miR-181a-5p,E2F7
hsa-miR-181a-5p,KITLG
hsa-miR-181a-5p,DUSP6
hsa-miR-181a-5p,PRDM4
hsa-miR-181a-5p,CLIP1
hsa-miR-181a-5p,WNK1
hsa-miR-181a-5p,KLHL42
hsa-miR-181a-5p,RESF1
hsa-miR-181a-5p,LARP4
hsa-miR-181a-5p,HOXC8
hsa-miR-181a-5p,DYRK2
hsa-miR-181a-5p,HSP90B1
hsa-miR-181a-5p,ATP2A2
hsa-miR-181a-5p,ZNF664
hsa-miR-181a-5p,RBM26
hsa-miR-181a-5p,IRS2
hsa-miR-181a-5p,IPO5
hsa-miR-181a-5p,ZIC2
hsa-miR-181a-5p,PPP2R5E
hsa-miR-181a-5p,ZFP36L1
hsa-miR-181a-5p,MIDEAS
hsa-miR-181a-5p,ATXN3
hsa-miR-181a-5p,ARF6
hsa-miR-181a-5p,FBXO34
hsa-miR-181a-5p,MPP5
hsa-miR-181a-5p,FOS
hsa-miR-181a-5p,CALM1
hsa-miR-181a-5p,GSKIP
hsa-miR-181a-5p,CCNK
hsa-miR-181a-5p,YY1
hsa-miR-181a-5p,RCOR1
hsa-miR-181a-5p,COPS2
hsa-miR-181a-5p,PRTG
hsa-miR-181a-5p,IGDCC3
hsa-miR-181a-5p,BLOC1S6
hsa-miR-181a-5p,ZFAND6
hsa-miR-181a-5p,ADCY9
hsa-miR-181a-5p,DYNC1LI2
hsa-miR-181a-5p,ZDHHC7
hsa-miR-181a-5p,PDPK1
hsa-miR-181a-5p,TENT4B
hsa-miR-181a-5p,CHD9
hsa-miR-181a-5p,GSE1
hsa-miR-181a-5p,ZBTB4
hsa-miR-181a-5p,CBX4
hsa-miR-181a-5p,PAFAH1B1
hsa-miR-181a-5p,MINK1
hsa-miR-181a-5p,CPD
hsa-miR-181a-5p,KPNB1
hsa-miR-181a-5p,MAP3K3
hsa-miR-181a-5p,GATA6
hsa-miR-181a-5p,ZFP30
hsa-miR-181a-5p,CARM1
hsa-miR-181a-5p,PDIA6
hsa-miR-181a-5p,SRSF7
hsa-miR-181a-5p,SOS1
hsa-miR-181a-5p,ZFP36L2
hsa-miR-181a-5p,FBXO11
hsa-miR-181a-5p,GFPT1
hsa-miR-181a-5p,PRPF40A
hsa-miR-181a-5p,FIGN
hsa-miR-181a-5p,TNS1
hsa-miR-181a-5p,PPP1CB
hsa-miR-181a-5p,PRKCE
hsa-miR-181a-5p,LGALSL
hsa-miR-181a-5p,TMEM87B
hsa-miR-181a-5p,SLC4A10
hsa-miR-181a-5p,PLEKHA3
hsa-miR-181a-5p,NAB1
hsa-miR-181a-5p,C2orf69
hsa-miR-181a-5p,UNC80
hsa-miR-181a-5p,FKBP1A
hsa-miR-181a-5p,STAU1
hsa-miR-181a-5p,BTBD3
hsa-miR-181a-5p,ENTPD6
hsa-miR-181a-5p,KIF3B
hsa-miR-181a-5p,TGIF2
hsa-miR-181a-5p,YWHAB
hsa-miR-181a-5p,ADAMTS5
hsa-miR-181a-5p,BRWD1
hsa-miR-181a-5p,MAPK1
hsa-miR-181a-5p,HIC2
hsa-miR-181a-5p,TIMP3
hsa-miR-181a-5p,ATP2B2
hsa-miR-181a-5p,UBP1
hsa-miR-181a-5p,TMF1
hsa-miR-181a-5p,CPOX
hsa-miR-181a-5p,NAA50
hsa-miR-181a-5p,FSTL1
hsa-miR-181a-5p,KLF15
hsa-miR-181a-5p,TMCC1
hsa-miR-181a-5p,TBL1XR1
hsa-miR-181a-5p,GNB4
hsa-miR-181a-5p,BHLHE40
hsa-miR-181a-5p,PLCL2
hsa-miR-181a-5p,NR1D2
hsa-miR-181a-5p,TGFBR2
hsa-miR-181a-5p,TRIM71
hsa-miR-181a-5p,TRAK1
hsa-miR-181a-5p,SACM1L
hsa-miR-181a-5p,CRYBG3
hsa-miR-181a-5p,SLC25A36
hsa-miR-181a-5p,MBNL1
hsa-miR-181a-5p,EIF4A2
hsa-miR-181a-5p,LPP
hsa-miR-181a-5p,QDPR
hsa-miR-181a-5p,UBA6
hsa-miR-181a-5p,G3BP2
hsa-miR-181a-5p,PGRMC2
hsa-miR-181a-5p,SLC7A11
hsa-miR-181a-5p,TBC1D9
hsa-miR-181a-5p,OTUD4
hsa-miR-181a-5p,HMGB2
hsa-miR-181a-5p,KLF3
hsa-miR-181a-5p,METAP1
hsa-miR-181a-5p,TRIM2
hsa-miR-181a-5p,LPCAT1
hsa-miR-181a-5p,MTMR12
hsa-miR-181a-5p,SEPTIN8
hsa-miR-181a-5p,SPRY4
hsa-miR-181a-5p,GPBP1
hsa-miR-181a-5p,MAP1B
hsa-miR-181a-5p,TNPO1
hsa-miR-181a-5p,PAM
hsa-miR-181a-5p,SOWAHA
hsa-miR-181a-5p,PCDHA6
hsa-miR-181a-5p,PCDHA9
hsa-miR-181a-5p,PCDHA8
hsa-miR-181a-5p,PCDHA7
hsa-miR-181a-5p,PCDHA5
hsa-miR-181a-5p,PCDHA4
hsa-miR-181a-5p,PCDHA2
hsa-miR-181a-5p,PCDHA1
hsa-miR-181a-5p,PCDHA13
hsa-miR-181a-5p,PCDHAC2
hsa-miR-181a-5p,PCDHAC1
hsa-miR-181a-5p,PCDHA11
hsa-miR-181a-5p,PCDHA10
hsa-miR-181a-5p,PCDHA12
hsa-miR-181a-5p,PCDHA3
hsa-miR-181a-5p,RBM27
hsa-miR-181a-5p,CCNG1
hsa-miR-181a-5p,CREBRF
hsa-miR-181a-5p,CPEB4
hsa-miR-181a-5p,DEK
hsa-miR-181a-5p,PNISR
hsa-miR-181a-5p,CD2AP
hsa-miR-181a-5p,LIN28B
hsa-miR-181a-5p,MARCKS
hsa-miR-181a-5p,HINT3
hsa-miR-181a-5p,QKI
hsa-miR-181a-5p,YWHAG
hsa-miR-181a-5p,GIGYF1
hsa-miR-181a-5p,WASL
hsa-miR-181a-5p,ZNF800
hsa-miR-181a-5p,KMT2C
hsa-miR-181a-5p,GLCCI1
hsa-miR-181a-5p,AVL9
hsa-miR-181a-5p,SERPINE1
hsa-miR-181a-5p,PLAG1
hsa-miR-181a-5p,RAD21
hsa-miR-181a-5p,MTMR9
hsa-miR-181a-5p,TUSC3
hsa-miR-181a-5p,SLC25A37
hsa-miR-181a-5p,DPYSL2
hsa-miR-181a-5p,BAG4
hsa-miR-181a-5p,CHD7
hsa-miR-181a-5p,B4GALT1
hsa-miR-181a-5p,PTBP3
hsa-miR-181a-5p,NR6A1
hsa-miR-181a-5p,HSPA5
hsa-miR-181a-5p,KANK1
hsa-miR-181a-5p,TGFBR1
hsa-miR-181a-5p,TMEFF1
hsa-miR-181a-5p,MSANTD3-TMEFF1
hsa-miR-181a-5p,RAD23B
hsa-miR-181a-5p,RPS6KA3
hsa-miR-181a-5p,KLHL15
hsa-miR-181a-5p,DDX3X
hsa-miR-181a-5p,SLC9A6
hsa-miR-181b-5p,PUM1
hsa-miR-181b-5p,PIK3R3
hsa-miR-181b-5p,NEGR1
hsa-miR-181b-5p,SSX2IP
hsa-miR-181b-5p,NRAS
hsa-miR-181b-5p,NOTCH2
hsa-miR-181b-5p,TOR1AIP2
hsa-miR-181b-5p,NUCKS1
hsa-miR-181b-5p,LBR
hsa-miR-181b-5p,TARDBP
hsa-miR-181b-5p,PNRC2
hsa-miR-181b-5p,PDIK1L
hsa-miR-181b-5p,EPB41
hsa-miR-181b-5p,AKIRIN1
hsa-miR-181b-5p,RLF
hsa-miR-181b-5p,CCN1
hsa-miR-181b-5p,HS2ST1
hsa-miR-181b-5p,LRRC8D
hsa-miR-181b-5p,S1PR1
hsa-miR-181b-5p,ATP1B1
hsa-miR-181b-5p,PRRC2C
hsa-miR-181b-5p,LAMC1
hsa-miR-181b-5p,NEK7
hsa-miR-181b-5p,PROX1
hsa-miR-181b-5p,KLF6
hsa-miR-181b-5p,NRP1
hsa-miR-181b-5p,PSAP
hsa-miR-181b-5p,ACTA2
hsa-miR-181b-5p,TM9SF3
hsa-miR-181b-5p,RAB11FIP2
hsa-miR-181b-5p,ADO
hsa-miR-181b-5p,CCAR1
hsa-miR-181b-5p,DDIT4
hsa-miR-181b-5p,GHITM
hsa-miR-181b-5p,CCNJ
hsa-miR-181b-5p,LCOR
hsa-miR-181b-5p,SCD
hsa-miR-181b-5p,DUSP5
hsa-miR-181b-5p,ATRNL1
hsa-miR-181b-5p,PIK3C2A
hsa-miR-181b-5p,LIN7C
hsa-miR-181b-5p,AHNAK
hsa-miR-181b-5p,PDHX
hsa-miR-181b-5p,GRK2
hsa-miR-181b-5p,PPFIA1
hsa-miR-181b-5p,PAFAH1B2
hsa-miR-181b-5p,SLC2A3
hsa-miR-181b-5p,C2CD5
hsa-miR-181b-5p,KRAS
hsa-miR-181b-5p,IPO8
hsa-miR-181b-5p,CAPRIN2
hsa-miR-181b-5p,SLC38A2
hsa-miR-181b-5p,BAZ2A
hsa-miR-181b-5p,PHLDA1
hsa-miR-181b-5p,OSBPL8
hsa-miR-181b-5p,E2F7
hsa-miR-181b-5p,KITLG
hsa-miR-181b-5p,DUSP6
hsa-miR-181b-5p,PRDM4
hsa-miR-181b-5p,CLIP1
hsa-miR-181b-5p,WNK1
hsa-miR-181b-5p,KLHL42
hsa-miR-181b-5p,RESF1
hsa-miR-181b-5p,LARP4
hsa-miR-181b-5p,HOXC8
hsa-miR-181b-5p,DYRK2
hsa-miR-181b-5p,HSP90B1
hsa-miR-181b-5p,ATP2A2
hsa-miR-181b-5p,ZNF664
hsa-miR-181b-5p,LNX2
hsa-miR-181b-5p,MYCBP2
hsa-miR-181b-5p,RBM26
hsa-miR-181b-5p,IRS2
hsa-miR-181b-5p,IPO5
hsa-miR-181b-5p,ZIC2
hsa-miR-181b-5p,PPP2R5E
hsa-miR-181b-5p,ZFP36L1
hsa-miR-181b-5p,MIDEAS
hsa-miR-181b-5p,ATXN3
hsa-miR-181b-5p,ARF6
hsa-miR-181b-5p,FBXO34
hsa-miR-181b-5p,MPP5
hsa-miR-181b-5p,FOS
hsa-miR-181b-5p,CALM1
hsa-miR-181b-5p,GSKIP
hsa-miR-181b-5p,CCNK
hsa-miR-181b-5p,YY1
hsa-miR-181b-5p,RCOR1
hsa-miR-181b-5p,COPS2
hsa-miR-181b-5p,PRTG
hsa-miR-181b-5p,IGDCC3
hsa-miR-181b-5p,BLOC1S6
hsa-miR-181b-5p,ZFAND6
hsa-miR-181b-5p,ADCY9
hsa-miR-181b-5p,DYNC1LI2
hsa-miR-181b-5p,ZDHHC7
hsa-miR-181b-5p,PDPK1
hsa-miR-181b-5p,TENT4B
hsa-miR-181b-5p,CHD9
hsa-miR-181b-5p,GSE1
hsa-miR-181b-5p,ZBTB4
hsa-miR-181b-5p,CBX4
hsa-miR-181b-5p,PAFAH1B1
hsa-miR-181b-5p,MINK1
hsa-miR-181b-5p,CPD
hsa-miR-181b-5p,HEXIM1
hsa-miR-181b-5p,KPNB1
hsa-miR-181b-5p,MAP3K3
hsa-miR-181b-5p,GATA6
hsa-miR-181b-5p,ZFP30
hsa-miR-181b-5p,CARM1
hsa-miR-181b-5p,PDIA6
hsa-miR-181b-5p,SRSF7
hsa-miR-181b-5p,SOS1
hsa-miR-181b-5p,ZFP36L2
hsa-miR-181b-5p,FBXO11
hsa-miR-181b-5p,GFPT1
hsa-miR-181b-5p,PRPF40A
hsa-miR-181b-5p,FIGN
hsa-miR-181b-5p,TNS1
hsa-miR-181b-5p,PPP1CB
hsa-miR-181b-5p,PRKCE
hsa-miR-181b-5p,LGALSL
hsa-miR-181b-5p,TMEM87B
hsa-miR-181b-5p,SLC4A10
hsa-miR-181b-5p,PLEKHA3
hsa-miR-181b-5p,NAB1
hsa-miR-181b-5p,C2orf69
hsa-miR-181b-5p,UNC80
hsa-miR-181b-5p,FKBP1A
hsa-miR-181b-5p,STAU1
hsa-miR-181b-5p,BTBD3
hsa-miR-181b-5p,ENTPD6
hsa-miR-181b-5p,KIF3B
hsa-miR-181b-5p,TGIF2
hsa-miR-181b-5p,YWHAB
hsa-miR-181b-5p,ADAMTS5
hsa-miR-181b-5p,BRWD1
hsa-miR-181b-5p,MAPK1
hsa-miR-181b-5p,HIC2
hsa-miR-181b-5p,TIMP3
hsa-miR-181b-5p,ATP2B2
hsa-miR-181b-5p,UBP1
hsa-miR-181b-5p,TMF1
hsa-miR-181b-5p,CPOX
hsa-miR-181b-5p,NAA50
hsa-miR-181b-5p,FSTL1
hsa-miR-181b-5p,KLF15
hsa-miR-181b-5p,TMCC1
hsa-miR-181b-5p,TBL1XR1
hsa-miR-181b-5p,GNB4
hsa-miR-181b-5p,BHLHE40
hsa-miR-181b-5p,PLCL2
hsa-miR-181b-5p,NR1D2
hsa-miR-181b-5p,TGFBR2
hsa-miR-181b-5p,TRIM71
hsa-miR-181b-5p,TRAK1
hsa-miR-181b-5p,SACM1L
hsa-miR-181b-5p,CRYBG3
hsa-miR-181b-5p,SLC25A36
hsa-miR-181b-5p,MBNL1
hsa-miR-181b-5p,EIF4A2
hsa-miR-181b-5p,LPP
hsa-miR-181b-5p,QDPR
hsa-miR-181b-5p,UBA6
hsa-miR-181b-5p,G3BP2
hsa-miR-181b-5p,PGRMC2
hsa-miR-181b-5p,SLC7A11
hsa-miR-181b-5p,TBC1D9
hsa-miR-181b-5p,OTUD4
hsa-miR-181b-5p,HMGB2
hsa-miR-181b-5p,KLF3
hsa-miR-181b-5p,METAP1
hsa-miR-181b-5p,TRIM2
hsa-miR-181b-5p,LPCAT1
hsa-miR-181b-5p,MTMR12
hsa-miR-181b-5p,SEPTIN8
hsa-miR-181b-5p,SPRY4
hsa-miR-181b-5p,GPBP1
hsa-miR-181b-5p,MAP1B
hsa-miR-181b-5p,TNPO1
hsa-miR-181b-5p,PAM
hsa-miR-181b-5p,SOWAHA
hsa-miR-181b-5p,PCDHA6
hsa-miR-181b-5p,PCDHA9
hsa-miR-181b-5p,PCDHA8
hsa-miR-181b-5p,PCDHA7
hsa-miR-181b-5p,PCDHA5
hsa-miR-181b-5p,PCDHA4
hsa-miR-181b-5p,PCDHA2
hsa-miR-181b-5p,PCDHA1
hsa-miR-181b-5p,PCDHA13
hsa-miR-181b-5p,PCDHAC2
hsa-miR-181b-5p,PCDHAC1
hsa-miR-181b-5p,PCDHA11
hsa-miR-181b-5p,PCDHA10
hsa-miR-181b-5p,PCDHA12
hsa-miR-181b-5p,PCDHA3
hsa-miR-181b-5p,RBM27
hsa-miR-181b-5p,CCNG1
hsa-miR-181b-5p,CREBRF
hsa-miR-181b-5p,CPEB4
hsa-miR-181b-5p,DEK
hsa-miR-181b-5p,PNISR
hsa-miR-181b-5p,CD2AP
hsa-miR-181b-5p,LIN28B
hsa-miR-181b-5p,MARCKS
hsa-miR-181b-5p,HINT3
hsa-miR-181b-5p,QKI
hsa-miR-181b-5p,YWHAG
hsa-miR-181b-5p,GIGYF1
hsa-miR-181b-5p,WASL
hsa-miR-181b-5p,ZNF800
hsa-miR-181b-5p,KMT2C
hsa-miR-181b-5p,GLCCI1
hsa-miR-181b-5p,AVL9
hsa-miR-181b-5p,SERPINE1
hsa-miR-181b-5p,PLAG1
hsa-miR-181b-5p,RAD21
hsa-miR-181b-5p,MTMR9
hsa-miR-181b-5p,TUSC3
hsa-miR-181b-5p,SLC25A37
hsa-miR-181b-5p,DPYSL2
hsa-miR-181b-5p,BAG4
hsa-miR-181b-5p,CHD7
hsa-miR-181b-5p,B4GALT1
hsa-miR-181b-5p,PTBP3
hsa-miR-181b-5p,NR6A1
hsa-miR-181b-5p,HSPA5
hsa-miR-181b-5p,KANK1
hsa-miR-181b-5p,TGFBR1
hsa-miR-181b-5p,TMEFF1
hsa-miR-181b-5p,MSANTD3-TMEFF1
hsa-miR-181b-5p,RAD23B
hsa-miR-181b-5p,RPS6KA3
hsa-miR-181b-5p,KLHL15
hsa-miR-181b-5p,DDX3X
hsa-miR-181b-5p,SLC9A6
hsa-miR-181c-5p,PUM1
hsa-miR-181c-5p,PIK3R3
hsa-miR-181c-5p,NEGR1
hsa-miR-181c-5p,SSX2IP
hsa-miR-181c-5p,NRAS
hsa-miR-181c-5p,NOTCH2
hsa-miR-181c-5p,TOR1AIP2
hsa-miR-181c-5p,NUCKS1
hsa-miR-181c-5p,LBR
hsa-miR-181c-5p,TARDBP
hsa-miR-181c-5p,PNRC2
hsa-miR-181c-5p,PDIK1L
hsa-miR-181c-5p,EPB41
hsa-miR-181c-5p,AKIRIN1
hsa-miR-181c-5p,RLF
hsa-miR-181c-5p,CCN1
hsa-miR-181c-5p,HS2ST1
hsa-miR-181c-5p,LRRC8D
hsa-miR-181c-5p,S1PR1
hsa-miR-181c-5p,ATP1B1
hsa-miR-181c-5p,PRRC2C
hsa-miR-181c-5p,LAMC1
hsa-miR-181c-5p,NEK7
hsa-miR-181c-5p,PROX1
hsa-miR-181c-5p,KLF6
hsa-miR-181c-5p,NRP1
hsa-miR-181c-5p,PSAP
hsa-miR-181c-5p,ACTA2
hsa-miR-181c-5p,TM9SF3
hsa-miR-181c-5p,RAB11FIP2
hsa-miR-181c-5p,ADO
hsa-miR-181c-5p,CCAR1
hsa-miR-181c-5p,DDIT4
hsa-miR-181c-5p,GHITM
hsa-miR-181c-5p,CCNJ
hsa-miR-181c-5p,LCOR
hsa-miR-181c-5p,SCD
hsa-miR-181c-5p,DUSP5
hsa-miR-181c-5p,ATRNL1
hsa-miR-181c-5p,PIK3C2A
hsa-miR-181c-5p,LIN7C
hsa-miR-181c-5p,AHNAK
hsa-miR-181c-5p,PDHX
hsa-miR-181c-5p,GRK2
hsa-miR-181c-5p,PPFIA1
hsa-miR-181c-5p,PAFAH1B2
hsa-miR-181c-5p,SLC2A3
hsa-miR-181c-5p,C2CD5
hsa-miR-181c-5p,KRAS
hsa-miR-181c-5p,IPO8
hsa-miR-181c-5p,CAPRIN2
hsa-miR-181c-5p,SLC38A2
hsa-miR-181c-5p,BAZ2A
hsa-miR-181c-5p,PHLDA1
hsa-miR-181c-5p,OSBPL8
hsa-miR-181c-5p,E2F7
hsa-miR-181c-5p,KITLG
hsa-miR-181c-5p,DUSP6
hsa-miR-181c-5p,PRDM4
hsa-miR-181c-5p,CLIP1
hsa-miR-181c-5p,WNK1
hsa-miR-181c-5p,KLHL42
hsa-miR-181c-5p,RESF1
hsa-miR-181c-5p,LARP4
hsa-miR-181c-5p,HOXC8
hsa-miR-181c-5p,DYRK2
hsa-miR-181c-5p,HSP90B1
hsa-miR-181c-5p,ATP2A2
hsa-miR-181c-5p,ZNF664
hsa-miR-181c-5p,RBM26
hsa-miR-181c-5p,IRS2
hsa-miR-181c-5p,IPO5
hsa-miR-181c-5p,ZIC2
hsa-miR-181c-5p,PPP2R5E
hsa-miR-181c-5p,ZFP36L1
hsa-miR-181c-5p,MIDEAS
hsa-miR-181c-5p,ATXN3
hsa-miR-181c-5p,ARF6
hsa-miR-181c-5p,FBXO34
hsa-miR-181c-5p,MPP5
hsa-miR-181c-5p,FOS
hsa-miR-181c-5p,CALM1
hsa-miR-181c-5p,GSKIP
hsa-miR-181c-5p,CCNK
hsa-miR-181c-5p,YY1
hsa-miR-181c-5p,RCOR1
hsa-miR-181c-5p,COPS2
hsa-miR-181c-5p,PRTG
hsa-miR-181c-5p,IGDCC3
hsa-miR-181c-5p,BLOC1S6
hsa-miR-181c-5p,ZFAND6
hsa-miR-181c-5p,ADCY9
hsa-miR-181c-5p,DYNC1LI2
hsa-miR-181c-5p,ZDHHC7
hsa-miR-181c-5p,PDPK1
hsa-miR-181c-5p,TENT4B
hsa-miR-181c-5p,CHD9
hsa-miR-181c-5p,GSE1
hsa-miR-181c-5p,ZBTB4
hsa-miR-181c-5p,CBX4
hsa-miR-181c-5p,PAFAH1B1
hsa-miR-181c-5p,MINK1
hsa-miR-181c-5p,CPD
hsa-miR-181c-5p,KPNB1
hsa-miR-181c-5p,MAP3K3
hsa-miR-181c-5p,GATA6
hsa-miR-181c-5p,ZFP30
hsa-miR-181c-5p,CARM1
hsa-miR-181c-5p,PDIA6
hsa-miR-181c-5p,SRSF7
hsa-miR-181c-5p,SOS1
hsa-miR-181c-5p,ZFP36L2
hsa-miR-181c-5p,FBXO11
hsa-miR-181c-5p,GFPT1
hsa-miR-181c-5p,PRPF40A
hsa-miR-181c-5p,FIGN
hsa-miR-181c-5p,TNS1
hsa-miR-181c-5p,PPP1CB
hsa-miR-181c-5p,PRKCE
hsa-miR-181c-5p,LGALSL
hsa-miR-181c-5p,TMEM87B
hsa-miR-181c-5p,SLC4A10
hsa-miR-181c-5p,PLEKHA3
hsa-miR-181c-5p,NAB1
hsa-miR-181c-5p,C2orf69
hsa-miR-181c-5p,UNC80
hsa-miR-181c-5p,FKBP1A
hsa-miR-181c-5p,STAU1
hsa-miR-181c-5p,BTBD3
hsa-miR-181c-5p,ENTPD6
hsa-miR-181c-5p,KIF3B
hsa-miR-181c-5p,TGIF2
hsa-miR-181c-5p,YWHAB
hsa-miR-181c-5p,ADAMTS5
hsa-miR-181c-5p,BRWD1
hsa-miR-181c-5p,MAPK1
hsa-miR-181c-5p,HIC2
hsa-miR-181c-5p,TIMP3
hsa-miR-181c-5p,ATP2B2
hsa-miR-181c-5p,UBP1
hsa-miR-181c-5p,TMF1
hsa-miR-181c-5p,CPOX
hsa-miR-181c-5p,NAA50
hsa-miR-181c-5p,FSTL1
hsa-miR-181c-5p,KLF15
hsa-miR-181c-5p,TMCC1
hsa-miR-181c-5p,TBL1XR1
hsa-miR-181c-5p,GNB4
hsa-miR-181c-5p,BHLHE40
hsa-miR-181c-5p,PLCL2
hsa-miR-181c-5p,NR1D2
hsa-miR-181c-5p,TGFBR2
hsa-miR-181c-5p,TRIM71
hsa-miR-181c-5p,TRAK1
hsa-miR-181c-5p,SACM1L
hsa-miR-181c-5p,CRYBG3
hsa-miR-181c-5p,SLC25A36
hsa-miR-181c-5p,MBNL1
hsa-miR-181c-5p,EIF4A2
hsa-miR-181c-5p,LPP
hsa-miR-181c-5p,QDPR
hsa-miR-181c-5p,UBA6
hsa-miR-181c-5p,G3BP2
hsa-miR-181c-5p,PGRMC2
hsa-miR-181c-5p,SLC7A11
hsa-miR-181c-5p,TBC1D9
hsa-miR-181c-5p,OTUD4
hsa-miR-181c-5p,HMGB2
hsa-miR-181c-5p,KLF3
hsa-miR-181c-5p,METAP1
hsa-miR-181c-5p,TRIM2
hsa-miR-181c-5p,LPCAT1
hsa-miR-181c-5p,MTMR12
hsa-miR-181c-5p,SEPTIN8
hsa-miR-181c-5p,SPRY4
hsa-miR-181c-5p,GPBP1
hsa-miR-181c-5p,MAP1B
hsa-miR-181c-5p,TNPO1
hsa-miR-181c-5p,PAM
hsa-miR-181c-5p,SOWAHA
hsa-miR-181c-5p,PCDHA6
hsa-miR-181c-5p,PCDHA9
hsa-miR-181c-5p,PCDHA8
hsa-miR-181c-5p,PCDHA7
hsa-miR-181c-5p,PCDHA5
hsa-miR-181c-5p,PCDHA4
hsa-miR-181c-5p,PCDHA2
hsa-miR-181c-5p,PCDHA1
hsa-miR-181c-5p,PCDHA13
hsa-miR-181c-5p,PCDHAC2
hsa-miR-181c-5p,PCDHAC1
hsa-miR-181c-5p,PCDHA11
hsa-miR-181c-5p,PCDHA10
hsa-miR-181c-5p,PCDHA12
hsa-miR-181c-5p,PCDHA3
hsa-miR-181c-5p,CCNG1
hsa-miR-181c-5p,CREBRF
hsa-miR-181c-5p,CPEB4
hsa-miR-181c-5p,DEK
hsa-miR-181c-5p,PNISR
hsa-miR-181c-5p,CD2AP
hsa-miR-181c-5p,LIN28B
hsa-miR-181c-5p,MARCKS
hsa-miR-181c-5p,HINT3
hsa-miR-181c-5p,QKI
hsa-miR-181c-5p,YWHAG
hsa-miR-181c-5p,GIGYF1
hsa-miR-181c-5p,WASL
hsa-miR-181c-5p,ZNF800
hsa-miR-181c-5p,KMT2C
hsa-miR-181c-5p,GLCCI1
hsa-miR-181c-5p,AVL9
hsa-miR-181c-5p,SERPINE1
hsa-miR-181c-5p,PLAG1
hsa-miR-181c-5p,RAD21
hsa-miR-181c-5p,MTMR9
hsa-miR-181c-5p,TUSC3
hsa-miR-181c-5p,SLC25A37
hsa-miR-181c-5p,DPYSL2
hsa-miR-181c-5p,BAG4
hsa-miR-181c-5p,CHD7
hsa-miR-181c-5p,B4GALT1
hsa-miR-181c-5p,PTBP3
hsa-miR-181c-5p,NR6A1
hsa-miR-181c-5p,HSPA5
hsa-miR-181c-5p,KANK1
hsa-miR-181c-5p,TGFBR1
hsa-miR-181c-5p,TMEFF1
hsa-miR-181c-5p,MSANTD3-TMEFF1
hsa-miR-181c-5p,RAD23B
hsa-miR-181c-5p,RPS6KA3
hsa-miR-181c-5p,KLHL15
hsa-miR-181c-5p,DDX3X
hsa-miR-181c-5p,SLC9A6
hsa-miR-181d-5p,PUM1
hsa-miR-181d-5p,PIK3R3
hsa-miR-181d-5p,NEGR1
hsa-miR-181d-5p,SSX2IP
hsa-miR-181d-5p,NRAS
hsa-miR-181d-5p,NOTCH2
hsa-miR-181d-5p,TOR1AIP2
hsa-miR-181d-5p,NUCKS1
hsa-miR-181d-5p,LBR
hsa-miR-181d-5p,TARDBP
hsa-miR-181d-5p,PNRC2
hsa-miR-181d-5p,PDIK1L
hsa-miR-181d-5p,EPB41
hsa-miR-181d-5p,AKIRIN1
hsa-miR-181d-5p,RLF
hsa-miR-181d-5p,CCN1
hsa-miR-181d-5p,HS2ST1
hsa-miR-181d-5p,LRRC8D
hsa-miR-181d-5p,S1PR1
hsa-miR-181d-5p,ATP1B1
hsa-miR-181d-5p,PRRC2C
hsa-miR-181d-5p,LAMC1
hsa-miR-181d-5p,NEK7
hsa-miR-181d-5p,PROX1
hsa-miR-181d-5p,KLF6
hsa-miR-181d-5p,NRP1
hsa-miR-181d-5p,PSAP
hsa-miR-181d-5p,ACTA2
hsa-miR-181d-5p,TM9SF3
hsa-miR-181d-5p,RAB11FIP2
hsa-miR-181d-5p,ADO
hsa-miR-181d-5p,CCAR1
hsa-miR-181d-5p,DDIT4
hsa-miR-181d-5p,SEC24C
hsa-miR-181d-5p,GHITM
hsa-miR-181d-5p,CCNJ
hsa-miR-181d-5p,LCOR
hsa-miR-181d-5p,SCD
hsa-miR-181d-5p,DUSP5
hsa-miR-181d-5p,ATRNL1
hsa-miR-181d-5p,PIK3C2A
hsa-miR-181d-5p,LIN7C
hsa-miR-181d-5p,AHNAK
hsa-miR-181d-5p,PDHX
hsa-miR-181d-5p,GRK2
hsa-miR-181d-5p,PPFIA1
hsa-miR-181d-5p,PAFAH1B2
hsa-miR-181d-5p,SLC2A3
hsa-miR-181d-5p,C2CD5
hsa-miR-181d-5p,KRAS
hsa-miR-181d-5p,IPO8
hsa-miR-181d-5p,CAPRIN2
hsa-miR-181d-5p,SLC38A2
hsa-miR-181d-5p,BAZ2A
hsa-miR-181d-5p,PHLDA1
hsa-miR-181d-5p,OSBPL8
hsa-miR-181d-5p,E2F7
hsa-miR-181d-5p,KITLG
hsa-miR-181d-5p,DUSP6
hsa-miR-181d-5p,PRDM4
hsa-miR-181d-5p,CLIP1
hsa-miR-181d-5p,WNK1
hsa-miR-181d-5p,KLHL42
hsa-miR-181d-5p,RESF1
hsa-miR-181d-5p,LARP4
hsa-miR-181d-5p,HOXC8
hsa-miR-181d-5p,DYRK2
hsa-miR-181d-5p,HSP90B1
hsa-miR-181d-5p,ATP2A2
hsa-miR-181d-5p,ZNF664
hsa-miR-181d-5p,RBM26
hsa-miR-181d-5p,IRS2
hsa-miR-181d-5p,IPO5
hsa-miR-181d-5p,ZIC2
hsa-miR-181d-5p,PPP2R5E
hsa-miR-181d-5p,ZFP36L1
hsa-miR-181d-5p,MIDEAS
hsa-miR-181d-5p,ATXN3
hsa-miR-181d-5p,ARF6
hsa-miR-181d-5p,FBXO34
hsa-miR-181d-5p,MPP5
hsa-miR-181d-5p,FOS
hsa-miR-181d-5p,CALM1
hsa-miR-181d-5p,GSKIP
hsa-miR-181d-5p,CCNK
hsa-miR-181d-5p,YY1
hsa-miR-181d-5p,RCOR1
hsa-miR-181d-5p,COPS2
hsa-miR-181d-5p,PRTG
hsa-miR-181d-5p,IGDCC3
hsa-miR-181d-5p,BLOC1S6
hsa-miR-181d-5p,ZFAND6
hsa-miR-181d-5p,ADCY9
hsa-miR-181d-5p,DYNC1LI2
hsa-miR-181d-5p,ZDHHC7
hsa-miR-181d-5p,PDPK1
hsa-miR-181d-5p,TENT4B
hsa-miR-181d-5p,CHD9
hsa-miR-181d-5p,GSE1
hsa-miR-181d-5p,ZBTB4
hsa-miR-181d-5p,CBX4
hsa-miR-181d-5p,PAFAH1B1
hsa-miR-181d-5p,MINK1
hsa-miR-181d-5p,CPD
hsa-miR-181d-5p,HEXIM1
hsa-miR-181d-5p,KPNB1
hsa-miR-181d-5p,MAP3K3
hsa-miR-181d-5p,GATA6
hsa-miR-181d-5p,ZFP30
hsa-miR-181d-5p,CARM1
hsa-miR-181d-5p,PDIA6
hsa-miR-181d-5p,SRSF7
hsa-miR-181d-5p,SOS1
hsa-miR-181d-5p,ZFP36L2
hsa-miR-181d-5p,FBXO11
hsa-miR-181d-5p,GFPT1
hsa-miR-181d-5p,PRPF40A
hsa-miR-181d-5p,FIGN
hsa-miR-181d-5p,TNS1
hsa-miR-181d-5p,PPP1CB
hsa-miR-181d-5p,PRKCE
hsa-miR-181d-5p,LGALSL
hsa-miR-181d-5p,TMEM87B
hsa-miR-181d-5p,SLC4A10
hsa-miR-181d-5p,PLEKHA3
hsa-miR-181d-5p,NAB1
hsa-miR-181d-5p,C2orf69
hsa-miR-181d-5p,UNC80
hsa-miR-181d-5p,FKBP1A
hsa-miR-181d-5p,STAU1
hsa-miR-181d-5p,BTBD3
hsa-miR-181d-5p,ENTPD6
hsa-miR-181d-5p,KIF3B
hsa-miR-181d-5p,TGIF2
hsa-miR-181d-5p,YWHAB
hsa-miR-181d-5p,ADAMTS5
hsa-miR-181d-5p,BRWD1
hsa-miR-181d-5p,MAPK1
hsa-miR-181d-5p,HIC2
hsa-miR-181d-5p,TIMP3
hsa-miR-181d-5p,ATP2B2
hsa-miR-181d-5p,UBP1
hsa-miR-181d-5p,TMF1
hsa-miR-181d-5p,CPOX
hsa-miR-181d-5p,NAA50
hsa-miR-181d-5p,FSTL1
hsa-miR-181d-5p,KLF15
hsa-miR-181d-5p,TMCC1
hsa-miR-181d-5p,TBL1XR1
hsa-miR-181d-5p,GNB4
hsa-miR-181d-5p,BHLHE40
hsa-miR-181d-5p,PLCL2
hsa-miR-181d-5p,NR1D2
hsa-miR-181d-5p,TGFBR2
hsa-miR-181d-5p,TRIM71
hsa-miR-181d-5p,TRAK1
hsa-miR-181d-5p,SACM1L
hsa-miR-181d-5p,CRYBG3
hsa-miR-181d-5p,SLC25A36
hsa-miR-181d-5p,MBNL1
hsa-miR-181d-5p,EIF4A2
hsa-miR-181d-5p,LPP
hsa-miR-181d-5p,FBXO45
hsa-miR-181d-5p,QDPR
hsa-miR-181d-5p,UBA6
hsa-miR-181d-5p,G3BP2
hsa-miR-181d-5p,PGRMC2
hsa-miR-181d-5p,SLC7A11
hsa-miR-181d-5p,TBC1D9
hsa-miR-181d-5p,OTUD4
hsa-miR-181d-5p,HMGB2
hsa-miR-181d-5p,KLF3
hsa-miR-181d-5p,METAP1
hsa-miR-181d-5p,TRIM2
hsa-miR-181d-5p,LPCAT1
hsa-miR-181d-5p,MTMR12
hsa-miR-181d-5p,SEPTIN8
hsa-miR-181d-5p,SPRY4
hsa-miR-181d-5p,GPBP1
hsa-miR-181d-5p,MAP1B
hsa-miR-181d-5p,TNPO1
hsa-miR-181d-5p,PAM
hsa-miR-181d-5p,SOWAHA
hsa-miR-181d-5p,PCDHA6
hsa-miR-181d-5p,PCDHA9
hsa-miR-181d-5p,PCDHA8
hsa-miR-181d-5p,PCDHA7
hsa-miR-181d-5p,PCDHA5
hsa-miR-181d-5p,PCDHA4
hsa-miR-181d-5p,PCDHA2
hsa-miR-181d-5p,PCDHA1
hsa-miR-181d-5p,PCDHA13
hsa-miR-181d-5p,PCDHAC2
hsa-miR-181d-5p,PCDHAC1
hsa-miR-181d-5p,PCDHA11
hsa-miR-181d-5p,PCDHA10
hsa-miR-181d-5p,PCDHA12
hsa-miR-181d-5p,PCDHA3
hsa-miR-181d-5p,CCNG1
hsa-miR-181d-5p,CREBRF
hsa-miR-181d-5p,CPEB4
hsa-miR-181d-5p,DEK
hsa-miR-181d-5p,PNISR
hsa-miR-181d-5p,CD2AP
hsa-miR-181d-5p,LIN28B
hsa-miR-181d-5p,MARCKS
hsa-miR-181d-5p,HINT3
hsa-miR-181d-5p,QKI
hsa-miR-181d-5p,YWHAG
hsa-miR-181d-5p,GIGYF1
hsa-miR-181d-5p,DOCK4
hsa-miR-181d-5p,WASL
hsa-miR-181d-5p,ZNF800
hsa-miR-181d-5p,KMT2C
hsa-miR-181d-5p,GLCCI1
hsa-miR-181d-5p,AVL9
hsa-miR-181d-5p,SERPINE1
hsa-miR-181d-5p,PLAG1
hsa-miR-181d-5p,TMEM64
hsa-miR-181d-5p,RAD21
hsa-miR-181d-5p,MTMR9
hsa-miR-181d-5p,TUSC3
hsa-miR-181d-5p,SLC25A37
hsa-miR-181d-5p,DPYSL2
hsa-miR-181d-5p,BAG4
hsa-miR-181d-5p,CHD7
hsa-miR-181d-5p,B4GALT1
hsa-miR-181d-5p,PTBP3
hsa-miR-181d-5p,NR6A1
hsa-miR-181d-5p,HSPA5
hsa-miR-181d-5p,KANK1
hsa-miR-181d-5p,TGFBR1
hsa-miR-181d-5p,TMEFF1
hsa-miR-181d-5p,MSANTD3-TMEFF1
hsa-miR-181d-5p,RAD23B
hsa-miR-181d-5p,RPS6KA3
hsa-miR-181d-5p,KLHL15
hsa-miR-181d-5p,DDX3X
hsa-miR-181d-5p,SLC9A6
hsa-miR-182-5p,EVI5
hsa-miR-182-5p,CNN3
hsa-miR-182-5p,SLC39A1
hsa-miR-182-5p,AL358472.7
hsa-miR-182-5p,IVNS1ABP
hsa-miR-182-5p,SLC30A1
hsa-miR-182-5p,VAMP3
hsa-miR-182-5p,SPEN
hsa-miR-182-5p,ADGRL2
hsa-miR-182-5p,PRKACB
hsa-miR-182-5p,PKN2
hsa-miR-182-5p,JMJD1C
hsa-miR-182-5p,VCL
hsa-miR-182-5p,CELF1
hsa-miR-182-5p,CFL1
hsa-miR-182-5p,RDX
hsa-miR-182-5p,SWAP70
hsa-miR-182-5p,ZDHHC5
hsa-miR-182-5p,PAFAH1B2
hsa-miR-182-5p,ARCN1
hsa-miR-182-5p,ARHGEF12
hsa-miR-182-5p,GXYLT1
hsa-miR-182-5p,NAP1L1
hsa-miR-182-5p,NTN4
hsa-miR-182-5p,NUAK1
hsa-miR-182-5p,TXNRD1
hsa-miR-182-5p,STARD13
hsa-miR-182-5p,KPNA3
hsa-miR-182-5p,MBNL2
hsa-miR-182-5p,KLHL28
hsa-miR-182-5p,ZFP36L1
hsa-miR-182-5p,LRP10
hsa-miR-182-5p,PAPOLA
hsa-miR-182-5p,EIF5
hsa-miR-182-5p,ADAM10
hsa-miR-182-5p,IGF1R
hsa-miR-182-5p,NUDT21
hsa-miR-182-5p,DYNC1LI2
hsa-miR-182-5p,HSDL1
hsa-miR-182-5p,ZCCHC14
hsa-miR-182-5p,TNRC6A
hsa-miR-182-5p,FAM222B
hsa-miR-182-5p,MED1
hsa-miR-182-5p,TRIM37
hsa-miR-182-5p,WSB1
hsa-miR-182-5p,LASP1
hsa-miR-182-5p,KPNB1
hsa-miR-182-5p,SMAD7
hsa-miR-182-5p,CHMP1B
hsa-miR-182-5p,ANKRD27
hsa-miR-182-5p,CEBPA
hsa-miR-182-5p,BCL2L12
hsa-miR-182-5p,RTN4
hsa-miR-182-5p,PPP3R1
hsa-miR-182-5p,AMMECR1L
hsa-miR-182-5p,SP3
hsa-miR-182-5p,NCKAP1
hsa-miR-182-5p,FN1
hsa-miR-182-5p,YIPF4
hsa-miR-182-5p,PRKCE
hsa-miR-182-5p,EPAS1
hsa-miR-182-5p,FOXN2
hsa-miR-182-5p,ACTR2
hsa-miR-182-5p,RMND5A
hsa-miR-182-5p,SPATS2L
hsa-miR-182-5p,ZCCHC3
hsa-miR-182-5p,XBP1
hsa-miR-182-5p,NUP50
hsa-miR-182-5p,SH3BP5
hsa-miR-182-5p,ARF4
hsa-miR-182-5p,CD47
hsa-miR-182-5p,AMOTL2
hsa-miR-182-5p,FNDC3B
hsa-miR-182-5p,FXR1
hsa-miR-182-5p,LPP
hsa-miR-182-5p,FBXW7
hsa-miR-182-5p,PDGFRA
hsa-miR-182-5p,CLPTM1L
hsa-miR-182-5p,MEF2C
hsa-miR-182-5p,ARRDC3
hsa-miR-182-5p,FBXW11
hsa-miR-182-5p,MAP1B
hsa-miR-182-5p,ATXN1
hsa-miR-182-5p,STK38
hsa-miR-182-5p,SYNCRIP
hsa-miR-182-5p,CD164
hsa-miR-182-5p,FOXQ1
hsa-miR-182-5p,FOXF2
hsa-miR-182-5p,BRPF3
hsa-miR-182-5p,QKI
hsa-miR-182-5p,CYCS
hsa-miR-182-5p,HOXA9
hsa-miR-182-5p,SBDS
hsa-miR-182-5p,SYPL1
hsa-miR-182-5p,DOCK4
hsa-miR-182-5p,WIPI2
hsa-miR-182-5p,SEPTIN7
hsa-miR-182-5p,ANLN
hsa-miR-182-5p,PEG10
hsa-miR-182-5p,MET
hsa-miR-182-5p,INSIG1
hsa-miR-182-5p,ZNF706
hsa-miR-182-5p,ZHX1
hsa-miR-182-5p,CYRIB
hsa-miR-182-5p,BAG4
hsa-miR-182-5p,TACC1
hsa-miR-182-5p,SGK3
hsa-miR-182-5p,ZFAND5
hsa-miR-182-5p,TMEM245
hsa-miR-182-5p,VLDLR
hsa-miR-182-5p,RECK
hsa-miR-182-5p,SLITRK4
hsa-miR-183-5p,GNG5
hsa-miR-183-5p,NRAS
hsa-miR-183-5p,TPM3
hsa-miR-183-5p,ARID4B
hsa-miR-183-5p,CLIC4
hsa-miR-183-5p,SRSF11
hsa-miR-183-5p,DNAJB4
hsa-miR-183-5p,PRKACB
hsa-miR-183-5p,SUCO
hsa-miR-183-5p,ITGB1
hsa-miR-183-5p,DDIT4
hsa-miR-183-5p,PDCD4
hsa-miR-183-5p,CELF1
hsa-miR-183-5p,NKAPD1
hsa-miR-183-5p,EI24
hsa-miR-183-5p,OSBPL8
hsa-miR-183-5p,BTG1
hsa-miR-183-5p,FRS2
hsa-miR-183-5p,RAB21
hsa-miR-183-5p,HSPH1
hsa-miR-183-5p,FOXO1
hsa-miR-183-5p,ZMYM2
hsa-miR-183-5p,FRMD6
hsa-miR-183-5p,ZNF770
hsa-miR-183-5p,ARPP19
hsa-miR-183-5p,PCLAF
hsa-miR-183-5p,SIN3A
hsa-miR-183-5p,GSE1
hsa-miR-183-5p,SRSF2
hsa-miR-183-5p,CDK5R1
hsa-miR-183-5p,TCF4
hsa-miR-183-5p,SOCS6
hsa-miR-183-5p,EEF2
hsa-miR-183-5p,AMMECR1L
hsa-miR-183-5p,FOXN2
hsa-miR-183-5p,CERS6
hsa-miR-183-5p,BZW1
hsa-miR-183-5p,CTDSP1
hsa-miR-183-5p,FAM217B
hsa-miR-183-5p,PFN2
hsa-miR-183-5p,SERP1
hsa-miR-183-5p,ATP13A3
hsa-miR-183-5p,ACVR2B
hsa-miR-183-5p,SLC25A36
hsa-miR-183-5p,MBNL1
hsa-miR-183-5p,FNDC3B
hsa-miR-183-5p,KLHL24
hsa-miR-183-5p,EIF4A2
hsa-miR-183-5p,PGRMC2
hsa-miR-183-5p,TMEM184C
hsa-miR-183-5p,GOLPH3
hsa-miR-183-5p,SREK1IP1
hsa-miR-183-5p,LHFPL2
hsa-miR-183-5p,PPP2CA
hsa-miR-183-5p,KIF2A
hsa-miR-183-5p,CCNB1
hsa-miR-183-5p,EGR1
hsa-miR-183-5p,PAIP2
hsa-miR-183-5p,EZR
hsa-miR-183-5p,SH3BGRL2
hsa-miR-183-5p,QKI
hsa-miR-183-5p,BAZ1B
hsa-miR-183-5p,RALA
hsa-miR-183-5p,INSIG1
hsa-miR-183-5p,STC1
hsa-miR-183-5p,PPP2CB
hsa-miR-183-5p,AGO2
hsa-miR-183-5p,ECPAS
hsa-miR-183-5p,RPS6KA3
hsa-miR-183-5p,PHF6
hsa-miR-184,SF1
hsa-miR-184,AGO2
hsa-miR-185-5p,CAPZB
hsa-miR-185-5p,CDC42
hsa-miR-185-5p,SMG7
hsa-miR-185-5p,SF1
hsa-miR-185-5p,DPF2
hsa-miR-185-5p,KDM2A
hsa-miR-185-5p,PHLDB1
hsa-miR-185-5p,RNF26
hsa-miR-185-5p,SLC38A1
hsa-miR-185-5p,BAZ2A
hsa-miR-185-5p,SCARB1
hsa-miR-185-5p,EIF4B
hsa-miR-185-5p,KLC1
hsa-miR-185-5p,AL139300.1
hsa-miR-185-5p,TJP1
hsa-miR-185-5p,PITPNA
hsa-miR-185-5p,FBXL20
hsa-miR-185-5p,EIF5A
hsa-miR-185-5p,DYNLL2
hsa-miR-185-5p,DYRK1B
hsa-miR-185-5p,MAT2A
hsa-miR-185-5p,SPATA2
hsa-miR-185-5p,APP
hsa-miR-185-5p,HIC2
hsa-miR-185-5p,MAP4
hsa-miR-185-5p,SETD5
hsa-miR-185-5p,HNRNPA0
hsa-miR-185-5p,IGF2R
hsa-miR-185-5p,NCOA2
hsa-miR-185-5p,YWHAZ
hsa-miR-185-5p,SLC39A14
hsa-miR-185-5p,RNF20
hsa-miR-186-5p,SRSF10
hsa-miR-186-5p,DNAJC8
hsa-miR-186-5p,PIK3R3
hsa-miR-186-5p,ZNF644
hsa-miR-186-5p,SORT1
hsa-miR-186-5p,TXNIP
hsa-miR-186-5p,PPP1R15B
hsa-miR-186-5p,NUCKS1
hsa-miR-186-5p,HNRNPU
hsa-miR-186-5p,S100PBP
hsa-miR-186-5p,AKIRIN1
hsa-miR-186-5p,RNF11
hsa-miR-186-5p,DNAJB4
hsa-miR-186-5p,SLC30A7
hsa-miR-186-5p,SNX27
hsa-miR-186-5p,PBX1
hsa-miR-186-5p,NCOA4
hsa-miR-186-5p,PARG
hsa-miR-186-5p,SCD
hsa-miR-186-5p,PDCD4
hsa-miR-186-5p,FAM160B1
hsa-miR-186-5p,CELF1
hsa-miR-186-5p,RAB6A
hsa-miR-186-5p,TEAD1
hsa-miR-186-5p,FAR1
hsa-miR-186-5p,EED
hsa-miR-186-5p,ARCN1
hsa-miR-186-5p,BCAT1
hsa-miR-186-5p,ZBTB39
hsa-miR-186-5p,OSBPL8
hsa-miR-186-5p,PPTC7
hsa-miR-186-5p,PPP1CC
hsa-miR-186-5p,CCND2
hsa-miR-186-5p,XPOT
hsa-miR-186-5p,PTPN11
hsa-miR-186-5p,TMED2
hsa-miR-186-5p,SUCLA2
hsa-miR-186-5p,PDS5B
hsa-miR-186-5p,FNDC3A
hsa-miR-186-5p,IPO5
hsa-miR-186-5p,LAMP1
hsa-miR-186-5p,ZFP36L1
hsa-miR-186-5p,JAG2
hsa-miR-186-5p,ARHGAP5
hsa-miR-186-5p,HIF1A
hsa-miR-186-5p,YY1
hsa-miR-186-5p,NEDD4
hsa-miR-186-5p,CHSY1
hsa-miR-186-5p,SMAD6
hsa-miR-186-5p,UBE2Q2
hsa-miR-186-5p,IGF1R
hsa-miR-186-5p,CREBBP
hsa-miR-186-5p,ZCCHC14
hsa-miR-186-5p,TENT4B
hsa-miR-186-5p,NFAT5
hsa-miR-186-5p,FAM104A
hsa-miR-186-5p,CPD
hsa-miR-186-5p,PSMD11
hsa-miR-186-5p,CDK5R1
hsa-miR-186-5p,PSME3
hsa-miR-186-5p,RPS6KB1
hsa-miR-186-5p,BPTF
hsa-miR-186-5p,TRAPPC8
hsa-miR-186-5p,NARS1
hsa-miR-186-5p,LMAN1
hsa-miR-186-5p,PEG3
hsa-miR-186-5p,PUM2
hsa-miR-186-5p,MAP4K3
hsa-miR-186-5p,ZFP36L2
hsa-miR-186-5p,MAP3K2
hsa-miR-186-5p,STK17B
hsa-miR-186-5p,KLF7
hsa-miR-186-5p,USP37
hsa-miR-186-5p,FOXN2
hsa-miR-186-5p,BCL2L11
hsa-miR-186-5p,ACTR3
hsa-miR-186-5p,CCNT2
hsa-miR-186-5p,EPC2
hsa-miR-186-5p,MAP3K20
hsa-miR-186-5p,MAP2
hsa-miR-186-5p,ARPC2
hsa-miR-186-5p,CSNK2A1
hsa-miR-186-5p,JAG1
hsa-miR-186-5p,PMEPA1
hsa-miR-186-5p,BTBD3
hsa-miR-186-5p,BACH1
hsa-miR-186-5p,RBFOX2
hsa-miR-186-5p,RAD18
hsa-miR-186-5p,DCP1A
hsa-miR-186-5p,TMF1
hsa-miR-186-5p,KPNA1
hsa-miR-186-5p,ACAP2
hsa-miR-186-5p,NCBP2
hsa-miR-186-5p,TGFBR2
hsa-miR-186-5p,CADM2
hsa-miR-186-5p,SEC61A1
hsa-miR-186-5p,TSC22D2
hsa-miR-186-5p,SEC62
hsa-miR-186-5p,FNDC3B
hsa-miR-186-5p,FXR1
hsa-miR-186-5p,FAM13A
hsa-miR-186-5p,EIF4E
hsa-miR-186-5p,OTUD4
hsa-miR-186-5p,AFF1
hsa-miR-186-5p,NAA15
hsa-miR-186-5p,SMARCA5
hsa-miR-186-5p,GRIA2
hsa-miR-186-5p,TMEM167A
hsa-miR-186-5p,TMED7
hsa-miR-186-5p,HNRNPA0
hsa-miR-186-5p,C5orf51
hsa-miR-186-5p,CREBRF
hsa-miR-186-5p,NSD1
hsa-miR-186-5p,DEK
hsa-miR-186-5p,C6orf62
hsa-miR-186-5p,PHIP
hsa-miR-186-5p,SYNCRIP
hsa-miR-186-5p,KIAA0408
hsa-miR-186-5p,AL096711.2
hsa-miR-186-5p,TULP4
hsa-miR-186-5p,QKI
hsa-miR-186-5p,KDELR2
hsa-miR-186-5p,PURB
hsa-miR-186-5p,CREB3L2
hsa-miR-186-5p,SEPTIN7
hsa-miR-186-5p,PEG10
hsa-miR-186-5p,LUC7L2
hsa-miR-186-5p,DLC1
hsa-miR-186-5p,AZIN1
hsa-miR-186-5p,SLC39A14
hsa-miR-186-5p,ZBTB10
hsa-miR-186-5p,AK3
hsa-miR-186-5p,FAM120A
hsa-miR-186-5p,RAD23B
hsa-miR-186-5p,LAMP2
hsa-miR-186-5p,DDX3X
hsa-miR-186-5p,WDR44
hsa-miR-186-5p,XIAP
hsa-miR-187-3p,DYRK2
hsa-miR-18a-5p,CAMK2N1
hsa-miR-18a-5p,F3
hsa-miR-18a-5p,NOTCH2
hsa-miR-18a-5p,TPM3
hsa-miR-18a-5p,MEF2D
hsa-miR-18a-5p,KDM5B
hsa-miR-18a-5p,KPNA6
hsa-miR-18a-5p,MAP7D1
hsa-miR-18a-5p,PATJ
hsa-miR-18a-5p,MIGA1
hsa-miR-18a-5p,LMO4
hsa-miR-18a-5p,SUCO
hsa-miR-18a-5p,SAR1A
hsa-miR-18a-5p,ZCCHC24
hsa-miR-18a-5p,ADD3
hsa-miR-18a-5p,KDM2A
hsa-miR-18a-5p,CCND2
hsa-miR-18a-5p,CREBL2
hsa-miR-18a-5p,AEBP2
hsa-miR-18a-5p,FRS2
hsa-miR-18a-5p,UNG
hsa-miR-18a-5p,FBXL3
hsa-miR-18a-5p,HEATR5A
hsa-miR-18a-5p,DICER1
hsa-miR-18a-5p,HIF1A
hsa-miR-18a-5p,RCOR1
hsa-miR-18a-5p,NEDD4
hsa-miR-18a-5p,RORA
hsa-miR-18a-5p,MESP1
hsa-miR-18a-5p,THBS1
hsa-miR-18a-5p,ATXN2L
hsa-miR-18a-5p,RAB5C
hsa-miR-18a-5p,CNTNAP1
hsa-miR-18a-5p,UBE2Z
hsa-miR-18a-5p,XYLT2
hsa-miR-18a-5p,HMG20B
hsa-miR-18a-5p,NACC1
hsa-miR-18a-5p,NR1H2
hsa-miR-18a-5p,NCOA1
hsa-miR-18a-5p,YPEL5
hsa-miR-18a-5p,CRIM1
hsa-miR-18a-5p,SOCS5
hsa-miR-18a-5p,PARD6B
hsa-miR-18a-5p,GNAS
hsa-miR-18a-5p,LSM14B
hsa-miR-18a-5p,BTG3
hsa-miR-18a-5p,RUNX1
hsa-miR-18a-5p,LIF
hsa-miR-18a-5p,NAA50
hsa-miR-18a-5p,PHC3
hsa-miR-18a-5p,ZBTB47
hsa-miR-18a-5p,ALCAM
hsa-miR-18a-5p,BBX
hsa-miR-18a-5p,LIN54
hsa-miR-18a-5p,ANKRD50
hsa-miR-18a-5p,IRF2
hsa-miR-18a-5p,HMGCS1
hsa-miR-18a-5p,PDE4D
hsa-miR-18a-5p,NR3C1
hsa-miR-18a-5p,RNF145
hsa-miR-18a-5p,MAP3K1
hsa-miR-18a-5p,MACIR
hsa-miR-18a-5p,GCLC
hsa-miR-18a-5p,SYNCRIP
hsa-miR-18a-5p,EPHA7
hsa-miR-18a-5p,CCN2
hsa-miR-18a-5p,TBPL1
hsa-miR-18a-5p,TNFAIP3
hsa-miR-18a-5p,GIGYF1
hsa-miR-18a-5p,TMEM248
hsa-miR-18a-5p,NCOA2
hsa-miR-18a-5p,CEMIP2
hsa-miR-18a-5p,ZNF367
hsa-miR-18a-5p,PHF19
hsa-miR-18a-5p,SH3KBP1
hsa-miR-18a-5p,KLHL15
hsa-miR-18a-5p,RAB9A
hsa-miR-18a-5p,VMA21
hsa-miR-18b-5p,CAMK2N1
hsa-miR-18b-5p,F3
hsa-miR-18b-5p,NOTCH2
hsa-miR-18b-5p,TPM3
hsa-miR-18b-5p,MEF2D
hsa-miR-18b-5p,KDM5B
hsa-miR-18b-5p,KPNA6
hsa-miR-18b-5p,MAP7D1
hsa-miR-18b-5p,PATJ
hsa-miR-18b-5p,MIGA1
hsa-miR-18b-5p,LMO4
hsa-miR-18b-5p,SUCO
hsa-miR-18b-5p,SAR1A
hsa-miR-18b-5p,ZCCHC24
hsa-miR-18b-5p,ADD3
hsa-miR-18b-5p,KDM2A
hsa-miR-18b-5p,CCND2
hsa-miR-18b-5p,CREBL2
hsa-miR-18b-5p,AEBP2
hsa-miR-18b-5p,FRS2
hsa-miR-18b-5p,UNG
hsa-miR-18b-5p,FBXL3
hsa-miR-18b-5p,HEATR5A
hsa-miR-18b-5p,DICER1
hsa-miR-18b-5p,HIF1A
hsa-miR-18b-5p,RCOR1
hsa-miR-18b-5p,NEDD4
hsa-miR-18b-5p,RORA
hsa-miR-18b-5p,MESP1
hsa-miR-18b-5p,THBS1
hsa-miR-18b-5p,ATXN2L
hsa-miR-18b-5p,RAB5C
hsa-miR-18b-5p,CNTNAP1
hsa-miR-18b-5p,UBE2Z
hsa-miR-18b-5p,XYLT2
hsa-miR-18b-5p,HMG20B
hsa-miR-18b-5p,NACC1
hsa-miR-18b-5p,NR1H2
hsa-miR-18b-5p,NCOA1
hsa-miR-18b-5p,CRIM1
hsa-miR-18b-5p,SOCS5
hsa-miR-18b-5p,PARD6B
hsa-miR-18b-5p,GNAS
hsa-miR-18b-5p,LSM14B
hsa-miR-18b-5p,BTG3
hsa-miR-18b-5p,RUNX1
hsa-miR-18b-5p,LIF
hsa-miR-18b-5p,NAA50
hsa-miR-18b-5p,PHC3
hsa-miR-18b-5p,ZBTB47
hsa-miR-18b-5p,ALCAM
hsa-miR-18b-5p,BBX
hsa-miR-18b-5p,LIN54
hsa-miR-18b-5p,ANKRD50
hsa-miR-18b-5p,IRF2
hsa-miR-18b-5p,HMGCS1
hsa-miR-18b-5p,PDE4D
hsa-miR-18b-5p,NR3C1
hsa-miR-18b-5p,RNF145
hsa-miR-18b-5p,MAP3K1
hsa-miR-18b-5p,MACIR
hsa-miR-18b-5p,GCLC
hsa-miR-18b-5p,SYNCRIP
hsa-miR-18b-5p,EPHA7
hsa-miR-18b-5p,CCN2
hsa-miR-18b-5p,TBPL1
hsa-miR-18b-5p,TNFAIP3
hsa-miR-18b-5p,GIGYF1
hsa-miR-18b-5p,TMEM248
hsa-miR-18b-5p,NCOA2
hsa-miR-18b-5p,CEMIP2
hsa-miR-18b-5p,ZNF367
hsa-miR-18b-5p,EHMT1
hsa-miR-18b-5p,SH3KBP1
hsa-miR-18b-5p,KLHL15
hsa-miR-18b-5p,RAB9A
hsa-miR-18b-5p,VMA21
hsa-miR-190a-5p,NUCKS1
hsa-miR-190a-5p,CDKN1B
hsa-miR-190a-5p,MED4
hsa-miR-190a-5p,FNDC3A
hsa-miR-190a-5p,DICER1
hsa-miR-190a-5p,RCOR1
hsa-miR-190a-5p,MEF2A
hsa-miR-190a-5p,TNRC6A
hsa-miR-190a-5p,TNRC6C
hsa-miR-190a-5p,AP3D1
hsa-miR-190a-5p,XPO1
hsa-miR-190a-5p,PPP3R1
hsa-miR-190a-5p,SLC35F5
hsa-miR-190a-5p,COQ10B
hsa-miR-190a-5p,FNDC3B
hsa-miR-190a-5p,OTUD4
hsa-miR-190a-5p,MEF2C
hsa-miR-190a-5p,TRIO
hsa-miR-190a-5p,KIF2A
hsa-miR-190a-5p,MAP1B
hsa-miR-190a-5p,TNPO1
hsa-miR-190a-5p,HNRNPA2B1
hsa-miR-190a-5p,STC1
hsa-miR-190a-5p,EMC2
hsa-miR-190a-5p,RPS6KA3
hsa-miR-190b,NUCKS1
hsa-miR-190b,CDKN1B
hsa-miR-190b,MED4
hsa-miR-190b,FNDC3A
hsa-miR-190b,DICER1
hsa-miR-190b,RCOR1
hsa-miR-190b,TNRC6A
hsa-miR-190b,TNRC6C
hsa-miR-190b,AP3D1
hsa-miR-190b,XPO1
hsa-miR-190b,PPP3R1
hsa-miR-190b,SLC35F5
hsa-miR-190b,COQ10B
hsa-miR-190b,FNDC3B
hsa-miR-190b,OTUD4
hsa-miR-190b,TRIO
hsa-miR-190b,MAP1B
hsa-miR-190b,TNPO1
hsa-miR-190b,HNRNPA2B1
hsa-miR-190b,STC1
hsa-miR-190b,RPS6KA3
hsa-miR-191-5p,RCC2
hsa-miR-191-5p,IFFO2
hsa-miR-191-5p,CTDSP2
hsa-miR-191-5p,SETD1B
hsa-miR-191-5p,WIZ
hsa-miR-191-5p,AMMECR1L
hsa-miR-191-5p,EGR1
hsa-miR-191-5p,SOX4
hsa-miR-191-5p,ZBTB34
hsa-miR-192-5p,CLSTN1
hsa-miR-192-5p,KPNA6
hsa-miR-192-5p,SOAT1
hsa-miR-192-5p,WNK1
hsa-miR-192-5p,DICER1
hsa-miR-192-5p,PRKAR1A
hsa-miR-192-5p,NCOA3
hsa-miR-192-5p,PDHB
hsa-miR-192-5p,NAA50
hsa-miR-192-5p,FNDC3B
hsa-miR-192-5p,RICTOR
hsa-miR-192-5p,MFAP3
hsa-miR-192-5p,ZC3HAV1
hsa-miR-192-5p,ARHGEF39
hsa-miR-192-5p,ZBTB34
hsa-miR-192-5p,KLHL15
hsa-miR-193a-3p,CLSTN1
hsa-miR-193a-3p,STMN1
hsa-miR-193a-3p,TGFBR3
hsa-miR-193a-3p,MCL1
hsa-miR-193a-3p,SELENON
hsa-miR-193a-3p,LAMC1
hsa-miR-193a-3p,PLAU
hsa-miR-193a-3p,PTEN
hsa-miR-193a-3p,ETS1
hsa-miR-193a-3p,CCND1
hsa-miR-193a-3p,KMT2A
hsa-miR-193a-3p,SOX5
hsa-miR-193a-3p,BAZ2A
hsa-miR-193a-3p,DYRK2
hsa-miR-193a-3p,ZFYVE26
hsa-miR-193a-3p,CALM1
hsa-miR-193a-3p,CTDSPL2
hsa-miR-193a-3p,SLC16A6
hsa-miR-193a-3p,DCAF7
hsa-miR-193a-3p,TCF4
hsa-miR-193a-3p,DNAJB1
hsa-miR-193a-3p,SF3B1
hsa-miR-193a-3p,IGFBP5
hsa-miR-193a-3p,MYCN
hsa-miR-193a-3p,ABI2
hsa-miR-193a-3p,DYRK1A
hsa-miR-193a-3p,UBP1
hsa-miR-193a-3p,WDR82
hsa-miR-193a-3p,CNBP
hsa-miR-193a-3p,TBL1XR1
hsa-miR-193a-3p,BRPF1
hsa-miR-193a-3p,AP2M1
hsa-miR-193a-3p,CREBRF
hsa-miR-193a-3p,CNOT6
hsa-miR-193a-3p,TNFRSF21
hsa-miR-193a-3p,TMEM30A
hsa-miR-193a-3p,DNAJB9
hsa-miR-193a-3p,YWHAZ
hsa-miR-193a-3p,ZBTB5
hsa-miR-193a-3p,LRRC8A
hsa-miR-193a-3p,KLHL15
hsa-miR-193a-3p,BRWD3
hsa-miR-193a-3p,LAMP2
hsa-miR-193b-3p,CLSTN1
hsa-miR-193b-3p,STMN1
hsa-miR-193b-3p,TGFBR3
hsa-miR-193b-3p,MCL1
hsa-miR-193b-3p,SELENON
hsa-miR-193b-3p,LAMC1
hsa-miR-193b-3p,PLAU
hsa-miR-193b-3p,PTEN
hsa-miR-193b-3p,RSF1
hsa-miR-193b-3p,ETS1
hsa-miR-193b-3p,CCND1
hsa-miR-193b-3p,KMT2A
hsa-miR-193b-3p,SOX5
hsa-miR-193b-3p,BAZ2A
hsa-miR-193b-3p,DYRK2
hsa-miR-193b-3p,ZFYVE26
hsa-miR-193b-3p,CALM1
hsa-miR-193b-3p,CTDSPL2
hsa-miR-193b-3p,SLC16A6
hsa-miR-193b-3p,DCAF7
hsa-miR-193b-3p,TCF4
hsa-miR-193b-3p,DNAJB1
hsa-miR-193b-3p,SF3B1
hsa-miR-193b-3p,IGFBP5
hsa-miR-193b-3p,MYCN
hsa-miR-193b-3p,ABI2
hsa-miR-193b-3p,SRSF6
hsa-miR-193b-3p,UBP1
hsa-miR-193b-3p,WDR82
hsa-miR-193b-3p,CNBP
hsa-miR-193b-3p,TBL1XR1
hsa-miR-193b-3p,BRPF1
hsa-miR-193b-3p,AP2M1
hsa-miR-193b-3p,CREBRF
hsa-miR-193b-3p,CNOT6
hsa-miR-193b-3p,TNFRSF21
hsa-miR-193b-3p,TMEM30A
hsa-miR-193b-3p,DNAJB9
hsa-miR-193b-3p,YWHAZ
hsa-miR-193b-3p,ZBTB5
hsa-miR-193b-3p,LRRC8A
hsa-miR-193b-3p,KLHL15
hsa-miR-193b-3p,BRWD3
hsa-miR-193b-3p,LAMP2
hsa-miR-194-5p,TMED5
hsa-miR-194-5p,MEX3A
hsa-miR-194-5p,KDM5B
hsa-miR-194-5p,DSTYK
hsa-miR-194-5p,ACBD3
hsa-miR-194-5p,PRDM2
hsa-miR-194-5p,BTF3L4
hsa-miR-194-5p,DR1
hsa-miR-194-5p,NRP1
hsa-miR-194-5p,JMJD1C
hsa-miR-194-5p,CHCHD1
hsa-miR-194-5p,SLK
hsa-miR-194-5p,EIF4G2
hsa-miR-194-5p,SPCS2
hsa-miR-194-5p,SOX5
hsa-miR-194-5p,ERGIC2
hsa-miR-194-5p,PPFIBP1
hsa-miR-194-5p,ARID2
hsa-miR-194-5p,MBNL2
hsa-miR-194-5p,CHD8
hsa-miR-194-5p,CFL2
hsa-miR-194-5p,FERMT2
hsa-miR-194-5p,GMFB
hsa-miR-194-5p,MIDEAS
hsa-miR-194-5p,ARHGAP5
hsa-miR-194-5p,BRMS1L
hsa-miR-194-5p,HIF1A
hsa-miR-194-5p,BNIP2
hsa-miR-194-5p,THBS1
hsa-miR-194-5p,CTDSPL2
hsa-miR-194-5p,MINDY2
hsa-miR-194-5p,ZFHX3
hsa-miR-194-5p,CHD9
hsa-miR-194-5p,NFAT5
hsa-miR-194-5p,SUMO2
hsa-miR-194-5p,CSNK1D
hsa-miR-194-5p,PAFAH1B1
hsa-miR-194-5p,LUC7L3
hsa-miR-194-5p,PRKAR1A
hsa-miR-194-5p,ZNF516
hsa-miR-194-5p,TGIF1
hsa-miR-194-5p,VAPA
hsa-miR-194-5p,C18orf25
hsa-miR-194-5p,PELI1
hsa-miR-194-5p,SP3
hsa-miR-194-5p,TRIP12
hsa-miR-194-5p,SOCS5
hsa-miR-194-5p,EPC2
hsa-miR-194-5p,LRRFIP1
hsa-miR-194-5p,CHD6
hsa-miR-194-5p,SDC4
hsa-miR-194-5p,MAPK1
hsa-miR-194-5p,SATB1
hsa-miR-194-5p,RYBP
hsa-miR-194-5p,NAA50
hsa-miR-194-5p,KPNA1
hsa-miR-194-5p,PFN2
hsa-miR-194-5p,SETD5
hsa-miR-194-5p,RELL1
hsa-miR-194-5p,LIMCH1
hsa-miR-194-5p,DCUN1D4
hsa-miR-194-5p,NAA15
hsa-miR-194-5p,DEPDC1B
hsa-miR-194-5p,TRIM23
hsa-miR-194-5p,HBEGF
hsa-miR-194-5p,DUSP1
hsa-miR-194-5p,SLC1A3
hsa-miR-194-5p,SCAMP1
hsa-miR-194-5p,PAIP2
hsa-miR-194-5p,NSD1
hsa-miR-194-5p,SNAP91
hsa-miR-194-5p,REV3L
hsa-miR-194-5p,ID4
hsa-miR-194-5p,TJAP1
hsa-miR-194-5p,QKI
hsa-miR-194-5p,KMT2C
hsa-miR-194-5p,PTPN12
hsa-miR-194-5p,ATP6V1F
hsa-miR-194-5p,ATP6V1H
hsa-miR-194-5p,TMEM65
hsa-miR-194-5p,ASAP1
hsa-miR-194-5p,ZFHX4
hsa-miR-194-5p,MAGT1
hsa-miR-194-5p,CUL4B
hsa-miR-194-5p,MID1IP1
hsa-miR-195-5p,HSPG2
hsa-miR-195-5p,YRDC
hsa-miR-195-5p,PLPP3
hsa-miR-195-5p,FUBP1
hsa-miR-195-5p,TGFBR3
hsa-miR-195-5p,CSDE1
hsa-miR-195-5p,NOTCH2
hsa-miR-195-5p,TXNIP
hsa-miR-195-5p,PRKAB2
hsa-miR-195-5p,UBE2Q1
hsa-miR-195-5p,FAM189B
hsa-miR-195-5p,ASH1L
hsa-miR-195-5p,HDGF
hsa-miR-195-5p,COP1
hsa-miR-195-5p,PHLDA3
hsa-miR-195-5p,AKT3
hsa-miR-195-5p,KIF1B
hsa-miR-195-5p,SPEN
hsa-miR-195-5p,PDIK1L
hsa-miR-195-5p,AGO1
hsa-miR-195-5p,SRSF11
hsa-miR-195-5p,MIGA1
hsa-miR-195-5p,DNAJB4
hsa-miR-195-5p,KCNC4
hsa-miR-195-5p,LRIG2
hsa-miR-195-5p,PRRC2C
hsa-miR-195-5p,SUCO
hsa-miR-195-5p,LAMC1
hsa-miR-195-5p,NAV1
hsa-miR-195-5p,BTG2
hsa-miR-195-5p,RASSF5
hsa-miR-195-5p,MAP3K21
hsa-miR-195-5p,GDI2
hsa-miR-195-5p,CCDC6
hsa-miR-195-5p,ANXA11
hsa-miR-195-5p,GLUD1
hsa-miR-195-5p,RAB11FIP2
hsa-miR-195-5p,CACUL1
hsa-miR-195-5p,PPIF
hsa-miR-195-5p,CEP55
hsa-miR-195-5p,SLC35G1
hsa-miR-195-5p,ENTPD7
hsa-miR-195-5p,BTRC
hsa-miR-195-5p,PDCD4
hsa-miR-195-5p,SHOC2
hsa-miR-195-5p,FAM160B1
hsa-miR-195-5p,PLEKHA1
hsa-miR-195-5p,SLC25A22
hsa-miR-195-5p,SOX6
hsa-miR-195-5p,SPTBN2
hsa-miR-195-5p,C11orf24
hsa-miR-195-5p,UCP2
hsa-miR-195-5p,PPP2R1B
hsa-miR-195-5p,SRPRA
hsa-miR-195-5p,ARHGAP32
hsa-miR-195-5p,SMPD1
hsa-miR-195-5p,IPO7
hsa-miR-195-5p,WEE1
hsa-miR-195-5p,ARL2
hsa-miR-195-5p,PPP6R3
hsa-miR-195-5p,CCND1
hsa-miR-195-5p,AMOTL1
hsa-miR-195-5p,YAP1
hsa-miR-195-5p,PAFAH1B2
hsa-miR-195-5p,UBE4A
hsa-miR-195-5p,SLC2A3
hsa-miR-195-5p,M6PR
hsa-miR-195-5p,WBP11
hsa-miR-195-5p,TM7SF3
hsa-miR-195-5p,KIF21A
hsa-miR-195-5p,TUBA1A
hsa-miR-195-5p,SLC11A2
hsa-miR-195-5p,SPRYD3
hsa-miR-195-5p,CTDSP2
hsa-miR-195-5p,E2F7
hsa-miR-195-5p,CDK17
hsa-miR-195-5p,PRDM4
hsa-miR-195-5p,C12orf76
hsa-miR-195-5p,NAA25
hsa-miR-195-5p,FBXO21
hsa-miR-195-5p,NCOR2
hsa-miR-195-5p,SLC15A4
hsa-miR-195-5p,CCND2
hsa-miR-195-5p,GABARAPL1
hsa-miR-195-5p,CREBL2
hsa-miR-195-5p,AEBP2
hsa-miR-195-5p,GOLT1B
hsa-miR-195-5p,ETNK1
hsa-miR-195-5p,RASSF8
hsa-miR-195-5p,HOXC8
hsa-miR-195-5p,USP15
hsa-miR-195-5p,HMGA2
hsa-miR-195-5p,DYRK2
hsa-miR-195-5p,FRS2
hsa-miR-195-5p,ATXN7L3B
hsa-miR-195-5p,SETD1B
hsa-miR-195-5p,LATS2
hsa-miR-195-5p,KATNAL1
hsa-miR-195-5p,RUBCNL
hsa-miR-195-5p,AKAP11
hsa-miR-195-5p,MBNL2
hsa-miR-195-5p,PIP4P1
hsa-miR-195-5p,SUPT16H
hsa-miR-195-5p,HECTD1
hsa-miR-195-5p,SOS2
hsa-miR-195-5p,FERMT2
hsa-miR-195-5p,ATG14
hsa-miR-195-5p,VTI1B
hsa-miR-195-5p,MIDEAS
hsa-miR-195-5p,ERG28
hsa-miR-195-5p,IRF2BPL
hsa-miR-195-5p,CCDC88C
hsa-miR-195-5p,DICER1
hsa-miR-195-5p,CDCA4
hsa-miR-195-5p,BCL2L2
hsa-miR-195-5p,STYX
hsa-miR-195-5p,PPM1A
hsa-miR-195-5p,SLC39A9
hsa-miR-195-5p,CALM1
hsa-miR-195-5p,PPP2R5C
hsa-miR-195-5p,TMEM87A
hsa-miR-195-5p,MYO5A
hsa-miR-195-5p,SPRED1
hsa-miR-195-5p,CHAC1
hsa-miR-195-5p,RNF111
hsa-miR-195-5p,MAP2K1
hsa-miR-195-5p,KIF23
hsa-miR-195-5p,ARIH1
hsa-miR-195-5p,FURIN
hsa-miR-195-5p,ARRDC4
hsa-miR-195-5p,LITAF
hsa-miR-195-5p,USP31
hsa-miR-195-5p,DNAJA2
hsa-miR-195-5p,N4BP1
hsa-miR-195-5p,SALL1
hsa-miR-195-5p,PHLPP2
hsa-miR-195-5p,ZFHX3
hsa-miR-195-5p,C16orf72
hsa-miR-195-5p,UBFD1
hsa-miR-195-5p,DCTN5
hsa-miR-195-5p,RBBP6
hsa-miR-195-5p,NFATC3
hsa-miR-195-5p,ATXN1L
hsa-miR-195-5p,PSMD7
hsa-miR-195-5p,SYNRG
hsa-miR-195-5p,FBXL20
hsa-miR-195-5p,MED1
hsa-miR-195-5p,VAT1
hsa-miR-195-5p,ATXN7L3
hsa-miR-195-5p,GPATCH8
hsa-miR-195-5p,CDC27
hsa-miR-195-5p,TMEM100
hsa-miR-195-5p,MTMR4
hsa-miR-195-5p,SMURF2
hsa-miR-195-5p,AXIN2
hsa-miR-195-5p,CBX4
hsa-miR-195-5p,ARHGDIA
hsa-miR-195-5p,FASN
hsa-miR-195-5p,PAFAH1B1
hsa-miR-195-5p,TVP23B
hsa-miR-195-5p,ANKRD13B
hsa-miR-195-5p,CPD
hsa-miR-195-5p,NF1
hsa-miR-195-5p,CDK5R1
hsa-miR-195-5p,AP2B1
hsa-miR-195-5p,CNTNAP1
hsa-miR-195-5p,NFE2L1
hsa-miR-195-5p,PPM1D
hsa-miR-195-5p,CBX2
hsa-miR-195-5p,RNF213
hsa-miR-195-5p,SMAD7
hsa-miR-195-5p,BCL2
hsa-miR-195-5p,KDSR
hsa-miR-195-5p,USP14
hsa-miR-195-5p,NAPG
hsa-miR-195-5p,SEH1L
hsa-miR-195-5p,MIB1
hsa-miR-195-5p,TCF3
hsa-miR-195-5p,INSR
hsa-miR-195-5p,MED26
hsa-miR-195-5p,DYRK1B
hsa-miR-195-5p,KCNN4
hsa-miR-195-5p,PNPLA6
hsa-miR-195-5p,CARM1
hsa-miR-195-5p,SYDE1
hsa-miR-195-5p,CCNE1
hsa-miR-195-5p,RAB4B-EGLN2
hsa-miR-195-5p,EGLN2
hsa-miR-195-5p,ARHGAP35
hsa-miR-195-5p,AP2A1
hsa-miR-195-5p,MYADM
hsa-miR-195-5p,PDIA6
hsa-miR-195-5p,RTN4
hsa-miR-195-5p,C2orf42
hsa-miR-195-5p,CYP26B1
hsa-miR-195-5p,BOLA3
hsa-miR-195-5p,MGAT4A
hsa-miR-195-5p,RBMS1
hsa-miR-195-5p,TLK1
hsa-miR-195-5p,IHH
hsa-miR-195-5p,ATG9A
hsa-miR-195-5p,AC068946.2
hsa-miR-195-5p,IRS1
hsa-miR-195-5p,RAB10
hsa-miR-195-5p,NRBP1
hsa-miR-195-5p,CRIM1
hsa-miR-195-5p,PEX13
hsa-miR-195-5p,ACTR2
hsa-miR-195-5p,VAMP8
hsa-miR-195-5p,SOWAHC
hsa-miR-195-5p,TMEM87B
hsa-miR-195-5p,CCNT2
hsa-miR-195-5p,UBR3
hsa-miR-195-5p,GORASP2
hsa-miR-195-5p,SLC39A10
hsa-miR-195-5p,MOB4
hsa-miR-195-5p,BZW1
hsa-miR-195-5p,SEPTIN2
hsa-miR-195-5p,TBC1D20
hsa-miR-195-5p,NOL4L
hsa-miR-195-5p,RBM12
hsa-miR-195-5p,ELMO2
hsa-miR-195-5p,PEDS1-UBE2V1
hsa-miR-195-5p,UBE2V1
hsa-miR-195-5p,ZCCHC3
hsa-miR-195-5p,CDS2
hsa-miR-195-5p,KIF3B
hsa-miR-195-5p,TGIF2
hsa-miR-195-5p,SYS1
hsa-miR-195-5p,APP
hsa-miR-195-5p,SYNJ1
hsa-miR-195-5p,SUMO3
hsa-miR-195-5p,USP25
hsa-miR-195-5p,SON
hsa-miR-195-5p,PISD
hsa-miR-195-5p,CRKL
hsa-miR-195-5p,ZNRF3
hsa-miR-195-5p,MTMR3
hsa-miR-195-5p,NUP50
hsa-miR-195-5p,NUP210
hsa-miR-195-5p,SLC4A7
hsa-miR-195-5p,MAP4
hsa-miR-195-5p,CDC25A
hsa-miR-195-5p,PRKAR2A
hsa-miR-195-5p,DCP1A
hsa-miR-195-5p,LRIG1
hsa-miR-195-5p,KPNA1
hsa-miR-195-5p,PLSCR4
hsa-miR-195-5p,TBL1XR1
hsa-miR-195-5p,DCUN1D1
hsa-miR-195-5p,ATP13A3
hsa-miR-195-5p,SNRK
hsa-miR-195-5p,CDV3
hsa-miR-195-5p,TSC22D2
hsa-miR-195-5p,FNDC3B
hsa-miR-195-5p,PAK2
hsa-miR-195-5p,SENP5
hsa-miR-195-5p,PAQR3
hsa-miR-195-5p,EIF4E
hsa-miR-195-5p,LAMTOR3
hsa-miR-195-5p,TBC1D9
hsa-miR-195-5p,FBXW7
hsa-miR-195-5p,PLRG1
hsa-miR-195-5p,CPEB2
hsa-miR-195-5p,PI4K2B
hsa-miR-195-5p,RBPJ
hsa-miR-195-5p,DCUN1D4
hsa-miR-195-5p,PDLIM5
hsa-miR-195-5p,FGF2
hsa-miR-195-5p,HSPA4L
hsa-miR-195-5p,SCOC
hsa-miR-195-5p,CLCN3
hsa-miR-195-5p,GALNT7
hsa-miR-195-5p,ZNF622
hsa-miR-195-5p,AFF4
hsa-miR-195-5p,CDC23
hsa-miR-195-5p,DIAPH1
hsa-miR-195-5p,ITGA2
hsa-miR-195-5p,PIK3R1
hsa-miR-195-5p,PAM
hsa-miR-195-5p,CDC42SE2
hsa-miR-195-5p,SMAD5
hsa-miR-195-5p,PURA
hsa-miR-195-5p,SLC35A4
hsa-miR-195-5p,PCDHA11
hsa-miR-195-5p,ADRB2
hsa-miR-195-5p,CREBRF
hsa-miR-195-5p,SRPK1
hsa-miR-195-5p,STK38
hsa-miR-195-5p,COL12A1
hsa-miR-195-5p,GPR63
hsa-miR-195-5p,PNISR
hsa-miR-195-5p,SESN1
hsa-miR-195-5p,CD164
hsa-miR-195-5p,SGK1
hsa-miR-195-5p,MAP7
hsa-miR-195-5p,PLAGL1
hsa-miR-195-5p,LATS1
hsa-miR-195-5p,SMIM13
hsa-miR-195-5p,JARID2
hsa-miR-195-5p,RNF144B
hsa-miR-195-5p,E2F3
hsa-miR-195-5p,HMGA1
hsa-miR-195-5p,PIM1
hsa-miR-195-5p,VEGFA
hsa-miR-195-5p,CD2AP
hsa-miR-195-5p,FAM135A
hsa-miR-195-5p,SH3BGRL2
hsa-miR-195-5p,RNF217
hsa-miR-195-5p,TBPL1
hsa-miR-195-5p,MYB
hsa-miR-195-5p,VTA1
hsa-miR-195-5p,PHACTR2
hsa-miR-195-5p,PCMT1
hsa-miR-195-5p,IGF2R
hsa-miR-195-5p,TBP
hsa-miR-195-5p,GNA12
hsa-miR-195-5p,HOXA3
hsa-miR-195-5p,HOXA10
hsa-miR-195-5p,KBTBD2
hsa-miR-195-5p,SMURF1
hsa-miR-195-5p,SYPL1
hsa-miR-195-5p,KMT2C
hsa-miR-195-5p,MAFK
hsa-miR-195-5p,WIPI2
hsa-miR-195-5p,USP42
hsa-miR-195-5p,AVL9
hsa-miR-195-5p,ANLN
hsa-miR-195-5p,POM121
hsa-miR-195-5p,CLDN12
hsa-miR-195-5p,ANKIB1
hsa-miR-195-5p,CAPZA2
hsa-miR-195-5p,CALU
hsa-miR-195-5p,KLHDC10
hsa-miR-195-5p,FGFR1
hsa-miR-195-5p,SLC20A2
hsa-miR-195-5p,PLAG1
hsa-miR-195-5p,MYBL1
hsa-miR-195-5p,TRAM1
hsa-miR-195-5p,SNX16
hsa-miR-195-5p,RUNX1T1
hsa-miR-195-5p,SLC7A2
hsa-miR-195-5p,EXTL3
hsa-miR-195-5p,TACC1
hsa-miR-195-5p,IKBKB
hsa-miR-195-5p,ZFHX4
hsa-miR-195-5p,ZBTB10
hsa-miR-195-5p,WWP1
hsa-miR-195-5p,FZD6
hsa-miR-195-5p,FAM91A1
hsa-miR-195-5p,B4GALT1
hsa-miR-195-5p,SPTLC1
hsa-miR-195-5p,IARS1
hsa-miR-195-5p,IPPK
hsa-miR-195-5p,PTCH1
hsa-miR-195-5p,ZNF367
hsa-miR-195-5p,EPB41L4B
hsa-miR-195-5p,PTPN3
hsa-miR-195-5p,PHF19
hsa-miR-195-5p,PPP6C
hsa-miR-195-5p,CAMSAP1
hsa-miR-195-5p,NRARP
hsa-miR-195-5p,KANK1
hsa-miR-195-5p,CDC37L1
hsa-miR-195-5p,RIC1
hsa-miR-195-5p,LURAP1L
hsa-miR-195-5p,RRAGA
hsa-miR-195-5p,RECK
hsa-miR-195-5p,FAM122A
hsa-miR-195-5p,PSAT1
hsa-miR-195-5p,TLE4
hsa-miR-195-5p,RAD23B
hsa-miR-195-5p,PAPPA
hsa-miR-195-5p,ZBTB43
hsa-miR-195-5p,ZBTB34
hsa-miR-195-5p,RPS6KA3
hsa-miR-195-5p,KLHL15
hsa-miR-195-5p,AMER1
hsa-miR-195-5p,PHKA1
hsa-miR-195-5p,ARMCX2
hsa-miR-195-5p,ACSL4
hsa-miR-195-5p,AMOT
hsa-miR-195-5p,LAMP2
hsa-miR-195-5p,APLN
hsa-miR-195-5p,RAP2C
hsa-miR-195-5p,FAM122B
hsa-miR-195-5p,DDX3X
hsa-miR-195-5p,OGT
hsa-miR-195-5p,SLC9A6
hsa-miR-195-5p,ZNF275
hsa-miR-196a-5p,RCC2
hsa-miR-196a-5p,EPS15
hsa-miR-196a-5p,TGFBR3
hsa-miR-196a-5p,NRAS
hsa-miR-196a-5p,PPP1R15B
hsa-miR-196a-5p,FAM102B
hsa-miR-196a-5p,LRIG2
hsa-miR-196a-5p,CCNJ
hsa-miR-196a-5p,LCOR
hsa-miR-196a-5p,RDX
hsa-miR-196a-5p,ANKRD49
hsa-miR-196a-5p,LRIG3
hsa-miR-196a-5p,NAP1L1
hsa-miR-196a-5p,EEA1
hsa-miR-196a-5p,CDKN1B
hsa-miR-196a-5p,HOXC8
hsa-miR-196a-5p,HMGA2
hsa-miR-196a-5p,MBNL2
hsa-miR-196a-5p,TMX1
hsa-miR-196a-5p,CALM1
hsa-miR-196a-5p,IGDCC4
hsa-miR-196a-5p,ZNF689
hsa-miR-196a-5p,NME4
hsa-miR-196a-5p,EEF2K
hsa-miR-196a-5p,COL1A1
hsa-miR-196a-5p,CCDC47
hsa-miR-196a-5p,FAM104A
hsa-miR-196a-5p,ROCK1
hsa-miR-196a-5p,ARHGAP28
hsa-miR-196a-5p,GATA6
hsa-miR-196a-5p,NEDD4L
hsa-miR-196a-5p,ZNF507
hsa-miR-196a-5p,CALM3
hsa-miR-196a-5p,MAP4K3
hsa-miR-196a-5p,POLR2D
hsa-miR-196a-5p,RANBP2
hsa-miR-196a-5p,EPC2
hsa-miR-196a-5p,COL3A1
hsa-miR-196a-5p,MARS2
hsa-miR-196a-5p,ZCCHC3
hsa-miR-196a-5p,PARD6B
hsa-miR-196a-5p,BACH1
hsa-miR-196a-5p,SMARCC1
hsa-miR-196a-5p,SERP1
hsa-miR-196a-5p,NR2C2
hsa-miR-196a-5p,CDV3
hsa-miR-196a-5p,MED28
hsa-miR-196a-5p,FNIP1
hsa-miR-196a-5p,HAND1
hsa-miR-196a-5p,OSMR
hsa-miR-196a-5p,MAP3K1
hsa-miR-196a-5p,GRPEL2
hsa-miR-196a-5p,SYNCRIP
hsa-miR-196a-5p,EPHA7
hsa-miR-196a-5p,HMGA1
hsa-miR-196a-5p,LIN28B
hsa-miR-196a-5p,TBPL1
hsa-miR-196a-5p,IGF2BP3
hsa-miR-196a-5p,HOXA5
hsa-miR-196a-5p,HOXA7
hsa-miR-196a-5p,HOXA9
hsa-miR-196a-5p,SEPTIN7
hsa-miR-196a-5p,SDCBP
hsa-miR-196a-5p,OTUD6B
hsa-miR-196a-5p,TMEM245
hsa-miR-196a-5p,ELF4
hsa-miR-196a-5p,RTL8A
hsa-miR-196a-5p,RTL8C
hsa-miR-196a-5p,SLC9A6
hsa-miR-196b-5p,RCC2
hsa-miR-196b-5p,EPS15
hsa-miR-196b-5p,TGFBR3
hsa-miR-196b-5p,NRAS
hsa-miR-196b-5p,PPP1R15B
hsa-miR-196b-5p,FAM102B
hsa-miR-196b-5p,LRIG2
hsa-miR-196b-5p,CCNJ
hsa-miR-196b-5p,LCOR
hsa-miR-196b-5p,RDX
hsa-miR-196b-5p,ANKRD49
hsa-miR-196b-5p,LRIG3
hsa-miR-196b-5p,NAP1L1
hsa-miR-196b-5p,EEA1
hsa-miR-196b-5p,CDKN1B
hsa-miR-196b-5p,HOXC8
hsa-miR-196b-5p,HMGA2
hsa-miR-196b-5p,MBNL2
hsa-miR-196b-5p,TMX1
hsa-miR-196b-5p,CALM1
hsa-miR-196b-5p,IGDCC4
hsa-miR-196b-5p,ZNF689
hsa-miR-196b-5p,NME4
hsa-miR-196b-5p,EEF2K
hsa-miR-196b-5p,COL1A1
hsa-miR-196b-5p,CCDC47
hsa-miR-196b-5p,FAM104A
hsa-miR-196b-5p,ROCK1
hsa-miR-196b-5p,ARHGAP28
hsa-miR-196b-5p,GATA6
hsa-miR-196b-5p,NEDD4L
hsa-miR-196b-5p,ZNF507
hsa-miR-196b-5p,CALM3
hsa-miR-196b-5p,MAP4K3
hsa-miR-196b-5p,POLR2D
hsa-miR-196b-5p,RANBP2
hsa-miR-196b-5p,EPC2
hsa-miR-196b-5p,COL3A1
hsa-miR-196b-5p,MARS2
hsa-miR-196b-5p,ZCCHC3
hsa-miR-196b-5p,PARD6B
hsa-miR-196b-5p,BACH1
hsa-miR-196b-5p,SMARCC1
hsa-miR-196b-5p,SERP1
hsa-miR-196b-5p,NR2C2
hsa-miR-196b-5p,CDV3
hsa-miR-196b-5p,MED28
hsa-miR-196b-5p,FNIP1
hsa-miR-196b-5p,HAND1
hsa-miR-196b-5p,OSMR
hsa-miR-196b-5p,MAP3K1
hsa-miR-196b-5p,GRPEL2
hsa-miR-196b-5p,SYNCRIP
hsa-miR-196b-5p,EPHA7
hsa-miR-196b-5p,HMGA1
hsa-miR-196b-5p,LIN28B
hsa-miR-196b-5p,TBPL1
hsa-miR-196b-5p,IGF2BP3
hsa-miR-196b-5p,HOXA5
hsa-miR-196b-5p,HOXA7
hsa-miR-196b-5p,HOXA9
hsa-miR-196b-5p,SEPTIN7
hsa-miR-196b-5p,SDCBP
hsa-miR-196b-5p,OTUD6B
hsa-miR-196b-5p,TMEM245
hsa-miR-196b-5p,ELF4
hsa-miR-196b-5p,RTL8A
hsa-miR-196b-5p,RTL8C
hsa-miR-196b-5p,SLC9A6
hsa-miR-199a-5p,ECE1
hsa-miR-199a-5p,PLXNA2
hsa-miR-199a-5p,WDTC1
hsa-miR-199a-5p,RNF11
hsa-miR-199a-5p,LAMC1
hsa-miR-199a-5p,ARHGAP21
hsa-miR-199a-5p,ERLIN1
hsa-miR-199a-5p,SHOC2
hsa-miR-199a-5p,LIN7C
hsa-miR-199a-5p,GANAB
hsa-miR-199a-5p,CAPRIN1
hsa-miR-199a-5p,CLIP1
hsa-miR-199a-5p,LARP4
hsa-miR-199a-5p,TXNRD1
hsa-miR-199a-5p,TSPAN3
hsa-miR-199a-5p,AP1G1
hsa-miR-199a-5p,UBE2G1
hsa-miR-199a-5p,PMP22
hsa-miR-199a-5p,FAM222B
hsa-miR-199a-5p,APPBP2
hsa-miR-199a-5p,ACTG1
hsa-miR-199a-5p,NLK
hsa-miR-199a-5p,ITGA3
hsa-miR-199a-5p,AKAP1
hsa-miR-199a-5p,CLTC
hsa-miR-199a-5p,ZNF614
hsa-miR-199a-5p,BCAM
hsa-miR-199a-5p,MCFD2
hsa-miR-199a-5p,RAB10
hsa-miR-199a-5p,PCYOX1
hsa-miR-199a-5p,EIF5B
hsa-miR-199a-5p,RANBP2
hsa-miR-199a-5p,APMAP
hsa-miR-199a-5p,BLCAP
hsa-miR-199a-5p,STK4
hsa-miR-199a-5p,MYH9
hsa-miR-199a-5p,ZBED4
hsa-miR-199a-5p,DENND6A
hsa-miR-199a-5p,PLXND1
hsa-miR-199a-5p,KPNA4
hsa-miR-199a-5p,FXR1
hsa-miR-199a-5p,RBM47
hsa-miR-199a-5p,SMARCAD1
hsa-miR-199a-5p,TET2
hsa-miR-199a-5p,DEPDC1B
hsa-miR-199a-5p,MGAT4B
hsa-miR-199a-5p,SOX4
hsa-miR-199a-5p,PODXL
hsa-miR-199a-5p,RHEB
hsa-miR-199a-5p,SUN1
hsa-miR-199a-5p,PHTF2
hsa-miR-199a-5p,MFHAS1
hsa-miR-199a-5p,FZD6
hsa-miR-199a-5p,ABCA1
hsa-miR-199a-5p,RAD23B
hsa-miR-199a-5p,DDX3X
hsa-miR-199b-5p,ECE1
hsa-miR-199b-5p,PLXNA2
hsa-miR-199b-5p,WDTC1
hsa-miR-199b-5p,RNF11
hsa-miR-199b-5p,LAMC1
hsa-miR-199b-5p,ARHGAP21
hsa-miR-199b-5p,ERLIN1
hsa-miR-199b-5p,SHOC2
hsa-miR-199b-5p,LIN7C
hsa-miR-199b-5p,GANAB
hsa-miR-199b-5p,CAPRIN1
hsa-miR-199b-5p,CLIP1
hsa-miR-199b-5p,LARP4
hsa-miR-199b-5p,TXNRD1
hsa-miR-199b-5p,TSPAN3
hsa-miR-199b-5p,AP1G1
hsa-miR-199b-5p,UBE2G1
hsa-miR-199b-5p,PMP22
hsa-miR-199b-5p,FAM222B
hsa-miR-199b-5p,APPBP2
hsa-miR-199b-5p,ACTG1
hsa-miR-199b-5p,NLK
hsa-miR-199b-5p,ITGA3
hsa-miR-199b-5p,AKAP1
hsa-miR-199b-5p,CLTC
hsa-miR-199b-5p,ZNF614
hsa-miR-199b-5p,BCAM
hsa-miR-199b-5p,MCFD2
hsa-miR-199b-5p,RAB10
hsa-miR-199b-5p,PCYOX1
hsa-miR-199b-5p,EIF5B
hsa-miR-199b-5p,RANBP2
hsa-miR-199b-5p,APMAP
hsa-miR-199b-5p,BLCAP
hsa-miR-199b-5p,STK4
hsa-miR-199b-5p,MYH9
hsa-miR-199b-5p,ZBED4
hsa-miR-199b-5p,DENND6A
hsa-miR-199b-5p,PLXND1
hsa-miR-199b-5p,KPNA4
hsa-miR-199b-5p,FXR1
hsa-miR-199b-5p,RBM47
hsa-miR-199b-5p,SMARCAD1
hsa-miR-199b-5p,TET2
hsa-miR-199b-5p,DEPDC1B
hsa-miR-199b-5p,MGAT4B
hsa-miR-199b-5p,SOX4
hsa-miR-199b-5p,PODXL
hsa-miR-199b-5p,RHEB
hsa-miR-199b-5p,SUN1
hsa-miR-199b-5p,PHTF2
hsa-miR-199b-5p,MFHAS1
hsa-miR-199b-5p,FZD6
hsa-miR-199b-5p,ABCA1
hsa-miR-199b-5p,RAD23B
hsa-miR-199b-5p,DDX3X
hsa-miR-19a-3p,DHRS3
hsa-miR-19a-3p,PIK3R3
hsa-miR-19a-3p,USP33
hsa-miR-19a-3p,F3
hsa-miR-19a-3p,SV2A
hsa-miR-19a-3p,OTUD7B
hsa-miR-19a-3p,KHDC4
hsa-miR-19a-3p,DCAF8
hsa-miR-19a-3p,IVNS1ABP
hsa-miR-19a-3p,PHLDA3
hsa-miR-19a-3p,PPP1R15B
hsa-miR-19a-3p,LPGAT1
hsa-miR-19a-3p,CDC42BPA
hsa-miR-19a-3p,ARID4B
hsa-miR-19a-3p,ADSS2
hsa-miR-19a-3p,HNRNPU
hsa-miR-19a-3p,TPRG1L
hsa-miR-19a-3p,VAMP3
hsa-miR-19a-3p,ELOA
hsa-miR-19a-3p,PDIK1L
hsa-miR-19a-3p,ZDHHC18
hsa-miR-19a-3p,STX12
hsa-miR-19a-3p,KPNA6
hsa-miR-19a-3p,AGO1
hsa-miR-19a-3p,RNF11
hsa-miR-19a-3p,BTF3L4
hsa-miR-19a-3p,ZFYVE9
hsa-miR-19a-3p,NFIA
hsa-miR-19a-3p,MIGA1
hsa-miR-19a-3p,ADGRL2
hsa-miR-19a-3p,PRKACB
hsa-miR-19a-3p,LRRC8B
hsa-miR-19a-3p,SLC30A7
hsa-miR-19a-3p,CSF1
hsa-miR-19a-3p,RAP1A
hsa-miR-19a-3p,HIPK1
hsa-miR-19a-3p,PDE4DIP
hsa-miR-19a-3p,RPRD2
hsa-miR-19a-3p,CGN
hsa-miR-19a-3p,SLC25A44
hsa-miR-19a-3p,UHMK1
hsa-miR-19a-3p,KLHL20
hsa-miR-19a-3p,CEP350
hsa-miR-19a-3p,RGL1
hsa-miR-19a-3p,FBXO28
hsa-miR-19a-3p,GPR137B
hsa-miR-19a-3p,ZBTB18
hsa-miR-19a-3p,SKIDA1
hsa-miR-19a-3p,ACBD5
hsa-miR-19a-3p,ARHGAP12
hsa-miR-19a-3p,HNRNPF
hsa-miR-19a-3p,CCDC6
hsa-miR-19a-3p,PSAP
hsa-miR-19a-3p,ANXA7
hsa-miR-19a-3p,SHTN1
hsa-miR-19a-3p,CACUL1
hsa-miR-19a-3p,ZMYND11
hsa-miR-19a-3p,MLLT10
hsa-miR-19a-3p,OTUD1
hsa-miR-19a-3p,RAB18
hsa-miR-19a-3p,WAC
hsa-miR-19a-3p,BAMBI
hsa-miR-19a-3p,NRBF2
hsa-miR-19a-3p,REEP3
hsa-miR-19a-3p,SAMD8
hsa-miR-19a-3p,PTEN
hsa-miR-19a-3p,FAS
hsa-miR-19a-3p,WBP1L
hsa-miR-19a-3p,ADD3
hsa-miR-19a-3p,ACADSB
hsa-miR-19a-3p,MRPL17
hsa-miR-19a-3p,EIF4G2
hsa-miR-19a-3p,E2F8
hsa-miR-19a-3p,PATL1
hsa-miR-19a-3p,FAM168A
hsa-miR-19a-3p,PGM2L1
hsa-miR-19a-3p,DDX6
hsa-miR-19a-3p,TUB
hsa-miR-19a-3p,HIPK3
hsa-miR-19a-3p,ZFP91
hsa-miR-19a-3p,PACS1
hsa-miR-19a-3p,KDM2A
hsa-miR-19a-3p,PPP6R3
hsa-miR-19a-3p,CCND1
hsa-miR-19a-3p,SOX5
hsa-miR-19a-3p,CAPRIN2
hsa-miR-19a-3p,SLC2A13
hsa-miR-19a-3p,CS
hsa-miR-19a-3p,PTGES3
hsa-miR-19a-3p,LRIG3
hsa-miR-19a-3p,PPP1R12A
hsa-miR-19a-3p,BTG1
hsa-miR-19a-3p,GIT2
hsa-miR-19a-3p,PPTC7
hsa-miR-19a-3p,CLIP1
hsa-miR-19a-3p,WNK1
hsa-miR-19a-3p,ADIPOR2
hsa-miR-19a-3p,CCND2
hsa-miR-19a-3p,CREBL2
hsa-miR-19a-3p,KLHL42
hsa-miR-19a-3p,SLC48A1
hsa-miR-19a-3p,TMBIM6
hsa-miR-19a-3p,HNRNPA1
hsa-miR-19a-3p,RAB5B
hsa-miR-19a-3p,CAND1
hsa-miR-19a-3p,RAP1B
hsa-miR-19a-3p,FRS2
hsa-miR-19a-3p,RAB21
hsa-miR-19a-3p,HCFC2
hsa-miR-19a-3p,MLEC
hsa-miR-19a-3p,SPART
hsa-miR-19a-3p,ZIC5
hsa-miR-19a-3p,EFNB2
hsa-miR-19a-3p,FNDC3A
hsa-miR-19a-3p,MBNL2
hsa-miR-19a-3p,ATP11A
hsa-miR-19a-3p,STRN3
hsa-miR-19a-3p,SPTSSA
hsa-miR-19a-3p,GMFB
hsa-miR-19a-3p,PPP2R5E
hsa-miR-19a-3p,ZFYVE26
hsa-miR-19a-3p,ACTN1
hsa-miR-19a-3p,RPS6KA5
hsa-miR-19a-3p,DICER1
hsa-miR-19a-3p,ARHGAP5
hsa-miR-19a-3p,FRMD6
hsa-miR-19a-3p,SMOC1
hsa-miR-19a-3p,SECISBP2L
hsa-miR-19a-3p,ARPP19
hsa-miR-19a-3p,CSNK1G1
hsa-miR-19a-3p,PCLAF
hsa-miR-19a-3p,NPTN
hsa-miR-19a-3p,PRC1
hsa-miR-19a-3p,AC068831.6
hsa-miR-19a-3p,THBS1
hsa-miR-19a-3p,SEMA6D
hsa-miR-19a-3p,RNF111
hsa-miR-19a-3p,RAB8B
hsa-miR-19a-3p,IREB2
hsa-miR-19a-3p,ABHD17C
hsa-miR-19a-3p,FURIN
hsa-miR-19a-3p,CHD2
hsa-miR-19a-3p,SYNM
hsa-miR-19a-3p,SOCS1
hsa-miR-19a-3p,SMG1
hsa-miR-19a-3p,DNAJA2
hsa-miR-19a-3p,PHLPP2
hsa-miR-19a-3p,ZDHHC7
hsa-miR-19a-3p,TNFRSF12A
hsa-miR-19a-3p,MRTFB
hsa-miR-19a-3p,TNRC6A
hsa-miR-19a-3p,C16orf70
hsa-miR-19a-3p,PFN1
hsa-miR-19a-3p,ZBTB4
hsa-miR-19a-3p,RAB34
hsa-miR-19a-3p,PHF12
hsa-miR-19a-3p,MED13
hsa-miR-19a-3p,SMARCD2
hsa-miR-19a-3p,WBP2
hsa-miR-19a-3p,SOCS3
hsa-miR-19a-3p,WDR45B
hsa-miR-19a-3p,HIC1
hsa-miR-19a-3p,MINK1
hsa-miR-19a-3p,RNF167
hsa-miR-19a-3p,MPRIP
hsa-miR-19a-3p,NLK
hsa-miR-19a-3p,CPD
hsa-miR-19a-3p,NF1
hsa-miR-19a-3p,SUZ12
hsa-miR-19a-3p,TOM1L1
hsa-miR-19a-3p,DYNLL2
hsa-miR-19a-3p,DHX40
hsa-miR-19a-3p,CLTC
hsa-miR-19a-3p,VMP1
hsa-miR-19a-3p,KCNJ2
hsa-miR-19a-3p,TNRC6C
hsa-miR-19a-3p,DSEL
hsa-miR-19a-3p,ZNF516
hsa-miR-19a-3p,TGIF1
hsa-miR-19a-3p,RBBP8
hsa-miR-19a-3p,DNAJB1
hsa-miR-19a-3p,PPP6R1
hsa-miR-19a-3p,EVI5L
hsa-miR-19a-3p,PDE4A
hsa-miR-19a-3p,LDLR
hsa-miR-19a-3p,GET3
hsa-miR-19a-3p,HNRNPUL1
hsa-miR-19a-3p,PXDN
hsa-miR-19a-3p,MEMO1
hsa-miR-19a-3p,ATL2
hsa-miR-19a-3p,MAP4K3
hsa-miR-19a-3p,RAB1A
hsa-miR-19a-3p,GFPT1
hsa-miR-19a-3p,SEMA4C
hsa-miR-19a-3p,TBC1D8
hsa-miR-19a-3p,NCKAP1
hsa-miR-19a-3p,TRAK2
hsa-miR-19a-3p,USP37
hsa-miR-19a-3p,ID2
hsa-miR-19a-3p,ASAP2
hsa-miR-19a-3p,RHOB
hsa-miR-19a-3p,DPYSL5
hsa-miR-19a-3p,SNX17
hsa-miR-19a-3p,NRBP1
hsa-miR-19a-3p,CLIP4
hsa-miR-19a-3p,LCLAT1
hsa-miR-19a-3p,IL1R1
hsa-miR-19a-3p,BCL2L11
hsa-miR-19a-3p,CCNT2
hsa-miR-19a-3p,ITGA6
hsa-miR-19a-3p,MAP3K20
hsa-miR-19a-3p,COQ10B
hsa-miR-19a-3p,BMPR2
hsa-miR-19a-3p,PIKFYVE
hsa-miR-19a-3p,ATG16L1
hsa-miR-19a-3p,NAPB
hsa-miR-19a-3p,BLCAP
hsa-miR-19a-3p,SERINC3
hsa-miR-19a-3p,B4GALT5
hsa-miR-19a-3p,SPATA2
hsa-miR-19a-3p,ZNF217
hsa-miR-19a-3p,PMEPA1
hsa-miR-19a-3p,STK35
hsa-miR-19a-3p,FAM83D
hsa-miR-19a-3p,SRSF6
hsa-miR-19a-3p,BRWD1
hsa-miR-19a-3p,MAPK1
hsa-miR-19a-3p,LIF
hsa-miR-19a-3p,PRR14L
hsa-miR-19a-3p,ATP2B2
hsa-miR-19a-3p,VGLL4
hsa-miR-19a-3p,RAF1
hsa-miR-19a-3p,DUSP7
hsa-miR-19a-3p,DENND6A
hsa-miR-19a-3p,PRICKLE2
hsa-miR-19a-3p,EOGT
hsa-miR-19a-3p,FOXP1
hsa-miR-19a-3p,ZBTB11
hsa-miR-19a-3p,PFN2
hsa-miR-19a-3p,MB21D2
hsa-miR-19a-3p,SLC6A6
hsa-miR-19a-3p,TGFBR2
hsa-miR-19a-3p,ZBTB47
hsa-miR-19a-3p,ABHD5
hsa-miR-19a-3p,NBEAL2
hsa-miR-19a-3p,DAG1
hsa-miR-19a-3p,APPL1
hsa-miR-19a-3p,SEC61A1
hsa-miR-19a-3p,ARMC8
hsa-miR-19a-3p,MBNL1
hsa-miR-19a-3p,FNDC3B
hsa-miR-19a-3p,FXR1
hsa-miR-19a-3p,EIF4A2
hsa-miR-19a-3p,LPP
hsa-miR-19a-3p,IL1RAP
hsa-miR-19a-3p,WDR1
hsa-miR-19a-3p,CLOCK
hsa-miR-19a-3p,GRSF1
hsa-miR-19a-3p,G3BP2
hsa-miR-19a-3p,NUP54
hsa-miR-19a-3p,CNOT6L
hsa-miR-19a-3p,WDFY3
hsa-miR-19a-3p,CCNA2
hsa-miR-19a-3p,FAM114A1
hsa-miR-19a-3p,LIMCH1
hsa-miR-19a-3p,EREG
hsa-miR-19a-3p,CDS1
hsa-miR-19a-3p,AFF1
hsa-miR-19a-3p,ELMOD2
hsa-miR-19a-3p,RAPGEF2
hsa-miR-19a-3p,MSMO1
hsa-miR-19a-3p,STOX2
hsa-miR-19a-3p,RICTOR
hsa-miR-19a-3p,PRKAA1
hsa-miR-19a-3p,HMGCS1
hsa-miR-19a-3p,ENC1
hsa-miR-19a-3p,ARRDC3
hsa-miR-19a-3p,ELL2
hsa-miR-19a-3p,FEM1C
hsa-miR-19a-3p,RNF145
hsa-miR-19a-3p,DBN1
hsa-miR-19a-3p,ITGA2
hsa-miR-19a-3p,MAP1B
hsa-miR-19a-3p,CAST
hsa-miR-19a-3p,MACIR
hsa-miR-19a-3p,PHAX
hsa-miR-19a-3p,C5orf24
hsa-miR-19a-3p,SMAD5
hsa-miR-19a-3p,UBE2D2
hsa-miR-19a-3p,CREBRF
hsa-miR-19a-3p,GRK6
hsa-miR-19a-3p,MAML1
hsa-miR-19a-3p,CNOT6
hsa-miR-19a-3p,ATXN1
hsa-miR-19a-3p,KIF13A
hsa-miR-19a-3p,STK38
hsa-miR-19a-3p,ENPP5
hsa-miR-19a-3p,ELOVL5
hsa-miR-19a-3p,TENT5A
hsa-miR-19a-3p,RRAGD
hsa-miR-19a-3p,FRK
hsa-miR-19a-3p,CCN2
hsa-miR-19a-3p,SGK1
hsa-miR-19a-3p,FOXF2
hsa-miR-19a-3p,WRNIP1
hsa-miR-19a-3p,JARID2
hsa-miR-19a-3p,MYLIP
hsa-miR-19a-3p,SOX4
hsa-miR-19a-3p,MAPK14
hsa-miR-19a-3p,PTP4A1
hsa-miR-19a-3p,AL135905.2
hsa-miR-19a-3p,PNRC1
hsa-miR-19a-3p,SLC35F1
hsa-miR-19a-3p,IGF2R
hsa-miR-19a-3p,QKI
hsa-miR-19a-3p,IGFBP3
hsa-miR-19a-3p,PON2
hsa-miR-19a-3p,GIGYF1
hsa-miR-19a-3p,BMT2
hsa-miR-19a-3p,ZNF800
hsa-miR-19a-3p,IMPDH1
hsa-miR-19a-3p,FASTK
hsa-miR-19a-3p,CCM2
hsa-miR-19a-3p,CRCP
hsa-miR-19a-3p,PHTF2
hsa-miR-19a-3p,ANKIB1
hsa-miR-19a-3p,HBP1
hsa-miR-19a-3p,FLNC
hsa-miR-19a-3p,CALD1
hsa-miR-19a-3p,LONRF1
hsa-miR-19a-3p,MYBL1
hsa-miR-19a-3p,ARFGEF1
hsa-miR-19a-3p,TMEM64
hsa-miR-19a-3p,KLF10
hsa-miR-19a-3p,AZIN1
hsa-miR-19a-3p,SYBU
hsa-miR-19a-3p,AGPAT5
hsa-miR-19a-3p,VPS37A
hsa-miR-19a-3p,ATP6V1B2
hsa-miR-19a-3p,ZBTB10
hsa-miR-19a-3p,FZD6
hsa-miR-19a-3p,EFR3A
hsa-miR-19a-3p,NFIB
hsa-miR-19a-3p,CNTFR
hsa-miR-19a-3p,RNF38
hsa-miR-19a-3p,ALG2
hsa-miR-19a-3p,ABCA1
hsa-miR-19a-3p,RAB14
hsa-miR-19a-3p,ZER1
hsa-miR-19a-3p,TSC1
hsa-miR-19a-3p,CAMSAP1
hsa-miR-19a-3p,TMEM250
hsa-miR-19a-3p,SMARCA2
hsa-miR-19a-3p,TOR1B
hsa-miR-19a-3p,SCML2
hsa-miR-19a-3p,SH3KBP1
hsa-miR-19a-3p,ACSL4
hsa-miR-19a-3p,RAP2C
hsa-miR-19a-3p,MMGT1
hsa-miR-19a-3p,TXLNG
hsa-miR-19a-3p,MID1IP1
hsa-miR-19a-3p,DDX3X
hsa-miR-19a-3p,CHIC1
hsa-miR-19a-3p,ZNF711
hsa-miR-19a-3p,UBE2A
hsa-miR-19a-3p,STK26
hsa-miR-19a-3p,HPRT1
hsa-miR-19a-3p,SLC9A6
hsa-miR-19a-3p,SLC6A8
hsa-miR-19b-3p,DHRS3
hsa-miR-19b-3p,PIK3R3
hsa-miR-19b-3p,USP33
hsa-miR-19b-3p,F3
hsa-miR-19b-3p,SV2A
hsa-miR-19b-3p,OTUD7B
hsa-miR-19b-3p,KHDC4
hsa-miR-19b-3p,DCAF8
hsa-miR-19b-3p,IVNS1ABP
hsa-miR-19b-3p,PHLDA3
hsa-miR-19b-3p,PPP1R15B
hsa-miR-19b-3p,LPGAT1
hsa-miR-19b-3p,CDC42BPA
hsa-miR-19b-3p,ARID4B
hsa-miR-19b-3p,ADSS2
hsa-miR-19b-3p,HNRNPU
hsa-miR-19b-3p,TPRG1L
hsa-miR-19b-3p,VAMP3
hsa-miR-19b-3p,ELOA
hsa-miR-19b-3p,PDIK1L
hsa-miR-19b-3p,ZDHHC18
hsa-miR-19b-3p,STX12
hsa-miR-19b-3p,KPNA6
hsa-miR-19b-3p,AGO1
hsa-miR-19b-3p,RNF11
hsa-miR-19b-3p,BTF3L4
hsa-miR-19b-3p,ZFYVE9
hsa-miR-19b-3p,NFIA
hsa-miR-19b-3p,MIGA1
hsa-miR-19b-3p,ADGRL2
hsa-miR-19b-3p,PRKACB
hsa-miR-19b-3p,LRRC8B
hsa-miR-19b-3p,SLC30A7
hsa-miR-19b-3p,CSF1
hsa-miR-19b-3p,RAP1A
hsa-miR-19b-3p,HIPK1
hsa-miR-19b-3p,PDE4DIP
hsa-miR-19b-3p,RPRD2
hsa-miR-19b-3p,CGN
hsa-miR-19b-3p,SLC25A44
hsa-miR-19b-3p,UHMK1
hsa-miR-19b-3p,KLHL20
hsa-miR-19b-3p,CEP350
hsa-miR-19b-3p,RGL1
hsa-miR-19b-3p,FBXO28
hsa-miR-19b-3p,GPR137B
hsa-miR-19b-3p,ZBTB18
hsa-miR-19b-3p,SKIDA1
hsa-miR-19b-3p,ACBD5
hsa-miR-19b-3p,ARHGAP12
hsa-miR-19b-3p,HNRNPF
hsa-miR-19b-3p,CCDC6
hsa-miR-19b-3p,PSAP
hsa-miR-19b-3p,ANXA7
hsa-miR-19b-3p,SHTN1
hsa-miR-19b-3p,CACUL1
hsa-miR-19b-3p,ZMYND11
hsa-miR-19b-3p,MLLT10
hsa-miR-19b-3p,OTUD1
hsa-miR-19b-3p,RAB18
hsa-miR-19b-3p,WAC
hsa-miR-19b-3p,BAMBI
hsa-miR-19b-3p,NRBF2
hsa-miR-19b-3p,REEP3
hsa-miR-19b-3p,SAMD8
hsa-miR-19b-3p,PTEN
hsa-miR-19b-3p,FAS
hsa-miR-19b-3p,WBP1L
hsa-miR-19b-3p,ADD3
hsa-miR-19b-3p,ACADSB
hsa-miR-19b-3p,MRPL17
hsa-miR-19b-3p,EIF4G2
hsa-miR-19b-3p,E2F8
hsa-miR-19b-3p,PATL1
hsa-miR-19b-3p,FAM168A
hsa-miR-19b-3p,PGM2L1
hsa-miR-19b-3p,DDX6
hsa-miR-19b-3p,TUB
hsa-miR-19b-3p,HIPK3
hsa-miR-19b-3p,ZFP91
hsa-miR-19b-3p,PACS1
hsa-miR-19b-3p,KDM2A
hsa-miR-19b-3p,PPP6R3
hsa-miR-19b-3p,CCND1
hsa-miR-19b-3p,SOX5
hsa-miR-19b-3p,CAPRIN2
hsa-miR-19b-3p,SLC2A13
hsa-miR-19b-3p,CS
hsa-miR-19b-3p,PTGES3
hsa-miR-19b-3p,LRIG3
hsa-miR-19b-3p,PPP1R12A
hsa-miR-19b-3p,BTG1
hsa-miR-19b-3p,GIT2
hsa-miR-19b-3p,PPTC7
hsa-miR-19b-3p,CLIP1
hsa-miR-19b-3p,WNK1
hsa-miR-19b-3p,ADIPOR2
hsa-miR-19b-3p,CCND2
hsa-miR-19b-3p,CREBL2
hsa-miR-19b-3p,KLHL42
hsa-miR-19b-3p,SLC48A1
hsa-miR-19b-3p,TMBIM6
hsa-miR-19b-3p,HNRNPA1
hsa-miR-19b-3p,RAB5B
hsa-miR-19b-3p,CAND1
hsa-miR-19b-3p,RAP1B
hsa-miR-19b-3p,FRS2
hsa-miR-19b-3p,RAB21
hsa-miR-19b-3p,HCFC2
hsa-miR-19b-3p,MLEC
hsa-miR-19b-3p,SPART
hsa-miR-19b-3p,ZIC5
hsa-miR-19b-3p,EFNB2
hsa-miR-19b-3p,FNDC3A
hsa-miR-19b-3p,MBNL2
hsa-miR-19b-3p,ATP11A
hsa-miR-19b-3p,STRN3
hsa-miR-19b-3p,SPTSSA
hsa-miR-19b-3p,GMFB
hsa-miR-19b-3p,PPP2R5E
hsa-miR-19b-3p,ZFYVE26
hsa-miR-19b-3p,ACTN1
hsa-miR-19b-3p,RPS6KA5
hsa-miR-19b-3p,DICER1
hsa-miR-19b-3p,ARHGAP5
hsa-miR-19b-3p,FRMD6
hsa-miR-19b-3p,SMOC1
hsa-miR-19b-3p,SECISBP2L
hsa-miR-19b-3p,ARPP19
hsa-miR-19b-3p,CSNK1G1
hsa-miR-19b-3p,PCLAF
hsa-miR-19b-3p,NPTN
hsa-miR-19b-3p,PRC1
hsa-miR-19b-3p,AC068831.6
hsa-miR-19b-3p,THBS1
hsa-miR-19b-3p,SEMA6D
hsa-miR-19b-3p,RNF111
hsa-miR-19b-3p,RAB8B
hsa-miR-19b-3p,IREB2
hsa-miR-19b-3p,ABHD17C
hsa-miR-19b-3p,FURIN
hsa-miR-19b-3p,CHD2
hsa-miR-19b-3p,SYNM
hsa-miR-19b-3p,SOCS1
hsa-miR-19b-3p,SMG1
hsa-miR-19b-3p,DNAJA2
hsa-miR-19b-3p,PHLPP2
hsa-miR-19b-3p,ZDHHC7
hsa-miR-19b-3p,TNFRSF12A
hsa-miR-19b-3p,MRTFB
hsa-miR-19b-3p,TNRC6A
hsa-miR-19b-3p,C16orf70
hsa-miR-19b-3p,PFN1
hsa-miR-19b-3p,ZBTB4
hsa-miR-19b-3p,RAB34
hsa-miR-19b-3p,PHF12
hsa-miR-19b-3p,MED13
hsa-miR-19b-3p,SMARCD2
hsa-miR-19b-3p,WBP2
hsa-miR-19b-3p,SOCS3
hsa-miR-19b-3p,WDR45B
hsa-miR-19b-3p,HIC1
hsa-miR-19b-3p,MINK1
hsa-miR-19b-3p,RNF167
hsa-miR-19b-3p,MPRIP
hsa-miR-19b-3p,NLK
hsa-miR-19b-3p,CPD
hsa-miR-19b-3p,NF1
hsa-miR-19b-3p,SUZ12
hsa-miR-19b-3p,DYNLL2
hsa-miR-19b-3p,DHX40
hsa-miR-19b-3p,CLTC
hsa-miR-19b-3p,VMP1
hsa-miR-19b-3p,KCNJ2
hsa-miR-19b-3p,TNRC6C
hsa-miR-19b-3p,DSEL
hsa-miR-19b-3p,ZNF516
hsa-miR-19b-3p,TGIF1
hsa-miR-19b-3p,MTCL1
hsa-miR-19b-3p,RBBP8
hsa-miR-19b-3p,DNAJB1
hsa-miR-19b-3p,PPP6R1
hsa-miR-19b-3p,EVI5L
hsa-miR-19b-3p,PDE4A
hsa-miR-19b-3p,LDLR
hsa-miR-19b-3p,GET3
hsa-miR-19b-3p,HNRNPUL1
hsa-miR-19b-3p,PXDN
hsa-miR-19b-3p,MEMO1
hsa-miR-19b-3p,ATL2
hsa-miR-19b-3p,MAP4K3
hsa-miR-19b-3p,RAB1A
hsa-miR-19b-3p,GFPT1
hsa-miR-19b-3p,SEMA4C
hsa-miR-19b-3p,TBC1D8
hsa-miR-19b-3p,NCKAP1
hsa-miR-19b-3p,TRAK2
hsa-miR-19b-3p,USP37
hsa-miR-19b-3p,ID2
hsa-miR-19b-3p,ASAP2
hsa-miR-19b-3p,RHOB
hsa-miR-19b-3p,DPYSL5
hsa-miR-19b-3p,SNX17
hsa-miR-19b-3p,NRBP1
hsa-miR-19b-3p,CLIP4
hsa-miR-19b-3p,LCLAT1
hsa-miR-19b-3p,IL1R1
hsa-miR-19b-3p,BCL2L11
hsa-miR-19b-3p,CCNT2
hsa-miR-19b-3p,ITGA6
hsa-miR-19b-3p,MAP3K20
hsa-miR-19b-3p,COQ10B
hsa-miR-19b-3p,BMPR2
hsa-miR-19b-3p,PIKFYVE
hsa-miR-19b-3p,ATG16L1
hsa-miR-19b-3p,NAPB
hsa-miR-19b-3p,BLCAP
hsa-miR-19b-3p,SERINC3
hsa-miR-19b-3p,B4GALT5
hsa-miR-19b-3p,SPATA2
hsa-miR-19b-3p,ADNP
hsa-miR-19b-3p,ZNF217
hsa-miR-19b-3p,PMEPA1
hsa-miR-19b-3p,STK35
hsa-miR-19b-3p,FAM83D
hsa-miR-19b-3p,SRSF6
hsa-miR-19b-3p,BRWD1
hsa-miR-19b-3p,MAPK1
hsa-miR-19b-3p,LIF
hsa-miR-19b-3p,PRR14L
hsa-miR-19b-3p,ATP2B2
hsa-miR-19b-3p,VGLL4
hsa-miR-19b-3p,RAF1
hsa-miR-19b-3p,DUSP7
hsa-miR-19b-3p,DENND6A
hsa-miR-19b-3p,PRICKLE2
hsa-miR-19b-3p,EOGT
hsa-miR-19b-3p,FOXP1
hsa-miR-19b-3p,ZBTB11
hsa-miR-19b-3p,PFN2
hsa-miR-19b-3p,MB21D2
hsa-miR-19b-3p,SLC6A6
hsa-miR-19b-3p,TGFBR2
hsa-miR-19b-3p,ZBTB47
hsa-miR-19b-3p,ABHD5
hsa-miR-19b-3p,NBEAL2
hsa-miR-19b-3p,DAG1
hsa-miR-19b-3p,APPL1
hsa-miR-19b-3p,SEC61A1
hsa-miR-19b-3p,ARMC8
hsa-miR-19b-3p,MBNL1
hsa-miR-19b-3p,FXR1
hsa-miR-19b-3p,EIF4A2
hsa-miR-19b-3p,LPP
hsa-miR-19b-3p,IL1RAP
hsa-miR-19b-3p,WDR1
hsa-miR-19b-3p,CLOCK
hsa-miR-19b-3p,GRSF1
hsa-miR-19b-3p,G3BP2
hsa-miR-19b-3p,NUP54
hsa-miR-19b-3p,WDFY3
hsa-miR-19b-3p,CCNA2
hsa-miR-19b-3p,FAM114A1
hsa-miR-19b-3p,LIMCH1
hsa-miR-19b-3p,EREG
hsa-miR-19b-3p,CDS1
hsa-miR-19b-3p,AFF1
hsa-miR-19b-3p,ELMOD2
hsa-miR-19b-3p,RAPGEF2
hsa-miR-19b-3p,MSMO1
hsa-miR-19b-3p,STOX2
hsa-miR-19b-3p,RICTOR
hsa-miR-19b-3p,PRKAA1
hsa-miR-19b-3p,HMGCS1
hsa-miR-19b-3p,ENC1
hsa-miR-19b-3p,ARRDC3
hsa-miR-19b-3p,ELL2
hsa-miR-19b-3p,FEM1C
hsa-miR-19b-3p,RNF145
hsa-miR-19b-3p,DBN1
hsa-miR-19b-3p,ITGA2
hsa-miR-19b-3p,MAP1B
hsa-miR-19b-3p,CAST
hsa-miR-19b-3p,LNPEP
hsa-miR-19b-3p,MACIR
hsa-miR-19b-3p,PHAX
hsa-miR-19b-3p,C5orf24
hsa-miR-19b-3p,SMAD5
hsa-miR-19b-3p,UBE2D2
hsa-miR-19b-3p,CREBRF
hsa-miR-19b-3p,GRK6
hsa-miR-19b-3p,MAML1
hsa-miR-19b-3p,CNOT6
hsa-miR-19b-3p,ATXN1
hsa-miR-19b-3p,KIF13A
hsa-miR-19b-3p,STK38
hsa-miR-19b-3p,ENPP5
hsa-miR-19b-3p,ELOVL5
hsa-miR-19b-3p,TENT5A
hsa-miR-19b-3p,RRAGD
hsa-miR-19b-3p,FRK
hsa-miR-19b-3p,CCN2
hsa-miR-19b-3p,SGK1
hsa-miR-19b-3p,FOXF2
hsa-miR-19b-3p,WRNIP1
hsa-miR-19b-3p,JARID2
hsa-miR-19b-3p,MYLIP
hsa-miR-19b-3p,SOX4
hsa-miR-19b-3p,MAPK14
hsa-miR-19b-3p,PTP4A1
hsa-miR-19b-3p,AL135905.2
hsa-miR-19b-3p,PNRC1
hsa-miR-19b-3p,SLC35F1
hsa-miR-19b-3p,IGF2R
hsa-miR-19b-3p,QKI
hsa-miR-19b-3p,IGFBP3
hsa-miR-19b-3p,PON2
hsa-miR-19b-3p,GIGYF1
hsa-miR-19b-3p,BMT2
hsa-miR-19b-3p,ZNF800
hsa-miR-19b-3p,IMPDH1
hsa-miR-19b-3p,FASTK
hsa-miR-19b-3p,SUN1
hsa-miR-19b-3p,CCM2
hsa-miR-19b-3p,CRCP
hsa-miR-19b-3p,PHTF2
hsa-miR-19b-3p,ANKIB1
hsa-miR-19b-3p,HBP1
hsa-miR-19b-3p,FLNC
hsa-miR-19b-3p,CALD1
hsa-miR-19b-3p,LONRF1
hsa-miR-19b-3p,MYBL1
hsa-miR-19b-3p,ARFGEF1
hsa-miR-19b-3p,TMEM64
hsa-miR-19b-3p,KLF10
hsa-miR-19b-3p,AZIN1
hsa-miR-19b-3p,SYBU
hsa-miR-19b-3p,AGPAT5
hsa-miR-19b-3p,VPS37A
hsa-miR-19b-3p,ATP6V1B2
hsa-miR-19b-3p,ZBTB10
hsa-miR-19b-3p,FZD6
hsa-miR-19b-3p,EFR3A
hsa-miR-19b-3p,NFIB
hsa-miR-19b-3p,CNTFR
hsa-miR-19b-3p,RNF38
hsa-miR-19b-3p,ALG2
hsa-miR-19b-3p,ABCA1
hsa-miR-19b-3p,RAB14
hsa-miR-19b-3p,ZER1
hsa-miR-19b-3p,TSC1
hsa-miR-19b-3p,CAMSAP1
hsa-miR-19b-3p,TMEM250
hsa-miR-19b-3p,SMARCA2
hsa-miR-19b-3p,TOR1B
hsa-miR-19b-3p,SCML2
hsa-miR-19b-3p,SH3KBP1
hsa-miR-19b-3p,ACSL4
hsa-miR-19b-3p,RAP2C
hsa-miR-19b-3p,MMGT1
hsa-miR-19b-3p,TXLNG
hsa-miR-19b-3p,MID1IP1
hsa-miR-19b-3p,DDX3X
hsa-miR-19b-3p,CHIC1
hsa-miR-19b-3p,ZNF711
hsa-miR-19b-3p,UBE2A
hsa-miR-19b-3p,STK26
hsa-miR-19b-3p,HPRT1
hsa-miR-19b-3p,SLC9A6
hsa-miR-19b-3p,SLC6A8
hsa-miR-200a-3p,CCNL2
hsa-miR-200a-3p,ACOT7
hsa-miR-200a-3p,SFPQ
hsa-miR-200a-3p,FOXJ3
hsa-miR-200a-3p,SLC6A9
hsa-miR-200a-3p,SLC35D1
hsa-miR-200a-3p,ZNF644
hsa-miR-200a-3p,ANP32E
hsa-miR-200a-3p,ABL2
hsa-miR-200a-3p,PPP1R15B
hsa-miR-200a-3p,DSTYK
hsa-miR-200a-3p,NUCKS1
hsa-miR-200a-3p,LPGAT1
hsa-miR-200a-3p,OTUD3
hsa-miR-200a-3p,CDC42
hsa-miR-200a-3p,S100PBP
hsa-miR-200a-3p,AKIRIN1
hsa-miR-200a-3p,MIER1
hsa-miR-200a-3p,PRKACB
hsa-miR-200a-3p,DR1
hsa-miR-200a-3p,MFSD14A
hsa-miR-200a-3p,AC118553.2
hsa-miR-200a-3p,HIPK1
hsa-miR-200a-3p,ATP1B1
hsa-miR-200a-3p,RALGPS2
hsa-miR-200a-3p,CAMSAP2
hsa-miR-200a-3p,ZBTB18
hsa-miR-200a-3p,KLF6
hsa-miR-200a-3p,HNRNPF
hsa-miR-200a-3p,CCDC6
hsa-miR-200a-3p,JMJD1C
hsa-miR-200a-3p,SAR1A
hsa-miR-200a-3p,ZCCHC24
hsa-miR-200a-3p,GATA3
hsa-miR-200a-3p,ARID5B
hsa-miR-200a-3p,PTEN
hsa-miR-200a-3p,TNKS2
hsa-miR-200a-3p,PDCD4
hsa-miR-200a-3p,FAM160B1
hsa-miR-200a-3p,CELF1
hsa-miR-200a-3p,TSPAN4
hsa-miR-200a-3p,QSER1
hsa-miR-200a-3p,YAP1
hsa-miR-200a-3p,SOX5
hsa-miR-200a-3p,SPRYD3
hsa-miR-200a-3p,NAP1L1
hsa-miR-200a-3p,CDK17
hsa-miR-200a-3p,MED13L
hsa-miR-200a-3p,ETNK1
hsa-miR-200a-3p,SLC25A3
hsa-miR-200a-3p,ATP2A2
hsa-miR-200a-3p,PCDH9
hsa-miR-200a-3p,PDS5B
hsa-miR-200a-3p,NDFIP2
hsa-miR-200a-3p,IPO5
hsa-miR-200a-3p,HECTD1
hsa-miR-200a-3p,CFL2
hsa-miR-200a-3p,FOXA1
hsa-miR-200a-3p,BRMS1L
hsa-miR-200a-3p,PCNX4
hsa-miR-200a-3p,YY1
hsa-miR-200a-3p,UBE3A
hsa-miR-200a-3p,RFX7
hsa-miR-200a-3p,PEAK1
hsa-miR-200a-3p,MAPK6
hsa-miR-200a-3p,HMG20A
hsa-miR-200a-3p,ZNF592
hsa-miR-200a-3p,CHD2
hsa-miR-200a-3p,FUS
hsa-miR-200a-3p,CHD9
hsa-miR-200a-3p,CRLF3
hsa-miR-200a-3p,FBXL20
hsa-miR-200a-3p,DUSP3
hsa-miR-200a-3p,MBTD1
hsa-miR-200a-3p,DDX5
hsa-miR-200a-3p,GNA13
hsa-miR-200a-3p,KIF1C
hsa-miR-200a-3p,MAP2K4
hsa-miR-200a-3p,NF1
hsa-miR-200a-3p,PRKAR1A
hsa-miR-200a-3p,OSBPL1A
hsa-miR-200a-3p,SYT4
hsa-miR-200a-3p,GATA6
hsa-miR-200a-3p,BRD4
hsa-miR-200a-3p,DMWD
hsa-miR-200a-3p,PEG3
hsa-miR-200a-3p,EPN1
hsa-miR-200a-3p,PPP3R1
hsa-miR-200a-3p,CYP26B1
hsa-miR-200a-3p,FAM168B
hsa-miR-200a-3p,ZEB2
hsa-miR-200a-3p,RBMS1
hsa-miR-200a-3p,SF3B1
hsa-miR-200a-3p,RAB10
hsa-miR-200a-3p,WDR43
hsa-miR-200a-3p,PRKCE
hsa-miR-200a-3p,SOCS5
hsa-miR-200a-3p,PAPOLG
hsa-miR-200a-3p,KDM3A
hsa-miR-200a-3p,SLC20A1
hsa-miR-200a-3p,CCNT2
hsa-miR-200a-3p,SPOPL
hsa-miR-200a-3p,MARCHF7
hsa-miR-200a-3p,GLS
hsa-miR-200a-3p,CSNK2A1
hsa-miR-200a-3p,ZCCHC3
hsa-miR-200a-3p,CDC25B
hsa-miR-200a-3p,ASXL1
hsa-miR-200a-3p,ARFGEF2
hsa-miR-200a-3p,HSPA13
hsa-miR-200a-3p,H1-0
hsa-miR-200a-3p,CLASP2
hsa-miR-200a-3p,FOXP1
hsa-miR-200a-3p,KPNA4
hsa-miR-200a-3p,TFRC
hsa-miR-200a-3p,BHLHE40
hsa-miR-200a-3p,RAB5A
hsa-miR-200a-3p,SNRK
hsa-miR-200a-3p,PTPRG
hsa-miR-200a-3p,ATP6V1A
hsa-miR-200a-3p,MBNL1
hsa-miR-200a-3p,FNDC3B
hsa-miR-200a-3p,LPP
hsa-miR-200a-3p,ATP8A1
hsa-miR-200a-3p,CLOCK
hsa-miR-200a-3p,H2AZ1
hsa-miR-200a-3p,PGRMC2
hsa-miR-200a-3p,HMGCS1
hsa-miR-200a-3p,MIER3
hsa-miR-200a-3p,SEMA6A
hsa-miR-200a-3p,SEPTIN8
hsa-miR-200a-3p,PPP2CA
hsa-miR-200a-3p,NR3C1
hsa-miR-200a-3p,PANK3
hsa-miR-200a-3p,RNF44
hsa-miR-200a-3p,TNPO1
hsa-miR-200a-3p,SEC24A
hsa-miR-200a-3p,MATR3
hsa-miR-200a-3p,TCERG1
hsa-miR-200a-3p,CPEB4
hsa-miR-200a-3p,HNRNPAB
hsa-miR-200a-3p,CANX
hsa-miR-200a-3p,TFAP2A
hsa-miR-200a-3p,DEK
hsa-miR-200a-3p,KIAA0408
hsa-miR-200a-3p,AL096711.2
hsa-miR-200a-3p,E2F3
hsa-miR-200a-3p,KCTD20
hsa-miR-200a-3p,PTP4A1
hsa-miR-200a-3p,AL135905.2
hsa-miR-200a-3p,QKI
hsa-miR-200a-3p,TNS3
hsa-miR-200a-3p,YWHAG
hsa-miR-200a-3p,GIGYF1
hsa-miR-200a-3p,DOCK4
hsa-miR-200a-3p,MTPN
hsa-miR-200a-3p,RHEB
hsa-miR-200a-3p,LMBR1
hsa-miR-200a-3p,GLCCI1
hsa-miR-200a-3p,AGFG2
hsa-miR-200a-3p,BCAP29
hsa-miR-200a-3p,DUS4L-BCAP29
hsa-miR-200a-3p,CALU
hsa-miR-200a-3p,TP53INP1
hsa-miR-200a-3p,TMEM70
hsa-miR-200a-3p,FAM91A1
hsa-miR-200a-3p,RANBP6
hsa-miR-200a-3p,RNF38
hsa-miR-200a-3p,GOLM1
hsa-miR-200a-3p,PALM2AKAP2
hsa-miR-200a-3p,ZBTB34
hsa-miR-200a-3p,GPM6B
hsa-miR-200a-3p,CUL4B
hsa-miR-200a-3p,MBNL3
hsa-miR-200a-3p,OGT
hsa-miR-200a-3p,PGRMC1
hsa-miR-200b-3p,ERRFI1
hsa-miR-200b-3p,JUN
hsa-miR-200b-3p,NEGR1
hsa-miR-200b-3p,FUBP1
hsa-miR-200b-3p,CNN3
hsa-miR-200b-3p,TRIM33
hsa-miR-200b-3p,ASH1L
hsa-miR-200b-3p,LBR
hsa-miR-200b-3p,HNRNPU
hsa-miR-200b-3p,CLIC4
hsa-miR-200b-3p,KHDRBS1
hsa-miR-200b-3p,BTF3L4
hsa-miR-200b-3p,ZYG11B
hsa-miR-200b-3p,NFIA
hsa-miR-200b-3p,PRKACB
hsa-miR-200b-3p,MTF2
hsa-miR-200b-3p,HIPK1
hsa-miR-200b-3p,IER5
hsa-miR-200b-3p,CAMSAP2
hsa-miR-200b-3p,GALNT2
hsa-miR-200b-3p,GDI2
hsa-miR-200b-3p,JCAD
hsa-miR-200b-3p,ZCCHC24
hsa-miR-200b-3p,RAB11FIP2
hsa-miR-200b-3p,BMI1
hsa-miR-200b-3p,ZEB1
hsa-miR-200b-3p,UBE2D1
hsa-miR-200b-3p,DDIT4
hsa-miR-200b-3p,PTEN
hsa-miR-200b-3p,CCNJ
hsa-miR-200b-3p,SCD
hsa-miR-200b-3p,SLK
hsa-miR-200b-3p,DENND5A
hsa-miR-200b-3p,CELF1
hsa-miR-200b-3p,B4GAT1
hsa-miR-200b-3p,ETS1
hsa-miR-200b-3p,SLC2A3
hsa-miR-200b-3p,DENND5B
hsa-miR-200b-3p,SLC38A2
hsa-miR-200b-3p,CDK17
hsa-miR-200b-3p,CKAP4
hsa-miR-200b-3p,TAOK3
hsa-miR-200b-3p,NCOR2
hsa-miR-200b-3p,CDKN1B
hsa-miR-200b-3p,AEBP2
hsa-miR-200b-3p,RASSF8
hsa-miR-200b-3p,PPFIBP1
hsa-miR-200b-3p,CDK2
hsa-miR-200b-3p,TBK1
hsa-miR-200b-3p,RAP1B
hsa-miR-200b-3p,FRS2
hsa-miR-200b-3p,ATP2A2
hsa-miR-200b-3p,LATS2
hsa-miR-200b-3p,KBTBD6
hsa-miR-200b-3p,PCDH8
hsa-miR-200b-3p,POGLUT2
hsa-miR-200b-3p,ARGLU1
hsa-miR-200b-3p,WASF3
hsa-miR-200b-3p,ITM2B
hsa-miR-200b-3p,LMO7
hsa-miR-200b-3p,SPTSSA
hsa-miR-200b-3p,CFL2
hsa-miR-200b-3p,SEC23A
hsa-miR-200b-3p,NIN
hsa-miR-200b-3p,FERMT2
hsa-miR-200b-3p,GMFB
hsa-miR-200b-3p,FRMD6
hsa-miR-200b-3p,MAPK1IP1L
hsa-miR-200b-3p,SNAPC1
hsa-miR-200b-3p,NDN
hsa-miR-200b-3p,SECISBP2L
hsa-miR-200b-3p,PCLAF
hsa-miR-200b-3p,MEX3B
hsa-miR-200b-3p,RTF1
hsa-miR-200b-3p,MGA
hsa-miR-200b-3p,GOLM2
hsa-miR-200b-3p,CTDSPL2
hsa-miR-200b-3p,RAB8B
hsa-miR-200b-3p,ARIH1
hsa-miR-200b-3p,ZFAND6
hsa-miR-200b-3p,ADCY9
hsa-miR-200b-3p,MTSS2
hsa-miR-200b-3p,TMEM170A
hsa-miR-200b-3p,ZCCHC14
hsa-miR-200b-3p,UBE2I
hsa-miR-200b-3p,CNEP1R1
hsa-miR-200b-3p,TENT4B
hsa-miR-200b-3p,ARL2BP
hsa-miR-200b-3p,MED1
hsa-miR-200b-3p,ORMDL3
hsa-miR-200b-3p,GJC1
hsa-miR-200b-3p,CDC27
hsa-miR-200b-3p,PPP1R9B
hsa-miR-200b-3p,TOB1
hsa-miR-200b-3p,SRSF1
hsa-miR-200b-3p,MED13
hsa-miR-200b-3p,SMURF2
hsa-miR-200b-3p,TIMP2
hsa-miR-200b-3p,MPRIP
hsa-miR-200b-3p,RPS6KB1
hsa-miR-200b-3p,PRKAR1A
hsa-miR-200b-3p,NPC1
hsa-miR-200b-3p,MIB1
hsa-miR-200b-3p,DTNA
hsa-miR-200b-3p,PMAIP1
hsa-miR-200b-3p,MEX3D
hsa-miR-200b-3p,ZC3H4
hsa-miR-200b-3p,SYDE1
hsa-miR-200b-3p,YWHAQ
hsa-miR-200b-3p,PUM2
hsa-miR-200b-3p,CDC42EP3
hsa-miR-200b-3p,MAP4K3
hsa-miR-200b-3p,MCFD2
hsa-miR-200b-3p,ZEB2
hsa-miR-200b-3p,RND3
hsa-miR-200b-3p,ARL5A
hsa-miR-200b-3p,FIGN
hsa-miR-200b-3p,FN1
hsa-miR-200b-3p,MYCN
hsa-miR-200b-3p,NRBP1
hsa-miR-200b-3p,PPM1B
hsa-miR-200b-3p,MAP4K4
hsa-miR-200b-3p,CERS6
hsa-miR-200b-3p,ABI2
hsa-miR-200b-3p,PIKFYVE
hsa-miR-200b-3p,NAPB
hsa-miR-200b-3p,ZNF217
hsa-miR-200b-3p,MAPRE1
hsa-miR-200b-3p,NCOA3
hsa-miR-200b-3p,DNAJC5
hsa-miR-200b-3p,HSPA13
hsa-miR-200b-3p,NRIP1
hsa-miR-200b-3p,SYNJ1
hsa-miR-200b-3p,BRWD1
hsa-miR-200b-3p,CRKL
hsa-miR-200b-3p,CCDC117
hsa-miR-200b-3p,MIEF1
hsa-miR-200b-3p,SLC4A7
hsa-miR-200b-3p,RHOA
hsa-miR-200b-3p,WDR82
hsa-miR-200b-3p,DCBLD2
hsa-miR-200b-3p,FSTL1
hsa-miR-200b-3p,AMOTL2
hsa-miR-200b-3p,SSR3
hsa-miR-200b-3p,ITPR1
hsa-miR-200b-3p,PPP4R2
hsa-miR-200b-3p,PCNP
hsa-miR-200b-3p,TSC22D2
hsa-miR-200b-3p,MBNL1
hsa-miR-200b-3p,SERPINI1
hsa-miR-200b-3p,FNDC3B
hsa-miR-200b-3p,ATP11B
hsa-miR-200b-3p,KDR
hsa-miR-200b-3p,HNRNPD
hsa-miR-200b-3p,OTUD4
hsa-miR-200b-3p,FBXW7
hsa-miR-200b-3p,KLF3
hsa-miR-200b-3p,SRP72
hsa-miR-200b-3p,SMARCAD1
hsa-miR-200b-3p,CTNND2
hsa-miR-200b-3p,IL6ST
hsa-miR-200b-3p,NREP
hsa-miR-200b-3p,LOX
hsa-miR-200b-3p,PPP2CA
hsa-miR-200b-3p,GNPDA1
hsa-miR-200b-3p,DUSP1
hsa-miR-200b-3p,HNRNPH1
hsa-miR-200b-3p,MARCHF6
hsa-miR-200b-3p,MAP1B
hsa-miR-200b-3p,PAM
hsa-miR-200b-3p,MATR3
hsa-miR-200b-3p,PAIP2
hsa-miR-200b-3p,C6orf62
hsa-miR-200b-3p,SYNCRIP
hsa-miR-200b-3p,OSTM1
hsa-miR-200b-3p,CITED2
hsa-miR-200b-3p,E2F3
hsa-miR-200b-3p,UHRF1BP1
hsa-miR-200b-3p,NFYA
hsa-miR-200b-3p,PTP4A1
hsa-miR-200b-3p,AL135905.2
hsa-miR-200b-3p,MARCKS
hsa-miR-200b-3p,IGF2R
hsa-miR-200b-3p,QKI
hsa-miR-200b-3p,POLR1F
hsa-miR-200b-3p,DPY19L1
hsa-miR-200b-3p,YWHAG
hsa-miR-200b-3p,SMURF1
hsa-miR-200b-3p,GIGYF1
hsa-miR-200b-3p,KDM7A
hsa-miR-200b-3p,ANLN
hsa-miR-200b-3p,PTPN12
hsa-miR-200b-3p,CASD1
hsa-miR-200b-3p,DNAJB9
hsa-miR-200b-3p,CALU
hsa-miR-200b-3p,MFHAS1
hsa-miR-200b-3p,BPNT2
hsa-miR-200b-3p,UBE2W
hsa-miR-200b-3p,MMP16
hsa-miR-200b-3p,RBM12B
hsa-miR-200b-3p,TP53INP1
hsa-miR-200b-3p,CYRIB
hsa-miR-200b-3p,SULF1
hsa-miR-200b-3p,ZFHX4
hsa-miR-200b-3p,OXR1
hsa-miR-200b-3p,NFIB
hsa-miR-200b-3p,TLN1
hsa-miR-200b-3p,ZBTB5
hsa-miR-200b-3p,UBQLN1
hsa-miR-200b-3p,DIRAS2
hsa-miR-200b-3p,TMEM245
hsa-miR-200b-3p,SURF4
hsa-miR-200b-3p,VLDLR
hsa-miR-200b-3p,RIC1
hsa-miR-200b-3p,RECK
hsa-miR-200b-3p,ANP32B
hsa-miR-200b-3p,UGCG
hsa-miR-200b-3p,PBX3
hsa-miR-200b-3p,RPS6KA3
hsa-miR-200b-3p,IDS
hsa-miR-200b-3p,AC244197.3
hsa-miR-200b-3p,DDX3X
hsa-miR-200b-3p,CDK16
hsa-miR-200b-3p,MSN
hsa-miR-200b-3p,XIAP
hsa-miR-200b-3p,DDX3Y
hsa-miR-200c-3p,ERRFI1
hsa-miR-200c-3p,JUN
hsa-miR-200c-3p,NEGR1
hsa-miR-200c-3p,FUBP1
hsa-miR-200c-3p,CNN3
hsa-miR-200c-3p,TRIM33
hsa-miR-200c-3p,ASH1L
hsa-miR-200c-3p,LBR
hsa-miR-200c-3p,HNRNPU
hsa-miR-200c-3p,CLIC4
hsa-miR-200c-3p,KHDRBS1
hsa-miR-200c-3p,BTF3L4
hsa-miR-200c-3p,ZYG11B
hsa-miR-200c-3p,NFIA
hsa-miR-200c-3p,PRKACB
hsa-miR-200c-3p,MTF2
hsa-miR-200c-3p,HIPK1
hsa-miR-200c-3p,IER5
hsa-miR-200c-3p,CAMSAP2
hsa-miR-200c-3p,GALNT2
hsa-miR-200c-3p,GDI2
hsa-miR-200c-3p,JCAD
hsa-miR-200c-3p,ZCCHC24
hsa-miR-200c-3p,RAB11FIP2
hsa-miR-200c-3p,BMI1
hsa-miR-200c-3p,ZEB1
hsa-miR-200c-3p,UBE2D1
hsa-miR-200c-3p,DDIT4
hsa-miR-200c-3p,PTEN
hsa-miR-200c-3p,CCNJ
hsa-miR-200c-3p,SCD
hsa-miR-200c-3p,SLK
hsa-miR-200c-3p,DENND5A
hsa-miR-200c-3p,CELF1
hsa-miR-200c-3p,B4GAT1
hsa-miR-200c-3p,ETS1
hsa-miR-200c-3p,SLC2A3
hsa-miR-200c-3p,DENND5B
hsa-miR-200c-3p,SLC38A2
hsa-miR-200c-3p,CDK17
hsa-miR-200c-3p,CKAP4
hsa-miR-200c-3p,TAOK3
hsa-miR-200c-3p,NCOR2
hsa-miR-200c-3p,CDKN1B
hsa-miR-200c-3p,AEBP2
hsa-miR-200c-3p,RASSF8
hsa-miR-200c-3p,PPFIBP1
hsa-miR-200c-3p,CDK2
hsa-miR-200c-3p,TBK1
hsa-miR-200c-3p,RAP1B
hsa-miR-200c-3p,FRS2
hsa-miR-200c-3p,ATP2A2
hsa-miR-200c-3p,UNC119B
hsa-miR-200c-3p,LATS2
hsa-miR-200c-3p,KBTBD6
hsa-miR-200c-3p,PCDH8
hsa-miR-200c-3p,POGLUT2
hsa-miR-200c-3p,ARGLU1
hsa-miR-200c-3p,WASF3
hsa-miR-200c-3p,ITM2B
hsa-miR-200c-3p,LMO7
hsa-miR-200c-3p,SPTSSA
hsa-miR-200c-3p,CFL2
hsa-miR-200c-3p,SEC23A
hsa-miR-200c-3p,NIN
hsa-miR-200c-3p,FERMT2
hsa-miR-200c-3p,GMFB
hsa-miR-200c-3p,FRMD6
hsa-miR-200c-3p,MAPK1IP1L
hsa-miR-200c-3p,SNAPC1
hsa-miR-200c-3p,NDN
hsa-miR-200c-3p,SECISBP2L
hsa-miR-200c-3p,PCLAF
hsa-miR-200c-3p,MEX3B
hsa-miR-200c-3p,RTF1
hsa-miR-200c-3p,MGA
hsa-miR-200c-3p,GOLM2
hsa-miR-200c-3p,CTDSPL2
hsa-miR-200c-3p,RAB8B
hsa-miR-200c-3p,ARIH1
hsa-miR-200c-3p,ZFAND6
hsa-miR-200c-3p,ADCY9
hsa-miR-200c-3p,MTSS2
hsa-miR-200c-3p,TMEM170A
hsa-miR-200c-3p,ZCCHC14
hsa-miR-200c-3p,UBE2I
hsa-miR-200c-3p,CNEP1R1
hsa-miR-200c-3p,TENT4B
hsa-miR-200c-3p,ARL2BP
hsa-miR-200c-3p,MED1
hsa-miR-200c-3p,ORMDL3
hsa-miR-200c-3p,GJC1
hsa-miR-200c-3p,CDC27
hsa-miR-200c-3p,PPP1R9B
hsa-miR-200c-3p,TOB1
hsa-miR-200c-3p,SRSF1
hsa-miR-200c-3p,MED13
hsa-miR-200c-3p,SMURF2
hsa-miR-200c-3p,TIMP2
hsa-miR-200c-3p,MPRIP
hsa-miR-200c-3p,RPS6KB1
hsa-miR-200c-3p,PRKAR1A
hsa-miR-200c-3p,NPC1
hsa-miR-200c-3p,DTNA
hsa-miR-200c-3p,PMAIP1
hsa-miR-200c-3p,MEX3D
hsa-miR-200c-3p,SYDE1
hsa-miR-200c-3p,YWHAQ
hsa-miR-200c-3p,PUM2
hsa-miR-200c-3p,CDC42EP3
hsa-miR-200c-3p,MAP4K3
hsa-miR-200c-3p,MCFD2
hsa-miR-200c-3p,ZEB2
hsa-miR-200c-3p,RND3
hsa-miR-200c-3p,ARL5A
hsa-miR-200c-3p,FIGN
hsa-miR-200c-3p,FN1
hsa-miR-200c-3p,MYCN
hsa-miR-200c-3p,NRBP1
hsa-miR-200c-3p,PPM1B
hsa-miR-200c-3p,MAP4K4
hsa-miR-200c-3p,CERS6
hsa-miR-200c-3p,PIKFYVE
hsa-miR-200c-3p,NAPB
hsa-miR-200c-3p,ZNF217
hsa-miR-200c-3p,MAPRE1
hsa-miR-200c-3p,NCOA3
hsa-miR-200c-3p,DNAJC5
hsa-miR-200c-3p,HSPA13
hsa-miR-200c-3p,NRIP1
hsa-miR-200c-3p,SYNJ1
hsa-miR-200c-3p,BRWD1
hsa-miR-200c-3p,CRKL
hsa-miR-200c-3p,CCDC117
hsa-miR-200c-3p,MIEF1
hsa-miR-200c-3p,SLC4A7
hsa-miR-200c-3p,RHOA
hsa-miR-200c-3p,WDR82
hsa-miR-200c-3p,DCBLD2
hsa-miR-200c-3p,FSTL1
hsa-miR-200c-3p,AMOTL2
hsa-miR-200c-3p,SSR3
hsa-miR-200c-3p,ITPR1
hsa-miR-200c-3p,PPP4R2
hsa-miR-200c-3p,PCNP
hsa-miR-200c-3p,TSC22D2
hsa-miR-200c-3p,MBNL1
hsa-miR-200c-3p,SERPINI1
hsa-miR-200c-3p,FNDC3B
hsa-miR-200c-3p,ATP11B
hsa-miR-200c-3p,KDR
hsa-miR-200c-3p,HNRNPD
hsa-miR-200c-3p,OTUD4
hsa-miR-200c-3p,FBXW7
hsa-miR-200c-3p,KLF3
hsa-miR-200c-3p,SRP72
hsa-miR-200c-3p,SMARCAD1
hsa-miR-200c-3p,CTNND2
hsa-miR-200c-3p,IL6ST
hsa-miR-200c-3p,NREP
hsa-miR-200c-3p,LOX
hsa-miR-200c-3p,PPP2CA
hsa-miR-200c-3p,GNPDA1
hsa-miR-200c-3p,DUSP1
hsa-miR-200c-3p,HNRNPH1
hsa-miR-200c-3p,MARCHF6
hsa-miR-200c-3p,MAP1B
hsa-miR-200c-3p,PAM
hsa-miR-200c-3p,MATR3
hsa-miR-200c-3p,PAIP2
hsa-miR-200c-3p,C6orf62
hsa-miR-200c-3p,SYNCRIP
hsa-miR-200c-3p,OSTM1
hsa-miR-200c-3p,CITED2
hsa-miR-200c-3p,E2F3
hsa-miR-200c-3p,UHRF1BP1
hsa-miR-200c-3p,NFYA
hsa-miR-200c-3p,PTP4A1
hsa-miR-200c-3p,AL135905.2
hsa-miR-200c-3p,MARCKS
hsa-miR-200c-3p,IGF2R
hsa-miR-200c-3p,QKI
hsa-miR-200c-3p,POLR1F
hsa-miR-200c-3p,DPY19L1
hsa-miR-200c-3p,YWHAG
hsa-miR-200c-3p,SMURF1
hsa-miR-200c-3p,GIGYF1
hsa-miR-200c-3p,KDM7A
hsa-miR-200c-3p,ANLN
hsa-miR-200c-3p,PTPN12
hsa-miR-200c-3p,CASD1
hsa-miR-200c-3p,DNAJB9
hsa-miR-200c-3p,CALU
hsa-miR-200c-3p,MFHAS1
hsa-miR-200c-3p,BPNT2
hsa-miR-200c-3p,UBE2W
hsa-miR-200c-3p,MMP16
hsa-miR-200c-3p,RBM12B
hsa-miR-200c-3p,TP53INP1
hsa-miR-200c-3p,CYRIB
hsa-miR-200c-3p,SULF1
hsa-miR-200c-3p,ZFHX4
hsa-miR-200c-3p,OXR1
hsa-miR-200c-3p,NFIB
hsa-miR-200c-3p,TLN1
hsa-miR-200c-3p,ZBTB5
hsa-miR-200c-3p,UBQLN1
hsa-miR-200c-3p,DIRAS2
hsa-miR-200c-3p,TMEM245
hsa-miR-200c-3p,SURF4
hsa-miR-200c-3p,VLDLR
hsa-miR-200c-3p,RIC1
hsa-miR-200c-3p,RECK
hsa-miR-200c-3p,ANP32B
hsa-miR-200c-3p,UGCG
hsa-miR-200c-3p,PBX3
hsa-miR-200c-3p,RPS6KA3
hsa-miR-200c-3p,IDS
hsa-miR-200c-3p,AC244197.3
hsa-miR-200c-3p,DDX3X
hsa-miR-200c-3p,CDK16
hsa-miR-200c-3p,MSN
hsa-miR-200c-3p,XIAP
hsa-miR-200c-3p,DDX3Y
hsa-miR-204-5p,NOTCH2
hsa-miR-204-5p,SHC1
hsa-miR-204-5p,TPRG1L
hsa-miR-204-5p,DNAJB4
hsa-miR-204-5p,B4GAT1
hsa-miR-204-5p,M6PR
hsa-miR-204-5p,CORO1C
hsa-miR-204-5p,PPP1CC
hsa-miR-204-5p,HOXC8
hsa-miR-204-5p,FRS2
hsa-miR-204-5p,LAMP1
hsa-miR-204-5p,MIDEAS
hsa-miR-204-5p,TMOD3
hsa-miR-204-5p,ZFHX3
hsa-miR-204-5p,CBFB
hsa-miR-204-5p,ANKFY1
hsa-miR-204-5p,WSB1
hsa-miR-204-5p,ZBTB7A
hsa-miR-204-5p,DNAJB1
hsa-miR-204-5p,FAM168B
hsa-miR-204-5p,ZNF638
hsa-miR-204-5p,SOWAHC
hsa-miR-204-5p,SERINC3
hsa-miR-204-5p,RAB22A
hsa-miR-204-5p,CPOX
hsa-miR-204-5p,SSR3
hsa-miR-204-5p,EDEM1
hsa-miR-204-5p,MBNL1
hsa-miR-204-5p,PPM1K
hsa-miR-204-5p,MIER3
hsa-miR-204-5p,NR3C1
hsa-miR-204-5p,TFAP2A
hsa-miR-204-5p,THBS2
hsa-miR-204-5p,CREB5
hsa-miR-204-5p,YWHAZ
hsa-miR-204-5p,RAB14
hsa-miR-204-5p,ACSL4
hsa-miR-204-5p,RAP2C
hsa-miR-204-5p,MMGT1
hsa-miR-204-5p,SLITRK4
hsa-miR-204-5p,OGT
hsa-miR-205-5p,PPP1R15B
hsa-miR-205-5p,KIF1B
hsa-miR-205-5p,CSF1
hsa-miR-205-5p,LAMC1
hsa-miR-205-5p,CENPF
hsa-miR-205-5p,BAMBI
hsa-miR-205-5p,CCNJ
hsa-miR-205-5p,PICALM
hsa-miR-205-5p,DDX6
hsa-miR-205-5p,PTPRJ
hsa-miR-205-5p,RTN3
hsa-miR-205-5p,ERBB3
hsa-miR-205-5p,TXNRD1
hsa-miR-205-5p,TSC22D1
hsa-miR-205-5p,CFL2
hsa-miR-205-5p,VTI1B
hsa-miR-205-5p,MIDEAS
hsa-miR-205-5p,CDC42BPB
hsa-miR-205-5p,PNN
hsa-miR-205-5p,ZCCHC14
hsa-miR-205-5p,COX4I1
hsa-miR-205-5p,MED1
hsa-miR-205-5p,MMD
hsa-miR-205-5p,SEPTIN4
hsa-miR-205-5p,DDX5
hsa-miR-205-5p,RARA
hsa-miR-205-5p,CLTC
hsa-miR-205-5p,RNF213
hsa-miR-205-5p,TLK1
hsa-miR-205-5p,TRAK2
hsa-miR-205-5p,DUSP7
hsa-miR-205-5p,PDS5A
hsa-miR-205-5p,ANKRD50
hsa-miR-205-5p,IL6ST
hsa-miR-205-5p,ENC1
hsa-miR-205-5p,PJA2
hsa-miR-205-5p,ETF1
hsa-miR-205-5p,TNPO1
hsa-miR-205-5p,SLC35A1
hsa-miR-205-5p,ACTB
hsa-miR-205-5p,NDUFA4
hsa-miR-205-5p,CALU
hsa-miR-205-5p,RAB11FIP1
hsa-miR-205-5p,LRATD2
hsa-miR-205-5p,HNRNPK
hsa-miR-205-5p,RAB14
hsa-miR-205-5p,NACC2
hsa-miR-205-5p,DNAJA1
hsa-miR-205-5p,DDX3X
hsa-miR-206,FUBP1
hsa-miR-206,CNN3
hsa-miR-206,ANP32E
hsa-miR-206,CERS2
hsa-miR-206,ADAR
hsa-miR-206,ASH1L
hsa-miR-206,TAGLN2
hsa-miR-206,NUCKS1
hsa-miR-206,CCSAP
hsa-miR-206,HNRNPU
hsa-miR-206,PGD
hsa-miR-206,SH3BGRL3
hsa-miR-206,MIER1
hsa-miR-206,CAPZA1
hsa-miR-206,POGK
hsa-miR-206,NRP1
hsa-miR-206,ZMYND11
hsa-miR-206,TNKS2
hsa-miR-206,BTAF1
hsa-miR-206,PDCD4
hsa-miR-206,TCF7L2
hsa-miR-206,THAP12
hsa-miR-206,CAPRIN1
hsa-miR-206,API5
hsa-miR-206,ARCN1
hsa-miR-206,CDK4
hsa-miR-206,CORO1C
hsa-miR-206,FRS2
hsa-miR-206,HSP90B1
hsa-miR-206,AKAP11
hsa-miR-206,FNDC3A
hsa-miR-206,ANXA2
hsa-miR-206,PPIB
hsa-miR-206,CHSY1
hsa-miR-206,SPRED1
hsa-miR-206,THBS1
hsa-miR-206,RNF111
hsa-miR-206,HACD3
hsa-miR-206,PHLPP2
hsa-miR-206,ZBTB4
hsa-miR-206,VAT1
hsa-miR-206,LRRC59
hsa-miR-206,MMD
hsa-miR-206,COIL
hsa-miR-206,SRSF1
hsa-miR-206,AC015813.2
hsa-miR-206,DDX5
hsa-miR-206,H3-3B
hsa-miR-206,CLTC
hsa-miR-206,RNF213
hsa-miR-206,ZNF24
hsa-miR-206,TGIF1
hsa-miR-206,AP3D1
hsa-miR-206,JUND
hsa-miR-206,TPM4
hsa-miR-206,YWHAQ
hsa-miR-206,CALM2
hsa-miR-206,STARD7
hsa-miR-206,HSPD1
hsa-miR-206,FN1
hsa-miR-206,NCL
hsa-miR-206,C2orf69
hsa-miR-206,PTMA
hsa-miR-206,SEPTIN2
hsa-miR-206,RRBP1
hsa-miR-206,BLCAP
hsa-miR-206,PREX1
hsa-miR-206,ZBTB21
hsa-miR-206,MAPK1
hsa-miR-206,DDX17
hsa-miR-206,TIMP3
hsa-miR-206,NUP50
hsa-miR-206,HIGD1A
hsa-miR-206,SMARCC1
hsa-miR-206,ARF4
hsa-miR-206,FOXP1
hsa-miR-206,TMCC1
hsa-miR-206,PFN2
hsa-miR-206,SERP1
hsa-miR-206,FNDC3B
hsa-miR-206,DHX15
hsa-miR-206,CLCN3
hsa-miR-206,IL6ST
hsa-miR-206,RNF44
hsa-miR-206,C5orf51
hsa-miR-206,KIF2A
hsa-miR-206,TNPO1
hsa-miR-206,CD164
hsa-miR-206,CITED2
hsa-miR-206,JARID2
hsa-miR-206,GJA1
hsa-miR-206,ACTB
hsa-miR-206,SRI
hsa-miR-206,GLCCI1
hsa-miR-206,ANKIB1
hsa-miR-206,RAB11FIP1
hsa-miR-206,SFRP1
hsa-miR-206,KAT6A
hsa-miR-206,BAG4
hsa-miR-206,RNF38
hsa-miR-206,HNRNPK
hsa-miR-206,ANP32B
hsa-miR-206,KLHL15
hsa-miR-206,G6PD
hsa-miR-206,TMSB4X
hsa-miR-208a-3p,MTF2
hsa-miR-208a-3p,FZD8
hsa-miR-208a-3p,EIF4G2
hsa-miR-208a-3p,ETS1
hsa-miR-208a-3p,SOX5
hsa-miR-208a-3p,TMBIM6
hsa-miR-208a-3p,FNDC3A
hsa-miR-208a-3p,FOXG1
hsa-miR-208a-3p,SECISBP2L
hsa-miR-208a-3p,CHD9
hsa-miR-208a-3p,RAB5C
hsa-miR-208a-3p,EIF4A2
hsa-miR-208a-3p,H2AZ1
hsa-miR-208a-3p,ZSWIM6
hsa-miR-208a-3p,APC
hsa-miR-208a-3p,NPM1
hsa-miR-208a-3p,SOX4
hsa-miR-208a-3p,QKI
hsa-miR-208a-3p,STC1
hsa-miR-208a-3p,UBE2V2
hsa-miR-208b-3p,MTF2
hsa-miR-208b-3p,FZD8
hsa-miR-208b-3p,EIF4G2
hsa-miR-208b-3p,ETS1
hsa-miR-208b-3p,SOX5
hsa-miR-208b-3p,TMBIM6
hsa-miR-208b-3p,FNDC3A
hsa-miR-208b-3p,FOXG1
hsa-miR-208b-3p,SECISBP2L
hsa-miR-208b-3p,RAB5C
hsa-miR-208b-3p,MED13
hsa-miR-208b-3p,EIF4A2
hsa-miR-208b-3p,H2AZ1
hsa-miR-208b-3p,ZSWIM6
hsa-miR-208b-3p,APC
hsa-miR-208b-3p,NPM1
hsa-miR-208b-3p,SOX4
hsa-miR-208b-3p,QKI
hsa-miR-208b-3p,STC1
hsa-miR-208b-3p,UBE2V2
hsa-miR-20a-5p,HP1BP3
hsa-miR-20a-5p,RSRP1
hsa-miR-20a-5p,RPA2
hsa-miR-20a-5p,MTF1
hsa-miR-20a-5p,FOXJ3
hsa-miR-20a-5p,EFCAB14
hsa-miR-20a-5p,JAK1
hsa-miR-20a-5p,ANKRD13C
hsa-miR-20a-5p,SSX2IP
hsa-miR-20a-5p,F3
hsa-miR-20a-5p,RHOC
hsa-miR-20a-5p,TXNIP
hsa-miR-20a-5p,ADAR
hsa-miR-20a-5p,DCAF8
hsa-miR-20a-5p,AL139011.2
hsa-miR-20a-5p,DEDD
hsa-miR-20a-5p,STX6
hsa-miR-20a-5p,NIBAN1
hsa-miR-20a-5p,PPP1R15B
hsa-miR-20a-5p,DSTYK
hsa-miR-20a-5p,SLC41A1
hsa-miR-20a-5p,YOD1
hsa-miR-20a-5p,LPGAT1
hsa-miR-20a-5p,ITPKB
hsa-miR-20a-5p,ARID4B
hsa-miR-20a-5p,AHCTF1
hsa-miR-20a-5p,SKI
hsa-miR-20a-5p,TPRG1L
hsa-miR-20a-5p,CAMTA1
hsa-miR-20a-5p,MFN2
hsa-miR-20a-5p,PRDM2
hsa-miR-20a-5p,NBL1
hsa-miR-20a-5p,OTUD3
hsa-miR-20a-5p,ELOA
hsa-miR-20a-5p,SESN2
hsa-miR-20a-5p,TXLNA
hsa-miR-20a-5p,KIAA1522
hsa-miR-20a-5p,CMPK1
hsa-miR-20a-5p,ZFYVE9
hsa-miR-20a-5p,PKN2
hsa-miR-20a-5p,FNBP1L
hsa-miR-20a-5p,MFSD14A
hsa-miR-20a-5p,AC118553.2
hsa-miR-20a-5p,S1PR1
hsa-miR-20a-5p,CELSR2
hsa-miR-20a-5p,VANGL1
hsa-miR-20a-5p,PTGFRN
hsa-miR-20a-5p,SUCO
hsa-miR-20a-5p,KLHL20
hsa-miR-20a-5p,ZBTB37
hsa-miR-20a-5p,RGL1
hsa-miR-20a-5p,BTG2
hsa-miR-20a-5p,FBXO28
hsa-miR-20a-5p,GPR137B
hsa-miR-20a-5p,ZBTB18
hsa-miR-20a-5p,FRMD4A
hsa-miR-20a-5p,PIP4K2A
hsa-miR-20a-5p,ACBD5
hsa-miR-20a-5p,ARHGAP12
hsa-miR-20a-5p,RUFY2
hsa-miR-20a-5p,SH3PXD2A
hsa-miR-20a-5p,PFKP
hsa-miR-20a-5p,OTUD1
hsa-miR-20a-5p,MASTL
hsa-miR-20a-5p,WAC
hsa-miR-20a-5p,BAMBI
hsa-miR-20a-5p,REEP3
hsa-miR-20a-5p,PTEN
hsa-miR-20a-5p,HECTD2
hsa-miR-20a-5p,TNKS2
hsa-miR-20a-5p,GBF1
hsa-miR-20a-5p,SLK
hsa-miR-20a-5p,SHOC2
hsa-miR-20a-5p,FAM160B1
hsa-miR-20a-5p,ZRANB1
hsa-miR-20a-5p,TOLLIP
hsa-miR-20a-5p,EIF4G2
hsa-miR-20a-5p,TSG101
hsa-miR-20a-5p,UEVLD
hsa-miR-20a-5p,FNBP4
hsa-miR-20a-5p,TNKS1BP1
hsa-miR-20a-5p,AHNAK
hsa-miR-20a-5p,ATL3
hsa-miR-20a-5p,SLC29A2
hsa-miR-20a-5p,KMT5B
hsa-miR-20a-5p,SHANK2
hsa-miR-20a-5p,LAMTOR1
hsa-miR-20a-5p,PGM2L1
hsa-miR-20a-5p,TMEM123
hsa-miR-20a-5p,NPAT
hsa-miR-20a-5p,HSPA8
hsa-miR-20a-5p,ZNF202
hsa-miR-20a-5p,IPO7
hsa-miR-20a-5p,WEE1
hsa-miR-20a-5p,PDE3B
hsa-miR-20a-5p,NAV2
hsa-miR-20a-5p,PRRG4
hsa-miR-20a-5p,CRY2
hsa-miR-20a-5p,ZFP91
hsa-miR-20a-5p,KDM2A
hsa-miR-20a-5p,PPP6R3
hsa-miR-20a-5p,CCND1
hsa-miR-20a-5p,EMSY
hsa-miR-20a-5p,TSKU
hsa-miR-20a-5p,DDIAS
hsa-miR-20a-5p,ZC3H12C
hsa-miR-20a-5p,PAFAH1B2
hsa-miR-20a-5p,TBCEL
hsa-miR-20a-5p,M6PR
hsa-miR-20a-5p,CAPRIN2
hsa-miR-20a-5p,DENND5B
hsa-miR-20a-5p,LIMA1
hsa-miR-20a-5p,ANKRD52
hsa-miR-20a-5p,GNS
hsa-miR-20a-5p,ARL1
hsa-miR-20a-5p,GIT2
hsa-miR-20a-5p,TBX3
hsa-miR-20a-5p,TAOK3
hsa-miR-20a-5p,UBC
hsa-miR-20a-5p,WNK1
hsa-miR-20a-5p,ADIPOR2
hsa-miR-20a-5p,TSPAN9
hsa-miR-20a-5p,CCND2
hsa-miR-20a-5p,FOXJ2
hsa-miR-20a-5p,FGD4
hsa-miR-20a-5p,ANO6
hsa-miR-20a-5p,TMBIM6
hsa-miR-20a-5p,DAZAP2
hsa-miR-20a-5p,GDF11
hsa-miR-20a-5p,RAB5B
hsa-miR-20a-5p,ERBB3
hsa-miR-20a-5p,HMGA2
hsa-miR-20a-5p,FRS2
hsa-miR-20a-5p,RAB21
hsa-miR-20a-5p,ELK3
hsa-miR-20a-5p,ULK1
hsa-miR-20a-5p,SACS
hsa-miR-20a-5p,KATNAL1
hsa-miR-20a-5p,KPNA3
hsa-miR-20a-5p,FBXL3
hsa-miR-20a-5p,LRCH1
hsa-miR-20a-5p,LAMP1
hsa-miR-20a-5p,EGLN3
hsa-miR-20a-5p,CFL2
hsa-miR-20a-5p,FOXA1
hsa-miR-20a-5p,KLHL28
hsa-miR-20a-5p,NIN
hsa-miR-20a-5p,ZFYVE26
hsa-miR-20a-5p,MAP3K9
hsa-miR-20a-5p,BTBD7
hsa-miR-20a-5p,ATG2B
hsa-miR-20a-5p,BCL2L2
hsa-miR-20a-5p,IRF9
hsa-miR-20a-5p,BRMS1L
hsa-miR-20a-5p,FRMD6
hsa-miR-20a-5p,STYX
hsa-miR-20a-5p,PPM1A
hsa-miR-20a-5p,HIF1A
hsa-miR-20a-5p,SUSD6
hsa-miR-20a-5p,SMOC1
hsa-miR-20a-5p,TTC9
hsa-miR-20a-5p,BNIP2
hsa-miR-20a-5p,SEMA7A
hsa-miR-20a-5p,SCAMP2
hsa-miR-20a-5p,FAM219B
hsa-miR-20a-5p,SPRED1
hsa-miR-20a-5p,CTDSPL2
hsa-miR-20a-5p,RAB8B
hsa-miR-20a-5p,USP3
hsa-miR-20a-5p,SMAD6
hsa-miR-20a-5p,KIF23
hsa-miR-20a-5p,MORF4L1
hsa-miR-20a-5p,FURIN
hsa-miR-20a-5p,UNKL
hsa-miR-20a-5p,PKD1
hsa-miR-20a-5p,USP31
hsa-miR-20a-5p,NETO2
hsa-miR-20a-5p,AKTIP
hsa-miR-20a-5p,CMTR2
hsa-miR-20a-5p,PHLPP2
hsa-miR-20a-5p,MBTPS1
hsa-miR-20a-5p,FBXO31
hsa-miR-20a-5p,CAPN15
hsa-miR-20a-5p,TNRC6A
hsa-miR-20a-5p,TAOK2
hsa-miR-20a-5p,CHD9
hsa-miR-20a-5p,RBL2
hsa-miR-20a-5p,NFAT5
hsa-miR-20a-5p,ATXN1L
hsa-miR-20a-5p,CRK
hsa-miR-20a-5p,ANKFY1
hsa-miR-20a-5p,ZBTB4
hsa-miR-20a-5p,RASD1
hsa-miR-20a-5p,NUFIP2
hsa-miR-20a-5p,SSH2
hsa-miR-20a-5p,STAT3
hsa-miR-20a-5p,EZH1
hsa-miR-20a-5p,ZNF652
hsa-miR-20a-5p,TRIM37
hsa-miR-20a-5p,DDX5
hsa-miR-20a-5p,JPT1
hsa-miR-20a-5p,TIMP2
hsa-miR-20a-5p,PAFAH1B1
hsa-miR-20a-5p,MINK1
hsa-miR-20a-5p,KDM6B
hsa-miR-20a-5p,LASP1
hsa-miR-20a-5p,MSL1
hsa-miR-20a-5p,MAP3K3
hsa-miR-20a-5p,KPNA2
hsa-miR-20a-5p,UNK
hsa-miR-20a-5p,TNRC6C
hsa-miR-20a-5p,FOXK2
hsa-miR-20a-5p,YES1
hsa-miR-20a-5p,SLC39A6
hsa-miR-20a-5p,SMAD7
hsa-miR-20a-5p,TCF4
hsa-miR-20a-5p,TMX3
hsa-miR-20a-5p,RAB12
hsa-miR-20a-5p,NEDD4L
hsa-miR-20a-5p,MIER2
hsa-miR-20a-5p,MEX3D
hsa-miR-20a-5p,MKNK2
hsa-miR-20a-5p,ZBTB7A
hsa-miR-20a-5p,HAUS8
hsa-miR-20a-5p,STK11
hsa-miR-20a-5p,MIDN
hsa-miR-20a-5p,CHAF1A
hsa-miR-20a-5p,TRIP10
hsa-miR-20a-5p,ARHGEF18
hsa-miR-20a-5p,LDLR
hsa-miR-20a-5p,URI1
hsa-miR-20a-5p,GRAMD1A
hsa-miR-20a-5p,KMT2B
hsa-miR-20a-5p,ROCK2
hsa-miR-20a-5p,LAPTM4A
hsa-miR-20a-5p,COX7A2L
hsa-miR-20a-5p,SERTAD2
hsa-miR-20a-5p,PPP3R1
hsa-miR-20a-5p,TGOLN2
hsa-miR-20a-5p,DUSP2
hsa-miR-20a-5p,TMEM127
hsa-miR-20a-5p,MAP3K2
hsa-miR-20a-5p,SLC40A1
hsa-miR-20a-5p,STK17B
hsa-miR-20a-5p,EPHA4
hsa-miR-20a-5p,KLF11
hsa-miR-20a-5p,RRM2
hsa-miR-20a-5p,UBXN2A
hsa-miR-20a-5p,NRBP1
hsa-miR-20a-5p,CLIP4
hsa-miR-20a-5p,CRIM1
hsa-miR-20a-5p,EPAS1
hsa-miR-20a-5p,TET3
hsa-miR-20a-5p,TCF7L1
hsa-miR-20a-5p,SOWAHC
hsa-miR-20a-5p,PTPN4
hsa-miR-20a-5p,GPD2
hsa-miR-20a-5p,TANC1
hsa-miR-20a-5p,CSRNP3
hsa-miR-20a-5p,CYBRD1
hsa-miR-20a-5p,CDCA7
hsa-miR-20a-5p,PLEKHA3
hsa-miR-20a-5p,NABP1
hsa-miR-20a-5p,C2orf69
hsa-miR-20a-5p,BMPR2
hsa-miR-20a-5p,SEPTIN2
hsa-miR-20a-5p,TBC1D20
hsa-miR-20a-5p,PLAGL2
hsa-miR-20a-5p,E2F1
hsa-miR-20a-5p,RBL1
hsa-miR-20a-5p,PREX1
hsa-miR-20a-5p,ZNFX1
hsa-miR-20a-5p,ZNF217
hsa-miR-20a-5p,ZNF512B
hsa-miR-20a-5p,POFUT1
hsa-miR-20a-5p,KIF3B
hsa-miR-20a-5p,MAPRE1
hsa-miR-20a-5p,ITCH
hsa-miR-20a-5p,TTPAL
hsa-miR-20a-5p,CTSA
hsa-miR-20a-5p,NCOA3
hsa-miR-20a-5p,PARD6B
hsa-miR-20a-5p,BTG3
hsa-miR-20a-5p,APP
hsa-miR-20a-5p,RUNX1
hsa-miR-20a-5p,BRWD1
hsa-miR-20a-5p,C2CD2
hsa-miR-20a-5p,SIK1
hsa-miR-20a-5p,DYRK1A
hsa-miR-20a-5p,PRR14L
hsa-miR-20a-5p,ATP2B2
hsa-miR-20a-5p,IQSEC1
hsa-miR-20a-5p,NKIRAS1
hsa-miR-20a-5p,FYCO1
hsa-miR-20a-5p,TUSC2
hsa-miR-20a-5p,RYBP
hsa-miR-20a-5p,DCBLD2
hsa-miR-20a-5p,POLQ
hsa-miR-20a-5p,HEG1
hsa-miR-20a-5p,ZNF148
hsa-miR-20a-5p,XRN1
hsa-miR-20a-5p,PLSCR4
hsa-miR-20a-5p,PFN2
hsa-miR-20a-5p,KPNA4
hsa-miR-20a-5p,NCEH1
hsa-miR-20a-5p,NR2C2
hsa-miR-20a-5p,TGFBR2
hsa-miR-20a-5p,ZBTB47
hsa-miR-20a-5p,ABHD5
hsa-miR-20a-5p,NBEAL2
hsa-miR-20a-5p,C3orf38
hsa-miR-20a-5p,CRYBG3
hsa-miR-20a-5p,CEP97
hsa-miR-20a-5p,BBX
hsa-miR-20a-5p,PLXNA1
hsa-miR-20a-5p,SLC25A36
hsa-miR-20a-5p,PXYLP1
hsa-miR-20a-5p,PLS1
hsa-miR-20a-5p,U2SURP
hsa-miR-20a-5p,TSC22D2
hsa-miR-20a-5p,FXR1
hsa-miR-20a-5p,IL1RAP
hsa-miR-20a-5p,FBXL5
hsa-miR-20a-5p,PDS5A
hsa-miR-20a-5p,CLOCK
hsa-miR-20a-5p,CNOT6L
hsa-miR-20a-5p,WDFY3
hsa-miR-20a-5p,FAM13A
hsa-miR-20a-5p,TBC1D9
hsa-miR-20a-5p,OTUD4
hsa-miR-20a-5p,KLF3
hsa-miR-20a-5p,SLAIN2
hsa-miR-20a-5p,RASL11B
hsa-miR-20a-5p,CXCL8
hsa-miR-20a-5p,EREG
hsa-miR-20a-5p,CCNG2
hsa-miR-20a-5p,PKD2
hsa-miR-20a-5p,GAB1
hsa-miR-20a-5p,KLHL2
hsa-miR-20a-5p,MSMO1
hsa-miR-20a-5p,PALLD
hsa-miR-20a-5p,ANKH
hsa-miR-20a-5p,DAB2
hsa-miR-20a-5p,SGTB
hsa-miR-20a-5p,TMEM167A
hsa-miR-20a-5p,FEM1C
hsa-miR-20a-5p,CEP120
hsa-miR-20a-5p,SAR1B
hsa-miR-20a-5p,RNF145
hsa-miR-20a-5p,PANK3
hsa-miR-20a-5p,AHRR
hsa-miR-20a-5p,PDCD6-AHRR
hsa-miR-20a-5p,MARCHF6
hsa-miR-20a-5p,MAP3K1
hsa-miR-20a-5p,FCHO2
hsa-miR-20a-5p,POLR3G
hsa-miR-20a-5p,RGMB
hsa-miR-20a-5p,SMAD5
hsa-miR-20a-5p,PURA
hsa-miR-20a-5p,NPM1
hsa-miR-20a-5p,CREBRF
hsa-miR-20a-5p,SQSTM1
hsa-miR-20a-5p,SLC22A23
hsa-miR-20a-5p,STK38
hsa-miR-20a-5p,ENPP5
hsa-miR-20a-5p,TNFRSF21
hsa-miR-20a-5p,PHIP
hsa-miR-20a-5p,RRAGD
hsa-miR-20a-5p,OSTM1
hsa-miR-20a-5p,REV3L
hsa-miR-20a-5p,MAP7
hsa-miR-20a-5p,SOX4
hsa-miR-20a-5p,CDKN1A
hsa-miR-20a-5p,VEGFA
hsa-miR-20a-5p,CENPQ
hsa-miR-20a-5p,SOBP
hsa-miR-20a-5p,ASF1A
hsa-miR-20a-5p,GJA1
hsa-miR-20a-5p,HECA
hsa-miR-20a-5p,SASH1
hsa-miR-20a-5p,SNX9
hsa-miR-20a-5p,QKI
hsa-miR-20a-5p,C6orf120
hsa-miR-20a-5p,PURB
hsa-miR-20a-5p,PON2
hsa-miR-20a-5p,MAP11
hsa-miR-20a-5p,GIGYF1
hsa-miR-20a-5p,CCDC71L
hsa-miR-20a-5p,BMT2
hsa-miR-20a-5p,FAM3C
hsa-miR-20a-5p,ZNF800
hsa-miR-20a-5p,MKRN1
hsa-miR-20a-5p,FASTK
hsa-miR-20a-5p,ARL4A
hsa-miR-20a-5p,ITGB8
hsa-miR-20a-5p,LIMK1
hsa-miR-20a-5p,PHTF2
hsa-miR-20a-5p,CROT
hsa-miR-20a-5p,ANKIB1
hsa-miR-20a-5p,AGFG2
hsa-miR-20a-5p,HBP1
hsa-miR-20a-5p,DNAJB9
hsa-miR-20a-5p,CALD1
hsa-miR-20a-5p,UBE3C
hsa-miR-20a-5p,PPP1R3B
hsa-miR-20a-5p,RAB11FIP1
hsa-miR-20a-5p,PCMTD1
hsa-miR-20a-5p,RB1CC1
hsa-miR-20a-5p,PLAG1
hsa-miR-20a-5p,UBE2W
hsa-miR-20a-5p,SNX16
hsa-miR-20a-5p,TMEM64
hsa-miR-20a-5p,TP53INP1
hsa-miR-20a-5p,UBR5
hsa-miR-20a-5p,KLF10
hsa-miR-20a-5p,ATAD2
hsa-miR-20a-5p,SLC7A2
hsa-miR-20a-5p,PPP2R2A
hsa-miR-20a-5p,BNIP3L
hsa-miR-20a-5p,DPYSL2
hsa-miR-20a-5p,MAK16
hsa-miR-20a-5p,ADAM9
hsa-miR-20a-5p,YTHDF3
hsa-miR-20a-5p,SDC2
hsa-miR-20a-5p,NFIB
hsa-miR-20a-5p,RNF38
hsa-miR-20a-5p,BICD2
hsa-miR-20a-5p,ZNF367
hsa-miR-20a-5p,ABCA1
hsa-miR-20a-5p,TMEM245
hsa-miR-20a-5p,PPP6C
hsa-miR-20a-5p,FAM102A
hsa-miR-20a-5p,VLDLR
hsa-miR-20a-5p,ZBTB43
hsa-miR-20a-5p,RBBP7
hsa-miR-20a-5p,SCML2
hsa-miR-20a-5p,KLHL15
hsa-miR-20a-5p,ACSL4
hsa-miR-20a-5p,ZDHHC9
hsa-miR-20a-5p,RAP2C
hsa-miR-20a-5p,SYAP1
hsa-miR-20a-5p,PRRG1
hsa-miR-20a-5p,ZBTB33
hsa-miR-20b-5p,HP1BP3
hsa-miR-20b-5p,RSRP1
hsa-miR-20b-5p,RPA2
hsa-miR-20b-5p,MTF1
hsa-miR-20b-5p,FOXJ3
hsa-miR-20b-5p,EFCAB14
hsa-miR-20b-5p,JAK1
hsa-miR-20b-5p,ANKRD13C
hsa-miR-20b-5p,SSX2IP
hsa-miR-20b-5p,F3
hsa-miR-20b-5p,RHOC
hsa-miR-20b-5p,TXNIP
hsa-miR-20b-5p,ADAR
hsa-miR-20b-5p,DEDD
hsa-miR-20b-5p,STX6
hsa-miR-20b-5p,NIBAN1
hsa-miR-20b-5p,PPP1R15B
hsa-miR-20b-5p,SLC41A1
hsa-miR-20b-5p,YOD1
hsa-miR-20b-5p,LPGAT1
hsa-miR-20b-5p,ITPKB
hsa-miR-20b-5p,ARID4B
hsa-miR-20b-5p,AKT3
hsa-miR-20b-5p,SKI
hsa-miR-20b-5p,TPRG1L
hsa-miR-20b-5p,CAMTA1
hsa-miR-20b-5p,MFN2
hsa-miR-20b-5p,PRDM2
hsa-miR-20b-5p,NBL1
hsa-miR-20b-5p,OTUD3
hsa-miR-20b-5p,ELOA
hsa-miR-20b-5p,SESN2
hsa-miR-20b-5p,TXLNA
hsa-miR-20b-5p,KIAA1522
hsa-miR-20b-5p,CMPK1
hsa-miR-20b-5p,ZFYVE9
hsa-miR-20b-5p,PKN2
hsa-miR-20b-5p,FNBP1L
hsa-miR-20b-5p,MFSD14A
hsa-miR-20b-5p,AC118553.2
hsa-miR-20b-5p,S1PR1
hsa-miR-20b-5p,CELSR2
hsa-miR-20b-5p,VANGL1
hsa-miR-20b-5p,PTGFRN
hsa-miR-20b-5p,SUCO
hsa-miR-20b-5p,KLHL20
hsa-miR-20b-5p,ZBTB37
hsa-miR-20b-5p,RGL1
hsa-miR-20b-5p,BTG2
hsa-miR-20b-5p,FBXO28
hsa-miR-20b-5p,GPR137B
hsa-miR-20b-5p,ZBTB18
hsa-miR-20b-5p,PIP4K2A
hsa-miR-20b-5p,ACBD5
hsa-miR-20b-5p,ARHGAP12
hsa-miR-20b-5p,RUFY2
hsa-miR-20b-5p,SH3PXD2A
hsa-miR-20b-5p,PFKP
hsa-miR-20b-5p,OTUD1
hsa-miR-20b-5p,MASTL
hsa-miR-20b-5p,WAC
hsa-miR-20b-5p,BAMBI
hsa-miR-20b-5p,REEP3
hsa-miR-20b-5p,PTEN
hsa-miR-20b-5p,HECTD2
hsa-miR-20b-5p,TNKS2
hsa-miR-20b-5p,SLK
hsa-miR-20b-5p,SHOC2
hsa-miR-20b-5p,FAM160B1
hsa-miR-20b-5p,TOLLIP
hsa-miR-20b-5p,TSG101
hsa-miR-20b-5p,UEVLD
hsa-miR-20b-5p,FNBP4
hsa-miR-20b-5p,TNKS1BP1
hsa-miR-20b-5p,AHNAK
hsa-miR-20b-5p,ATL3
hsa-miR-20b-5p,SLC29A2
hsa-miR-20b-5p,KMT5B
hsa-miR-20b-5p,SHANK2
hsa-miR-20b-5p,LAMTOR1
hsa-miR-20b-5p,PGM2L1
hsa-miR-20b-5p,TMEM123
hsa-miR-20b-5p,NPAT
hsa-miR-20b-5p,HSPA8
hsa-miR-20b-5p,ZNF202
hsa-miR-20b-5p,IPO7
hsa-miR-20b-5p,WEE1
hsa-miR-20b-5p,NAV2
hsa-miR-20b-5p,PRRG4
hsa-miR-20b-5p,CRY2
hsa-miR-20b-5p,ZFP91
hsa-miR-20b-5p,KDM2A
hsa-miR-20b-5p,PPP6R3
hsa-miR-20b-5p,CCND1
hsa-miR-20b-5p,EMSY
hsa-miR-20b-5p,TSKU
hsa-miR-20b-5p,DDIAS
hsa-miR-20b-5p,ZC3H12C
hsa-miR-20b-5p,PAFAH1B2
hsa-miR-20b-5p,M6PR
hsa-miR-20b-5p,CAPRIN2
hsa-miR-20b-5p,DENND5B
hsa-miR-20b-5p,LIMA1
hsa-miR-20b-5p,ANKRD52
hsa-miR-20b-5p,GNS
hsa-miR-20b-5p,ARL1
hsa-miR-20b-5p,GIT2
hsa-miR-20b-5p,TBX3
hsa-miR-20b-5p,TAOK3
hsa-miR-20b-5p,UBC
hsa-miR-20b-5p,WNK1
hsa-miR-20b-5p,ADIPOR2
hsa-miR-20b-5p,TSPAN9
hsa-miR-20b-5p,CCND2
hsa-miR-20b-5p,ANO6
hsa-miR-20b-5p,TMBIM6
hsa-miR-20b-5p,DAZAP2
hsa-miR-20b-5p,GDF11
hsa-miR-20b-5p,RAB5B
hsa-miR-20b-5p,ERBB3
hsa-miR-20b-5p,HMGA2
hsa-miR-20b-5p,FRS2
hsa-miR-20b-5p,RAB21
hsa-miR-20b-5p,ELK3
hsa-miR-20b-5p,ULK1
hsa-miR-20b-5p,SACS
hsa-miR-20b-5p,KATNAL1
hsa-miR-20b-5p,KPNA3
hsa-miR-20b-5p,FBXL3
hsa-miR-20b-5p,LRCH1
hsa-miR-20b-5p,LAMP1
hsa-miR-20b-5p,EGLN3
hsa-miR-20b-5p,CFL2
hsa-miR-20b-5p,FOXA1
hsa-miR-20b-5p,KLHL28
hsa-miR-20b-5p,NIN
hsa-miR-20b-5p,ZFYVE26
hsa-miR-20b-5p,MAP3K9
hsa-miR-20b-5p,BTBD7
hsa-miR-20b-5p,ATG2B
hsa-miR-20b-5p,BCL2L2
hsa-miR-20b-5p,IRF9
hsa-miR-20b-5p,BRMS1L
hsa-miR-20b-5p,FRMD6
hsa-miR-20b-5p,STYX
hsa-miR-20b-5p,PPM1A
hsa-miR-20b-5p,HIF1A
hsa-miR-20b-5p,SUSD6
hsa-miR-20b-5p,SMOC1
hsa-miR-20b-5p,TTC9
hsa-miR-20b-5p,BNIP2
hsa-miR-20b-5p,SEMA7A
hsa-miR-20b-5p,SCAMP2
hsa-miR-20b-5p,SPRED1
hsa-miR-20b-5p,CTDSPL2
hsa-miR-20b-5p,RAB8B
hsa-miR-20b-5p,USP3
hsa-miR-20b-5p,SMAD6
hsa-miR-20b-5p,KIF23
hsa-miR-20b-5p,MORF4L1
hsa-miR-20b-5p,UNKL
hsa-miR-20b-5p,PKD1
hsa-miR-20b-5p,USP31
hsa-miR-20b-5p,NETO2
hsa-miR-20b-5p,AKTIP
hsa-miR-20b-5p,CMTR2
hsa-miR-20b-5p,PHLPP2
hsa-miR-20b-5p,MBTPS1
hsa-miR-20b-5p,FBXO31
hsa-miR-20b-5p,CAPN15
hsa-miR-20b-5p,TNRC6A
hsa-miR-20b-5p,TAOK2
hsa-miR-20b-5p,CHD9
hsa-miR-20b-5p,RBL2
hsa-miR-20b-5p,NFAT5
hsa-miR-20b-5p,ATXN1L
hsa-miR-20b-5p,CRK
hsa-miR-20b-5p,ANKFY1
hsa-miR-20b-5p,ZBTB4
hsa-miR-20b-5p,RASD1
hsa-miR-20b-5p,NUFIP2
hsa-miR-20b-5p,SSH2
hsa-miR-20b-5p,STAT3
hsa-miR-20b-5p,EZH1
hsa-miR-20b-5p,ZNF652
hsa-miR-20b-5p,DDX5
hsa-miR-20b-5p,JPT1
hsa-miR-20b-5p,TIMP2
hsa-miR-20b-5p,PAFAH1B1
hsa-miR-20b-5p,MINK1
hsa-miR-20b-5p,KDM6B
hsa-miR-20b-5p,LASP1
hsa-miR-20b-5p,MSL1
hsa-miR-20b-5p,MAP3K3
hsa-miR-20b-5p,KPNA2
hsa-miR-20b-5p,UNK
hsa-miR-20b-5p,TNRC6C
hsa-miR-20b-5p,FOXK2
hsa-miR-20b-5p,YES1
hsa-miR-20b-5p,SLC39A6
hsa-miR-20b-5p,SMAD7
hsa-miR-20b-5p,TCF4
hsa-miR-20b-5p,TMX3
hsa-miR-20b-5p,RAB12
hsa-miR-20b-5p,NEDD4L
hsa-miR-20b-5p,MIER2
hsa-miR-20b-5p,MEX3D
hsa-miR-20b-5p,MKNK2
hsa-miR-20b-5p,ZBTB7A
hsa-miR-20b-5p,HAUS8
hsa-miR-20b-5p,STK11
hsa-miR-20b-5p,MIDN
hsa-miR-20b-5p,CHAF1A
hsa-miR-20b-5p,TRIP10
hsa-miR-20b-5p,ARHGEF18
hsa-miR-20b-5p,LDLR
hsa-miR-20b-5p,URI1
hsa-miR-20b-5p,GRAMD1A
hsa-miR-20b-5p,KMT2B
hsa-miR-20b-5p,ROCK2
hsa-miR-20b-5p,LAPTM4A
hsa-miR-20b-5p,COX7A2L
hsa-miR-20b-5p,SERTAD2
hsa-miR-20b-5p,PPP3R1
hsa-miR-20b-5p,TGOLN2
hsa-miR-20b-5p,DUSP2
hsa-miR-20b-5p,TMEM127
hsa-miR-20b-5p,MAP3K2
hsa-miR-20b-5p,SLC40A1
hsa-miR-20b-5p,STK17B
hsa-miR-20b-5p,EPHA4
hsa-miR-20b-5p,KLF11
hsa-miR-20b-5p,RRM2
hsa-miR-20b-5p,UBXN2A
hsa-miR-20b-5p,NRBP1
hsa-miR-20b-5p,CLIP4
hsa-miR-20b-5p,CRIM1
hsa-miR-20b-5p,EPAS1
hsa-miR-20b-5p,TET3
hsa-miR-20b-5p,TCF7L1
hsa-miR-20b-5p,SOWAHC
hsa-miR-20b-5p,PTPN4
hsa-miR-20b-5p,TANC1
hsa-miR-20b-5p,CSRNP3
hsa-miR-20b-5p,CYBRD1
hsa-miR-20b-5p,PLEKHA3
hsa-miR-20b-5p,NABP1
hsa-miR-20b-5p,C2orf69
hsa-miR-20b-5p,BMPR2
hsa-miR-20b-5p,SEPTIN2
hsa-miR-20b-5p,TBC1D20
hsa-miR-20b-5p,PLAGL2
hsa-miR-20b-5p,E2F1
hsa-miR-20b-5p,PREX1
hsa-miR-20b-5p,ZNFX1
hsa-miR-20b-5p,ZNF217
hsa-miR-20b-5p,ZNF512B
hsa-miR-20b-5p,POFUT1
hsa-miR-20b-5p,KIF3B
hsa-miR-20b-5p,MAPRE1
hsa-miR-20b-5p,ITCH
hsa-miR-20b-5p,TTPAL
hsa-miR-20b-5p,CTSA
hsa-miR-20b-5p,NCOA3
hsa-miR-20b-5p,PARD6B
hsa-miR-20b-5p,BTG3
hsa-miR-20b-5p,APP
hsa-miR-20b-5p,RUNX1
hsa-miR-20b-5p,BRWD1
hsa-miR-20b-5p,C2CD2
hsa-miR-20b-5p,SIK1
hsa-miR-20b-5p,DYRK1A
hsa-miR-20b-5p,PRR14L
hsa-miR-20b-5p,IQSEC1
hsa-miR-20b-5p,NKIRAS1
hsa-miR-20b-5p,FYCO1
hsa-miR-20b-5p,TUSC2
hsa-miR-20b-5p,RYBP
hsa-miR-20b-5p,DCBLD2
hsa-miR-20b-5p,POLQ
hsa-miR-20b-5p,HEG1
hsa-miR-20b-5p,ZNF148
hsa-miR-20b-5p,PLSCR4
hsa-miR-20b-5p,PFN2
hsa-miR-20b-5p,NCEH1
hsa-miR-20b-5p,NR2C2
hsa-miR-20b-5p,TGFBR2
hsa-miR-20b-5p,ZBTB47
hsa-miR-20b-5p,ABHD5
hsa-miR-20b-5p,NBEAL2
hsa-miR-20b-5p,C3orf38
hsa-miR-20b-5p,CRYBG3
hsa-miR-20b-5p,CEP97
hsa-miR-20b-5p,BBX
hsa-miR-20b-5p,PLXNA1
hsa-miR-20b-5p,SLC25A36
hsa-miR-20b-5p,PXYLP1
hsa-miR-20b-5p,U2SURP
hsa-miR-20b-5p,TSC22D2
hsa-miR-20b-5p,FXR1
hsa-miR-20b-5p,IL1RAP
hsa-miR-20b-5p,FBXL5
hsa-miR-20b-5p,PDS5A
hsa-miR-20b-5p,CLOCK
hsa-miR-20b-5p,CNOT6L
hsa-miR-20b-5p,WDFY3
hsa-miR-20b-5p,FAM13A
hsa-miR-20b-5p,TBC1D9
hsa-miR-20b-5p,OTUD4
hsa-miR-20b-5p,KLF3
hsa-miR-20b-5p,SLAIN2
hsa-miR-20b-5p,RASL11B
hsa-miR-20b-5p,CXCL8
hsa-miR-20b-5p,EREG
hsa-miR-20b-5p,CCNG2
hsa-miR-20b-5p,PKD2
hsa-miR-20b-5p,GAB1
hsa-miR-20b-5p,KLHL2
hsa-miR-20b-5p,MSMO1
hsa-miR-20b-5p,PALLD
hsa-miR-20b-5p,ANKH
hsa-miR-20b-5p,DAB2
hsa-miR-20b-5p,SGTB
hsa-miR-20b-5p,TMEM167A
hsa-miR-20b-5p,FEM1C
hsa-miR-20b-5p,CEP120
hsa-miR-20b-5p,SAR1B
hsa-miR-20b-5p,RNF145
hsa-miR-20b-5p,PANK3
hsa-miR-20b-5p,AHRR
hsa-miR-20b-5p,PDCD6-AHRR
hsa-miR-20b-5p,MARCHF6
hsa-miR-20b-5p,MAP3K1
hsa-miR-20b-5p,FCHO2
hsa-miR-20b-5p,POLR3G
hsa-miR-20b-5p,RGMB
hsa-miR-20b-5p,SMAD5
hsa-miR-20b-5p,PURA
hsa-miR-20b-5p,NPM1
hsa-miR-20b-5p,CREBRF
hsa-miR-20b-5p,SQSTM1
hsa-miR-20b-5p,SLC22A23
hsa-miR-20b-5p,STK38
hsa-miR-20b-5p,ENPP5
hsa-miR-20b-5p,TNFRSF21
hsa-miR-20b-5p,PHIP
hsa-miR-20b-5p,RRAGD
hsa-miR-20b-5p,OSTM1
hsa-miR-20b-5p,REV3L
hsa-miR-20b-5p,MAP7
hsa-miR-20b-5p,SOX4
hsa-miR-20b-5p,CDKN1A
hsa-miR-20b-5p,VEGFA
hsa-miR-20b-5p,CENPQ
hsa-miR-20b-5p,SOBP
hsa-miR-20b-5p,ASF1A
hsa-miR-20b-5p,GJA1
hsa-miR-20b-5p,HECA
hsa-miR-20b-5p,SASH1
hsa-miR-20b-5p,SNX9
hsa-miR-20b-5p,QKI
hsa-miR-20b-5p,C6orf120
hsa-miR-20b-5p,PURB
hsa-miR-20b-5p,PON2
hsa-miR-20b-5p,MAP11
hsa-miR-20b-5p,GIGYF1
hsa-miR-20b-5p,CCDC71L
hsa-miR-20b-5p,BMT2
hsa-miR-20b-5p,FAM3C
hsa-miR-20b-5p,MKRN1
hsa-miR-20b-5p,FASTK
hsa-miR-20b-5p,ARL4A
hsa-miR-20b-5p,ITGB8
hsa-miR-20b-5p,LIMK1
hsa-miR-20b-5p,PHTF2
hsa-miR-20b-5p,CROT
hsa-miR-20b-5p,ANKIB1
hsa-miR-20b-5p,AGFG2
hsa-miR-20b-5p,HBP1
hsa-miR-20b-5p,DNAJB9
hsa-miR-20b-5p,CALD1
hsa-miR-20b-5p,UBE3C
hsa-miR-20b-5p,PPP1R3B
hsa-miR-20b-5p,RAB11FIP1
hsa-miR-20b-5p,PCMTD1
hsa-miR-20b-5p,PLAG1
hsa-miR-20b-5p,UBE2W
hsa-miR-20b-5p,TMEM64
hsa-miR-20b-5p,TP53INP1
hsa-miR-20b-5p,KLF10
hsa-miR-20b-5p,LRP12
hsa-miR-20b-5p,ATAD2
hsa-miR-20b-5p,SLC7A2
hsa-miR-20b-5p,PPP2R2A
hsa-miR-20b-5p,BNIP3L
hsa-miR-20b-5p,DPYSL2
hsa-miR-20b-5p,MAK16
hsa-miR-20b-5p,ADAM9
hsa-miR-20b-5p,YTHDF3
hsa-miR-20b-5p,SDC2
hsa-miR-20b-5p,NFIB
hsa-miR-20b-5p,RNF38
hsa-miR-20b-5p,BICD2
hsa-miR-20b-5p,ZNF367
hsa-miR-20b-5p,ABCA1
hsa-miR-20b-5p,TMEM245
hsa-miR-20b-5p,PPP6C
hsa-miR-20b-5p,FAM102A
hsa-miR-20b-5p,VLDLR
hsa-miR-20b-5p,RBBP7
hsa-miR-20b-5p,SCML2
hsa-miR-20b-5p,KLHL15
hsa-miR-20b-5p,ACSL4
hsa-miR-20b-5p,ZDHHC9
hsa-miR-20b-5p,SYAP1
hsa-miR-20b-5p,PRRG1
hsa-miR-20b-5p,ZBTB33
hsa-miR-21-5p,GATAD2B
hsa-miR-21-5p,YOD1
hsa-miR-21-5p,SKI
hsa-miR-21-5p,BTG2
hsa-miR-21-5p,FBXO28
hsa-miR-21-5p,KLF6
hsa-miR-21-5p,VCL
hsa-miR-21-5p,LCOR
hsa-miR-21-5p,PDCD4
hsa-miR-21-5p,EHD1
hsa-miR-21-5p,RDX
hsa-miR-21-5p,YAP1
hsa-miR-21-5p,SOX5
hsa-miR-21-5p,SMARCD1
hsa-miR-21-5p,FRS2
hsa-miR-21-5p,BCL7A
hsa-miR-21-5p,SPRY2
hsa-miR-21-5p,COL4A1
hsa-miR-21-5p,MINDY2
hsa-miR-21-5p,DNAJA2
hsa-miR-21-5p,RFFL
hsa-miR-21-5p,STAT3
hsa-miR-21-5p,CBX4
hsa-miR-21-5p,ZNF207
hsa-miR-21-5p,FBXO11
hsa-miR-21-5p,RTN4
hsa-miR-21-5p,PELI1
hsa-miR-21-5p,LANCL1
hsa-miR-21-5p,EPHA4
hsa-miR-21-5p,RHOB
hsa-miR-21-5p,CRIM1
hsa-miR-21-5p,PCBP1
hsa-miR-21-5p,RMND5A
hsa-miR-21-5p,CCL20
hsa-miR-21-5p,ADNP
hsa-miR-21-5p,ZCCHC3
hsa-miR-21-5p,TIMP3
hsa-miR-21-5p,CDC25A
hsa-miR-21-5p,PBRM1
hsa-miR-21-5p,TGFBR2
hsa-miR-21-5p,DAG1
hsa-miR-21-5p,MBNL1
hsa-miR-21-5p,MAPK10
hsa-miR-21-5p,PPP3CA
hsa-miR-21-5p,RBPJ
hsa-miR-21-5p,ZSWIM6
hsa-miR-21-5p,PIK3R1
hsa-miR-21-5p,TNPO1
hsa-miR-21-5p,TGFBI
hsa-miR-21-5p,PURA
hsa-miR-21-5p,TENT5A
hsa-miR-21-5p,SESN1
hsa-miR-21-5p,LATS1
hsa-miR-21-5p,SASH1
hsa-miR-21-5p,GLCCI1
hsa-miR-21-5p,PLAG1
hsa-miR-21-5p,ANKRD46
hsa-miR-21-5p,RAD21
hsa-miR-21-5p,AGO2
hsa-miR-21-5p,CHD7
hsa-miR-21-5p,WWP1
hsa-miR-21-5p,NFIB
hsa-miR-21-5p,ZNF367
hsa-miR-21-5p,KLHL15
hsa-miR-210-3p,EFNA3
hsa-miR-210-3p,USP6NL
hsa-miR-210-3p,KMT2D
hsa-miR-210-3p,ISCU
hsa-miR-210-3p,FGFRL1
hsa-miR-210-3p,NDUFA4
hsa-miR-210-3p,MID1IP1
hsa-miR-211-5p,NOTCH2
hsa-miR-211-5p,SHC1
hsa-miR-211-5p,TPRG1L
hsa-miR-211-5p,DNAJB4
hsa-miR-211-5p,B4GAT1
hsa-miR-211-5p,M6PR
hsa-miR-211-5p,CORO1C
hsa-miR-211-5p,PPP1CC
hsa-miR-211-5p,HOXC8
hsa-miR-211-5p,FRS2
hsa-miR-211-5p,LAMP1
hsa-miR-211-5p,MIDEAS
hsa-miR-211-5p,TMOD3
hsa-miR-211-5p,ZFHX3
hsa-miR-211-5p,CBFB
hsa-miR-211-5p,ANKFY1
hsa-miR-211-5p,WSB1
hsa-miR-211-5p,ZBTB7A
hsa-miR-211-5p,DNAJB1
hsa-miR-211-5p,FAM168B
hsa-miR-211-5p,ZNF638
hsa-miR-211-5p,SOWAHC
hsa-miR-211-5p,SERINC3
hsa-miR-211-5p,RAB22A
hsa-miR-211-5p,CPOX
hsa-miR-211-5p,SSR3
hsa-miR-211-5p,EDEM1
hsa-miR-211-5p,MBNL1
hsa-miR-211-5p,PPM1K
hsa-miR-211-5p,MIER3
hsa-miR-211-5p,NR3C1
hsa-miR-211-5p,TFAP2A
hsa-miR-211-5p,THBS2
hsa-miR-211-5p,CREB5
hsa-miR-211-5p,YWHAZ
hsa-miR-211-5p,RAB14
hsa-miR-211-5p,FUBP3
hsa-miR-211-5p,ACSL4
hsa-miR-211-5p,RAP2C
hsa-miR-211-5p,SLITRK4
hsa-miR-211-5p,OGT
hsa-miR-212-3p,HNRNPR
hsa-miR-212-3p,CC2D1B
hsa-miR-212-3p,ZNF644
hsa-miR-212-3p,EXTL2
hsa-miR-212-3p,CSDE1
hsa-miR-212-3p,KDM5B
hsa-miR-212-3p,ARID4B
hsa-miR-212-3p,HNRNPU
hsa-miR-212-3p,CAMTA1
hsa-miR-212-3p,ARID1A
hsa-miR-212-3p,AGO1
hsa-miR-212-3p,AKIRIN1
hsa-miR-212-3p,BTG2
hsa-miR-212-3p,MIA3
hsa-miR-212-3p,FBXO28
hsa-miR-212-3p,ZBTB18
hsa-miR-212-3p,NET1
hsa-miR-212-3p,KDM5A
hsa-miR-212-3p,SOX5
hsa-miR-212-3p,H3-5
hsa-miR-212-3p,OSBPL8
hsa-miR-212-3p,FBXO21
hsa-miR-212-3p,SPPL3
hsa-miR-212-3p,ARID2
hsa-miR-212-3p,LEMD3
hsa-miR-212-3p,HMGA2
hsa-miR-212-3p,HECTD1
hsa-miR-212-3p,SPTSSA
hsa-miR-212-3p,MIDEAS
hsa-miR-212-3p,PAPOLA
hsa-miR-212-3p,BNIP2
hsa-miR-212-3p,ANP32A
hsa-miR-212-3p,RTF1
hsa-miR-212-3p,CTDSPL2
hsa-miR-212-3p,DYNC1LI2
hsa-miR-212-3p,CRK
hsa-miR-212-3p,SSH2
hsa-miR-212-3p,ANKRD40
hsa-miR-212-3p,H3-3B
hsa-miR-212-3p,ZNF207
hsa-miR-212-3p,DYNLL2
hsa-miR-212-3p,SS18
hsa-miR-212-3p,RAB1A
hsa-miR-212-3p,RND3
hsa-miR-212-3p,ACVR1
hsa-miR-212-3p,SLC30A6
hsa-miR-212-3p,LRRFIP1
hsa-miR-212-3p,LZTS3
hsa-miR-212-3p,SLC23A2
hsa-miR-212-3p,RBM12
hsa-miR-212-3p,BRWD1
hsa-miR-212-3p,MAPK1
hsa-miR-212-3p,EP300
hsa-miR-212-3p,SERP1
hsa-miR-212-3p,MECOM
hsa-miR-212-3p,SETD5
hsa-miR-212-3p,RAP2B
hsa-miR-212-3p,FXR1
hsa-miR-212-3p,SLBP
hsa-miR-212-3p,H2AZ1
hsa-miR-212-3p,FBXW7
hsa-miR-212-3p,TADA2B
hsa-miR-212-3p,STIM2
hsa-miR-212-3p,CHD1
hsa-miR-212-3p,NREP
hsa-miR-212-3p,FEM1C
hsa-miR-212-3p,HBEGF
hsa-miR-212-3p,ZSWIM6
hsa-miR-212-3p,RASA1
hsa-miR-212-3p,PAM
hsa-miR-212-3p,SEC24A
hsa-miR-212-3p,EGR1
hsa-miR-212-3p,CCN2
hsa-miR-212-3p,SOX4
hsa-miR-212-3p,CDKN1A
hsa-miR-212-3p,TJAP1
hsa-miR-212-3p,LIN28B
hsa-miR-212-3p,AMD1
hsa-miR-212-3p,PSMA2
hsa-miR-212-3p,AC010132.3
hsa-miR-212-3p,YWHAG
hsa-miR-212-3p,CCDC71L
hsa-miR-212-3p,DOCK4
hsa-miR-212-3p,CALU
hsa-miR-212-3p,PPP2CB
hsa-miR-212-3p,PDE7A
hsa-miR-212-3p,AZIN1
hsa-miR-212-3p,AGO2
hsa-miR-212-3p,E2F5
hsa-miR-212-3p,SEC16A
hsa-miR-215-5p,CLSTN1
hsa-miR-215-5p,KPNA6
hsa-miR-215-5p,SOAT1
hsa-miR-215-5p,WNK1
hsa-miR-215-5p,DICER1
hsa-miR-215-5p,PRKAR1A
hsa-miR-215-5p,NCOA3
hsa-miR-215-5p,PDHB
hsa-miR-215-5p,NAA50
hsa-miR-215-5p,FNDC3B
hsa-miR-215-5p,RICTOR
hsa-miR-215-5p,MFAP3
hsa-miR-215-5p,ZC3HAV1
hsa-miR-215-5p,ARHGEF39
hsa-miR-215-5p,ZBTB34
hsa-miR-215-5p,KLHL15
hsa-miR-216a-5p,MEF2D
hsa-miR-216a-5p,LAMC1
hsa-miR-216a-5p,ZFP91
hsa-miR-216a-5p,BAZ2A
hsa-miR-216a-5p,ZFC3H1
hsa-miR-216a-5p,CUL4A
hsa-miR-216a-5p,RAB11A
hsa-miR-216a-5p,KDM6B
hsa-miR-216a-5p,HS3ST3B1
hsa-miR-216a-5p,RAB1A
hsa-miR-216a-5p,KDM3A
hsa-miR-216a-5p,CCNT2
hsa-miR-216a-5p,GPCPD1
hsa-miR-216a-5p,SPATA2
hsa-miR-216a-5p,MAPRE1
hsa-miR-216a-5p,YWHAB
hsa-miR-216a-5p,NAA50
hsa-miR-216a-5p,TGFBR2
hsa-miR-216a-5p,SKIL
hsa-miR-216a-5p,LPP
hsa-miR-216a-5p,PAK2
hsa-miR-216a-5p,AFP
hsa-miR-216a-5p,GPBP1
hsa-miR-216a-5p,PHAX
hsa-miR-216a-5p,MYLIP
hsa-miR-216a-5p,PNRC1
hsa-miR-216a-5p,UBE2V2
hsa-miR-216a-5p,BEX3
hsa-miR-216b-5p,JUN
hsa-miR-216b-5p,SERBP1
hsa-miR-216b-5p,NUCKS1
hsa-miR-216b-5p,KIF1B
hsa-miR-216b-5p,NFIA
hsa-miR-216b-5p,MDM4
hsa-miR-216b-5p,HELLS
hsa-miR-216b-5p,CCNJ
hsa-miR-216b-5p,CRY2
hsa-miR-216b-5p,BAZ2A
hsa-miR-216b-5p,ZFC3H1
hsa-miR-216b-5p,ETNK1
hsa-miR-216b-5p,RAP1B
hsa-miR-216b-5p,CUL4A
hsa-miR-216b-5p,UBN1
hsa-miR-216b-5p,HS3ST3B1
hsa-miR-216b-5p,RAB1A
hsa-miR-216b-5p,KDM3A
hsa-miR-216b-5p,CCNT2
hsa-miR-216b-5p,HOXD13
hsa-miR-216b-5p,BLCAP
hsa-miR-216b-5p,SPATA2
hsa-miR-216b-5p,YWHAB
hsa-miR-216b-5p,TOB2
hsa-miR-216b-5p,SLC6A6
hsa-miR-216b-5p,MME
hsa-miR-216b-5p,SKIL
hsa-miR-216b-5p,UBE2D3
hsa-miR-216b-5p,AFP
hsa-miR-216b-5p,SAR1B
hsa-miR-216b-5p,GPBP1
hsa-miR-216b-5p,TNPO1
hsa-miR-216b-5p,NFYA
hsa-miR-216b-5p,MARCKS
hsa-miR-216b-5p,PTPN12
hsa-miR-216b-5p,CUX1
hsa-miR-216b-5p,DNAJB9
hsa-miR-216b-5p,UBE2V2
hsa-miR-216b-5p,KLHL15
hsa-miR-216b-5p,BEX3
hsa-miR-217,CCNL2
hsa-miR-217,SFPQ
hsa-miR-217,FOXJ3
hsa-miR-217,SLC19A2
hsa-miR-217,ADSS2
hsa-miR-217,CLIC4
hsa-miR-217,MTF2
hsa-miR-217,ATP1B1
hsa-miR-217,GDI2
hsa-miR-217,CELF2
hsa-miR-217,DKK1
hsa-miR-217,FAU
hsa-miR-217,SLC38A2
hsa-miR-217,KMT2D
hsa-miR-217,NAP1L1
hsa-miR-217,EEA1
hsa-miR-217,HNRNPA1
hsa-miR-217,UBL3
hsa-miR-217,PCDH8
hsa-miR-217,SEL1L
hsa-miR-217,DYNC1LI2
hsa-miR-217,NUFIP2
hsa-miR-217,APPBP2
hsa-miR-217,INTS2
hsa-miR-217,HNRNPUL1
hsa-miR-217,ASAP2
hsa-miR-217,SELENOI
hsa-miR-217,SPOPL
hsa-miR-217,CERS6
hsa-miR-217,HNRNPA3
hsa-miR-217,PIKFYVE
hsa-miR-217,YWHAB
hsa-miR-217,SATB1
hsa-miR-217,ATP6V1A
hsa-miR-217,FXR1
hsa-miR-217,EIF4A2
hsa-miR-217,G3BP2
hsa-miR-217,TET2
hsa-miR-217,MIER3
hsa-miR-217,TMEM167A
hsa-miR-217,REEP5
hsa-miR-217,FEM1C
hsa-miR-217,C5orf15
hsa-miR-217,ZSWIM6
hsa-miR-217,MPC1
hsa-miR-217,PTP4A1
hsa-miR-217,AL135905.2
hsa-miR-217,FOXO3
hsa-miR-217,QKI
hsa-miR-217,HNRNPA2B1
hsa-miR-217,YWHAG
hsa-miR-217,DOCK4
hsa-miR-217,ANLN
hsa-miR-217,SARAF
hsa-miR-217,AZIN1
hsa-miR-217,PGAP4
hsa-miR-217,DNAJA1
hsa-miR-217,PALM2AKAP2
hsa-miR-217,CUL4B
hsa-miR-218-5p,PUM1
hsa-miR-218-5p,OTUD7B
hsa-miR-218-5p,SLC39A1
hsa-miR-218-5p,AL358472.7
hsa-miR-218-5p,KIAA1522
hsa-miR-218-5p,RNF220
hsa-miR-218-5p,BTG2
hsa-miR-218-5p,DESI2
hsa-miR-218-5p,LARP4B
hsa-miR-218-5p,ARL5B
hsa-miR-218-5p,DDX21
hsa-miR-218-5p,GHITM
hsa-miR-218-5p,SHOC2
hsa-miR-218-5p,PIK3C2A
hsa-miR-218-5p,SYT13
hsa-miR-218-5p,DDX6
hsa-miR-218-5p,MED17
hsa-miR-218-5p,AP001273.2
hsa-miR-218-5p,TMEM25
hsa-miR-218-5p,LMO3
hsa-miR-218-5p,SCAF11
hsa-miR-218-5p,PPP1CC
hsa-miR-218-5p,MBD6
hsa-miR-218-5p,INTS6
hsa-miR-218-5p,HNRNPC
hsa-miR-218-5p,ACTN1
hsa-miR-218-5p,ARHGAP5
hsa-miR-218-5p,TMX1
hsa-miR-218-5p,DAAM1
hsa-miR-218-5p,JDP2
hsa-miR-218-5p,RCOR1
hsa-miR-218-5p,ARPP19
hsa-miR-218-5p,ADAM10
hsa-miR-218-5p,MINDY2
hsa-miR-218-5p,GLCE
hsa-miR-218-5p,TSR1
hsa-miR-218-5p,SHMT1
hsa-miR-218-5p,LASP1
hsa-miR-218-5p,RARA
hsa-miR-218-5p,CDH2
hsa-miR-218-5p,LIPG
hsa-miR-218-5p,DAZAP1
hsa-miR-218-5p,NACC1
hsa-miR-218-5p,PUM2
hsa-miR-218-5p,SERTAD2
hsa-miR-218-5p,RAB1A
hsa-miR-218-5p,GFPT1
hsa-miR-218-5p,RNF149
hsa-miR-218-5p,PPP1CB
hsa-miR-218-5p,PKP4
hsa-miR-218-5p,LRIG1
hsa-miR-218-5p,SERP1
hsa-miR-218-5p,SSR3
hsa-miR-218-5p,GNAI2
hsa-miR-218-5p,MBNL1
hsa-miR-218-5p,RBPJ
hsa-miR-218-5p,MIER3
hsa-miR-218-5p,C5orf15
hsa-miR-218-5p,MAN2A1
hsa-miR-218-5p,PAIP2
hsa-miR-218-5p,C6orf62
hsa-miR-218-5p,ELOVL5
hsa-miR-218-5p,BRPF3
hsa-miR-218-5p,PTP4A1
hsa-miR-218-5p,AL135905.2
hsa-miR-218-5p,MARCKS
hsa-miR-218-5p,GJA1
hsa-miR-218-5p,C6orf120
hsa-miR-218-5p,ZKSCAN1
hsa-miR-218-5p,TPD52
hsa-miR-218-5p,YWHAZ
hsa-miR-218-5p,AZIN1
hsa-miR-218-5p,TACC1
hsa-miR-218-5p,GOLGA7
hsa-miR-218-5p,RNF38
hsa-miR-218-5p,KLF9
hsa-miR-218-5p,STXBP1
hsa-miR-218-5p,RPS6KA3
hsa-miR-218-5p,PHF6
hsa-miR-219a-5p,DDAH1
hsa-miR-219a-5p,SHC1
hsa-miR-219a-5p,ZBTB18
hsa-miR-219a-5p,CACUL1
hsa-miR-219a-5p,FNBP4
hsa-miR-219a-5p,WEE1
hsa-miR-219a-5p,GXYLT1
hsa-miR-219a-5p,KMT2D
hsa-miR-219a-5p,ANKRD52
hsa-miR-219a-5p,ARIH1
hsa-miR-219a-5p,FURIN
hsa-miR-219a-5p,RAB12
hsa-miR-219a-5p,KLF16
hsa-miR-219a-5p,DAZAP1
hsa-miR-219a-5p,ATL2
hsa-miR-219a-5p,FZD5
hsa-miR-219a-5p,SPTBN1
hsa-miR-219a-5p,THRB
hsa-miR-219a-5p,RYBP
hsa-miR-219a-5p,GSK3B
hsa-miR-219a-5p,MECOM
hsa-miR-219a-5p,TGFBR2
hsa-miR-219a-5p,SNRK
hsa-miR-219a-5p,KBTBD8
hsa-miR-219a-5p,TSC22D2
hsa-miR-219a-5p,PPP2CA
hsa-miR-219a-5p,CHD7
hsa-miR-219a-5p,GBA2
hsa-miR-219a-5p,VLDLR
hsa-miR-219a-5p,FAM199X
hsa-miR-22-3p,CAMK2N1
hsa-miR-22-3p,ARPC5
hsa-miR-22-3p,PPP1R15B
hsa-miR-22-3p,CLIC4
hsa-miR-22-3p,PDIK1L
hsa-miR-22-3p,CCN1
hsa-miR-22-3p,BCL9
hsa-miR-22-3p,LAMC1
hsa-miR-22-3p,RGS2
hsa-miR-22-3p,FRAT2
hsa-miR-22-3p,DDIT4
hsa-miR-22-3p,PTEN
hsa-miR-22-3p,LIN7C
hsa-miR-22-3p,ZFP91
hsa-miR-22-3p,RPS3
hsa-miR-22-3p,PAFAH1B2
hsa-miR-22-3p,ZBTB39
hsa-miR-22-3p,BTG1
hsa-miR-22-3p,NECAP1
hsa-miR-22-3p,RAB5B
hsa-miR-22-3p,ERBB3
hsa-miR-22-3p,MAX
hsa-miR-22-3p,KHNYN
hsa-miR-22-3p,CIAO2A
hsa-miR-22-3p,EDC3
hsa-miR-22-3p,FBXL19
hsa-miR-22-3p,CHD9
hsa-miR-22-3p,ACLY
hsa-miR-22-3p,CCDC47
hsa-miR-22-3p,H3-3B
hsa-miR-22-3p,KDM6B
hsa-miR-22-3p,FTL
hsa-miR-22-3p,MTHFD2
hsa-miR-22-3p,MAT2A
hsa-miR-22-3p,KDM3A
hsa-miR-22-3p,FMNL2
hsa-miR-22-3p,COPS7B
hsa-miR-22-3p,NAA20
hsa-miR-22-3p,PTPN1
hsa-miR-22-3p,LGALS1
hsa-miR-22-3p,WDR82
hsa-miR-22-3p,SNRK
hsa-miR-22-3p,NR3C1
hsa-miR-22-3p,C5orf24
hsa-miR-22-3p,WRNIP1
hsa-miR-22-3p,LRRC1
hsa-miR-22-3p,NUS1
hsa-miR-22-3p,CYTH3
hsa-miR-22-3p,HERPUD2
hsa-miR-22-3p,PURB
hsa-miR-22-3p,CEBPD
hsa-miR-22-3p,TP53INP1
hsa-miR-22-3p,YWHAZ
hsa-miR-22-3p,CYRIB
hsa-miR-22-3p,SLC7A2
hsa-miR-22-3p,CHD7
hsa-miR-22-3p,MTDH
hsa-miR-22-3p,STAG2
hsa-miR-221-3p,SRSF10
hsa-miR-221-3p,STMN1
hsa-miR-221-3p,POGZ
hsa-miR-221-3p,MEX3A
hsa-miR-221-3p,PPP1R15B
hsa-miR-221-3p,YOD1
hsa-miR-221-3p,PRDM2
hsa-miR-221-3p,PNRC2
hsa-miR-221-3p,CCN1
hsa-miR-221-3p,HIPK1
hsa-miR-221-3p,ATP1B1
hsa-miR-221-3p,MARK1
hsa-miR-221-3p,MIA3
hsa-miR-221-3p,FBXO28
hsa-miR-221-3p,BMI1
hsa-miR-221-3p,HNRNPH3
hsa-miR-221-3p,HECTD2
hsa-miR-221-3p,TCF7L2
hsa-miR-221-3p,ETS1
hsa-miR-221-3p,WEE1
hsa-miR-221-3p,CAPRIN2
hsa-miR-221-3p,TUBA1A
hsa-miR-221-3p,NFYB
hsa-miR-221-3p,CDKN1B
hsa-miR-221-3p,ERBB3
hsa-miR-221-3p,CAND1
hsa-miR-221-3p,ZMYM2
hsa-miR-221-3p,FNDC3A
hsa-miR-221-3p,CHD8
hsa-miR-221-3p,DICER1
hsa-miR-221-3p,FOS
hsa-miR-221-3p,VASH1
hsa-miR-221-3p,FAM214A
hsa-miR-221-3p,TLE3
hsa-miR-221-3p,CHSY1
hsa-miR-221-3p,THBS1
hsa-miR-221-3p,CTDSPL2
hsa-miR-221-3p,TLNRD1
hsa-miR-221-3p,DYNC1LI2
hsa-miR-221-3p,SOCS3
hsa-miR-221-3p,NLK
hsa-miR-221-3p,EIF1
hsa-miR-221-3p,KPNA2
hsa-miR-221-3p,MIDN
hsa-miR-221-3p,ZFP36L2
hsa-miR-221-3p,RAB1A
hsa-miR-221-3p,SPRED2
hsa-miR-221-3p,PPP3R1
hsa-miR-221-3p,BCL2L11
hsa-miR-221-3p,VAPB
hsa-miR-221-3p,BRWD1
hsa-miR-221-3p,CRKL
hsa-miR-221-3p,TIMP3
hsa-miR-221-3p,VGLL4
hsa-miR-221-3p,ARF4
hsa-miR-221-3p,FOXP1
hsa-miR-221-3p,SNX4
hsa-miR-221-3p,TFG
hsa-miR-221-3p,SCD5
hsa-miR-221-3p,NAP1L5
hsa-miR-221-3p,PCGF3
hsa-miR-221-3p,RNF4
hsa-miR-221-3p,MIER3
hsa-miR-221-3p,LHFPL2
hsa-miR-221-3p,SKP1
hsa-miR-221-3p,PANK3
hsa-miR-221-3p,GPBP1
hsa-miR-221-3p,PIK3R1
hsa-miR-221-3p,ZFYVE16
hsa-miR-221-3p,PAIP2
hsa-miR-221-3p,PURA
hsa-miR-221-3p,GABRA1
hsa-miR-221-3p,ATXN1
hsa-miR-221-3p,OSTM1
hsa-miR-221-3p,RREB1
hsa-miR-221-3p,MYLIP
hsa-miR-221-3p,MARCKS
hsa-miR-221-3p,YWHAG
hsa-miR-221-3p,KMT2C
hsa-miR-221-3p,INSIG1
hsa-miR-221-3p,ASPH
hsa-miR-221-3p,CHD7
hsa-miR-221-3p,MEGF9
hsa-miR-221-3p,PPP6C
hsa-miR-221-3p,PBX3
hsa-miR-221-3p,TSC22D3
hsa-miR-221-3p,FMR1
hsa-miR-222-3p,SRSF10
hsa-miR-222-3p,STMN1
hsa-miR-222-3p,POGZ
hsa-miR-222-3p,MEX3A
hsa-miR-222-3p,PPP1R15B
hsa-miR-222-3p,YOD1
hsa-miR-222-3p,PRDM2
hsa-miR-222-3p,CCN1
hsa-miR-222-3p,HIPK1
hsa-miR-222-3p,ATP1B1
hsa-miR-222-3p,MARK1
hsa-miR-222-3p,MIA3
hsa-miR-222-3p,FBXO28
hsa-miR-222-3p,BMI1
hsa-miR-222-3p,HNRNPH3
hsa-miR-222-3p,HECTD2
hsa-miR-222-3p,TCF7L2
hsa-miR-222-3p,ETS1
hsa-miR-222-3p,WEE1
hsa-miR-222-3p,CAPRIN2
hsa-miR-222-3p,TUBA1A
hsa-miR-222-3p,NFYB
hsa-miR-222-3p,CDKN1B
hsa-miR-222-3p,ERBB3
hsa-miR-222-3p,CAND1
hsa-miR-222-3p,ZMYM2
hsa-miR-222-3p,FNDC3A
hsa-miR-222-3p,CHD8
hsa-miR-222-3p,DICER1
hsa-miR-222-3p,FOS
hsa-miR-222-3p,VASH1
hsa-miR-222-3p,FAM214A
hsa-miR-222-3p,TLE3
hsa-miR-222-3p,CHSY1
hsa-miR-222-3p,THBS1
hsa-miR-222-3p,CTDSPL2
hsa-miR-222-3p,TLNRD1
hsa-miR-222-3p,DYNC1LI2
hsa-miR-222-3p,SOCS3
hsa-miR-222-3p,NLK
hsa-miR-222-3p,EIF1
hsa-miR-222-3p,KPNA2
hsa-miR-222-3p,MIDN
hsa-miR-222-3p,ZFP36L2
hsa-miR-222-3p,RAB1A
hsa-miR-222-3p,SPRED2
hsa-miR-222-3p,PPP3R1
hsa-miR-222-3p,BCL2L11
hsa-miR-222-3p,VAPB
hsa-miR-222-3p,BRWD1
hsa-miR-222-3p,CRKL
hsa-miR-222-3p,TIMP3
hsa-miR-222-3p,VGLL4
hsa-miR-222-3p,ARF4
hsa-miR-222-3p,FOXP1
hsa-miR-222-3p,SNX4
hsa-miR-222-3p,TFG
hsa-miR-222-3p,SCD5
hsa-miR-222-3p,NAP1L5
hsa-miR-222-3p,PCGF3
hsa-miR-222-3p,RNF4
hsa-miR-222-3p,MIER3
hsa-miR-222-3p,LHFPL2
hsa-miR-222-3p,SKP1
hsa-miR-222-3p,PANK3
hsa-miR-222-3p,PIK3R1
hsa-miR-222-3p,ZFYVE16
hsa-miR-222-3p,PAIP2
hsa-miR-222-3p,PURA
hsa-miR-222-3p,GABRA1
hsa-miR-222-3p,ATXN1
hsa-miR-222-3p,OSTM1
hsa-miR-222-3p,RREB1
hsa-miR-222-3p,MYLIP
hsa-miR-222-3p,MARCKS
hsa-miR-222-3p,YWHAG
hsa-miR-222-3p,KMT2C
hsa-miR-222-3p,INSIG1
hsa-miR-222-3p,ASPH
hsa-miR-222-3p,CHD7
hsa-miR-222-3p,MEGF9
hsa-miR-222-3p,PPP6C
hsa-miR-222-3p,RECK
hsa-miR-222-3p,PBX3
hsa-miR-222-3p,TSC22D3
hsa-miR-222-3p,FMR1
hsa-miR-223-3p,CLSTN1
hsa-miR-223-3p,F3
hsa-miR-223-3p,CCT3
hsa-miR-223-3p,NUCKS1
hsa-miR-223-3p,ERO1B
hsa-miR-223-3p,ARID1A
hsa-miR-223-3p,NFIA
hsa-miR-223-3p,ATP1B1
hsa-miR-223-3p,ZBTB18
hsa-miR-223-3p,RRAS2
hsa-miR-223-3p,PIK3C2A
hsa-miR-223-3p,NXF1
hsa-miR-223-3p,DENND5B
hsa-miR-223-3p,ATP2B1
hsa-miR-223-3p,CDK17
hsa-miR-223-3p,HSP90B1
hsa-miR-223-3p,PDS5B
hsa-miR-223-3p,RAB8B
hsa-miR-223-3p,IGF1R
hsa-miR-223-3p,ZFHX3
hsa-miR-223-3p,ZCCHC14
hsa-miR-223-3p,SEPTIN4
hsa-miR-223-3p,VMP1
hsa-miR-223-3p,RHOB
hsa-miR-223-3p,CRIM1
hsa-miR-223-3p,NUP210
hsa-miR-223-3p,RNF4
hsa-miR-223-3p,MSMO1
hsa-miR-223-3p,IL6ST
hsa-miR-223-3p,PDE4D
hsa-miR-223-3p,RASA1
hsa-miR-223-3p,G3BP1
hsa-miR-223-3p,SYNCRIP
hsa-miR-223-3p,BRPF3
hsa-miR-223-3p,SCAF8
hsa-miR-223-3p,CUX1
hsa-miR-223-3p,KAT6A
hsa-miR-223-3p,UBE2W
hsa-miR-223-3p,TMEM64
hsa-miR-223-3p,SLC25A32
hsa-miR-223-3p,AC012213.5
hsa-miR-223-3p,PHF19
hsa-miR-223-3p,TMEM47
hsa-miR-223-3p,MID1IP1
hsa-miR-224-5p,ID3
hsa-miR-224-5p,PLPP3
hsa-miR-224-5p,C1orf52
hsa-miR-224-5p,POGZ
hsa-miR-224-5p,YOD1
hsa-miR-224-5p,IRF2BP2
hsa-miR-224-5p,HNRNPU
hsa-miR-224-5p,AGRN
hsa-miR-224-5p,AKIRIN1
hsa-miR-224-5p,RNF11
hsa-miR-224-5p,NFIA
hsa-miR-224-5p,DR1
hsa-miR-224-5p,USP6NL
hsa-miR-224-5p,HNRNPF
hsa-miR-224-5p,SAR1A
hsa-miR-224-5p,PRDX3
hsa-miR-224-5p,PIK3C2A
hsa-miR-224-5p,IPO7
hsa-miR-224-5p,HIPK3
hsa-miR-224-5p,KDM2A
hsa-miR-224-5p,ARHGEF12
hsa-miR-224-5p,BAZ2A
hsa-miR-224-5p,NAP1L1
hsa-miR-224-5p,CORO1C
hsa-miR-224-5p,ZDHHC20
hsa-miR-224-5p,KCTD12
hsa-miR-224-5p,ITM2B
hsa-miR-224-5p,HNRNPC
hsa-miR-224-5p,SUPT16H
hsa-miR-224-5p,MYO5A
hsa-miR-224-5p,TMEM170A
hsa-miR-224-5p,SSH2
hsa-miR-224-5p,MED1
hsa-miR-224-5p,ANKRD40
hsa-miR-224-5p,H3-3B
hsa-miR-224-5p,MAFG
hsa-miR-224-5p,ZNF207
hsa-miR-224-5p,C18orf25
hsa-miR-224-5p,STIMATE
hsa-miR-224-5p,LRRC58
hsa-miR-224-5p,TBL1XR1
hsa-miR-224-5p,U2SURP
hsa-miR-224-5p,AP2M1
hsa-miR-224-5p,OTUD4
hsa-miR-224-5p,IL6ST
hsa-miR-224-5p,PJA2
hsa-miR-224-5p,MGAT4B
hsa-miR-224-5p,MAP1B
hsa-miR-224-5p,SMAD5
hsa-miR-224-5p,TCERG1
hsa-miR-224-5p,CREBRF
hsa-miR-224-5p,MARCKS
hsa-miR-224-5p,IGF2R
hsa-miR-224-5p,QKI
hsa-miR-224-5p,HOXA5
hsa-miR-224-5p,SERPINE1
hsa-miR-224-5p,KAT6A
hsa-miR-224-5p,AZIN1
hsa-miR-224-5p,CYRIB
hsa-miR-224-5p,DPYSL2
hsa-miR-224-5p,RNF38
hsa-miR-224-5p,CEMIP2
hsa-miR-224-5p,PPP6C
hsa-miR-224-5p,EIF1AX
hsa-miR-224-5p,ARMCX2
hsa-miR-224-5p,DDX3X
hsa-miR-23a-3p,CAMK2N1
hsa-miR-23a-3p,PTP4A2
hsa-miR-23a-3p,MARCKSL1
hsa-miR-23a-3p,MTF1
hsa-miR-23a-3p,PIK3R3
hsa-miR-23a-3p,EPS15
hsa-miR-23a-3p,TGFBR3
hsa-miR-23a-3p,POGZ
hsa-miR-23a-3p,NUAK2
hsa-miR-23a-3p,NUCKS1
hsa-miR-23a-3p,YOD1
hsa-miR-23a-3p,LBR
hsa-miR-23a-3p,HNRNPU
hsa-miR-23a-3p,PNRC2
hsa-miR-23a-3p,STX12
hsa-miR-23a-3p,SESN2
hsa-miR-23a-3p,MACF1
hsa-miR-23a-3p,PDE4B
hsa-miR-23a-3p,DNAJB4
hsa-miR-23a-3p,FNBP1L
hsa-miR-23a-3p,RAP1A
hsa-miR-23a-3p,NEK7
hsa-miR-23a-3p,CAMSAP2
hsa-miR-23a-3p,ACTN2
hsa-miR-23a-3p,CXCL12
hsa-miR-23a-3p,JMJD1C
hsa-miR-23a-3p,RAB11FIP2
hsa-miR-23a-3p,PRDX3
hsa-miR-23a-3p,WDR37
hsa-miR-23a-3p,WAC
hsa-miR-23a-3p,EIF4EBP2
hsa-miR-23a-3p,PPIF
hsa-miR-23a-3p,GHITM
hsa-miR-23a-3p,PTEN
hsa-miR-23a-3p,TNKS2
hsa-miR-23a-3p,DUSP5
hsa-miR-23a-3p,SEC23IP
hsa-miR-23a-3p,INPP5A
hsa-miR-23a-3p,PIK3C2A
hsa-miR-23a-3p,B4GAT1
hsa-miR-23a-3p,WEE1
hsa-miR-23a-3p,QSER1
hsa-miR-23a-3p,CAPRIN1
hsa-miR-23a-3p,GRK2
hsa-miR-23a-3p,FUT4
hsa-miR-23a-3p,NRGN
hsa-miR-23a-3p,GXYLT1
hsa-miR-23a-3p,KMT2D
hsa-miR-23a-3p,OSBPL8
hsa-miR-23a-3p,PPP1R12A
hsa-miR-23a-3p,EEA1
hsa-miR-23a-3p,WNK1
hsa-miR-23a-3p,FAM234B
hsa-miR-23a-3p,ETNK1
hsa-miR-23a-3p,ATXN7L3B
hsa-miR-23a-3p,TMPO
hsa-miR-23a-3p,APAF1
hsa-miR-23a-3p,TXNRD1
hsa-miR-23a-3p,SLC7A1
hsa-miR-23a-3p,HSPH1
hsa-miR-23a-3p,SPRY2
hsa-miR-23a-3p,ZIC5
hsa-miR-23a-3p,IPO5
hsa-miR-23a-3p,LAMP1
hsa-miR-23a-3p,CFL2
hsa-miR-23a-3p,KLHL28
hsa-miR-23a-3p,SIX4
hsa-miR-23a-3p,VTI1B
hsa-miR-23a-3p,NRXN3
hsa-miR-23a-3p,TJP1
hsa-miR-23a-3p,FBN1
hsa-miR-23a-3p,BNIP2
hsa-miR-23a-3p,ANXA2
hsa-miR-23a-3p,IGDCC3
hsa-miR-23a-3p,SEMA6D
hsa-miR-23a-3p,GLYR1
hsa-miR-23a-3p,ARL6IP1
hsa-miR-23a-3p,VPS35
hsa-miR-23a-3p,N4BP1
hsa-miR-23a-3p,TMEM170A
hsa-miR-23a-3p,PDPK1
hsa-miR-23a-3p,TNRC6A
hsa-miR-23a-3p,ZNF267
hsa-miR-23a-3p,CMIP
hsa-miR-23a-3p,NUFIP2
hsa-miR-23a-3p,SSH2
hsa-miR-23a-3p,HELZ
hsa-miR-23a-3p,WBP2
hsa-miR-23a-3p,UBE2O
hsa-miR-23a-3p,HIC1
hsa-miR-23a-3p,MSL1
hsa-miR-23a-3p,EIF1
hsa-miR-23a-3p,TNRC6C
hsa-miR-23a-3p,SYT4
hsa-miR-23a-3p,MYL12B
hsa-miR-23a-3p,TGIF1
hsa-miR-23a-3p,VAPA
hsa-miR-23a-3p,PMAIP1
hsa-miR-23a-3p,ZCCHC2
hsa-miR-23a-3p,CEBPA
hsa-miR-23a-3p,CNN2
hsa-miR-23a-3p,NACC1
hsa-miR-23a-3p,PXDN
hsa-miR-23a-3p,PDIA6
hsa-miR-23a-3p,MCFD2
hsa-miR-23a-3p,MOGS
hsa-miR-23a-3p,ORMDL1
hsa-miR-23a-3p,FAM126B
hsa-miR-23a-3p,FZD5
hsa-miR-23a-3p,IDH1
hsa-miR-23a-3p,PPP1CB
hsa-miR-23a-3p,PKDCC
hsa-miR-23a-3p,EPAS1
hsa-miR-23a-3p,TET3
hsa-miR-23a-3p,MAP4K4
hsa-miR-23a-3p,TMEM87B
hsa-miR-23a-3p,CCNT2
hsa-miR-23a-3p,SPOPL
hsa-miR-23a-3p,SCN2A
hsa-miR-23a-3p,UBR3
hsa-miR-23a-3p,GLS
hsa-miR-23a-3p,C2orf69
hsa-miR-23a-3p,ZDBF2
hsa-miR-23a-3p,CSNK2A1
hsa-miR-23a-3p,SNX5
hsa-miR-23a-3p,NOL4L
hsa-miR-23a-3p,NCOA6
hsa-miR-23a-3p,BLCAP
hsa-miR-23a-3p,SERINC3
hsa-miR-23a-3p,ADNP
hsa-miR-23a-3p,SIRPA
hsa-miR-23a-3p,MAPRE1
hsa-miR-23a-3p,TOP1
hsa-miR-23a-3p,BRWD1
hsa-miR-23a-3p,DYRK1A
hsa-miR-23a-3p,COL6A1
hsa-miR-23a-3p,PRR14L
hsa-miR-23a-3p,NUP50
hsa-miR-23a-3p,SATB1
hsa-miR-23a-3p,SETD2
hsa-miR-23a-3p,TUSC2
hsa-miR-23a-3p,PBRM1
hsa-miR-23a-3p,LRIG1
hsa-miR-23a-3p,CPOX
hsa-miR-23a-3p,NAA50
hsa-miR-23a-3p,GSK3B
hsa-miR-23a-3p,KPNA1
hsa-miR-23a-3p,KPNA4
hsa-miR-23a-3p,SPTSSB
hsa-miR-23a-3p,CHL1
hsa-miR-23a-3p,TGFBR2
hsa-miR-23a-3p,KBTBD8
hsa-miR-23a-3p,RAP2B
hsa-miR-23a-3p,UBA6
hsa-miR-23a-3p,RCHY1
hsa-miR-23a-3p,UBE2D3
hsa-miR-23a-3p,ANKRD50
hsa-miR-23a-3p,ELF2
hsa-miR-23a-3p,OTUD4
hsa-miR-23a-3p,HMGB2
hsa-miR-23a-3p,CPEB2
hsa-miR-23a-3p,KLF3
hsa-miR-23a-3p,RAPGEF2
hsa-miR-23a-3p,MSMO1
hsa-miR-23a-3p,LHFPL2
hsa-miR-23a-3p,TMED7
hsa-miR-23a-3p,FBN2
hsa-miR-23a-3p,FNIP1
hsa-miR-23a-3p,SPOCK1
hsa-miR-23a-3p,GNPDA1
hsa-miR-23a-3p,NUDCD2
hsa-miR-23a-3p,GPBP1
hsa-miR-23a-3p,TNPO1
hsa-miR-23a-3p,LMNB1
hsa-miR-23a-3p,SEC24A
hsa-miR-23a-3p,CCNG1
hsa-miR-23a-3p,CPEB4
hsa-miR-23a-3p,MAML1
hsa-miR-23a-3p,C6orf62
hsa-miR-23a-3p,KCNK5
hsa-miR-23a-3p,TSPYL4
hsa-miR-23a-3p,SGK1
hsa-miR-23a-3p,HIVEP2
hsa-miR-23a-3p,PNRC1
hsa-miR-23a-3p,LIN28B
hsa-miR-23a-3p,MARCKS
hsa-miR-23a-3p,GJA1
hsa-miR-23a-3p,TNFAIP3
hsa-miR-23a-3p,WTAP
hsa-miR-23a-3p,HNRNPA2B1
hsa-miR-23a-3p,DNAJC30
hsa-miR-23a-3p,YWHAG
hsa-miR-23a-3p,TFPI2
hsa-miR-23a-3p,BET1
hsa-miR-23a-3p,PDK4
hsa-miR-23a-3p,WASL
hsa-miR-23a-3p,VKORC1L1
hsa-miR-23a-3p,POM121
hsa-miR-23a-3p,PNMA2
hsa-miR-23a-3p,PDE7A
hsa-miR-23a-3p,STAU2
hsa-miR-23a-3p,TMEM64
hsa-miR-23a-3p,RAD21
hsa-miR-23a-3p,HAS2
hsa-miR-23a-3p,ASAP1
hsa-miR-23a-3p,ATP6V1B2
hsa-miR-23a-3p,ERLIN2
hsa-miR-23a-3p,CHD7
hsa-miR-23a-3p,RDH10
hsa-miR-23a-3p,PKIA
hsa-miR-23a-3p,CA2
hsa-miR-23a-3p,TRIB1
hsa-miR-23a-3p,CEMIP2
hsa-miR-23a-3p,NR6A1
hsa-miR-23a-3p,PPP6C
hsa-miR-23a-3p,NACC2
hsa-miR-23a-3p,RIC1
hsa-miR-23a-3p,RAD23B
hsa-miR-23a-3p,NEK6
hsa-miR-23a-3p,ZBTB34
hsa-miR-23a-3p,FUBP3
hsa-miR-23a-3p,MMGT1
hsa-miR-23a-3p,SMS
hsa-miR-23b-3p,CAMK2N1
hsa-miR-23b-3p,PTP4A2
hsa-miR-23b-3p,MARCKSL1
hsa-miR-23b-3p,MTF1
hsa-miR-23b-3p,PIK3R3
hsa-miR-23b-3p,EPS15
hsa-miR-23b-3p,TGFBR3
hsa-miR-23b-3p,POGZ
hsa-miR-23b-3p,NUAK2
hsa-miR-23b-3p,NUCKS1
hsa-miR-23b-3p,YOD1
hsa-miR-23b-3p,LBR
hsa-miR-23b-3p,HNRNPU
hsa-miR-23b-3p,PNRC2
hsa-miR-23b-3p,STX12
hsa-miR-23b-3p,SESN2
hsa-miR-23b-3p,MACF1
hsa-miR-23b-3p,PDE4B
hsa-miR-23b-3p,DNAJB4
hsa-miR-23b-3p,FNBP1L
hsa-miR-23b-3p,RAP1A
hsa-miR-23b-3p,NEK7
hsa-miR-23b-3p,CAMSAP2
hsa-miR-23b-3p,ACTN2
hsa-miR-23b-3p,CXCL12
hsa-miR-23b-3p,JMJD1C
hsa-miR-23b-3p,RAB11FIP2
hsa-miR-23b-3p,PRDX3
hsa-miR-23b-3p,WDR37
hsa-miR-23b-3p,WAC
hsa-miR-23b-3p,EIF4EBP2
hsa-miR-23b-3p,PPIF
hsa-miR-23b-3p,GHITM
hsa-miR-23b-3p,PTEN
hsa-miR-23b-3p,TNKS2
hsa-miR-23b-3p,DUSP5
hsa-miR-23b-3p,SEC23IP
hsa-miR-23b-3p,INPP5A
hsa-miR-23b-3p,PIK3C2A
hsa-miR-23b-3p,B4GAT1
hsa-miR-23b-3p,WEE1
hsa-miR-23b-3p,QSER1
hsa-miR-23b-3p,CAPRIN1
hsa-miR-23b-3p,GRK2
hsa-miR-23b-3p,FUT4
hsa-miR-23b-3p,NRGN
hsa-miR-23b-3p,GXYLT1
hsa-miR-23b-3p,KMT2D
hsa-miR-23b-3p,OSBPL8
hsa-miR-23b-3p,PPP1R12A
hsa-miR-23b-3p,EEA1
hsa-miR-23b-3p,WNK1
hsa-miR-23b-3p,FAM234B
hsa-miR-23b-3p,ETNK1
hsa-miR-23b-3p,ATXN7L3B
hsa-miR-23b-3p,TMPO
hsa-miR-23b-3p,APAF1
hsa-miR-23b-3p,TXNRD1
hsa-miR-23b-3p,SLC7A1
hsa-miR-23b-3p,HSPH1
hsa-miR-23b-3p,SPRY2
hsa-miR-23b-3p,ZIC5
hsa-miR-23b-3p,IPO5
hsa-miR-23b-3p,LAMP1
hsa-miR-23b-3p,CFL2
hsa-miR-23b-3p,KLHL28
hsa-miR-23b-3p,SIX4
hsa-miR-23b-3p,VTI1B
hsa-miR-23b-3p,NRXN3
hsa-miR-23b-3p,TJP1
hsa-miR-23b-3p,FBN1
hsa-miR-23b-3p,BNIP2
hsa-miR-23b-3p,ANXA2
hsa-miR-23b-3p,IGDCC3
hsa-miR-23b-3p,SEMA6D
hsa-miR-23b-3p,GLYR1
hsa-miR-23b-3p,ARL6IP1
hsa-miR-23b-3p,VPS35
hsa-miR-23b-3p,N4BP1
hsa-miR-23b-3p,TMEM170A
hsa-miR-23b-3p,PDPK1
hsa-miR-23b-3p,TNRC6A
hsa-miR-23b-3p,ZNF267
hsa-miR-23b-3p,CMIP
hsa-miR-23b-3p,NUFIP2
hsa-miR-23b-3p,SSH2
hsa-miR-23b-3p,HELZ
hsa-miR-23b-3p,WBP2
hsa-miR-23b-3p,UBE2O
hsa-miR-23b-3p,HIC1
hsa-miR-23b-3p,MSL1
hsa-miR-23b-3p,EIF1
hsa-miR-23b-3p,TNRC6C
hsa-miR-23b-3p,SYT4
hsa-miR-23b-3p,MYL12B
hsa-miR-23b-3p,TGIF1
hsa-miR-23b-3p,VAPA
hsa-miR-23b-3p,PMAIP1
hsa-miR-23b-3p,ZCCHC2
hsa-miR-23b-3p,CEBPA
hsa-miR-23b-3p,CNN2
hsa-miR-23b-3p,NACC1
hsa-miR-23b-3p,PXDN
hsa-miR-23b-3p,PDIA6
hsa-miR-23b-3p,MCFD2
hsa-miR-23b-3p,MOGS
hsa-miR-23b-3p,ORMDL1
hsa-miR-23b-3p,FAM126B
hsa-miR-23b-3p,FZD5
hsa-miR-23b-3p,IDH1
hsa-miR-23b-3p,PPP1CB
hsa-miR-23b-3p,PKDCC
hsa-miR-23b-3p,EPAS1
hsa-miR-23b-3p,TET3
hsa-miR-23b-3p,MAP4K4
hsa-miR-23b-3p,TMEM87B
hsa-miR-23b-3p,CCNT2
hsa-miR-23b-3p,SPOPL
hsa-miR-23b-3p,SCN2A
hsa-miR-23b-3p,UBR3
hsa-miR-23b-3p,GLS
hsa-miR-23b-3p,C2orf69
hsa-miR-23b-3p,ZDBF2
hsa-miR-23b-3p,CSNK2A1
hsa-miR-23b-3p,SNX5
hsa-miR-23b-3p,NOL4L
hsa-miR-23b-3p,NCOA6
hsa-miR-23b-3p,BLCAP
hsa-miR-23b-3p,SERINC3
hsa-miR-23b-3p,ADNP
hsa-miR-23b-3p,SIRPA
hsa-miR-23b-3p,MAPRE1
hsa-miR-23b-3p,TOP1
hsa-miR-23b-3p,BRWD1
hsa-miR-23b-3p,DYRK1A
hsa-miR-23b-3p,COL6A1
hsa-miR-23b-3p,PRR14L
hsa-miR-23b-3p,NUP50
hsa-miR-23b-3p,SATB1
hsa-miR-23b-3p,SETD2
hsa-miR-23b-3p,TUSC2
hsa-miR-23b-3p,PBRM1
hsa-miR-23b-3p,LRIG1
hsa-miR-23b-3p,CPOX
hsa-miR-23b-3p,NAA50
hsa-miR-23b-3p,GSK3B
hsa-miR-23b-3p,KPNA1
hsa-miR-23b-3p,KPNA4
hsa-miR-23b-3p,SPTSSB
hsa-miR-23b-3p,CHL1
hsa-miR-23b-3p,TGFBR2
hsa-miR-23b-3p,KBTBD8
hsa-miR-23b-3p,RAP2B
hsa-miR-23b-3p,UBA6
hsa-miR-23b-3p,RCHY1
hsa-miR-23b-3p,UBE2D3
hsa-miR-23b-3p,ANKRD50
hsa-miR-23b-3p,ELF2
hsa-miR-23b-3p,OTUD4
hsa-miR-23b-3p,HMGB2
hsa-miR-23b-3p,CPEB2
hsa-miR-23b-3p,KLF3
hsa-miR-23b-3p,RAPGEF2
hsa-miR-23b-3p,MSMO1
hsa-miR-23b-3p,LHFPL2
hsa-miR-23b-3p,TMED7
hsa-miR-23b-3p,FBN2
hsa-miR-23b-3p,FNIP1
hsa-miR-23b-3p,SPOCK1
hsa-miR-23b-3p,GNPDA1
hsa-miR-23b-3p,NUDCD2
hsa-miR-23b-3p,GPBP1
hsa-miR-23b-3p,TNPO1
hsa-miR-23b-3p,LMNB1
hsa-miR-23b-3p,SEC24A
hsa-miR-23b-3p,CCNG1
hsa-miR-23b-3p,CPEB4
hsa-miR-23b-3p,MAML1
hsa-miR-23b-3p,C6orf62
hsa-miR-23b-3p,KCNK5
hsa-miR-23b-3p,TSPYL4
hsa-miR-23b-3p,SGK1
hsa-miR-23b-3p,HIVEP2
hsa-miR-23b-3p,PNRC1
hsa-miR-23b-3p,LIN28B
hsa-miR-23b-3p,MARCKS
hsa-miR-23b-3p,GJA1
hsa-miR-23b-3p,TNFAIP3
hsa-miR-23b-3p,WTAP
hsa-miR-23b-3p,HNRNPA2B1
hsa-miR-23b-3p,DNAJC30
hsa-miR-23b-3p,YWHAG
hsa-miR-23b-3p,TFPI2
hsa-miR-23b-3p,BET1
hsa-miR-23b-3p,PDK4
hsa-miR-23b-3p,WASL
hsa-miR-23b-3p,VKORC1L1
hsa-miR-23b-3p,POM121
hsa-miR-23b-3p,PNMA2
hsa-miR-23b-3p,PDE7A
hsa-miR-23b-3p,STAU2
hsa-miR-23b-3p,TMEM64
hsa-miR-23b-3p,RAD21
hsa-miR-23b-3p,HAS2
hsa-miR-23b-3p,ASAP1
hsa-miR-23b-3p,ATP6V1B2
hsa-miR-23b-3p,ERLIN2
hsa-miR-23b-3p,CHD7
hsa-miR-23b-3p,RDH10
hsa-miR-23b-3p,PKIA
hsa-miR-23b-3p,CA2
hsa-miR-23b-3p,TRIB1
hsa-miR-23b-3p,CEMIP2
hsa-miR-23b-3p,NR6A1
hsa-miR-23b-3p,PPP6C
hsa-miR-23b-3p,NACC2
hsa-miR-23b-3p,RIC1
hsa-miR-23b-3p,RAD23B
hsa-miR-23b-3p,NEK6
hsa-miR-23b-3p,ZBTB34
hsa-miR-23b-3p,FUBP3
hsa-miR-23b-3p,MMGT1
hsa-miR-23b-3p,SMS
hsa-miR-24-3p,CITED4
hsa-miR-24-3p,CCT3
hsa-miR-24-3p,DEDD
hsa-miR-24-3p,RC3H1
hsa-miR-24-3p,YOD1
hsa-miR-24-3p,LBR
hsa-miR-24-3p,PTPRF
hsa-miR-24-3p,PEA15
hsa-miR-24-3p,LAMC1
hsa-miR-24-3p,NRP1
hsa-miR-24-3p,DNAJB12
hsa-miR-24-3p,NET1
hsa-miR-24-3p,ARID5B
hsa-miR-24-3p,B4GAT1
hsa-miR-24-3p,UCP2
hsa-miR-24-3p,H2AX
hsa-miR-24-3p,ETS1
hsa-miR-24-3p,ZBTB44
hsa-miR-24-3p,ADM
hsa-miR-24-3p,KLC2
hsa-miR-24-3p,SERPINH1
hsa-miR-24-3p,SCARB1
hsa-miR-24-3p,CDKN1B
hsa-miR-24-3p,ETNK1
hsa-miR-24-3p,SP1
hsa-miR-24-3p,HNRNPA1
hsa-miR-24-3p,RAB5B
hsa-miR-24-3p,MBD6
hsa-miR-24-3p,ATXN7L3B
hsa-miR-24-3p,BCL2L2
hsa-miR-24-3p,PTPN9
hsa-miR-24-3p,IQGAP1
hsa-miR-24-3p,SNN
hsa-miR-24-3p,NDRG4
hsa-miR-24-3p,PIGS
hsa-miR-24-3p,RAB5C
hsa-miR-24-3p,TAOK1
hsa-miR-24-3p,IGF2BP1
hsa-miR-24-3p,RNF138
hsa-miR-24-3p,TSHZ1
hsa-miR-24-3p,MIDN
hsa-miR-24-3p,SLC5A6
hsa-miR-24-3p,FAM168B
hsa-miR-24-3p,FZD5
hsa-miR-24-3p,IGFBP5
hsa-miR-24-3p,PER2
hsa-miR-24-3p,BCL2L11
hsa-miR-24-3p,ZNF217
hsa-miR-24-3p,ENTPD6
hsa-miR-24-3p,TOP1
hsa-miR-24-3p,NIPSNAP1
hsa-miR-24-3p,CCDC117
hsa-miR-24-3p,GSK3B
hsa-miR-24-3p,AMOTL2
hsa-miR-24-3p,PLOD2
hsa-miR-24-3p,CDV3
hsa-miR-24-3p,TSC22D2
hsa-miR-24-3p,DVL3
hsa-miR-24-3p,PAQR3
hsa-miR-24-3p,STC2
hsa-miR-24-3p,RASA1
hsa-miR-24-3p,MATR3
hsa-miR-24-3p,SESN1
hsa-miR-24-3p,FSCN1
hsa-miR-24-3p,INSIG1
hsa-miR-24-3p,BNIP3L
hsa-miR-24-3p,GBA2
hsa-miR-24-3p,GNE
hsa-miR-24-3p,SCML2
hsa-miR-24-3p,KLHL15
hsa-miR-24-3p,ZXDA
hsa-miR-24-3p,RAP2C
hsa-miR-24-3p,SCML1
hsa-miR-24-3p,ZXDB
hsa-miR-24-3p,OGT
hsa-miR-25-3p,SLC9A1
hsa-miR-25-3p,BSDC1
hsa-miR-25-3p,MCOLN2
hsa-miR-25-3p,RSBN1
hsa-miR-25-3p,NRAS
hsa-miR-25-3p,ANP32E
hsa-miR-25-3p,GATAD2B
hsa-miR-25-3p,DENND4B
hsa-miR-25-3p,MEF2D
hsa-miR-25-3p,DSTYK
hsa-miR-25-3p,HNRNPU
hsa-miR-25-3p,SKI
hsa-miR-25-3p,OTUD3
hsa-miR-25-3p,CDC42
hsa-miR-25-3p,ELOA
hsa-miR-25-3p,PPCS
hsa-miR-25-3p,NFIA
hsa-miR-25-3p,MTF2
hsa-miR-25-3p,SLC30A7
hsa-miR-25-3p,KCNC4
hsa-miR-25-3p,HIPK1
hsa-miR-25-3p,DCAF6
hsa-miR-25-3p,RGL1
hsa-miR-25-3p,BTG2
hsa-miR-25-3p,ATP2B4
hsa-miR-25-3p,MIA3
hsa-miR-25-3p,ARF1
hsa-miR-25-3p,ZBTB18
hsa-miR-25-3p,KLF6
hsa-miR-25-3p,KIF5B
hsa-miR-25-3p,SPOCK2
hsa-miR-25-3p,DNAJB12
hsa-miR-25-3p,SH3PXD2A
hsa-miR-25-3p,CCDC186
hsa-miR-25-3p,MLLT10
hsa-miR-25-3p,ARID5B
hsa-miR-25-3p,KIFBP
hsa-miR-25-3p,DDIT4
hsa-miR-25-3p,VCL
hsa-miR-25-3p,PTEN
hsa-miR-25-3p,DUSP5
hsa-miR-25-3p,ADRB1
hsa-miR-25-3p,FAM160B1
hsa-miR-25-3p,PLEKHA1
hsa-miR-25-3p,RNF141
hsa-miR-25-3p,EIF4G2
hsa-miR-25-3p,DKK3
hsa-miR-25-3p,KMT5B
hsa-miR-25-3p,SESN3
hsa-miR-25-3p,SRPRA
hsa-miR-25-3p,ADM
hsa-miR-25-3p,TEAD1
hsa-miR-25-3p,FAR1
hsa-miR-25-3p,QSER1
hsa-miR-25-3p,HIPK3
hsa-miR-25-3p,PTPRJ
hsa-miR-25-3p,ZDHHC5
hsa-miR-25-3p,RPS6KA4
hsa-miR-25-3p,GRAMD1B
hsa-miR-25-3p,CD69
hsa-miR-25-3p,ERGIC2
hsa-miR-25-3p,SCAF11
hsa-miR-25-3p,SLC38A2
hsa-miR-25-3p,LMBR1L
hsa-miR-25-3p,ITGA5
hsa-miR-25-3p,GNS
hsa-miR-25-3p,ZFC3H1
hsa-miR-25-3p,PAWR
hsa-miR-25-3p,PPP1R12A
hsa-miR-25-3p,PITPNM2
hsa-miR-25-3p,GOLGA3
hsa-miR-25-3p,P3H3
hsa-miR-25-3p,NECAP1
hsa-miR-25-3p,HOXC8
hsa-miR-25-3p,SPRYD4
hsa-miR-25-3p,CAND1
hsa-miR-25-3p,DYRK2
hsa-miR-25-3p,RAP1B
hsa-miR-25-3p,ATP2A2
hsa-miR-25-3p,LATS2
hsa-miR-25-3p,DOCK9
hsa-miR-25-3p,IRS2
hsa-miR-25-3p,PDS5B
hsa-miR-25-3p,LRCH1
hsa-miR-25-3p,ITM2B
hsa-miR-25-3p,CNIH1
hsa-miR-25-3p,EXOC5
hsa-miR-25-3p,BCL11B
hsa-miR-25-3p,PAX9
hsa-miR-25-3p,SNAPC1
hsa-miR-25-3p,TECPR2
hsa-miR-25-3p,ZFYVE21
hsa-miR-25-3p,GOLGA8A
hsa-miR-25-3p,GOLGA8B
hsa-miR-25-3p,TMEM87A
hsa-miR-25-3p,FBN1
hsa-miR-25-3p,FAM214A
hsa-miR-25-3p,ADAM10
hsa-miR-25-3p,NPTN
hsa-miR-25-3p,PEAK1
hsa-miR-25-3p,RAB8B
hsa-miR-25-3p,SMAD6
hsa-miR-25-3p,GLCE
hsa-miR-25-3p,ARRDC4
hsa-miR-25-3p,GLYR1
hsa-miR-25-3p,RRN3
hsa-miR-25-3p,SMG1
hsa-miR-25-3p,PHLPP2
hsa-miR-25-3p,ZFHX3
hsa-miR-25-3p,SNN
hsa-miR-25-3p,CNEP1R1
hsa-miR-25-3p,CHD9
hsa-miR-25-3p,RBL2
hsa-miR-25-3p,PITPNA
hsa-miR-25-3p,MYO18A
hsa-miR-25-3p,TIAF1
hsa-miR-25-3p,CDC27
hsa-miR-25-3p,TOB1
hsa-miR-25-3p,ACOX1
hsa-miR-25-3p,MAP2K4
hsa-miR-25-3p,NLK
hsa-miR-25-3p,NF1
hsa-miR-25-3p,MSL1
hsa-miR-25-3p,UBE2Z
hsa-miR-25-3p,XYLT2
hsa-miR-25-3p,SLC39A6
hsa-miR-25-3p,SMAD7
hsa-miR-25-3p,VPS4B
hsa-miR-25-3p,TGIF1
hsa-miR-25-3p,GATA6
hsa-miR-25-3p,REXO1
hsa-miR-25-3p,PIP5K1C
hsa-miR-25-3p,RHPN2
hsa-miR-25-3p,CEBPA
hsa-miR-25-3p,SERTAD3
hsa-miR-25-3p,BCAT2
hsa-miR-25-3p,PPP1R12C
hsa-miR-25-3p,HCN2
hsa-miR-25-3p,KLF2
hsa-miR-25-3p,MED29
hsa-miR-25-3p,AXL
hsa-miR-25-3p,CIC
hsa-miR-25-3p,PPP1R37
hsa-miR-25-3p,DNAJC27
hsa-miR-25-3p,DPY30
hsa-miR-25-3p,BCL11A
hsa-miR-25-3p,SERTAD2
hsa-miR-25-3p,AFF3
hsa-miR-25-3p,FHL2
hsa-miR-25-3p,IDH1
hsa-miR-25-3p,PER2
hsa-miR-25-3p,PKDCC
hsa-miR-25-3p,SOCS5
hsa-miR-25-3p,FOXN2
hsa-miR-25-3p,MTHFD2
hsa-miR-25-3p,CNNM4
hsa-miR-25-3p,BCL2L11
hsa-miR-25-3p,PLEKHB2
hsa-miR-25-3p,UBXN4
hsa-miR-25-3p,ITGA6
hsa-miR-25-3p,ITPRID2
hsa-miR-25-3p,ITGAV
hsa-miR-25-3p,C2orf69
hsa-miR-25-3p,BMPR2
hsa-miR-25-3p,PIKFYVE
hsa-miR-25-3p,ARPC2
hsa-miR-25-3p,FKBP1A
hsa-miR-25-3p,AURKA
hsa-miR-25-3p,PMEPA1
hsa-miR-25-3p,PPP1R3D
hsa-miR-25-3p,SIRPA
hsa-miR-25-3p,ARFGEF2
hsa-miR-25-3p,C21orf91
hsa-miR-25-3p,SYNJ1
hsa-miR-25-3p,SIK1
hsa-miR-25-3p,MORC3
hsa-miR-25-3p,CHCHD10
hsa-miR-25-3p,MYH9
hsa-miR-25-3p,JOSD1
hsa-miR-25-3p,TOB2
hsa-miR-25-3p,NF2
hsa-miR-25-3p,PDHB
hsa-miR-25-3p,GATA2
hsa-miR-25-3p,TBL1XR1
hsa-miR-25-3p,ITPR1
hsa-miR-25-3p,EDEM1
hsa-miR-25-3p,SETD5
hsa-miR-25-3p,KAT2B
hsa-miR-25-3p,RPL15
hsa-miR-25-3p,GOLGA4
hsa-miR-25-3p,BSN
hsa-miR-25-3p,APPL1
hsa-miR-25-3p,GAP43
hsa-miR-25-3p,SELENOT
hsa-miR-25-3p,CLDN11
hsa-miR-25-3p,FNDC3B
hsa-miR-25-3p,FXR1
hsa-miR-25-3p,RBM47
hsa-miR-25-3p,G3BP2
hsa-miR-25-3p,SH3D19
hsa-miR-25-3p,HAND2
hsa-miR-25-3p,PCGF3
hsa-miR-25-3p,RNF4
hsa-miR-25-3p,CPEB2
hsa-miR-25-3p,KLF3
hsa-miR-25-3p,KIAA1109
hsa-miR-25-3p,PALLD
hsa-miR-25-3p,GALNT7
hsa-miR-25-3p,MIER3
hsa-miR-25-3p,LHFPL2
hsa-miR-25-3p,ARRDC3
hsa-miR-25-3p,FNIP1
hsa-miR-25-3p,GFPT2
hsa-miR-25-3p,TENT4A
hsa-miR-25-3p,TRIO
hsa-miR-25-3p,MAP1B
hsa-miR-25-3p,TNPO1
hsa-miR-25-3p,JMY
hsa-miR-25-3p,MAN2A1
hsa-miR-25-3p,GRAMD2B
hsa-miR-25-3p,C5orf24
hsa-miR-25-3p,CPEB4
hsa-miR-25-3p,C6orf62
hsa-miR-25-3p,TENT5A
hsa-miR-25-3p,IBTK
hsa-miR-25-3p,CCNC
hsa-miR-25-3p,REV3L
hsa-miR-25-3p,NUP43
hsa-miR-25-3p,WRNIP1
hsa-miR-25-3p,HIVEP1
hsa-miR-25-3p,JARID2
hsa-miR-25-3p,MYLIP
hsa-miR-25-3p,E2F3
hsa-miR-25-3p,SOX4
hsa-miR-25-3p,CD2AP
hsa-miR-25-3p,COL19A1
hsa-miR-25-3p,FAM135A
hsa-miR-25-3p,TULP4
hsa-miR-25-3p,HOXA9
hsa-miR-25-3p,DNAJC30
hsa-miR-25-3p,WASL
hsa-miR-25-3p,SLC37A3
hsa-miR-25-3p,CCT6A
hsa-miR-25-3p,PHTF2
hsa-miR-25-3p,COL1A2
hsa-miR-25-3p,CASD1
hsa-miR-25-3p,DNAJB9
hsa-miR-25-3p,KLHDC10
hsa-miR-25-3p,INSIG1
hsa-miR-25-3p,MFHAS1
hsa-miR-25-3p,PCMTD1
hsa-miR-25-3p,ASPH
hsa-miR-25-3p,UBE2W
hsa-miR-25-3p,CCNE2
hsa-miR-25-3p,SLC25A32
hsa-miR-25-3p,AC012213.5
hsa-miR-25-3p,RAD21
hsa-miR-25-3p,MTMR9
hsa-miR-25-3p,ATP6V1B2
hsa-miR-25-3p,DDHD2
hsa-miR-25-3p,SGK3
hsa-miR-25-3p,ZFHX4
hsa-miR-25-3p,SDC2
hsa-miR-25-3p,EFR3A
hsa-miR-25-3p,NFIB
hsa-miR-25-3p,RNF38
hsa-miR-25-3p,KLF4
hsa-miR-25-3p,RAB14
hsa-miR-25-3p,RIC1
hsa-miR-25-3p,LURAP1L
hsa-miR-25-3p,STX17
hsa-miR-25-3p,RGS3
hsa-miR-25-3p,DAB2IP
hsa-miR-25-3p,COL5A1
hsa-miR-25-3p,KLHL15
hsa-miR-25-3p,ATRX
hsa-miR-25-3p,DDX3X
hsa-miR-25-3p,CDK16
hsa-miR-25-3p,TAF1
hsa-miR-25-3p,LONRF3
hsa-miR-26a-5p,CASZ1
hsa-miR-26a-5p,EPHA2
hsa-miR-26a-5p,STMN1
hsa-miR-26a-5p,ATPAF1
hsa-miR-26a-5p,EPS15
hsa-miR-26a-5p,SERBP1
hsa-miR-26a-5p,SSX2IP
hsa-miR-26a-5p,MCL1
hsa-miR-26a-5p,SLC19A2
hsa-miR-26a-5p,EDEM3
hsa-miR-26a-5p,PPP1R15B
hsa-miR-26a-5p,ZDHHC18
hsa-miR-26a-5p,KPNA6
hsa-miR-26a-5p,RLF
hsa-miR-26a-5p,MFSD14A
hsa-miR-26a-5p,AC118553.2
hsa-miR-26a-5p,SLC30A7
hsa-miR-26a-5p,CAPZA1
hsa-miR-26a-5p,ATP1A2
hsa-miR-26a-5p,CEP350
hsa-miR-26a-5p,FLVCR1
hsa-miR-26a-5p,RHOU
hsa-miR-26a-5p,KCNK1
hsa-miR-26a-5p,ZBTB18
hsa-miR-26a-5p,ACBD5
hsa-miR-26a-5p,FRAT2
hsa-miR-26a-5p,ERLIN1
hsa-miR-26a-5p,BLOC1S2
hsa-miR-26a-5p,ZDHHC6
hsa-miR-26a-5p,SHTN1
hsa-miR-26a-5p,ARL5B
hsa-miR-26a-5p,UBE2D1
hsa-miR-26a-5p,REEP3
hsa-miR-26a-5p,PTEN
hsa-miR-26a-5p,TNKS2
hsa-miR-26a-5p,EIF4G2
hsa-miR-26a-5p,CELF1
hsa-miR-26a-5p,EHD1
hsa-miR-26a-5p,CREBZF
hsa-miR-26a-5p,CHORDC1
hsa-miR-26a-5p,HSPA8
hsa-miR-26a-5p,ADM
hsa-miR-26a-5p,PDHX
hsa-miR-26a-5p,SLC2A3
hsa-miR-26a-5p,C2CD5
hsa-miR-26a-5p,SLC38A2
hsa-miR-26a-5p,ITGA5
hsa-miR-26a-5p,ANKRD52
hsa-miR-26a-5p,ZFC3H1
hsa-miR-26a-5p,E2F7
hsa-miR-26a-5p,NTN4
hsa-miR-26a-5p,CORO1C
hsa-miR-26a-5p,WNK1
hsa-miR-26a-5p,CREBL2
hsa-miR-26a-5p,KLHL42
hsa-miR-26a-5p,LARP4
hsa-miR-26a-5p,SRGAP1
hsa-miR-26a-5p,HMGA2
hsa-miR-26a-5p,RAB21
hsa-miR-26a-5p,METAP2
hsa-miR-26a-5p,ULK1
hsa-miR-26a-5p,EP400
hsa-miR-26a-5p,SACS
hsa-miR-26a-5p,RNF6
hsa-miR-26a-5p,MAB21L1
hsa-miR-26a-5p,ZIC5
hsa-miR-26a-5p,GNPNAT1
hsa-miR-26a-5p,GMFB
hsa-miR-26a-5p,STYX
hsa-miR-26a-5p,ZNF410
hsa-miR-26a-5p,AC005520.1
hsa-miR-26a-5p,RCOR1
hsa-miR-26a-5p,ZNF106
hsa-miR-26a-5p,COPS2
hsa-miR-26a-5p,ARPP19
hsa-miR-26a-5p,COX5A
hsa-miR-26a-5p,CHSY1
hsa-miR-26a-5p,NIPA1
hsa-miR-26a-5p,FAM98B
hsa-miR-26a-5p,CHAC1
hsa-miR-26a-5p,RCN2
hsa-miR-26a-5p,ANKRD11
hsa-miR-26a-5p,TNRC6A
hsa-miR-26a-5p,FBXL19
hsa-miR-26a-5p,C16orf70
hsa-miR-26a-5p,SSH2
hsa-miR-26a-5p,LSM12
hsa-miR-26a-5p,TOB1
hsa-miR-26a-5p,HELZ
hsa-miR-26a-5p,NLK
hsa-miR-26a-5p,CDK5R1
hsa-miR-26a-5p,CDC6
hsa-miR-26a-5p,DCAF7
hsa-miR-26a-5p,KPNA2
hsa-miR-26a-5p,TNRC6C
hsa-miR-26a-5p,CDH2
hsa-miR-26a-5p,ZNF516
hsa-miR-26a-5p,MIB1
hsa-miR-26a-5p,C18orf25
hsa-miR-26a-5p,PMAIP1
hsa-miR-26a-5p,MKNK2
hsa-miR-26a-5p,CHAF1A
hsa-miR-26a-5p,HNRNPUL1
hsa-miR-26a-5p,FBXO11
hsa-miR-26a-5p,PPP3R1
hsa-miR-26a-5p,FAM136A
hsa-miR-26a-5p,CACNB4
hsa-miR-26a-5p,SOCS5
hsa-miR-26a-5p,SPTBN1
hsa-miR-26a-5p,PEX13
hsa-miR-26a-5p,TET3
hsa-miR-26a-5p,MAT2A
hsa-miR-26a-5p,EPC2
hsa-miR-26a-5p,ARL6IP6
hsa-miR-26a-5p,UBR3
hsa-miR-26a-5p,MTX2
hsa-miR-26a-5p,NAB1
hsa-miR-26a-5p,NABP1
hsa-miR-26a-5p,ACSL3
hsa-miR-26a-5p,ZNF217
hsa-miR-26a-5p,HSPA13
hsa-miR-26a-5p,APP
hsa-miR-26a-5p,BRWD1
hsa-miR-26a-5p,CXADR
hsa-miR-26a-5p,AGPAT3
hsa-miR-26a-5p,TMEM184B
hsa-miR-26a-5p,EP300
hsa-miR-26a-5p,VGLL4
hsa-miR-26a-5p,CLASP2
hsa-miR-26a-5p,TASOR
hsa-miR-26a-5p,DCBLD2
hsa-miR-26a-5p,GSK3B
hsa-miR-26a-5p,OSBPL11
hsa-miR-26a-5p,TMCC1
hsa-miR-26a-5p,PLOD2
hsa-miR-26a-5p,SERP1
hsa-miR-26a-5p,NCEH1
hsa-miR-26a-5p,ITPR1
hsa-miR-26a-5p,BHLHE40
hsa-miR-26a-5p,NXPE3
hsa-miR-26a-5p,ZBTB38
hsa-miR-26a-5p,KLHL24
hsa-miR-26a-5p,NAP1L5
hsa-miR-26a-5p,EIF4E
hsa-miR-26a-5p,SLC7A11
hsa-miR-26a-5p,OTUD4
hsa-miR-26a-5p,SH3D19
hsa-miR-26a-5p,SH3RF1
hsa-miR-26a-5p,CPEB2
hsa-miR-26a-5p,UBE2K
hsa-miR-26a-5p,TMEM33
hsa-miR-26a-5p,SMAD1
hsa-miR-26a-5p,FAM160A1
hsa-miR-26a-5p,MSMO1
hsa-miR-26a-5p,MIER3
hsa-miR-26a-5p,DEPDC1B
hsa-miR-26a-5p,CHD1
hsa-miR-26a-5p,PJA2
hsa-miR-26a-5p,FNIP1
hsa-miR-26a-5p,VDAC1
hsa-miR-26a-5p,ETF1
hsa-miR-26a-5p,ADAM19
hsa-miR-26a-5p,UBTD2
hsa-miR-26a-5p,BOD1
hsa-miR-26a-5p,ICE1
hsa-miR-26a-5p,ZSWIM6
hsa-miR-26a-5p,MAP1B
hsa-miR-26a-5p,TNPO1
hsa-miR-26a-5p,POLR3G
hsa-miR-26a-5p,MATR3
hsa-miR-26a-5p,PURA
hsa-miR-26a-5p,GALNT10
hsa-miR-26a-5p,LARP1
hsa-miR-26a-5p,CREBRF
hsa-miR-26a-5p,SFXN1
hsa-miR-26a-5p,RANBP9
hsa-miR-26a-5p,NUP153
hsa-miR-26a-5p,CCN2
hsa-miR-26a-5p,JARID2
hsa-miR-26a-5p,HMGA1
hsa-miR-26a-5p,PIM1
hsa-miR-26a-5p,PTP4A1
hsa-miR-26a-5p,AL135905.2
hsa-miR-26a-5p,PNRC1
hsa-miR-26a-5p,NUS1
hsa-miR-26a-5p,CCDC28A
hsa-miR-26a-5p,HOXA5
hsa-miR-26a-5p,HOXA9
hsa-miR-26a-5p,BCL7B
hsa-miR-26a-5p,HGF
hsa-miR-26a-5p,MTPN
hsa-miR-26a-5p,KMT2C
hsa-miR-26a-5p,TMEM106B
hsa-miR-26a-5p,POM121
hsa-miR-26a-5p,PHTF2
hsa-miR-26a-5p,ANKIB1
hsa-miR-26a-5p,COL1A2
hsa-miR-26a-5p,MFHAS1
hsa-miR-26a-5p,PSD3
hsa-miR-26a-5p,REEP4
hsa-miR-26a-5p,LOXL2
hsa-miR-26a-5p,GSR
hsa-miR-26a-5p,RAB11FIP1
hsa-miR-26a-5p,UBE2W
hsa-miR-26a-5p,TP53INP1
hsa-miR-26a-5p,CYRIB
hsa-miR-26a-5p,ADAM9
hsa-miR-26a-5p,YTHDF3
hsa-miR-26a-5p,MTDH
hsa-miR-26a-5p,PHF20L1
hsa-miR-26a-5p,B4GALT1
hsa-miR-26a-5p,CEMIP2
hsa-miR-26a-5p,RFK
hsa-miR-26a-5p,FBXW2
hsa-miR-26a-5p,CAMSAP1
hsa-miR-26a-5p,VLDLR
hsa-miR-26a-5p,NEK6
hsa-miR-26a-5p,RAP2C
hsa-miR-26a-5p,ATP11C
hsa-miR-26a-5p,DDX3X
hsa-miR-26a-5p,PHF6
hsa-miR-26b-5p,CASZ1
hsa-miR-26b-5p,EPHA2
hsa-miR-26b-5p,STMN1
hsa-miR-26b-5p,ATPAF1
hsa-miR-26b-5p,SERBP1
hsa-miR-26b-5p,SSX2IP
hsa-miR-26b-5p,MCL1
hsa-miR-26b-5p,SLC19A2
hsa-miR-26b-5p,EDEM3
hsa-miR-26b-5p,PPP1R15B
hsa-miR-26b-5p,ZDHHC18
hsa-miR-26b-5p,KPNA6
hsa-miR-26b-5p,RLF
hsa-miR-26b-5p,MFSD14A
hsa-miR-26b-5p,AC118553.2
hsa-miR-26b-5p,SLC30A7
hsa-miR-26b-5p,CAPZA1
hsa-miR-26b-5p,ATP1A2
hsa-miR-26b-5p,CEP350
hsa-miR-26b-5p,FLVCR1
hsa-miR-26b-5p,RHOU
hsa-miR-26b-5p,KCNK1
hsa-miR-26b-5p,ZBTB18
hsa-miR-26b-5p,ACBD5
hsa-miR-26b-5p,FRAT2
hsa-miR-26b-5p,ERLIN1
hsa-miR-26b-5p,BLOC1S2
hsa-miR-26b-5p,ZDHHC6
hsa-miR-26b-5p,SHTN1
hsa-miR-26b-5p,ARL5B
hsa-miR-26b-5p,UBE2D1
hsa-miR-26b-5p,REEP3
hsa-miR-26b-5p,PTEN
hsa-miR-26b-5p,TNKS2
hsa-miR-26b-5p,EIF4G2
hsa-miR-26b-5p,CELF1
hsa-miR-26b-5p,EHD1
hsa-miR-26b-5p,CREBZF
hsa-miR-26b-5p,CHORDC1
hsa-miR-26b-5p,HSPA8
hsa-miR-26b-5p,ADM
hsa-miR-26b-5p,PDHX
hsa-miR-26b-5p,SLC2A3
hsa-miR-26b-5p,C2CD5
hsa-miR-26b-5p,SLC38A2
hsa-miR-26b-5p,ITGA5
hsa-miR-26b-5p,ANKRD52
hsa-miR-26b-5p,ZFC3H1
hsa-miR-26b-5p,E2F7
hsa-miR-26b-5p,NTN4
hsa-miR-26b-5p,CORO1C
hsa-miR-26b-5p,GOLGA3
hsa-miR-26b-5p,WNK1
hsa-miR-26b-5p,CREBL2
hsa-miR-26b-5p,KLHL42
hsa-miR-26b-5p,LARP4
hsa-miR-26b-5p,SRGAP1
hsa-miR-26b-5p,HMGA2
hsa-miR-26b-5p,RAB21
hsa-miR-26b-5p,METAP2
hsa-miR-26b-5p,ULK1
hsa-miR-26b-5p,EP400
hsa-miR-26b-5p,SACS
hsa-miR-26b-5p,RNF6
hsa-miR-26b-5p,MAB21L1
hsa-miR-26b-5p,ZIC5
hsa-miR-26b-5p,GNPNAT1
hsa-miR-26b-5p,GMFB
hsa-miR-26b-5p,STYX
hsa-miR-26b-5p,ZNF410
hsa-miR-26b-5p,AC005520.1
hsa-miR-26b-5p,RCOR1
hsa-miR-26b-5p,ZNF106
hsa-miR-26b-5p,COPS2
hsa-miR-26b-5p,ARPP19
hsa-miR-26b-5p,COX5A
hsa-miR-26b-5p,NIPA1
hsa-miR-26b-5p,FAM98B
hsa-miR-26b-5p,CHAC1
hsa-miR-26b-5p,RCN2
hsa-miR-26b-5p,ANKRD11
hsa-miR-26b-5p,TNRC6A
hsa-miR-26b-5p,FBXL19
hsa-miR-26b-5p,C16orf70
hsa-miR-26b-5p,SSH2
hsa-miR-26b-5p,LSM12
hsa-miR-26b-5p,TOB1
hsa-miR-26b-5p,HELZ
hsa-miR-26b-5p,NLK
hsa-miR-26b-5p,CDK5R1
hsa-miR-26b-5p,CDC6
hsa-miR-26b-5p,DCAF7
hsa-miR-26b-5p,KPNA2
hsa-miR-26b-5p,TNRC6C
hsa-miR-26b-5p,CDH2
hsa-miR-26b-5p,ZNF516
hsa-miR-26b-5p,MIB1
hsa-miR-26b-5p,C18orf25
hsa-miR-26b-5p,PMAIP1
hsa-miR-26b-5p,MKNK2
hsa-miR-26b-5p,CHAF1A
hsa-miR-26b-5p,HNRNPUL1
hsa-miR-26b-5p,FBXO11
hsa-miR-26b-5p,PPP3R1
hsa-miR-26b-5p,FAM136A
hsa-miR-26b-5p,CACNB4
hsa-miR-26b-5p,SOCS5
hsa-miR-26b-5p,SPTBN1
hsa-miR-26b-5p,PEX13
hsa-miR-26b-5p,TET3
hsa-miR-26b-5p,MAT2A
hsa-miR-26b-5p,EPC2
hsa-miR-26b-5p,ARL6IP6
hsa-miR-26b-5p,UBR3
hsa-miR-26b-5p,MTX2
hsa-miR-26b-5p,NAB1
hsa-miR-26b-5p,NABP1
hsa-miR-26b-5p,ACSL3
hsa-miR-26b-5p,ZNF217
hsa-miR-26b-5p,HSPA13
hsa-miR-26b-5p,APP
hsa-miR-26b-5p,BRWD1
hsa-miR-26b-5p,CXADR
hsa-miR-26b-5p,AGPAT3
hsa-miR-26b-5p,TMEM184B
hsa-miR-26b-5p,EP300
hsa-miR-26b-5p,VGLL4
hsa-miR-26b-5p,CLASP2
hsa-miR-26b-5p,TASOR
hsa-miR-26b-5p,DCBLD2
hsa-miR-26b-5p,GSK3B
hsa-miR-26b-5p,OSBPL11
hsa-miR-26b-5p,TMCC1
hsa-miR-26b-5p,PLOD2
hsa-miR-26b-5p,SERP1
hsa-miR-26b-5p,NCEH1
hsa-miR-26b-5p,ITPR1
hsa-miR-26b-5p,BHLHE40
hsa-miR-26b-5p,ZBTB38
hsa-miR-26b-5p,KLHL24
hsa-miR-26b-5p,NAP1L5
hsa-miR-26b-5p,EIF4E
hsa-miR-26b-5p,SLC7A11
hsa-miR-26b-5p,OTUD4
hsa-miR-26b-5p,SH3D19
hsa-miR-26b-5p,SH3RF1
hsa-miR-26b-5p,CPEB2
hsa-miR-26b-5p,UBE2K
hsa-miR-26b-5p,TMEM33
hsa-miR-26b-5p,SMAD1
hsa-miR-26b-5p,FAM160A1
hsa-miR-26b-5p,MSMO1
hsa-miR-26b-5p,MIER3
hsa-miR-26b-5p,DEPDC1B
hsa-miR-26b-5p,CHD1
hsa-miR-26b-5p,PJA2
hsa-miR-26b-5p,FNIP1
hsa-miR-26b-5p,VDAC1
hsa-miR-26b-5p,ETF1
hsa-miR-26b-5p,ADAM19
hsa-miR-26b-5p,UBTD2
hsa-miR-26b-5p,BOD1
hsa-miR-26b-5p,ICE1
hsa-miR-26b-5p,ZSWIM6
hsa-miR-26b-5p,MAP1B
hsa-miR-26b-5p,TNPO1
hsa-miR-26b-5p,POLR3G
hsa-miR-26b-5p,MATR3
hsa-miR-26b-5p,PURA
hsa-miR-26b-5p,GALNT10
hsa-miR-26b-5p,LARP1
hsa-miR-26b-5p,CREBRF
hsa-miR-26b-5p,SFXN1
hsa-miR-26b-5p,RANBP9
hsa-miR-26b-5p,NUP153
hsa-miR-26b-5p,CCN2
hsa-miR-26b-5p,JARID2
hsa-miR-26b-5p,HMGA1
hsa-miR-26b-5p,PIM1
hsa-miR-26b-5p,PTP4A1
hsa-miR-26b-5p,AL135905.2
hsa-miR-26b-5p,PNRC1
hsa-miR-26b-5p,NUS1
hsa-miR-26b-5p,CCDC28A
hsa-miR-26b-5p,HOXA5
hsa-miR-26b-5p,HOXA9
hsa-miR-26b-5p,BCL7B
hsa-miR-26b-5p,HGF
hsa-miR-26b-5p,MTPN
hsa-miR-26b-5p,KMT2C
hsa-miR-26b-5p,TMEM106B
hsa-miR-26b-5p,POM121
hsa-miR-26b-5p,PHTF2
hsa-miR-26b-5p,ANKIB1
hsa-miR-26b-5p,COL1A2
hsa-miR-26b-5p,MFHAS1
hsa-miR-26b-5p,PSD3
hsa-miR-26b-5p,REEP4
hsa-miR-26b-5p,LOXL2
hsa-miR-26b-5p,GSR
hsa-miR-26b-5p,RAB11FIP1
hsa-miR-26b-5p,UBE2W
hsa-miR-26b-5p,TPD52
hsa-miR-26b-5p,TP53INP1
hsa-miR-26b-5p,CYRIB
hsa-miR-26b-5p,ADAM9
hsa-miR-26b-5p,YTHDF3
hsa-miR-26b-5p,MTDH
hsa-miR-26b-5p,PHF20L1
hsa-miR-26b-5p,B4GALT1
hsa-miR-26b-5p,CEMIP2
hsa-miR-26b-5p,RFK
hsa-miR-26b-5p,FBXW2
hsa-miR-26b-5p,CAMSAP1
hsa-miR-26b-5p,VLDLR
hsa-miR-26b-5p,NEK6
hsa-miR-26b-5p,RAP2C
hsa-miR-26b-5p,ATP11C
hsa-miR-26b-5p,DDX3X
hsa-miR-26b-5p,PHF6
hsa-miR-27a-3p,ID3
hsa-miR-27a-3p,PLPP3
hsa-miR-27a-3p,SERBP1
hsa-miR-27a-3p,GNG12
hsa-miR-27a-3p,C1orf52
hsa-miR-27a-3p,TGFBR3
hsa-miR-27a-3p,DIPK1A
hsa-miR-27a-3p,TMED5
hsa-miR-27a-3p,F3
hsa-miR-27a-3p,CNN3
hsa-miR-27a-3p,EDEM3
hsa-miR-27a-3p,AGRN
hsa-miR-27a-3p,PHF13
hsa-miR-27a-3p,SZRD1
hsa-miR-27a-3p,PITHD1
hsa-miR-27a-3p,PNRC2
hsa-miR-27a-3p,SESN2
hsa-miR-27a-3p,EPB41
hsa-miR-27a-3p,AKIRIN1
hsa-miR-27a-3p,CSF1
hsa-miR-27a-3p,CAPZA1
hsa-miR-27a-3p,VANGL1
hsa-miR-27a-3p,PTGFRN
hsa-miR-27a-3p,ATP1A2
hsa-miR-27a-3p,UAP1
hsa-miR-27a-3p,PRRC2C
hsa-miR-27a-3p,SUCO
hsa-miR-27a-3p,RO60
hsa-miR-27a-3p,BTG2
hsa-miR-27a-3p,ZBTB18
hsa-miR-27a-3p,HNRNPF
hsa-miR-27a-3p,ACTA2
hsa-miR-27a-3p,PANK1
hsa-miR-27a-3p,CPEB3
hsa-miR-27a-3p,GPAM
hsa-miR-27a-3p,SFXN4
hsa-miR-27a-3p,GATA3
hsa-miR-27a-3p,CELF2
hsa-miR-27a-3p,BMI1
hsa-miR-27a-3p,UBE2D1
hsa-miR-27a-3p,PPIF
hsa-miR-27a-3p,CCNJ
hsa-miR-27a-3p,RNF141
hsa-miR-27a-3p,LIN7C
hsa-miR-27a-3p,CELF1
hsa-miR-27a-3p,PRPF19
hsa-miR-27a-3p,KMT5B
hsa-miR-27a-3p,PGM2L1
hsa-miR-27a-3p,RSF1
hsa-miR-27a-3p,TMEM123
hsa-miR-27a-3p,ALG9
hsa-miR-27a-3p,HYOU1
hsa-miR-27a-3p,WEE1
hsa-miR-27a-3p,PDE3B
hsa-miR-27a-3p,NAV2
hsa-miR-27a-3p,PDHX
hsa-miR-27a-3p,PTPRJ
hsa-miR-27a-3p,PPP6R3
hsa-miR-27a-3p,CAPRIN2
hsa-miR-27a-3p,H3-5
hsa-miR-27a-3p,GXYLT1
hsa-miR-27a-3p,SCAF11
hsa-miR-27a-3p,ADCY6
hsa-miR-27a-3p,ARF3
hsa-miR-27a-3p,ZBTB39
hsa-miR-27a-3p,GNS
hsa-miR-27a-3p,E2F7
hsa-miR-27a-3p,KITLG
hsa-miR-27a-3p,ATP2B1
hsa-miR-27a-3p,CKAP4
hsa-miR-27a-3p,SSH1
hsa-miR-27a-3p,PPP1CC
hsa-miR-27a-3p,SRSF9
hsa-miR-27a-3p,WNK1
hsa-miR-27a-3p,NECAP1
hsa-miR-27a-3p,PDE3A
hsa-miR-27a-3p,RESF1
hsa-miR-27a-3p,TMBIM6
hsa-miR-27a-3p,LARP4
hsa-miR-27a-3p,LETMD1
hsa-miR-27a-3p,HOXC6
hsa-miR-27a-3p,RAP1B
hsa-miR-27a-3p,APAF1
hsa-miR-27a-3p,PSPC1
hsa-miR-27a-3p,RCBTB1
hsa-miR-27a-3p,PCDH9
hsa-miR-27a-3p,SPRY2
hsa-miR-27a-3p,ZIC5
hsa-miR-27a-3p,PDS5B
hsa-miR-27a-3p,SGPP1
hsa-miR-27a-3p,ZFP36L1
hsa-miR-27a-3p,SPTLC2
hsa-miR-27a-3p,PAX9
hsa-miR-27a-3p,ARF6
hsa-miR-27a-3p,FRMD6
hsa-miR-27a-3p,SUSD6
hsa-miR-27a-3p,PCNX1
hsa-miR-27a-3p,CCNK
hsa-miR-27a-3p,EML1
hsa-miR-27a-3p,EIF5
hsa-miR-27a-3p,GOLGA8A
hsa-miR-27a-3p,NEDD4
hsa-miR-27a-3p,NPTN
hsa-miR-27a-3p,SEMA7A
hsa-miR-27a-3p,TM2D3
hsa-miR-27a-3p,ABHD17C
hsa-miR-27a-3p,TLNRD1
hsa-miR-27a-3p,NR2F2
hsa-miR-27a-3p,ARRDC4
hsa-miR-27a-3p,UNKL
hsa-miR-27a-3p,LITAF
hsa-miR-27a-3p,GSPT1
hsa-miR-27a-3p,CNOT1
hsa-miR-27a-3p,CDH11
hsa-miR-27a-3p,MTSS2
hsa-miR-27a-3p,PHLPP2
hsa-miR-27a-3p,ZFHX3
hsa-miR-27a-3p,TMEM170A
hsa-miR-27a-3p,CAPN15
hsa-miR-27a-3p,PDPK1
hsa-miR-27a-3p,SNN
hsa-miR-27a-3p,CBFB
hsa-miR-27a-3p,NEURL4
hsa-miR-27a-3p,SYNRG
hsa-miR-27a-3p,ACLY
hsa-miR-27a-3p,ANKRD40
hsa-miR-27a-3p,MMD
hsa-miR-27a-3p,SRSF1
hsa-miR-27a-3p,AC015813.2
hsa-miR-27a-3p,MTMR4
hsa-miR-27a-3p,APPBP2
hsa-miR-27a-3p,SMURF2
hsa-miR-27a-3p,GRB2
hsa-miR-27a-3p,H3-3B
hsa-miR-27a-3p,HIC1
hsa-miR-27a-3p,MAP2K4
hsa-miR-27a-3p,WSB1
hsa-miR-27a-3p,TAOK1
hsa-miR-27a-3p,NF1
hsa-miR-27a-3p,SUZ12
hsa-miR-27a-3p,MSL1
hsa-miR-27a-3p,NPEPPS
hsa-miR-27a-3p,KPNB1
hsa-miR-27a-3p,DYNLL2
hsa-miR-27a-3p,RPS6KB1
hsa-miR-27a-3p,GATA6
hsa-miR-27a-3p,MKNK2
hsa-miR-27a-3p,KHSRP
hsa-miR-27a-3p,CHERP
hsa-miR-27a-3p,LYPD3
hsa-miR-27a-3p,LDLR
hsa-miR-27a-3p,DPY19L3
hsa-miR-27a-3p,BCL3
hsa-miR-27a-3p,CALM3
hsa-miR-27a-3p,ITSN2
hsa-miR-27a-3p,FAM98A
hsa-miR-27a-3p,ZFP36L2
hsa-miR-27a-3p,GFPT1
hsa-miR-27a-3p,TGOLN2
hsa-miR-27a-3p,RND3
hsa-miR-27a-3p,ACVR1
hsa-miR-27a-3p,ATP5MC3
hsa-miR-27a-3p,NFE2L2
hsa-miR-27a-3p,TFPI
hsa-miR-27a-3p,FN1
hsa-miR-27a-3p,SOX11
hsa-miR-27a-3p,EPAS1
hsa-miR-27a-3p,TMSB10
hsa-miR-27a-3p,KDM3A
hsa-miR-27a-3p,RMND5A
hsa-miR-27a-3p,NABP1
hsa-miR-27a-3p,NRP2
hsa-miR-27a-3p,PNKD
hsa-miR-27a-3p,FASTKD5
hsa-miR-27a-3p,LZTS3
hsa-miR-27a-3p,C20orf194
hsa-miR-27a-3p,FLRT3
hsa-miR-27a-3p,PLAGL2
hsa-miR-27a-3p,CABLES2
hsa-miR-27a-3p,SNAP25
hsa-miR-27a-3p,YWHAB
hsa-miR-27a-3p,PARD6B
hsa-miR-27a-3p,VAPB
hsa-miR-27a-3p,FAM217B
hsa-miR-27a-3p,RUNX1
hsa-miR-27a-3p,SIK1
hsa-miR-27a-3p,DYRK1A
hsa-miR-27a-3p,AGPAT3
hsa-miR-27a-3p,ATXN10
hsa-miR-27a-3p,STIMATE
hsa-miR-27a-3p,RYBP
hsa-miR-27a-3p,NAA50
hsa-miR-27a-3p,HEG1
hsa-miR-27a-3p,GATA2
hsa-miR-27a-3p,PLXND1
hsa-miR-27a-3p,TMCC1
hsa-miR-27a-3p,AMOTL2
hsa-miR-27a-3p,SERP1
hsa-miR-27a-3p,SETD5
hsa-miR-27a-3p,SLC6A6
hsa-miR-27a-3p,KBTBD8
hsa-miR-27a-3p,BBX
hsa-miR-27a-3p,ATP6V1A
hsa-miR-27a-3p,TSC22D2
hsa-miR-27a-3p,AHSG
hsa-miR-27a-3p,AFAP1
hsa-miR-27a-3p,SMIM14
hsa-miR-27a-3p,USP46
hsa-miR-27a-3p,ANKRD17
hsa-miR-27a-3p,H2AZ1
hsa-miR-27a-3p,SLC7A11
hsa-miR-27a-3p,FBXW7
hsa-miR-27a-3p,ADD1
hsa-miR-27a-3p,KLF3
hsa-miR-27a-3p,DCUN1D4
hsa-miR-27a-3p,PDGFRA
hsa-miR-27a-3p,RUFY3
hsa-miR-27a-3p,CDS1
hsa-miR-27a-3p,KIAA1109
hsa-miR-27a-3p,RAPGEF2
hsa-miR-27a-3p,GALNT7
hsa-miR-27a-3p,LPCAT1
hsa-miR-27a-3p,LIFR
hsa-miR-27a-3p,HMGCS1
hsa-miR-27a-3p,MIER3
hsa-miR-27a-3p,PLK2
hsa-miR-27a-3p,DEPDC1B
hsa-miR-27a-3p,TRIM23
hsa-miR-27a-3p,LYSMD3
hsa-miR-27a-3p,ELL2
hsa-miR-27a-3p,SEMA6A
hsa-miR-27a-3p,KIF3A
hsa-miR-27a-3p,AFF4
hsa-miR-27a-3p,ADAM19
hsa-miR-27a-3p,FAM193B
hsa-miR-27a-3p,GFPT2
hsa-miR-27a-3p,SUB1
hsa-miR-27a-3p,TNPO1
hsa-miR-27a-3p,HMGCR
hsa-miR-27a-3p,MAN2A1
hsa-miR-27a-3p,SOWAHA
hsa-miR-27a-3p,SEC24A
hsa-miR-27a-3p,SMAD5
hsa-miR-27a-3p,PAIP2
hsa-miR-27a-3p,PURA
hsa-miR-27a-3p,CCNG1
hsa-miR-27a-3p,NEURL1B
hsa-miR-27a-3p,CREBRF
hsa-miR-27a-3p,CPEB4
hsa-miR-27a-3p,NSD1
hsa-miR-27a-3p,NUP153
hsa-miR-27a-3p,PNISR
hsa-miR-27a-3p,HIVEP2
hsa-miR-27a-3p,IRF4
hsa-miR-27a-3p,RREB1
hsa-miR-27a-3p,TMEM170B
hsa-miR-27a-3p,BRPF3
hsa-miR-27a-3p,FOXP4
hsa-miR-27a-3p,CD2AP
hsa-miR-27a-3p,LIN28B
hsa-miR-27a-3p,FOXO3
hsa-miR-27a-3p,AMD1
hsa-miR-27a-3p,MARCKS
hsa-miR-27a-3p,ARMT1
hsa-miR-27a-3p,QKI
hsa-miR-27a-3p,C6orf120
hsa-miR-27a-3p,TNRC18
hsa-miR-27a-3p,HOXA10
hsa-miR-27a-3p,PDK4
hsa-miR-27a-3p,ZNF800
hsa-miR-27a-3p,KMT2C
hsa-miR-27a-3p,MTURN
hsa-miR-27a-3p,LIMK1
hsa-miR-27a-3p,PEG10
hsa-miR-27a-3p,MET
hsa-miR-27a-3p,CALD1
hsa-miR-27a-3p,EN2
hsa-miR-27a-3p,MFHAS1
hsa-miR-27a-3p,LONRF1
hsa-miR-27a-3p,ASAH1
hsa-miR-27a-3p,SFRP1
hsa-miR-27a-3p,ASPH
hsa-miR-27a-3p,ARFGEF1
hsa-miR-27a-3p,UBR5
hsa-miR-27a-3p,LRATD2
hsa-miR-27a-3p,LPL
hsa-miR-27a-3p,TCIM
hsa-miR-27a-3p,ZBTB10
hsa-miR-27a-3p,LAPTM4B
hsa-miR-27a-3p,RNF38
hsa-miR-27a-3p,FBXO10
hsa-miR-27a-3p,GOLM1
hsa-miR-27a-3p,RAB14
hsa-miR-27a-3p,FAM102A
hsa-miR-27a-3p,NRARP
hsa-miR-27a-3p,FAM120A
hsa-miR-27a-3p,TGFBR1
hsa-miR-27a-3p,NEK6
hsa-miR-27a-3p,ZBTB34
hsa-miR-27a-3p,MED14
hsa-miR-27a-3p,BEX3
hsa-miR-27a-3p,BCORL1
hsa-miR-27b-3p,ID3
hsa-miR-27b-3p,PLPP3
hsa-miR-27b-3p,SERBP1
hsa-miR-27b-3p,GNG12
hsa-miR-27b-3p,C1orf52
hsa-miR-27b-3p,TGFBR3
hsa-miR-27b-3p,DIPK1A
hsa-miR-27b-3p,TMED5
hsa-miR-27b-3p,F3
hsa-miR-27b-3p,CNN3
hsa-miR-27b-3p,EDEM3
hsa-miR-27b-3p,AGRN
hsa-miR-27b-3p,PHF13
hsa-miR-27b-3p,SZRD1
hsa-miR-27b-3p,PITHD1
hsa-miR-27b-3p,PNRC2
hsa-miR-27b-3p,SESN2
hsa-miR-27b-3p,EPB41
hsa-miR-27b-3p,AKIRIN1
hsa-miR-27b-3p,CSF1
hsa-miR-27b-3p,CAPZA1
hsa-miR-27b-3p,VANGL1
hsa-miR-27b-3p,PTGFRN
hsa-miR-27b-3p,ATP1A2
hsa-miR-27b-3p,UAP1
hsa-miR-27b-3p,PRRC2C
hsa-miR-27b-3p,SUCO
hsa-miR-27b-3p,RO60
hsa-miR-27b-3p,BTG2
hsa-miR-27b-3p,ZBTB18
hsa-miR-27b-3p,HNRNPF
hsa-miR-27b-3p,ACTA2
hsa-miR-27b-3p,PANK1
hsa-miR-27b-3p,CPEB3
hsa-miR-27b-3p,GPAM
hsa-miR-27b-3p,SFXN4
hsa-miR-27b-3p,GATA3
hsa-miR-27b-3p,CELF2
hsa-miR-27b-3p,BMI1
hsa-miR-27b-3p,UBE2D1
hsa-miR-27b-3p,PPIF
hsa-miR-27b-3p,CCNJ
hsa-miR-27b-3p,RNF141
hsa-miR-27b-3p,LIN7C
hsa-miR-27b-3p,CELF1
hsa-miR-27b-3p,PRPF19
hsa-miR-27b-3p,KMT5B
hsa-miR-27b-3p,PGM2L1
hsa-miR-27b-3p,RSF1
hsa-miR-27b-3p,TMEM123
hsa-miR-27b-3p,ALG9
hsa-miR-27b-3p,HYOU1
hsa-miR-27b-3p,WEE1
hsa-miR-27b-3p,PDE3B
hsa-miR-27b-3p,NAV2
hsa-miR-27b-3p,PDHX
hsa-miR-27b-3p,PTPRJ
hsa-miR-27b-3p,PPP6R3
hsa-miR-27b-3p,CAPRIN2
hsa-miR-27b-3p,H3-5
hsa-miR-27b-3p,GXYLT1
hsa-miR-27b-3p,SCAF11
hsa-miR-27b-3p,ADCY6
hsa-miR-27b-3p,ARF3
hsa-miR-27b-3p,ZBTB39
hsa-miR-27b-3p,GNS
hsa-miR-27b-3p,E2F7
hsa-miR-27b-3p,KITLG
hsa-miR-27b-3p,ATP2B1
hsa-miR-27b-3p,CKAP4
hsa-miR-27b-3p,SSH1
hsa-miR-27b-3p,PPP1CC
hsa-miR-27b-3p,SRSF9
hsa-miR-27b-3p,WNK1
hsa-miR-27b-3p,NECAP1
hsa-miR-27b-3p,PDE3A
hsa-miR-27b-3p,RESF1
hsa-miR-27b-3p,TMBIM6
hsa-miR-27b-3p,LARP4
hsa-miR-27b-3p,LETMD1
hsa-miR-27b-3p,HOXC6
hsa-miR-27b-3p,RAP1B
hsa-miR-27b-3p,APAF1
hsa-miR-27b-3p,PSPC1
hsa-miR-27b-3p,RCBTB1
hsa-miR-27b-3p,PCDH9
hsa-miR-27b-3p,SPRY2
hsa-miR-27b-3p,ZIC5
hsa-miR-27b-3p,PDS5B
hsa-miR-27b-3p,SGPP1
hsa-miR-27b-3p,ZFP36L1
hsa-miR-27b-3p,SPTLC2
hsa-miR-27b-3p,PAX9
hsa-miR-27b-3p,ARF6
hsa-miR-27b-3p,FRMD6
hsa-miR-27b-3p,SUSD6
hsa-miR-27b-3p,PCNX1
hsa-miR-27b-3p,CCNK
hsa-miR-27b-3p,EML1
hsa-miR-27b-3p,EIF5
hsa-miR-27b-3p,GOLGA8A
hsa-miR-27b-3p,NEDD4
hsa-miR-27b-3p,NPTN
hsa-miR-27b-3p,SEMA7A
hsa-miR-27b-3p,TM2D3
hsa-miR-27b-3p,ABHD17C
hsa-miR-27b-3p,TLNRD1
hsa-miR-27b-3p,NR2F2
hsa-miR-27b-3p,ARRDC4
hsa-miR-27b-3p,UNKL
hsa-miR-27b-3p,LITAF
hsa-miR-27b-3p,GSPT1
hsa-miR-27b-3p,CNOT1
hsa-miR-27b-3p,CDH11
hsa-miR-27b-3p,MTSS2
hsa-miR-27b-3p,PHLPP2
hsa-miR-27b-3p,ZFHX3
hsa-miR-27b-3p,TMEM170A
hsa-miR-27b-3p,CAPN15
hsa-miR-27b-3p,PDPK1
hsa-miR-27b-3p,SNN
hsa-miR-27b-3p,CBFB
hsa-miR-27b-3p,NEURL4
hsa-miR-27b-3p,SYNRG
hsa-miR-27b-3p,ACLY
hsa-miR-27b-3p,ANKRD40
hsa-miR-27b-3p,MMD
hsa-miR-27b-3p,SRSF1
hsa-miR-27b-3p,AC015813.2
hsa-miR-27b-3p,MTMR4
hsa-miR-27b-3p,APPBP2
hsa-miR-27b-3p,SMURF2
hsa-miR-27b-3p,GRB2
hsa-miR-27b-3p,H3-3B
hsa-miR-27b-3p,HIC1
hsa-miR-27b-3p,MAP2K4
hsa-miR-27b-3p,WSB1
hsa-miR-27b-3p,TAOK1
hsa-miR-27b-3p,NF1
hsa-miR-27b-3p,SUZ12
hsa-miR-27b-3p,MSL1
hsa-miR-27b-3p,NPEPPS
hsa-miR-27b-3p,KPNB1
hsa-miR-27b-3p,DYNLL2
hsa-miR-27b-3p,RPS6KB1
hsa-miR-27b-3p,GATA6
hsa-miR-27b-3p,MKNK2
hsa-miR-27b-3p,KHSRP
hsa-miR-27b-3p,CHERP
hsa-miR-27b-3p,LYPD3
hsa-miR-27b-3p,LDLR
hsa-miR-27b-3p,DPY19L3
hsa-miR-27b-3p,BCL3
hsa-miR-27b-3p,CALM3
hsa-miR-27b-3p,ITSN2
hsa-miR-27b-3p,FAM98A
hsa-miR-27b-3p,ZFP36L2
hsa-miR-27b-3p,GFPT1
hsa-miR-27b-3p,TGOLN2
hsa-miR-27b-3p,RND3
hsa-miR-27b-3p,ACVR1
hsa-miR-27b-3p,ATP5MC3
hsa-miR-27b-3p,NFE2L2
hsa-miR-27b-3p,TFPI
hsa-miR-27b-3p,FN1
hsa-miR-27b-3p,SOX11
hsa-miR-27b-3p,EPAS1
hsa-miR-27b-3p,TMSB10
hsa-miR-27b-3p,KDM3A
hsa-miR-27b-3p,RMND5A
hsa-miR-27b-3p,NABP1
hsa-miR-27b-3p,NRP2
hsa-miR-27b-3p,PNKD
hsa-miR-27b-3p,FASTKD5
hsa-miR-27b-3p,LZTS3
hsa-miR-27b-3p,C20orf194
hsa-miR-27b-3p,FLRT3
hsa-miR-27b-3p,PLAGL2
hsa-miR-27b-3p,CABLES2
hsa-miR-27b-3p,SNAP25
hsa-miR-27b-3p,YWHAB
hsa-miR-27b-3p,PARD6B
hsa-miR-27b-3p,VAPB
hsa-miR-27b-3p,FAM217B
hsa-miR-27b-3p,RUNX1
hsa-miR-27b-3p,SIK1
hsa-miR-27b-3p,DYRK1A
hsa-miR-27b-3p,AGPAT3
hsa-miR-27b-3p,ATXN10
hsa-miR-27b-3p,STIMATE
hsa-miR-27b-3p,RYBP
hsa-miR-27b-3p,NAA50
hsa-miR-27b-3p,HEG1
hsa-miR-27b-3p,GATA2
hsa-miR-27b-3p,PLXND1
hsa-miR-27b-3p,TMCC1
hsa-miR-27b-3p,AMOTL2
hsa-miR-27b-3p,SERP1
hsa-miR-27b-3p,SETD5
hsa-miR-27b-3p,SLC6A6
hsa-miR-27b-3p,KBTBD8
hsa-miR-27b-3p,BBX
hsa-miR-27b-3p,ATP6V1A
hsa-miR-27b-3p,TSC22D2
hsa-miR-27b-3p,AHSG
hsa-miR-27b-3p,AFAP1
hsa-miR-27b-3p,SMIM14
hsa-miR-27b-3p,USP46
hsa-miR-27b-3p,ANKRD17
hsa-miR-27b-3p,H2AZ1
hsa-miR-27b-3p,SLC7A11
hsa-miR-27b-3p,FBXW7
hsa-miR-27b-3p,ADD1
hsa-miR-27b-3p,KLF3
hsa-miR-27b-3p,DCUN1D4
hsa-miR-27b-3p,PDGFRA
hsa-miR-27b-3p,RUFY3
hsa-miR-27b-3p,CDS1
hsa-miR-27b-3p,KIAA1109
hsa-miR-27b-3p,RAPGEF2
hsa-miR-27b-3p,GALNT7
hsa-miR-27b-3p,LPCAT1
hsa-miR-27b-3p,LIFR
hsa-miR-27b-3p,HMGCS1
hsa-miR-27b-3p,MIER3
hsa-miR-27b-3p,PLK2
hsa-miR-27b-3p,DEPDC1B
hsa-miR-27b-3p,TRIM23
hsa-miR-27b-3p,LYSMD3
hsa-miR-27b-3p,ELL2
hsa-miR-27b-3p,SEMA6A
hsa-miR-27b-3p,KIF3A
hsa-miR-27b-3p,AFF4
hsa-miR-27b-3p,ADAM19
hsa-miR-27b-3p,FAM193B
hsa-miR-27b-3p,GFPT2
hsa-miR-27b-3p,SUB1
hsa-miR-27b-3p,TNPO1
hsa-miR-27b-3p,HMGCR
hsa-miR-27b-3p,MAN2A1
hsa-miR-27b-3p,SOWAHA
hsa-miR-27b-3p,SEC24A
hsa-miR-27b-3p,SMAD5
hsa-miR-27b-3p,PAIP2
hsa-miR-27b-3p,PURA
hsa-miR-27b-3p,CCNG1
hsa-miR-27b-3p,NEURL1B
hsa-miR-27b-3p,CREBRF
hsa-miR-27b-3p,CPEB4
hsa-miR-27b-3p,NSD1
hsa-miR-27b-3p,NUP153
hsa-miR-27b-3p,PNISR
hsa-miR-27b-3p,HIVEP2
hsa-miR-27b-3p,IRF4
hsa-miR-27b-3p,RREB1
hsa-miR-27b-3p,TMEM170B
hsa-miR-27b-3p,BRPF3
hsa-miR-27b-3p,FOXP4
hsa-miR-27b-3p,CD2AP
hsa-miR-27b-3p,LIN28B
hsa-miR-27b-3p,FOXO3
hsa-miR-27b-3p,AMD1
hsa-miR-27b-3p,MARCKS
hsa-miR-27b-3p,ARMT1
hsa-miR-27b-3p,QKI
hsa-miR-27b-3p,C6orf120
hsa-miR-27b-3p,TNRC18
hsa-miR-27b-3p,HOXA10
hsa-miR-27b-3p,PDK4
hsa-miR-27b-3p,ZNF800
hsa-miR-27b-3p,KMT2C
hsa-miR-27b-3p,MTURN
hsa-miR-27b-3p,LIMK1
hsa-miR-27b-3p,PEG10
hsa-miR-27b-3p,MET
hsa-miR-27b-3p,CALD1
hsa-miR-27b-3p,EN2
hsa-miR-27b-3p,MFHAS1
hsa-miR-27b-3p,LONRF1
hsa-miR-27b-3p,ASAH1
hsa-miR-27b-3p,SFRP1
hsa-miR-27b-3p,ASPH
hsa-miR-27b-3p,ARFGEF1
hsa-miR-27b-3p,UBR5
hsa-miR-27b-3p,LRATD2
hsa-miR-27b-3p,LPL
hsa-miR-27b-3p,TCIM
hsa-miR-27b-3p,ZBTB10
hsa-miR-27b-3p,LAPTM4B
hsa-miR-27b-3p,RNF38
hsa-miR-27b-3p,FBXO10
hsa-miR-27b-3p,GOLM1
hsa-miR-27b-3p,RAB14
hsa-miR-27b-3p,FAM102A
hsa-miR-27b-3p,NRARP
hsa-miR-27b-3p,FAM120A
hsa-miR-27b-3p,TGFBR1
hsa-miR-27b-3p,NEK6
hsa-miR-27b-3p,ZBTB34
hsa-miR-27b-3p,MED14
hsa-miR-27b-3p,BEX3
hsa-miR-27b-3p,BCORL1
hsa-miR-28-5p,FOXJ3
hsa-miR-28-5p,NRAS
hsa-miR-28-5p,PSAP
hsa-miR-28-5p,SSRP1
hsa-miR-28-5p,PAFAH1B2
hsa-miR-28-5p,WSB2
hsa-miR-28-5p,TXNL1
hsa-miR-28-5p,LYPD3
hsa-miR-28-5p,TEX261
hsa-miR-28-5p,NFE2L2
hsa-miR-28-5p,CRIM1
hsa-miR-28-5p,NOL4L
hsa-miR-28-5p,ETF1
hsa-miR-28-5p,TNS3
hsa-miR-28-5p,CASP2
hsa-miR-296-3p,SHOC2
hsa-miR-296-3p,SERF2
hsa-miR-296-3p,ZNF629
hsa-miR-296-3p,TCERG1
hsa-miR-299-3p,ZNF207
hsa-miR-299-3p,LUC7L3
hsa-miR-299-3p,TGIF1
hsa-miR-299-3p,CCNT2
hsa-miR-299-3p,ZNFX1
hsa-miR-299-3p,ADD1
hsa-miR-299-3p,HNRNPA0
hsa-miR-299-3p,PTP4A1
hsa-miR-299-3p,AL135905.2
hsa-miR-29a-3p,SNIP1
hsa-miR-29a-3p,YRDC
hsa-miR-29a-3p,P3H1
hsa-miR-29a-3p,SERBP1
hsa-miR-29a-3p,GNG12
hsa-miR-29a-3p,COL11A1
hsa-miR-29a-3p,SLC16A1
hsa-miR-29a-3p,NRAS
hsa-miR-29a-3p,SIKE1
hsa-miR-29a-3p,MCL1
hsa-miR-29a-3p,ARNT
hsa-miR-29a-3p,CDC42SE1
hsa-miR-29a-3p,RIT1
hsa-miR-29a-3p,ISG20L2
hsa-miR-29a-3p,KDM5B
hsa-miR-29a-3p,PPP1R15B
hsa-miR-29a-3p,CCSAP
hsa-miR-29a-3p,NID1
hsa-miR-29a-3p,AKT3
hsa-miR-29a-3p,CDC42
hsa-miR-29a-3p,PDIK1L
hsa-miR-29a-3p,RLF
hsa-miR-29a-3p,GPX7
hsa-miR-29a-3p,NFIA
hsa-miR-29a-3p,SETDB1
hsa-miR-29a-3p,MLLT11
hsa-miR-29a-3p,S100A1
hsa-miR-29a-3p,PRRC2C
hsa-miR-29a-3p,LAMC1
hsa-miR-29a-3p,ATP2B4
hsa-miR-29a-3p,LARP4B
hsa-miR-29a-3p,KIF5B
hsa-miR-29a-3p,HNRNPF
hsa-miR-29a-3p,NCOA4
hsa-miR-29a-3p,ERCC6
hsa-miR-29a-3p,ANK3
hsa-miR-29a-3p,FRAT2
hsa-miR-29a-3p,ADAM12
hsa-miR-29a-3p,CAMK1D
hsa-miR-29a-3p,WAC
hsa-miR-29a-3p,CSGALNACT2
hsa-miR-29a-3p,TET1
hsa-miR-29a-3p,CCSER2
hsa-miR-29a-3p,PTEN
hsa-miR-29a-3p,ENTPD7
hsa-miR-29a-3p,WBP1L
hsa-miR-29a-3p,CASP7
hsa-miR-29a-3p,SPTY2D1
hsa-miR-29a-3p,NUP160
hsa-miR-29a-3p,TIMM8B
hsa-miR-29a-3p,DDX6
hsa-miR-29a-3p,CAPRIN1
hsa-miR-29a-3p,PDHX
hsa-miR-29a-3p,CTNND1
hsa-miR-29a-3p,AP001931.2
hsa-miR-29a-3p,ZFP91
hsa-miR-29a-3p,EMSY
hsa-miR-29a-3p,C11orf87
hsa-miR-29a-3p,TNFRSF1A
hsa-miR-29a-3p,SLC2A3
hsa-miR-29a-3p,YBX3
hsa-miR-29a-3p,LRP6
hsa-miR-29a-3p,SCAF11
hsa-miR-29a-3p,COL2A1
hsa-miR-29a-3p,E2F7
hsa-miR-29a-3p,CCND2
hsa-miR-29a-3p,STK38L
hsa-miR-29a-3p,MYL6
hsa-miR-29a-3p,CAND1
hsa-miR-29a-3p,FRS2
hsa-miR-29a-3p,TMTC3
hsa-miR-29a-3p,METAP2
hsa-miR-29a-3p,TDG
hsa-miR-29a-3p,MLXIP
hsa-miR-29a-3p,ZIC5
hsa-miR-29a-3p,POGLUT2
hsa-miR-29a-3p,COL4A1
hsa-miR-29a-3p,COL4A2
hsa-miR-29a-3p,KLHL28
hsa-miR-29a-3p,FERMT2
hsa-miR-29a-3p,ZFP36L1
hsa-miR-29a-3p,MIDEAS
hsa-miR-29a-3p,DICER1
hsa-miR-29a-3p,CDCA4
hsa-miR-29a-3p,SAMD4A
hsa-miR-29a-3p,EIF2S1
hsa-miR-29a-3p,YY1
hsa-miR-29a-3p,RCOR1
hsa-miR-29a-3p,NDN
hsa-miR-29a-3p,BMF
hsa-miR-29a-3p,FBN1
hsa-miR-29a-3p,CSPG4
hsa-miR-29a-3p,CHSY1
hsa-miR-29a-3p,CTDSPL2
hsa-miR-29a-3p,TPM1
hsa-miR-29a-3p,FEM1B
hsa-miR-29a-3p,CD276
hsa-miR-29a-3p,SCAMP5
hsa-miR-29a-3p,IREB2
hsa-miR-29a-3p,MORF4L1
hsa-miR-29a-3p,AKAP13
hsa-miR-29a-3p,RPS15A
hsa-miR-29a-3p,C16orf87
hsa-miR-29a-3p,MTSS2
hsa-miR-29a-3p,MAZ
hsa-miR-29a-3p,YWHAE
hsa-miR-29a-3p,PMP22
hsa-miR-29a-3p,BLMH
hsa-miR-29a-3p,COL1A1
hsa-miR-29a-3p,MBTD1
hsa-miR-29a-3p,MTMR4
hsa-miR-29a-3p,JPT1
hsa-miR-29a-3p,KDM6B
hsa-miR-29a-3p,TRAF4
hsa-miR-29a-3p,ANKRD13B
hsa-miR-29a-3p,PPM1D
hsa-miR-29a-3p,RAB12
hsa-miR-29a-3p,RIOK3
hsa-miR-29a-3p,RNF138
hsa-miR-29a-3p,MAPRE2
hsa-miR-29a-3p,IFI30
hsa-miR-29a-3p,AC007192.1
hsa-miR-29a-3p,ZFP36
hsa-miR-29a-3p,CALM3
hsa-miR-29a-3p,KMT5C
hsa-miR-29a-3p,PXDN
hsa-miR-29a-3p,ATAD2B
hsa-miR-29a-3p,AMMECR1L
hsa-miR-29a-3p,SESTD1
hsa-miR-29a-3p,COL5A2
hsa-miR-29a-3p,USP37
hsa-miR-29a-3p,AC068946.2
hsa-miR-29a-3p,COL6A3
hsa-miR-29a-3p,ASAP2
hsa-miR-29a-3p,TRIB2
hsa-miR-29a-3p,TET3
hsa-miR-29a-3p,RMND5A
hsa-miR-29a-3p,CCNT2
hsa-miR-29a-3p,COL3A1
hsa-miR-29a-3p,DGKD
hsa-miR-29a-3p,GPCPD1
hsa-miR-29a-3p,ID1
hsa-miR-29a-3p,NCOA3
hsa-miR-29a-3p,STX16
hsa-miR-29a-3p,SS18L1
hsa-miR-29a-3p,GID8
hsa-miR-29a-3p,BRWD1
hsa-miR-29a-3p,COL6A2
hsa-miR-29a-3p,PRR14L
hsa-miR-29a-3p,C1QTNF6
hsa-miR-29a-3p,JOSD1
hsa-miR-29a-3p,CCDC117
hsa-miR-29a-3p,SMARCC1
hsa-miR-29a-3p,ADAMTS9
hsa-miR-29a-3p,RYBP
hsa-miR-29a-3p,GSK3B
hsa-miR-29a-3p,FSTL1
hsa-miR-29a-3p,COMMD2
hsa-miR-29a-3p,KPNA4
hsa-miR-29a-3p,GNB4
hsa-miR-29a-3p,CLDN1
hsa-miR-29a-3p,SETD5
hsa-miR-29a-3p,SNRK
hsa-miR-29a-3p,ATP6V1A
hsa-miR-29a-3p,ARMC8
hsa-miR-29a-3p,PXYLP1
hsa-miR-29a-3p,SCHIP1
hsa-miR-29a-3p,IQCJ-SCHIP1
hsa-miR-29a-3p,DNAJB11
hsa-miR-29a-3p,ZNF518B
hsa-miR-29a-3p,CHIC2
hsa-miR-29a-3p,CCNA2
hsa-miR-29a-3p,ELF2
hsa-miR-29a-3p,OTUD4
hsa-miR-29a-3p,FBXW7
hsa-miR-29a-3p,PCGF3
hsa-miR-29a-3p,UBE2K
hsa-miR-29a-3p,TET2
hsa-miR-29a-3p,SGMS2
hsa-miR-29a-3p,OSTC
hsa-miR-29a-3p,SPRY1
hsa-miR-29a-3p,HMGCS1
hsa-miR-29a-3p,ARRDC3
hsa-miR-29a-3p,NREP
hsa-miR-29a-3p,LOX
hsa-miR-29a-3p,PPIC
hsa-miR-29a-3p,C5orf15
hsa-miR-29a-3p,MACROH2A1
hsa-miR-29a-3p,FAM13B
hsa-miR-29a-3p,SPARC
hsa-miR-29a-3p,UBTD2
hsa-miR-29a-3p,OTULIN
hsa-miR-29a-3p,PIK3R1
hsa-miR-29a-3p,HMGCR
hsa-miR-29a-3p,PURA
hsa-miR-29a-3p,PCDHA6
hsa-miR-29a-3p,PCDHA9
hsa-miR-29a-3p,PCDHA8
hsa-miR-29a-3p,PCDHA7
hsa-miR-29a-3p,PCDHA5
hsa-miR-29a-3p,PCDHA4
hsa-miR-29a-3p,PCDHA2
hsa-miR-29a-3p,PCDHA1
hsa-miR-29a-3p,PCDHA13
hsa-miR-29a-3p,PCDHAC2
hsa-miR-29a-3p,PCDHAC1
hsa-miR-29a-3p,PCDHA11
hsa-miR-29a-3p,PCDHA10
hsa-miR-29a-3p,PCDHA12
hsa-miR-29a-3p,PCDHA3
hsa-miR-29a-3p,GRPEL2
hsa-miR-29a-3p,MFAP3
hsa-miR-29a-3p,CNOT8
hsa-miR-29a-3p,NSD1
hsa-miR-29a-3p,TMED9
hsa-miR-29a-3p,TUBB2A
hsa-miR-29a-3p,BAK1
hsa-miR-29a-3p,TAF11
hsa-miR-29a-3p,SYNCRIP
hsa-miR-29a-3p,SESN1
hsa-miR-29a-3p,WASF1
hsa-miR-29a-3p,REV3L
hsa-miR-29a-3p,SGK1
hsa-miR-29a-3p,DYNLT1
hsa-miR-29a-3p,JARID2
hsa-miR-29a-3p,KLHDC3
hsa-miR-29a-3p,PTP4A1
hsa-miR-29a-3p,AL135905.2
hsa-miR-29a-3p,COL19A1
hsa-miR-29a-3p,FOXO3
hsa-miR-29a-3p,LAMA2
hsa-miR-29a-3p,TNFAIP3
hsa-miR-29a-3p,VTA1
hsa-miR-29a-3p,TNRC18
hsa-miR-29a-3p,JAZF1
hsa-miR-29a-3p,GGCT
hsa-miR-29a-3p,KIAA0895
hsa-miR-29a-3p,BMT2
hsa-miR-29a-3p,IMPDH1
hsa-miR-29a-3p,KIAA1549
hsa-miR-29a-3p,SUN1
hsa-miR-29a-3p,CBX3
hsa-miR-29a-3p,ELN
hsa-miR-29a-3p,COL1A2
hsa-miR-29a-3p,HBP1
hsa-miR-29a-3p,CAV2
hsa-miR-29a-3p,CALU
hsa-miR-29a-3p,STMP1
hsa-miR-29a-3p,ZNF282
hsa-miR-29a-3p,INSIG1
hsa-miR-29a-3p,LOXL2
hsa-miR-29a-3p,PURG
hsa-miR-29a-3p,PLAG1
hsa-miR-29a-3p,ASPH
hsa-miR-29a-3p,RNF19A
hsa-miR-29a-3p,TMEM65
hsa-miR-29a-3p,LPL
hsa-miR-29a-3p,TACC1
hsa-miR-29a-3p,PI15
hsa-miR-29a-3p,ZBTB10
hsa-miR-29a-3p,ZBTB5
hsa-miR-29a-3p,KLF4
hsa-miR-29a-3p,EPB41L4B
hsa-miR-29a-3p,POLE3
hsa-miR-29a-3p,RIC1
hsa-miR-29a-3p,NIPSNAP3A
hsa-miR-29a-3p,PALM2AKAP2
hsa-miR-29a-3p,ZBTB34
hsa-miR-29a-3p,SPTAN1
hsa-miR-29a-3p,COL5A1
hsa-miR-29a-3p,AMER1
hsa-miR-29a-3p,BRWD3
hsa-miR-29a-3p,TSC22D3
hsa-miR-29a-3p,DDX3X
hsa-miR-29a-3p,COL4A5
hsa-miR-29a-3p,DDX3Y
hsa-miR-29b-3p,SNIP1
hsa-miR-29b-3p,YRDC
hsa-miR-29b-3p,P3H1
hsa-miR-29b-3p,SERBP1
hsa-miR-29b-3p,GNG12
hsa-miR-29b-3p,COL11A1
hsa-miR-29b-3p,SLC16A1
hsa-miR-29b-3p,NRAS
hsa-miR-29b-3p,SIKE1
hsa-miR-29b-3p,MCL1
hsa-miR-29b-3p,ARNT
hsa-miR-29b-3p,CDC42SE1
hsa-miR-29b-3p,RIT1
hsa-miR-29b-3p,ISG20L2
hsa-miR-29b-3p,KDM5B
hsa-miR-29b-3p,PPP1R15B
hsa-miR-29b-3p,CCSAP
hsa-miR-29b-3p,NID1
hsa-miR-29b-3p,AKT3
hsa-miR-29b-3p,CDC42
hsa-miR-29b-3p,PDIK1L
hsa-miR-29b-3p,RLF
hsa-miR-29b-3p,GPX7
hsa-miR-29b-3p,NFIA
hsa-miR-29b-3p,SETDB1
hsa-miR-29b-3p,MLLT11
hsa-miR-29b-3p,S100A1
hsa-miR-29b-3p,PRRC2C
hsa-miR-29b-3p,LAMC1
hsa-miR-29b-3p,ATP2B4
hsa-miR-29b-3p,LARP4B
hsa-miR-29b-3p,KIF5B
hsa-miR-29b-3p,HNRNPF
hsa-miR-29b-3p,NCOA4
hsa-miR-29b-3p,ERCC6
hsa-miR-29b-3p,ANK3
hsa-miR-29b-3p,FRAT2
hsa-miR-29b-3p,ADAM12
hsa-miR-29b-3p,CAMK1D
hsa-miR-29b-3p,WAC
hsa-miR-29b-3p,CSGALNACT2
hsa-miR-29b-3p,TET1
hsa-miR-29b-3p,CCSER2
hsa-miR-29b-3p,PTEN
hsa-miR-29b-3p,ENTPD7
hsa-miR-29b-3p,WBP1L
hsa-miR-29b-3p,CASP7
hsa-miR-29b-3p,SPTY2D1
hsa-miR-29b-3p,NUP160
hsa-miR-29b-3p,TIMM8B
hsa-miR-29b-3p,DDX6
hsa-miR-29b-3p,CAPRIN1
hsa-miR-29b-3p,PDHX
hsa-miR-29b-3p,CTNND1
hsa-miR-29b-3p,AP001931.2
hsa-miR-29b-3p,ZFP91
hsa-miR-29b-3p,SERPINH1
hsa-miR-29b-3p,EMSY
hsa-miR-29b-3p,C11orf87
hsa-miR-29b-3p,TNFRSF1A
hsa-miR-29b-3p,SLC2A3
hsa-miR-29b-3p,YBX3
hsa-miR-29b-3p,LRP6
hsa-miR-29b-3p,SCAF11
hsa-miR-29b-3p,COL2A1
hsa-miR-29b-3p,E2F7
hsa-miR-29b-3p,CCND2
hsa-miR-29b-3p,STK38L
hsa-miR-29b-3p,MYL6
hsa-miR-29b-3p,CAND1
hsa-miR-29b-3p,FRS2
hsa-miR-29b-3p,TMTC3
hsa-miR-29b-3p,METAP2
hsa-miR-29b-3p,TDG
hsa-miR-29b-3p,MLXIP
hsa-miR-29b-3p,ZIC5
hsa-miR-29b-3p,POGLUT2
hsa-miR-29b-3p,COL4A1
hsa-miR-29b-3p,COL4A2
hsa-miR-29b-3p,KLHL28
hsa-miR-29b-3p,FERMT2
hsa-miR-29b-3p,ZFP36L1
hsa-miR-29b-3p,MIDEAS
hsa-miR-29b-3p,DICER1
hsa-miR-29b-3p,CDCA4
hsa-miR-29b-3p,SAMD4A
hsa-miR-29b-3p,EIF2S1
hsa-miR-29b-3p,YY1
hsa-miR-29b-3p,RCOR1
hsa-miR-29b-3p,NDN
hsa-miR-29b-3p,BMF
hsa-miR-29b-3p,FBN1
hsa-miR-29b-3p,CSPG4
hsa-miR-29b-3p,CHSY1
hsa-miR-29b-3p,CTDSPL2
hsa-miR-29b-3p,TPM1
hsa-miR-29b-3p,FEM1B
hsa-miR-29b-3p,CD276
hsa-miR-29b-3p,SCAMP5
hsa-miR-29b-3p,IREB2
hsa-miR-29b-3p,MORF4L1
hsa-miR-29b-3p,AKAP13
hsa-miR-29b-3p,RPS15A
hsa-miR-29b-3p,C16orf87
hsa-miR-29b-3p,MTSS2
hsa-miR-29b-3p,MAZ
hsa-miR-29b-3p,YWHAE
hsa-miR-29b-3p,PMP22
hsa-miR-29b-3p,BLMH
hsa-miR-29b-3p,COL1A1
hsa-miR-29b-3p,MBTD1
hsa-miR-29b-3p,MTMR4
hsa-miR-29b-3p,JPT1
hsa-miR-29b-3p,KDM6B
hsa-miR-29b-3p,TRAF4
hsa-miR-29b-3p,ANKRD13B
hsa-miR-29b-3p,PPM1D
hsa-miR-29b-3p,RAB12
hsa-miR-29b-3p,RIOK3
hsa-miR-29b-3p,RNF138
hsa-miR-29b-3p,MAPRE2
hsa-miR-29b-3p,IFI30
hsa-miR-29b-3p,AC007192.1
hsa-miR-29b-3p,ZFP36
hsa-miR-29b-3p,CALM3
hsa-miR-29b-3p,KMT5C
hsa-miR-29b-3p,PXDN
hsa-miR-29b-3p,ATAD2B
hsa-miR-29b-3p,AMMECR1L
hsa-miR-29b-3p,SESTD1
hsa-miR-29b-3p,COL5A2
hsa-miR-29b-3p,USP37
hsa-miR-29b-3p,AC068946.2
hsa-miR-29b-3p,COL6A3
hsa-miR-29b-3p,ASAP2
hsa-miR-29b-3p,TRIB2
hsa-miR-29b-3p,TET3
hsa-miR-29b-3p,RMND5A
hsa-miR-29b-3p,CCNT2
hsa-miR-29b-3p,COL3A1
hsa-miR-29b-3p,DGKD
hsa-miR-29b-3p,GPCPD1
hsa-miR-29b-3p,ID1
hsa-miR-29b-3p,STX16
hsa-miR-29b-3p,SS18L1
hsa-miR-29b-3p,GID8
hsa-miR-29b-3p,BRWD1
hsa-miR-29b-3p,COL6A2
hsa-miR-29b-3p,PRR14L
hsa-miR-29b-3p,C1QTNF6
hsa-miR-29b-3p,JOSD1
hsa-miR-29b-3p,CCDC117
hsa-miR-29b-3p,SMARCC1
hsa-miR-29b-3p,ADAMTS9
hsa-miR-29b-3p,RYBP
hsa-miR-29b-3p,GSK3B
hsa-miR-29b-3p,FSTL1
hsa-miR-29b-3p,COMMD2
hsa-miR-29b-3p,KPNA4
hsa-miR-29b-3p,GNB4
hsa-miR-29b-3p,CLDN1
hsa-miR-29b-3p,SETD5
hsa-miR-29b-3p,SNRK
hsa-miR-29b-3p,ATP6V1A
hsa-miR-29b-3p,ARMC8
hsa-miR-29b-3p,PXYLP1
hsa-miR-29b-3p,SCHIP1
hsa-miR-29b-3p,IQCJ-SCHIP1
hsa-miR-29b-3p,DNAJB11
hsa-miR-29b-3p,ZNF518B
hsa-miR-29b-3p,CCNA2
hsa-miR-29b-3p,ELF2
hsa-miR-29b-3p,OTUD4
hsa-miR-29b-3p,FBXW7
hsa-miR-29b-3p,PCGF3
hsa-miR-29b-3p,UBE2K
hsa-miR-29b-3p,TET2
hsa-miR-29b-3p,SGMS2
hsa-miR-29b-3p,OSTC
hsa-miR-29b-3p,SPRY1
hsa-miR-29b-3p,HMGCS1
hsa-miR-29b-3p,ARRDC3
hsa-miR-29b-3p,NREP
hsa-miR-29b-3p,LOX
hsa-miR-29b-3p,PPIC
hsa-miR-29b-3p,C5orf15
hsa-miR-29b-3p,MACROH2A1
hsa-miR-29b-3p,FAM13B
hsa-miR-29b-3p,SPARC
hsa-miR-29b-3p,UBTD2
hsa-miR-29b-3p,OTULIN
hsa-miR-29b-3p,PIK3R1
hsa-miR-29b-3p,HMGCR
hsa-miR-29b-3p,PURA
hsa-miR-29b-3p,PCDHA6
hsa-miR-29b-3p,PCDHA9
hsa-miR-29b-3p,PCDHA8
hsa-miR-29b-3p,PCDHA7
hsa-miR-29b-3p,PCDHA5
hsa-miR-29b-3p,PCDHA4
hsa-miR-29b-3p,PCDHA2
hsa-miR-29b-3p,PCDHA1
hsa-miR-29b-3p,PCDHA13
hsa-miR-29b-3p,PCDHAC2
hsa-miR-29b-3p,PCDHAC1
hsa-miR-29b-3p,PCDHA11
hsa-miR-29b-3p,PCDHA10
hsa-miR-29b-3p,PCDHA12
hsa-miR-29b-3p,PCDHA3
hsa-miR-29b-3p,GRPEL2
hsa-miR-29b-3p,MFAP3
hsa-miR-29b-3p,CNOT8
hsa-miR-29b-3p,NSD1
hsa-miR-29b-3p,TMED9
hsa-miR-29b-3p,TUBB2A
hsa-miR-29b-3p,BAK1
hsa-miR-29b-3p,TAF11
hsa-miR-29b-3p,SYNCRIP
hsa-miR-29b-3p,SESN1
hsa-miR-29b-3p,REV3L
hsa-miR-29b-3p,SGK1
hsa-miR-29b-3p,DYNLT1
hsa-miR-29b-3p,JARID2
hsa-miR-29b-3p,KLHDC3
hsa-miR-29b-3p,PTP4A1
hsa-miR-29b-3p,AL135905.2
hsa-miR-29b-3p,COL19A1
hsa-miR-29b-3p,FOXO3
hsa-miR-29b-3p,LAMA2
hsa-miR-29b-3p,TNFAIP3
hsa-miR-29b-3p,VTA1
hsa-miR-29b-3p,TNRC18
hsa-miR-29b-3p,JAZF1
hsa-miR-29b-3p,GGCT
hsa-miR-29b-3p,KIAA0895
hsa-miR-29b-3p,BMT2
hsa-miR-29b-3p,IMPDH1
hsa-miR-29b-3p,KIAA1549
hsa-miR-29b-3p,SUN1
hsa-miR-29b-3p,CBX3
hsa-miR-29b-3p,ELN
hsa-miR-29b-3p,COL1A2
hsa-miR-29b-3p,HBP1
hsa-miR-29b-3p,CALU
hsa-miR-29b-3p,STMP1
hsa-miR-29b-3p,ZNF282
hsa-miR-29b-3p,INSIG1
hsa-miR-29b-3p,LOXL2
hsa-miR-29b-3p,PURG
hsa-miR-29b-3p,PLAG1
hsa-miR-29b-3p,ASPH
hsa-miR-29b-3p,RNF19A
hsa-miR-29b-3p,TMEM65
hsa-miR-29b-3p,LPL
hsa-miR-29b-3p,TACC1
hsa-miR-29b-3p,PI15
hsa-miR-29b-3p,ZBTB10
hsa-miR-29b-3p,ZBTB5
hsa-miR-29b-3p,KLF4
hsa-miR-29b-3p,EPB41L4B
hsa-miR-29b-3p,POLE3
hsa-miR-29b-3p,RIC1
hsa-miR-29b-3p,NIPSNAP3A
hsa-miR-29b-3p,PALM2AKAP2
hsa-miR-29b-3p,ZBTB34
hsa-miR-29b-3p,SPTAN1
hsa-miR-29b-3p,COL5A1
hsa-miR-29b-3p,AMER1
hsa-miR-29b-3p,BRWD3
hsa-miR-29b-3p,TSC22D3
hsa-miR-29b-3p,DDX3X
hsa-miR-29b-3p,COL4A5
hsa-miR-29b-3p,DDX3Y
hsa-miR-29c-3p,SNIP1
hsa-miR-29c-3p,YRDC
hsa-miR-29c-3p,P3H1
hsa-miR-29c-3p,SERBP1
hsa-miR-29c-3p,GNG12
hsa-miR-29c-3p,COL11A1
hsa-miR-29c-3p,SLC16A1
hsa-miR-29c-3p,NRAS
hsa-miR-29c-3p,SIKE1
hsa-miR-29c-3p,MCL1
hsa-miR-29c-3p,ARNT
hsa-miR-29c-3p,CDC42SE1
hsa-miR-29c-3p,RIT1
hsa-miR-29c-3p,ISG20L2
hsa-miR-29c-3p,KDM5B
hsa-miR-29c-3p,PPP1R15B
hsa-miR-29c-3p,CCSAP
hsa-miR-29c-3p,NID1
hsa-miR-29c-3p,AKT3
hsa-miR-29c-3p,CDC42
hsa-miR-29c-3p,PDIK1L
hsa-miR-29c-3p,RLF
hsa-miR-29c-3p,GPX7
hsa-miR-29c-3p,NFIA
hsa-miR-29c-3p,SETDB1
hsa-miR-29c-3p,MLLT11
hsa-miR-29c-3p,S100A1
hsa-miR-29c-3p,PRRC2C
hsa-miR-29c-3p,LAMC1
hsa-miR-29c-3p,ATP2B4
hsa-miR-29c-3p,LARP4B
hsa-miR-29c-3p,KIF5B
hsa-miR-29c-3p,HNRNPF
hsa-miR-29c-3p,NCOA4
hsa-miR-29c-3p,ERCC6
hsa-miR-29c-3p,ANK3
hsa-miR-29c-3p,FRAT2
hsa-miR-29c-3p,ADAM12
hsa-miR-29c-3p,CAMK1D
hsa-miR-29c-3p,WAC
hsa-miR-29c-3p,CSGALNACT2
hsa-miR-29c-3p,TET1
hsa-miR-29c-3p,CCSER2
hsa-miR-29c-3p,PTEN
hsa-miR-29c-3p,ENTPD7
hsa-miR-29c-3p,WBP1L
hsa-miR-29c-3p,CASP7
hsa-miR-29c-3p,SPTY2D1
hsa-miR-29c-3p,NUP160
hsa-miR-29c-3p,TIMM8B
hsa-miR-29c-3p,DDX6
hsa-miR-29c-3p,CAPRIN1
hsa-miR-29c-3p,PDHX
hsa-miR-29c-3p,CTNND1
hsa-miR-29c-3p,AP001931.2
hsa-miR-29c-3p,ZFP91
hsa-miR-29c-3p,EMSY
hsa-miR-29c-3p,C11orf87
hsa-miR-29c-3p,TNFRSF1A
hsa-miR-29c-3p,SLC2A3
hsa-miR-29c-3p,YBX3
hsa-miR-29c-3p,LRP6
hsa-miR-29c-3p,SCAF11
hsa-miR-29c-3p,COL2A1
hsa-miR-29c-3p,E2F7
hsa-miR-29c-3p,CCND2
hsa-miR-29c-3p,STK38L
hsa-miR-29c-3p,MYL6
hsa-miR-29c-3p,CAND1
hsa-miR-29c-3p,FRS2
hsa-miR-29c-3p,TMTC3
hsa-miR-29c-3p,METAP2
hsa-miR-29c-3p,TDG
hsa-miR-29c-3p,MLXIP
hsa-miR-29c-3p,ZIC5
hsa-miR-29c-3p,POGLUT2
hsa-miR-29c-3p,COL4A1
hsa-miR-29c-3p,COL4A2
hsa-miR-29c-3p,KLHL28
hsa-miR-29c-3p,FERMT2
hsa-miR-29c-3p,ZFP36L1
hsa-miR-29c-3p,MIDEAS
hsa-miR-29c-3p,DICER1
hsa-miR-29c-3p,CDCA4
hsa-miR-29c-3p,SAMD4A
hsa-miR-29c-3p,EIF2S1
hsa-miR-29c-3p,YY1
hsa-miR-29c-3p,RCOR1
hsa-miR-29c-3p,NDN
hsa-miR-29c-3p,BMF
hsa-miR-29c-3p,FBN1
hsa-miR-29c-3p,CSPG4
hsa-miR-29c-3p,CHSY1
hsa-miR-29c-3p,CTDSPL2
hsa-miR-29c-3p,TPM1
hsa-miR-29c-3p,FEM1B
hsa-miR-29c-3p,CD276
hsa-miR-29c-3p,SCAMP5
hsa-miR-29c-3p,IREB2
hsa-miR-29c-3p,MORF4L1
hsa-miR-29c-3p,AKAP13
hsa-miR-29c-3p,RPS15A
hsa-miR-29c-3p,C16orf87
hsa-miR-29c-3p,MTSS2
hsa-miR-29c-3p,MAZ
hsa-miR-29c-3p,YWHAE
hsa-miR-29c-3p,PMP22
hsa-miR-29c-3p,BLMH
hsa-miR-29c-3p,COL1A1
hsa-miR-29c-3p,MBTD1
hsa-miR-29c-3p,MTMR4
hsa-miR-29c-3p,JPT1
hsa-miR-29c-3p,KDM6B
hsa-miR-29c-3p,TRAF4
hsa-miR-29c-3p,ANKRD13B
hsa-miR-29c-3p,PPM1D
hsa-miR-29c-3p,RAB12
hsa-miR-29c-3p,RIOK3
hsa-miR-29c-3p,RNF138
hsa-miR-29c-3p,MAPRE2
hsa-miR-29c-3p,IFI30
hsa-miR-29c-3p,AC007192.1
hsa-miR-29c-3p,ZFP36
hsa-miR-29c-3p,CALM3
hsa-miR-29c-3p,KMT5C
hsa-miR-29c-3p,PXDN
hsa-miR-29c-3p,ATAD2B
hsa-miR-29c-3p,AMMECR1L
hsa-miR-29c-3p,SESTD1
hsa-miR-29c-3p,COL5A2
hsa-miR-29c-3p,USP37
hsa-miR-29c-3p,AC068946.2
hsa-miR-29c-3p,COL6A3
hsa-miR-29c-3p,ASAP2
hsa-miR-29c-3p,TRIB2
hsa-miR-29c-3p,TET3
hsa-miR-29c-3p,RMND5A
hsa-miR-29c-3p,CCNT2
hsa-miR-29c-3p,COL3A1
hsa-miR-29c-3p,DGKD
hsa-miR-29c-3p,GPCPD1
hsa-miR-29c-3p,ID1
hsa-miR-29c-3p,STX16
hsa-miR-29c-3p,SS18L1
hsa-miR-29c-3p,GID8
hsa-miR-29c-3p,BRWD1
hsa-miR-29c-3p,COL6A2
hsa-miR-29c-3p,PRR14L
hsa-miR-29c-3p,C1QTNF6
hsa-miR-29c-3p,JOSD1
hsa-miR-29c-3p,CCDC117
hsa-miR-29c-3p,SMARCC1
hsa-miR-29c-3p,ADAMTS9
hsa-miR-29c-3p,RYBP
hsa-miR-29c-3p,GSK3B
hsa-miR-29c-3p,FSTL1
hsa-miR-29c-3p,COMMD2
hsa-miR-29c-3p,KPNA4
hsa-miR-29c-3p,GNB4
hsa-miR-29c-3p,CLDN1
hsa-miR-29c-3p,SETD5
hsa-miR-29c-3p,SNRK
hsa-miR-29c-3p,ATP6V1A
hsa-miR-29c-3p,ARMC8
hsa-miR-29c-3p,PXYLP1
hsa-miR-29c-3p,SCHIP1
hsa-miR-29c-3p,IQCJ-SCHIP1
hsa-miR-29c-3p,DNAJB11
hsa-miR-29c-3p,ZNF518B
hsa-miR-29c-3p,CCNA2
hsa-miR-29c-3p,ELF2
hsa-miR-29c-3p,OTUD4
hsa-miR-29c-3p,FBXW7
hsa-miR-29c-3p,PCGF3
hsa-miR-29c-3p,UBE2K
hsa-miR-29c-3p,TET2
hsa-miR-29c-3p,SGMS2
hsa-miR-29c-3p,OSTC
hsa-miR-29c-3p,SPRY1
hsa-miR-29c-3p,HMGCS1
hsa-miR-29c-3p,ARRDC3
hsa-miR-29c-3p,NREP
hsa-miR-29c-3p,LOX
hsa-miR-29c-3p,PPIC
hsa-miR-29c-3p,C5orf15
hsa-miR-29c-3p,MACROH2A1
hsa-miR-29c-3p,FAM13B
hsa-miR-29c-3p,SPARC
hsa-miR-29c-3p,UBTD2
hsa-miR-29c-3p,OTULIN
hsa-miR-29c-3p,PIK3R1
hsa-miR-29c-3p,HMGCR
hsa-miR-29c-3p,PURA
hsa-miR-29c-3p,PCDHA6
hsa-miR-29c-3p,PCDHA9
hsa-miR-29c-3p,PCDHA8
hsa-miR-29c-3p,PCDHA7
hsa-miR-29c-3p,PCDHA5
hsa-miR-29c-3p,PCDHA4
hsa-miR-29c-3p,PCDHA2
hsa-miR-29c-3p,PCDHA1
hsa-miR-29c-3p,PCDHA13
hsa-miR-29c-3p,PCDHAC2
hsa-miR-29c-3p,PCDHAC1
hsa-miR-29c-3p,PCDHA11
hsa-miR-29c-3p,PCDHA10
hsa-miR-29c-3p,PCDHA12
hsa-miR-29c-3p,PCDHA3
hsa-miR-29c-3p,GRPEL2
hsa-miR-29c-3p,MFAP3
hsa-miR-29c-3p,CNOT8
hsa-miR-29c-3p,NSD1
hsa-miR-29c-3p,TMED9
hsa-miR-29c-3p,TUBB2A
hsa-miR-29c-3p,BAK1
hsa-miR-29c-3p,TAF11
hsa-miR-29c-3p,SYNCRIP
hsa-miR-29c-3p,SESN1
hsa-miR-29c-3p,WASF1
hsa-miR-29c-3p,REV3L
hsa-miR-29c-3p,SGK1
hsa-miR-29c-3p,DYNLT1
hsa-miR-29c-3p,JARID2
hsa-miR-29c-3p,KLHDC3
hsa-miR-29c-3p,PTP4A1
hsa-miR-29c-3p,AL135905.2
hsa-miR-29c-3p,COL19A1
hsa-miR-29c-3p,FOXO3
hsa-miR-29c-3p,LAMA2
hsa-miR-29c-3p,TNFAIP3
hsa-miR-29c-3p,VTA1
hsa-miR-29c-3p,TNRC18
hsa-miR-29c-3p,JAZF1
hsa-miR-29c-3p,GGCT
hsa-miR-29c-3p,KIAA0895
hsa-miR-29c-3p,BMT2
hsa-miR-29c-3p,IMPDH1
hsa-miR-29c-3p,KIAA1549
hsa-miR-29c-3p,SUN1
hsa-miR-29c-3p,CBX3
hsa-miR-29c-3p,ELN
hsa-miR-29c-3p,COL1A2
hsa-miR-29c-3p,HBP1
hsa-miR-29c-3p,CAV2
hsa-miR-29c-3p,CALU
hsa-miR-29c-3p,STMP1
hsa-miR-29c-3p,ZNF282
hsa-miR-29c-3p,INSIG1
hsa-miR-29c-3p,LOXL2
hsa-miR-29c-3p,PURG
hsa-miR-29c-3p,PLAG1
hsa-miR-29c-3p,ASPH
hsa-miR-29c-3p,RNF19A
hsa-miR-29c-3p,TMEM65
hsa-miR-29c-3p,LPL
hsa-miR-29c-3p,TACC1
hsa-miR-29c-3p,PI15
hsa-miR-29c-3p,ZBTB10
hsa-miR-29c-3p,ZBTB5
hsa-miR-29c-3p,KLF4
hsa-miR-29c-3p,EPB41L4B
hsa-miR-29c-3p,POLE3
hsa-miR-29c-3p,RIC1
hsa-miR-29c-3p,NIPSNAP3A
hsa-miR-29c-3p,PALM2AKAP2
hsa-miR-29c-3p,ZBTB34
hsa-miR-29c-3p,SPTAN1
hsa-miR-29c-3p,COL5A1
hsa-miR-29c-3p,AMER1
hsa-miR-29c-3p,BRWD3
hsa-miR-29c-3p,TSC22D3
hsa-miR-29c-3p,DDX3X
hsa-miR-29c-3p,COL4A5
hsa-miR-29c-3p,DDX3Y
hsa-miR-300,HNRNPR
hsa-miR-300,FOXJ3
hsa-miR-300,F3
hsa-miR-300,KDM5B
hsa-miR-300,NUCKS1
hsa-miR-300,ARID4B
hsa-miR-300,KIF1B
hsa-miR-300,SPEN
hsa-miR-300,KHDRBS1
hsa-miR-300,KPNA6
hsa-miR-300,NFIA
hsa-miR-300,USP1
hsa-miR-300,LRRC8B
hsa-miR-300,HIPK1
hsa-miR-300,SYT11
hsa-miR-300,IER5
hsa-miR-300,RNF2
hsa-miR-300,CDC73
hsa-miR-300,ZC3H11A
hsa-miR-300,ZBED6
hsa-miR-300,SORBS1
hsa-miR-300,RAB11FIP2
hsa-miR-300,WAC
hsa-miR-300,KAT6B
hsa-miR-300,KIF11
hsa-miR-300,LCOR
hsa-miR-300,LZTS2
hsa-miR-300,EIF4G2
hsa-miR-300,LIN7C
hsa-miR-300,SHANK2
hsa-miR-300,ETS1
hsa-miR-300,IPO7
hsa-miR-300,WEE1
hsa-miR-300,TEAD1
hsa-miR-300,SPINDOC
hsa-miR-300,EMSY
hsa-miR-300,LMO3
hsa-miR-300,ZBTB39
hsa-miR-300,EEA1
hsa-miR-300,NTN4
hsa-miR-300,MED13L
hsa-miR-300,RIMKLB
hsa-miR-300,ATP2A2
hsa-miR-300,TSC22D1
hsa-miR-300,PDS5B
hsa-miR-300,HECTD1
hsa-miR-300,MED6
hsa-miR-300,PAPOLA
hsa-miR-300,YY1
hsa-miR-300,ZFYVE21
hsa-miR-300,UBE3A
hsa-miR-300,SEMA6D
hsa-miR-300,RNF111
hsa-miR-300,CHD2
hsa-miR-300,DCUN1D3
hsa-miR-300,ZFHX3
hsa-miR-300,UBN1
hsa-miR-300,CHD9
hsa-miR-300,PRPF8
hsa-miR-300,APPBP2
hsa-miR-300,MED13
hsa-miR-300,EIF4A1
hsa-miR-300,EIF1
hsa-miR-300,DHX40
hsa-miR-300,PPM1D
hsa-miR-300,ZNF521
hsa-miR-300,ZNF236
hsa-miR-300,CLIP3
hsa-miR-300,ARHGAP35
hsa-miR-300,PRR12
hsa-miR-300,ROCK2
hsa-miR-300,NRXN1
hsa-miR-300,RNF149
hsa-miR-300,NCKAP1
hsa-miR-300,ID2
hsa-miR-300,RAB10
hsa-miR-300,BIRC6
hsa-miR-300,SOCS5
hsa-miR-300,PCYOX1
hsa-miR-300,COL3A1
hsa-miR-300,HSPA13
hsa-miR-300,APP
hsa-miR-300,SATB1
hsa-miR-300,MAP4
hsa-miR-300,WNT5A
hsa-miR-300,RYBP
hsa-miR-300,CGGBP1
hsa-miR-300,CNBP
hsa-miR-300,TM4SF1
hsa-miR-300,BHLHE40
hsa-miR-300,SNRK
hsa-miR-300,SLMAP
hsa-miR-300,SLC35A5
hsa-miR-300,ZBTB38
hsa-miR-300,TSC22D2
hsa-miR-300,MBNL1
hsa-miR-300,FYTTD1
hsa-miR-300,RPL35A
hsa-miR-300,ARAP2
hsa-miR-300,SCARB2
hsa-miR-300,HMGB2
hsa-miR-300,SEPTIN11
hsa-miR-300,AFF1
hsa-miR-300,SPRY1
hsa-miR-300,STOX2
hsa-miR-300,TMED7
hsa-miR-300,NR3C1
hsa-miR-300,TRIO
hsa-miR-300,HMGCR
hsa-miR-300,UBE2B
hsa-miR-300,LARP1
hsa-miR-300,CREBRF
hsa-miR-300,TXNDC5
hsa-miR-300,BLOC1S5-TXNDC5
hsa-miR-300,DEK
hsa-miR-300,TENT5A
hsa-miR-300,RRAGD
hsa-miR-300,PTP4A1
hsa-miR-300,AL135905.2
hsa-miR-300,PNRC1
hsa-miR-300,MARCKS
hsa-miR-300,SCAF8
hsa-miR-300,BAZ1B
hsa-miR-300,NAMPT
hsa-miR-300,GPR37
hsa-miR-300,MNX1
hsa-miR-300,FSCN1
hsa-miR-300,HBP1
hsa-miR-300,INSIG1
hsa-miR-300,DLC1
hsa-miR-300,UBR5
hsa-miR-300,AZIN1
hsa-miR-300,LEPROTL1
hsa-miR-300,RAB2A
hsa-miR-300,SDC2
hsa-miR-300,PSIP1
hsa-miR-300,GAS1
hsa-miR-300,PTBP3
hsa-miR-300,MEGF9
hsa-miR-300,PPP6C
hsa-miR-300,NACC2
hsa-miR-300,LURAP1L
hsa-miR-300,RPS6KA3
hsa-miR-300,KLHL15
hsa-miR-300,MAGT1
hsa-miR-300,RAP2C
hsa-miR-300,MMGT1
hsa-miR-300,SLC6A8
hsa-miR-301a-3p,RPA2
hsa-miR-301a-3p,EPS15
hsa-miR-301a-3p,DEPDC1
hsa-miR-301a-3p,USP33
hsa-miR-301a-3p,F3
hsa-miR-301a-3p,TXNIP
hsa-miR-301a-3p,DCAF8
hsa-miR-301a-3p,DEDD
hsa-miR-301a-3p,STX6
hsa-miR-301a-3p,PPP1R15B
hsa-miR-301a-3p,LBR
hsa-miR-301a-3p,ARID4B
hsa-miR-301a-3p,VPS13D
hsa-miR-301a-3p,SZRD1
hsa-miR-301a-3p,PDIK1L
hsa-miR-301a-3p,STX12
hsa-miR-301a-3p,AGO4
hsa-miR-301a-3p,AGO1
hsa-miR-301a-3p,CMPK1
hsa-miR-301a-3p,BTF3L4
hsa-miR-301a-3p,ZFYVE9
hsa-miR-301a-3p,NFIA
hsa-miR-301a-3p,MIER1
hsa-miR-301a-3p,MIGA1
hsa-miR-301a-3p,RTCA
hsa-miR-301a-3p,S1PR1
hsa-miR-301a-3p,CSF1
hsa-miR-301a-3p,PDE4DIP
hsa-miR-301a-3p,ZBTB7B
hsa-miR-301a-3p,SLC25A44
hsa-miR-301a-3p,KLHL20
hsa-miR-301a-3p,RO60
hsa-miR-301a-3p,FBXO28
hsa-miR-301a-3p,ZBTB18
hsa-miR-301a-3p,KLF6
hsa-miR-301a-3p,SKIDA1
hsa-miR-301a-3p,ACBD5
hsa-miR-301a-3p,ARHGAP12
hsa-miR-301a-3p,NRP1
hsa-miR-301a-3p,CCDC6
hsa-miR-301a-3p,PSAP
hsa-miR-301a-3p,NRBF2
hsa-miR-301a-3p,PTEN
hsa-miR-301a-3p,SLF2
hsa-miR-301a-3p,TMEM9B
hsa-miR-301a-3p,SBF2
hsa-miR-301a-3p,SPTY2D1
hsa-miR-301a-3p,FOSL1
hsa-miR-301a-3p,SHANK2
hsa-miR-301a-3p,NPAT
hsa-miR-301a-3p,DDX6
hsa-miR-301a-3p,USP47
hsa-miR-301a-3p,ZFP91
hsa-miR-301a-3p,KDM2A
hsa-miR-301a-3p,PPP6R3
hsa-miR-301a-3p,KMT2A
hsa-miR-301a-3p,ARHGEF12
hsa-miR-301a-3p,CAPRIN2
hsa-miR-301a-3p,ANKRD52
hsa-miR-301a-3p,PTGES3
hsa-miR-301a-3p,E2F7
hsa-miR-301a-3p,BTG1
hsa-miR-301a-3p,CLIP1
hsa-miR-301a-3p,UBC
hsa-miR-301a-3p,WNK1
hsa-miR-301a-3p,RAB5B
hsa-miR-301a-3p,ERBB3
hsa-miR-301a-3p,MLEC
hsa-miR-301a-3p,SPART
hsa-miR-301a-3p,TSC22D1
hsa-miR-301a-3p,ZIC5
hsa-miR-301a-3p,PAN3
hsa-miR-301a-3p,SLAIN1
hsa-miR-301a-3p,ATP11A
hsa-miR-301a-3p,PIP4P1
hsa-miR-301a-3p,HECTD1
hsa-miR-301a-3p,EGLN3
hsa-miR-301a-3p,FERMT2
hsa-miR-301a-3p,CNIH1
hsa-miR-301a-3p,GMFB
hsa-miR-301a-3p,ZFYVE26
hsa-miR-301a-3p,MAP3K9
hsa-miR-301a-3p,ITPK1
hsa-miR-301a-3p,BTBD7
hsa-miR-301a-3p,DICER1
hsa-miR-301a-3p,ATG2B
hsa-miR-301a-3p,FRMD6
hsa-miR-301a-3p,SMOC1
hsa-miR-301a-3p,RBM25
hsa-miR-301a-3p,SECISBP2L
hsa-miR-301a-3p,NPTN
hsa-miR-301a-3p,TSPAN3
hsa-miR-301a-3p,NIPA1
hsa-miR-301a-3p,ARL6IP1
hsa-miR-301a-3p,DYNC1LI2
hsa-miR-301a-3p,ZCCHC14
hsa-miR-301a-3p,TNRC6A
hsa-miR-301a-3p,CHD9
hsa-miR-301a-3p,CBFB
hsa-miR-301a-3p,C16orf70
hsa-miR-301a-3p,ANKFY1
hsa-miR-301a-3p,ZBTB4
hsa-miR-301a-3p,RASD1
hsa-miR-301a-3p,RAB34
hsa-miR-301a-3p,PHF12
hsa-miR-301a-3p,STAT3
hsa-miR-301a-3p,GPATCH8
hsa-miR-301a-3p,TRIM37
hsa-miR-301a-3p,USP32
hsa-miR-301a-3p,SMARCD2
hsa-miR-301a-3p,FAM104A
hsa-miR-301a-3p,SRSF2
hsa-miR-301a-3p,TIMP2
hsa-miR-301a-3p,PAFAH1B1
hsa-miR-301a-3p,DYNLL2
hsa-miR-301a-3p,CLTC
hsa-miR-301a-3p,VMP1
hsa-miR-301a-3p,SPIRE1
hsa-miR-301a-3p,IER3IP1
hsa-miR-301a-3p,DSEL
hsa-miR-301a-3p,RAB12
hsa-miR-301a-3p,MTCL1
hsa-miR-301a-3p,RBBP8
hsa-miR-301a-3p,TSHZ1
hsa-miR-301a-3p,MEX3D
hsa-miR-301a-3p,PPP6R1
hsa-miR-301a-3p,THOP1
hsa-miR-301a-3p,LDLR
hsa-miR-301a-3p,ROCK2
hsa-miR-301a-3p,HADHA
hsa-miR-301a-3p,MEMO1
hsa-miR-301a-3p,SRSF7
hsa-miR-301a-3p,COX7A2L
hsa-miR-301a-3p,CALM2
hsa-miR-301a-3p,TGOLN2
hsa-miR-301a-3p,CHMP3
hsa-miR-301a-3p,TBC1D8
hsa-miR-301a-3p,SESTD1
hsa-miR-301a-3p,KLF11
hsa-miR-301a-3p,LCLAT1
hsa-miR-301a-3p,LGALSL
hsa-miR-301a-3p,RMND5A
hsa-miR-301a-3p,BCL2L11
hsa-miR-301a-3p,PTPN4
hsa-miR-301a-3p,SPOPL
hsa-miR-301a-3p,TANC1
hsa-miR-301a-3p,MAP3K20
hsa-miR-301a-3p,NABP1
hsa-miR-301a-3p,SLC39A10
hsa-miR-301a-3p,BMPR2
hsa-miR-301a-3p,PIKFYVE
hsa-miR-301a-3p,ATG16L1
hsa-miR-301a-3p,SNX5
hsa-miR-301a-3p,BLCAP
hsa-miR-301a-3p,SERINC3
hsa-miR-301a-3p,B4GALT5
hsa-miR-301a-3p,SPATA2
hsa-miR-301a-3p,ZNF217
hsa-miR-301a-3p,PRNP
hsa-miR-301a-3p,BTBD3
hsa-miR-301a-3p,PHF20
hsa-miR-301a-3p,SLC2A4RG
hsa-miR-301a-3p,TMEM50B
hsa-miR-301a-3p,BRWD1
hsa-miR-301a-3p,SIK1
hsa-miR-301a-3p,TOB2
hsa-miR-301a-3p,VGLL4
hsa-miR-301a-3p,FYCO1
hsa-miR-301a-3p,MAP4
hsa-miR-301a-3p,EOGT
hsa-miR-301a-3p,FOXP1
hsa-miR-301a-3p,DCBLD2
hsa-miR-301a-3p,NAA50
hsa-miR-301a-3p,PFN2
hsa-miR-301a-3p,TBL1XR1
hsa-miR-301a-3p,MB21D2
hsa-miR-301a-3p,ATP13A3
hsa-miR-301a-3p,ITPR1
hsa-miR-301a-3p,SLC6A6
hsa-miR-301a-3p,RAB5A
hsa-miR-301a-3p,TGFBR2
hsa-miR-301a-3p,APPL1
hsa-miR-301a-3p,PXYLP1
hsa-miR-301a-3p,MBNL1
hsa-miR-301a-3p,FXR1
hsa-miR-301a-3p,IL1RAP
hsa-miR-301a-3p,WDFY3
hsa-miR-301a-3p,FAM13A
hsa-miR-301a-3p,CCNA2
hsa-miR-301a-3p,OTUD4
hsa-miR-301a-3p,CPEB2
hsa-miR-301a-3p,STIM2
hsa-miR-301a-3p,KLF3
hsa-miR-301a-3p,KIT
hsa-miR-301a-3p,EREG
hsa-miR-301a-3p,CDS1
hsa-miR-301a-3p,AFF1
hsa-miR-301a-3p,NPNT
hsa-miR-301a-3p,MSMO1
hsa-miR-301a-3p,PRKAA1
hsa-miR-301a-3p,SGTB
hsa-miR-301a-3p,ARRDC3
hsa-miR-301a-3p,IRF1
hsa-miR-301a-3p,YIPF5
hsa-miR-301a-3p,ERBIN
hsa-miR-301a-3p,MAP1B
hsa-miR-301a-3p,LNPEP
hsa-miR-301a-3p,PHAX
hsa-miR-301a-3p,SMAD5
hsa-miR-301a-3p,MAT2B
hsa-miR-301a-3p,CPEB4
hsa-miR-301a-3p,CANX
hsa-miR-301a-3p,MAML1
hsa-miR-301a-3p,CNOT6
hsa-miR-301a-3p,KIF13A
hsa-miR-301a-3p,ENPP5
hsa-miR-301a-3p,RRAGD
hsa-miR-301a-3p,CDK19
hsa-miR-301a-3p,MAP7
hsa-miR-301a-3p,FOXF2
hsa-miR-301a-3p,WRNIP1
hsa-miR-301a-3p,EDN1
hsa-miR-301a-3p,JARID2
hsa-miR-301a-3p,SOX4
hsa-miR-301a-3p,CDKN1A
hsa-miR-301a-3p,ENPP4
hsa-miR-301a-3p,PTP4A1
hsa-miR-301a-3p,AL135905.2
hsa-miR-301a-3p,PNRC1
hsa-miR-301a-3p,TBPL1
hsa-miR-301a-3p,HECA
hsa-miR-301a-3p,SASH1
hsa-miR-301a-3p,QKI
hsa-miR-301a-3p,GRB10
hsa-miR-301a-3p,ZNF3
hsa-miR-301a-3p,CCDC71L
hsa-miR-301a-3p,BMT2
hsa-miR-301a-3p,WASL
hsa-miR-301a-3p,ZNF800
hsa-miR-301a-3p,FASTK
hsa-miR-301a-3p,KMT2C
hsa-miR-301a-3p,CCT6A
hsa-miR-301a-3p,ANKIB1
hsa-miR-301a-3p,LMTK2
hsa-miR-301a-3p,HBP1
hsa-miR-301a-3p,TES
hsa-miR-301a-3p,CAV2
hsa-miR-301a-3p,MET
hsa-miR-301a-3p,LONRF1
hsa-miR-301a-3p,DLC1
hsa-miR-301a-3p,NSD3
hsa-miR-301a-3p,MYBL1
hsa-miR-301a-3p,SYBU
hsa-miR-301a-3p,MTMR9
hsa-miR-301a-3p,VPS37A
hsa-miR-301a-3p,DPYSL2
hsa-miR-301a-3p,FZD6
hsa-miR-301a-3p,EFR3A
hsa-miR-301a-3p,NFIB
hsa-miR-301a-3p,RNF38
hsa-miR-301a-3p,ABCA1
hsa-miR-301a-3p,RAB14
hsa-miR-301a-3p,TSC1
hsa-miR-301a-3p,TMEM250
hsa-miR-301a-3p,NRARP
hsa-miR-301a-3p,SLC44A1
hsa-miR-301a-3p,PIGA
hsa-miR-301a-3p,SCML2
hsa-miR-301a-3p,ACSL4
hsa-miR-301a-3p,MMGT1
hsa-miR-301a-3p,MID1IP1
hsa-miR-301a-3p,CHIC1
hsa-miR-301a-3p,ZNF711
hsa-miR-301a-3p,HPRT1
hsa-miR-301a-3p,FMR1
hsa-miR-301b-3p,RPA2
hsa-miR-301b-3p,EPS15
hsa-miR-301b-3p,DEPDC1
hsa-miR-301b-3p,USP33
hsa-miR-301b-3p,F3
hsa-miR-301b-3p,WDR47
hsa-miR-301b-3p,TXNIP
hsa-miR-301b-3p,DCAF8
hsa-miR-301b-3p,DEDD
hsa-miR-301b-3p,STX6
hsa-miR-301b-3p,PPP1R15B
hsa-miR-301b-3p,LBR
hsa-miR-301b-3p,ARID4B
hsa-miR-301b-3p,VPS13D
hsa-miR-301b-3p,SZRD1
hsa-miR-301b-3p,PDIK1L
hsa-miR-301b-3p,STX12
hsa-miR-301b-3p,AGO4
hsa-miR-301b-3p,AGO1
hsa-miR-301b-3p,CMPK1
hsa-miR-301b-3p,BTF3L4
hsa-miR-301b-3p,ZFYVE9
hsa-miR-301b-3p,MIER1
hsa-miR-301b-3p,MIGA1
hsa-miR-301b-3p,RTCA
hsa-miR-301b-3p,S1PR1
hsa-miR-301b-3p,CSF1
hsa-miR-301b-3p,PDE4DIP
hsa-miR-301b-3p,ZBTB7B
hsa-miR-301b-3p,SLC25A44
hsa-miR-301b-3p,KLHL20
hsa-miR-301b-3p,RO60
hsa-miR-301b-3p,FBXO28
hsa-miR-301b-3p,ZBTB18
hsa-miR-301b-3p,SKIDA1
hsa-miR-301b-3p,ACBD5
hsa-miR-301b-3p,ARHGAP12
hsa-miR-301b-3p,NRP1
hsa-miR-301b-3p,CCDC6
hsa-miR-301b-3p,PSAP
hsa-miR-301b-3p,NRBF2
hsa-miR-301b-3p,PTEN
hsa-miR-301b-3p,SLF2
hsa-miR-301b-3p,TMEM9B
hsa-miR-301b-3p,SBF2
hsa-miR-301b-3p,SPTY2D1
hsa-miR-301b-3p,FOSL1
hsa-miR-301b-3p,SHANK2
hsa-miR-301b-3p,NPAT
hsa-miR-301b-3p,DDX6
hsa-miR-301b-3p,USP47
hsa-miR-301b-3p,ZFP91
hsa-miR-301b-3p,KDM2A
hsa-miR-301b-3p,PPP6R3
hsa-miR-301b-3p,KMT2A
hsa-miR-301b-3p,ARHGEF12
hsa-miR-301b-3p,CAPRIN2
hsa-miR-301b-3p,ANKRD52
hsa-miR-301b-3p,PTGES3
hsa-miR-301b-3p,E2F7
hsa-miR-301b-3p,BTG1
hsa-miR-301b-3p,CLIP1
hsa-miR-301b-3p,UBC
hsa-miR-301b-3p,WNK1
hsa-miR-301b-3p,RAB5B
hsa-miR-301b-3p,ERBB3
hsa-miR-301b-3p,MLEC
hsa-miR-301b-3p,SPART
hsa-miR-301b-3p,TSC22D1
hsa-miR-301b-3p,ZIC5
hsa-miR-301b-3p,PAN3
hsa-miR-301b-3p,SLAIN1
hsa-miR-301b-3p,ATP11A
hsa-miR-301b-3p,PIP4P1
hsa-miR-301b-3p,HECTD1
hsa-miR-301b-3p,EGLN3
hsa-miR-301b-3p,CNIH1
hsa-miR-301b-3p,GMFB
hsa-miR-301b-3p,ZFYVE26
hsa-miR-301b-3p,MAP3K9
hsa-miR-301b-3p,ITPK1
hsa-miR-301b-3p,BTBD7
hsa-miR-301b-3p,DICER1
hsa-miR-301b-3p,ATG2B
hsa-miR-301b-3p,FRMD6
hsa-miR-301b-3p,SMOC1
hsa-miR-301b-3p,RBM25
hsa-miR-301b-3p,SECISBP2L
hsa-miR-301b-3p,NPTN
hsa-miR-301b-3p,TSPAN3
hsa-miR-301b-3p,NIPA1
hsa-miR-301b-3p,ARL6IP1
hsa-miR-301b-3p,DYNC1LI2
hsa-miR-301b-3p,ZCCHC14
hsa-miR-301b-3p,TNRC6A
hsa-miR-301b-3p,CHD9
hsa-miR-301b-3p,CBFB
hsa-miR-301b-3p,C16orf70
hsa-miR-301b-3p,ANKFY1
hsa-miR-301b-3p,ZBTB4
hsa-miR-301b-3p,RASD1
hsa-miR-301b-3p,RAB34
hsa-miR-301b-3p,PHF12
hsa-miR-301b-3p,STAT3
hsa-miR-301b-3p,GPATCH8
hsa-miR-301b-3p,TRIM37
hsa-miR-301b-3p,USP32
hsa-miR-301b-3p,SMARCD2
hsa-miR-301b-3p,FAM104A
hsa-miR-301b-3p,SRSF2
hsa-miR-301b-3p,TIMP2
hsa-miR-301b-3p,PAFAH1B1
hsa-miR-301b-3p,DYNLL2
hsa-miR-301b-3p,CLTC
hsa-miR-301b-3p,VMP1
hsa-miR-301b-3p,SPIRE1
hsa-miR-301b-3p,IER3IP1
hsa-miR-301b-3p,DSEL
hsa-miR-301b-3p,RAB12
hsa-miR-301b-3p,MTCL1
hsa-miR-301b-3p,RBBP8
hsa-miR-301b-3p,TSHZ1
hsa-miR-301b-3p,MEX3D
hsa-miR-301b-3p,PPP6R1
hsa-miR-301b-3p,THOP1
hsa-miR-301b-3p,LDLR
hsa-miR-301b-3p,ROCK2
hsa-miR-301b-3p,HADHA
hsa-miR-301b-3p,MEMO1
hsa-miR-301b-3p,SRSF7
hsa-miR-301b-3p,COX7A2L
hsa-miR-301b-3p,CALM2
hsa-miR-301b-3p,TGOLN2
hsa-miR-301b-3p,CHMP3
hsa-miR-301b-3p,TBC1D8
hsa-miR-301b-3p,SESTD1
hsa-miR-301b-3p,KLF11
hsa-miR-301b-3p,LCLAT1
hsa-miR-301b-3p,LGALSL
hsa-miR-301b-3p,RMND5A
hsa-miR-301b-3p,BCL2L11
hsa-miR-301b-3p,PTPN4
hsa-miR-301b-3p,TANC1
hsa-miR-301b-3p,MAP3K20
hsa-miR-301b-3p,NABP1
hsa-miR-301b-3p,BMPR2
hsa-miR-301b-3p,PIKFYVE
hsa-miR-301b-3p,ATG16L1
hsa-miR-301b-3p,SNX5
hsa-miR-301b-3p,BLCAP
hsa-miR-301b-3p,SERINC3
hsa-miR-301b-3p,B4GALT5
hsa-miR-301b-3p,SPATA2
hsa-miR-301b-3p,ZNF217
hsa-miR-301b-3p,PRNP
hsa-miR-301b-3p,BTBD3
hsa-miR-301b-3p,PHF20
hsa-miR-301b-3p,SLC2A4RG
hsa-miR-301b-3p,TMEM50B
hsa-miR-301b-3p,BRWD1
hsa-miR-301b-3p,SIK1
hsa-miR-301b-3p,TOB2
hsa-miR-301b-3p,VGLL4
hsa-miR-301b-3p,FYCO1
hsa-miR-301b-3p,MAP4
hsa-miR-301b-3p,EOGT
hsa-miR-301b-3p,FOXP1
hsa-miR-301b-3p,DCBLD2
hsa-miR-301b-3p,NAA50
hsa-miR-301b-3p,PFN2
hsa-miR-301b-3p,TBL1XR1
hsa-miR-301b-3p,MB21D2
hsa-miR-301b-3p,ATP13A3
hsa-miR-301b-3p,ITPR1
hsa-miR-301b-3p,SLC6A6
hsa-miR-301b-3p,RAB5A
hsa-miR-301b-3p,TGFBR2
hsa-miR-301b-3p,APPL1
hsa-miR-301b-3p,PXYLP1
hsa-miR-301b-3p,MBNL1
hsa-miR-301b-3p,FXR1
hsa-miR-301b-3p,IL1RAP
hsa-miR-301b-3p,WDFY3
hsa-miR-301b-3p,FAM13A
hsa-miR-301b-3p,CCNA2
hsa-miR-301b-3p,OTUD4
hsa-miR-301b-3p,CPEB2
hsa-miR-301b-3p,STIM2
hsa-miR-301b-3p,KLF3
hsa-miR-301b-3p,KIT
hsa-miR-301b-3p,EREG
hsa-miR-301b-3p,CDS1
hsa-miR-301b-3p,AFF1
hsa-miR-301b-3p,NPNT
hsa-miR-301b-3p,MSMO1
hsa-miR-301b-3p,PRKAA1
hsa-miR-301b-3p,SGTB
hsa-miR-301b-3p,ARRDC3
hsa-miR-301b-3p,IRF1
hsa-miR-301b-3p,YIPF5
hsa-miR-301b-3p,ERBIN
hsa-miR-301b-3p,MAP1B
hsa-miR-301b-3p,LNPEP
hsa-miR-301b-3p,PHAX
hsa-miR-301b-3p,SMAD5
hsa-miR-301b-3p,MAT2B
hsa-miR-301b-3p,CPEB4
hsa-miR-301b-3p,CANX
hsa-miR-301b-3p,MAML1
hsa-miR-301b-3p,CNOT6
hsa-miR-301b-3p,KIF13A
hsa-miR-301b-3p,ENPP5
hsa-miR-301b-3p,RRAGD
hsa-miR-301b-3p,CDK19
hsa-miR-301b-3p,MAP7
hsa-miR-301b-3p,FOXF2
hsa-miR-301b-3p,WRNIP1
hsa-miR-301b-3p,EDN1
hsa-miR-301b-3p,JARID2
hsa-miR-301b-3p,SOX4
hsa-miR-301b-3p,CDKN1A
hsa-miR-301b-3p,ENPP4
hsa-miR-301b-3p,PTP4A1
hsa-miR-301b-3p,AL135905.2
hsa-miR-301b-3p,PNRC1
hsa-miR-301b-3p,TBPL1
hsa-miR-301b-3p,HECA
hsa-miR-301b-3p,SASH1
hsa-miR-301b-3p,QKI
hsa-miR-301b-3p,GRB10
hsa-miR-301b-3p,ZNF3
hsa-miR-301b-3p,CCDC71L
hsa-miR-301b-3p,BMT2
hsa-miR-301b-3p,WASL
hsa-miR-301b-3p,ZNF800
hsa-miR-301b-3p,FASTK
hsa-miR-301b-3p,KMT2C
hsa-miR-301b-3p,CCT6A
hsa-miR-301b-3p,ANKIB1
hsa-miR-301b-3p,LMTK2
hsa-miR-301b-3p,HBP1
hsa-miR-301b-3p,TES
hsa-miR-301b-3p,CAV2
hsa-miR-301b-3p,MET
hsa-miR-301b-3p,LONRF1
hsa-miR-301b-3p,DLC1
hsa-miR-301b-3p,NSD3
hsa-miR-301b-3p,MYBL1
hsa-miR-301b-3p,SYBU
hsa-miR-301b-3p,MTMR9
hsa-miR-301b-3p,VPS37A
hsa-miR-301b-3p,DPYSL2
hsa-miR-301b-3p,FZD6
hsa-miR-301b-3p,EFR3A
hsa-miR-301b-3p,NFIB
hsa-miR-301b-3p,RNF38
hsa-miR-301b-3p,ABCA1
hsa-miR-301b-3p,RAB14
hsa-miR-301b-3p,TSC1
hsa-miR-301b-3p,TMEM250
hsa-miR-301b-3p,NRARP
hsa-miR-301b-3p,SLC44A1
hsa-miR-301b-3p,PIGA
hsa-miR-301b-3p,SCML2
hsa-miR-301b-3p,ACSL4
hsa-miR-301b-3p,MMGT1
hsa-miR-301b-3p,MID1IP1
hsa-miR-301b-3p,CHIC1
hsa-miR-301b-3p,ZNF711
hsa-miR-301b-3p,HPRT1
hsa-miR-301b-3p,FMR1
hsa-miR-302a-3p,EPHA2
hsa-miR-302a-3p,CAMK2N1
hsa-miR-302a-3p,MTF1
hsa-miR-302a-3p,ANKRD13C
hsa-miR-302a-3p,TXNIP
hsa-miR-302a-3p,CRTC2
hsa-miR-302a-3p,ASH1L
hsa-miR-302a-3p,PIGM
hsa-miR-302a-3p,YOD1
hsa-miR-302a-3p,ITPKB
hsa-miR-302a-3p,IRF2BP2
hsa-miR-302a-3p,ARID4B
hsa-miR-302a-3p,CAMTA1
hsa-miR-302a-3p,ELOA
hsa-miR-302a-3p,PHACTR4
hsa-miR-302a-3p,TXLNA
hsa-miR-302a-3p,KIAA1522
hsa-miR-302a-3p,CMPK1
hsa-miR-302a-3p,NFIA
hsa-miR-302a-3p,PKN2
hsa-miR-302a-3p,CAPZA1
hsa-miR-302a-3p,SUCO
hsa-miR-302a-3p,SKIDA1
hsa-miR-302a-3p,PIP4K2A
hsa-miR-302a-3p,PFKP
hsa-miR-302a-3p,BAMBI
hsa-miR-302a-3p,DKK1
hsa-miR-302a-3p,REEP3
hsa-miR-302a-3p,HECTD2
hsa-miR-302a-3p,TNKS2
hsa-miR-302a-3p,LCOR
hsa-miR-302a-3p,HIF1AN
hsa-miR-302a-3p,SLK
hsa-miR-302a-3p,ABRAXAS2
hsa-miR-302a-3p,AHNAK
hsa-miR-302a-3p,KMT5B
hsa-miR-302a-3p,RSF1
hsa-miR-302a-3p,TMEM123
hsa-miR-302a-3p,MSANTD4
hsa-miR-302a-3p,RDX
hsa-miR-302a-3p,IPO7
hsa-miR-302a-3p,WEE1
hsa-miR-302a-3p,PRRG4
hsa-miR-302a-3p,QSER1
hsa-miR-302a-3p,KDM2A
hsa-miR-302a-3p,CCND1
hsa-miR-302a-3p,EMSY
hsa-miR-302a-3p,ZC3H12C
hsa-miR-302a-3p,KMT2A
hsa-miR-302a-3p,TBCEL
hsa-miR-302a-3p,KCNJ8
hsa-miR-302a-3p,DENND5B
hsa-miR-302a-3p,TWF1
hsa-miR-302a-3p,SPRYD3
hsa-miR-302a-3p,ANKRD52
hsa-miR-302a-3p,GNS
hsa-miR-302a-3p,E2F7
hsa-miR-302a-3p,NTN4
hsa-miR-302a-3p,CCND2
hsa-miR-302a-3p,FGD4
hsa-miR-302a-3p,DAZAP2
hsa-miR-302a-3p,GDF11
hsa-miR-302a-3p,DYRK2
hsa-miR-302a-3p,ULK1
hsa-miR-302a-3p,LATS2
hsa-miR-302a-3p,FNDC3A
hsa-miR-302a-3p,MBNL2
hsa-miR-302a-3p,COL4A2
hsa-miR-302a-3p,CFL2
hsa-miR-302a-3p,KLHL28
hsa-miR-302a-3p,RTN1
hsa-miR-302a-3p,ZFYVE26
hsa-miR-302a-3p,BTBD7
hsa-miR-302a-3p,AKT1
hsa-miR-302a-3p,IRF9
hsa-miR-302a-3p,BRMS1L
hsa-miR-302a-3p,TTC9
hsa-miR-302a-3p,PAPOLA
hsa-miR-302a-3p,FAM219B
hsa-miR-302a-3p,NR2F2
hsa-miR-302a-3p,UNKL
hsa-miR-302a-3p,PKD1
hsa-miR-302a-3p,AKTIP
hsa-miR-302a-3p,CMTR2
hsa-miR-302a-3p,PHLPP2
hsa-miR-302a-3p,RBBP6
hsa-miR-302a-3p,TAOK2
hsa-miR-302a-3p,MNT
hsa-miR-302a-3p,NUFIP2
hsa-miR-302a-3p,EZH1
hsa-miR-302a-3p,MTMR4
hsa-miR-302a-3p,JPT1
hsa-miR-302a-3p,MINK1
hsa-miR-302a-3p,ALKBH5
hsa-miR-302a-3p,TVP23B
hsa-miR-302a-3p,TNFAIP1
hsa-miR-302a-3p,KPNA2
hsa-miR-302a-3p,UNK
hsa-miR-302a-3p,MKNK2
hsa-miR-302a-3p,ZBTB7A
hsa-miR-302a-3p,HAUS8
hsa-miR-302a-3p,CHAF1A
hsa-miR-302a-3p,ARHGEF18
hsa-miR-302a-3p,HNRNPUL1
hsa-miR-302a-3p,SDC1
hsa-miR-302a-3p,PPP3R1
hsa-miR-302a-3p,CYP26B1
hsa-miR-302a-3p,DUSP2
hsa-miR-302a-3p,MAP3K2
hsa-miR-302a-3p,SLC40A1
hsa-miR-302a-3p,CUL3
hsa-miR-302a-3p,CLIP4
hsa-miR-302a-3p,LCLAT1
hsa-miR-302a-3p,CRIM1
hsa-miR-302a-3p,TET3
hsa-miR-302a-3p,PLEKHA3
hsa-miR-302a-3p,TBC1D20
hsa-miR-302a-3p,PLAGL2
hsa-miR-302a-3p,E2F1
hsa-miR-302a-3p,BLCAP
hsa-miR-302a-3p,ZNFX1
hsa-miR-302a-3p,ZNF512B
hsa-miR-302a-3p,KIF3B
hsa-miR-302a-3p,CTSA
hsa-miR-302a-3p,NCOA3
hsa-miR-302a-3p,APP
hsa-miR-302a-3p,BRWD1
hsa-miR-302a-3p,C2CD2
hsa-miR-302a-3p,SIK1
hsa-miR-302a-3p,MTMR3
hsa-miR-302a-3p,TIMP3
hsa-miR-302a-3p,FYCO1
hsa-miR-302a-3p,TUSC2
hsa-miR-302a-3p,POLQ
hsa-miR-302a-3p,ZNF148
hsa-miR-302a-3p,PFN2
hsa-miR-302a-3p,DCUN1D1
hsa-miR-302a-3p,NR2C2
hsa-miR-302a-3p,TGFBR2
hsa-miR-302a-3p,ZBTB47
hsa-miR-302a-3p,TIPARP
hsa-miR-302a-3p,PPM1L
hsa-miR-302a-3p,RELL1
hsa-miR-302a-3p,ANKRD50
hsa-miR-302a-3p,IRF2
hsa-miR-302a-3p,KLF3
hsa-miR-302a-3p,SLAIN2
hsa-miR-302a-3p,CXCL8
hsa-miR-302a-3p,PKD2
hsa-miR-302a-3p,RAPGEF2
hsa-miR-302a-3p,PALLD
hsa-miR-302a-3p,TMEM167A
hsa-miR-302a-3p,FEM1C
hsa-miR-302a-3p,SAR1B
hsa-miR-302a-3p,POLR3G
hsa-miR-302a-3p,RGMB
hsa-miR-302a-3p,PAM
hsa-miR-302a-3p,C5orf24
hsa-miR-302a-3p,CREBRF
hsa-miR-302a-3p,SQSTM1
hsa-miR-302a-3p,SLC22A23
hsa-miR-302a-3p,GLO1
hsa-miR-302a-3p,RRAGD
hsa-miR-302a-3p,OSTM1
hsa-miR-302a-3p,HIVEP2
hsa-miR-302a-3p,FOXF2
hsa-miR-302a-3p,VEGFA
hsa-miR-302a-3p,ASF1A
hsa-miR-302a-3p,SASH1
hsa-miR-302a-3p,SNX9
hsa-miR-302a-3p,TNRC18
hsa-miR-302a-3p,PURB
hsa-miR-302a-3p,MAP11
hsa-miR-302a-3p,ZNF800
hsa-miR-302a-3p,MKRN1
hsa-miR-302a-3p,KMT2C
hsa-miR-302a-3p,AHR
hsa-miR-302a-3p,ITGB8
hsa-miR-302a-3p,CROT
hsa-miR-302a-3p,ZKSCAN1
hsa-miR-302a-3p,AGFG2
hsa-miR-302a-3p,RAB11FIP1
hsa-miR-302a-3p,PLAG1
hsa-miR-302a-3p,UBE2W
hsa-miR-302a-3p,TMEM64
hsa-miR-302a-3p,TP53INP1
hsa-miR-302a-3p,YWHAZ
hsa-miR-302a-3p,TRPS1
hsa-miR-302a-3p,ATAD2
hsa-miR-302a-3p,BNIP3L
hsa-miR-302a-3p,ADAM9
hsa-miR-302a-3p,YTHDF3
hsa-miR-302a-3p,FZD6
hsa-miR-302a-3p,OXR1
hsa-miR-302a-3p,NFIB
hsa-miR-302a-3p,ZBTB5
hsa-miR-302a-3p,ZNF367
hsa-miR-302a-3p,ABCA1
hsa-miR-302a-3p,ZBTB6
hsa-miR-302a-3p,GOLGA1
hsa-miR-302a-3p,PPP6C
hsa-miR-302a-3p,VLDLR
hsa-miR-302a-3p,RORB
hsa-miR-302a-3p,RBBP7
hsa-miR-302a-3p,KLHL15
hsa-miR-302a-3p,SYAP1
hsa-miR-302a-3p,PRRG1
hsa-miR-302a-3p,ZBTB33
hsa-miR-302b-3p,EPHA2
hsa-miR-302b-3p,CAMK2N1
hsa-miR-302b-3p,MTF1
hsa-miR-302b-3p,ANKRD13C
hsa-miR-302b-3p,RHOC
hsa-miR-302b-3p,TXNIP
hsa-miR-302b-3p,CRTC2
hsa-miR-302b-3p,ASH1L
hsa-miR-302b-3p,PIGM
hsa-miR-302b-3p,YOD1
hsa-miR-302b-3p,ITPKB
hsa-miR-302b-3p,IRF2BP2
hsa-miR-302b-3p,ARID4B
hsa-miR-302b-3p,CAMTA1
hsa-miR-302b-3p,ELOA
hsa-miR-302b-3p,TXLNA
hsa-miR-302b-3p,KIAA1522
hsa-miR-302b-3p,CMPK1
hsa-miR-302b-3p,NFIA
hsa-miR-302b-3p,PKN2
hsa-miR-302b-3p,CAPZA1
hsa-miR-302b-3p,SUCO
hsa-miR-302b-3p,SKIDA1
hsa-miR-302b-3p,PIP4K2A
hsa-miR-302b-3p,PFKP
hsa-miR-302b-3p,BAMBI
hsa-miR-302b-3p,DKK1
hsa-miR-302b-3p,REEP3
hsa-miR-302b-3p,HECTD2
hsa-miR-302b-3p,TNKS2
hsa-miR-302b-3p,LCOR
hsa-miR-302b-3p,HIF1AN
hsa-miR-302b-3p,SLK
hsa-miR-302b-3p,ABRAXAS2
hsa-miR-302b-3p,AHNAK
hsa-miR-302b-3p,KMT5B
hsa-miR-302b-3p,RSF1
hsa-miR-302b-3p,TMEM123
hsa-miR-302b-3p,MSANTD4
hsa-miR-302b-3p,RDX
hsa-miR-302b-3p,IPO7
hsa-miR-302b-3p,WEE1
hsa-miR-302b-3p,PRRG4
hsa-miR-302b-3p,QSER1
hsa-miR-302b-3p,KDM2A
hsa-miR-302b-3p,CCND1
hsa-miR-302b-3p,EMSY
hsa-miR-302b-3p,ZC3H12C
hsa-miR-302b-3p,KMT2A
hsa-miR-302b-3p,TBCEL
hsa-miR-302b-3p,KCNJ8
hsa-miR-302b-3p,DENND5B
hsa-miR-302b-3p,TWF1
hsa-miR-302b-3p,SPRYD3
hsa-miR-302b-3p,ANKRD52
hsa-miR-302b-3p,GNS
hsa-miR-302b-3p,E2F7
hsa-miR-302b-3p,NTN4
hsa-miR-302b-3p,CCND2
hsa-miR-302b-3p,FGD4
hsa-miR-302b-3p,DAZAP2
hsa-miR-302b-3p,GDF11
hsa-miR-302b-3p,DYRK2
hsa-miR-302b-3p,ULK1
hsa-miR-302b-3p,LATS2
hsa-miR-302b-3p,FNDC3A
hsa-miR-302b-3p,MBNL2
hsa-miR-302b-3p,COL4A2
hsa-miR-302b-3p,CFL2
hsa-miR-302b-3p,KLHL28
hsa-miR-302b-3p,RTN1
hsa-miR-302b-3p,ZFYVE26
hsa-miR-302b-3p,BTBD7
hsa-miR-302b-3p,AKT1
hsa-miR-302b-3p,IRF9
hsa-miR-302b-3p,BRMS1L
hsa-miR-302b-3p,TTC9
hsa-miR-302b-3p,PAPOLA
hsa-miR-302b-3p,FAM219B
hsa-miR-302b-3p,NR2F2
hsa-miR-302b-3p,UNKL
hsa-miR-302b-3p,PKD1
hsa-miR-302b-3p,AKTIP
hsa-miR-302b-3p,CMTR2
hsa-miR-302b-3p,PHLPP2
hsa-miR-302b-3p,RBBP6
hsa-miR-302b-3p,TAOK2
hsa-miR-302b-3p,CRK
hsa-miR-302b-3p,MNT
hsa-miR-302b-3p,NUFIP2
hsa-miR-302b-3p,EZH1
hsa-miR-302b-3p,MTMR4
hsa-miR-302b-3p,JPT1
hsa-miR-302b-3p,MINK1
hsa-miR-302b-3p,ALKBH5
hsa-miR-302b-3p,TVP23B
hsa-miR-302b-3p,KPNA2
hsa-miR-302b-3p,UNK
hsa-miR-302b-3p,MKNK2
hsa-miR-302b-3p,ZBTB7A
hsa-miR-302b-3p,HAUS8
hsa-miR-302b-3p,CHAF1A
hsa-miR-302b-3p,ARHGEF18
hsa-miR-302b-3p,HNRNPUL1
hsa-miR-302b-3p,SDC1
hsa-miR-302b-3p,PPP3R1
hsa-miR-302b-3p,CYP26B1
hsa-miR-302b-3p,DUSP2
hsa-miR-302b-3p,MAP3K2
hsa-miR-302b-3p,SLC40A1
hsa-miR-302b-3p,CUL3
hsa-miR-302b-3p,CLIP4
hsa-miR-302b-3p,LCLAT1
hsa-miR-302b-3p,CRIM1
hsa-miR-302b-3p,TET3
hsa-miR-302b-3p,PLEKHA3
hsa-miR-302b-3p,TBC1D20
hsa-miR-302b-3p,PLAGL2
hsa-miR-302b-3p,E2F1
hsa-miR-302b-3p,BLCAP
hsa-miR-302b-3p,ZNFX1
hsa-miR-302b-3p,ZNF512B
hsa-miR-302b-3p,KIF3B
hsa-miR-302b-3p,CTSA
hsa-miR-302b-3p,NCOA3
hsa-miR-302b-3p,APP
hsa-miR-302b-3p,BRWD1
hsa-miR-302b-3p,C2CD2
hsa-miR-302b-3p,SIK1
hsa-miR-302b-3p,MTMR3
hsa-miR-302b-3p,TIMP3
hsa-miR-302b-3p,FYCO1
hsa-miR-302b-3p,TUSC2
hsa-miR-302b-3p,POLQ
hsa-miR-302b-3p,ZNF148
hsa-miR-302b-3p,PFN2
hsa-miR-302b-3p,DCUN1D1
hsa-miR-302b-3p,NR2C2
hsa-miR-302b-3p,TGFBR2
hsa-miR-302b-3p,ZBTB47
hsa-miR-302b-3p,TIPARP
hsa-miR-302b-3p,PPM1L
hsa-miR-302b-3p,RELL1
hsa-miR-302b-3p,ANKRD50
hsa-miR-302b-3p,IRF2
hsa-miR-302b-3p,KLF3
hsa-miR-302b-3p,SLAIN2
hsa-miR-302b-3p,CXCL8
hsa-miR-302b-3p,PKD2
hsa-miR-302b-3p,RAPGEF2
hsa-miR-302b-3p,PALLD
hsa-miR-302b-3p,TMEM167A
hsa-miR-302b-3p,FEM1C
hsa-miR-302b-3p,SAR1B
hsa-miR-302b-3p,POLR3G
hsa-miR-302b-3p,RGMB
hsa-miR-302b-3p,PAM
hsa-miR-302b-3p,C5orf24
hsa-miR-302b-3p,CREBRF
hsa-miR-302b-3p,SQSTM1
hsa-miR-302b-3p,SLC22A23
hsa-miR-302b-3p,GLO1
hsa-miR-302b-3p,RRAGD
hsa-miR-302b-3p,OSTM1
hsa-miR-302b-3p,HIVEP2
hsa-miR-302b-3p,FOXF2
hsa-miR-302b-3p,VEGFA
hsa-miR-302b-3p,ASF1A
hsa-miR-302b-3p,SASH1
hsa-miR-302b-3p,SNX9
hsa-miR-302b-3p,TNRC18
hsa-miR-302b-3p,PURB
hsa-miR-302b-3p,MAP11
hsa-miR-302b-3p,ZNF800
hsa-miR-302b-3p,MKRN1
hsa-miR-302b-3p,AHR
hsa-miR-302b-3p,ITGB8
hsa-miR-302b-3p,CROT
hsa-miR-302b-3p,ZKSCAN1
hsa-miR-302b-3p,AGFG2
hsa-miR-302b-3p,RAB11FIP1
hsa-miR-302b-3p,PLAG1
hsa-miR-302b-3p,UBE2W
hsa-miR-302b-3p,TMEM64
hsa-miR-302b-3p,TP53INP1
hsa-miR-302b-3p,YWHAZ
hsa-miR-302b-3p,ATAD2
hsa-miR-302b-3p,BNIP3L
hsa-miR-302b-3p,ADAM9
hsa-miR-302b-3p,YTHDF3
hsa-miR-302b-3p,FZD6
hsa-miR-302b-3p,OXR1
hsa-miR-302b-3p,NFIB
hsa-miR-302b-3p,ZBTB5
hsa-miR-302b-3p,ZNF367
hsa-miR-302b-3p,ABCA1
hsa-miR-302b-3p,ZBTB6
hsa-miR-302b-3p,GOLGA1
hsa-miR-302b-3p,PPP6C
hsa-miR-302b-3p,VLDLR
hsa-miR-302b-3p,RORB
hsa-miR-302b-3p,RBBP7
hsa-miR-302b-3p,KLHL15
hsa-miR-302b-3p,SYAP1
hsa-miR-302b-3p,PRRG1
hsa-miR-302b-3p,ZBTB33
hsa-miR-302c-3p,EPHA2
hsa-miR-302c-3p,CAMK2N1
hsa-miR-302c-3p,MTF1
hsa-miR-302c-3p,ANKRD13C
hsa-miR-302c-3p,RHOC
hsa-miR-302c-3p,TXNIP
hsa-miR-302c-3p,CRTC2
hsa-miR-302c-3p,ASH1L
hsa-miR-302c-3p,PIGM
hsa-miR-302c-3p,YOD1
hsa-miR-302c-3p,ITPKB
hsa-miR-302c-3p,IRF2BP2
hsa-miR-302c-3p,ARID4B
hsa-miR-302c-3p,CAMTA1
hsa-miR-302c-3p,ELOA
hsa-miR-302c-3p,TXLNA
hsa-miR-302c-3p,KIAA1522
hsa-miR-302c-3p,CMPK1
hsa-miR-302c-3p,NFIA
hsa-miR-302c-3p,PKN2
hsa-miR-302c-3p,CAPZA1
hsa-miR-302c-3p,SUCO
hsa-miR-302c-3p,SKIDA1
hsa-miR-302c-3p,PIP4K2A
hsa-miR-302c-3p,PFKP
hsa-miR-302c-3p,BAMBI
hsa-miR-302c-3p,DKK1
hsa-miR-302c-3p,REEP3
hsa-miR-302c-3p,HECTD2
hsa-miR-302c-3p,TNKS2
hsa-miR-302c-3p,LCOR
hsa-miR-302c-3p,HIF1AN
hsa-miR-302c-3p,SLK
hsa-miR-302c-3p,ABRAXAS2
hsa-miR-302c-3p,AHNAK
hsa-miR-302c-3p,KMT5B
hsa-miR-302c-3p,RSF1
hsa-miR-302c-3p,TMEM123
hsa-miR-302c-3p,MSANTD4
hsa-miR-302c-3p,RDX
hsa-miR-302c-3p,IPO7
hsa-miR-302c-3p,WEE1
hsa-miR-302c-3p,PRRG4
hsa-miR-302c-3p,KDM2A
hsa-miR-302c-3p,CCND1
hsa-miR-302c-3p,EMSY
hsa-miR-302c-3p,ZC3H12C
hsa-miR-302c-3p,KMT2A
hsa-miR-302c-3p,TBCEL
hsa-miR-302c-3p,KCNJ8
hsa-miR-302c-3p,DENND5B
hsa-miR-302c-3p,TWF1
hsa-miR-302c-3p,SPRYD3
hsa-miR-302c-3p,ANKRD52
hsa-miR-302c-3p,GNS
hsa-miR-302c-3p,E2F7
hsa-miR-302c-3p,NTN4
hsa-miR-302c-3p,CCND2
hsa-miR-302c-3p,FGD4
hsa-miR-302c-3p,DAZAP2
hsa-miR-302c-3p,GDF11
hsa-miR-302c-3p,DYRK2
hsa-miR-302c-3p,ULK1
hsa-miR-302c-3p,LATS2
hsa-miR-302c-3p,FNDC3A
hsa-miR-302c-3p,MBNL2
hsa-miR-302c-3p,COL4A2
hsa-miR-302c-3p,CFL2
hsa-miR-302c-3p,KLHL28
hsa-miR-302c-3p,RTN1
hsa-miR-302c-3p,ZFYVE26
hsa-miR-302c-3p,BTBD7
hsa-miR-302c-3p,AKT1
hsa-miR-302c-3p,IRF9
hsa-miR-302c-3p,BRMS1L
hsa-miR-302c-3p,TTC9
hsa-miR-302c-3p,PAPOLA
hsa-miR-302c-3p,FAM219B
hsa-miR-302c-3p,NR2F2
hsa-miR-302c-3p,UNKL
hsa-miR-302c-3p,PKD1
hsa-miR-302c-3p,AKTIP
hsa-miR-302c-3p,CMTR2
hsa-miR-302c-3p,PHLPP2
hsa-miR-302c-3p,RBBP6
hsa-miR-302c-3p,TAOK2
hsa-miR-302c-3p,MNT
hsa-miR-302c-3p,NUFIP2
hsa-miR-302c-3p,EZH1
hsa-miR-302c-3p,MTMR4
hsa-miR-302c-3p,JPT1
hsa-miR-302c-3p,MINK1
hsa-miR-302c-3p,ALKBH5
hsa-miR-302c-3p,TVP23B
hsa-miR-302c-3p,KPNA2
hsa-miR-302c-3p,UNK
hsa-miR-302c-3p,MKNK2
hsa-miR-302c-3p,ZBTB7A
hsa-miR-302c-3p,HAUS8
hsa-miR-302c-3p,CHAF1A
hsa-miR-302c-3p,ARHGEF18
hsa-miR-302c-3p,HNRNPUL1
hsa-miR-302c-3p,SDC1
hsa-miR-302c-3p,PPP3R1
hsa-miR-302c-3p,CYP26B1
hsa-miR-302c-3p,DUSP2
hsa-miR-302c-3p,MAP3K2
hsa-miR-302c-3p,SLC40A1
hsa-miR-302c-3p,CUL3
hsa-miR-302c-3p,CLIP4
hsa-miR-302c-3p,LCLAT1
hsa-miR-302c-3p,CRIM1
hsa-miR-302c-3p,TET3
hsa-miR-302c-3p,PLEKHA3
hsa-miR-302c-3p,TBC1D20
hsa-miR-302c-3p,PLAGL2
hsa-miR-302c-3p,E2F1
hsa-miR-302c-3p,BLCAP
hsa-miR-302c-3p,ZNFX1
hsa-miR-302c-3p,ZNF512B
hsa-miR-302c-3p,KIF3B
hsa-miR-302c-3p,CTSA
hsa-miR-302c-3p,NCOA3
hsa-miR-302c-3p,APP
hsa-miR-302c-3p,BRWD1
hsa-miR-302c-3p,C2CD2
hsa-miR-302c-3p,SIK1
hsa-miR-302c-3p,MTMR3
hsa-miR-302c-3p,TIMP3
hsa-miR-302c-3p,FYCO1
hsa-miR-302c-3p,TUSC2
hsa-miR-302c-3p,POLQ
hsa-miR-302c-3p,ZNF148
hsa-miR-302c-3p,PFN2
hsa-miR-302c-3p,DCUN1D1
hsa-miR-302c-3p,NR2C2
hsa-miR-302c-3p,TGFBR2
hsa-miR-302c-3p,ZBTB47
hsa-miR-302c-3p,TIPARP
hsa-miR-302c-3p,PPM1L
hsa-miR-302c-3p,RELL1
hsa-miR-302c-3p,ANKRD50
hsa-miR-302c-3p,IRF2
hsa-miR-302c-3p,KLF3
hsa-miR-302c-3p,SLAIN2
hsa-miR-302c-3p,CXCL8
hsa-miR-302c-3p,PKD2
hsa-miR-302c-3p,RAPGEF2
hsa-miR-302c-3p,PALLD
hsa-miR-302c-3p,TMEM167A
hsa-miR-302c-3p,FEM1C
hsa-miR-302c-3p,SAR1B
hsa-miR-302c-3p,POLR3G
hsa-miR-302c-3p,RGMB
hsa-miR-302c-3p,PAM
hsa-miR-302c-3p,C5orf24
hsa-miR-302c-3p,CREBRF
hsa-miR-302c-3p,SQSTM1
hsa-miR-302c-3p,SLC22A23
hsa-miR-302c-3p,GLO1
hsa-miR-302c-3p,RRAGD
hsa-miR-302c-3p,OSTM1
hsa-miR-302c-3p,HIVEP2
hsa-miR-302c-3p,FOXF2
hsa-miR-302c-3p,VEGFA
hsa-miR-302c-3p,ASF1A
hsa-miR-302c-3p,SASH1
hsa-miR-302c-3p,SNX9
hsa-miR-302c-3p,TNRC18
hsa-miR-302c-3p,PURB
hsa-miR-302c-3p,MAP11
hsa-miR-302c-3p,ZNF800
hsa-miR-302c-3p,MKRN1
hsa-miR-302c-3p,KMT2C
hsa-miR-302c-3p,AHR
hsa-miR-302c-3p,ITGB8
hsa-miR-302c-3p,CROT
hsa-miR-302c-3p,ZKSCAN1
hsa-miR-302c-3p,AGFG2
hsa-miR-302c-3p,RAB11FIP1
hsa-miR-302c-3p,PLAG1
hsa-miR-302c-3p,UBE2W
hsa-miR-302c-3p,TMEM64
hsa-miR-302c-3p,TP53INP1
hsa-miR-302c-3p,YWHAZ
hsa-miR-302c-3p,ATAD2
hsa-miR-302c-3p,BNIP3L
hsa-miR-302c-3p,ADAM9
hsa-miR-302c-3p,YTHDF3
hsa-miR-302c-3p,FZD6
hsa-miR-302c-3p,OXR1
hsa-miR-302c-3p,NFIB
hsa-miR-302c-3p,ZBTB5
hsa-miR-302c-3p,ZNF367
hsa-miR-302c-3p,ABCA1
hsa-miR-302c-3p,ZBTB6
hsa-miR-302c-3p,GOLGA1
hsa-miR-302c-3p,PPP6C
hsa-miR-302c-3p,VLDLR
hsa-miR-302c-3p,RBBP7
hsa-miR-302c-3p,KLHL15
hsa-miR-302c-3p,SYAP1
hsa-miR-302c-3p,PRRG1
hsa-miR-302c-3p,ZBTB33
hsa-miR-302d-3p,EPHA2
hsa-miR-302d-3p,CAMK2N1
hsa-miR-302d-3p,MTF1
hsa-miR-302d-3p,ANKRD13C
hsa-miR-302d-3p,RHOC
hsa-miR-302d-3p,TXNIP
hsa-miR-302d-3p,CRTC2
hsa-miR-302d-3p,ASH1L
hsa-miR-302d-3p,PIGM
hsa-miR-302d-3p,YOD1
hsa-miR-302d-3p,ITPKB
hsa-miR-302d-3p,IRF2BP2
hsa-miR-302d-3p,ARID4B
hsa-miR-302d-3p,CAMTA1
hsa-miR-302d-3p,ELOA
hsa-miR-302d-3p,TXLNA
hsa-miR-302d-3p,KIAA1522
hsa-miR-302d-3p,CMPK1
hsa-miR-302d-3p,NFIA
hsa-miR-302d-3p,PKN2
hsa-miR-302d-3p,CAPZA1
hsa-miR-302d-3p,SUCO
hsa-miR-302d-3p,SKIDA1
hsa-miR-302d-3p,PIP4K2A
hsa-miR-302d-3p,PFKP
hsa-miR-302d-3p,BAMBI
hsa-miR-302d-3p,DKK1
hsa-miR-302d-3p,REEP3
hsa-miR-302d-3p,HECTD2
hsa-miR-302d-3p,TNKS2
hsa-miR-302d-3p,LCOR
hsa-miR-302d-3p,HIF1AN
hsa-miR-302d-3p,SLK
hsa-miR-302d-3p,ABRAXAS2
hsa-miR-302d-3p,AHNAK
hsa-miR-302d-3p,KMT5B
hsa-miR-302d-3p,RSF1
hsa-miR-302d-3p,TMEM123
hsa-miR-302d-3p,MSANTD4
hsa-miR-302d-3p,RDX
hsa-miR-302d-3p,IPO7
hsa-miR-302d-3p,WEE1
hsa-miR-302d-3p,PRRG4
hsa-miR-302d-3p,QSER1
hsa-miR-302d-3p,KDM2A
hsa-miR-302d-3p,CCND1
hsa-miR-302d-3p,EMSY
hsa-miR-302d-3p,ZC3H12C
hsa-miR-302d-3p,KMT2A
hsa-miR-302d-3p,TBCEL
hsa-miR-302d-3p,KCNJ8
hsa-miR-302d-3p,DENND5B
hsa-miR-302d-3p,TWF1
hsa-miR-302d-3p,SPRYD3
hsa-miR-302d-3p,ANKRD52
hsa-miR-302d-3p,GNS
hsa-miR-302d-3p,E2F7
hsa-miR-302d-3p,NTN4
hsa-miR-302d-3p,CCND2
hsa-miR-302d-3p,FGD4
hsa-miR-302d-3p,DAZAP2
hsa-miR-302d-3p,GDF11
hsa-miR-302d-3p,DYRK2
hsa-miR-302d-3p,ULK1
hsa-miR-302d-3p,LATS2
hsa-miR-302d-3p,FNDC3A
hsa-miR-302d-3p,MBNL2
hsa-miR-302d-3p,COL4A2
hsa-miR-302d-3p,CFL2
hsa-miR-302d-3p,KLHL28
hsa-miR-302d-3p,RTN1
hsa-miR-302d-3p,ZFYVE26
hsa-miR-302d-3p,BTBD7
hsa-miR-302d-3p,AKT1
hsa-miR-302d-3p,IRF9
hsa-miR-302d-3p,BRMS1L
hsa-miR-302d-3p,TTC9
hsa-miR-302d-3p,PAPOLA
hsa-miR-302d-3p,FAM219B
hsa-miR-302d-3p,NR2F2
hsa-miR-302d-3p,UNKL
hsa-miR-302d-3p,PKD1
hsa-miR-302d-3p,AKTIP
hsa-miR-302d-3p,CMTR2
hsa-miR-302d-3p,PHLPP2
hsa-miR-302d-3p,RBBP6
hsa-miR-302d-3p,TAOK2
hsa-miR-302d-3p,CRK
hsa-miR-302d-3p,MNT
hsa-miR-302d-3p,NUFIP2
hsa-miR-302d-3p,EZH1
hsa-miR-302d-3p,MTMR4
hsa-miR-302d-3p,JPT1
hsa-miR-302d-3p,MINK1
hsa-miR-302d-3p,ALKBH5
hsa-miR-302d-3p,TVP23B
hsa-miR-302d-3p,TNFAIP1
hsa-miR-302d-3p,KPNA2
hsa-miR-302d-3p,UNK
hsa-miR-302d-3p,MKNK2
hsa-miR-302d-3p,ZBTB7A
hsa-miR-302d-3p,HAUS8
hsa-miR-302d-3p,CHAF1A
hsa-miR-302d-3p,ARHGEF18
hsa-miR-302d-3p,HNRNPUL1
hsa-miR-302d-3p,SDC1
hsa-miR-302d-3p,PPP3R1
hsa-miR-302d-3p,CYP26B1
hsa-miR-302d-3p,DUSP2
hsa-miR-302d-3p,MAP3K2
hsa-miR-302d-3p,SLC40A1
hsa-miR-302d-3p,CUL3
hsa-miR-302d-3p,CLIP4
hsa-miR-302d-3p,LCLAT1
hsa-miR-302d-3p,CRIM1
hsa-miR-302d-3p,TET3
hsa-miR-302d-3p,PLEKHA3
hsa-miR-302d-3p,TBC1D20
hsa-miR-302d-3p,PLAGL2
hsa-miR-302d-3p,E2F1
hsa-miR-302d-3p,BLCAP
hsa-miR-302d-3p,ZNFX1
hsa-miR-302d-3p,ZNF512B
hsa-miR-302d-3p,KIF3B
hsa-miR-302d-3p,CTSA
hsa-miR-302d-3p,NCOA3
hsa-miR-302d-3p,APP
hsa-miR-302d-3p,BRWD1
hsa-miR-302d-3p,C2CD2
hsa-miR-302d-3p,SIK1
hsa-miR-302d-3p,MTMR3
hsa-miR-302d-3p,TIMP3
hsa-miR-302d-3p,FYCO1
hsa-miR-302d-3p,TUSC2
hsa-miR-302d-3p,POLQ
hsa-miR-302d-3p,ZNF148
hsa-miR-302d-3p,PFN2
hsa-miR-302d-3p,DCUN1D1
hsa-miR-302d-3p,NR2C2
hsa-miR-302d-3p,TGFBR2
hsa-miR-302d-3p,ZBTB47
hsa-miR-302d-3p,TIPARP
hsa-miR-302d-3p,PPM1L
hsa-miR-302d-3p,RELL1
hsa-miR-302d-3p,ANKRD50
hsa-miR-302d-3p,IRF2
hsa-miR-302d-3p,KLF3
hsa-miR-302d-3p,SLAIN2
hsa-miR-302d-3p,CXCL8
hsa-miR-302d-3p,PKD2
hsa-miR-302d-3p,RAPGEF2
hsa-miR-302d-3p,PALLD
hsa-miR-302d-3p,TMEM167A
hsa-miR-302d-3p,FEM1C
hsa-miR-302d-3p,SAR1B
hsa-miR-302d-3p,POLR3G
hsa-miR-302d-3p,RGMB
hsa-miR-302d-3p,PAM
hsa-miR-302d-3p,C5orf24
hsa-miR-302d-3p,CREBRF
hsa-miR-302d-3p,SQSTM1
hsa-miR-302d-3p,SLC22A23
hsa-miR-302d-3p,GLO1
hsa-miR-302d-3p,RRAGD
hsa-miR-302d-3p,OSTM1
hsa-miR-302d-3p,HIVEP2
hsa-miR-302d-3p,FOXF2
hsa-miR-302d-3p,ASF1A
hsa-miR-302d-3p,NCOA7
hsa-miR-302d-3p,SASH1
hsa-miR-302d-3p,SNX9
hsa-miR-302d-3p,TNRC18
hsa-miR-302d-3p,PURB
hsa-miR-302d-3p,MAP11
hsa-miR-302d-3p,ZNF800
hsa-miR-302d-3p,MKRN1
hsa-miR-302d-3p,KMT2C
hsa-miR-302d-3p,AHR
hsa-miR-302d-3p,ITGB8
hsa-miR-302d-3p,CROT
hsa-miR-302d-3p,ZKSCAN1
hsa-miR-302d-3p,AGFG2
hsa-miR-302d-3p,RAB11FIP1
hsa-miR-302d-3p,PLAG1
hsa-miR-302d-3p,UBE2W
hsa-miR-302d-3p,TMEM64
hsa-miR-302d-3p,TP53INP1
hsa-miR-302d-3p,YWHAZ
hsa-miR-302d-3p,ATAD2
hsa-miR-302d-3p,BNIP3L
hsa-miR-302d-3p,ADAM9
hsa-miR-302d-3p,YTHDF3
hsa-miR-302d-3p,FZD6
hsa-miR-302d-3p,OXR1
hsa-miR-302d-3p,NFIB
hsa-miR-302d-3p,ZBTB5
hsa-miR-302d-3p,ZNF367
hsa-miR-302d-3p,ABCA1
hsa-miR-302d-3p,ZBTB6
hsa-miR-302d-3p,GOLGA1
hsa-miR-302d-3p,PPP6C
hsa-miR-302d-3p,VLDLR
hsa-miR-302d-3p,RORB
hsa-miR-302d-3p,RBBP7
hsa-miR-302d-3p,KLHL15
hsa-miR-302d-3p,SYAP1
hsa-miR-302d-3p,PRRG1
hsa-miR-302d-3p,ZBTB33
hsa-miR-302e,EPHA2
hsa-miR-302e,CAMK2N1
hsa-miR-302e,ANKRD13C
hsa-miR-302e,RHOC
hsa-miR-302e,TXNIP
hsa-miR-302e,CRTC2
hsa-miR-302e,ASH1L
hsa-miR-302e,PIGM
hsa-miR-302e,YOD1
hsa-miR-302e,ITPKB
hsa-miR-302e,IRF2BP2
hsa-miR-302e,ARID4B
hsa-miR-302e,CAMTA1
hsa-miR-302e,ELOA
hsa-miR-302e,PHACTR4
hsa-miR-302e,TXLNA
hsa-miR-302e,KIAA1522
hsa-miR-302e,CMPK1
hsa-miR-302e,NFIA
hsa-miR-302e,PKN2
hsa-miR-302e,CAPZA1
hsa-miR-302e,SUCO
hsa-miR-302e,SKIDA1
hsa-miR-302e,PIP4K2A
hsa-miR-302e,PFKP
hsa-miR-302e,BAMBI
hsa-miR-302e,DKK1
hsa-miR-302e,REEP3
hsa-miR-302e,HECTD2
hsa-miR-302e,TNKS2
hsa-miR-302e,LCOR
hsa-miR-302e,HIF1AN
hsa-miR-302e,SLK
hsa-miR-302e,ABRAXAS2
hsa-miR-302e,AHNAK
hsa-miR-302e,KMT5B
hsa-miR-302e,RSF1
hsa-miR-302e,TMEM123
hsa-miR-302e,MSANTD4
hsa-miR-302e,RDX
hsa-miR-302e,IPO7
hsa-miR-302e,WEE1
hsa-miR-302e,PRRG4
hsa-miR-302e,QSER1
hsa-miR-302e,KDM2A
hsa-miR-302e,CCND1
hsa-miR-302e,EMSY
hsa-miR-302e,ZC3H12C
hsa-miR-302e,KMT2A
hsa-miR-302e,TBCEL
hsa-miR-302e,KCNJ8
hsa-miR-302e,DENND5B
hsa-miR-302e,TWF1
hsa-miR-302e,SPRYD3
hsa-miR-302e,ANKRD52
hsa-miR-302e,GNS
hsa-miR-302e,E2F7
hsa-miR-302e,NTN4
hsa-miR-302e,CCND2
hsa-miR-302e,FGD4
hsa-miR-302e,DAZAP2
hsa-miR-302e,GDF11
hsa-miR-302e,DYRK2
hsa-miR-302e,ULK1
hsa-miR-302e,LATS2
hsa-miR-302e,FNDC3A
hsa-miR-302e,MBNL2
hsa-miR-302e,COL4A2
hsa-miR-302e,CFL2
hsa-miR-302e,KLHL28
hsa-miR-302e,RTN1
hsa-miR-302e,ZFYVE26
hsa-miR-302e,BTBD7
hsa-miR-302e,AKT1
hsa-miR-302e,IRF9
hsa-miR-302e,BRMS1L
hsa-miR-302e,PAPOLA
hsa-miR-302e,FAM219B
hsa-miR-302e,NR2F2
hsa-miR-302e,UNKL
hsa-miR-302e,PKD1
hsa-miR-302e,AKTIP
hsa-miR-302e,CMTR2
hsa-miR-302e,PHLPP2
hsa-miR-302e,RBBP6
hsa-miR-302e,TAOK2
hsa-miR-302e,MNT
hsa-miR-302e,NUFIP2
hsa-miR-302e,EZH1
hsa-miR-302e,MTMR4
hsa-miR-302e,JPT1
hsa-miR-302e,MINK1
hsa-miR-302e,ALKBH5
hsa-miR-302e,TVP23B
hsa-miR-302e,KPNA2
hsa-miR-302e,UNK
hsa-miR-302e,MKNK2
hsa-miR-302e,ZBTB7A
hsa-miR-302e,HAUS8
hsa-miR-302e,CHAF1A
hsa-miR-302e,HNRNPUL1
hsa-miR-302e,SDC1
hsa-miR-302e,PPP3R1
hsa-miR-302e,CYP26B1
hsa-miR-302e,DUSP2
hsa-miR-302e,MAP3K2
hsa-miR-302e,SLC40A1
hsa-miR-302e,CUL3
hsa-miR-302e,CLIP4
hsa-miR-302e,LCLAT1
hsa-miR-302e,CRIM1
hsa-miR-302e,TET3
hsa-miR-302e,PLEKHA3
hsa-miR-302e,TBC1D20
hsa-miR-302e,PLAGL2
hsa-miR-302e,E2F1
hsa-miR-302e,BLCAP
hsa-miR-302e,ZNFX1
hsa-miR-302e,ZNF512B
hsa-miR-302e,KIF3B
hsa-miR-302e,CTSA
hsa-miR-302e,NCOA3
hsa-miR-302e,APP
hsa-miR-302e,BRWD1
hsa-miR-302e,C2CD2
hsa-miR-302e,SIK1
hsa-miR-302e,MTMR3
hsa-miR-302e,TIMP3
hsa-miR-302e,FYCO1
hsa-miR-302e,TUSC2
hsa-miR-302e,POLQ
hsa-miR-302e,ZNF148
hsa-miR-302e,PFN2
hsa-miR-302e,DCUN1D1
hsa-miR-302e,NR2C2
hsa-miR-302e,TGFBR2
hsa-miR-302e,ZBTB47
hsa-miR-302e,TIPARP
hsa-miR-302e,PPM1L
hsa-miR-302e,RELL1
hsa-miR-302e,IRF2
hsa-miR-302e,KLF3
hsa-miR-302e,SLAIN2
hsa-miR-302e,CXCL8
hsa-miR-302e,PKD2
hsa-miR-302e,METAP1
hsa-miR-302e,RAPGEF2
hsa-miR-302e,PALLD
hsa-miR-302e,TMEM167A
hsa-miR-302e,FEM1C
hsa-miR-302e,SAR1B
hsa-miR-302e,POLR3G
hsa-miR-302e,RGMB
hsa-miR-302e,PAM
hsa-miR-302e,C5orf24
hsa-miR-302e,CREBRF
hsa-miR-302e,SQSTM1
hsa-miR-302e,SLC22A23
hsa-miR-302e,GLO1
hsa-miR-302e,RRAGD
hsa-miR-302e,OSTM1
hsa-miR-302e,HIVEP2
hsa-miR-302e,FOXF2
hsa-miR-302e,VEGFA
hsa-miR-302e,ASF1A
hsa-miR-302e,SASH1
hsa-miR-302e,SNX9
hsa-miR-302e,TNRC18
hsa-miR-302e,PURB
hsa-miR-302e,MAP11
hsa-miR-302e,ZNF800
hsa-miR-302e,MKRN1
hsa-miR-302e,AHR
hsa-miR-302e,ITGB8
hsa-miR-302e,CROT
hsa-miR-302e,ZKSCAN1
hsa-miR-302e,AGFG2
hsa-miR-302e,MTUS1
hsa-miR-302e,RAB11FIP1
hsa-miR-302e,PLAG1
hsa-miR-302e,UBE2W
hsa-miR-302e,TMEM64
hsa-miR-302e,TP53INP1
hsa-miR-302e,YWHAZ
hsa-miR-302e,TRPS1
hsa-miR-302e,ATAD2
hsa-miR-302e,BNIP3L
hsa-miR-302e,ADAM9
hsa-miR-302e,YTHDF3
hsa-miR-302e,FZD6
hsa-miR-302e,OXR1
hsa-miR-302e,NFIB
hsa-miR-302e,ZBTB5
hsa-miR-302e,ZNF367
hsa-miR-302e,ABCA1
hsa-miR-302e,ZBTB6
hsa-miR-302e,GOLGA1
hsa-miR-302e,PPP6C
hsa-miR-302e,VLDLR
hsa-miR-302e,RORB
hsa-miR-302e,RBBP7
hsa-miR-302e,KLHL15
hsa-miR-302e,SYAP1
hsa-miR-302e,PRRG1
hsa-miR-302e,ZBTB33
hsa-miR-30a-5p,JAK1
hsa-miR-30a-5p,TTLL7
hsa-miR-30a-5p,DDAH1
hsa-miR-30a-5p,EXTL2
hsa-miR-30a-5p,STX6
hsa-miR-30a-5p,EDEM3
hsa-miR-30a-5p,NUCKS1
hsa-miR-30a-5p,YOD1
hsa-miR-30a-5p,IRF2BP2
hsa-miR-30a-5p,SPEN
hsa-miR-30a-5p,ARID1A
hsa-miR-30a-5p,KPNA6
hsa-miR-30a-5p,RNF220
hsa-miR-30a-5p,LRRC8D
hsa-miR-30a-5p,MTF2
hsa-miR-30a-5p,MFSD14A
hsa-miR-30a-5p,AC118553.2
hsa-miR-30a-5p,CAPZA1
hsa-miR-30a-5p,PTGFRN
hsa-miR-30a-5p,BCL9
hsa-miR-30a-5p,KLHL20
hsa-miR-30a-5p,CEP350
hsa-miR-30a-5p,FLVCR1
hsa-miR-30a-5p,KCTD3
hsa-miR-30a-5p,MIA3
hsa-miR-30a-5p,GALNT2
hsa-miR-30a-5p,ZBTB18
hsa-miR-30a-5p,DESI2
hsa-miR-30a-5p,PIP4K2A
hsa-miR-30a-5p,NRP1
hsa-miR-30a-5p,ZCCHC24
hsa-miR-30a-5p,ERLIN1
hsa-miR-30a-5p,SH3PXD2A
hsa-miR-30a-5p,VIM
hsa-miR-30a-5p,ARID5B
hsa-miR-30a-5p,ADO
hsa-miR-30a-5p,REEP3
hsa-miR-30a-5p,TET1
hsa-miR-30a-5p,DDIT4
hsa-miR-30a-5p,PCGF5
hsa-miR-30a-5p,LIN7C
hsa-miR-30a-5p,AHNAK
hsa-miR-30a-5p,CHKA
hsa-miR-30a-5p,THAP12
hsa-miR-30a-5p,PICALM
hsa-miR-30a-5p,DGKZ
hsa-miR-30a-5p,PAFAH1B2
hsa-miR-30a-5p,KMT2A
hsa-miR-30a-5p,CPNE8
hsa-miR-30a-5p,GXYLT1
hsa-miR-30a-5p,TWF1
hsa-miR-30a-5p,SLC38A2
hsa-miR-30a-5p,LMBR1L
hsa-miR-30a-5p,RARG
hsa-miR-30a-5p,ZBTB39
hsa-miR-30a-5p,E2F7
hsa-miR-30a-5p,PAWR
hsa-miR-30a-5p,PPP1R12A
hsa-miR-30a-5p,LARP4
hsa-miR-30a-5p,CAND1
hsa-miR-30a-5p,CPSF6
hsa-miR-30a-5p,FRS2
hsa-miR-30a-5p,TDG
hsa-miR-30a-5p,HCFC2
hsa-miR-30a-5p,RUBCNL
hsa-miR-30a-5p,IRS2
hsa-miR-30a-5p,FNDC3A
hsa-miR-30a-5p,MBNL2
hsa-miR-30a-5p,MCF2L
hsa-miR-30a-5p,TFDP1
hsa-miR-30a-5p,CFL2
hsa-miR-30a-5p,SEC23A
hsa-miR-30a-5p,KLHL28
hsa-miR-30a-5p,ZFYVE26
hsa-miR-30a-5p,BTBD7
hsa-miR-30a-5p,KHNYN
hsa-miR-30a-5p,JDP2
hsa-miR-30a-5p,ZNF770
hsa-miR-30a-5p,TMEM87A
hsa-miR-30a-5p,ZSCAN29
hsa-miR-30a-5p,NEDD4
hsa-miR-30a-5p,RFX7
hsa-miR-30a-5p,CSNK1G1
hsa-miR-30a-5p,PCLAF
hsa-miR-30a-5p,AC087632.2
hsa-miR-30a-5p,EDC3
hsa-miR-30a-5p,MEX3B
hsa-miR-30a-5p,MKRN3
hsa-miR-30a-5p,SEMA6D
hsa-miR-30a-5p,GLCE
hsa-miR-30a-5p,SOCS1
hsa-miR-30a-5p,DCUN1D3
hsa-miR-30a-5p,TBC1D10B
hsa-miR-30a-5p,SLC38A7
hsa-miR-30a-5p,UBN1
hsa-miR-30a-5p,TNRC6A
hsa-miR-30a-5p,TENT4B
hsa-miR-30a-5p,CBFB
hsa-miR-30a-5p,SLC7A6
hsa-miR-30a-5p,NFAT5
hsa-miR-30a-5p,PSMD7
hsa-miR-30a-5p,GAN
hsa-miR-30a-5p,RASD1
hsa-miR-30a-5p,USP22
hsa-miR-30a-5p,NUFIP2
hsa-miR-30a-5p,PIP4K2B
hsa-miR-30a-5p,FBXL20
hsa-miR-30a-5p,SMARCD2
hsa-miR-30a-5p,TIMP2
hsa-miR-30a-5p,NDEL1
hsa-miR-30a-5p,NLK
hsa-miR-30a-5p,TAOK1
hsa-miR-30a-5p,PRKAR1A
hsa-miR-30a-5p,TNRC6C
hsa-miR-30a-5p,CBX2
hsa-miR-30a-5p,EPG5
hsa-miR-30a-5p,VAPA
hsa-miR-30a-5p,NAPG
hsa-miR-30a-5p,MIB1
hsa-miR-30a-5p,GALNT1
hsa-miR-30a-5p,ZCCHC2
hsa-miR-30a-5p,ZBTB7A
hsa-miR-30a-5p,ARID3A
hsa-miR-30a-5p,ZNF507
hsa-miR-30a-5p,DPY19L3
hsa-miR-30a-5p,AP2A1
hsa-miR-30a-5p,ATL2
hsa-miR-30a-5p,SRSF7
hsa-miR-30a-5p,ZFP36L2
hsa-miR-30a-5p,XPO1
hsa-miR-30a-5p,PPP3R1
hsa-miR-30a-5p,BAZ2B
hsa-miR-30a-5p,GALNT3
hsa-miR-30a-5p,ORC2
hsa-miR-30a-5p,PLEKHM3
hsa-miR-30a-5p,IDH1
hsa-miR-30a-5p,USP37
hsa-miR-30a-5p,PER2
hsa-miR-30a-5p,RHOB
hsa-miR-30a-5p,NRBP1
hsa-miR-30a-5p,LCLAT1
hsa-miR-30a-5p,EML4
hsa-miR-30a-5p,MAT2A
hsa-miR-30a-5p,KDM3A
hsa-miR-30a-5p,KCNJ3
hsa-miR-30a-5p,ITGA6
hsa-miR-30a-5p,CDCA7
hsa-miR-30a-5p,PNKD
hsa-miR-30a-5p,COPS7B
hsa-miR-30a-5p,GPCPD1
hsa-miR-30a-5p,PLAGL2
hsa-miR-30a-5p,NOL4L
hsa-miR-30a-5p,RBM12
hsa-miR-30a-5p,STAU1
hsa-miR-30a-5p,STK35
hsa-miR-30a-5p,DLGAP4
hsa-miR-30a-5p,MYBL2
hsa-miR-30a-5p,BRWD1
hsa-miR-30a-5p,SON
hsa-miR-30a-5p,RTN4R
hsa-miR-30a-5p,PRR14L
hsa-miR-30a-5p,JOSD1
hsa-miR-30a-5p,HIC2
hsa-miR-30a-5p,CCDC117
hsa-miR-30a-5p,ATP2B2
hsa-miR-30a-5p,SATB1
hsa-miR-30a-5p,SLC4A7
hsa-miR-30a-5p,CELSR3
hsa-miR-30a-5p,WDR82
hsa-miR-30a-5p,CPOX
hsa-miR-30a-5p,ZBTB11
hsa-miR-30a-5p,AMOTL2
hsa-miR-30a-5p,PFN2
hsa-miR-30a-5p,SSR3
hsa-miR-30a-5p,SETD5
hsa-miR-30a-5p,GOLGA4
hsa-miR-30a-5p,GNAI2
hsa-miR-30a-5p,CHMP2B
hsa-miR-30a-5p,SLC35A5
hsa-miR-30a-5p,MBNL1
hsa-miR-30a-5p,RAP2B
hsa-miR-30a-5p,FXR1
hsa-miR-30a-5p,FAM43A
hsa-miR-30a-5p,FBXO45
hsa-miR-30a-5p,FAM13A
hsa-miR-30a-5p,UBE2D3
hsa-miR-30a-5p,CAMK2D
hsa-miR-30a-5p,SETD7
hsa-miR-30a-5p,OTUD4
hsa-miR-30a-5p,SH3RF1
hsa-miR-30a-5p,RAPGEF2
hsa-miR-30a-5p,GALNT7
hsa-miR-30a-5p,LIFR
hsa-miR-30a-5p,MIER3
hsa-miR-30a-5p,ANKRA2
hsa-miR-30a-5p,ELL2
hsa-miR-30a-5p,CHD1
hsa-miR-30a-5p,P4HA2
hsa-miR-30a-5p,AFF4
hsa-miR-30a-5p,GNPDA1
hsa-miR-30a-5p,PDGFRB
hsa-miR-30a-5p,ADAM19
hsa-miR-30a-5p,MARCHF6
hsa-miR-30a-5p,RAI14
hsa-miR-30a-5p,TENT2
hsa-miR-30a-5p,RASA1
hsa-miR-30a-5p,PPIP5K2
hsa-miR-30a-5p,SNX2
hsa-miR-30a-5p,SEC24A
hsa-miR-30a-5p,UBE2D2
hsa-miR-30a-5p,PPARGC1B
hsa-miR-30a-5p,SFXN1
hsa-miR-30a-5p,MAML1
hsa-miR-30a-5p,CNOT6
hsa-miR-30a-5p,TXNDC5
hsa-miR-30a-5p,BLOC1S5-TXNDC5
hsa-miR-30a-5p,ELOVL5
hsa-miR-30a-5p,RAB23
hsa-miR-30a-5p,PGM3
hsa-miR-30a-5p,HBS1L
hsa-miR-30a-5p,MAP3K5
hsa-miR-30a-5p,E2F3
hsa-miR-30a-5p,SOX4
hsa-miR-30a-5p,CD2AP
hsa-miR-30a-5p,PTP4A1
hsa-miR-30a-5p,AL135905.2
hsa-miR-30a-5p,NT5E
hsa-miR-30a-5p,LIN28B
hsa-miR-30a-5p,PRDM1
hsa-miR-30a-5p,SOBP
hsa-miR-30a-5p,DCBLD1
hsa-miR-30a-5p,GJA1
hsa-miR-30a-5p,TBPL1
hsa-miR-30a-5p,TULP4
hsa-miR-30a-5p,QKI
hsa-miR-30a-5p,DPY19L1
hsa-miR-30a-5p,GRB10
hsa-miR-30a-5p,PON2
hsa-miR-30a-5p,MAP11
hsa-miR-30a-5p,GIGYF1
hsa-miR-30a-5p,SYPL1
hsa-miR-30a-5p,CCDC71L
hsa-miR-30a-5p,BMT2
hsa-miR-30a-5p,DENND11
hsa-miR-30a-5p,KMT2C
hsa-miR-30a-5p,GLCCI1
hsa-miR-30a-5p,CBX3
hsa-miR-30a-5p,AVL9
hsa-miR-30a-5p,VKORC1L1
hsa-miR-30a-5p,PHTF2
hsa-miR-30a-5p,SERPINE1
hsa-miR-30a-5p,UBE3C
hsa-miR-30a-5p,LONRF1
hsa-miR-30a-5p,PDE7A
hsa-miR-30a-5p,TP53INP1
hsa-miR-30a-5p,YWHAZ
hsa-miR-30a-5p,KLF10
hsa-miR-30a-5p,AZIN1
hsa-miR-30a-5p,AGO2
hsa-miR-30a-5p,TUSC3
hsa-miR-30a-5p,BNIP3L
hsa-miR-30a-5p,DPYSL2
hsa-miR-30a-5p,TACC1
hsa-miR-30a-5p,ADAM9
hsa-miR-30a-5p,CHD7
hsa-miR-30a-5p,OTUD6B
hsa-miR-30a-5p,MTDH
hsa-miR-30a-5p,CTHRC1
hsa-miR-30a-5p,FAM91A1
hsa-miR-30a-5p,NFIB
hsa-miR-30a-5p,KLF9
hsa-miR-30a-5p,NR6A1
hsa-miR-30a-5p,GOLGA1
hsa-miR-30a-5p,HSPA5
hsa-miR-30a-5p,RAD23B
hsa-miR-30a-5p,PALM2AKAP2
hsa-miR-30a-5p,FUBP3
hsa-miR-30a-5p,BCOR
hsa-miR-30a-5p,ZNF711
hsa-miR-30a-5p,FAM199X
hsa-miR-30b-5p,JAK1
hsa-miR-30b-5p,TTLL7
hsa-miR-30b-5p,DDAH1
hsa-miR-30b-5p,ZNF644
hsa-miR-30b-5p,EXTL2
hsa-miR-30b-5p,STX6
hsa-miR-30b-5p,EDEM3
hsa-miR-30b-5p,NUCKS1
hsa-miR-30b-5p,YOD1
hsa-miR-30b-5p,IRF2BP2
hsa-miR-30b-5p,SPEN
hsa-miR-30b-5p,ARID1A
hsa-miR-30b-5p,KPNA6
hsa-miR-30b-5p,RNF220
hsa-miR-30b-5p,LRRC8D
hsa-miR-30b-5p,MTF2
hsa-miR-30b-5p,CAPZA1
hsa-miR-30b-5p,PTGFRN
hsa-miR-30b-5p,BCL9
hsa-miR-30b-5p,KLHL20
hsa-miR-30b-5p,CEP350
hsa-miR-30b-5p,FLVCR1
hsa-miR-30b-5p,KCTD3
hsa-miR-30b-5p,MIA3
hsa-miR-30b-5p,GALNT2
hsa-miR-30b-5p,ZBTB18
hsa-miR-30b-5p,DESI2
hsa-miR-30b-5p,PIP4K2A
hsa-miR-30b-5p,NRP1
hsa-miR-30b-5p,PPP3CB
hsa-miR-30b-5p,ZCCHC24
hsa-miR-30b-5p,ERLIN1
hsa-miR-30b-5p,SH3PXD2A
hsa-miR-30b-5p,VIM
hsa-miR-30b-5p,ARID5B
hsa-miR-30b-5p,ADO
hsa-miR-30b-5p,REEP3
hsa-miR-30b-5p,TET1
hsa-miR-30b-5p,DDIT4
hsa-miR-30b-5p,PCGF5
hsa-miR-30b-5p,LIN7C
hsa-miR-30b-5p,AHNAK
hsa-miR-30b-5p,CHKA
hsa-miR-30b-5p,THAP12
hsa-miR-30b-5p,PICALM
hsa-miR-30b-5p,DGKZ
hsa-miR-30b-5p,PAFAH1B2
hsa-miR-30b-5p,KMT2A
hsa-miR-30b-5p,CPNE8
hsa-miR-30b-5p,GXYLT1
hsa-miR-30b-5p,TWF1
hsa-miR-30b-5p,SLC38A2
hsa-miR-30b-5p,LMBR1L
hsa-miR-30b-5p,RARG
hsa-miR-30b-5p,ZBTB39
hsa-miR-30b-5p,E2F7
hsa-miR-30b-5p,PAWR
hsa-miR-30b-5p,PPP1R12A
hsa-miR-30b-5p,LARP4
hsa-miR-30b-5p,CAND1
hsa-miR-30b-5p,CPSF6
hsa-miR-30b-5p,FRS2
hsa-miR-30b-5p,TDG
hsa-miR-30b-5p,HCFC2
hsa-miR-30b-5p,RUBCNL
hsa-miR-30b-5p,IRS2
hsa-miR-30b-5p,FNDC3A
hsa-miR-30b-5p,MBNL2
hsa-miR-30b-5p,MCF2L
hsa-miR-30b-5p,TFDP1
hsa-miR-30b-5p,CFL2
hsa-miR-30b-5p,SEC23A
hsa-miR-30b-5p,KLHL28
hsa-miR-30b-5p,ZFYVE26
hsa-miR-30b-5p,BTBD7
hsa-miR-30b-5p,KHNYN
hsa-miR-30b-5p,JDP2
hsa-miR-30b-5p,ZNF770
hsa-miR-30b-5p,TMEM87A
hsa-miR-30b-5p,ZSCAN29
hsa-miR-30b-5p,NEDD4
hsa-miR-30b-5p,RFX7
hsa-miR-30b-5p,CSNK1G1
hsa-miR-30b-5p,PCLAF
hsa-miR-30b-5p,AC087632.2
hsa-miR-30b-5p,EDC3
hsa-miR-30b-5p,MEX3B
hsa-miR-30b-5p,MKRN3
hsa-miR-30b-5p,SEMA6D
hsa-miR-30b-5p,GLCE
hsa-miR-30b-5p,SOCS1
hsa-miR-30b-5p,DCUN1D3
hsa-miR-30b-5p,TBC1D10B
hsa-miR-30b-5p,SLC38A7
hsa-miR-30b-5p,UBN1
hsa-miR-30b-5p,TNRC6A
hsa-miR-30b-5p,TENT4B
hsa-miR-30b-5p,CBFB
hsa-miR-30b-5p,SLC7A6
hsa-miR-30b-5p,NFAT5
hsa-miR-30b-5p,PSMD7
hsa-miR-30b-5p,GAN
hsa-miR-30b-5p,RASD1
hsa-miR-30b-5p,USP22
hsa-miR-30b-5p,NUFIP2
hsa-miR-30b-5p,PIP4K2B
hsa-miR-30b-5p,FBXL20
hsa-miR-30b-5p,SMARCD2
hsa-miR-30b-5p,TIMP2
hsa-miR-30b-5p,NDEL1
hsa-miR-30b-5p,NLK
hsa-miR-30b-5p,TAOK1
hsa-miR-30b-5p,PRKAR1A
hsa-miR-30b-5p,TNRC6C
hsa-miR-30b-5p,CBX2
hsa-miR-30b-5p,EPG5
hsa-miR-30b-5p,VAPA
hsa-miR-30b-5p,NAPG
hsa-miR-30b-5p,MIB1
hsa-miR-30b-5p,GALNT1
hsa-miR-30b-5p,ZCCHC2
hsa-miR-30b-5p,ZBTB7A
hsa-miR-30b-5p,ARID3A
hsa-miR-30b-5p,ZNF507
hsa-miR-30b-5p,DPY19L3
hsa-miR-30b-5p,AP2A1
hsa-miR-30b-5p,ATL2
hsa-miR-30b-5p,SRSF7
hsa-miR-30b-5p,ZFP36L2
hsa-miR-30b-5p,XPO1
hsa-miR-30b-5p,PPP3R1
hsa-miR-30b-5p,BAZ2B
hsa-miR-30b-5p,GALNT3
hsa-miR-30b-5p,ORC2
hsa-miR-30b-5p,PLEKHM3
hsa-miR-30b-5p,IDH1
hsa-miR-30b-5p,USP37
hsa-miR-30b-5p,PER2
hsa-miR-30b-5p,RHOB
hsa-miR-30b-5p,NRBP1
hsa-miR-30b-5p,LCLAT1
hsa-miR-30b-5p,EML4
hsa-miR-30b-5p,MAT2A
hsa-miR-30b-5p,KDM3A
hsa-miR-30b-5p,KCNJ3
hsa-miR-30b-5p,ITGA6
hsa-miR-30b-5p,CDCA7
hsa-miR-30b-5p,PNKD
hsa-miR-30b-5p,COPS7B
hsa-miR-30b-5p,GPCPD1
hsa-miR-30b-5p,PLAGL2
hsa-miR-30b-5p,NOL4L
hsa-miR-30b-5p,RBM12
hsa-miR-30b-5p,STAU1
hsa-miR-30b-5p,STK35
hsa-miR-30b-5p,DLGAP4
hsa-miR-30b-5p,MYBL2
hsa-miR-30b-5p,BRWD1
hsa-miR-30b-5p,SON
hsa-miR-30b-5p,RTN4R
hsa-miR-30b-5p,PRR14L
hsa-miR-30b-5p,JOSD1
hsa-miR-30b-5p,HIC2
hsa-miR-30b-5p,CCDC117
hsa-miR-30b-5p,ATP2B2
hsa-miR-30b-5p,SATB1
hsa-miR-30b-5p,SLC4A7
hsa-miR-30b-5p,CELSR3
hsa-miR-30b-5p,WDR82
hsa-miR-30b-5p,CPOX
hsa-miR-30b-5p,ZBTB11
hsa-miR-30b-5p,AMOTL2
hsa-miR-30b-5p,PFN2
hsa-miR-30b-5p,SSR3
hsa-miR-30b-5p,SETD5
hsa-miR-30b-5p,GOLGA4
hsa-miR-30b-5p,GNAI2
hsa-miR-30b-5p,CHMP2B
hsa-miR-30b-5p,SLC35A5
hsa-miR-30b-5p,MBNL1
hsa-miR-30b-5p,RAP2B
hsa-miR-30b-5p,FXR1
hsa-miR-30b-5p,FAM43A
hsa-miR-30b-5p,FBXO45
hsa-miR-30b-5p,FAM13A
hsa-miR-30b-5p,UBE2D3
hsa-miR-30b-5p,CAMK2D
hsa-miR-30b-5p,SETD7
hsa-miR-30b-5p,OTUD4
hsa-miR-30b-5p,SH3RF1
hsa-miR-30b-5p,RAPGEF2
hsa-miR-30b-5p,GALNT7
hsa-miR-30b-5p,LIFR
hsa-miR-30b-5p,MIER3
hsa-miR-30b-5p,TRIM23
hsa-miR-30b-5p,ANKRA2
hsa-miR-30b-5p,ELL2
hsa-miR-30b-5p,CHD1
hsa-miR-30b-5p,P4HA2
hsa-miR-30b-5p,AFF4
hsa-miR-30b-5p,GNPDA1
hsa-miR-30b-5p,PDGFRB
hsa-miR-30b-5p,ADAM19
hsa-miR-30b-5p,MARCHF6
hsa-miR-30b-5p,RAI14
hsa-miR-30b-5p,TENT2
hsa-miR-30b-5p,RASA1
hsa-miR-30b-5p,PPIP5K2
hsa-miR-30b-5p,SNX2
hsa-miR-30b-5p,SEC24A
hsa-miR-30b-5p,UBE2D2
hsa-miR-30b-5p,PPARGC1B
hsa-miR-30b-5p,SFXN1
hsa-miR-30b-5p,MAML1
hsa-miR-30b-5p,CNOT6
hsa-miR-30b-5p,TXNDC5
hsa-miR-30b-5p,BLOC1S5-TXNDC5
hsa-miR-30b-5p,ELOVL5
hsa-miR-30b-5p,RAB23
hsa-miR-30b-5p,PGM3
hsa-miR-30b-5p,HBS1L
hsa-miR-30b-5p,MAP3K5
hsa-miR-30b-5p,E2F3
hsa-miR-30b-5p,SOX4
hsa-miR-30b-5p,CD2AP
hsa-miR-30b-5p,PTP4A1
hsa-miR-30b-5p,AL135905.2
hsa-miR-30b-5p,NT5E
hsa-miR-30b-5p,LIN28B
hsa-miR-30b-5p,PRDM1
hsa-miR-30b-5p,SOBP
hsa-miR-30b-5p,DCBLD1
hsa-miR-30b-5p,GJA1
hsa-miR-30b-5p,TBPL1
hsa-miR-30b-5p,TULP4
hsa-miR-30b-5p,QKI
hsa-miR-30b-5p,DPY19L1
hsa-miR-30b-5p,GRB10
hsa-miR-30b-5p,PON2
hsa-miR-30b-5p,MAP11
hsa-miR-30b-5p,GIGYF1
hsa-miR-30b-5p,SYPL1
hsa-miR-30b-5p,CCDC71L
hsa-miR-30b-5p,BMT2
hsa-miR-30b-5p,DENND11
hsa-miR-30b-5p,KMT2C
hsa-miR-30b-5p,GLCCI1
hsa-miR-30b-5p,CBX3
hsa-miR-30b-5p,AVL9
hsa-miR-30b-5p,VKORC1L1
hsa-miR-30b-5p,PHTF2
hsa-miR-30b-5p,SERPINE1
hsa-miR-30b-5p,UBE3C
hsa-miR-30b-5p,LONRF1
hsa-miR-30b-5p,PDE7A
hsa-miR-30b-5p,TP53INP1
hsa-miR-30b-5p,YWHAZ
hsa-miR-30b-5p,KLF10
hsa-miR-30b-5p,AZIN1
hsa-miR-30b-5p,AGO2
hsa-miR-30b-5p,TUSC3
hsa-miR-30b-5p,BNIP3L
hsa-miR-30b-5p,DPYSL2
hsa-miR-30b-5p,TACC1
hsa-miR-30b-5p,ADAM9
hsa-miR-30b-5p,CHD7
hsa-miR-30b-5p,OTUD6B
hsa-miR-30b-5p,MTDH
hsa-miR-30b-5p,CTHRC1
hsa-miR-30b-5p,FAM91A1
hsa-miR-30b-5p,NFIB
hsa-miR-30b-5p,KLF9
hsa-miR-30b-5p,NR6A1
hsa-miR-30b-5p,GOLGA1
hsa-miR-30b-5p,HSPA5
hsa-miR-30b-5p,RAD23B
hsa-miR-30b-5p,PALM2AKAP2
hsa-miR-30b-5p,FUBP3
hsa-miR-30b-5p,BCOR
hsa-miR-30b-5p,ZNF711
hsa-miR-30b-5p,FAM199X
hsa-miR-30c-5p,JAK1
hsa-miR-30c-5p,TTLL7
hsa-miR-30c-5p,DDAH1
hsa-miR-30c-5p,ZNF644
hsa-miR-30c-5p,EXTL2
hsa-miR-30c-5p,STX6
hsa-miR-30c-5p,EDEM3
hsa-miR-30c-5p,NUCKS1
hsa-miR-30c-5p,YOD1
hsa-miR-30c-5p,IRF2BP2
hsa-miR-30c-5p,SPEN
hsa-miR-30c-5p,ARID1A
hsa-miR-30c-5p,KPNA6
hsa-miR-30c-5p,RNF220
hsa-miR-30c-5p,LRRC8D
hsa-miR-30c-5p,MTF2
hsa-miR-30c-5p,CAPZA1
hsa-miR-30c-5p,PTGFRN
hsa-miR-30c-5p,BCL9
hsa-miR-30c-5p,KLHL20
hsa-miR-30c-5p,CEP350
hsa-miR-30c-5p,FLVCR1
hsa-miR-30c-5p,KCTD3
hsa-miR-30c-5p,MIA3
hsa-miR-30c-5p,GALNT2
hsa-miR-30c-5p,ZBTB18
hsa-miR-30c-5p,DESI2
hsa-miR-30c-5p,PIP4K2A
hsa-miR-30c-5p,NRP1
hsa-miR-30c-5p,PPP3CB
hsa-miR-30c-5p,ZCCHC24
hsa-miR-30c-5p,ERLIN1
hsa-miR-30c-5p,SH3PXD2A
hsa-miR-30c-5p,VIM
hsa-miR-30c-5p,ARID5B
hsa-miR-30c-5p,ADO
hsa-miR-30c-5p,REEP3
hsa-miR-30c-5p,TET1
hsa-miR-30c-5p,DDIT4
hsa-miR-30c-5p,PCGF5
hsa-miR-30c-5p,LIN7C
hsa-miR-30c-5p,AHNAK
hsa-miR-30c-5p,CHKA
hsa-miR-30c-5p,THAP12
hsa-miR-30c-5p,PICALM
hsa-miR-30c-5p,DGKZ
hsa-miR-30c-5p,PAFAH1B2
hsa-miR-30c-5p,KMT2A
hsa-miR-30c-5p,CPNE8
hsa-miR-30c-5p,GXYLT1
hsa-miR-30c-5p,TWF1
hsa-miR-30c-5p,SLC38A2
hsa-miR-30c-5p,RHEBL1
hsa-miR-30c-5p,LMBR1L
hsa-miR-30c-5p,RARG
hsa-miR-30c-5p,ZBTB39
hsa-miR-30c-5p,E2F7
hsa-miR-30c-5p,PAWR
hsa-miR-30c-5p,PPP1R12A
hsa-miR-30c-5p,LARP4
hsa-miR-30c-5p,CAND1
hsa-miR-30c-5p,CPSF6
hsa-miR-30c-5p,FRS2
hsa-miR-30c-5p,TDG
hsa-miR-30c-5p,HCFC2
hsa-miR-30c-5p,SACS
hsa-miR-30c-5p,RUBCNL
hsa-miR-30c-5p,IRS2
hsa-miR-30c-5p,FNDC3A
hsa-miR-30c-5p,MBNL2
hsa-miR-30c-5p,MCF2L
hsa-miR-30c-5p,TFDP1
hsa-miR-30c-5p,CFL2
hsa-miR-30c-5p,SEC23A
hsa-miR-30c-5p,KLHL28
hsa-miR-30c-5p,ZFYVE26
hsa-miR-30c-5p,BTBD7
hsa-miR-30c-5p,KHNYN
hsa-miR-30c-5p,JDP2
hsa-miR-30c-5p,ZNF770
hsa-miR-30c-5p,TMEM87A
hsa-miR-30c-5p,ZSCAN29
hsa-miR-30c-5p,NEDD4
hsa-miR-30c-5p,RFX7
hsa-miR-30c-5p,CSNK1G1
hsa-miR-30c-5p,PCLAF
hsa-miR-30c-5p,AC087632.2
hsa-miR-30c-5p,EDC3
hsa-miR-30c-5p,MEX3B
hsa-miR-30c-5p,MKRN3
hsa-miR-30c-5p,SEMA6D
hsa-miR-30c-5p,GLCE
hsa-miR-30c-5p,SOCS1
hsa-miR-30c-5p,DCUN1D3
hsa-miR-30c-5p,TBC1D10B
hsa-miR-30c-5p,SLC38A7
hsa-miR-30c-5p,UBN1
hsa-miR-30c-5p,TNRC6A
hsa-miR-30c-5p,TENT4B
hsa-miR-30c-5p,CBFB
hsa-miR-30c-5p,SLC7A6
hsa-miR-30c-5p,NFAT5
hsa-miR-30c-5p,PSMD7
hsa-miR-30c-5p,GAN
hsa-miR-30c-5p,RASD1
hsa-miR-30c-5p,USP22
hsa-miR-30c-5p,NUFIP2
hsa-miR-30c-5p,PIP4K2B
hsa-miR-30c-5p,FBXL20
hsa-miR-30c-5p,SMARCD2
hsa-miR-30c-5p,TIMP2
hsa-miR-30c-5p,NDEL1
hsa-miR-30c-5p,NLK
hsa-miR-30c-5p,TAOK1
hsa-miR-30c-5p,PRKAR1A
hsa-miR-30c-5p,TNRC6C
hsa-miR-30c-5p,CBX2
hsa-miR-30c-5p,EPG5
hsa-miR-30c-5p,VAPA
hsa-miR-30c-5p,NAPG
hsa-miR-30c-5p,MIB1
hsa-miR-30c-5p,GALNT1
hsa-miR-30c-5p,ZCCHC2
hsa-miR-30c-5p,ZBTB7A
hsa-miR-30c-5p,ZNF507
hsa-miR-30c-5p,DPY19L3
hsa-miR-30c-5p,AP2A1
hsa-miR-30c-5p,ATL2
hsa-miR-30c-5p,SRSF7
hsa-miR-30c-5p,ZFP36L2
hsa-miR-30c-5p,XPO1
hsa-miR-30c-5p,PPP3R1
hsa-miR-30c-5p,BAZ2B
hsa-miR-30c-5p,GALNT3
hsa-miR-30c-5p,ORC2
hsa-miR-30c-5p,PLEKHM3
hsa-miR-30c-5p,IDH1
hsa-miR-30c-5p,USP37
hsa-miR-30c-5p,PER2
hsa-miR-30c-5p,RHOB
hsa-miR-30c-5p,NRBP1
hsa-miR-30c-5p,LCLAT1
hsa-miR-30c-5p,EML4
hsa-miR-30c-5p,MAT2A
hsa-miR-30c-5p,KDM3A
hsa-miR-30c-5p,KCNJ3
hsa-miR-30c-5p,ITGA6
hsa-miR-30c-5p,CDCA7
hsa-miR-30c-5p,PNKD
hsa-miR-30c-5p,COPS7B
hsa-miR-30c-5p,GPCPD1
hsa-miR-30c-5p,PLAGL2
hsa-miR-30c-5p,NOL4L
hsa-miR-30c-5p,RBM12
hsa-miR-30c-5p,STAU1
hsa-miR-30c-5p,STK35
hsa-miR-30c-5p,DLGAP4
hsa-miR-30c-5p,MYBL2
hsa-miR-30c-5p,BRWD1
hsa-miR-30c-5p,SON
hsa-miR-30c-5p,RTN4R
hsa-miR-30c-5p,PRR14L
hsa-miR-30c-5p,JOSD1
hsa-miR-30c-5p,HIC2
hsa-miR-30c-5p,CCDC117
hsa-miR-30c-5p,ATP2B2
hsa-miR-30c-5p,SATB1
hsa-miR-30c-5p,SLC4A7
hsa-miR-30c-5p,CELSR3
hsa-miR-30c-5p,WDR82
hsa-miR-30c-5p,CPOX
hsa-miR-30c-5p,ZBTB11
hsa-miR-30c-5p,AMOTL2
hsa-miR-30c-5p,PFN2
hsa-miR-30c-5p,SSR3
hsa-miR-30c-5p,SETD5
hsa-miR-30c-5p,GOLGA4
hsa-miR-30c-5p,GNAI2
hsa-miR-30c-5p,CHMP2B
hsa-miR-30c-5p,SLC35A5
hsa-miR-30c-5p,MBNL1
hsa-miR-30c-5p,RAP2B
hsa-miR-30c-5p,FXR1
hsa-miR-30c-5p,FAM43A
hsa-miR-30c-5p,FBXO45
hsa-miR-30c-5p,FAM13A
hsa-miR-30c-5p,UBE2D3
hsa-miR-30c-5p,CAMK2D
hsa-miR-30c-5p,SETD7
hsa-miR-30c-5p,OTUD4
hsa-miR-30c-5p,SH3RF1
hsa-miR-30c-5p,RAPGEF2
hsa-miR-30c-5p,GALNT7
hsa-miR-30c-5p,LIFR
hsa-miR-30c-5p,MIER3
hsa-miR-30c-5p,ANKRA2
hsa-miR-30c-5p,ELL2
hsa-miR-30c-5p,CHD1
hsa-miR-30c-5p,P4HA2
hsa-miR-30c-5p,AFF4
hsa-miR-30c-5p,GNPDA1
hsa-miR-30c-5p,PDGFRB
hsa-miR-30c-5p,ADAM19
hsa-miR-30c-5p,MARCHF6
hsa-miR-30c-5p,RAI14
hsa-miR-30c-5p,TENT2
hsa-miR-30c-5p,RASA1
hsa-miR-30c-5p,PPIP5K2
hsa-miR-30c-5p,SNX2
hsa-miR-30c-5p,SEC24A
hsa-miR-30c-5p,UBE2D2
hsa-miR-30c-5p,PPARGC1B
hsa-miR-30c-5p,SFXN1
hsa-miR-30c-5p,MAML1
hsa-miR-30c-5p,CNOT6
hsa-miR-30c-5p,TXNDC5
hsa-miR-30c-5p,BLOC1S5-TXNDC5
hsa-miR-30c-5p,ELOVL5
hsa-miR-30c-5p,RAB23
hsa-miR-30c-5p,PGM3
hsa-miR-30c-5p,HBS1L
hsa-miR-30c-5p,MAP3K5
hsa-miR-30c-5p,E2F3
hsa-miR-30c-5p,SOX4
hsa-miR-30c-5p,CD2AP
hsa-miR-30c-5p,PTP4A1
hsa-miR-30c-5p,AL135905.2
hsa-miR-30c-5p,NT5E
hsa-miR-30c-5p,LIN28B
hsa-miR-30c-5p,PRDM1
hsa-miR-30c-5p,SOBP
hsa-miR-30c-5p,DCBLD1
hsa-miR-30c-5p,GJA1
hsa-miR-30c-5p,TBPL1
hsa-miR-30c-5p,TULP4
hsa-miR-30c-5p,QKI
hsa-miR-30c-5p,DPY19L1
hsa-miR-30c-5p,GRB10
hsa-miR-30c-5p,PON2
hsa-miR-30c-5p,MAP11
hsa-miR-30c-5p,GIGYF1
hsa-miR-30c-5p,SYPL1
hsa-miR-30c-5p,CCDC71L
hsa-miR-30c-5p,BMT2
hsa-miR-30c-5p,DENND11
hsa-miR-30c-5p,KMT2C
hsa-miR-30c-5p,GLCCI1
hsa-miR-30c-5p,CBX3
hsa-miR-30c-5p,AVL9
hsa-miR-30c-5p,VKORC1L1
hsa-miR-30c-5p,PHTF2
hsa-miR-30c-5p,SERPINE1
hsa-miR-30c-5p,UBE3C
hsa-miR-30c-5p,LONRF1
hsa-miR-30c-5p,PDE7A
hsa-miR-30c-5p,TP53INP1
hsa-miR-30c-5p,YWHAZ
hsa-miR-30c-5p,KLF10
hsa-miR-30c-5p,AZIN1
hsa-miR-30c-5p,AGO2
hsa-miR-30c-5p,TUSC3
hsa-miR-30c-5p,BNIP3L
hsa-miR-30c-5p,DPYSL2
hsa-miR-30c-5p,TACC1
hsa-miR-30c-5p,ADAM9
hsa-miR-30c-5p,CHD7
hsa-miR-30c-5p,OTUD6B
hsa-miR-30c-5p,MTDH
hsa-miR-30c-5p,CTHRC1
hsa-miR-30c-5p,FAM91A1
hsa-miR-30c-5p,NFIB
hsa-miR-30c-5p,KLF9
hsa-miR-30c-5p,ZBTB6
hsa-miR-30c-5p,NR6A1
hsa-miR-30c-5p,GOLGA1
hsa-miR-30c-5p,HSPA5
hsa-miR-30c-5p,RAD23B
hsa-miR-30c-5p,PALM2AKAP2
hsa-miR-30c-5p,FUBP3
hsa-miR-30c-5p,BCOR
hsa-miR-30c-5p,ZNF711
hsa-miR-30c-5p,FAM199X
hsa-miR-30d-5p,JAK1
hsa-miR-30d-5p,TTLL7
hsa-miR-30d-5p,DDAH1
hsa-miR-30d-5p,ZNF644
hsa-miR-30d-5p,EXTL2
hsa-miR-30d-5p,STX6
hsa-miR-30d-5p,EDEM3
hsa-miR-30d-5p,NUCKS1
hsa-miR-30d-5p,YOD1
hsa-miR-30d-5p,IRF2BP2
hsa-miR-30d-5p,SPEN
hsa-miR-30d-5p,ARID1A
hsa-miR-30d-5p,KPNA6
hsa-miR-30d-5p,RNF220
hsa-miR-30d-5p,LRRC8D
hsa-miR-30d-5p,MTF2
hsa-miR-30d-5p,MFSD14A
hsa-miR-30d-5p,AC118553.2
hsa-miR-30d-5p,CAPZA1
hsa-miR-30d-5p,PTGFRN
hsa-miR-30d-5p,BCL9
hsa-miR-30d-5p,KLHL20
hsa-miR-30d-5p,CEP350
hsa-miR-30d-5p,FLVCR1
hsa-miR-30d-5p,KCTD3
hsa-miR-30d-5p,MIA3
hsa-miR-30d-5p,GALNT2
hsa-miR-30d-5p,ZBTB18
hsa-miR-30d-5p,DESI2
hsa-miR-30d-5p,PIP4K2A
hsa-miR-30d-5p,NRP1
hsa-miR-30d-5p,ZCCHC24
hsa-miR-30d-5p,ERLIN1
hsa-miR-30d-5p,SH3PXD2A
hsa-miR-30d-5p,VIM
hsa-miR-30d-5p,ARID5B
hsa-miR-30d-5p,ADO
hsa-miR-30d-5p,REEP3
hsa-miR-30d-5p,TET1
hsa-miR-30d-5p,DDIT4
hsa-miR-30d-5p,PCGF5
hsa-miR-30d-5p,LIN7C
hsa-miR-30d-5p,AHNAK
hsa-miR-30d-5p,CHKA
hsa-miR-30d-5p,THAP12
hsa-miR-30d-5p,PICALM
hsa-miR-30d-5p,DGKZ
hsa-miR-30d-5p,PAFAH1B2
hsa-miR-30d-5p,KMT2A
hsa-miR-30d-5p,CPNE8
hsa-miR-30d-5p,GXYLT1
hsa-miR-30d-5p,TWF1
hsa-miR-30d-5p,SLC38A2
hsa-miR-30d-5p,LMBR1L
hsa-miR-30d-5p,RARG
hsa-miR-30d-5p,ZBTB39
hsa-miR-30d-5p,E2F7
hsa-miR-30d-5p,PAWR
hsa-miR-30d-5p,PPP1R12A
hsa-miR-30d-5p,LARP4
hsa-miR-30d-5p,CAND1
hsa-miR-30d-5p,CPSF6
hsa-miR-30d-5p,FRS2
hsa-miR-30d-5p,TDG
hsa-miR-30d-5p,HCFC2
hsa-miR-30d-5p,RUBCNL
hsa-miR-30d-5p,IRS2
hsa-miR-30d-5p,FNDC3A
hsa-miR-30d-5p,MBNL2
hsa-miR-30d-5p,MCF2L
hsa-miR-30d-5p,TFDP1
hsa-miR-30d-5p,CFL2
hsa-miR-30d-5p,SEC23A
hsa-miR-30d-5p,KLHL28
hsa-miR-30d-5p,ZFYVE26
hsa-miR-30d-5p,BTBD7
hsa-miR-30d-5p,KHNYN
hsa-miR-30d-5p,JDP2
hsa-miR-30d-5p,ZNF770
hsa-miR-30d-5p,TMEM87A
hsa-miR-30d-5p,ZSCAN29
hsa-miR-30d-5p,NEDD4
hsa-miR-30d-5p,RFX7
hsa-miR-30d-5p,CSNK1G1
hsa-miR-30d-5p,PCLAF
hsa-miR-30d-5p,AC087632.2
hsa-miR-30d-5p,EDC3
hsa-miR-30d-5p,MEX3B
hsa-miR-30d-5p,MKRN3
hsa-miR-30d-5p,SEMA6D
hsa-miR-30d-5p,GLCE
hsa-miR-30d-5p,SOCS1
hsa-miR-30d-5p,DCUN1D3
hsa-miR-30d-5p,TBC1D10B
hsa-miR-30d-5p,SLC38A7
hsa-miR-30d-5p,UBN1
hsa-miR-30d-5p,TNRC6A
hsa-miR-30d-5p,TENT4B
hsa-miR-30d-5p,CBFB
hsa-miR-30d-5p,SLC7A6
hsa-miR-30d-5p,NFAT5
hsa-miR-30d-5p,PSMD7
hsa-miR-30d-5p,GAN
hsa-miR-30d-5p,RASD1
hsa-miR-30d-5p,USP22
hsa-miR-30d-5p,NUFIP2
hsa-miR-30d-5p,PIP4K2B
hsa-miR-30d-5p,FBXL20
hsa-miR-30d-5p,SMARCD2
hsa-miR-30d-5p,TIMP2
hsa-miR-30d-5p,NDEL1
hsa-miR-30d-5p,NLK
hsa-miR-30d-5p,TAOK1
hsa-miR-30d-5p,PRKAR1A
hsa-miR-30d-5p,TNRC6C
hsa-miR-30d-5p,CBX2
hsa-miR-30d-5p,EPG5
hsa-miR-30d-5p,VAPA
hsa-miR-30d-5p,NAPG
hsa-miR-30d-5p,MIB1
hsa-miR-30d-5p,GALNT1
hsa-miR-30d-5p,ZCCHC2
hsa-miR-30d-5p,ZBTB7A
hsa-miR-30d-5p,ARID3A
hsa-miR-30d-5p,ZNF507
hsa-miR-30d-5p,DPY19L3
hsa-miR-30d-5p,AP2A1
hsa-miR-30d-5p,ATL2
hsa-miR-30d-5p,SRSF7
hsa-miR-30d-5p,ZFP36L2
hsa-miR-30d-5p,XPO1
hsa-miR-30d-5p,PPP3R1
hsa-miR-30d-5p,BAZ2B
hsa-miR-30d-5p,GALNT3
hsa-miR-30d-5p,ORC2
hsa-miR-30d-5p,PLEKHM3
hsa-miR-30d-5p,IDH1
hsa-miR-30d-5p,USP37
hsa-miR-30d-5p,PER2
hsa-miR-30d-5p,RHOB
hsa-miR-30d-5p,NRBP1
hsa-miR-30d-5p,LCLAT1
hsa-miR-30d-5p,EML4
hsa-miR-30d-5p,MAT2A
hsa-miR-30d-5p,KDM3A
hsa-miR-30d-5p,KCNJ3
hsa-miR-30d-5p,ITGA6
hsa-miR-30d-5p,CDCA7
hsa-miR-30d-5p,PNKD
hsa-miR-30d-5p,COPS7B
hsa-miR-30d-5p,GPCPD1
hsa-miR-30d-5p,PLAGL2
hsa-miR-30d-5p,NOL4L
hsa-miR-30d-5p,RBM12
hsa-miR-30d-5p,STAU1
hsa-miR-30d-5p,STK35
hsa-miR-30d-5p,DLGAP4
hsa-miR-30d-5p,MYBL2
hsa-miR-30d-5p,BRWD1
hsa-miR-30d-5p,SON
hsa-miR-30d-5p,RTN4R
hsa-miR-30d-5p,PRR14L
hsa-miR-30d-5p,JOSD1
hsa-miR-30d-5p,HIC2
hsa-miR-30d-5p,CCDC117
hsa-miR-30d-5p,ATP2B2
hsa-miR-30d-5p,SATB1
hsa-miR-30d-5p,SLC4A7
hsa-miR-30d-5p,CELSR3
hsa-miR-30d-5p,WDR82
hsa-miR-30d-5p,CPOX
hsa-miR-30d-5p,ZBTB11
hsa-miR-30d-5p,AMOTL2
hsa-miR-30d-5p,PFN2
hsa-miR-30d-5p,SSR3
hsa-miR-30d-5p,SETD5
hsa-miR-30d-5p,GOLGA4
hsa-miR-30d-5p,GNAI2
hsa-miR-30d-5p,CHMP2B
hsa-miR-30d-5p,SLC35A5
hsa-miR-30d-5p,MBNL1
hsa-miR-30d-5p,RAP2B
hsa-miR-30d-5p,FXR1
hsa-miR-30d-5p,FAM43A
hsa-miR-30d-5p,FBXO45
hsa-miR-30d-5p,FAM13A
hsa-miR-30d-5p,UBE2D3
hsa-miR-30d-5p,CAMK2D
hsa-miR-30d-5p,SETD7
hsa-miR-30d-5p,OTUD4
hsa-miR-30d-5p,SH3RF1
hsa-miR-30d-5p,RAPGEF2
hsa-miR-30d-5p,GALNT7
hsa-miR-30d-5p,LIFR
hsa-miR-30d-5p,MIER3
hsa-miR-30d-5p,ANKRA2
hsa-miR-30d-5p,ELL2
hsa-miR-30d-5p,CHD1
hsa-miR-30d-5p,P4HA2
hsa-miR-30d-5p,AFF4
hsa-miR-30d-5p,GNPDA1
hsa-miR-30d-5p,PDGFRB
hsa-miR-30d-5p,ADAM19
hsa-miR-30d-5p,MARCHF6
hsa-miR-30d-5p,RAI14
hsa-miR-30d-5p,TENT2
hsa-miR-30d-5p,RASA1
hsa-miR-30d-5p,PPIP5K2
hsa-miR-30d-5p,SNX2
hsa-miR-30d-5p,SEC24A
hsa-miR-30d-5p,UBE2D2
hsa-miR-30d-5p,PPARGC1B
hsa-miR-30d-5p,SFXN1
hsa-miR-30d-5p,MAML1
hsa-miR-30d-5p,CNOT6
hsa-miR-30d-5p,TXNDC5
hsa-miR-30d-5p,BLOC1S5-TXNDC5
hsa-miR-30d-5p,ELOVL5
hsa-miR-30d-5p,RAB23
hsa-miR-30d-5p,PGM3
hsa-miR-30d-5p,HBS1L
hsa-miR-30d-5p,MAP3K5
hsa-miR-30d-5p,E2F3
hsa-miR-30d-5p,SOX4
hsa-miR-30d-5p,CD2AP
hsa-miR-30d-5p,PTP4A1
hsa-miR-30d-5p,AL135905.2
hsa-miR-30d-5p,NT5E
hsa-miR-30d-5p,LIN28B
hsa-miR-30d-5p,PRDM1
hsa-miR-30d-5p,SOBP
hsa-miR-30d-5p,DCBLD1
hsa-miR-30d-5p,GJA1
hsa-miR-30d-5p,TBPL1
hsa-miR-30d-5p,TULP4
hsa-miR-30d-5p,QKI
hsa-miR-30d-5p,DPY19L1
hsa-miR-30d-5p,GRB10
hsa-miR-30d-5p,PON2
hsa-miR-30d-5p,MAP11
hsa-miR-30d-5p,GIGYF1
hsa-miR-30d-5p,SYPL1
hsa-miR-30d-5p,CCDC71L
hsa-miR-30d-5p,BMT2
hsa-miR-30d-5p,DENND11
hsa-miR-30d-5p,KMT2C
hsa-miR-30d-5p,GLCCI1
hsa-miR-30d-5p,CBX3
hsa-miR-30d-5p,AVL9
hsa-miR-30d-5p,VKORC1L1
hsa-miR-30d-5p,PHTF2
hsa-miR-30d-5p,SERPINE1
hsa-miR-30d-5p,UBE3C
hsa-miR-30d-5p,LONRF1
hsa-miR-30d-5p,PDE7A
hsa-miR-30d-5p,TP53INP1
hsa-miR-30d-5p,YWHAZ
hsa-miR-30d-5p,KLF10
hsa-miR-30d-5p,AZIN1
hsa-miR-30d-5p,AGO2
hsa-miR-30d-5p,TUSC3
hsa-miR-30d-5p,BNIP3L
hsa-miR-30d-5p,DPYSL2
hsa-miR-30d-5p,TACC1
hsa-miR-30d-5p,ADAM9
hsa-miR-30d-5p,CHD7
hsa-miR-30d-5p,OTUD6B
hsa-miR-30d-5p,MTDH
hsa-miR-30d-5p,CTHRC1
hsa-miR-30d-5p,FAM91A1
hsa-miR-30d-5p,NFIB
hsa-miR-30d-5p,KLF9
hsa-miR-30d-5p,NR6A1
hsa-miR-30d-5p,GOLGA1
hsa-miR-30d-5p,HSPA5
hsa-miR-30d-5p,RAD23B
hsa-miR-30d-5p,PALM2AKAP2
hsa-miR-30d-5p,FUBP3
hsa-miR-30d-5p,BCOR
hsa-miR-30d-5p,ZNF711
hsa-miR-30d-5p,FAM199X
hsa-miR-30e-5p,JAK1
hsa-miR-30e-5p,TTLL7
hsa-miR-30e-5p,DDAH1
hsa-miR-30e-5p,EXTL2
hsa-miR-30e-5p,STX6
hsa-miR-30e-5p,EDEM3
hsa-miR-30e-5p,NUCKS1
hsa-miR-30e-5p,YOD1
hsa-miR-30e-5p,IRF2BP2
hsa-miR-30e-5p,SPEN
hsa-miR-30e-5p,ARID1A
hsa-miR-30e-5p,KPNA6
hsa-miR-30e-5p,RNF220
hsa-miR-30e-5p,LRRC8D
hsa-miR-30e-5p,MTF2
hsa-miR-30e-5p,MFSD14A
hsa-miR-30e-5p,AC118553.2
hsa-miR-30e-5p,CAPZA1
hsa-miR-30e-5p,PTGFRN
hsa-miR-30e-5p,TENT5C
hsa-miR-30e-5p,BCL9
hsa-miR-30e-5p,KLHL20
hsa-miR-30e-5p,CEP350
hsa-miR-30e-5p,FLVCR1
hsa-miR-30e-5p,KCTD3
hsa-miR-30e-5p,MIA3
hsa-miR-30e-5p,GALNT2
hsa-miR-30e-5p,ZBTB18
hsa-miR-30e-5p,DESI2
hsa-miR-30e-5p,PIP4K2A
hsa-miR-30e-5p,NRP1
hsa-miR-30e-5p,ZCCHC24
hsa-miR-30e-5p,ERLIN1
hsa-miR-30e-5p,SH3PXD2A
hsa-miR-30e-5p,VIM
hsa-miR-30e-5p,ARID5B
hsa-miR-30e-5p,ADO
hsa-miR-30e-5p,REEP3
hsa-miR-30e-5p,TET1
hsa-miR-30e-5p,DDIT4
hsa-miR-30e-5p,PCGF5
hsa-miR-30e-5p,LIN7C
hsa-miR-30e-5p,AHNAK
hsa-miR-30e-5p,CHKA
hsa-miR-30e-5p,THAP12
hsa-miR-30e-5p,PICALM
hsa-miR-30e-5p,DGKZ
hsa-miR-30e-5p,PAFAH1B2
hsa-miR-30e-5p,KMT2A
hsa-miR-30e-5p,CPNE8
hsa-miR-30e-5p,GXYLT1
hsa-miR-30e-5p,TWF1
hsa-miR-30e-5p,SLC38A2
hsa-miR-30e-5p,LMBR1L
hsa-miR-30e-5p,RARG
hsa-miR-30e-5p,ZBTB39
hsa-miR-30e-5p,E2F7
hsa-miR-30e-5p,PAWR
hsa-miR-30e-5p,PPP1R12A
hsa-miR-30e-5p,LARP4
hsa-miR-30e-5p,CAND1
hsa-miR-30e-5p,CPSF6
hsa-miR-30e-5p,FRS2
hsa-miR-30e-5p,TDG
hsa-miR-30e-5p,HCFC2
hsa-miR-30e-5p,RUBCNL
hsa-miR-30e-5p,IRS2
hsa-miR-30e-5p,FNDC3A
hsa-miR-30e-5p,MBNL2
hsa-miR-30e-5p,MCF2L
hsa-miR-30e-5p,TFDP1
hsa-miR-30e-5p,CFL2
hsa-miR-30e-5p,SEC23A
hsa-miR-30e-5p,KLHL28
hsa-miR-30e-5p,ZFYVE26
hsa-miR-30e-5p,BTBD7
hsa-miR-30e-5p,KHNYN
hsa-miR-30e-5p,JDP2
hsa-miR-30e-5p,ZNF770
hsa-miR-30e-5p,TMEM87A
hsa-miR-30e-5p,ZSCAN29
hsa-miR-30e-5p,NEDD4
hsa-miR-30e-5p,RFX7
hsa-miR-30e-5p,CSNK1G1
hsa-miR-30e-5p,PCLAF
hsa-miR-30e-5p,AC087632.2
hsa-miR-30e-5p,EDC3
hsa-miR-30e-5p,MEX3B
hsa-miR-30e-5p,MKRN3
hsa-miR-30e-5p,SEMA6D
hsa-miR-30e-5p,GLCE
hsa-miR-30e-5p,SOCS1
hsa-miR-30e-5p,DCUN1D3
hsa-miR-30e-5p,TBC1D10B
hsa-miR-30e-5p,SLC38A7
hsa-miR-30e-5p,UBN1
hsa-miR-30e-5p,TNRC6A
hsa-miR-30e-5p,TENT4B
hsa-miR-30e-5p,CBFB
hsa-miR-30e-5p,SLC7A6
hsa-miR-30e-5p,NFAT5
hsa-miR-30e-5p,PSMD7
hsa-miR-30e-5p,GAN
hsa-miR-30e-5p,RASD1
hsa-miR-30e-5p,USP22
hsa-miR-30e-5p,NUFIP2
hsa-miR-30e-5p,PIP4K2B
hsa-miR-30e-5p,FBXL20
hsa-miR-30e-5p,SMARCD2
hsa-miR-30e-5p,TIMP2
hsa-miR-30e-5p,NDEL1
hsa-miR-30e-5p,NLK
hsa-miR-30e-5p,TAOK1
hsa-miR-30e-5p,PRKAR1A
hsa-miR-30e-5p,TNRC6C
hsa-miR-30e-5p,CBX2
hsa-miR-30e-5p,EPG5
hsa-miR-30e-5p,VAPA
hsa-miR-30e-5p,NAPG
hsa-miR-30e-5p,MIB1
hsa-miR-30e-5p,GALNT1
hsa-miR-30e-5p,ZCCHC2
hsa-miR-30e-5p,ZBTB7A
hsa-miR-30e-5p,ARID3A
hsa-miR-30e-5p,ZNF507
hsa-miR-30e-5p,DPY19L3
hsa-miR-30e-5p,AP2A1
hsa-miR-30e-5p,ATL2
hsa-miR-30e-5p,SRSF7
hsa-miR-30e-5p,ZFP36L2
hsa-miR-30e-5p,XPO1
hsa-miR-30e-5p,PPP3R1
hsa-miR-30e-5p,BAZ2B
hsa-miR-30e-5p,GALNT3
hsa-miR-30e-5p,ORC2
hsa-miR-30e-5p,PLEKHM3
hsa-miR-30e-5p,IDH1
hsa-miR-30e-5p,USP37
hsa-miR-30e-5p,PER2
hsa-miR-30e-5p,RHOB
hsa-miR-30e-5p,NRBP1
hsa-miR-30e-5p,LCLAT1
hsa-miR-30e-5p,EML4
hsa-miR-30e-5p,MAT2A
hsa-miR-30e-5p,KDM3A
hsa-miR-30e-5p,KCNJ3
hsa-miR-30e-5p,ITGA6
hsa-miR-30e-5p,CDCA7
hsa-miR-30e-5p,PNKD
hsa-miR-30e-5p,COPS7B
hsa-miR-30e-5p,GPCPD1
hsa-miR-30e-5p,PLAGL2
hsa-miR-30e-5p,NOL4L
hsa-miR-30e-5p,RBM12
hsa-miR-30e-5p,STAU1
hsa-miR-30e-5p,STK35
hsa-miR-30e-5p,DLGAP4
hsa-miR-30e-5p,MYBL2
hsa-miR-30e-5p,BRWD1
hsa-miR-30e-5p,SON
hsa-miR-30e-5p,RTN4R
hsa-miR-30e-5p,PRR14L
hsa-miR-30e-5p,JOSD1
hsa-miR-30e-5p,HIC2
hsa-miR-30e-5p,CCDC117
hsa-miR-30e-5p,ATP2B2
hsa-miR-30e-5p,SATB1
hsa-miR-30e-5p,SLC4A7
hsa-miR-30e-5p,CELSR3
hsa-miR-30e-5p,WDR82
hsa-miR-30e-5p,CPOX
hsa-miR-30e-5p,ZBTB11
hsa-miR-30e-5p,AMOTL2
hsa-miR-30e-5p,PFN2
hsa-miR-30e-5p,SSR3
hsa-miR-30e-5p,SETD5
hsa-miR-30e-5p,GOLGA4
hsa-miR-30e-5p,GNAI2
hsa-miR-30e-5p,CHMP2B
hsa-miR-30e-5p,SLC35A5
hsa-miR-30e-5p,MBNL1
hsa-miR-30e-5p,RAP2B
hsa-miR-30e-5p,FXR1
hsa-miR-30e-5p,FAM43A
hsa-miR-30e-5p,FBXO45
hsa-miR-30e-5p,FAM13A
hsa-miR-30e-5p,UBE2D3
hsa-miR-30e-5p,CAMK2D
hsa-miR-30e-5p,SETD7
hsa-miR-30e-5p,OTUD4
hsa-miR-30e-5p,SH3RF1
hsa-miR-30e-5p,RAPGEF2
hsa-miR-30e-5p,GALNT7
hsa-miR-30e-5p,LIFR
hsa-miR-30e-5p,MIER3
hsa-miR-30e-5p,ANKRA2
hsa-miR-30e-5p,ELL2
hsa-miR-30e-5p,CHD1
hsa-miR-30e-5p,P4HA2
hsa-miR-30e-5p,AFF4
hsa-miR-30e-5p,GNPDA1
hsa-miR-30e-5p,PDGFRB
hsa-miR-30e-5p,ADAM19
hsa-miR-30e-5p,MARCHF6
hsa-miR-30e-5p,RAI14
hsa-miR-30e-5p,TENT2
hsa-miR-30e-5p,RASA1
hsa-miR-30e-5p,PPIP5K2
hsa-miR-30e-5p,SNX2
hsa-miR-30e-5p,SEC24A
hsa-miR-30e-5p,UBE2D2
hsa-miR-30e-5p,PPARGC1B
hsa-miR-30e-5p,SFXN1
hsa-miR-30e-5p,MAML1
hsa-miR-30e-5p,CNOT6
hsa-miR-30e-5p,TXNDC5
hsa-miR-30e-5p,BLOC1S5-TXNDC5
hsa-miR-30e-5p,ELOVL5
hsa-miR-30e-5p,RAB23
hsa-miR-30e-5p,PGM3
hsa-miR-30e-5p,HBS1L
hsa-miR-30e-5p,MAP3K5
hsa-miR-30e-5p,E2F3
hsa-miR-30e-5p,SOX4
hsa-miR-30e-5p,CD2AP
hsa-miR-30e-5p,PTP4A1
hsa-miR-30e-5p,AL135905.2
hsa-miR-30e-5p,NT5E
hsa-miR-30e-5p,LIN28B
hsa-miR-30e-5p,PRDM1
hsa-miR-30e-5p,SOBP
hsa-miR-30e-5p,DCBLD1
hsa-miR-30e-5p,GJA1
hsa-miR-30e-5p,TBPL1
hsa-miR-30e-5p,TULP4
hsa-miR-30e-5p,QKI
hsa-miR-30e-5p,DPY19L1
hsa-miR-30e-5p,GRB10
hsa-miR-30e-5p,PON2
hsa-miR-30e-5p,MAP11
hsa-miR-30e-5p,GIGYF1
hsa-miR-30e-5p,SYPL1
hsa-miR-30e-5p,CCDC71L
hsa-miR-30e-5p,BMT2
hsa-miR-30e-5p,DENND11
hsa-miR-30e-5p,KMT2C
hsa-miR-30e-5p,GLCCI1
hsa-miR-30e-5p,CBX3
hsa-miR-30e-5p,AVL9
hsa-miR-30e-5p,VKORC1L1
hsa-miR-30e-5p,PHTF2
hsa-miR-30e-5p,SERPINE1
hsa-miR-30e-5p,UBE3C
hsa-miR-30e-5p,LONRF1
hsa-miR-30e-5p,PDE7A
hsa-miR-30e-5p,TP53INP1
hsa-miR-30e-5p,YWHAZ
hsa-miR-30e-5p,KLF10
hsa-miR-30e-5p,AZIN1
hsa-miR-30e-5p,AGO2
hsa-miR-30e-5p,TUSC3
hsa-miR-30e-5p,BNIP3L
hsa-miR-30e-5p,DPYSL2
hsa-miR-30e-5p,TACC1
hsa-miR-30e-5p,ADAM9
hsa-miR-30e-5p,CHD7
hsa-miR-30e-5p,OTUD6B
hsa-miR-30e-5p,MTDH
hsa-miR-30e-5p,CTHRC1
hsa-miR-30e-5p,FAM91A1
hsa-miR-30e-5p,NFIB
hsa-miR-30e-5p,KLF9
hsa-miR-30e-5p,NR6A1
hsa-miR-30e-5p,GOLGA1
hsa-miR-30e-5p,HSPA5
hsa-miR-30e-5p,RAD23B
hsa-miR-30e-5p,PALM2AKAP2
hsa-miR-30e-5p,FUBP3
hsa-miR-30e-5p,BCOR
hsa-miR-30e-5p,ZNF711
hsa-miR-30e-5p,FAM199X
hsa-miR-31-5p,STK40
hsa-miR-31-5p,GCLM
hsa-miR-31-5p,CDC42SE1
hsa-miR-31-5p,AGRN
hsa-miR-31-5p,PPP6R3
hsa-miR-31-5p,GXYLT1
hsa-miR-31-5p,UBE2N
hsa-miR-31-5p,CKAP4
hsa-miR-31-5p,WNK1
hsa-miR-31-5p,RAB5B
hsa-miR-31-5p,LATS2
hsa-miR-31-5p,ZFP36L1
hsa-miR-31-5p,PAX9
hsa-miR-31-5p,SERF2
hsa-miR-31-5p,SEMA6D
hsa-miR-31-5p,JMJD8
hsa-miR-31-5p,LITAF
hsa-miR-31-5p,UBN1
hsa-miR-31-5p,YWHAE
hsa-miR-31-5p,AP2B1
hsa-miR-31-5p,CEBPA
hsa-miR-31-5p,SERTAD2
hsa-miR-31-5p,SATB2
hsa-miR-31-5p,APP
hsa-miR-31-5p,SLC5A3
hsa-miR-31-5p,DUSP7
hsa-miR-31-5p,DCBLD2
hsa-miR-31-5p,OXSR1
hsa-miR-31-5p,FXR1
hsa-miR-31-5p,PPP3CA
hsa-miR-31-5p,UBE2K
hsa-miR-31-5p,SPARC
hsa-miR-31-5p,ZSWIM6
hsa-miR-31-5p,MAP1B
hsa-miR-31-5p,MFAP3
hsa-miR-31-5p,NUP153
hsa-miR-31-5p,RREB1
hsa-miR-31-5p,QKI
hsa-miR-31-5p,GRB10
hsa-miR-31-5p,CHMP7
hsa-miR-31-5p,PPP2R2A
hsa-miR-31-5p,TACC1
hsa-miR-31-5p,ZFHX4
hsa-miR-31-5p,PPP6C
hsa-miR-32-5p,SLC9A1
hsa-miR-32-5p,BSDC1
hsa-miR-32-5p,ANKRD13C
hsa-miR-32-5p,MCOLN2
hsa-miR-32-5p,RSBN1
hsa-miR-32-5p,NRAS
hsa-miR-32-5p,ANP32E
hsa-miR-32-5p,GATAD2B
hsa-miR-32-5p,DENND4B
hsa-miR-32-5p,MEF2D
hsa-miR-32-5p,DSTYK
hsa-miR-32-5p,HNRNPU
hsa-miR-32-5p,OTUD3
hsa-miR-32-5p,CDC42
hsa-miR-32-5p,ELOA
hsa-miR-32-5p,PPCS
hsa-miR-32-5p,NFIA
hsa-miR-32-5p,MTF2
hsa-miR-32-5p,SLC30A7
hsa-miR-32-5p,AHCYL1
hsa-miR-32-5p,KCNC4
hsa-miR-32-5p,HIPK1
hsa-miR-32-5p,DCAF6
hsa-miR-32-5p,RGL1
hsa-miR-32-5p,BTG2
hsa-miR-32-5p,ATP2B4
hsa-miR-32-5p,MIA3
hsa-miR-32-5p,ARF1
hsa-miR-32-5p,ZBTB18
hsa-miR-32-5p,KLF6
hsa-miR-32-5p,KIF5B
hsa-miR-32-5p,SPOCK2
hsa-miR-32-5p,DNAJB12
hsa-miR-32-5p,SH3PXD2A
hsa-miR-32-5p,CCDC186
hsa-miR-32-5p,MLLT10
hsa-miR-32-5p,KIFBP
hsa-miR-32-5p,DDIT4
hsa-miR-32-5p,VCL
hsa-miR-32-5p,PTEN
hsa-miR-32-5p,LCOR
hsa-miR-32-5p,DUSP5
hsa-miR-32-5p,ADRB1
hsa-miR-32-5p,FAM160B1
hsa-miR-32-5p,PLEKHA1
hsa-miR-32-5p,RNF141
hsa-miR-32-5p,EIF4G2
hsa-miR-32-5p,DKK3
hsa-miR-32-5p,KMT5B
hsa-miR-32-5p,SESN3
hsa-miR-32-5p,SRPRA
hsa-miR-32-5p,ADM
hsa-miR-32-5p,TEAD1
hsa-miR-32-5p,FAR1
hsa-miR-32-5p,QSER1
hsa-miR-32-5p,HIPK3
hsa-miR-32-5p,PTPRJ
hsa-miR-32-5p,ZDHHC5
hsa-miR-32-5p,RPS6KA4
hsa-miR-32-5p,GRAMD1B
hsa-miR-32-5p,SLC2A3
hsa-miR-32-5p,CD69
hsa-miR-32-5p,ERGIC2
hsa-miR-32-5p,SCAF11
hsa-miR-32-5p,SLC38A2
hsa-miR-32-5p,LMBR1L
hsa-miR-32-5p,ITGA5
hsa-miR-32-5p,GNS
hsa-miR-32-5p,ZFC3H1
hsa-miR-32-5p,PAWR
hsa-miR-32-5p,PPP1R12A
hsa-miR-32-5p,PITPNM2
hsa-miR-32-5p,GOLGA3
hsa-miR-32-5p,P3H3
hsa-miR-32-5p,NECAP1
hsa-miR-32-5p,HOXC8
hsa-miR-32-5p,SPRYD4
hsa-miR-32-5p,CAND1
hsa-miR-32-5p,DYRK2
hsa-miR-32-5p,RAP1B
hsa-miR-32-5p,ATP2A2
hsa-miR-32-5p,LATS2
hsa-miR-32-5p,DOCK9
hsa-miR-32-5p,IRS2
hsa-miR-32-5p,PDS5B
hsa-miR-32-5p,LRCH1
hsa-miR-32-5p,ITM2B
hsa-miR-32-5p,CNIH1
hsa-miR-32-5p,EXOC5
hsa-miR-32-5p,BCL11B
hsa-miR-32-5p,PAX9
hsa-miR-32-5p,SNAPC1
hsa-miR-32-5p,TECPR2
hsa-miR-32-5p,ZFYVE21
hsa-miR-32-5p,GOLGA8A
hsa-miR-32-5p,GOLGA8B
hsa-miR-32-5p,TMEM87A
hsa-miR-32-5p,FBN1
hsa-miR-32-5p,FAM214A
hsa-miR-32-5p,ADAM10
hsa-miR-32-5p,NPTN
hsa-miR-32-5p,PEAK1
hsa-miR-32-5p,RAB8B
hsa-miR-32-5p,SMAD6
hsa-miR-32-5p,GLCE
hsa-miR-32-5p,ARRDC4
hsa-miR-32-5p,GLYR1
hsa-miR-32-5p,RRN3
hsa-miR-32-5p,SMG1
hsa-miR-32-5p,PHLPP2
hsa-miR-32-5p,ZFHX3
hsa-miR-32-5p,SNN
hsa-miR-32-5p,CNEP1R1
hsa-miR-32-5p,CHD9
hsa-miR-32-5p,RBL2
hsa-miR-32-5p,PITPNA
hsa-miR-32-5p,MYO18A
hsa-miR-32-5p,TIAF1
hsa-miR-32-5p,CDC27
hsa-miR-32-5p,TOB1
hsa-miR-32-5p,ACOX1
hsa-miR-32-5p,MAP2K4
hsa-miR-32-5p,NLK
hsa-miR-32-5p,NF1
hsa-miR-32-5p,MSL1
hsa-miR-32-5p,EIF1
hsa-miR-32-5p,UBE2Z
hsa-miR-32-5p,XYLT2
hsa-miR-32-5p,SLC39A6
hsa-miR-32-5p,SMAD7
hsa-miR-32-5p,VPS4B
hsa-miR-32-5p,TGIF1
hsa-miR-32-5p,GATA6
hsa-miR-32-5p,REXO1
hsa-miR-32-5p,PIP5K1C
hsa-miR-32-5p,RHPN2
hsa-miR-32-5p,CEBPA
hsa-miR-32-5p,SERTAD3
hsa-miR-32-5p,BCAT2
hsa-miR-32-5p,PPP1R12C
hsa-miR-32-5p,HCN2
hsa-miR-32-5p,KLF2
hsa-miR-32-5p,AXL
hsa-miR-32-5p,CIC
hsa-miR-32-5p,PPP1R37
hsa-miR-32-5p,DNAJC27
hsa-miR-32-5p,DPY30
hsa-miR-32-5p,BCL11A
hsa-miR-32-5p,SERTAD2
hsa-miR-32-5p,AFF3
hsa-miR-32-5p,FHL2
hsa-miR-32-5p,IDH1
hsa-miR-32-5p,PER2
hsa-miR-32-5p,PKDCC
hsa-miR-32-5p,SOCS5
hsa-miR-32-5p,FOXN2
hsa-miR-32-5p,MTHFD2
hsa-miR-32-5p,CNNM4
hsa-miR-32-5p,BCL2L11
hsa-miR-32-5p,PLEKHB2
hsa-miR-32-5p,UBXN4
hsa-miR-32-5p,ITGA6
hsa-miR-32-5p,ITPRID2
hsa-miR-32-5p,ITGAV
hsa-miR-32-5p,C2orf69
hsa-miR-32-5p,BMPR2
hsa-miR-32-5p,PIKFYVE
hsa-miR-32-5p,ARPC2
hsa-miR-32-5p,FKBP1A
hsa-miR-32-5p,AURKA
hsa-miR-32-5p,PMEPA1
hsa-miR-32-5p,PPP1R3D
hsa-miR-32-5p,ARFGEF2
hsa-miR-32-5p,C21orf91
hsa-miR-32-5p,SYNJ1
hsa-miR-32-5p,SIK1
hsa-miR-32-5p,MORC3
hsa-miR-32-5p,CHCHD10
hsa-miR-32-5p,MYH9
hsa-miR-32-5p,JOSD1
hsa-miR-32-5p,TOB2
hsa-miR-32-5p,NF2
hsa-miR-32-5p,PDHB
hsa-miR-32-5p,GATA2
hsa-miR-32-5p,XRN1
hsa-miR-32-5p,TBL1XR1
hsa-miR-32-5p,ITPR1
hsa-miR-32-5p,EDEM1
hsa-miR-32-5p,SETD5
hsa-miR-32-5p,KAT2B
hsa-miR-32-5p,RPL15
hsa-miR-32-5p,GOLGA4
hsa-miR-32-5p,DAG1
hsa-miR-32-5p,BSN
hsa-miR-32-5p,APPL1
hsa-miR-32-5p,GAP43
hsa-miR-32-5p,SELENOT
hsa-miR-32-5p,CLDN11
hsa-miR-32-5p,FNDC3B
hsa-miR-32-5p,FXR1
hsa-miR-32-5p,LPP
hsa-miR-32-5p,RBM47
hsa-miR-32-5p,G3BP2
hsa-miR-32-5p,SH3D19
hsa-miR-32-5p,HAND2
hsa-miR-32-5p,PCGF3
hsa-miR-32-5p,RNF4
hsa-miR-32-5p,CPEB2
hsa-miR-32-5p,KLF3
hsa-miR-32-5p,KIAA1109
hsa-miR-32-5p,PALLD
hsa-miR-32-5p,GALNT7
hsa-miR-32-5p,MIER3
hsa-miR-32-5p,LHFPL2
hsa-miR-32-5p,ARRDC3
hsa-miR-32-5p,FNIP1
hsa-miR-32-5p,GFPT2
hsa-miR-32-5p,TENT4A
hsa-miR-32-5p,TRIO
hsa-miR-32-5p,MAP1B
hsa-miR-32-5p,TNPO1
hsa-miR-32-5p,JMY
hsa-miR-32-5p,MAN2A1
hsa-miR-32-5p,GRAMD2B
hsa-miR-32-5p,C5orf24
hsa-miR-32-5p,CPEB4
hsa-miR-32-5p,C6orf62
hsa-miR-32-5p,TENT5A
hsa-miR-32-5p,IBTK
hsa-miR-32-5p,CCNC
hsa-miR-32-5p,REV3L
hsa-miR-32-5p,NUP43
hsa-miR-32-5p,WRNIP1
hsa-miR-32-5p,HIVEP1
hsa-miR-32-5p,JARID2
hsa-miR-32-5p,MYLIP
hsa-miR-32-5p,E2F3
hsa-miR-32-5p,SOX4
hsa-miR-32-5p,CD2AP
hsa-miR-32-5p,COL19A1
hsa-miR-32-5p,FAM135A
hsa-miR-32-5p,TULP4
hsa-miR-32-5p,HOXA9
hsa-miR-32-5p,DNAJC30
hsa-miR-32-5p,WASL
hsa-miR-32-5p,SLC37A3
hsa-miR-32-5p,CCT6A
hsa-miR-32-5p,PHTF2
hsa-miR-32-5p,COL1A2
hsa-miR-32-5p,CASD1
hsa-miR-32-5p,DNAJB9
hsa-miR-32-5p,KLHDC10
hsa-miR-32-5p,INSIG1
hsa-miR-32-5p,MFHAS1
hsa-miR-32-5p,PCMTD1
hsa-miR-32-5p,ASPH
hsa-miR-32-5p,UBE2W
hsa-miR-32-5p,CCNE2
hsa-miR-32-5p,SLC25A32
hsa-miR-32-5p,AC012213.5
hsa-miR-32-5p,RAD21
hsa-miR-32-5p,MTMR9
hsa-miR-32-5p,ATP6V1B2
hsa-miR-32-5p,DDHD2
hsa-miR-32-5p,SGK3
hsa-miR-32-5p,ZFHX4
hsa-miR-32-5p,SDC2
hsa-miR-32-5p,EFR3A
hsa-miR-32-5p,NFIB
hsa-miR-32-5p,RNF38
hsa-miR-32-5p,KLF4
hsa-miR-32-5p,RAB14
hsa-miR-32-5p,RIC1
hsa-miR-32-5p,LURAP1L
hsa-miR-32-5p,STX17
hsa-miR-32-5p,RGS3
hsa-miR-32-5p,DAB2IP
hsa-miR-32-5p,COL5A1
hsa-miR-32-5p,KLHL15
hsa-miR-32-5p,ATRX
hsa-miR-32-5p,DDX3X
hsa-miR-32-5p,CDK16
hsa-miR-32-5p,TAF1
hsa-miR-32-5p,LONRF3
hsa-miR-320a,SERBP1
hsa-miR-320a,PYGO2
hsa-miR-320a,RIT1
hsa-miR-320a,TOR1AIP2
hsa-miR-320a,CTPS1
hsa-miR-320a,CMPK1
hsa-miR-320a,MFSD14A
hsa-miR-320a,AC118553.2
hsa-miR-320a,PBX1
hsa-miR-320a,DESI2
hsa-miR-320a,HNRNPF
hsa-miR-320a,VIM
hsa-miR-320a,MASTL
hsa-miR-320a,ARID5B
hsa-miR-320a,GHITM
hsa-miR-320a,PTEN
hsa-miR-320a,TNKS2
hsa-miR-320a,MXI1
hsa-miR-320a,PDCD4
hsa-miR-320a,FAM160B1
hsa-miR-320a,TMEM123
hsa-miR-320a,CAPRIN1
hsa-miR-320a,MDK
hsa-miR-320a,ZFP91
hsa-miR-320a,ZC3H12C
hsa-miR-320a,LMO3
hsa-miR-320a,BCAT1
hsa-miR-320a,GXYLT1
hsa-miR-320a,ANKRD52
hsa-miR-320a,TRIAP1
hsa-miR-320a,RASSF8
hsa-miR-320a,EIF4B
hsa-miR-320a,IPO5
hsa-miR-320a,HNRNPC
hsa-miR-320a,SPTSSA
hsa-miR-320a,ARPP19
hsa-miR-320a,SIN3A
hsa-miR-320a,MINDY2
hsa-miR-320a,RAB11A
hsa-miR-320a,RCN2
hsa-miR-320a,GSPT1
hsa-miR-320a,DNAJA2
hsa-miR-320a,FUS
hsa-miR-320a,TENT4B
hsa-miR-320a,HERPUD1
hsa-miR-320a,HELZ
hsa-miR-320a,CPD
hsa-miR-320a,MSI2
hsa-miR-320a,TNRC6C
hsa-miR-320a,FTL
hsa-miR-320a,SRSF7
hsa-miR-320a,XPO1
hsa-miR-320a,MAT2A
hsa-miR-320a,BLCAP
hsa-miR-320a,SERINC3
hsa-miR-320a,SON
hsa-miR-320a,MORC3
hsa-miR-320a,RRP1B
hsa-miR-320a,MAPK1
hsa-miR-320a,PRR14L
hsa-miR-320a,CSNK1E
hsa-miR-320a,YWHAH
hsa-miR-320a,DCP1A
hsa-miR-320a,HLTF
hsa-miR-320a,ARL8B
hsa-miR-320a,DAG1
hsa-miR-320a,DHX15
hsa-miR-320a,SCOC
hsa-miR-320a,DAB2
hsa-miR-320a,MIER3
hsa-miR-320a,VDAC1
hsa-miR-320a,PPP2CA
hsa-miR-320a,NR3C1
hsa-miR-320a,ZSWIM6
hsa-miR-320a,SREK1
hsa-miR-320a,CREBRF
hsa-miR-320a,NRN1
hsa-miR-320a,WRNIP1
hsa-miR-320a,SOX4
hsa-miR-320a,SASH1
hsa-miR-320a,IGF2BP3
hsa-miR-320a,HOXA10
hsa-miR-320a,KRIT1
hsa-miR-320a,TSC22D4
hsa-miR-320a,KIAA1549
hsa-miR-320a,RAC1
hsa-miR-320a,TMEM106B
hsa-miR-320a,CUX1
hsa-miR-320a,CALD1
hsa-miR-320a,LUC7L2
hsa-miR-320a,TMEM64
hsa-miR-320a,MTDH
hsa-miR-320a,RAD23B
hsa-miR-320a,PALM2AKAP2
hsa-miR-320a,PBX3
hsa-miR-320a,ARMCX2
hsa-miR-320a,XIAP
hsa-miR-320b,SERBP1
hsa-miR-320b,PYGO2
hsa-miR-320b,RIT1
hsa-miR-320b,TOR1AIP2
hsa-miR-320b,CTPS1
hsa-miR-320b,CMPK1
hsa-miR-320b,MFSD14A
hsa-miR-320b,AC118553.2
hsa-miR-320b,PBX1
hsa-miR-320b,DESI2
hsa-miR-320b,HNRNPF
hsa-miR-320b,VIM
hsa-miR-320b,MASTL
hsa-miR-320b,ARID5B
hsa-miR-320b,GHITM
hsa-miR-320b,PTEN
hsa-miR-320b,TNKS2
hsa-miR-320b,MXI1
hsa-miR-320b,PDCD4
hsa-miR-320b,FAM160B1
hsa-miR-320b,TMEM123
hsa-miR-320b,CAPRIN1
hsa-miR-320b,MDK
hsa-miR-320b,ZFP91
hsa-miR-320b,ZC3H12C
hsa-miR-320b,LMO3
hsa-miR-320b,BCAT1
hsa-miR-320b,GXYLT1
hsa-miR-320b,ANKRD52
hsa-miR-320b,TRIAP1
hsa-miR-320b,RASSF8
hsa-miR-320b,EIF4B
hsa-miR-320b,IPO5
hsa-miR-320b,HNRNPC
hsa-miR-320b,SPTSSA
hsa-miR-320b,ARPP19
hsa-miR-320b,SIN3A
hsa-miR-320b,MINDY2
hsa-miR-320b,RAB11A
hsa-miR-320b,RCN2
hsa-miR-320b,GSPT1
hsa-miR-320b,DNAJA2
hsa-miR-320b,FUS
hsa-miR-320b,TENT4B
hsa-miR-320b,HERPUD1
hsa-miR-320b,HELZ
hsa-miR-320b,CPD
hsa-miR-320b,MSI2
hsa-miR-320b,TNRC6C
hsa-miR-320b,FTL
hsa-miR-320b,SRSF7
hsa-miR-320b,XPO1
hsa-miR-320b,MAT2A
hsa-miR-320b,BLCAP
hsa-miR-320b,SERINC3
hsa-miR-320b,SON
hsa-miR-320b,MORC3
hsa-miR-320b,RRP1B
hsa-miR-320b,MAPK1
hsa-miR-320b,PRR14L
hsa-miR-320b,CSNK1E
hsa-miR-320b,YWHAH
hsa-miR-320b,DCP1A
hsa-miR-320b,HLTF
hsa-miR-320b,ARL8B
hsa-miR-320b,DAG1
hsa-miR-320b,DHX15
hsa-miR-320b,SCOC
hsa-miR-320b,DAB2
hsa-miR-320b,MIER3
hsa-miR-320b,VDAC1
hsa-miR-320b,PPP2CA
hsa-miR-320b,NR3C1
hsa-miR-320b,ZSWIM6
hsa-miR-320b,SREK1
hsa-miR-320b,CREBRF
hsa-miR-320b,NRN1
hsa-miR-320b,WRNIP1
hsa-miR-320b,SOX4
hsa-miR-320b,SASH1
hsa-miR-320b,IGF2BP3
hsa-miR-320b,HOXA10
hsa-miR-320b,KRIT1
hsa-miR-320b,TSC22D4
hsa-miR-320b,KIAA1549
hsa-miR-320b,RAC1
hsa-miR-320b,TMEM106B
hsa-miR-320b,CUX1
hsa-miR-320b,CALD1
hsa-miR-320b,LUC7L2
hsa-miR-320b,TMEM64
hsa-miR-320b,MTDH
hsa-miR-320b,RAD23B
hsa-miR-320b,PALM2AKAP2
hsa-miR-320b,PBX3
hsa-miR-320b,ARMCX2
hsa-miR-320b,XIAP
hsa-miR-320c,SERBP1
hsa-miR-320c,RIT1
hsa-miR-320c,TOR1AIP2
hsa-miR-320c,CTPS1
hsa-miR-320c,CMPK1
hsa-miR-320c,MFSD14A
hsa-miR-320c,AC118553.2
hsa-miR-320c,PBX1
hsa-miR-320c,DESI2
hsa-miR-320c,HNRNPF
hsa-miR-320c,VIM
hsa-miR-320c,MASTL
hsa-miR-320c,ARID5B
hsa-miR-320c,GHITM
hsa-miR-320c,PTEN
hsa-miR-320c,TNKS2
hsa-miR-320c,MXI1
hsa-miR-320c,PDCD4
hsa-miR-320c,FAM160B1
hsa-miR-320c,TMEM123
hsa-miR-320c,CAPRIN1
hsa-miR-320c,MDK
hsa-miR-320c,ZFP91
hsa-miR-320c,ZC3H12C
hsa-miR-320c,LMO3
hsa-miR-320c,BCAT1
hsa-miR-320c,GXYLT1
hsa-miR-320c,ANKRD52
hsa-miR-320c,TRIAP1
hsa-miR-320c,RASSF8
hsa-miR-320c,EIF4B
hsa-miR-320c,IPO5
hsa-miR-320c,HNRNPC
hsa-miR-320c,SPTSSA
hsa-miR-320c,ARPP19
hsa-miR-320c,SIN3A
hsa-miR-320c,MINDY2
hsa-miR-320c,RAB11A
hsa-miR-320c,RCN2
hsa-miR-320c,GSPT1
hsa-miR-320c,DNAJA2
hsa-miR-320c,FUS
hsa-miR-320c,TENT4B
hsa-miR-320c,HERPUD1
hsa-miR-320c,HELZ
hsa-miR-320c,CPD
hsa-miR-320c,MSI2
hsa-miR-320c,TNRC6C
hsa-miR-320c,FTL
hsa-miR-320c,SRSF7
hsa-miR-320c,XPO1
hsa-miR-320c,MAT2A
hsa-miR-320c,BLCAP
hsa-miR-320c,SERINC3
hsa-miR-320c,SON
hsa-miR-320c,MORC3
hsa-miR-320c,RRP1B
hsa-miR-320c,MAPK1
hsa-miR-320c,PRR14L
hsa-miR-320c,CSNK1E
hsa-miR-320c,YWHAH
hsa-miR-320c,DCP1A
hsa-miR-320c,HLTF
hsa-miR-320c,ARL8B
hsa-miR-320c,DAG1
hsa-miR-320c,DHX15
hsa-miR-320c,SCOC
hsa-miR-320c,DAB2
hsa-miR-320c,MIER3
hsa-miR-320c,VDAC1
hsa-miR-320c,PPP2CA
hsa-miR-320c,NR3C1
hsa-miR-320c,ZSWIM6
hsa-miR-320c,SREK1
hsa-miR-320c,CREBRF
hsa-miR-320c,NRN1
hsa-miR-320c,WRNIP1
hsa-miR-320c,SOX4
hsa-miR-320c,SASH1
hsa-miR-320c,IGF2BP3
hsa-miR-320c,HOXA10
hsa-miR-320c,KRIT1
hsa-miR-320c,TSC22D4
hsa-miR-320c,KIAA1549
hsa-miR-320c,RAC1
hsa-miR-320c,TMEM106B
hsa-miR-320c,CUX1
hsa-miR-320c,CALD1
hsa-miR-320c,LUC7L2
hsa-miR-320c,TMEM64
hsa-miR-320c,MTDH
hsa-miR-320c,RAD23B
hsa-miR-320c,PBX3
hsa-miR-320c,ARMCX2
hsa-miR-320c,XIAP
hsa-miR-320d,SERBP1
hsa-miR-320d,RIT1
hsa-miR-320d,TOR1AIP2
hsa-miR-320d,CTPS1
hsa-miR-320d,CMPK1
hsa-miR-320d,MFSD14A
hsa-miR-320d,AC118553.2
hsa-miR-320d,PBX1
hsa-miR-320d,DESI2
hsa-miR-320d,HNRNPF
hsa-miR-320d,VIM
hsa-miR-320d,MASTL
hsa-miR-320d,ARID5B
hsa-miR-320d,GHITM
hsa-miR-320d,PTEN
hsa-miR-320d,TNKS2
hsa-miR-320d,MXI1
hsa-miR-320d,PDCD4
hsa-miR-320d,FAM160B1
hsa-miR-320d,TMEM123
hsa-miR-320d,CAPRIN1
hsa-miR-320d,MDK
hsa-miR-320d,ZFP91
hsa-miR-320d,ZC3H12C
hsa-miR-320d,LMO3
hsa-miR-320d,BCAT1
hsa-miR-320d,GXYLT1
hsa-miR-320d,ANKRD52
hsa-miR-320d,TRIAP1
hsa-miR-320d,RASSF8
hsa-miR-320d,EIF4B
hsa-miR-320d,IPO5
hsa-miR-320d,HNRNPC
hsa-miR-320d,SPTSSA
hsa-miR-320d,ARPP19
hsa-miR-320d,SIN3A
hsa-miR-320d,MINDY2
hsa-miR-320d,RAB11A
hsa-miR-320d,RCN2
hsa-miR-320d,GSPT1
hsa-miR-320d,DNAJA2
hsa-miR-320d,FUS
hsa-miR-320d,TENT4B
hsa-miR-320d,HERPUD1
hsa-miR-320d,HELZ
hsa-miR-320d,CPD
hsa-miR-320d,MSI2
hsa-miR-320d,TNRC6C
hsa-miR-320d,FTL
hsa-miR-320d,SRSF7
hsa-miR-320d,XPO1
hsa-miR-320d,MAT2A
hsa-miR-320d,BLCAP
hsa-miR-320d,SERINC3
hsa-miR-320d,SON
hsa-miR-320d,MORC3
hsa-miR-320d,RRP1B
hsa-miR-320d,MAPK1
hsa-miR-320d,PRR14L
hsa-miR-320d,CSNK1E
hsa-miR-320d,YWHAH
hsa-miR-320d,DCP1A
hsa-miR-320d,HLTF
hsa-miR-320d,ARL8B
hsa-miR-320d,DAG1
hsa-miR-320d,DHX15
hsa-miR-320d,SCOC
hsa-miR-320d,DAB2
hsa-miR-320d,MIER3
hsa-miR-320d,VDAC1
hsa-miR-320d,PPP2CA
hsa-miR-320d,NR3C1
hsa-miR-320d,ZSWIM6
hsa-miR-320d,SREK1
hsa-miR-320d,CREBRF
hsa-miR-320d,NRN1
hsa-miR-320d,WRNIP1
hsa-miR-320d,SOX4
hsa-miR-320d,SASH1
hsa-miR-320d,IGF2BP3
hsa-miR-320d,HOXA10
hsa-miR-320d,KRIT1
hsa-miR-320d,TSC22D4
hsa-miR-320d,KIAA1549
hsa-miR-320d,RAC1
hsa-miR-320d,TMEM106B
hsa-miR-320d,CUX1
hsa-miR-320d,CALD1
hsa-miR-320d,LUC7L2
hsa-miR-320d,TMEM64
hsa-miR-320d,MTDH
hsa-miR-320d,RAD23B
hsa-miR-320d,PALM2AKAP2
hsa-miR-320d,PBX3
hsa-miR-320d,ARMCX2
hsa-miR-320d,XIAP
hsa-miR-324-5p,YOD1
hsa-miR-324-5p,PBX1
hsa-miR-324-5p,ARF3
hsa-miR-324-5p,AP1G1
hsa-miR-324-5p,GAN
hsa-miR-324-5p,PSME3
hsa-miR-324-5p,ELAVL1
hsa-miR-324-5p,APP
hsa-miR-324-5p,RCAN1
hsa-miR-324-5p,TMCC1
hsa-miR-324-5p,SETD5
hsa-miR-324-5p,KLF3
hsa-miR-324-5p,VDAC1
hsa-miR-324-5p,SLITRK4
hsa-miR-326,KLHL21
hsa-miR-326,BSDC1
hsa-miR-326,SH3PXD2A
hsa-miR-326,SRPRA
hsa-miR-326,ITGA5
hsa-miR-326,ANKRD52
hsa-miR-326,ERG28
hsa-miR-326,NEURL4
hsa-miR-326,AC026954.2
hsa-miR-326,EIF1
hsa-miR-326,TXNL1
hsa-miR-326,PTBP1
hsa-miR-326,GPI
hsa-miR-326,SIRPA
hsa-miR-326,BHLHE40
hsa-miR-326,SPOCK1
hsa-miR-326,LARP1
hsa-miR-326,HNRNPA2B1
hsa-miR-326,FSCN1
hsa-miR-326,PLEC
hsa-miR-326,TLN1
hsa-miR-326,VLDLR
hsa-miR-326,ARPC5L
hsa-miR-326,RPS6KA3
hsa-miR-326,NONO
hsa-miR-328-3p,SLC2A1
hsa-miR-328-3p,TCF7L2
hsa-miR-328-3p,ITGA5
hsa-miR-328-3p,SRSF9
hsa-miR-328-3p,ARL6IP1
hsa-miR-328-3p,NOL4L
hsa-miR-328-3p,NR3C1
hsa-miR-328-3p,H4C4
hsa-miR-328-3p,YWHAZ
hsa-miR-329-3p,CAPZB
hsa-miR-329-3p,SRSF4
hsa-miR-329-3p,TARDBP
hsa-miR-329-3p,SPEN
hsa-miR-329-3p,PRKACB
hsa-miR-329-3p,HIPK1
hsa-miR-329-3p,ZBTB18
hsa-miR-329-3p,SLF2
hsa-miR-329-3p,AHNAK
hsa-miR-329-3p,PTPRJ
hsa-miR-329-3p,SSH1
hsa-miR-329-3p,ERH
hsa-miR-329-3p,IRF2BPL
hsa-miR-329-3p,PABPN1
hsa-miR-329-3p,BCL2L2-PABPN1
hsa-miR-329-3p,PTPN9
hsa-miR-329-3p,SMAD6
hsa-miR-329-3p,ALDOA
hsa-miR-329-3p,AC093512.2
hsa-miR-329-3p,ALKBH5
hsa-miR-329-3p,MSL1
hsa-miR-329-3p,DYNLL2
hsa-miR-329-3p,NCKAP1
hsa-miR-329-3p,LBH
hsa-miR-329-3p,CSNK2A1
hsa-miR-329-3p,E2F1
hsa-miR-329-3p,BLCAP
hsa-miR-329-3p,PTPN1
hsa-miR-329-3p,TOB2
hsa-miR-329-3p,WDR82
hsa-miR-329-3p,RAB6B
hsa-miR-329-3p,TATDN2
hsa-miR-329-3p,SLC6A6
hsa-miR-329-3p,PCGF3
hsa-miR-329-3p,SMARCAD1
hsa-miR-329-3p,PDE4D
hsa-miR-329-3p,KIF2A
hsa-miR-329-3p,CPEB4
hsa-miR-329-3p,ATXN1
hsa-miR-329-3p,PRPF4B
hsa-miR-329-3p,SOX4
hsa-miR-329-3p,SLC35A1
hsa-miR-329-3p,GIGYF1
hsa-miR-329-3p,TMEM245
hsa-miR-329-3p,KDM5C
hsa-miR-330-5p,KLHL21
hsa-miR-330-5p,BSDC1
hsa-miR-330-5p,SH3PXD2A
hsa-miR-330-5p,SRPRA
hsa-miR-330-5p,ITGA5
hsa-miR-330-5p,ANKRD52
hsa-miR-330-5p,ERG28
hsa-miR-330-5p,EMP2
hsa-miR-330-5p,MYO1C
hsa-miR-330-5p,NEURL4
hsa-miR-330-5p,AC026954.2
hsa-miR-330-5p,EIF1
hsa-miR-330-5p,IGF2BP1
hsa-miR-330-5p,TXNL1
hsa-miR-330-5p,PTBP1
hsa-miR-330-5p,GPI
hsa-miR-330-5p,SIRPA
hsa-miR-330-5p,BHLHE40
hsa-miR-330-5p,ERBIN
hsa-miR-330-5p,HNRNPA2B1
hsa-miR-330-5p,FSCN1
hsa-miR-330-5p,ITGB8
hsa-miR-330-5p,PLEC
hsa-miR-330-5p,TLN1
hsa-miR-330-5p,VLDLR
hsa-miR-330-5p,ARPC5L
hsa-miR-330-5p,RPS6KA3
hsa-miR-330-5p,NONO
hsa-miR-335-5p,HNRNPR
hsa-miR-335-5p,PSMB2
hsa-miR-335-5p,PLPP3
hsa-miR-335-5p,NUCKS1
hsa-miR-335-5p,SLC25A44
hsa-miR-335-5p,ATP1B1
hsa-miR-335-5p,CEP350
hsa-miR-335-5p,HELLS
hsa-miR-335-5p,ARGLU1
hsa-miR-335-5p,MAX
hsa-miR-335-5p,MED6
hsa-miR-335-5p,CTDSPL2
hsa-miR-335-5p,GLYR1
hsa-miR-335-5p,JUP
hsa-miR-335-5p,MTMR4
hsa-miR-335-5p,STARD7
hsa-miR-335-5p,CRIM1
hsa-miR-335-5p,NAA50
hsa-miR-335-5p,AHSG
hsa-miR-335-5p,MAT2B
hsa-miR-335-5p,CALU
hsa-miR-335-5p,PPP6C
hsa-miR-335-5p,FMR1
hsa-miR-338-3p,GNG12
hsa-miR-338-3p,TRIM33
hsa-miR-338-3p,TPM3
hsa-miR-338-3p,UBE2Q1
hsa-miR-338-3p,VAMP3
hsa-miR-338-3p,ARHGEF10L
hsa-miR-338-3p,ZDHHC18
hsa-miR-338-3p,CELSR2
hsa-miR-338-3p,NRP1
hsa-miR-338-3p,SLK
hsa-miR-338-3p,YBX3
hsa-miR-338-3p,LEMD3
hsa-miR-338-3p,ATXN7L3B
hsa-miR-338-3p,COPS2
hsa-miR-338-3p,THBS1
hsa-miR-338-3p,MORF4L1
hsa-miR-338-3p,SALL1
hsa-miR-338-3p,CBFB
hsa-miR-338-3p,COX4I1
hsa-miR-338-3p,COL1A1
hsa-miR-338-3p,JPT1
hsa-miR-338-3p,SRSF2
hsa-miR-338-3p,GATA6
hsa-miR-338-3p,TGOLN2
hsa-miR-338-3p,TBC1D8
hsa-miR-338-3p,PPP1CB
hsa-miR-338-3p,ACTR2
hsa-miR-338-3p,CCNT2
hsa-miR-338-3p,TANC1
hsa-miR-338-3p,FKBP1A
hsa-miR-338-3p,GNAS
hsa-miR-338-3p,MAPK1
hsa-miR-338-3p,AMOTL2
hsa-miR-338-3p,DVL3
hsa-miR-338-3p,FBXW7
hsa-miR-338-3p,RASA1
hsa-miR-338-3p,AKAP12
hsa-miR-338-3p,HNRNPA2B1
hsa-miR-338-3p,PTPN12
hsa-miR-338-3p,ARPC1B
hsa-miR-338-3p,MTUS1
hsa-miR-338-3p,ZBTB10
hsa-miR-338-3p,DCAF12
hsa-miR-338-3p,RAB14
hsa-miR-338-3p,RIC1
hsa-miR-338-3p,TBC1D25
hsa-miR-338-3p,NONO
hsa-miR-338-3p,ARMCX3
hsa-miR-339-5p,AKIRIN1
hsa-miR-339-5p,ANKRD52
hsa-miR-339-5p,ZNF689
hsa-miR-339-5p,TNRC6C
hsa-miR-339-5p,BAZ2B
hsa-miR-339-5p,BCL2L11
hsa-miR-339-5p,BLCAP
hsa-miR-339-5p,LSM14B
hsa-miR-339-5p,ARRDC3
hsa-miR-339-5p,CHD1
hsa-miR-339-5p,CNOT6
hsa-miR-339-5p,YWHAZ
hsa-miR-339-5p,HNRNPK
hsa-miR-33a-5p,ZNF281
hsa-miR-33a-5p,SKI
hsa-miR-33a-5p,KIF1B
hsa-miR-33a-5p,NFIA
hsa-miR-33a-5p,S1PR1
hsa-miR-33a-5p,HIPK1
hsa-miR-33a-5p,PTGFRN
hsa-miR-33a-5p,SYT11
hsa-miR-33a-5p,ATP1B1
hsa-miR-33a-5p,GDI2
hsa-miR-33a-5p,TM9SF3
hsa-miR-33a-5p,ARID5B
hsa-miR-33a-5p,SHANK2
hsa-miR-33a-5p,LDHA
hsa-miR-33a-5p,DUSP6
hsa-miR-33a-5p,SPPL3
hsa-miR-33a-5p,RASSF8
hsa-miR-33a-5p,HMGA2
hsa-miR-33a-5p,IRS2
hsa-miR-33a-5p,FBXO34
hsa-miR-33a-5p,PCNX1
hsa-miR-33a-5p,CLPX
hsa-miR-33a-5p,SEMA7A
hsa-miR-33a-5p,MORF4L1
hsa-miR-33a-5p,SMG1
hsa-miR-33a-5p,GSE1
hsa-miR-33a-5p,NUFIP2
hsa-miR-33a-5p,APPBP2
hsa-miR-33a-5p,DDX5
hsa-miR-33a-5p,CSNK1D
hsa-miR-33a-5p,NPC1
hsa-miR-33a-5p,SMAD7
hsa-miR-33a-5p,TCF4
hsa-miR-33a-5p,BTBD2
hsa-miR-33a-5p,AXL
hsa-miR-33a-5p,NRXN1
hsa-miR-33a-5p,SATB2
hsa-miR-33a-5p,MTHFD2
hsa-miR-33a-5p,RMND5A
hsa-miR-33a-5p,MAP4K4
hsa-miR-33a-5p,BTBD3
hsa-miR-33a-5p,SIK1
hsa-miR-33a-5p,BACH1
hsa-miR-33a-5p,YWHAH
hsa-miR-33a-5p,PIM3
hsa-miR-33a-5p,SHISA5
hsa-miR-33a-5p,SNRK
hsa-miR-33a-5p,SELENOT
hsa-miR-33a-5p,SETD7
hsa-miR-33a-5p,CPEB2
hsa-miR-33a-5p,PRKAA1
hsa-miR-33a-5p,TMED7
hsa-miR-33a-5p,ZSWIM6
hsa-miR-33a-5p,HMGCR
hsa-miR-33a-5p,VCAN
hsa-miR-33a-5p,NCOA7
hsa-miR-33a-5p,QKI
hsa-miR-33a-5p,TES
hsa-miR-33a-5p,MMP16
hsa-miR-33a-5p,ZFHX4
hsa-miR-33a-5p,GAS1
hsa-miR-33a-5p,ABCA1
hsa-miR-33a-5p,RIC1
hsa-miR-33a-5p,SPIN1
hsa-miR-33a-5p,FAM120A
hsa-miR-33a-5p,PALM2AKAP2
hsa-miR-33a-5p,CDK16
hsa-miR-33b-5p,ZNF281
hsa-miR-33b-5p,SKI
hsa-miR-33b-5p,KIF1B
hsa-miR-33b-5p,NFIA
hsa-miR-33b-5p,S1PR1
hsa-miR-33b-5p,PTGFRN
hsa-miR-33b-5p,SYT11
hsa-miR-33b-5p,ATP1B1
hsa-miR-33b-5p,GDI2
hsa-miR-33b-5p,TM9SF3
hsa-miR-33b-5p,ARID5B
hsa-miR-33b-5p,SHANK2
hsa-miR-33b-5p,LDHA
hsa-miR-33b-5p,ZC3H12C
hsa-miR-33b-5p,DUSP6
hsa-miR-33b-5p,SPPL3
hsa-miR-33b-5p,RASSF8
hsa-miR-33b-5p,HMGA2
hsa-miR-33b-5p,TBC1D15
hsa-miR-33b-5p,IRS2
hsa-miR-33b-5p,PCNX1
hsa-miR-33b-5p,CLPX
hsa-miR-33b-5p,SEMA7A
hsa-miR-33b-5p,MORF4L1
hsa-miR-33b-5p,SMG1
hsa-miR-33b-5p,GSE1
hsa-miR-33b-5p,NUFIP2
hsa-miR-33b-5p,APPBP2
hsa-miR-33b-5p,DDX5
hsa-miR-33b-5p,CSNK1D
hsa-miR-33b-5p,NPC1
hsa-miR-33b-5p,SMAD7
hsa-miR-33b-5p,BTBD2
hsa-miR-33b-5p,AXL
hsa-miR-33b-5p,SATB2
hsa-miR-33b-5p,HADHB
hsa-miR-33b-5p,MTHFD2
hsa-miR-33b-5p,RMND5A
hsa-miR-33b-5p,MAP4K4
hsa-miR-33b-5p,BTBD3
hsa-miR-33b-5p,SIK1
hsa-miR-33b-5p,BACH1
hsa-miR-33b-5p,YWHAH
hsa-miR-33b-5p,PIM3
hsa-miR-33b-5p,SHISA5
hsa-miR-33b-5p,SNRK
hsa-miR-33b-5p,SELENOT
hsa-miR-33b-5p,SETD7
hsa-miR-33b-5p,CPEB2
hsa-miR-33b-5p,PRKAA1
hsa-miR-33b-5p,TMED7
hsa-miR-33b-5p,ZSWIM6
hsa-miR-33b-5p,HMGCR
hsa-miR-33b-5p,VCAN
hsa-miR-33b-5p,NCOA7
hsa-miR-33b-5p,QKI
hsa-miR-33b-5p,TES
hsa-miR-33b-5p,MMP16
hsa-miR-33b-5p,ZFHX4
hsa-miR-33b-5p,GAS1
hsa-miR-33b-5p,ABCA1
hsa-miR-33b-5p,RIC1
hsa-miR-33b-5p,SPIN1
hsa-miR-33b-5p,FAM120A
hsa-miR-33b-5p,PALM2AKAP2
hsa-miR-33b-5p,CDK16
hsa-miR-340-5p,ID3
hsa-miR-340-5p,PUM1
hsa-miR-340-5p,SLC2A1
hsa-miR-340-5p,JAK1
hsa-miR-340-5p,SERBP1
hsa-miR-340-5p,F3
hsa-miR-340-5p,RHOC
hsa-miR-340-5p,ANP32E
hsa-miR-340-5p,C1orf43
hsa-miR-340-5p,EDEM3
hsa-miR-340-5p,NUCKS1
hsa-miR-340-5p,YOD1
hsa-miR-340-5p,LBR
hsa-miR-340-5p,HNRNPU
hsa-miR-340-5p,SZRD1
hsa-miR-340-5p,MACF1
hsa-miR-340-5p,LEPROT
hsa-miR-340-5p,HS2ST1
hsa-miR-340-5p,RAP1A
hsa-miR-340-5p,HIPK1
hsa-miR-340-5p,UHMK1
hsa-miR-340-5p,RGS4
hsa-miR-340-5p,ATP1B1
hsa-miR-340-5p,LAMC1
hsa-miR-340-5p,KCNK1
hsa-miR-340-5p,DESI2
hsa-miR-340-5p,SVIL
hsa-miR-340-5p,JCAD
hsa-miR-340-5p,IPMK
hsa-miR-340-5p,ZNF503
hsa-miR-340-5p,ATAD1
hsa-miR-340-5p,TM9SF3
hsa-miR-340-5p,MCMBP
hsa-miR-340-5p,ARL5B
hsa-miR-340-5p,UBE2D1
hsa-miR-340-5p,TFAM
hsa-miR-340-5p,HNRNPH3
hsa-miR-340-5p,TSPAN14
hsa-miR-340-5p,TNKS2
hsa-miR-340-5p,LCOR
hsa-miR-340-5p,SLK
hsa-miR-340-5p,SHOC2
hsa-miR-340-5p,RNH1
hsa-miR-340-5p,PIK3C2A
hsa-miR-340-5p,LIN7C
hsa-miR-340-5p,TNKS1BP1
hsa-miR-340-5p,NPAT
hsa-miR-340-5p,POGLUT3
hsa-miR-340-5p,FAR1
hsa-miR-340-5p,QSER1
hsa-miR-340-5p,CRY2
hsa-miR-340-5p,MED17
hsa-miR-340-5p,AP001273.2
hsa-miR-340-5p,ZC3H12C
hsa-miR-340-5p,CD69
hsa-miR-340-5p,C2CD5
hsa-miR-340-5p,KMT2D
hsa-miR-340-5p,BAZ2A
hsa-miR-340-5p,PTPRB
hsa-miR-340-5p,E2F7
hsa-miR-340-5p,PPTC7
hsa-miR-340-5p,ADIPOR2
hsa-miR-340-5p,EMP1
hsa-miR-340-5p,ATF7IP
hsa-miR-340-5p,XPOT
hsa-miR-340-5p,RAB21
hsa-miR-340-5p,ELK3
hsa-miR-340-5p,MZT1
hsa-miR-340-5p,FBXL3
hsa-miR-340-5p,ATP11A
hsa-miR-340-5p,STRN3
hsa-miR-340-5p,ZFYVE26
hsa-miR-340-5p,IRF9
hsa-miR-340-5p,FRMD6
hsa-miR-340-5p,HIF1A
hsa-miR-340-5p,EHD4
hsa-miR-340-5p,FBN1
hsa-miR-340-5p,MYO1E
hsa-miR-340-5p,BNIP2
hsa-miR-340-5p,TSPAN3
hsa-miR-340-5p,B2M
hsa-miR-340-5p,MAPK6
hsa-miR-340-5p,RCN2
hsa-miR-340-5p,LUC7L
hsa-miR-340-5p,FBXL16
hsa-miR-340-5p,UNKL
hsa-miR-340-5p,SHCBP1
hsa-miR-340-5p,RBBP6
hsa-miR-340-5p,HERPUD1
hsa-miR-340-5p,DDX5
hsa-miR-340-5p,SUMO2
hsa-miR-340-5p,H3-3B
hsa-miR-340-5p,SOCS3
hsa-miR-340-5p,UBE2Z
hsa-miR-340-5p,ROCK1
hsa-miR-340-5p,ZNF24
hsa-miR-340-5p,RPRD1A
hsa-miR-340-5p,SMAD7
hsa-miR-340-5p,TCF4
hsa-miR-340-5p,GATA6
hsa-miR-340-5p,PMAIP1
hsa-miR-340-5p,DNAJB1
hsa-miR-340-5p,PUM2
hsa-miR-340-5p,ZFP36L2
hsa-miR-340-5p,SERTAD2
hsa-miR-340-5p,MAP3K2
hsa-miR-340-5p,DARS1
hsa-miR-340-5p,ARL5A
hsa-miR-340-5p,FIGN
hsa-miR-340-5p,NFE2L2
hsa-miR-340-5p,EPAS1
hsa-miR-340-5p,MAT2A
hsa-miR-340-5p,SOWAHC
hsa-miR-340-5p,ACTR3
hsa-miR-340-5p,SCN2A
hsa-miR-340-5p,UBR3
hsa-miR-340-5p,AGPS
hsa-miR-340-5p,PLEKHA3
hsa-miR-340-5p,PLAGL2
hsa-miR-340-5p,SERINC3
hsa-miR-340-5p,STK35
hsa-miR-340-5p,PRNP
hsa-miR-340-5p,TGIF2
hsa-miR-340-5p,ADAMTS1
hsa-miR-340-5p,BRD1
hsa-miR-340-5p,CMTM6
hsa-miR-340-5p,SHISA5
hsa-miR-340-5p,RHOA
hsa-miR-340-5p,PLXND1
hsa-miR-340-5p,ATP13A3
hsa-miR-340-5p,UBXN7
hsa-miR-340-5p,SLC6A6
hsa-miR-340-5p,APPL1
hsa-miR-340-5p,ALCAM
hsa-miR-340-5p,U2SURP
hsa-miR-340-5p,SELENOT
hsa-miR-340-5p,MED12L
hsa-miR-340-5p,PDS5A
hsa-miR-340-5p,SCARB2
hsa-miR-340-5p,PAQR3
hsa-miR-340-5p,TBC1D9
hsa-miR-340-5p,OTUD4
hsa-miR-340-5p,MED28
hsa-miR-340-5p,KLF3
hsa-miR-340-5p,PDGFRA
hsa-miR-340-5p,GUCY1B1
hsa-miR-340-5p,SPCS3
hsa-miR-340-5p,SMIM15
hsa-miR-340-5p,TMEM167A
hsa-miR-340-5p,AFF4
hsa-miR-340-5p,GFPT2
hsa-miR-340-5p,VCAN
hsa-miR-340-5p,PPIP5K2
hsa-miR-340-5p,MAML1
hsa-miR-340-5p,DEK
hsa-miR-340-5p,SYNCRIP
hsa-miR-340-5p,SNX3
hsa-miR-340-5p,REV3L
hsa-miR-340-5p,HIVEP2
hsa-miR-340-5p,FBXO30
hsa-miR-340-5p,RBM24
hsa-miR-340-5p,PTP4A1
hsa-miR-340-5p,AL135905.2
hsa-miR-340-5p,AMD1
hsa-miR-340-5p,POLR1F
hsa-miR-340-5p,FAM126A
hsa-miR-340-5p,HOXA10
hsa-miR-340-5p,HERPUD2
hsa-miR-340-5p,KIAA0895
hsa-miR-340-5p,IGFBP3
hsa-miR-340-5p,PDK4
hsa-miR-340-5p,TMEM106B
hsa-miR-340-5p,ARL4A
hsa-miR-340-5p,AHR
hsa-miR-340-5p,TMEM248
hsa-miR-340-5p,ANKIB1
hsa-miR-340-5p,MET
hsa-miR-340-5p,MFHAS1
hsa-miR-340-5p,SLC20A2
hsa-miR-340-5p,RUNX1T1
hsa-miR-340-5p,KLF10
hsa-miR-340-5p,LRP12
hsa-miR-340-5p,AGPAT5
hsa-miR-340-5p,MTMR9
hsa-miR-340-5p,DDHD2
hsa-miR-340-5p,YTHDF3
hsa-miR-340-5p,ZBTB10
hsa-miR-340-5p,TMEM245
hsa-miR-340-5p,NRARP
hsa-miR-340-5p,SPIN1
hsa-miR-340-5p,NEK6
hsa-miR-340-5p,ZBTB34
hsa-miR-340-5p,EIF1AX
hsa-miR-340-5p,BCOR
hsa-miR-340-5p,MED14
hsa-miR-340-5p,SLITRK4
hsa-miR-340-5p,RAB9A
hsa-miR-340-5p,XIAP
hsa-miR-342-3p,SLC16A1
hsa-miR-342-3p,KPNA6
hsa-miR-342-3p,AKIRIN1
hsa-miR-342-3p,RGS4
hsa-miR-342-3p,DNM3
hsa-miR-342-3p,KDM2A
hsa-miR-342-3p,KMT2A
hsa-miR-342-3p,GXYLT1
hsa-miR-342-3p,CFL2
hsa-miR-342-3p,GSPT1
hsa-miR-342-3p,KDM6B
hsa-miR-342-3p,PKDCC
hsa-miR-342-3p,MAP3K20
hsa-miR-342-3p,BMPR2
hsa-miR-342-3p,BCL2L1
hsa-miR-342-3p,SNAP25
hsa-miR-342-3p,TASOR
hsa-miR-342-3p,AP2M1
hsa-miR-342-3p,OTUD4
hsa-miR-342-3p,AFP
hsa-miR-342-3p,P4HA2
hsa-miR-342-3p,NSD1
hsa-miR-342-3p,ID4
hsa-miR-342-3p,ZBTB5
hsa-miR-342-3p,ZDHHC9
hsa-miR-342-3p,DDX3X
hsa-miR-342-3p,EDA
hsa-miR-342-3p,ARMCX3
hsa-miR-346,SZRD1
hsa-miR-346,KCNC4
hsa-miR-346,IER5
hsa-miR-346,KMT2D
hsa-miR-346,CSNK1D
hsa-miR-346,MEMO1
hsa-miR-346,BAZ2B
hsa-miR-346,MBNL1
hsa-miR-346,NFIB
hsa-miR-34a-5p,UBR4
hsa-miR-34a-5p,NOTCH2
hsa-miR-34a-5p,APH1A
hsa-miR-34a-5p,POGZ
hsa-miR-34a-5p,ZNF281
hsa-miR-34a-5p,ARID4B
hsa-miR-34a-5p,SPEN
hsa-miR-34a-5p,PDE4B
hsa-miR-34a-5p,PEA15
hsa-miR-34a-5p,MDM4
hsa-miR-34a-5p,SHOC2
hsa-miR-34a-5p,LGR4
hsa-miR-34a-5p,ARHGAP1
hsa-miR-34a-5p,FOSL1
hsa-miR-34a-5p,NECTIN1
hsa-miR-34a-5p,LDHA
hsa-miR-34a-5p,TMEM109
hsa-miR-34a-5p,PACS1
hsa-miR-34a-5p,CCND1
hsa-miR-34a-5p,CORO1C
hsa-miR-34a-5p,VPS37B
hsa-miR-34a-5p,STK38L
hsa-miR-34a-5p,HNRNPA1
hsa-miR-34a-5p,MBD6
hsa-miR-34a-5p,ATXN7L3B
hsa-miR-34a-5p,SYT1
hsa-miR-34a-5p,MIDEAS
hsa-miR-34a-5p,YY1
hsa-miR-34a-5p,ARPP19
hsa-miR-34a-5p,ADAM10
hsa-miR-34a-5p,SEMA4B
hsa-miR-34a-5p,ALDOA
hsa-miR-34a-5p,AC093512.2
hsa-miR-34a-5p,VAMP2
hsa-miR-34a-5p,FLOT2
hsa-miR-34a-5p,VAT1
hsa-miR-34a-5p,ZNF207
hsa-miR-34a-5p,NFE2L1
hsa-miR-34a-5p,DNAJB1
hsa-miR-34a-5p,NUMBL
hsa-miR-34a-5p,EVI5L
hsa-miR-34a-5p,AXL
hsa-miR-34a-5p,SEMA4C
hsa-miR-34a-5p,MGAT4A
hsa-miR-34a-5p,MYCN
hsa-miR-34a-5p,CERS6
hsa-miR-34a-5p,GORASP2
hsa-miR-34a-5p,MYH9
hsa-miR-34a-5p,DDX17
hsa-miR-34a-5p,SEPTIN3
hsa-miR-34a-5p,FOXP1
hsa-miR-34a-5p,FNDC3B
hsa-miR-34a-5p,PGRMC2
hsa-miR-34a-5p,PDGFRA
hsa-miR-34a-5p,CHD1
hsa-miR-34a-5p,NSD1
hsa-miR-34a-5p,WASF1
hsa-miR-34a-5p,E2F3
hsa-miR-34a-5p,SOX4
hsa-miR-34a-5p,TNRC18
hsa-miR-34a-5p,HOXA13
hsa-miR-34a-5p,PODXL
hsa-miR-34a-5p,CHST12
hsa-miR-34a-5p,MET
hsa-miR-34a-5p,ZNF282
hsa-miR-34a-5p,TPD52
hsa-miR-34a-5p,PKIA
hsa-miR-34a-5p,E2F5
hsa-miR-34a-5p,GAS1
hsa-miR-34a-5p,PGAP4
hsa-miR-34a-5p,NOTCH1
hsa-miR-34a-5p,SCML2
hsa-miR-34a-5p,AMER1
hsa-miR-34a-5p,ACSL4
hsa-miR-34c-5p,UBR4
hsa-miR-34c-5p,NOTCH2
hsa-miR-34c-5p,APH1A
hsa-miR-34c-5p,POGZ
hsa-miR-34c-5p,ZNF281
hsa-miR-34c-5p,ARID4B
hsa-miR-34c-5p,SPEN
hsa-miR-34c-5p,PDE4B
hsa-miR-34c-5p,PEA15
hsa-miR-34c-5p,MDM4
hsa-miR-34c-5p,VCL
hsa-miR-34c-5p,SHOC2
hsa-miR-34c-5p,LGR4
hsa-miR-34c-5p,ARHGAP1
hsa-miR-34c-5p,FOSL1
hsa-miR-34c-5p,NECTIN1
hsa-miR-34c-5p,LDHA
hsa-miR-34c-5p,TMEM109
hsa-miR-34c-5p,PACS1
hsa-miR-34c-5p,CCND1
hsa-miR-34c-5p,VPS37B
hsa-miR-34c-5p,STK38L
hsa-miR-34c-5p,HNRNPA1
hsa-miR-34c-5p,MBD6
hsa-miR-34c-5p,ATXN7L3B
hsa-miR-34c-5p,SYT1
hsa-miR-34c-5p,MIDEAS
hsa-miR-34c-5p,YY1
hsa-miR-34c-5p,ARPP19
hsa-miR-34c-5p,ADAM10
hsa-miR-34c-5p,SEMA4B
hsa-miR-34c-5p,CBFA2T3
hsa-miR-34c-5p,ALDOA
hsa-miR-34c-5p,AC093512.2
hsa-miR-34c-5p,VAMP2
hsa-miR-34c-5p,FLOT2
hsa-miR-34c-5p,VAT1
hsa-miR-34c-5p,NFE2L1
hsa-miR-34c-5p,MTCL1
hsa-miR-34c-5p,DNAJB1
hsa-miR-34c-5p,NUMBL
hsa-miR-34c-5p,EVI5L
hsa-miR-34c-5p,AXL
hsa-miR-34c-5p,SEMA4C
hsa-miR-34c-5p,MGAT4A
hsa-miR-34c-5p,MYCN
hsa-miR-34c-5p,CERS6
hsa-miR-34c-5p,MYH9
hsa-miR-34c-5p,DDX17
hsa-miR-34c-5p,FOXP1
hsa-miR-34c-5p,TBL1XR1
hsa-miR-34c-5p,FNDC3B
hsa-miR-34c-5p,PGRMC2
hsa-miR-34c-5p,PDGFRA
hsa-miR-34c-5p,PALLD
hsa-miR-34c-5p,CHD1
hsa-miR-34c-5p,NSD1
hsa-miR-34c-5p,WASF1
hsa-miR-34c-5p,E2F3
hsa-miR-34c-5p,SOX4
hsa-miR-34c-5p,TNRC18
hsa-miR-34c-5p,HOXA13
hsa-miR-34c-5p,PODXL
hsa-miR-34c-5p,CHST12
hsa-miR-34c-5p,FOXP2
hsa-miR-34c-5p,MET
hsa-miR-34c-5p,ZNF282
hsa-miR-34c-5p,TPD52
hsa-miR-34c-5p,E2F5
hsa-miR-34c-5p,GAS1
hsa-miR-34c-5p,PGAP4
hsa-miR-34c-5p,NOTCH1
hsa-miR-34c-5p,SCML2
hsa-miR-34c-5p,AMER1
hsa-miR-34c-5p,ACSL4
hsa-miR-361-5p,EPB41
hsa-miR-361-5p,PDE4B
hsa-miR-361-5p,DR1
hsa-miR-361-5p,ARCN1
hsa-miR-361-5p,SC5D
hsa-miR-361-5p,SP1
hsa-miR-361-5p,ARGLU1
hsa-miR-361-5p,HSP90AA1
hsa-miR-361-5p,CREBBP
hsa-miR-361-5p,DYNC1LI2
hsa-miR-361-5p,ZNF24
hsa-miR-361-5p,CALM3
hsa-miR-361-5p,RAB3GAP1
hsa-miR-361-5p,MYH9
hsa-miR-361-5p,CPOX
hsa-miR-361-5p,GOLGA4
hsa-miR-361-5p,RCHY1
hsa-miR-361-5p,HMGB2
hsa-miR-361-5p,RNF4
hsa-miR-361-5p,UBE2K
hsa-miR-361-5p,P4HA2
hsa-miR-361-5p,LMBR1
hsa-miR-361-5p,TMEM106B
hsa-miR-361-5p,MET
hsa-miR-361-5p,TMEM64
hsa-miR-361-5p,ZBTB10
hsa-miR-361-5p,DDX3X
hsa-miR-361-5p,BCORL1
hsa-miR-362-3p,CAPZB
hsa-miR-362-3p,SRSF4
hsa-miR-362-3p,TARDBP
hsa-miR-362-3p,SPEN
hsa-miR-362-3p,PRKACB
hsa-miR-362-3p,HIPK1
hsa-miR-362-3p,ZBTB18
hsa-miR-362-3p,SLF2
hsa-miR-362-3p,AHNAK
hsa-miR-362-3p,PTPRJ
hsa-miR-362-3p,SSH1
hsa-miR-362-3p,ERH
hsa-miR-362-3p,IRF2BPL
hsa-miR-362-3p,PABPN1
hsa-miR-362-3p,BCL2L2-PABPN1
hsa-miR-362-3p,PTPN9
hsa-miR-362-3p,SMAD6
hsa-miR-362-3p,ALDOA
hsa-miR-362-3p,AC093512.2
hsa-miR-362-3p,MSL1
hsa-miR-362-3p,DYNLL2
hsa-miR-362-3p,NCKAP1
hsa-miR-362-3p,LBH
hsa-miR-362-3p,CSNK2A1
hsa-miR-362-3p,E2F1
hsa-miR-362-3p,BLCAP
hsa-miR-362-3p,BMP2
hsa-miR-362-3p,PTPN1
hsa-miR-362-3p,TOB2
hsa-miR-362-3p,WDR82
hsa-miR-362-3p,RAB6B
hsa-miR-362-3p,TATDN2
hsa-miR-362-3p,SLC6A6
hsa-miR-362-3p,PCGF3
hsa-miR-362-3p,PDE4D
hsa-miR-362-3p,KIF2A
hsa-miR-362-3p,CPEB4
hsa-miR-362-3p,ATXN1
hsa-miR-362-3p,BCLAF1
hsa-miR-362-3p,PRPF4B
hsa-miR-362-3p,SOX4
hsa-miR-362-3p,SLC35A1
hsa-miR-362-3p,GIGYF1
hsa-miR-362-3p,TMEM245
hsa-miR-362-3p,KDM5C
hsa-miR-363-3p,SLC9A1
hsa-miR-363-3p,BSDC1
hsa-miR-363-3p,MCOLN2
hsa-miR-363-3p,RSBN1
hsa-miR-363-3p,NRAS
hsa-miR-363-3p,ANP32E
hsa-miR-363-3p,GATAD2B
hsa-miR-363-3p,DENND4B
hsa-miR-363-3p,MEF2D
hsa-miR-363-3p,DSTYK
hsa-miR-363-3p,HNRNPU
hsa-miR-363-3p,SKI
hsa-miR-363-3p,OTUD3
hsa-miR-363-3p,CDC42
hsa-miR-363-3p,ELOA
hsa-miR-363-3p,PPCS
hsa-miR-363-3p,NFIA
hsa-miR-363-3p,MTF2
hsa-miR-363-3p,SLC30A7
hsa-miR-363-3p,KCNC4
hsa-miR-363-3p,HIPK1
hsa-miR-363-3p,DCAF6
hsa-miR-363-3p,RGL1
hsa-miR-363-3p,BTG2
hsa-miR-363-3p,ATP2B4
hsa-miR-363-3p,MIA3
hsa-miR-363-3p,ARF1
hsa-miR-363-3p,ZBTB18
hsa-miR-363-3p,KLF6
hsa-miR-363-3p,KIF5B
hsa-miR-363-3p,SPOCK2
hsa-miR-363-3p,DNAJB12
hsa-miR-363-3p,SH3PXD2A
hsa-miR-363-3p,CCDC186
hsa-miR-363-3p,MLLT10
hsa-miR-363-3p,ARID5B
hsa-miR-363-3p,KIFBP
hsa-miR-363-3p,DDIT4
hsa-miR-363-3p,VCL
hsa-miR-363-3p,PTEN
hsa-miR-363-3p,DUSP5
hsa-miR-363-3p,ADRB1
hsa-miR-363-3p,FAM160B1
hsa-miR-363-3p,PLEKHA1
hsa-miR-363-3p,RNF141
hsa-miR-363-3p,EIF4G2
hsa-miR-363-3p,DKK3
hsa-miR-363-3p,KMT5B
hsa-miR-363-3p,SESN3
hsa-miR-363-3p,SRPRA
hsa-miR-363-3p,ADM
hsa-miR-363-3p,TEAD1
hsa-miR-363-3p,FAR1
hsa-miR-363-3p,QSER1
hsa-miR-363-3p,HIPK3
hsa-miR-363-3p,PTPRJ
hsa-miR-363-3p,ZDHHC5
hsa-miR-363-3p,RPS6KA4
hsa-miR-363-3p,GRAMD1B
hsa-miR-363-3p,CD69
hsa-miR-363-3p,ERGIC2
hsa-miR-363-3p,SCAF11
hsa-miR-363-3p,SLC38A2
hsa-miR-363-3p,LMBR1L
hsa-miR-363-3p,ITGA5
hsa-miR-363-3p,GNS
hsa-miR-363-3p,ZFC3H1
hsa-miR-363-3p,PAWR
hsa-miR-363-3p,PPP1R12A
hsa-miR-363-3p,PITPNM2
hsa-miR-363-3p,GOLGA3
hsa-miR-363-3p,P3H3
hsa-miR-363-3p,NECAP1
hsa-miR-363-3p,HOXC8
hsa-miR-363-3p,SPRYD4
hsa-miR-363-3p,CAND1
hsa-miR-363-3p,DYRK2
hsa-miR-363-3p,RAP1B
hsa-miR-363-3p,ATP2A2
hsa-miR-363-3p,LATS2
hsa-miR-363-3p,DOCK9
hsa-miR-363-3p,IRS2
hsa-miR-363-3p,PDS5B
hsa-miR-363-3p,LRCH1
hsa-miR-363-3p,ITM2B
hsa-miR-363-3p,CNIH1
hsa-miR-363-3p,EXOC5
hsa-miR-363-3p,BCL11B
hsa-miR-363-3p,PAX9
hsa-miR-363-3p,SNAPC1
hsa-miR-363-3p,TECPR2
hsa-miR-363-3p,ZFYVE21
hsa-miR-363-3p,GOLGA8A
hsa-miR-363-3p,GOLGA8B
hsa-miR-363-3p,TMEM87A
hsa-miR-363-3p,FBN1
hsa-miR-363-3p,ADAM10
hsa-miR-363-3p,NPTN
hsa-miR-363-3p,PEAK1
hsa-miR-363-3p,RAB8B
hsa-miR-363-3p,SMAD6
hsa-miR-363-3p,GLCE
hsa-miR-363-3p,ARRDC4
hsa-miR-363-3p,GLYR1
hsa-miR-363-3p,RRN3
hsa-miR-363-3p,SMG1
hsa-miR-363-3p,PHLPP2
hsa-miR-363-3p,ZFHX3
hsa-miR-363-3p,SNN
hsa-miR-363-3p,CNEP1R1
hsa-miR-363-3p,RBL2
hsa-miR-363-3p,PITPNA
hsa-miR-363-3p,MYO18A
hsa-miR-363-3p,TIAF1
hsa-miR-363-3p,CDC27
hsa-miR-363-3p,TOB1
hsa-miR-363-3p,ACOX1
hsa-miR-363-3p,MAP2K4
hsa-miR-363-3p,NLK
hsa-miR-363-3p,NF1
hsa-miR-363-3p,MSL1
hsa-miR-363-3p,EIF1
hsa-miR-363-3p,UBE2Z
hsa-miR-363-3p,XYLT2
hsa-miR-363-3p,SLC39A6
hsa-miR-363-3p,SMAD7
hsa-miR-363-3p,VPS4B
hsa-miR-363-3p,TGIF1
hsa-miR-363-3p,GATA6
hsa-miR-363-3p,REXO1
hsa-miR-363-3p,PIP5K1C
hsa-miR-363-3p,RHPN2
hsa-miR-363-3p,CEBPA
hsa-miR-363-3p,SERTAD3
hsa-miR-363-3p,BCAT2
hsa-miR-363-3p,PPP1R12C
hsa-miR-363-3p,HCN2
hsa-miR-363-3p,KLF2
hsa-miR-363-3p,MED29
hsa-miR-363-3p,AXL
hsa-miR-363-3p,CIC
hsa-miR-363-3p,PPP1R37
hsa-miR-363-3p,DNAJC27
hsa-miR-363-3p,DPY30
hsa-miR-363-3p,BCL11A
hsa-miR-363-3p,SERTAD2
hsa-miR-363-3p,AFF3
hsa-miR-363-3p,FHL2
hsa-miR-363-3p,IDH1
hsa-miR-363-3p,PER2
hsa-miR-363-3p,PKDCC
hsa-miR-363-3p,SOCS5
hsa-miR-363-3p,FOXN2
hsa-miR-363-3p,MTHFD2
hsa-miR-363-3p,CNNM4
hsa-miR-363-3p,BCL2L11
hsa-miR-363-3p,PLEKHB2
hsa-miR-363-3p,UBXN4
hsa-miR-363-3p,ITGA6
hsa-miR-363-3p,ITPRID2
hsa-miR-363-3p,ITGAV
hsa-miR-363-3p,C2orf69
hsa-miR-363-3p,BMPR2
hsa-miR-363-3p,PIKFYVE
hsa-miR-363-3p,ARPC2
hsa-miR-363-3p,AURKA
hsa-miR-363-3p,PMEPA1
hsa-miR-363-3p,PPP1R3D
hsa-miR-363-3p,ARFGEF2
hsa-miR-363-3p,C21orf91
hsa-miR-363-3p,SYNJ1
hsa-miR-363-3p,SIK1
hsa-miR-363-3p,MORC3
hsa-miR-363-3p,CHCHD10
hsa-miR-363-3p,MYH9
hsa-miR-363-3p,JOSD1
hsa-miR-363-3p,TOB2
hsa-miR-363-3p,NF2
hsa-miR-363-3p,PDHB
hsa-miR-363-3p,GATA2
hsa-miR-363-3p,TBL1XR1
hsa-miR-363-3p,ITPR1
hsa-miR-363-3p,EDEM1
hsa-miR-363-3p,SETD5
hsa-miR-363-3p,KAT2B
hsa-miR-363-3p,RPL15
hsa-miR-363-3p,GOLGA4
hsa-miR-363-3p,BSN
hsa-miR-363-3p,APPL1
hsa-miR-363-3p,GAP43
hsa-miR-363-3p,SELENOT
hsa-miR-363-3p,CLDN11
hsa-miR-363-3p,FNDC3B
hsa-miR-363-3p,FXR1
hsa-miR-363-3p,LPP
hsa-miR-363-3p,RBM47
hsa-miR-363-3p,G3BP2
hsa-miR-363-3p,SH3D19
hsa-miR-363-3p,HAND2
hsa-miR-363-3p,PCGF3
hsa-miR-363-3p,RNF4
hsa-miR-363-3p,CPEB2
hsa-miR-363-3p,KLF3
hsa-miR-363-3p,KIAA1109
hsa-miR-363-3p,PALLD
hsa-miR-363-3p,GALNT7
hsa-miR-363-3p,MIER3
hsa-miR-363-3p,LHFPL2
hsa-miR-363-3p,ARRDC3
hsa-miR-363-3p,FNIP1
hsa-miR-363-3p,GFPT2
hsa-miR-363-3p,TENT4A
hsa-miR-363-3p,TRIO
hsa-miR-363-3p,MAP1B
hsa-miR-363-3p,TNPO1
hsa-miR-363-3p,JMY
hsa-miR-363-3p,MAN2A1
hsa-miR-363-3p,GRAMD2B
hsa-miR-363-3p,C5orf24
hsa-miR-363-3p,CPEB4
hsa-miR-363-3p,C6orf62
hsa-miR-363-3p,TENT5A
hsa-miR-363-3p,IBTK
hsa-miR-363-3p,CCNC
hsa-miR-363-3p,REV3L
hsa-miR-363-3p,NUP43
hsa-miR-363-3p,WRNIP1
hsa-miR-363-3p,HIVEP1
hsa-miR-363-3p,JARID2
hsa-miR-363-3p,MYLIP
hsa-miR-363-3p,E2F3
hsa-miR-363-3p,SOX4
hsa-miR-363-3p,CD2AP
hsa-miR-363-3p,COL19A1
hsa-miR-363-3p,FAM135A
hsa-miR-363-3p,TULP4
hsa-miR-363-3p,HOXA9
hsa-miR-363-3p,DNAJC30
hsa-miR-363-3p,WASL
hsa-miR-363-3p,SLC37A3
hsa-miR-363-3p,CCT6A
hsa-miR-363-3p,PHTF2
hsa-miR-363-3p,COL1A2
hsa-miR-363-3p,CASD1
hsa-miR-363-3p,DNAJB9
hsa-miR-363-3p,KLHDC10
hsa-miR-363-3p,INSIG1
hsa-miR-363-3p,MFHAS1
hsa-miR-363-3p,PCMTD1
hsa-miR-363-3p,ASPH
hsa-miR-363-3p,UBE2W
hsa-miR-363-3p,CCNE2
hsa-miR-363-3p,SLC25A32
hsa-miR-363-3p,AC012213.5
hsa-miR-363-3p,RAD21
hsa-miR-363-3p,MTMR9
hsa-miR-363-3p,ATP6V1B2
hsa-miR-363-3p,DDHD2
hsa-miR-363-3p,SGK3
hsa-miR-363-3p,ZFHX4
hsa-miR-363-3p,SDC2
hsa-miR-363-3p,EFR3A
hsa-miR-363-3p,NFIB
hsa-miR-363-3p,RNF38
hsa-miR-363-3p,KLF4
hsa-miR-363-3p,RAB14
hsa-miR-363-3p,RIC1
hsa-miR-363-3p,LURAP1L
hsa-miR-363-3p,STX17
hsa-miR-363-3p,RGS3
hsa-miR-363-3p,DAB2IP
hsa-miR-363-3p,COL5A1
hsa-miR-363-3p,KLHL15
hsa-miR-363-3p,ATRX
hsa-miR-363-3p,DDX3X
hsa-miR-363-3p,CDK16
hsa-miR-363-3p,TAF1
hsa-miR-363-3p,LONRF3
hsa-miR-365a-3p,E2F2
hsa-miR-365a-3p,PIK3R3
hsa-miR-365a-3p,MCOLN2
hsa-miR-365a-3p,ZNF644
hsa-miR-365a-3p,ADAR
hsa-miR-365a-3p,RIT1
hsa-miR-365a-3p,MEX3A
hsa-miR-365a-3p,YTHDF2
hsa-miR-365a-3p,BTF3L4
hsa-miR-365a-3p,NFIA
hsa-miR-365a-3p,BTG2
hsa-miR-365a-3p,DCUN1D5
hsa-miR-365a-3p,HSPA8
hsa-miR-365a-3p,ETS1
hsa-miR-365a-3p,ADM
hsa-miR-365a-3p,PTPRJ
hsa-miR-365a-3p,MARK2
hsa-miR-365a-3p,KMT2D
hsa-miR-365a-3p,VPS36
hsa-miR-365a-3p,CHD8
hsa-miR-365a-3p,OAZ2
hsa-miR-365a-3p,CHP1
hsa-miR-365a-3p,TMOD3
hsa-miR-365a-3p,ANKRD11
hsa-miR-365a-3p,SSH2
hsa-miR-365a-3p,BCL2
hsa-miR-365a-3p,ACVR1
hsa-miR-365a-3p,SATB2
hsa-miR-365a-3p,PLEKHB2
hsa-miR-365a-3p,LSM14B
hsa-miR-365a-3p,SYNJ1
hsa-miR-365a-3p,YWHAH
hsa-miR-365a-3p,VGLL4
hsa-miR-365a-3p,UBP1
hsa-miR-365a-3p,WNT5A
hsa-miR-365a-3p,ZNF148
hsa-miR-365a-3p,ATP13A3
hsa-miR-365a-3p,NR1D2
hsa-miR-365a-3p,SNRK
hsa-miR-365a-3p,QTRT2
hsa-miR-365a-3p,PRKCI
hsa-miR-365a-3p,FNDC3B
hsa-miR-365a-3p,ANKRD17
hsa-miR-365a-3p,NR3C2
hsa-miR-365a-3p,KLF3
hsa-miR-365a-3p,LYSMD3
hsa-miR-365a-3p,MACROH2A1
hsa-miR-365a-3p,REV3L
hsa-miR-365a-3p,MYLIP
hsa-miR-365a-3p,PRDM1
hsa-miR-365a-3p,HOXA9
hsa-miR-365a-3p,SYPL1
hsa-miR-365a-3p,RHEB
hsa-miR-365a-3p,RAC1
hsa-miR-365a-3p,PEG10
hsa-miR-365a-3p,KMT2E
hsa-miR-365a-3p,FAM91A1
hsa-miR-365a-3p,NFIB
hsa-miR-365a-3p,PSIP1
hsa-miR-365a-3p,LAMP2
hsa-miR-367-3p,SLC9A1
hsa-miR-367-3p,BSDC1
hsa-miR-367-3p,MCOLN2
hsa-miR-367-3p,RSBN1
hsa-miR-367-3p,NRAS
hsa-miR-367-3p,ANP32E
hsa-miR-367-3p,GATAD2B
hsa-miR-367-3p,DENND4B
hsa-miR-367-3p,MEF2D
hsa-miR-367-3p,DSTYK
hsa-miR-367-3p,HNRNPU
hsa-miR-367-3p,SKI
hsa-miR-367-3p,OTUD3
hsa-miR-367-3p,CDC42
hsa-miR-367-3p,ELOA
hsa-miR-367-3p,PPCS
hsa-miR-367-3p,NFIA
hsa-miR-367-3p,MTF2
hsa-miR-367-3p,SLC30A7
hsa-miR-367-3p,KCNC4
hsa-miR-367-3p,HIPK1
hsa-miR-367-3p,DCAF6
hsa-miR-367-3p,RGL1
hsa-miR-367-3p,BTG2
hsa-miR-367-3p,ATP2B4
hsa-miR-367-3p,MIA3
hsa-miR-367-3p,ARF1
hsa-miR-367-3p,ZBTB18
hsa-miR-367-3p,KLF6
hsa-miR-367-3p,KIF5B
hsa-miR-367-3p,SPOCK2
hsa-miR-367-3p,DNAJB12
hsa-miR-367-3p,SH3PXD2A
hsa-miR-367-3p,CCDC186
hsa-miR-367-3p,MLLT10
hsa-miR-367-3p,KIFBP
hsa-miR-367-3p,DDIT4
hsa-miR-367-3p,VCL
hsa-miR-367-3p,PTEN
hsa-miR-367-3p,DUSP5
hsa-miR-367-3p,ADRB1
hsa-miR-367-3p,FAM160B1
hsa-miR-367-3p,PLEKHA1
hsa-miR-367-3p,RNF141
hsa-miR-367-3p,EIF4G2
hsa-miR-367-3p,DKK3
hsa-miR-367-3p,KMT5B
hsa-miR-367-3p,SESN3
hsa-miR-367-3p,SRPRA
hsa-miR-367-3p,ADM
hsa-miR-367-3p,TEAD1
hsa-miR-367-3p,FAR1
hsa-miR-367-3p,QSER1
hsa-miR-367-3p,HIPK3
hsa-miR-367-3p,PTPRJ
hsa-miR-367-3p,ZDHHC5
hsa-miR-367-3p,RPS6KA4
hsa-miR-367-3p,GRAMD1B
hsa-miR-367-3p,CD69
hsa-miR-367-3p,ERGIC2
hsa-miR-367-3p,SCAF11
hsa-miR-367-3p,SLC38A2
hsa-miR-367-3p,LMBR1L
hsa-miR-367-3p,ITGA5
hsa-miR-367-3p,GNS
hsa-miR-367-3p,ZFC3H1
hsa-miR-367-3p,PAWR
hsa-miR-367-3p,PPP1R12A
hsa-miR-367-3p,PITPNM2
hsa-miR-367-3p,GOLGA3
hsa-miR-367-3p,P3H3
hsa-miR-367-3p,NECAP1
hsa-miR-367-3p,HOXC8
hsa-miR-367-3p,SPRYD4
hsa-miR-367-3p,HMGA2
hsa-miR-367-3p,CAND1
hsa-miR-367-3p,DYRK2
hsa-miR-367-3p,RAP1B
hsa-miR-367-3p,ATP2A2
hsa-miR-367-3p,DOCK9
hsa-miR-367-3p,IRS2
hsa-miR-367-3p,PDS5B
hsa-miR-367-3p,LRCH1
hsa-miR-367-3p,ITM2B
hsa-miR-367-3p,CNIH1
hsa-miR-367-3p,EXOC5
hsa-miR-367-3p,BCL11B
hsa-miR-367-3p,PAX9
hsa-miR-367-3p,SNAPC1
hsa-miR-367-3p,TECPR2
hsa-miR-367-3p,ZFYVE21
hsa-miR-367-3p,GOLGA8A
hsa-miR-367-3p,GOLGA8B
hsa-miR-367-3p,TMEM87A
hsa-miR-367-3p,FBN1
hsa-miR-367-3p,FAM214A
hsa-miR-367-3p,ADAM10
hsa-miR-367-3p,NPTN
hsa-miR-367-3p,PEAK1
hsa-miR-367-3p,RAB8B
hsa-miR-367-3p,SMAD6
hsa-miR-367-3p,GLCE
hsa-miR-367-3p,ARRDC4
hsa-miR-367-3p,GLYR1
hsa-miR-367-3p,RRN3
hsa-miR-367-3p,SMG1
hsa-miR-367-3p,PHLPP2
hsa-miR-367-3p,ZFHX3
hsa-miR-367-3p,SNN
hsa-miR-367-3p,CNEP1R1
hsa-miR-367-3p,CHD9
hsa-miR-367-3p,RBL2
hsa-miR-367-3p,PITPNA
hsa-miR-367-3p,MYO18A
hsa-miR-367-3p,TIAF1
hsa-miR-367-3p,CDC27
hsa-miR-367-3p,TOB1
hsa-miR-367-3p,ACOX1
hsa-miR-367-3p,MAP2K4
hsa-miR-367-3p,NLK
hsa-miR-367-3p,NF1
hsa-miR-367-3p,MSL1
hsa-miR-367-3p,EIF1
hsa-miR-367-3p,UBE2Z
hsa-miR-367-3p,XYLT2
hsa-miR-367-3p,SLC39A6
hsa-miR-367-3p,SMAD7
hsa-miR-367-3p,VPS4B
hsa-miR-367-3p,TGIF1
hsa-miR-367-3p,GATA6
hsa-miR-367-3p,REXO1
hsa-miR-367-3p,PIP5K1C
hsa-miR-367-3p,RHPN2
hsa-miR-367-3p,CEBPA
hsa-miR-367-3p,SERTAD3
hsa-miR-367-3p,BCAT2
hsa-miR-367-3p,PPP1R12C
hsa-miR-367-3p,HCN2
hsa-miR-367-3p,KLF2
hsa-miR-367-3p,MED29
hsa-miR-367-3p,AXL
hsa-miR-367-3p,CIC
hsa-miR-367-3p,PPP1R37
hsa-miR-367-3p,DNAJC27
hsa-miR-367-3p,DPY30
hsa-miR-367-3p,BCL11A
hsa-miR-367-3p,SERTAD2
hsa-miR-367-3p,AFF3
hsa-miR-367-3p,FHL2
hsa-miR-367-3p,IDH1
hsa-miR-367-3p,PER2
hsa-miR-367-3p,PKDCC
hsa-miR-367-3p,SOCS5
hsa-miR-367-3p,FOXN2
hsa-miR-367-3p,MTHFD2
hsa-miR-367-3p,CNNM4
hsa-miR-367-3p,BCL2L11
hsa-miR-367-3p,PLEKHB2
hsa-miR-367-3p,UBXN4
hsa-miR-367-3p,ITGA6
hsa-miR-367-3p,ITPRID2
hsa-miR-367-3p,ITGAV
hsa-miR-367-3p,C2orf69
hsa-miR-367-3p,BMPR2
hsa-miR-367-3p,PIKFYVE
hsa-miR-367-3p,ARPC2
hsa-miR-367-3p,AURKA
hsa-miR-367-3p,PMEPA1
hsa-miR-367-3p,PPP1R3D
hsa-miR-367-3p,SIRPA
hsa-miR-367-3p,ARFGEF2
hsa-miR-367-3p,C21orf91
hsa-miR-367-3p,SYNJ1
hsa-miR-367-3p,SIK1
hsa-miR-367-3p,MORC3
hsa-miR-367-3p,CHCHD10
hsa-miR-367-3p,MYH9
hsa-miR-367-3p,JOSD1
hsa-miR-367-3p,TOB2
hsa-miR-367-3p,NF2
hsa-miR-367-3p,PDHB
hsa-miR-367-3p,GATA2
hsa-miR-367-3p,TBL1XR1
hsa-miR-367-3p,ITPR1
hsa-miR-367-3p,EDEM1
hsa-miR-367-3p,SETD5
hsa-miR-367-3p,KAT2B
hsa-miR-367-3p,RPL15
hsa-miR-367-3p,GOLGA4
hsa-miR-367-3p,DAG1
hsa-miR-367-3p,BSN
hsa-miR-367-3p,APPL1
hsa-miR-367-3p,GAP43
hsa-miR-367-3p,SLC25A36
hsa-miR-367-3p,SELENOT
hsa-miR-367-3p,CLDN11
hsa-miR-367-3p,FNDC3B
hsa-miR-367-3p,FXR1
hsa-miR-367-3p,LPP
hsa-miR-367-3p,RBM47
hsa-miR-367-3p,G3BP2
hsa-miR-367-3p,SH3D19
hsa-miR-367-3p,HAND2
hsa-miR-367-3p,PCGF3
hsa-miR-367-3p,RNF4
hsa-miR-367-3p,CPEB2
hsa-miR-367-3p,KLF3
hsa-miR-367-3p,KIAA1109
hsa-miR-367-3p,PALLD
hsa-miR-367-3p,GALNT7
hsa-miR-367-3p,MIER3
hsa-miR-367-3p,LHFPL2
hsa-miR-367-3p,ARRDC3
hsa-miR-367-3p,FNIP1
hsa-miR-367-3p,GFPT2
hsa-miR-367-3p,TENT4A
hsa-miR-367-3p,TRIO
hsa-miR-367-3p,MAP1B
hsa-miR-367-3p,TNPO1
hsa-miR-367-3p,JMY
hsa-miR-367-3p,MAN2A1
hsa-miR-367-3p,GRAMD2B
hsa-miR-367-3p,C5orf24
hsa-miR-367-3p,CPEB4
hsa-miR-367-3p,C6orf62
hsa-miR-367-3p,TENT5A
hsa-miR-367-3p,IBTK
hsa-miR-367-3p,CCNC
hsa-miR-367-3p,REV3L
hsa-miR-367-3p,NUP43
hsa-miR-367-3p,WRNIP1
hsa-miR-367-3p,HIVEP1
hsa-miR-367-3p,JARID2
hsa-miR-367-3p,MYLIP
hsa-miR-367-3p,E2F3
hsa-miR-367-3p,SOX4
hsa-miR-367-3p,CD2AP
hsa-miR-367-3p,COL19A1
hsa-miR-367-3p,FAM135A
hsa-miR-367-3p,TULP4
hsa-miR-367-3p,HOXA9
hsa-miR-367-3p,DNAJC30
hsa-miR-367-3p,WASL
hsa-miR-367-3p,SLC37A3
hsa-miR-367-3p,CCT6A
hsa-miR-367-3p,PHTF2
hsa-miR-367-3p,COL1A2
hsa-miR-367-3p,CASD1
hsa-miR-367-3p,DNAJB9
hsa-miR-367-3p,KLHDC10
hsa-miR-367-3p,INSIG1
hsa-miR-367-3p,MFHAS1
hsa-miR-367-3p,PCMTD1
hsa-miR-367-3p,ASPH
hsa-miR-367-3p,UBE2W
hsa-miR-367-3p,CCNE2
hsa-miR-367-3p,SLC25A32
hsa-miR-367-3p,AC012213.5
hsa-miR-367-3p,RAD21
hsa-miR-367-3p,MTMR9
hsa-miR-367-3p,ATP6V1B2
hsa-miR-367-3p,DDHD2
hsa-miR-367-3p,SGK3
hsa-miR-367-3p,ZFHX4
hsa-miR-367-3p,SDC2
hsa-miR-367-3p,EFR3A
hsa-miR-367-3p,NFIB
hsa-miR-367-3p,RNF38
hsa-miR-367-3p,KLF4
hsa-miR-367-3p,RAB14
hsa-miR-367-3p,RIC1
hsa-miR-367-3p,LURAP1L
hsa-miR-367-3p,STX17
hsa-miR-367-3p,RGS3
hsa-miR-367-3p,DAB2IP
hsa-miR-367-3p,COL5A1
hsa-miR-367-3p,KLHL15
hsa-miR-367-3p,ATRX
hsa-miR-367-3p,DDX3X
hsa-miR-367-3p,CDK16
hsa-miR-367-3p,TAF1
hsa-miR-367-3p,LONRF3
hsa-miR-370-3p,CDC42SE1
hsa-miR-370-3p,DSTYK
hsa-miR-370-3p,KLC2
hsa-miR-370-3p,BAZ2A
hsa-miR-370-3p,SPPL3
hsa-miR-370-3p,INO80
hsa-miR-370-3p,SRSF1
hsa-miR-370-3p,AC015813.2
hsa-miR-370-3p,CDK12
hsa-miR-370-3p,TNRC6C
hsa-miR-370-3p,NARS1
hsa-miR-370-3p,DNAJB1
hsa-miR-370-3p,SELENOI
hsa-miR-370-3p,SRSF6
hsa-miR-370-3p,WDR82
hsa-miR-370-3p,KLF3
hsa-miR-370-3p,MAML1
hsa-miR-370-3p,ILRUN
hsa-miR-370-3p,CDKN1A
hsa-miR-370-3p,SMURF1
hsa-miR-370-3p,BAG4
hsa-miR-371a-5p,STK40
hsa-miR-371a-5p,EPS15
hsa-miR-371a-5p,ZNF644
hsa-miR-371a-5p,ZNF281
hsa-miR-371a-5p,ATP1A2
hsa-miR-371a-5p,FAM107B
hsa-miR-371a-5p,ARID5B
hsa-miR-371a-5p,BUB3
hsa-miR-371a-5p,RTN3
hsa-miR-371a-5p,PPTC7
hsa-miR-371a-5p,TPT1
hsa-miR-371a-5p,SEC23A
hsa-miR-371a-5p,GMFB
hsa-miR-371a-5p,FURIN
hsa-miR-371a-5p,EPN1
hsa-miR-371a-5p,ZFP36L2
hsa-miR-371a-5p,MYCN
hsa-miR-371a-5p,SOCS5
hsa-miR-371a-5p,KDM3A
hsa-miR-371a-5p,BTG3
hsa-miR-371a-5p,BRWD1
hsa-miR-371a-5p,EPM2AIP1
hsa-miR-371a-5p,NAA50
hsa-miR-371a-5p,MSL2
hsa-miR-371a-5p,KPNA4
hsa-miR-371a-5p,SKP1
hsa-miR-371a-5p,CSNK1A1
hsa-miR-371a-5p,CNOT6
hsa-miR-371a-5p,CITED2
hsa-miR-371a-5p,SOX4
hsa-miR-371a-5p,MARCKS
hsa-miR-371a-5p,FOXK1
hsa-miR-371a-5p,ITGB8
hsa-miR-371a-5p,UBE2V2
hsa-miR-371a-5p,XIAP
hsa-miR-372-3p,EPHA2
hsa-miR-372-3p,CAMK2N1
hsa-miR-372-3p,HP1BP3
hsa-miR-372-3p,MTF1
hsa-miR-372-3p,ANKRD13C
hsa-miR-372-3p,RHOC
hsa-miR-372-3p,TXNIP
hsa-miR-372-3p,CRTC2
hsa-miR-372-3p,ASH1L
hsa-miR-372-3p,PIGM
hsa-miR-372-3p,YOD1
hsa-miR-372-3p,ITPKB
hsa-miR-372-3p,IRF2BP2
hsa-miR-372-3p,ARID4B
hsa-miR-372-3p,CAMTA1
hsa-miR-372-3p,ELOA
hsa-miR-372-3p,PHACTR4
hsa-miR-372-3p,TXLNA
hsa-miR-372-3p,KIAA1522
hsa-miR-372-3p,CMPK1
hsa-miR-372-3p,NFIA
hsa-miR-372-3p,PKN2
hsa-miR-372-3p,CAPZA1
hsa-miR-372-3p,SUCO
hsa-miR-372-3p,SKIDA1
hsa-miR-372-3p,PIP4K2A
hsa-miR-372-3p,PFKP
hsa-miR-372-3p,BAMBI
hsa-miR-372-3p,DKK1
hsa-miR-372-3p,REEP3
hsa-miR-372-3p,HECTD2
hsa-miR-372-3p,TNKS2
hsa-miR-372-3p,LCOR
hsa-miR-372-3p,HIF1AN
hsa-miR-372-3p,SLK
hsa-miR-372-3p,AHNAK
hsa-miR-372-3p,KMT5B
hsa-miR-372-3p,RSF1
hsa-miR-372-3p,TMEM123
hsa-miR-372-3p,MSANTD4
hsa-miR-372-3p,RDX
hsa-miR-372-3p,IPO7
hsa-miR-372-3p,WEE1
hsa-miR-372-3p,PRRG4
hsa-miR-372-3p,KDM2A
hsa-miR-372-3p,CCND1
hsa-miR-372-3p,EMSY
hsa-miR-372-3p,ZC3H12C
hsa-miR-372-3p,KMT2A
hsa-miR-372-3p,TBCEL
hsa-miR-372-3p,KCNJ8
hsa-miR-372-3p,DENND5B
hsa-miR-372-3p,TWF1
hsa-miR-372-3p,SPRYD3
hsa-miR-372-3p,ANKRD52
hsa-miR-372-3p,GNS
hsa-miR-372-3p,E2F7
hsa-miR-372-3p,NTN4
hsa-miR-372-3p,CCND2
hsa-miR-372-3p,FGD4
hsa-miR-372-3p,DAZAP2
hsa-miR-372-3p,GDF11
hsa-miR-372-3p,DYRK2
hsa-miR-372-3p,ULK1
hsa-miR-372-3p,LATS2
hsa-miR-372-3p,FNDC3A
hsa-miR-372-3p,MBNL2
hsa-miR-372-3p,COL4A2
hsa-miR-372-3p,CFL2
hsa-miR-372-3p,KLHL28
hsa-miR-372-3p,RTN1
hsa-miR-372-3p,ZFYVE26
hsa-miR-372-3p,BTBD7
hsa-miR-372-3p,AKT1
hsa-miR-372-3p,IRF9
hsa-miR-372-3p,BRMS1L
hsa-miR-372-3p,TTC9
hsa-miR-372-3p,PAPOLA
hsa-miR-372-3p,FAM219B
hsa-miR-372-3p,NR2F2
hsa-miR-372-3p,UNKL
hsa-miR-372-3p,PKD1
hsa-miR-372-3p,AKTIP
hsa-miR-372-3p,CMTR2
hsa-miR-372-3p,PHLPP2
hsa-miR-372-3p,RBBP6
hsa-miR-372-3p,TAOK2
hsa-miR-372-3p,MNT
hsa-miR-372-3p,NUFIP2
hsa-miR-372-3p,EZH1
hsa-miR-372-3p,MTMR4
hsa-miR-372-3p,JPT1
hsa-miR-372-3p,MINK1
hsa-miR-372-3p,ALKBH5
hsa-miR-372-3p,TVP23B
hsa-miR-372-3p,WIPF2
hsa-miR-372-3p,KPNA2
hsa-miR-372-3p,UNK
hsa-miR-372-3p,MKNK2
hsa-miR-372-3p,ZBTB7A
hsa-miR-372-3p,HAUS8
hsa-miR-372-3p,CHAF1A
hsa-miR-372-3p,ARHGEF18
hsa-miR-372-3p,HNRNPUL1
hsa-miR-372-3p,SDC1
hsa-miR-372-3p,PPP3R1
hsa-miR-372-3p,CYP26B1
hsa-miR-372-3p,DUSP2
hsa-miR-372-3p,MAP3K2
hsa-miR-372-3p,SLC40A1
hsa-miR-372-3p,CUL3
hsa-miR-372-3p,CLIP4
hsa-miR-372-3p,LCLAT1
hsa-miR-372-3p,CRIM1
hsa-miR-372-3p,TET3
hsa-miR-372-3p,TCF7L1
hsa-miR-372-3p,PLEKHA3
hsa-miR-372-3p,TBC1D20
hsa-miR-372-3p,PLAGL2
hsa-miR-372-3p,E2F1
hsa-miR-372-3p,BLCAP
hsa-miR-372-3p,ZNFX1
hsa-miR-372-3p,ZNF512B
hsa-miR-372-3p,KIF3B
hsa-miR-372-3p,CTSA
hsa-miR-372-3p,NCOA3
hsa-miR-372-3p,APP
hsa-miR-372-3p,BRWD1
hsa-miR-372-3p,C2CD2
hsa-miR-372-3p,SIK1
hsa-miR-372-3p,MTMR3
hsa-miR-372-3p,TIMP3
hsa-miR-372-3p,FYCO1
hsa-miR-372-3p,TUSC2
hsa-miR-372-3p,POLQ
hsa-miR-372-3p,ZNF148
hsa-miR-372-3p,PLSCR4
hsa-miR-372-3p,PFN2
hsa-miR-372-3p,DCUN1D1
hsa-miR-372-3p,NR2C2
hsa-miR-372-3p,TGFBR2
hsa-miR-372-3p,ZBTB47
hsa-miR-372-3p,TIPARP
hsa-miR-372-3p,PPM1L
hsa-miR-372-3p,RELL1
hsa-miR-372-3p,IRF2
hsa-miR-372-3p,KLF3
hsa-miR-372-3p,SLAIN2
hsa-miR-372-3p,CXCL8
hsa-miR-372-3p,PKD2
hsa-miR-372-3p,RAPGEF2
hsa-miR-372-3p,PALLD
hsa-miR-372-3p,TMEM167A
hsa-miR-372-3p,FEM1C
hsa-miR-372-3p,SAR1B
hsa-miR-372-3p,POLR3G
hsa-miR-372-3p,RGMB
hsa-miR-372-3p,PAM
hsa-miR-372-3p,C5orf24
hsa-miR-372-3p,CREBRF
hsa-miR-372-3p,SQSTM1
hsa-miR-372-3p,SLC22A23
hsa-miR-372-3p,GLO1
hsa-miR-372-3p,RRAGD
hsa-miR-372-3p,OSTM1
hsa-miR-372-3p,FOXF2
hsa-miR-372-3p,VEGFA
hsa-miR-372-3p,ASF1A
hsa-miR-372-3p,SASH1
hsa-miR-372-3p,SNX9
hsa-miR-372-3p,TNRC18
hsa-miR-372-3p,PURB
hsa-miR-372-3p,PON2
hsa-miR-372-3p,MAP11
hsa-miR-372-3p,ZNF800
hsa-miR-372-3p,MKRN1
hsa-miR-372-3p,AHR
hsa-miR-372-3p,ITGB8
hsa-miR-372-3p,CROT
hsa-miR-372-3p,ZKSCAN1
hsa-miR-372-3p,AGFG2
hsa-miR-372-3p,RAB11FIP1
hsa-miR-372-3p,PLAG1
hsa-miR-372-3p,UBE2W
hsa-miR-372-3p,TP53INP1
hsa-miR-372-3p,YWHAZ
hsa-miR-372-3p,ATAD2
hsa-miR-372-3p,SLC7A2
hsa-miR-372-3p,BNIP3L
hsa-miR-372-3p,ADAM9
hsa-miR-372-3p,YTHDF3
hsa-miR-372-3p,FZD6
hsa-miR-372-3p,OXR1
hsa-miR-372-3p,NFIB
hsa-miR-372-3p,ZBTB5
hsa-miR-372-3p,ZNF367
hsa-miR-372-3p,ABCA1
hsa-miR-372-3p,ZBTB6
hsa-miR-372-3p,GOLGA1
hsa-miR-372-3p,PPP6C
hsa-miR-372-3p,VLDLR
hsa-miR-372-3p,RBBP7
hsa-miR-372-3p,KLHL15
hsa-miR-372-3p,SYAP1
hsa-miR-372-3p,PRRG1
hsa-miR-372-3p,ZBTB33
hsa-miR-373-3p,EPHA2
hsa-miR-373-3p,CAMK2N1
hsa-miR-373-3p,HP1BP3
hsa-miR-373-3p,MTF1
hsa-miR-373-3p,ANKRD13C
hsa-miR-373-3p,RHOC
hsa-miR-373-3p,TXNIP
hsa-miR-373-3p,CRTC2
hsa-miR-373-3p,ASH1L
hsa-miR-373-3p,PIGM
hsa-miR-373-3p,YOD1
hsa-miR-373-3p,ITPKB
hsa-miR-373-3p,IRF2BP2
hsa-miR-373-3p,ARID4B
hsa-miR-373-3p,CAMTA1
hsa-miR-373-3p,ELOA
hsa-miR-373-3p,PHACTR4
hsa-miR-373-3p,TXLNA
hsa-miR-373-3p,KIAA1522
hsa-miR-373-3p,CMPK1
hsa-miR-373-3p,NFIA
hsa-miR-373-3p,PKN2
hsa-miR-373-3p,CAPZA1
hsa-miR-373-3p,SUCO
hsa-miR-373-3p,SKIDA1
hsa-miR-373-3p,PIP4K2A
hsa-miR-373-3p,PFKP
hsa-miR-373-3p,BAMBI
hsa-miR-373-3p,DKK1
hsa-miR-373-3p,REEP3
hsa-miR-373-3p,HECTD2
hsa-miR-373-3p,TNKS2
hsa-miR-373-3p,LCOR
hsa-miR-373-3p,HIF1AN
hsa-miR-373-3p,SLK
hsa-miR-373-3p,AHNAK
hsa-miR-373-3p,KMT5B
hsa-miR-373-3p,RSF1
hsa-miR-373-3p,TMEM123
hsa-miR-373-3p,MSANTD4
hsa-miR-373-3p,RDX
hsa-miR-373-3p,IPO7
hsa-miR-373-3p,WEE1
hsa-miR-373-3p,PRRG4
hsa-miR-373-3p,QSER1
hsa-miR-373-3p,KDM2A
hsa-miR-373-3p,CCND1
hsa-miR-373-3p,EMSY
hsa-miR-373-3p,ZC3H12C
hsa-miR-373-3p,KMT2A
hsa-miR-373-3p,TBCEL
hsa-miR-373-3p,KCNJ8
hsa-miR-373-3p,DENND5B
hsa-miR-373-3p,TWF1
hsa-miR-373-3p,SPRYD3
hsa-miR-373-3p,ANKRD52
hsa-miR-373-3p,GNS
hsa-miR-373-3p,E2F7
hsa-miR-373-3p,NTN4
hsa-miR-373-3p,CCND2
hsa-miR-373-3p,FGD4
hsa-miR-373-3p,DAZAP2
hsa-miR-373-3p,GDF11
hsa-miR-373-3p,DYRK2
hsa-miR-373-3p,ULK1
hsa-miR-373-3p,LATS2
hsa-miR-373-3p,FNDC3A
hsa-miR-373-3p,MBNL2
hsa-miR-373-3p,COL4A2
hsa-miR-373-3p,CFL2
hsa-miR-373-3p,KLHL28
hsa-miR-373-3p,RTN1
hsa-miR-373-3p,ZFYVE26
hsa-miR-373-3p,BTBD7
hsa-miR-373-3p,AKT1
hsa-miR-373-3p,IRF9
hsa-miR-373-3p,BRMS1L
hsa-miR-373-3p,TTC9
hsa-miR-373-3p,PAPOLA
hsa-miR-373-3p,FAM219B
hsa-miR-373-3p,NR2F2
hsa-miR-373-3p,UNKL
hsa-miR-373-3p,PKD1
hsa-miR-373-3p,AKTIP
hsa-miR-373-3p,CMTR2
hsa-miR-373-3p,PHLPP2
hsa-miR-373-3p,RBBP6
hsa-miR-373-3p,TAOK2
hsa-miR-373-3p,MNT
hsa-miR-373-3p,NUFIP2
hsa-miR-373-3p,EZH1
hsa-miR-373-3p,MTMR4
hsa-miR-373-3p,JPT1
hsa-miR-373-3p,MINK1
hsa-miR-373-3p,ALKBH5
hsa-miR-373-3p,TVP23B
hsa-miR-373-3p,KPNA2
hsa-miR-373-3p,UNK
hsa-miR-373-3p,MKNK2
hsa-miR-373-3p,ZBTB7A
hsa-miR-373-3p,HAUS8
hsa-miR-373-3p,CHAF1A
hsa-miR-373-3p,ARHGEF18
hsa-miR-373-3p,HNRNPUL1
hsa-miR-373-3p,SDC1
hsa-miR-373-3p,PPP3R1
hsa-miR-373-3p,CYP26B1
hsa-miR-373-3p,DUSP2
hsa-miR-373-3p,MAP3K2
hsa-miR-373-3p,SLC40A1
hsa-miR-373-3p,CUL3
hsa-miR-373-3p,CLIP4
hsa-miR-373-3p,CRIM1
hsa-miR-373-3p,TET3
hsa-miR-373-3p,PLEKHA3
hsa-miR-373-3p,TBC1D20
hsa-miR-373-3p,PLAGL2
hsa-miR-373-3p,E2F1
hsa-miR-373-3p,BLCAP
hsa-miR-373-3p,ZNFX1
hsa-miR-373-3p,ZNF512B
hsa-miR-373-3p,KIF3B
hsa-miR-373-3p,CTSA
hsa-miR-373-3p,NCOA3
hsa-miR-373-3p,APP
hsa-miR-373-3p,BRWD1
hsa-miR-373-3p,C2CD2
hsa-miR-373-3p,SIK1
hsa-miR-373-3p,MTMR3
hsa-miR-373-3p,TIMP3
hsa-miR-373-3p,FYCO1
hsa-miR-373-3p,TUSC2
hsa-miR-373-3p,POLQ
hsa-miR-373-3p,ZNF148
hsa-miR-373-3p,PFN2
hsa-miR-373-3p,DCUN1D1
hsa-miR-373-3p,NR2C2
hsa-miR-373-3p,TGFBR2
hsa-miR-373-3p,ZBTB47
hsa-miR-373-3p,TIPARP
hsa-miR-373-3p,PPM1L
hsa-miR-373-3p,RELL1
hsa-miR-373-3p,IRF2
hsa-miR-373-3p,KLF3
hsa-miR-373-3p,SLAIN2
hsa-miR-373-3p,CXCL8
hsa-miR-373-3p,PKD2
hsa-miR-373-3p,RAPGEF2
hsa-miR-373-3p,TMEM167A
hsa-miR-373-3p,FEM1C
hsa-miR-373-3p,SAR1B
hsa-miR-373-3p,POLR3G
hsa-miR-373-3p,RGMB
hsa-miR-373-3p,PAM
hsa-miR-373-3p,C5orf24
hsa-miR-373-3p,CREBRF
hsa-miR-373-3p,SQSTM1
hsa-miR-373-3p,SLC22A23
hsa-miR-373-3p,GLO1
hsa-miR-373-3p,RRAGD
hsa-miR-373-3p,OSTM1
hsa-miR-373-3p,FOXF2
hsa-miR-373-3p,VEGFA
hsa-miR-373-3p,ASF1A
hsa-miR-373-3p,NCOA7
hsa-miR-373-3p,SASH1
hsa-miR-373-3p,SNX9
hsa-miR-373-3p,TNRC18
hsa-miR-373-3p,PURB
hsa-miR-373-3p,MAP11
hsa-miR-373-3p,ZNF800
hsa-miR-373-3p,MKRN1
hsa-miR-373-3p,AHR
hsa-miR-373-3p,ITGB8
hsa-miR-373-3p,CROT
hsa-miR-373-3p,ZKSCAN1
hsa-miR-373-3p,AGFG2
hsa-miR-373-3p,RAB11FIP1
hsa-miR-373-3p,PLAG1
hsa-miR-373-3p,UBE2W
hsa-miR-373-3p,TMEM64
hsa-miR-373-3p,TP53INP1
hsa-miR-373-3p,YWHAZ
hsa-miR-373-3p,ATAD2
hsa-miR-373-3p,BNIP3L
hsa-miR-373-3p,ADAM9
hsa-miR-373-3p,YTHDF3
hsa-miR-373-3p,FZD6
hsa-miR-373-3p,OXR1
hsa-miR-373-3p,NFIB
hsa-miR-373-3p,ZBTB5
hsa-miR-373-3p,ZNF367
hsa-miR-373-3p,ABCA1
hsa-miR-373-3p,GOLGA1
hsa-miR-373-3p,PPP6C
hsa-miR-373-3p,VLDLR
hsa-miR-373-3p,RBBP7
hsa-miR-373-3p,KLHL15
hsa-miR-373-3p,SYAP1
hsa-miR-373-3p,PRRG1
hsa-miR-373-3p,ZBTB33
hsa-miR-374a-5p,AHDC1
hsa-miR-374a-5p,BSDC1
hsa-miR-374a-5p,PLPP3
hsa-miR-374a-5p,SLC16A1
hsa-miR-374a-5p,POGZ
hsa-miR-374a-5p,MEX3A
hsa-miR-374a-5p,MEF2D
hsa-miR-374a-5p,EDEM3
hsa-miR-374a-5p,YOD1
hsa-miR-374a-5p,SKI
hsa-miR-374a-5p,RNF11
hsa-miR-374a-5p,DNAJC6
hsa-miR-374a-5p,DR1
hsa-miR-374a-5p,MFSD14A
hsa-miR-374a-5p,AC118553.2
hsa-miR-374a-5p,ATP8B2
hsa-miR-374a-5p,CAMSAP2
hsa-miR-374a-5p,LARP4B
hsa-miR-374a-5p,ATAD1
hsa-miR-374a-5p,EIF3A
hsa-miR-374a-5p,IFIT5
hsa-miR-374a-5p,TNKS2
hsa-miR-374a-5p,LCOR
hsa-miR-374a-5p,EIF4G2
hsa-miR-374a-5p,TMEM123
hsa-miR-374a-5p,C11orf58
hsa-miR-374a-5p,ARCN1
hsa-miR-374a-5p,SPPL3
hsa-miR-374a-5p,ETNK1
hsa-miR-374a-5p,STK38L
hsa-miR-374a-5p,SP1
hsa-miR-374a-5p,RAB5B
hsa-miR-374a-5p,PTPN11
hsa-miR-374a-5p,MZT1
hsa-miR-374a-5p,FBXL3
hsa-miR-374a-5p,SPRY2
hsa-miR-374a-5p,TFDP1
hsa-miR-374a-5p,HECTD1
hsa-miR-374a-5p,GNPNAT1
hsa-miR-374a-5p,CNIH1
hsa-miR-374a-5p,MMP14
hsa-miR-374a-5p,ARHGAP5
hsa-miR-374a-5p,STYX
hsa-miR-374a-5p,SOCS4
hsa-miR-374a-5p,GTF2A2
hsa-miR-374a-5p,RORA
hsa-miR-374a-5p,CTDSPL2
hsa-miR-374a-5p,BLOC1S6
hsa-miR-374a-5p,MYZAP
hsa-miR-374a-5p,NR2F2
hsa-miR-374a-5p,ZCCHC14
hsa-miR-374a-5p,UBE2I
hsa-miR-374a-5p,C16orf72
hsa-miR-374a-5p,TNRC6A
hsa-miR-374a-5p,ATMIN
hsa-miR-374a-5p,HSBP1
hsa-miR-374a-5p,VAMP2
hsa-miR-374a-5p,MED13
hsa-miR-374a-5p,TRAPPC8
hsa-miR-374a-5p,TCF4
hsa-miR-374a-5p,RELCH
hsa-miR-374a-5p,NFIX
hsa-miR-374a-5p,ACTN4
hsa-miR-374a-5p,PUM2
hsa-miR-374a-5p,CDC42EP3
hsa-miR-374a-5p,SRSF7
hsa-miR-374a-5p,PELI1
hsa-miR-374a-5p,MAP3K2
hsa-miR-374a-5p,PRPF40A
hsa-miR-374a-5p,ATF2
hsa-miR-374a-5p,NCKAP1
hsa-miR-374a-5p,RAB10
hsa-miR-374a-5p,CRIM1
hsa-miR-374a-5p,ANTXR1
hsa-miR-374a-5p,TET3
hsa-miR-374a-5p,TMSB10
hsa-miR-374a-5p,RMND5A
hsa-miR-374a-5p,MOB4
hsa-miR-374a-5p,BZW1
hsa-miR-374a-5p,BMP2
hsa-miR-374a-5p,SEC23B
hsa-miR-374a-5p,TOP1
hsa-miR-374a-5p,CEBPB
hsa-miR-374a-5p,RCAN1
hsa-miR-374a-5p,DYRK1A
hsa-miR-374a-5p,ATP2B2
hsa-miR-374a-5p,SETD2
hsa-miR-374a-5p,WNT5A
hsa-miR-374a-5p,RYBP
hsa-miR-374a-5p,CCNL1
hsa-miR-374a-5p,CADM2
hsa-miR-374a-5p,MBNL1
hsa-miR-374a-5p,MME
hsa-miR-374a-5p,HES1
hsa-miR-374a-5p,TBC1D9
hsa-miR-374a-5p,KLF3
hsa-miR-374a-5p,SMARCAD1
hsa-miR-374a-5p,TMEM267
hsa-miR-374a-5p,LHFPL2
hsa-miR-374a-5p,FNIP1
hsa-miR-374a-5p,AFF4
hsa-miR-374a-5p,NR3C1
hsa-miR-374a-5p,RNF44
hsa-miR-374a-5p,ZSWIM6
hsa-miR-374a-5p,JMY
hsa-miR-374a-5p,KIF20A
hsa-miR-374a-5p,PURA
hsa-miR-374a-5p,LARP1
hsa-miR-374a-5p,FAF2
hsa-miR-374a-5p,SOX4
hsa-miR-374a-5p,PNRC1
hsa-miR-374a-5p,AMD1
hsa-miR-374a-5p,QKI
hsa-miR-374a-5p,TNRC18
hsa-miR-374a-5p,ANLN
hsa-miR-374a-5p,CAPZA2
hsa-miR-374a-5p,CALD1
hsa-miR-374a-5p,KAT6A
hsa-miR-374a-5p,TACC1
hsa-miR-374a-5p,RNF38
hsa-miR-374a-5p,NFIL3
hsa-miR-374a-5p,RC3H2
hsa-miR-374a-5p,ZBTB43
hsa-miR-374a-5p,ZBTB34
hsa-miR-374a-5p,PRRG1
hsa-miR-374b-5p,BSDC1
hsa-miR-374b-5p,PLPP3
hsa-miR-374b-5p,SLC16A1
hsa-miR-374b-5p,POGZ
hsa-miR-374b-5p,MEX3A
hsa-miR-374b-5p,MEF2D
hsa-miR-374b-5p,EDEM3
hsa-miR-374b-5p,YOD1
hsa-miR-374b-5p,SKI
hsa-miR-374b-5p,RNF11
hsa-miR-374b-5p,DNAJC6
hsa-miR-374b-5p,DR1
hsa-miR-374b-5p,MFSD14A
hsa-miR-374b-5p,AC118553.2
hsa-miR-374b-5p,ATP8B2
hsa-miR-374b-5p,CAMSAP2
hsa-miR-374b-5p,LARP4B
hsa-miR-374b-5p,ATAD1
hsa-miR-374b-5p,EIF3A
hsa-miR-374b-5p,IFIT5
hsa-miR-374b-5p,TNKS2
hsa-miR-374b-5p,LCOR
hsa-miR-374b-5p,EIF4G2
hsa-miR-374b-5p,TMEM123
hsa-miR-374b-5p,C11orf58
hsa-miR-374b-5p,ARCN1
hsa-miR-374b-5p,SPPL3
hsa-miR-374b-5p,ETNK1
hsa-miR-374b-5p,STK38L
hsa-miR-374b-5p,SP1
hsa-miR-374b-5p,RAB5B
hsa-miR-374b-5p,PTPN11
hsa-miR-374b-5p,MZT1
hsa-miR-374b-5p,FBXL3
hsa-miR-374b-5p,SPRY2
hsa-miR-374b-5p,TFDP1
hsa-miR-374b-5p,HECTD1
hsa-miR-374b-5p,GNPNAT1
hsa-miR-374b-5p,CNIH1
hsa-miR-374b-5p,MMP14
hsa-miR-374b-5p,ARHGAP5
hsa-miR-374b-5p,STYX
hsa-miR-374b-5p,GTF2A2
hsa-miR-374b-5p,RORA
hsa-miR-374b-5p,CTDSPL2
hsa-miR-374b-5p,BLOC1S6
hsa-miR-374b-5p,MYZAP
hsa-miR-374b-5p,NR2F2
hsa-miR-374b-5p,UBE2I
hsa-miR-374b-5p,C16orf72
hsa-miR-374b-5p,TNRC6A
hsa-miR-374b-5p,HSBP1
hsa-miR-374b-5p,VAMP2
hsa-miR-374b-5p,MED13
hsa-miR-374b-5p,TRAPPC8
hsa-miR-374b-5p,TCF4
hsa-miR-374b-5p,RELCH
hsa-miR-374b-5p,NFIX
hsa-miR-374b-5p,ACTN4
hsa-miR-374b-5p,PUM2
hsa-miR-374b-5p,CDC42EP3
hsa-miR-374b-5p,SRSF7
hsa-miR-374b-5p,PELI1
hsa-miR-374b-5p,MAP3K2
hsa-miR-374b-5p,PRPF40A
hsa-miR-374b-5p,ATF2
hsa-miR-374b-5p,NCKAP1
hsa-miR-374b-5p,RAB10
hsa-miR-374b-5p,CRIM1
hsa-miR-374b-5p,TET3
hsa-miR-374b-5p,TMSB10
hsa-miR-374b-5p,RMND5A
hsa-miR-374b-5p,MOB4
hsa-miR-374b-5p,BZW1
hsa-miR-374b-5p,BMP2
hsa-miR-374b-5p,SEC23B
hsa-miR-374b-5p,TOP1
hsa-miR-374b-5p,CEBPB
hsa-miR-374b-5p,RCAN1
hsa-miR-374b-5p,DYRK1A
hsa-miR-374b-5p,ATP2B2
hsa-miR-374b-5p,SETD2
hsa-miR-374b-5p,WNT5A
hsa-miR-374b-5p,RYBP
hsa-miR-374b-5p,CCNL1
hsa-miR-374b-5p,BHLHE40
hsa-miR-374b-5p,CADM2
hsa-miR-374b-5p,MBNL1
hsa-miR-374b-5p,MME
hsa-miR-374b-5p,HES1
hsa-miR-374b-5p,TBC1D9
hsa-miR-374b-5p,KLF3
hsa-miR-374b-5p,SMARCAD1
hsa-miR-374b-5p,TMEM267
hsa-miR-374b-5p,LHFPL2
hsa-miR-374b-5p,FNIP1
hsa-miR-374b-5p,AFF4
hsa-miR-374b-5p,NR3C1
hsa-miR-374b-5p,RNF44
hsa-miR-374b-5p,ZSWIM6
hsa-miR-374b-5p,JMY
hsa-miR-374b-5p,KIF20A
hsa-miR-374b-5p,PURA
hsa-miR-374b-5p,LARP1
hsa-miR-374b-5p,FAF2
hsa-miR-374b-5p,SOX4
hsa-miR-374b-5p,PNRC1
hsa-miR-374b-5p,AMD1
hsa-miR-374b-5p,QKI
hsa-miR-374b-5p,TNRC18
hsa-miR-374b-5p,ANLN
hsa-miR-374b-5p,CAPZA2
hsa-miR-374b-5p,CALD1
hsa-miR-374b-5p,KAT6A
hsa-miR-374b-5p,TACC1
hsa-miR-374b-5p,RNF38
hsa-miR-374b-5p,NFIL3
hsa-miR-374b-5p,RC3H2
hsa-miR-374b-5p,ZBTB43
hsa-miR-374b-5p,ZBTB34
hsa-miR-374b-5p,PRRG1
hsa-miR-375,EIF4G3
hsa-miR-375,ATP1B1
hsa-miR-375,USPL1
hsa-miR-375,CHSY1
hsa-miR-375,ZFP36L2
hsa-miR-375,ACSL3
hsa-miR-375,RPN1
hsa-miR-375,TSC22D2
hsa-miR-375,RBM24
hsa-miR-375,QKI
hsa-miR-375,YWHAZ
hsa-miR-376a-3p,FOXJ3
hsa-miR-376a-3p,OTUD3
hsa-miR-376a-3p,PRKACB
hsa-miR-376a-3p,CAPZA1
hsa-miR-376a-3p,NRP1
hsa-miR-376a-3p,CCNJ
hsa-miR-376a-3p,VPS37B
hsa-miR-376a-3p,DYRK2
hsa-miR-376a-3p,GPR180
hsa-miR-376a-3p,ZFHX3
hsa-miR-376a-3p,BPTF
hsa-miR-376a-3p,ZBTB7A
hsa-miR-376a-3p,PDIA6
hsa-miR-376a-3p,FBXO11
hsa-miR-376a-3p,BMPR2
hsa-miR-376a-3p,CEBPB
hsa-miR-376a-3p,MYH9
hsa-miR-376a-3p,DCP1A
hsa-miR-376a-3p,KLF15
hsa-miR-376a-3p,ATP13A3
hsa-miR-376a-3p,HNRNPA0
hsa-miR-376a-3p,EZR
hsa-miR-376a-3p,FGFR1
hsa-miR-376b-3p,FOXJ3
hsa-miR-376b-3p,OTUD3
hsa-miR-376b-3p,PRKACB
hsa-miR-376b-3p,CAPZA1
hsa-miR-376b-3p,NRP1
hsa-miR-376b-3p,CCNJ
hsa-miR-376b-3p,VPS37B
hsa-miR-376b-3p,DYRK2
hsa-miR-376b-3p,GPR180
hsa-miR-376b-3p,ZFHX3
hsa-miR-376b-3p,BPTF
hsa-miR-376b-3p,ZBTB7A
hsa-miR-376b-3p,PDIA6
hsa-miR-376b-3p,FBXO11
hsa-miR-376b-3p,BMPR2
hsa-miR-376b-3p,CEBPB
hsa-miR-376b-3p,MYH9
hsa-miR-376b-3p,DCP1A
hsa-miR-376b-3p,KLF15
hsa-miR-376b-3p,ATP13A3
hsa-miR-376b-3p,HNRNPA0
hsa-miR-376b-3p,EZR
hsa-miR-376b-3p,FGFR1
hsa-miR-376c-3p,PLPP3
hsa-miR-376c-3p,TGFBR3
hsa-miR-376c-3p,USP1
hsa-miR-376c-3p,ATP2B4
hsa-miR-376c-3p,FBXO28
hsa-miR-376c-3p,BMI1
hsa-miR-376c-3p,PSPC1
hsa-miR-376c-3p,ZMYM2
hsa-miR-376c-3p,ERO1A
hsa-miR-376c-3p,MIDEAS
hsa-miR-376c-3p,AMFR
hsa-miR-376c-3p,NFAT5
hsa-miR-376c-3p,CBX4
hsa-miR-376c-3p,PAFAH1B1
hsa-miR-376c-3p,DCAF7
hsa-miR-376c-3p,KPNA2
hsa-miR-376c-3p,YTHDF1
hsa-miR-376c-3p,ARFGEF2
hsa-miR-376c-3p,ZSWIM6
hsa-miR-376c-3p,PHIP
hsa-miR-376c-3p,SASH1
hsa-miR-376c-3p,CUX1
hsa-miR-376c-3p,KAT6A
hsa-miR-376c-3p,ABCA1
hsa-miR-376c-3p,VLDLR
hsa-miR-376c-3p,TMEM38B
hsa-miR-377-3p,CAPZB
hsa-miR-377-3p,FOXJ3
hsa-miR-377-3p,NEGR1
hsa-miR-377-3p,OPN3
hsa-miR-377-3p,CAMTA1
hsa-miR-377-3p,ARID1A
hsa-miR-377-3p,MTF2
hsa-miR-377-3p,LAMC1
hsa-miR-377-3p,CHUK
hsa-miR-377-3p,TEAD1
hsa-miR-377-3p,SLC11A2
hsa-miR-377-3p,BAZ2A
hsa-miR-377-3p,MED13L
hsa-miR-377-3p,SPPL3
hsa-miR-377-3p,CDKN1B
hsa-miR-377-3p,RASSF8
hsa-miR-377-3p,LARP4
hsa-miR-377-3p,CPSF6
hsa-miR-377-3p,DRAM1
hsa-miR-377-3p,IPO5
hsa-miR-377-3p,AKAP6
hsa-miR-377-3p,CCNK
hsa-miR-377-3p,NEDD4
hsa-miR-377-3p,THBS1
hsa-miR-377-3p,GLYR1
hsa-miR-377-3p,IRX3
hsa-miR-377-3p,PSKH1
hsa-miR-377-3p,SRSF1
hsa-miR-377-3p,AC015813.2
hsa-miR-377-3p,KDM6B
hsa-miR-377-3p,LASP1
hsa-miR-377-3p,MSL1
hsa-miR-377-3p,NPEPPS
hsa-miR-377-3p,KPNB1
hsa-miR-377-3p,NFE2L1
hsa-miR-377-3p,ZNF516
hsa-miR-377-3p,DNAJB1
hsa-miR-377-3p,STRN4
hsa-miR-377-3p,PUM2
hsa-miR-377-3p,FAM98A
hsa-miR-377-3p,ATL2
hsa-miR-377-3p,STARD7
hsa-miR-377-3p,RBMS1
hsa-miR-377-3p,RANBP2
hsa-miR-377-3p,PLEKHB2
hsa-miR-377-3p,CCNT2
hsa-miR-377-3p,ITGA6
hsa-miR-377-3p,PTMA
hsa-miR-377-3p,STK35
hsa-miR-377-3p,DUSP7
hsa-miR-377-3p,DCP1A
hsa-miR-377-3p,TASOR
hsa-miR-377-3p,SETD5
hsa-miR-377-3p,ARMC8
hsa-miR-377-3p,KLHL24
hsa-miR-377-3p,GRSF1
hsa-miR-377-3p,MRFAP1
hsa-miR-377-3p,STOX2
hsa-miR-377-3p,LHFPL2
hsa-miR-377-3p,NR3C1
hsa-miR-377-3p,KIF2A
hsa-miR-377-3p,UBE2B
hsa-miR-377-3p,ERGIC1
hsa-miR-377-3p,CPEB4
hsa-miR-377-3p,NUP153
hsa-miR-377-3p,MYBL1
hsa-miR-377-3p,AZIN1
hsa-miR-377-3p,LRP12
hsa-miR-377-3p,NFIB
hsa-miR-377-3p,DCAF12
hsa-miR-377-3p,RNF38
hsa-miR-377-3p,NR6A1
hsa-miR-378a-3p,RCC2
hsa-miR-378a-3p,RIT1
hsa-miR-378a-3p,KIAA1522
hsa-miR-378a-3p,SOX6
hsa-miR-378a-3p,ANKRD52
hsa-miR-378a-3p,DYNC1LI2
hsa-miR-378a-3p,ZFP36L2
hsa-miR-378a-3p,RBMS1
hsa-miR-378a-3p,SFT2D3
hsa-miR-378a-3p,PLAGL2
hsa-miR-378a-3p,TOB2
hsa-miR-378a-3p,NUP155
hsa-miR-378a-3p,IL6ST
hsa-miR-378a-3p,SERINC1
hsa-miR-378a-3p,PDIA4
hsa-miR-378a-3p,TMEM245
hsa-miR-378a-3p,ZDHHC9
hsa-miR-379-5p,UBE2Q1
hsa-miR-379-5p,EDEM3
hsa-miR-379-5p,EIF4G2
hsa-miR-379-5p,EI24
hsa-miR-379-5p,SRSF9
hsa-miR-379-5p,ERP29
hsa-miR-379-5p,NHLRC3
hsa-miR-379-5p,KIAA0895L
hsa-miR-379-5p,INSR
hsa-miR-379-5p,MAP3K2
hsa-miR-379-5p,SLC20A1
hsa-miR-379-5p,PDE12
hsa-miR-379-5p,PCGF3
hsa-miR-379-5p,ELMOD2
hsa-miR-379-5p,C5orf51
hsa-miR-379-5p,EDN1
hsa-miR-379-5p,LIN28B
hsa-miR-379-5p,TXLNG
hsa-miR-381-3p,HNRNPR
hsa-miR-381-3p,FOXJ3
hsa-miR-381-3p,F3
hsa-miR-381-3p,KDM5B
hsa-miR-381-3p,NUCKS1
hsa-miR-381-3p,ARID4B
hsa-miR-381-3p,KIF1B
hsa-miR-381-3p,SPEN
hsa-miR-381-3p,KHDRBS1
hsa-miR-381-3p,KPNA6
hsa-miR-381-3p,NFIA
hsa-miR-381-3p,USP1
hsa-miR-381-3p,LRRC8B
hsa-miR-381-3p,HIPK1
hsa-miR-381-3p,SYT11
hsa-miR-381-3p,IER5
hsa-miR-381-3p,RNF2
hsa-miR-381-3p,CDC73
hsa-miR-381-3p,ZC3H11A
hsa-miR-381-3p,ZBED6
hsa-miR-381-3p,SORBS1
hsa-miR-381-3p,RAB11FIP2
hsa-miR-381-3p,WAC
hsa-miR-381-3p,KAT6B
hsa-miR-381-3p,KIF11
hsa-miR-381-3p,LCOR
hsa-miR-381-3p,LZTS2
hsa-miR-381-3p,EIF4G2
hsa-miR-381-3p,LIN7C
hsa-miR-381-3p,FNBP4
hsa-miR-381-3p,SHANK2
hsa-miR-381-3p,ETS1
hsa-miR-381-3p,IPO7
hsa-miR-381-3p,WEE1
hsa-miR-381-3p,TEAD1
hsa-miR-381-3p,SPINDOC
hsa-miR-381-3p,EMSY
hsa-miR-381-3p,LMO3
hsa-miR-381-3p,ZBTB39
hsa-miR-381-3p,EEA1
hsa-miR-381-3p,NTN4
hsa-miR-381-3p,MED13L
hsa-miR-381-3p,RIMKLB
hsa-miR-381-3p,ATP2A2
hsa-miR-381-3p,TSC22D1
hsa-miR-381-3p,PDS5B
hsa-miR-381-3p,HECTD1
hsa-miR-381-3p,MED6
hsa-miR-381-3p,PAPOLA
hsa-miR-381-3p,YY1
hsa-miR-381-3p,ZFYVE21
hsa-miR-381-3p,UBE3A
hsa-miR-381-3p,THBS1
hsa-miR-381-3p,SEMA6D
hsa-miR-381-3p,RNF111
hsa-miR-381-3p,CHD2
hsa-miR-381-3p,DCUN1D3
hsa-miR-381-3p,ZFHX3
hsa-miR-381-3p,UBN1
hsa-miR-381-3p,CHD9
hsa-miR-381-3p,PRPF8
hsa-miR-381-3p,APPBP2
hsa-miR-381-3p,MED13
hsa-miR-381-3p,EIF4A1
hsa-miR-381-3p,EIF1
hsa-miR-381-3p,DHX40
hsa-miR-381-3p,PPM1D
hsa-miR-381-3p,ZNF521
hsa-miR-381-3p,RPRD1A
hsa-miR-381-3p,ZNF236
hsa-miR-381-3p,CLIP3
hsa-miR-381-3p,ARHGAP35
hsa-miR-381-3p,PRR12
hsa-miR-381-3p,ROCK2
hsa-miR-381-3p,NRXN1
hsa-miR-381-3p,RNF149
hsa-miR-381-3p,NCKAP1
hsa-miR-381-3p,ID2
hsa-miR-381-3p,RAB10
hsa-miR-381-3p,BIRC6
hsa-miR-381-3p,SOCS5
hsa-miR-381-3p,PCYOX1
hsa-miR-381-3p,COL3A1
hsa-miR-381-3p,HSPA13
hsa-miR-381-3p,APP
hsa-miR-381-3p,SATB1
hsa-miR-381-3p,MAP4
hsa-miR-381-3p,WNT5A
hsa-miR-381-3p,RYBP
hsa-miR-381-3p,CGGBP1
hsa-miR-381-3p,CNBP
hsa-miR-381-3p,TM4SF1
hsa-miR-381-3p,BHLHE40
hsa-miR-381-3p,SNRK
hsa-miR-381-3p,SLMAP
hsa-miR-381-3p,SLC35A5
hsa-miR-381-3p,ZBTB38
hsa-miR-381-3p,TSC22D2
hsa-miR-381-3p,MBNL1
hsa-miR-381-3p,FYTTD1
hsa-miR-381-3p,RPL35A
hsa-miR-381-3p,ARAP2
hsa-miR-381-3p,SCARB2
hsa-miR-381-3p,HNRNPD
hsa-miR-381-3p,HMGB2
hsa-miR-381-3p,SEPTIN11
hsa-miR-381-3p,AFF1
hsa-miR-381-3p,SPRY1
hsa-miR-381-3p,STOX2
hsa-miR-381-3p,TMED7
hsa-miR-381-3p,NR3C1
hsa-miR-381-3p,MARCHF6
hsa-miR-381-3p,TRIO
hsa-miR-381-3p,HMGCR
hsa-miR-381-3p,UBE2B
hsa-miR-381-3p,LARP1
hsa-miR-381-3p,CREBRF
hsa-miR-381-3p,TXNDC5
hsa-miR-381-3p,BLOC1S5-TXNDC5
hsa-miR-381-3p,DEK
hsa-miR-381-3p,TENT5A
hsa-miR-381-3p,RRAGD
hsa-miR-381-3p,PTP4A1
hsa-miR-381-3p,AL135905.2
hsa-miR-381-3p,PNRC1
hsa-miR-381-3p,MARCKS
hsa-miR-381-3p,SCAF8
hsa-miR-381-3p,BAZ1B
hsa-miR-381-3p,NAMPT
hsa-miR-381-3p,GPR37
hsa-miR-381-3p,MNX1
hsa-miR-381-3p,FSCN1
hsa-miR-381-3p,HBP1
hsa-miR-381-3p,INSIG1
hsa-miR-381-3p,DLC1
hsa-miR-381-3p,UBR5
hsa-miR-381-3p,AZIN1
hsa-miR-381-3p,LEPROTL1
hsa-miR-381-3p,RAB2A
hsa-miR-381-3p,SDC2
hsa-miR-381-3p,PSIP1
hsa-miR-381-3p,GAS1
hsa-miR-381-3p,PTBP3
hsa-miR-381-3p,MEGF9
hsa-miR-381-3p,PPP6C
hsa-miR-381-3p,NACC2
hsa-miR-381-3p,LURAP1L
hsa-miR-381-3p,RPS6KA3
hsa-miR-381-3p,KLHL15
hsa-miR-381-3p,MAGT1
hsa-miR-381-3p,RAP2C
hsa-miR-381-3p,MMGT1
hsa-miR-381-3p,SLC6A8
hsa-miR-382-5p,RUNX3
hsa-miR-382-5p,IRF2BP2
hsa-miR-382-5p,AKIRIN1
hsa-miR-382-5p,FBXO28
hsa-miR-382-5p,HIPK3
hsa-miR-382-5p,DYRK2
hsa-miR-382-5p,DICER1
hsa-miR-382-5p,CTDSPL2
hsa-miR-382-5p,NR2F2
hsa-miR-382-5p,ZCCHC14
hsa-miR-382-5p,VEZF1
hsa-miR-382-5p,SRSF1
hsa-miR-382-5p,SMURF2
hsa-miR-382-5p,NLK
hsa-miR-382-5p,IGFBP5
hsa-miR-382-5p,STK35
hsa-miR-382-5p,TOP1
hsa-miR-382-5p,AMOTL2
hsa-miR-382-5p,SSR3
hsa-miR-382-5p,DHX15
hsa-miR-382-5p,SMARCAD1
hsa-miR-382-5p,TSPYL1
hsa-miR-382-5p,OTUD6B
hsa-miR-382-5p,NFIB
hsa-miR-382-5p,MFSD14B
hsa-miR-382-5p,DDX3X
hsa-miR-383-5p,ADSS2
hsa-miR-383-5p,PRDX3
hsa-miR-383-5p,TUBA1A
hsa-miR-383-5p,CORO1C
hsa-miR-383-5p,CCND2
hsa-miR-383-5p,HNRNPA1
hsa-miR-383-5p,CNIH1
hsa-miR-383-5p,FOS
hsa-miR-383-5p,MGA
hsa-miR-383-5p,DNAJB1
hsa-miR-383-5p,NCKAP1
hsa-miR-383-5p,APP
hsa-miR-383-5p,CDV3
hsa-miR-383-5p,ANXA5
hsa-miR-383-5p,VEGFA
hsa-miR-383-5p,ZBTB10
hsa-miR-384,HDGF
hsa-miR-384,RNF11
hsa-miR-384,PICALM
hsa-miR-384,KRAS
hsa-miR-384,ZNF664
hsa-miR-384,THBS1
hsa-miR-384,DYNLL2
hsa-miR-384,C18orf25
hsa-miR-384,ACVR1
hsa-miR-384,BABAM2
hsa-miR-384,TET3
hsa-miR-384,UBE2E3
hsa-miR-384,ACSL3
hsa-miR-384,TMEM167A
hsa-miR-384,LIMK1
hsa-miR-384,TSC1
hsa-miR-410-3p,RCC2
hsa-miR-410-3p,BSDC1
hsa-miR-410-3p,SERBP1
hsa-miR-410-3p,PLXNA2
hsa-miR-410-3p,AHCTF1
hsa-miR-410-3p,AKIRIN1
hsa-miR-410-3p,MFSD14A
hsa-miR-410-3p,AC118553.2
hsa-miR-410-3p,RAP1A
hsa-miR-410-3p,PTGFRN
hsa-miR-410-3p,BTG2
hsa-miR-410-3p,KLF6
hsa-miR-410-3p,VCL
hsa-miR-410-3p,PTEN
hsa-miR-410-3p,LCOR
hsa-miR-410-3p,ENTPD7
hsa-miR-410-3p,SHOC2
hsa-miR-410-3p,RDX
hsa-miR-410-3p,ETS1
hsa-miR-410-3p,ADM
hsa-miR-410-3p,TEAD1
hsa-miR-410-3p,CTNND1
hsa-miR-410-3p,AP001931.2
hsa-miR-410-3p,KDM2A
hsa-miR-410-3p,KMT2D
hsa-miR-410-3p,ADIPOR2
hsa-miR-410-3p,ATN1
hsa-miR-410-3p,PPFIBP1
hsa-miR-410-3p,CPSF6
hsa-miR-410-3p,RAB21
hsa-miR-410-3p,ELK3
hsa-miR-410-3p,SLC25A3
hsa-miR-410-3p,STARD13
hsa-miR-410-3p,FBXL3
hsa-miR-410-3p,STRN3
hsa-miR-410-3p,ERO1A
hsa-miR-410-3p,NUMB
hsa-miR-410-3p,MMP14
hsa-miR-410-3p,ARHGAP5
hsa-miR-410-3p,CALM1
hsa-miR-410-3p,BNIP2
hsa-miR-410-3p,RORA
hsa-miR-410-3p,RAB8B
hsa-miR-410-3p,GLCE
hsa-miR-410-3p,NR2F2
hsa-miR-410-3p,CREBBP
hsa-miR-410-3p,ITPRIPL2
hsa-miR-410-3p,HERPUD1
hsa-miR-410-3p,CBFB
hsa-miR-410-3p,VAMP2
hsa-miR-410-3p,STAT3
hsa-miR-410-3p,APPBP2
hsa-miR-410-3p,MED13
hsa-miR-410-3p,H3-3B
hsa-miR-410-3p,DCAF7
hsa-miR-410-3p,TCF4
hsa-miR-410-3p,ANKRD12
hsa-miR-410-3p,DTNA
hsa-miR-410-3p,ACTN4
hsa-miR-410-3p,CDC42EP3
hsa-miR-410-3p,MCFD2
hsa-miR-410-3p,BAZ2B
hsa-miR-410-3p,BMPR2
hsa-miR-410-3p,ZDBF2
hsa-miR-410-3p,PMEPA1
hsa-miR-410-3p,BTG3
hsa-miR-410-3p,MAPK1
hsa-miR-410-3p,PBRM1
hsa-miR-410-3p,GSK3B
hsa-miR-410-3p,GATA2
hsa-miR-410-3p,MSL2
hsa-miR-410-3p,TM4SF1
hsa-miR-410-3p,TGFBR2
hsa-miR-410-3p,CEP97
hsa-miR-410-3p,NFKBIZ
hsa-miR-410-3p,CCNA2
hsa-miR-410-3p,KLF3
hsa-miR-410-3p,KLHL5
hsa-miR-410-3p,MOB1B
hsa-miR-410-3p,RAPGEF2
hsa-miR-410-3p,PJA2
hsa-miR-410-3p,HNRNPA0
hsa-miR-410-3p,NR3C1
hsa-miR-410-3p,RAI14
hsa-miR-410-3p,TNPO1
hsa-miR-410-3p,RGMB
hsa-miR-410-3p,PPIP5K2
hsa-miR-410-3p,CPEB4
hsa-miR-410-3p,DEK
hsa-miR-410-3p,RPS10-NUDT3
hsa-miR-410-3p,NUDT3
hsa-miR-410-3p,PPIL4
hsa-miR-410-3p,TTYH3
hsa-miR-410-3p,SP4
hsa-miR-410-3p,CREB5
hsa-miR-410-3p,IFRD1
hsa-miR-410-3p,AC005192.1
hsa-miR-410-3p,KAT6A
hsa-miR-410-3p,NFIB
hsa-miR-411-5p,PUM1
hsa-miR-411-5p,SCAF11
hsa-miR-411-5p,HNRNPA1
hsa-miR-411-5p,RAB21
hsa-miR-411-5p,MAP2K1
hsa-miR-411-5p,KPNA2
hsa-miR-411-5p,MIB1
hsa-miR-411-5p,HNRNPUL1
hsa-miR-411-5p,DYRK1A
hsa-miR-411-5p,ZNRF3
hsa-miR-411-5p,RYBP
hsa-miR-411-5p,DUSP1
hsa-miR-411-5p,LRP12
hsa-miR-421,MTOR
hsa-miR-421,NRAS
hsa-miR-421,MEF2D
hsa-miR-421,EDEM3
hsa-miR-421,LPGAT1
hsa-miR-421,CAPZA1
hsa-miR-421,BTG2
hsa-miR-421,LARP4B
hsa-miR-421,PDCD4
hsa-miR-421,FCHSD2
hsa-miR-421,RDX
hsa-miR-421,EMSY
hsa-miR-421,ZC3H12C
hsa-miR-421,CS
hsa-miR-421,PPP1CC
hsa-miR-421,HNRNPA1
hsa-miR-421,SLC25A3
hsa-miR-421,TXNRD1
hsa-miR-421,STRN3
hsa-miR-421,ARHGAP5
hsa-miR-421,MEIS2
hsa-miR-421,ARPP19
hsa-miR-421,FAM214A
hsa-miR-421,CTDSPL2
hsa-miR-421,ZNF609
hsa-miR-421,GSPT1
hsa-miR-421,ZCCHC14
hsa-miR-421,GAN
hsa-miR-421,GSE1
hsa-miR-421,VEZF1
hsa-miR-421,MPRIP
hsa-miR-421,SRSF7
hsa-miR-421,NCKAP1
hsa-miR-421,CRIM1
hsa-miR-421,PAPOLG
hsa-miR-421,NABP1
hsa-miR-421,ACSL3
hsa-miR-421,BTBD3
hsa-miR-421,DDX17
hsa-miR-421,TOMM70
hsa-miR-421,NAA50
hsa-miR-421,ARMC8
hsa-miR-421,CLDN11
hsa-miR-421,NDUFC1
hsa-miR-421,TBC1D9
hsa-miR-421,HMGB2
hsa-miR-421,CASP3
hsa-miR-421,CLCN3
hsa-miR-421,IL6ST
hsa-miR-421,AFF4
hsa-miR-421,RASA1
hsa-miR-421,TUBB2A
hsa-miR-421,SOX4
hsa-miR-421,QKI
hsa-miR-421,TAX1BP1
hsa-miR-421,CHD7
hsa-miR-421,NFIB
hsa-miR-421,BCOR
hsa-miR-422a,RCC2
hsa-miR-422a,RIT1
hsa-miR-422a,KIAA1522
hsa-miR-422a,SOX6
hsa-miR-422a,ANKRD52
hsa-miR-422a,DYNC1LI2
hsa-miR-422a,ZFP36L2
hsa-miR-422a,RBMS1
hsa-miR-422a,SFT2D3
hsa-miR-422a,PLAGL2
hsa-miR-422a,TOB2
hsa-miR-422a,NUP155
hsa-miR-422a,IL6ST
hsa-miR-422a,SERINC1
hsa-miR-422a,PDIA4
hsa-miR-422a,TMEM245
hsa-miR-422a,ZDHHC9
hsa-miR-424-5p,HSPG2
hsa-miR-424-5p,YRDC
hsa-miR-424-5p,PLPP3
hsa-miR-424-5p,FUBP1
hsa-miR-424-5p,TGFBR3
hsa-miR-424-5p,CSDE1
hsa-miR-424-5p,NOTCH2
hsa-miR-424-5p,TXNIP
hsa-miR-424-5p,PRKAB2
hsa-miR-424-5p,UBE2Q1
hsa-miR-424-5p,FAM189B
hsa-miR-424-5p,ASH1L
hsa-miR-424-5p,HDGF
hsa-miR-424-5p,COP1
hsa-miR-424-5p,PHLDA3
hsa-miR-424-5p,AKT3
hsa-miR-424-5p,KIF1B
hsa-miR-424-5p,SPEN
hsa-miR-424-5p,PDIK1L
hsa-miR-424-5p,AGO1
hsa-miR-424-5p,SRSF11
hsa-miR-424-5p,MIGA1
hsa-miR-424-5p,DNAJB4
hsa-miR-424-5p,KCNC4
hsa-miR-424-5p,LRIG2
hsa-miR-424-5p,PRRC2C
hsa-miR-424-5p,SUCO
hsa-miR-424-5p,LAMC1
hsa-miR-424-5p,NAV1
hsa-miR-424-5p,BTG2
hsa-miR-424-5p,RASSF5
hsa-miR-424-5p,GDI2
hsa-miR-424-5p,CCDC6
hsa-miR-424-5p,ANXA11
hsa-miR-424-5p,GLUD1
hsa-miR-424-5p,CPEB3
hsa-miR-424-5p,RAB11FIP2
hsa-miR-424-5p,CACUL1
hsa-miR-424-5p,PPIF
hsa-miR-424-5p,CEP55
hsa-miR-424-5p,SLC35G1
hsa-miR-424-5p,ENTPD7
hsa-miR-424-5p,BTRC
hsa-miR-424-5p,PDCD4
hsa-miR-424-5p,SHOC2
hsa-miR-424-5p,FAM160B1
hsa-miR-424-5p,PLEKHA1
hsa-miR-424-5p,SLC25A22
hsa-miR-424-5p,SOX6
hsa-miR-424-5p,SPTBN2
hsa-miR-424-5p,C11orf24
hsa-miR-424-5p,UCP2
hsa-miR-424-5p,PPP2R1B
hsa-miR-424-5p,SRPRA
hsa-miR-424-5p,ARHGAP32
hsa-miR-424-5p,SMPD1
hsa-miR-424-5p,IPO7
hsa-miR-424-5p,WEE1
hsa-miR-424-5p,ARL2
hsa-miR-424-5p,PPP6R3
hsa-miR-424-5p,CCND1
hsa-miR-424-5p,AMOTL1
hsa-miR-424-5p,YAP1
hsa-miR-424-5p,PAFAH1B2
hsa-miR-424-5p,UBE4A
hsa-miR-424-5p,SLC2A3
hsa-miR-424-5p,M6PR
hsa-miR-424-5p,WBP11
hsa-miR-424-5p,TM7SF3
hsa-miR-424-5p,KIF21A
hsa-miR-424-5p,TUBA1A
hsa-miR-424-5p,SLC11A2
hsa-miR-424-5p,SPRYD3
hsa-miR-424-5p,CTDSP2
hsa-miR-424-5p,E2F7
hsa-miR-424-5p,CDK17
hsa-miR-424-5p,PRDM4
hsa-miR-424-5p,C12orf76
hsa-miR-424-5p,NAA25
hsa-miR-424-5p,NCOR2
hsa-miR-424-5p,CCND2
hsa-miR-424-5p,GABARAPL1
hsa-miR-424-5p,AEBP2
hsa-miR-424-5p,GOLT1B
hsa-miR-424-5p,ETNK1
hsa-miR-424-5p,RASSF8
hsa-miR-424-5p,HOXC8
hsa-miR-424-5p,USP15
hsa-miR-424-5p,HMGA2
hsa-miR-424-5p,DYRK2
hsa-miR-424-5p,FRS2
hsa-miR-424-5p,ATXN7L3B
hsa-miR-424-5p,SETD1B
hsa-miR-424-5p,LATS2
hsa-miR-424-5p,KATNAL1
hsa-miR-424-5p,RUBCNL
hsa-miR-424-5p,AKAP11
hsa-miR-424-5p,MBNL2
hsa-miR-424-5p,PIP4P1
hsa-miR-424-5p,SUPT16H
hsa-miR-424-5p,HECTD1
hsa-miR-424-5p,FERMT2
hsa-miR-424-5p,ATG14
hsa-miR-424-5p,VTI1B
hsa-miR-424-5p,MIDEAS
hsa-miR-424-5p,ERG28
hsa-miR-424-5p,IRF2BPL
hsa-miR-424-5p,CCDC88C
hsa-miR-424-5p,DICER1
hsa-miR-424-5p,CDCA4
hsa-miR-424-5p,BCL2L2
hsa-miR-424-5p,STYX
hsa-miR-424-5p,PPM1A
hsa-miR-424-5p,SLC39A9
hsa-miR-424-5p,CALM1
hsa-miR-424-5p,PPP2R5C
hsa-miR-424-5p,TMEM87A
hsa-miR-424-5p,MYO5A
hsa-miR-424-5p,SPRED1
hsa-miR-424-5p,CHAC1
hsa-miR-424-5p,RNF111
hsa-miR-424-5p,MAP2K1
hsa-miR-424-5p,KIF23
hsa-miR-424-5p,ARIH1
hsa-miR-424-5p,FURIN
hsa-miR-424-5p,ARRDC4
hsa-miR-424-5p,LITAF
hsa-miR-424-5p,USP31
hsa-miR-424-5p,DNAJA2
hsa-miR-424-5p,N4BP1
hsa-miR-424-5p,SALL1
hsa-miR-424-5p,PHLPP2
hsa-miR-424-5p,ZFHX3
hsa-miR-424-5p,C16orf72
hsa-miR-424-5p,UBFD1
hsa-miR-424-5p,DCTN5
hsa-miR-424-5p,RBBP6
hsa-miR-424-5p,NFATC3
hsa-miR-424-5p,VPS4A
hsa-miR-424-5p,ATXN1L
hsa-miR-424-5p,PSMD7
hsa-miR-424-5p,MYO1C
hsa-miR-424-5p,CLUH
hsa-miR-424-5p,SYNRG
hsa-miR-424-5p,FBXL20
hsa-miR-424-5p,MED1
hsa-miR-424-5p,VAT1
hsa-miR-424-5p,ATXN7L3
hsa-miR-424-5p,GPATCH8
hsa-miR-424-5p,CDC27
hsa-miR-424-5p,TMEM100
hsa-miR-424-5p,MTMR4
hsa-miR-424-5p,SMURF2
hsa-miR-424-5p,AXIN2
hsa-miR-424-5p,CBX4
hsa-miR-424-5p,ARHGDIA
hsa-miR-424-5p,FASN
hsa-miR-424-5p,PAFAH1B1
hsa-miR-424-5p,TVP23B
hsa-miR-424-5p,ANKRD13B
hsa-miR-424-5p,CPD
hsa-miR-424-5p,NF1
hsa-miR-424-5p,CDK5R1
hsa-miR-424-5p,AP2B1
hsa-miR-424-5p,CNTNAP1
hsa-miR-424-5p,NFE2L1
hsa-miR-424-5p,PPM1D
hsa-miR-424-5p,CBX2
hsa-miR-424-5p,RNF213
hsa-miR-424-5p,SMAD7
hsa-miR-424-5p,BCL2
hsa-miR-424-5p,KDSR
hsa-miR-424-5p,USP14
hsa-miR-424-5p,NAPG
hsa-miR-424-5p,SEH1L
hsa-miR-424-5p,MIB1
hsa-miR-424-5p,TCF3
hsa-miR-424-5p,RANBP3
hsa-miR-424-5p,INSR
hsa-miR-424-5p,MED26
hsa-miR-424-5p,ELL
hsa-miR-424-5p,DYRK1B
hsa-miR-424-5p,KCNN4
hsa-miR-424-5p,PNPLA6
hsa-miR-424-5p,CARM1
hsa-miR-424-5p,SYDE1
hsa-miR-424-5p,CCNE1
hsa-miR-424-5p,RAB4B-EGLN2
hsa-miR-424-5p,EGLN2
hsa-miR-424-5p,ARHGAP35
hsa-miR-424-5p,AP2A1
hsa-miR-424-5p,MYADM
hsa-miR-424-5p,PDIA6
hsa-miR-424-5p,RTN4
hsa-miR-424-5p,C2orf42
hsa-miR-424-5p,CYP26B1
hsa-miR-424-5p,BOLA3
hsa-miR-424-5p,MGAT4A
hsa-miR-424-5p,RBMS1
hsa-miR-424-5p,TLK1
hsa-miR-424-5p,IHH
hsa-miR-424-5p,ATG9A
hsa-miR-424-5p,AC068946.2
hsa-miR-424-5p,IRS1
hsa-miR-424-5p,RAB10
hsa-miR-424-5p,NRBP1
hsa-miR-424-5p,CRIM1
hsa-miR-424-5p,PEX13
hsa-miR-424-5p,OTX1
hsa-miR-424-5p,ACTR2
hsa-miR-424-5p,VAMP8
hsa-miR-424-5p,SOWAHC
hsa-miR-424-5p,TMEM87B
hsa-miR-424-5p,CCNT2
hsa-miR-424-5p,UBR3
hsa-miR-424-5p,GORASP2
hsa-miR-424-5p,SLC39A10
hsa-miR-424-5p,MOB4
hsa-miR-424-5p,BZW1
hsa-miR-424-5p,SEPTIN2
hsa-miR-424-5p,TBC1D20
hsa-miR-424-5p,NOL4L
hsa-miR-424-5p,RBM12
hsa-miR-424-5p,ELMO2
hsa-miR-424-5p,PEDS1-UBE2V1
hsa-miR-424-5p,UBE2V1
hsa-miR-424-5p,ZCCHC3
hsa-miR-424-5p,CDC25B
hsa-miR-424-5p,CDS2
hsa-miR-424-5p,KIF3B
hsa-miR-424-5p,TGIF2
hsa-miR-424-5p,SYS1
hsa-miR-424-5p,APP
hsa-miR-424-5p,SYNJ1
hsa-miR-424-5p,SUMO3
hsa-miR-424-5p,SON
hsa-miR-424-5p,PISD
hsa-miR-424-5p,CRKL
hsa-miR-424-5p,ZNRF3
hsa-miR-424-5p,MTMR3
hsa-miR-424-5p,NUP50
hsa-miR-424-5p,NUP210
hsa-miR-424-5p,MAP4
hsa-miR-424-5p,CDC25A
hsa-miR-424-5p,PRKAR2A
hsa-miR-424-5p,DCP1A
hsa-miR-424-5p,LRIG1
hsa-miR-424-5p,KPNA1
hsa-miR-424-5p,PLSCR4
hsa-miR-424-5p,TBL1XR1
hsa-miR-424-5p,DCUN1D1
hsa-miR-424-5p,ATP13A3
hsa-miR-424-5p,SNRK
hsa-miR-424-5p,CDV3
hsa-miR-424-5p,TSC22D2
hsa-miR-424-5p,SKIL
hsa-miR-424-5p,FNDC3B
hsa-miR-424-5p,PAK2
hsa-miR-424-5p,PAQR3
hsa-miR-424-5p,EIF4E
hsa-miR-424-5p,LAMTOR3
hsa-miR-424-5p,TBC1D9
hsa-miR-424-5p,FBXW7
hsa-miR-424-5p,PLRG1
hsa-miR-424-5p,CPEB2
hsa-miR-424-5p,PI4K2B
hsa-miR-424-5p,RBPJ
hsa-miR-424-5p,DCUN1D4
hsa-miR-424-5p,PDLIM5
hsa-miR-424-5p,FGF2
hsa-miR-424-5p,HSPA4L
hsa-miR-424-5p,SCOC
hsa-miR-424-5p,CLCN3
hsa-miR-424-5p,GALNT7
hsa-miR-424-5p,ZNF622
hsa-miR-424-5p,AFF4
hsa-miR-424-5p,CDC23
hsa-miR-424-5p,DIAPH1
hsa-miR-424-5p,ITGA2
hsa-miR-424-5p,PIK3R1
hsa-miR-424-5p,PAM
hsa-miR-424-5p,CDC42SE2
hsa-miR-424-5p,SMAD5
hsa-miR-424-5p,PURA
hsa-miR-424-5p,SLC35A4
hsa-miR-424-5p,ADRB2
hsa-miR-424-5p,CREBRF
hsa-miR-424-5p,SRPK1
hsa-miR-424-5p,STK38
hsa-miR-424-5p,COL12A1
hsa-miR-424-5p,GPR63
hsa-miR-424-5p,PNISR
hsa-miR-424-5p,SESN1
hsa-miR-424-5p,CD164
hsa-miR-424-5p,SGK1
hsa-miR-424-5p,MAP7
hsa-miR-424-5p,LATS1
hsa-miR-424-5p,SMIM13
hsa-miR-424-5p,JARID2
hsa-miR-424-5p,RNF144B
hsa-miR-424-5p,E2F3
hsa-miR-424-5p,HMGA1
hsa-miR-424-5p,ANKS1A
hsa-miR-424-5p,PIM1
hsa-miR-424-5p,VEGFA
hsa-miR-424-5p,CD2AP
hsa-miR-424-5p,FAM135A
hsa-miR-424-5p,SH3BGRL2
hsa-miR-424-5p,RNF217
hsa-miR-424-5p,TBPL1
hsa-miR-424-5p,MYB
hsa-miR-424-5p,VTA1
hsa-miR-424-5p,PHACTR2
hsa-miR-424-5p,PCMT1
hsa-miR-424-5p,IGF2R
hsa-miR-424-5p,TBP
hsa-miR-424-5p,GNA12
hsa-miR-424-5p,HOXA3
hsa-miR-424-5p,HOXA10
hsa-miR-424-5p,SMURF1
hsa-miR-424-5p,SYPL1
hsa-miR-424-5p,KMT2C
hsa-miR-424-5p,MAFK
hsa-miR-424-5p,WIPI2
hsa-miR-424-5p,USP42
hsa-miR-424-5p,AVL9
hsa-miR-424-5p,ANLN
hsa-miR-424-5p,POM121
hsa-miR-424-5p,CLDN12
hsa-miR-424-5p,ANKIB1
hsa-miR-424-5p,CAPZA2
hsa-miR-424-5p,CALU
hsa-miR-424-5p,KLHDC10
hsa-miR-424-5p,FGFR1
hsa-miR-424-5p,SLC20A2
hsa-miR-424-5p,PLAG1
hsa-miR-424-5p,MYBL1
hsa-miR-424-5p,TRAM1
hsa-miR-424-5p,SNX16
hsa-miR-424-5p,RUNX1T1
hsa-miR-424-5p,SLC7A2
hsa-miR-424-5p,TACC1
hsa-miR-424-5p,IKBKB
hsa-miR-424-5p,ZFHX4
hsa-miR-424-5p,ZBTB10
hsa-miR-424-5p,WWP1
hsa-miR-424-5p,FZD6
hsa-miR-424-5p,FAM91A1
hsa-miR-424-5p,B4GALT1
hsa-miR-424-5p,SPTLC1
hsa-miR-424-5p,IARS1
hsa-miR-424-5p,IPPK
hsa-miR-424-5p,PTCH1
hsa-miR-424-5p,ZNF367
hsa-miR-424-5p,EPB41L4B
hsa-miR-424-5p,PTPN3
hsa-miR-424-5p,PHF19
hsa-miR-424-5p,PPP6C
hsa-miR-424-5p,CAMSAP1
hsa-miR-424-5p,TMEM250
hsa-miR-424-5p,NRARP
hsa-miR-424-5p,KANK1
hsa-miR-424-5p,CDC37L1
hsa-miR-424-5p,RIC1
hsa-miR-424-5p,LURAP1L
hsa-miR-424-5p,RECK
hsa-miR-424-5p,FAM122A
hsa-miR-424-5p,PSAT1
hsa-miR-424-5p,TLE4
hsa-miR-424-5p,PAPPA
hsa-miR-424-5p,ZBTB43
hsa-miR-424-5p,ZBTB34
hsa-miR-424-5p,RPS6KA3
hsa-miR-424-5p,KLHL15
hsa-miR-424-5p,AMER1
hsa-miR-424-5p,PHKA1
hsa-miR-424-5p,ARMCX2
hsa-miR-424-5p,ACSL4
hsa-miR-424-5p,AMOT
hsa-miR-424-5p,LAMP2
hsa-miR-424-5p,APLN
hsa-miR-424-5p,RAP2C
hsa-miR-424-5p,FAM122B
hsa-miR-424-5p,DDX3X
hsa-miR-424-5p,OGT
hsa-miR-424-5p,ZBTB33
hsa-miR-424-5p,SLC9A6
hsa-miR-424-5p,ZNF275
hsa-miR-425-5p,STMN1
hsa-miR-425-5p,FOXJ3
hsa-miR-425-5p,RNF11
hsa-miR-425-5p,SRSF11
hsa-miR-425-5p,ATP1B1
hsa-miR-425-5p,TM9SF3
hsa-miR-425-5p,PTEN
hsa-miR-425-5p,LCOR
hsa-miR-425-5p,TIMM10
hsa-miR-425-5p,KMT5B
hsa-miR-425-5p,CREBZF
hsa-miR-425-5p,CFL2
hsa-miR-425-5p,MINDY2
hsa-miR-425-5p,ZNF24
hsa-miR-425-5p,STK39
hsa-miR-425-5p,ATP5MC3
hsa-miR-425-5p,HDLBP
hsa-miR-425-5p,SPATS2L
hsa-miR-425-5p,DYRK1A
hsa-miR-425-5p,SIAH2
hsa-miR-425-5p,ATP1B3
hsa-miR-425-5p,LPP
hsa-miR-425-5p,HNRNPD
hsa-miR-425-5p,CPEB2
hsa-miR-425-5p,MEF2C
hsa-miR-425-5p,AFF4
hsa-miR-425-5p,RNF145
hsa-miR-425-5p,SCAMP1
hsa-miR-425-5p,RGMB
hsa-miR-425-5p,MATR3
hsa-miR-425-5p,MAML1
hsa-miR-425-5p,DEK
hsa-miR-425-5p,SYNCRIP
hsa-miR-425-5p,WRNIP1
hsa-miR-425-5p,FSCN1
hsa-miR-425-5p,AGFG2
hsa-miR-425-5p,SERPINE1
hsa-miR-425-5p,LOXL2
hsa-miR-425-5p,DPYSL2
hsa-miR-425-5p,PTCH1
hsa-miR-425-5p,MEGF9
hsa-miR-425-5p,ZBTB34
hsa-miR-425-5p,BCOR
hsa-miR-425-5p,CUL4B
hsa-miR-425-5p,WWC3
hsa-miR-429,ERRFI1
hsa-miR-429,JUN
hsa-miR-429,NEGR1
hsa-miR-429,FUBP1
hsa-miR-429,CNN3
hsa-miR-429,TRIM33
hsa-miR-429,ASH1L
hsa-miR-429,LBR
hsa-miR-429,HNRNPU
hsa-miR-429,CLIC4
hsa-miR-429,PDIK1L
hsa-miR-429,KHDRBS1
hsa-miR-429,BTF3L4
hsa-miR-429,ZYG11B
hsa-miR-429,NFIA
hsa-miR-429,PRKACB
hsa-miR-429,MTF2
hsa-miR-429,HIPK1
hsa-miR-429,IER5
hsa-miR-429,CAMSAP2
hsa-miR-429,GALNT2
hsa-miR-429,GDI2
hsa-miR-429,JCAD
hsa-miR-429,ZCCHC24
hsa-miR-429,RAB11FIP2
hsa-miR-429,BMI1
hsa-miR-429,ZEB1
hsa-miR-429,UBE2D1
hsa-miR-429,DDIT4
hsa-miR-429,PTEN
hsa-miR-429,CCNJ
hsa-miR-429,SCD
hsa-miR-429,SLK
hsa-miR-429,DENND5A
hsa-miR-429,CELF1
hsa-miR-429,B4GAT1
hsa-miR-429,ETS1
hsa-miR-429,SLC2A3
hsa-miR-429,DENND5B
hsa-miR-429,SLC38A2
hsa-miR-429,CKAP4
hsa-miR-429,TAOK3
hsa-miR-429,NCOR2
hsa-miR-429,CDKN1B
hsa-miR-429,AEBP2
hsa-miR-429,RASSF8
hsa-miR-429,PPFIBP1
hsa-miR-429,CDK2
hsa-miR-429,TBK1
hsa-miR-429,RAP1B
hsa-miR-429,FRS2
hsa-miR-429,ATP2A2
hsa-miR-429,UNC119B
hsa-miR-429,LATS2
hsa-miR-429,KBTBD6
hsa-miR-429,PCDH8
hsa-miR-429,POGLUT2
hsa-miR-429,ARGLU1
hsa-miR-429,WASF3
hsa-miR-429,ITM2B
hsa-miR-429,LMO7
hsa-miR-429,SPTSSA
hsa-miR-429,CFL2
hsa-miR-429,SEC23A
hsa-miR-429,NIN
hsa-miR-429,FERMT2
hsa-miR-429,GMFB
hsa-miR-429,BRMS1L
hsa-miR-429,FRMD6
hsa-miR-429,MAPK1IP1L
hsa-miR-429,SNAPC1
hsa-miR-429,NDN
hsa-miR-429,SECISBP2L
hsa-miR-429,PCLAF
hsa-miR-429,MEX3B
hsa-miR-429,RTF1
hsa-miR-429,GOLM2
hsa-miR-429,CTDSPL2
hsa-miR-429,RAB8B
hsa-miR-429,ARIH1
hsa-miR-429,ZFAND6
hsa-miR-429,ADCY9
hsa-miR-429,MTSS2
hsa-miR-429,TMEM170A
hsa-miR-429,ZCCHC14
hsa-miR-429,UBE2I
hsa-miR-429,MRTFB
hsa-miR-429,CNEP1R1
hsa-miR-429,TENT4B
hsa-miR-429,ARL2BP
hsa-miR-429,MED1
hsa-miR-429,ORMDL3
hsa-miR-429,GJC1
hsa-miR-429,CDC27
hsa-miR-429,PPP1R9B
hsa-miR-429,TOB1
hsa-miR-429,SRSF1
hsa-miR-429,MED13
hsa-miR-429,TIMP2
hsa-miR-429,MPRIP
hsa-miR-429,RPS6KB1
hsa-miR-429,PRKAR1A
hsa-miR-429,NPC1
hsa-miR-429,DTNA
hsa-miR-429,ZNF532
hsa-miR-429,PMAIP1
hsa-miR-429,MEX3D
hsa-miR-429,SYDE1
hsa-miR-429,YWHAQ
hsa-miR-429,PUM2
hsa-miR-429,CDC42EP3
hsa-miR-429,MAP4K3
hsa-miR-429,MCFD2
hsa-miR-429,ZEB2
hsa-miR-429,RND3
hsa-miR-429,ARL5A
hsa-miR-429,FIGN
hsa-miR-429,FN1
hsa-miR-429,MYCN
hsa-miR-429,NRBP1
hsa-miR-429,PPM1B
hsa-miR-429,MAP4K4
hsa-miR-429,CERS6
hsa-miR-429,PIKFYVE
hsa-miR-429,NAPB
hsa-miR-429,ZNF217
hsa-miR-429,MAPRE1
hsa-miR-429,NCOA3
hsa-miR-429,HSPA13
hsa-miR-429,NRIP1
hsa-miR-429,SYNJ1
hsa-miR-429,BRWD1
hsa-miR-429,CRKL
hsa-miR-429,CCDC117
hsa-miR-429,MIEF1
hsa-miR-429,SLC4A7
hsa-miR-429,RHOA
hsa-miR-429,WDR82
hsa-miR-429,DCBLD2
hsa-miR-429,FSTL1
hsa-miR-429,AMOTL2
hsa-miR-429,SSR3
hsa-miR-429,TBL1XR1
hsa-miR-429,ITPR1
hsa-miR-429,PPP4R2
hsa-miR-429,PCNP
hsa-miR-429,TSC22D2
hsa-miR-429,MBNL1
hsa-miR-429,SERPINI1
hsa-miR-429,FNDC3B
hsa-miR-429,ATP11B
hsa-miR-429,KDR
hsa-miR-429,HNRNPD
hsa-miR-429,OTUD4
hsa-miR-429,FBXW7
hsa-miR-429,KLF3
hsa-miR-429,SRP72
hsa-miR-429,SMARCAD1
hsa-miR-429,IL6ST
hsa-miR-429,NREP
hsa-miR-429,LOX
hsa-miR-429,PPP2CA
hsa-miR-429,HSPA9
hsa-miR-429,GNPDA1
hsa-miR-429,NR3C1
hsa-miR-429,DUSP1
hsa-miR-429,HNRNPH1
hsa-miR-429,MARCHF6
hsa-miR-429,MAP1B
hsa-miR-429,PAM
hsa-miR-429,MATR3
hsa-miR-429,PAIP2
hsa-miR-429,C6orf62
hsa-miR-429,SYNCRIP
hsa-miR-429,OSTM1
hsa-miR-429,CITED2
hsa-miR-429,E2F3
hsa-miR-429,UHRF1BP1
hsa-miR-429,NFYA
hsa-miR-429,PTP4A1
hsa-miR-429,AL135905.2
hsa-miR-429,MARCKS
hsa-miR-429,IGF2R
hsa-miR-429,QKI
hsa-miR-429,POLR1F
hsa-miR-429,DPY19L1
hsa-miR-429,YWHAG
hsa-miR-429,SMURF1
hsa-miR-429,GIGYF1
hsa-miR-429,KDM7A
hsa-miR-429,RAC1
hsa-miR-429,GLCCI1
hsa-miR-429,ANLN
hsa-miR-429,PTPN12
hsa-miR-429,CASD1
hsa-miR-429,DNAJB9
hsa-miR-429,CALU
hsa-miR-429,BPNT2
hsa-miR-429,UBE2W
hsa-miR-429,MMP16
hsa-miR-429,RBM12B
hsa-miR-429,TP53INP1
hsa-miR-429,CYRIB
hsa-miR-429,SULF1
hsa-miR-429,ZFHX4
hsa-miR-429,OXR1
hsa-miR-429,NFIB
hsa-miR-429,TLN1
hsa-miR-429,ZBTB5
hsa-miR-429,UBQLN1
hsa-miR-429,DIRAS2
hsa-miR-429,TMEM245
hsa-miR-429,SURF4
hsa-miR-429,VLDLR
hsa-miR-429,RIC1
hsa-miR-429,RECK
hsa-miR-429,ANP32B
hsa-miR-429,UGCG
hsa-miR-429,PBX3
hsa-miR-429,RPS6KA3
hsa-miR-429,IDS
hsa-miR-429,AC244197.3
hsa-miR-429,DDX3X
hsa-miR-429,CDK16
hsa-miR-429,MSN
hsa-miR-429,XIAP
hsa-miR-429,DDX3Y
hsa-miR-431-5p,IRF2BP2
hsa-miR-431-5p,PTPRF
hsa-miR-431-5p,API5
hsa-miR-431-5p,ATP2B1
hsa-miR-431-5p,LEMD3
hsa-miR-431-5p,CLTC
hsa-miR-431-5p,GFPT1
hsa-miR-431-5p,ANKH
hsa-miR-431-5p,ATP6V0E1
hsa-miR-433-3p,HNRNPR
hsa-miR-433-3p,NUCKS1
hsa-miR-433-3p,UHMK1
hsa-miR-433-3p,LAMC1
hsa-miR-433-3p,CCAR1
hsa-miR-433-3p,ZMIZ1
hsa-miR-433-3p,SESN3
hsa-miR-433-3p,COX8A
hsa-miR-433-3p,TMPO
hsa-miR-433-3p,HSP90B1
hsa-miR-433-3p,MAPK6
hsa-miR-433-3p,CHD9
hsa-miR-433-3p,GRB2
hsa-miR-433-3p,WDR45B
hsa-miR-433-3p,TMX3
hsa-miR-433-3p,COX6B1
hsa-miR-433-3p,EPC2
hsa-miR-433-3p,BRWD1
hsa-miR-433-3p,PRR14L
hsa-miR-433-3p,TMEM33
hsa-miR-433-3p,SPARC
hsa-miR-433-3p,SRFBP1
hsa-miR-433-3p,SLC17A5
hsa-miR-433-3p,SYNCRIP
hsa-miR-433-3p,HIVEP1
hsa-miR-433-3p,YWHAG
hsa-miR-433-3p,CBX3
hsa-miR-433-3p,VKORC1L1
hsa-miR-433-3p,STMN4
hsa-miR-433-3p,BPNT2
hsa-miR-433-3p,RAD21
hsa-miR-448,FOXJ3
hsa-miR-448,JAK1
hsa-miR-448,ZNF644
hsa-miR-448,LAMC1
hsa-miR-448,FBXO28
hsa-miR-448,PANK1
hsa-miR-448,DDIT4
hsa-miR-448,VCL
hsa-miR-448,IPO7
hsa-miR-448,CTTN
hsa-miR-448,ETNK1
hsa-miR-448,ACVR1B
hsa-miR-448,RAB5B
hsa-miR-448,FRS2
hsa-miR-448,DOCK9
hsa-miR-448,IRS2
hsa-miR-448,ITM2B
hsa-miR-448,KLF5
hsa-miR-448,KLHL28
hsa-miR-448,FERMT2
hsa-miR-448,HIF1A
hsa-miR-448,SPRED1
hsa-miR-448,GLCE
hsa-miR-448,ARIH1
hsa-miR-448,GAN
hsa-miR-448,H3-3B
hsa-miR-448,USP36
hsa-miR-448,ROCK1
hsa-miR-448,TCF4
hsa-miR-448,CIC
hsa-miR-448,CALM2
hsa-miR-448,SERTAD2
hsa-miR-448,FAM168B
hsa-miR-448,ZEB2
hsa-miR-448,SP3
hsa-miR-448,SOCS5
hsa-miR-448,SPOPL
hsa-miR-448,FAM210B
hsa-miR-448,BTG3
hsa-miR-448,SATB1
hsa-miR-448,PFN2
hsa-miR-448,CEP97
hsa-miR-448,FXR1
hsa-miR-448,ADD1
hsa-miR-448,CPEB2
hsa-miR-448,KLF3
hsa-miR-448,SLAIN2
hsa-miR-448,DAB2
hsa-miR-448,MEF2C
hsa-miR-448,ADAM19
hsa-miR-448,PIK3R1
hsa-miR-448,TNPO1
hsa-miR-448,PURA
hsa-miR-448,ILRUN
hsa-miR-448,SYNCRIP
hsa-miR-448,LATS1
hsa-miR-448,E2F3
hsa-miR-448,TNFAIP3
hsa-miR-448,SMURF1
hsa-miR-448,BPNT2
hsa-miR-448,RNF19A
hsa-miR-448,LEPROTL1
hsa-miR-448,TACC1
hsa-miR-448,MTDH
hsa-miR-448,OXR1
hsa-miR-448,VLDLR
hsa-miR-448,ZBTB34
hsa-miR-448,SH3KBP1
hsa-miR-448,TMSB4X
hsa-miR-449a,UBR4
hsa-miR-449a,NOTCH2
hsa-miR-449a,APH1A
hsa-miR-449a,POGZ
hsa-miR-449a,ZNF281
hsa-miR-449a,ARID4B
hsa-miR-449a,SPEN
hsa-miR-449a,PDE4B
hsa-miR-449a,PEA15
hsa-miR-449a,MDM4
hsa-miR-449a,SHOC2
hsa-miR-449a,LGR4
hsa-miR-449a,ARHGAP1
hsa-miR-449a,FOSL1
hsa-miR-449a,NECTIN1
hsa-miR-449a,LDHA
hsa-miR-449a,TMEM109
hsa-miR-449a,PACS1
hsa-miR-449a,CCND1
hsa-miR-449a,CORO1C
hsa-miR-449a,VPS37B
hsa-miR-449a,STK38L
hsa-miR-449a,HNRNPA1
hsa-miR-449a,MBD6
hsa-miR-449a,ATXN7L3B
hsa-miR-449a,SYT1
hsa-miR-449a,MIDEAS
hsa-miR-449a,YY1
hsa-miR-449a,ARPP19
hsa-miR-449a,ADAM10
hsa-miR-449a,ALDOA
hsa-miR-449a,AC093512.2
hsa-miR-449a,ATMIN
hsa-miR-449a,VAMP2
hsa-miR-449a,FLOT2
hsa-miR-449a,VAT1
hsa-miR-449a,NFE2L1
hsa-miR-449a,DNAJB1
hsa-miR-449a,NUMBL
hsa-miR-449a,EVI5L
hsa-miR-449a,AXL
hsa-miR-449a,SEMA4C
hsa-miR-449a,MGAT4A
hsa-miR-449a,MYCN
hsa-miR-449a,CERS6
hsa-miR-449a,GORASP2
hsa-miR-449a,MYH9
hsa-miR-449a,DDX17
hsa-miR-449a,FOXP1
hsa-miR-449a,FNDC3B
hsa-miR-449a,PGRMC2
hsa-miR-449a,PDGFRA
hsa-miR-449a,CHD1
hsa-miR-449a,NSD1
hsa-miR-449a,WASF1
hsa-miR-449a,E2F3
hsa-miR-449a,SOX4
hsa-miR-449a,TNRC18
hsa-miR-449a,HOXA13
hsa-miR-449a,PODXL
hsa-miR-449a,CHST12
hsa-miR-449a,FOXP2
hsa-miR-449a,MET
hsa-miR-449a,ZNF282
hsa-miR-449a,TPD52
hsa-miR-449a,E2F5
hsa-miR-449a,GAS1
hsa-miR-449a,PGAP4
hsa-miR-449a,NOTCH1
hsa-miR-449a,SCML2
hsa-miR-449a,AMER1
hsa-miR-449a,ACSL4
hsa-miR-449b-5p,UBR4
hsa-miR-449b-5p,NOTCH2
hsa-miR-449b-5p,APH1A
hsa-miR-449b-5p,POGZ
hsa-miR-449b-5p,ZNF281
hsa-miR-449b-5p,ARID4B
hsa-miR-449b-5p,SPEN
hsa-miR-449b-5p,PDE4B
hsa-miR-449b-5p,PEA15
hsa-miR-449b-5p,MDM4
hsa-miR-449b-5p,VCL
hsa-miR-449b-5p,SHOC2
hsa-miR-449b-5p,LGR4
hsa-miR-449b-5p,ARHGAP1
hsa-miR-449b-5p,FOSL1
hsa-miR-449b-5p,NECTIN1
hsa-miR-449b-5p,LDHA
hsa-miR-449b-5p,TMEM109
hsa-miR-449b-5p,PACS1
hsa-miR-449b-5p,CCND1
hsa-miR-449b-5p,CORO1C
hsa-miR-449b-5p,VPS37B
hsa-miR-449b-5p,STK38L
hsa-miR-449b-5p,HNRNPA1
hsa-miR-449b-5p,MBD6
hsa-miR-449b-5p,ATXN7L3B
hsa-miR-449b-5p,SYT1
hsa-miR-449b-5p,MIDEAS
hsa-miR-449b-5p,YY1
hsa-miR-449b-5p,ARPP19
hsa-miR-449b-5p,ADAM10
hsa-miR-449b-5p,ALDOA
hsa-miR-449b-5p,AC093512.2
hsa-miR-449b-5p,ATMIN
hsa-miR-449b-5p,VAMP2
hsa-miR-449b-5p,FLOT2
hsa-miR-449b-5p,VAT1
hsa-miR-449b-5p,NFE2L1
hsa-miR-449b-5p,MTCL1
hsa-miR-449b-5p,DNAJB1
hsa-miR-449b-5p,NUMBL
hsa-miR-449b-5p,EVI5L
hsa-miR-449b-5p,AXL
hsa-miR-449b-5p,SEMA4C
hsa-miR-449b-5p,MGAT4A
hsa-miR-449b-5p,MYCN
hsa-miR-449b-5p,CERS6
hsa-miR-449b-5p,MYH9
hsa-miR-449b-5p,DDX17
hsa-miR-449b-5p,FOXP1
hsa-miR-449b-5p,FNDC3B
hsa-miR-449b-5p,PGRMC2
hsa-miR-449b-5p,PDGFRA
hsa-miR-449b-5p,PALLD
hsa-miR-449b-5p,CHD1
hsa-miR-449b-5p,NSD1
hsa-miR-449b-5p,WASF1
hsa-miR-449b-5p,E2F3
hsa-miR-449b-5p,SOX4
hsa-miR-449b-5p,TNRC18
hsa-miR-449b-5p,HOXA13
hsa-miR-449b-5p,PODXL
hsa-miR-449b-5p,CHST12
hsa-miR-449b-5p,FOXP2
hsa-miR-449b-5p,MET
hsa-miR-449b-5p,ZNF282
hsa-miR-449b-5p,TPD52
hsa-miR-449b-5p,E2F5
hsa-miR-449b-5p,GAS1
hsa-miR-449b-5p,PGAP4
hsa-miR-449b-5p,NOTCH1
hsa-miR-449b-5p,SCML2
hsa-miR-449b-5p,AMER1
hsa-miR-449b-5p,ACSL4
hsa-miR-454-3p,RPA2
hsa-miR-454-3p,EPS15
hsa-miR-454-3p,DEPDC1
hsa-miR-454-3p,USP33
hsa-miR-454-3p,F3
hsa-miR-454-3p,TXNIP
hsa-miR-454-3p,DCAF8
hsa-miR-454-3p,DEDD
hsa-miR-454-3p,STX6
hsa-miR-454-3p,PPP1R15B
hsa-miR-454-3p,LBR
hsa-miR-454-3p,ARID4B
hsa-miR-454-3p,VPS13D
hsa-miR-454-3p,SZRD1
hsa-miR-454-3p,PDIK1L
hsa-miR-454-3p,STX12
hsa-miR-454-3p,AGO4
hsa-miR-454-3p,AGO1
hsa-miR-454-3p,CMPK1
hsa-miR-454-3p,BTF3L4
hsa-miR-454-3p,ZFYVE9
hsa-miR-454-3p,NFIA
hsa-miR-454-3p,MIGA1
hsa-miR-454-3p,RTCA
hsa-miR-454-3p,S1PR1
hsa-miR-454-3p,CSF1
hsa-miR-454-3p,PDE4DIP
hsa-miR-454-3p,ZBTB7B
hsa-miR-454-3p,SLC25A44
hsa-miR-454-3p,KLHL20
hsa-miR-454-3p,RO60
hsa-miR-454-3p,FBXO28
hsa-miR-454-3p,ZBTB18
hsa-miR-454-3p,SKIDA1
hsa-miR-454-3p,ACBD5
hsa-miR-454-3p,ARHGAP12
hsa-miR-454-3p,NRP1
hsa-miR-454-3p,CCDC6
hsa-miR-454-3p,PSAP
hsa-miR-454-3p,NRBF2
hsa-miR-454-3p,PTEN
hsa-miR-454-3p,SLF2
hsa-miR-454-3p,TMEM9B
hsa-miR-454-3p,SBF2
hsa-miR-454-3p,SPTY2D1
hsa-miR-454-3p,FOSL1
hsa-miR-454-3p,SHANK2
hsa-miR-454-3p,NPAT
hsa-miR-454-3p,DDX6
hsa-miR-454-3p,USP47
hsa-miR-454-3p,ZFP91
hsa-miR-454-3p,KDM2A
hsa-miR-454-3p,PPP6R3
hsa-miR-454-3p,KMT2A
hsa-miR-454-3p,ARHGEF12
hsa-miR-454-3p,CAPRIN2
hsa-miR-454-3p,ANKRD52
hsa-miR-454-3p,PTGES3
hsa-miR-454-3p,E2F7
hsa-miR-454-3p,BTG1
hsa-miR-454-3p,CLIP1
hsa-miR-454-3p,UBC
hsa-miR-454-3p,WNK1
hsa-miR-454-3p,RAB5B
hsa-miR-454-3p,ERBB3
hsa-miR-454-3p,HCFC2
hsa-miR-454-3p,MLEC
hsa-miR-454-3p,SPART
hsa-miR-454-3p,TSC22D1
hsa-miR-454-3p,ZIC5
hsa-miR-454-3p,PAN3
hsa-miR-454-3p,LRCH1
hsa-miR-454-3p,SLAIN1
hsa-miR-454-3p,ATP11A
hsa-miR-454-3p,PIP4P1
hsa-miR-454-3p,HECTD1
hsa-miR-454-3p,EGLN3
hsa-miR-454-3p,FERMT2
hsa-miR-454-3p,CNIH1
hsa-miR-454-3p,GMFB
hsa-miR-454-3p,ZFYVE26
hsa-miR-454-3p,MAP3K9
hsa-miR-454-3p,ITPK1
hsa-miR-454-3p,BTBD7
hsa-miR-454-3p,DICER1
hsa-miR-454-3p,ATG2B
hsa-miR-454-3p,FRMD6
hsa-miR-454-3p,SMOC1
hsa-miR-454-3p,RBM25
hsa-miR-454-3p,SECISBP2L
hsa-miR-454-3p,RFX7
hsa-miR-454-3p,NPTN
hsa-miR-454-3p,TSPAN3
hsa-miR-454-3p,NIPA1
hsa-miR-454-3p,ARL6IP1
hsa-miR-454-3p,DYNC1LI2
hsa-miR-454-3p,ZCCHC14
hsa-miR-454-3p,TNRC6A
hsa-miR-454-3p,CHD9
hsa-miR-454-3p,CBFB
hsa-miR-454-3p,C16orf70
hsa-miR-454-3p,ANKFY1
hsa-miR-454-3p,ZBTB4
hsa-miR-454-3p,RASD1
hsa-miR-454-3p,RAB34
hsa-miR-454-3p,PHF12
hsa-miR-454-3p,STAT3
hsa-miR-454-3p,GPATCH8
hsa-miR-454-3p,TRIM37
hsa-miR-454-3p,USP32
hsa-miR-454-3p,SMARCD2
hsa-miR-454-3p,FAM104A
hsa-miR-454-3p,SRSF2
hsa-miR-454-3p,TIMP2
hsa-miR-454-3p,PAFAH1B1
hsa-miR-454-3p,DYNLL2
hsa-miR-454-3p,CLTC
hsa-miR-454-3p,VMP1
hsa-miR-454-3p,SPIRE1
hsa-miR-454-3p,IER3IP1
hsa-miR-454-3p,DSEL
hsa-miR-454-3p,RAB12
hsa-miR-454-3p,MTCL1
hsa-miR-454-3p,RBBP8
hsa-miR-454-3p,TSHZ1
hsa-miR-454-3p,MEX3D
hsa-miR-454-3p,PPP6R1
hsa-miR-454-3p,THOP1
hsa-miR-454-3p,LDLR
hsa-miR-454-3p,ROCK2
hsa-miR-454-3p,HADHA
hsa-miR-454-3p,MEMO1
hsa-miR-454-3p,SRSF7
hsa-miR-454-3p,SLC8A1
hsa-miR-454-3p,COX7A2L
hsa-miR-454-3p,CALM2
hsa-miR-454-3p,TGOLN2
hsa-miR-454-3p,CHMP3
hsa-miR-454-3p,TBC1D8
hsa-miR-454-3p,SESTD1
hsa-miR-454-3p,KLF11
hsa-miR-454-3p,LCLAT1
hsa-miR-454-3p,BIRC6
hsa-miR-454-3p,SOCS5
hsa-miR-454-3p,LGALSL
hsa-miR-454-3p,RMND5A
hsa-miR-454-3p,BCL2L11
hsa-miR-454-3p,PTPN4
hsa-miR-454-3p,SPOPL
hsa-miR-454-3p,EPC2
hsa-miR-454-3p,TANC1
hsa-miR-454-3p,MAP3K20
hsa-miR-454-3p,NABP1
hsa-miR-454-3p,SLC39A10
hsa-miR-454-3p,BMPR2
hsa-miR-454-3p,PIKFYVE
hsa-miR-454-3p,ATG16L1
hsa-miR-454-3p,SNX5
hsa-miR-454-3p,BLCAP
hsa-miR-454-3p,SERINC3
hsa-miR-454-3p,B4GALT5
hsa-miR-454-3p,SPATA2
hsa-miR-454-3p,ZNF217
hsa-miR-454-3p,PRNP
hsa-miR-454-3p,BTBD3
hsa-miR-454-3p,PHF20
hsa-miR-454-3p,SLC2A4RG
hsa-miR-454-3p,BRWD1
hsa-miR-454-3p,SIK1
hsa-miR-454-3p,TOB2
hsa-miR-454-3p,VGLL4
hsa-miR-454-3p,FYCO1
hsa-miR-454-3p,MAP4
hsa-miR-454-3p,EOGT
hsa-miR-454-3p,FOXP1
hsa-miR-454-3p,DCBLD2
hsa-miR-454-3p,NAA50
hsa-miR-454-3p,PFN2
hsa-miR-454-3p,TBL1XR1
hsa-miR-454-3p,MB21D2
hsa-miR-454-3p,ATP13A3
hsa-miR-454-3p,ITPR1
hsa-miR-454-3p,SLC6A6
hsa-miR-454-3p,RAB5A
hsa-miR-454-3p,TGFBR2
hsa-miR-454-3p,APPL1
hsa-miR-454-3p,PXYLP1
hsa-miR-454-3p,MBNL1
hsa-miR-454-3p,FXR1
hsa-miR-454-3p,IL1RAP
hsa-miR-454-3p,G3BP2
hsa-miR-454-3p,WDFY3
hsa-miR-454-3p,FAM13A
hsa-miR-454-3p,CCNA2
hsa-miR-454-3p,OTUD4
hsa-miR-454-3p,CPEB2
hsa-miR-454-3p,STIM2
hsa-miR-454-3p,KLF3
hsa-miR-454-3p,KIT
hsa-miR-454-3p,EREG
hsa-miR-454-3p,CDS1
hsa-miR-454-3p,AFF1
hsa-miR-454-3p,NPNT
hsa-miR-454-3p,MSMO1
hsa-miR-454-3p,PRKAA1
hsa-miR-454-3p,SGTB
hsa-miR-454-3p,ARRDC3
hsa-miR-454-3p,IRF1
hsa-miR-454-3p,YIPF5
hsa-miR-454-3p,ERBIN
hsa-miR-454-3p,MAP1B
hsa-miR-454-3p,LNPEP
hsa-miR-454-3p,MACIR
hsa-miR-454-3p,PHAX
hsa-miR-454-3p,SMAD5
hsa-miR-454-3p,MAT2B
hsa-miR-454-3p,CPEB4
hsa-miR-454-3p,CANX
hsa-miR-454-3p,MAML1
hsa-miR-454-3p,CNOT6
hsa-miR-454-3p,KIF13A
hsa-miR-454-3p,ENPP5
hsa-miR-454-3p,RRAGD
hsa-miR-454-3p,MAP7
hsa-miR-454-3p,FOXF2
hsa-miR-454-3p,WRNIP1
hsa-miR-454-3p,EDN1
hsa-miR-454-3p,JARID2
hsa-miR-454-3p,SOX4
hsa-miR-454-3p,CDKN1A
hsa-miR-454-3p,ENPP4
hsa-miR-454-3p,PTP4A1
hsa-miR-454-3p,AL135905.2
hsa-miR-454-3p,PNRC1
hsa-miR-454-3p,HECA
hsa-miR-454-3p,SASH1
hsa-miR-454-3p,QKI
hsa-miR-454-3p,GRB10
hsa-miR-454-3p,ZNF3
hsa-miR-454-3p,CCDC71L
hsa-miR-454-3p,BMT2
hsa-miR-454-3p,WASL
hsa-miR-454-3p,ZNF800
hsa-miR-454-3p,FASTK
hsa-miR-454-3p,KMT2C
hsa-miR-454-3p,CCT6A
hsa-miR-454-3p,ANKIB1
hsa-miR-454-3p,LMTK2
hsa-miR-454-3p,HBP1
hsa-miR-454-3p,TES
hsa-miR-454-3p,CAV2
hsa-miR-454-3p,MET
hsa-miR-454-3p,LONRF1
hsa-miR-454-3p,DLC1
hsa-miR-454-3p,NSD3
hsa-miR-454-3p,MYBL1
hsa-miR-454-3p,SYBU
hsa-miR-454-3p,MTMR9
hsa-miR-454-3p,VPS37A
hsa-miR-454-3p,DPYSL2
hsa-miR-454-3p,FZD6
hsa-miR-454-3p,EFR3A
hsa-miR-454-3p,NFIB
hsa-miR-454-3p,RNF38
hsa-miR-454-3p,ABCA1
hsa-miR-454-3p,RAB14
hsa-miR-454-3p,TSC1
hsa-miR-454-3p,TMEM250
hsa-miR-454-3p,NRARP
hsa-miR-454-3p,SLC44A1
hsa-miR-454-3p,PIGA
hsa-miR-454-3p,SCML2
hsa-miR-454-3p,ACSL4
hsa-miR-454-3p,MMGT1
hsa-miR-454-3p,MID1IP1
hsa-miR-454-3p,CHIC1
hsa-miR-454-3p,ZNF711
hsa-miR-454-3p,HPRT1
hsa-miR-454-3p,FMR1
hsa-miR-455-5p,ARID1A
hsa-miR-455-5p,RAB18
hsa-miR-455-5p,PATL1
hsa-miR-455-5p,IPO7
hsa-miR-455-5p,PPP1R12A
hsa-miR-455-5p,CDKN1B
hsa-miR-455-5p,TMED2
hsa-miR-455-5p,KPNA3
hsa-miR-455-5p,HNRNPC
hsa-miR-455-5p,SECISBP2L
hsa-miR-455-5p,RNF111
hsa-miR-455-5p,DYNC1LI2
hsa-miR-455-5p,SOCS3
hsa-miR-455-5p,NLK
hsa-miR-455-5p,MEMO1
hsa-miR-455-5p,TRAK2
hsa-miR-455-5p,FZD5
hsa-miR-455-5p,MXD1
hsa-miR-455-5p,ADNP
hsa-miR-455-5p,DYRK1A
hsa-miR-455-5p,TBL1XR1
hsa-miR-455-5p,ATP13A3
hsa-miR-455-5p,ARRDC3
hsa-miR-455-5p,CAST
hsa-miR-455-5p,CPEB4
hsa-miR-455-5p,TMEM30A
hsa-miR-455-5p,MYLIP
hsa-miR-455-5p,PNRC1
hsa-miR-455-5p,DDX3X
hsa-miR-485-5p,S100A16
hsa-miR-485-5p,MAP7D1
hsa-miR-485-5p,ANXA11
hsa-miR-485-5p,SORBS1
hsa-miR-485-5p,B4GAT1
hsa-miR-485-5p,SOX5
hsa-miR-485-5p,RACGAP1
hsa-miR-485-5p,BAZ2A
hsa-miR-485-5p,ADIPOR2
hsa-miR-485-5p,FKBP4
hsa-miR-485-5p,PTMS
hsa-miR-485-5p,ATXN7L3B
hsa-miR-485-5p,VPS36
hsa-miR-485-5p,ATXN7L3
hsa-miR-485-5p,TAOK1
hsa-miR-485-5p,MSI2
hsa-miR-485-5p,DCAF7
hsa-miR-485-5p,SERTAD3
hsa-miR-485-5p,COPS7B
hsa-miR-485-5p,LZTS3
hsa-miR-485-5p,TPD52L2
hsa-miR-485-5p,CDC42EP1
hsa-miR-485-5p,TFRC
hsa-miR-485-5p,CDKN1A
hsa-miR-485-5p,YWHAG
hsa-miR-485-5p,SUMF2
hsa-miR-485-5p,PDE7A
hsa-miR-485-5p,OGT
hsa-miR-486-5p,KDM5B
hsa-miR-486-5p,PRRC2C
hsa-miR-486-5p,MARK1
hsa-miR-486-5p,PTEN
hsa-miR-486-5p,BTAF1
hsa-miR-486-5p,UBE2N
hsa-miR-486-5p,DYNLL1
hsa-miR-486-5p,ARHGAP5
hsa-miR-486-5p,RFFL
hsa-miR-486-5p,TOB1
hsa-miR-486-5p,SMARCD2
hsa-miR-486-5p,H3-3B
hsa-miR-486-5p,NFE2L1
hsa-miR-486-5p,SMAD2
hsa-miR-486-5p,PLAGL2
hsa-miR-486-5p,STK4
hsa-miR-486-5p,DCBLD2
hsa-miR-486-5p,TSC22D2
hsa-miR-486-5p,PIK3R1
hsa-miR-486-5p,SRSF3
hsa-miR-487b-3p,HERPUD1
hsa-miR-488-3p,ZNF281
hsa-miR-488-3p,CAMTA1
hsa-miR-488-3p,NFIA
hsa-miR-488-3p,MFSD14A
hsa-miR-488-3p,AC118553.2
hsa-miR-488-3p,CAPZA1
hsa-miR-488-3p,EIF3A
hsa-miR-488-3p,LCOR
hsa-miR-488-3p,CREBZF
hsa-miR-488-3p,WBP11
hsa-miR-488-3p,ATP2B1
hsa-miR-488-3p,CDKN1B
hsa-miR-488-3p,MLEC
hsa-miR-488-3p,TSC22D1
hsa-miR-488-3p,CALM1
hsa-miR-488-3p,ARPP19
hsa-miR-488-3p,AKAP13
hsa-miR-488-3p,VPS35
hsa-miR-488-3p,DCAF7
hsa-miR-488-3p,VPS4B
hsa-miR-488-3p,DNAJB1
hsa-miR-488-3p,IER2
hsa-miR-488-3p,SLC40A1
hsa-miR-488-3p,MAT2A
hsa-miR-488-3p,CERS6
hsa-miR-488-3p,TP53INP2
hsa-miR-488-3p,MAPK1
hsa-miR-488-3p,SLC4A7
hsa-miR-488-3p,RYBP
hsa-miR-488-3p,PGRMC2
hsa-miR-488-3p,OTUD4
hsa-miR-488-3p,AFF4
hsa-miR-488-3p,MAP3K1
hsa-miR-488-3p,RASA1
hsa-miR-488-3p,CCNG1
hsa-miR-488-3p,MAT2B
hsa-miR-488-3p,FSCN1
hsa-miR-488-3p,PEG10
hsa-miR-488-3p,CYRIB
hsa-miR-488-3p,ADAM9
hsa-miR-488-3p,SETX
hsa-miR-488-3p,SLC44A1
hsa-miR-488-3p,BRWD3
hsa-miR-490-3p,AHCTF1
hsa-miR-490-3p,AKIRIN1
hsa-miR-490-3p,DR1
hsa-miR-490-3p,CDC73
hsa-miR-490-3p,TNKS2
hsa-miR-490-3p,CREBZF
hsa-miR-490-3p,CD63
hsa-miR-490-3p,RSRC2
hsa-miR-490-3p,PCBP2
hsa-miR-490-3p,MBD6
hsa-miR-490-3p,HMGA2
hsa-miR-490-3p,PAPOLA
hsa-miR-490-3p,PCBP1
hsa-miR-490-3p,DDX17
hsa-miR-490-3p,SLC6A6
hsa-miR-490-3p,VDAC1
hsa-miR-490-3p,MAN2A1
hsa-miR-490-3p,PLAGL1
hsa-miR-490-3p,KMT2C
hsa-miR-490-3p,SLC39A14
hsa-miR-491-5p,APH1A
hsa-miR-491-5p,PEA15
hsa-miR-491-5p,SHOC2
hsa-miR-491-5p,TSKU
hsa-miR-491-5p,MBD6
hsa-miR-491-5p,SRCAP
hsa-miR-491-5p,AC106886.5
hsa-miR-491-5p,ZBTB4
hsa-miR-491-5p,GIPC1
hsa-miR-491-5p,DMWD
hsa-miR-491-5p,B4GALT5
hsa-miR-491-5p,FOXP4
hsa-miR-491-5p,MARCKS
hsa-miR-491-5p,PEG10
hsa-miR-491-5p,NFIB
hsa-miR-491-5p,TLN1
hsa-miR-494-3p,FOXJ3
hsa-miR-494-3p,ZNF281
hsa-miR-494-3p,ARID4B
hsa-miR-494-3p,CCNY
hsa-miR-494-3p,PTEN
hsa-miR-494-3p,SHOC2
hsa-miR-494-3p,TCF7L2
hsa-miR-494-3p,ARCN1
hsa-miR-494-3p,SLC38A2
hsa-miR-494-3p,KCTD10
hsa-miR-494-3p,CCND2
hsa-miR-494-3p,RAB5B
hsa-miR-494-3p,TSC22D1
hsa-miR-494-3p,SAP18
hsa-miR-494-3p,ZIC2
hsa-miR-494-3p,CUL4A
hsa-miR-494-3p,NOVA1
hsa-miR-494-3p,SPTSSA
hsa-miR-494-3p,ARHGAP5
hsa-miR-494-3p,FBXO34
hsa-miR-494-3p,HIF1A
hsa-miR-494-3p,MGA
hsa-miR-494-3p,IGF1R
hsa-miR-494-3p,ZFHX3
hsa-miR-494-3p,C16orf72
hsa-miR-494-3p,MMD
hsa-miR-494-3p,WDR45B
hsa-miR-494-3p,ZNF207
hsa-miR-494-3p,EIF1
hsa-miR-494-3p,IGF2BP1
hsa-miR-494-3p,LUC7L3
hsa-miR-494-3p,DLGAP1
hsa-miR-494-3p,ROCK1
hsa-miR-494-3p,TMX3
hsa-miR-494-3p,DSG2
hsa-miR-494-3p,JUND
hsa-miR-494-3p,TBC1D8
hsa-miR-494-3p,SOCS5
hsa-miR-494-3p,MAT2A
hsa-miR-494-3p,CCNT2
hsa-miR-494-3p,HNRNPA3
hsa-miR-494-3p,BMPR2
hsa-miR-494-3p,RBM39
hsa-miR-494-3p,HSPA13
hsa-miR-494-3p,BACH1
hsa-miR-494-3p,PBRM1
hsa-miR-494-3p,RYBP
hsa-miR-494-3p,SERP1
hsa-miR-494-3p,BHLHE40
hsa-miR-494-3p,EIF1B
hsa-miR-494-3p,TSC22D2
hsa-miR-494-3p,YEATS2
hsa-miR-494-3p,ANKRD17
hsa-miR-494-3p,G3BP2
hsa-miR-494-3p,SCD5
hsa-miR-494-3p,ANKRD50
hsa-miR-494-3p,ELF2
hsa-miR-494-3p,SETD7
hsa-miR-494-3p,OTUD4
hsa-miR-494-3p,HMGCS1
hsa-miR-494-3p,IL6ST
hsa-miR-494-3p,P4HA2
hsa-miR-494-3p,DPYSL3
hsa-miR-494-3p,G3BP1
hsa-miR-494-3p,WASL
hsa-miR-494-3p,CAV2
hsa-miR-494-3p,HAS2
hsa-miR-494-3p,TACC1
hsa-miR-494-3p,ZFHX4
hsa-miR-494-3p,RANBP6
hsa-miR-494-3p,NFIB
hsa-miR-494-3p,VPS13A
hsa-miR-494-3p,RAD23B
hsa-miR-494-3p,ATRX
hsa-miR-494-3p,MORF4L2
hsa-miR-494-3p,PGK1
hsa-miR-495-3p,HP1BP3
hsa-miR-495-3p,EFCAB14
hsa-miR-495-3p,ANKRD13C
hsa-miR-495-3p,FUBP1
hsa-miR-495-3p,RBM8A
hsa-miR-495-3p,F11R
hsa-miR-495-3p,ZNF281
hsa-miR-495-3p,NUCKS1
hsa-miR-495-3p,IRF2BP2
hsa-miR-495-3p,HNRNPU
hsa-miR-495-3p,CDC42
hsa-miR-495-3p,KDM4A
hsa-miR-495-3p,BTF3L4
hsa-miR-495-3p,ZFYVE9
hsa-miR-495-3p,PRKAA2
hsa-miR-495-3p,HIPK1
hsa-miR-495-3p,UHMK1
hsa-miR-495-3p,CDC73
hsa-miR-495-3p,FBXO28
hsa-miR-495-3p,ZBTB18
hsa-miR-495-3p,HNRNPF
hsa-miR-495-3p,ZNF503
hsa-miR-495-3p,SMNDC1
hsa-miR-495-3p,CELF2
hsa-miR-495-3p,ARID5B
hsa-miR-495-3p,DDIT4
hsa-miR-495-3p,VCL
hsa-miR-495-3p,SCD
hsa-miR-495-3p,CELF1
hsa-miR-495-3p,HNRNPUL2
hsa-miR-495-3p,ETS1
hsa-miR-495-3p,QSER1
hsa-miR-495-3p,PTPRJ
hsa-miR-495-3p,PAFAH1B2
hsa-miR-495-3p,KMT2D
hsa-miR-495-3p,NAP1L1
hsa-miR-495-3p,UBE2N
hsa-miR-495-3p,ZCCHC8
hsa-miR-495-3p,WNK1
hsa-miR-495-3p,RIMKLB
hsa-miR-495-3p,ACVR1B
hsa-miR-495-3p,SP1
hsa-miR-495-3p,CPSF6
hsa-miR-495-3p,HCFC2
hsa-miR-495-3p,WASHC4
hsa-miR-495-3p,TMED2
hsa-miR-495-3p,RAN
hsa-miR-495-3p,ITM2B
hsa-miR-495-3p,MBNL2
hsa-miR-495-3p,GMFB
hsa-miR-495-3p,SEL1L
hsa-miR-495-3p,DICER1
hsa-miR-495-3p,HSP90AA1
hsa-miR-495-3p,SAMD4A
hsa-miR-495-3p,SRSF5
hsa-miR-495-3p,SMOC1
hsa-miR-495-3p,JDP2
hsa-miR-495-3p,RCOR1
hsa-miR-495-3p,PCLAF
hsa-miR-495-3p,MAPK6
hsa-miR-495-3p,ARIH1
hsa-miR-495-3p,RCN2
hsa-miR-495-3p,IREB2
hsa-miR-495-3p,MORF4L1
hsa-miR-495-3p,CREBBP
hsa-miR-495-3p,UBN1
hsa-miR-495-3p,GSE1
hsa-miR-495-3p,VEZF1
hsa-miR-495-3p,SRSF1
hsa-miR-495-3p,TIMP2
hsa-miR-495-3p,CBX4
hsa-miR-495-3p,MPRIP
hsa-miR-495-3p,PSME3
hsa-miR-495-3p,UBE2Z
hsa-miR-495-3p,LUC7L3
hsa-miR-495-3p,KPNA2
hsa-miR-495-3p,PRKAR1A
hsa-miR-495-3p,TCF4
hsa-miR-495-3p,C18orf25
hsa-miR-495-3p,MIDN
hsa-miR-495-3p,ILF3
hsa-miR-495-3p,COX7A2L
hsa-miR-495-3p,FBXO11
hsa-miR-495-3p,PER2
hsa-miR-495-3p,CCNT2
hsa-miR-495-3p,NABP1
hsa-miR-495-3p,SNRPB
hsa-miR-495-3p,CHD6
hsa-miR-495-3p,PRELID3B
hsa-miR-495-3p,DSTN
hsa-miR-495-3p,HSPA13
hsa-miR-495-3p,JOSD1
hsa-miR-495-3p,ATP2B2
hsa-miR-495-3p,VGLL4
hsa-miR-495-3p,SATB1
hsa-miR-495-3p,RYBP
hsa-miR-495-3p,CNBP
hsa-miR-495-3p,ZBTB47
hsa-miR-495-3p,U2SURP
hsa-miR-495-3p,FXR1
hsa-miR-495-3p,CLOCK
hsa-miR-495-3p,UBA6
hsa-miR-495-3p,MAPK10
hsa-miR-495-3p,OTUD4
hsa-miR-495-3p,KLHL5
hsa-miR-495-3p,SEPTIN11
hsa-miR-495-3p,JADE1
hsa-miR-495-3p,ABCE1
hsa-miR-495-3p,MTMR12
hsa-miR-495-3p,HMGCS1
hsa-miR-495-3p,P4HA2
hsa-miR-495-3p,PPP2CA
hsa-miR-495-3p,CSNK1A1
hsa-miR-495-3p,SPARC
hsa-miR-495-3p,DUSP1
hsa-miR-495-3p,HNRNPH1
hsa-miR-495-3p,HMGCR
hsa-miR-495-3p,RASA1
hsa-miR-495-3p,CAST
hsa-miR-495-3p,HSPA4
hsa-miR-495-3p,G3BP1
hsa-miR-495-3p,NPM1
hsa-miR-495-3p,TMED9
hsa-miR-495-3p,CD164
hsa-miR-495-3p,BCLAF1
hsa-miR-495-3p,THBS2
hsa-miR-495-3p,PTK7
hsa-miR-495-3p,ZNF451
hsa-miR-495-3p,ZNF292
hsa-miR-495-3p,PNRC1
hsa-miR-495-3p,MARCKS
hsa-miR-495-3p,TNRC18
hsa-miR-495-3p,SLC35B4
hsa-miR-495-3p,GLCCI1
hsa-miR-495-3p,SEPTIN7
hsa-miR-495-3p,CUX1
hsa-miR-495-3p,INSIG1
hsa-miR-495-3p,PDE7A
hsa-miR-495-3p,TPD52
hsa-miR-495-3p,TMEM65
hsa-miR-495-3p,DDHD2
hsa-miR-495-3p,RAB2A
hsa-miR-495-3p,CHD7
hsa-miR-495-3p,YTHDF3
hsa-miR-495-3p,ZFHX4
hsa-miR-495-3p,ZBTB10
hsa-miR-495-3p,SDC2
hsa-miR-495-3p,NFIB
hsa-miR-495-3p,ZFAND5
hsa-miR-495-3p,GAS1
hsa-miR-495-3p,PPP6C
hsa-miR-495-3p,HSPA5
hsa-miR-495-3p,CDC37L1
hsa-miR-495-3p,SLC44A1
hsa-miR-495-3p,DDX3X
hsa-miR-495-3p,DDX3Y
hsa-miR-496,PBX1
hsa-miR-496,RO60
hsa-miR-496,ATP2A2
hsa-miR-496,KHNYN
hsa-miR-496,ARL2BP
hsa-miR-496,GATA6
hsa-miR-496,CALCRL
hsa-miR-496,FOXN2
hsa-miR-496,KCMF1
hsa-miR-496,CCNT2
hsa-miR-496,THRB
hsa-miR-496,TMCC1
hsa-miR-496,TGFBR2
hsa-miR-496,MBNL1
hsa-miR-496,RANBP9
hsa-miR-496,ZBTB10
hsa-miR-496,PPP6C
hsa-miR-497-5p,HSPG2
hsa-miR-497-5p,YRDC
hsa-miR-497-5p,PLPP3
hsa-miR-497-5p,FUBP1
hsa-miR-497-5p,TGFBR3
hsa-miR-497-5p,CSDE1
hsa-miR-497-5p,NOTCH2
hsa-miR-497-5p,TXNIP
hsa-miR-497-5p,PRKAB2
hsa-miR-497-5p,UBE2Q1
hsa-miR-497-5p,FAM189B
hsa-miR-497-5p,ASH1L
hsa-miR-497-5p,HDGF
hsa-miR-497-5p,COP1
hsa-miR-497-5p,PHLDA3
hsa-miR-497-5p,AKT3
hsa-miR-497-5p,KIF1B
hsa-miR-497-5p,SPEN
hsa-miR-497-5p,PDIK1L
hsa-miR-497-5p,AGO1
hsa-miR-497-5p,SRSF11
hsa-miR-497-5p,MIGA1
hsa-miR-497-5p,DNAJB4
hsa-miR-497-5p,KCNC4
hsa-miR-497-5p,LRIG2
hsa-miR-497-5p,PRRC2C
hsa-miR-497-5p,SUCO
hsa-miR-497-5p,LAMC1
hsa-miR-497-5p,NAV1
hsa-miR-497-5p,BTG2
hsa-miR-497-5p,RASSF5
hsa-miR-497-5p,GDI2
hsa-miR-497-5p,CCDC6
hsa-miR-497-5p,ANXA11
hsa-miR-497-5p,GLUD1
hsa-miR-497-5p,RAB11FIP2
hsa-miR-497-5p,CACUL1
hsa-miR-497-5p,PPIF
hsa-miR-497-5p,CEP55
hsa-miR-497-5p,SLC35G1
hsa-miR-497-5p,ENTPD7
hsa-miR-497-5p,BTRC
hsa-miR-497-5p,PDCD4
hsa-miR-497-5p,SHOC2
hsa-miR-497-5p,FAM160B1
hsa-miR-497-5p,PLEKHA1
hsa-miR-497-5p,SLC25A22
hsa-miR-497-5p,SOX6
hsa-miR-497-5p,SPTBN2
hsa-miR-497-5p,C11orf24
hsa-miR-497-5p,UCP2
hsa-miR-497-5p,PPP2R1B
hsa-miR-497-5p,SRPRA
hsa-miR-497-5p,ARHGAP32
hsa-miR-497-5p,SMPD1
hsa-miR-497-5p,IPO7
hsa-miR-497-5p,WEE1
hsa-miR-497-5p,CCND1
hsa-miR-497-5p,AMOTL1
hsa-miR-497-5p,YAP1
hsa-miR-497-5p,PAFAH1B2
hsa-miR-497-5p,UBE4A
hsa-miR-497-5p,SLC2A3
hsa-miR-497-5p,M6PR
hsa-miR-497-5p,WBP11
hsa-miR-497-5p,TM7SF3
hsa-miR-497-5p,KIF21A
hsa-miR-497-5p,TUBA1A
hsa-miR-497-5p,SLC11A2
hsa-miR-497-5p,SPRYD3
hsa-miR-497-5p,CTDSP2
hsa-miR-497-5p,E2F7
hsa-miR-497-5p,CDK17
hsa-miR-497-5p,PRDM4
hsa-miR-497-5p,C12orf76
hsa-miR-497-5p,NAA25
hsa-miR-497-5p,NCOR2
hsa-miR-497-5p,SLC15A4
hsa-miR-497-5p,CCND2
hsa-miR-497-5p,GABARAPL1
hsa-miR-497-5p,AEBP2
hsa-miR-497-5p,GOLT1B
hsa-miR-497-5p,ETNK1
hsa-miR-497-5p,RASSF8
hsa-miR-497-5p,HOXC8
hsa-miR-497-5p,USP15
hsa-miR-497-5p,HMGA2
hsa-miR-497-5p,DYRK2
hsa-miR-497-5p,FRS2
hsa-miR-497-5p,ATXN7L3B
hsa-miR-497-5p,SETD1B
hsa-miR-497-5p,LATS2
hsa-miR-497-5p,KATNAL1
hsa-miR-497-5p,RUBCNL
hsa-miR-497-5p,AKAP11
hsa-miR-497-5p,MBNL2
hsa-miR-497-5p,PIP4P1
hsa-miR-497-5p,SUPT16H
hsa-miR-497-5p,HECTD1
hsa-miR-497-5p,FERMT2
hsa-miR-497-5p,ATG14
hsa-miR-497-5p,VTI1B
hsa-miR-497-5p,MIDEAS
hsa-miR-497-5p,ERG28
hsa-miR-497-5p,IRF2BPL
hsa-miR-497-5p,CCDC88C
hsa-miR-497-5p,DICER1
hsa-miR-497-5p,CDCA4
hsa-miR-497-5p,BCL2L2
hsa-miR-497-5p,STYX
hsa-miR-497-5p,PPM1A
hsa-miR-497-5p,SLC39A9
hsa-miR-497-5p,CALM1
hsa-miR-497-5p,PPP2R5C
hsa-miR-497-5p,TMEM87A
hsa-miR-497-5p,MYO5A
hsa-miR-497-5p,SPRED1
hsa-miR-497-5p,CHAC1
hsa-miR-497-5p,RNF111
hsa-miR-497-5p,MAP2K1
hsa-miR-497-5p,KIF23
hsa-miR-497-5p,ARIH1
hsa-miR-497-5p,FURIN
hsa-miR-497-5p,ARRDC4
hsa-miR-497-5p,LITAF
hsa-miR-497-5p,USP31
hsa-miR-497-5p,DNAJA2
hsa-miR-497-5p,N4BP1
hsa-miR-497-5p,SALL1
hsa-miR-497-5p,PHLPP2
hsa-miR-497-5p,ZFHX3
hsa-miR-497-5p,CBFA2T3
hsa-miR-497-5p,C16orf72
hsa-miR-497-5p,UBFD1
hsa-miR-497-5p,DCTN5
hsa-miR-497-5p,RBBP6
hsa-miR-497-5p,NFATC3
hsa-miR-497-5p,VPS4A
hsa-miR-497-5p,ATXN1L
hsa-miR-497-5p,PSMD7
hsa-miR-497-5p,CLUH
hsa-miR-497-5p,SYNRG
hsa-miR-497-5p,FBXL20
hsa-miR-497-5p,MED1
hsa-miR-497-5p,VAT1
hsa-miR-497-5p,ATXN7L3
hsa-miR-497-5p,GPATCH8
hsa-miR-497-5p,CDC27
hsa-miR-497-5p,TMEM100
hsa-miR-497-5p,MTMR4
hsa-miR-497-5p,SMURF2
hsa-miR-497-5p,AXIN2
hsa-miR-497-5p,CBX4
hsa-miR-497-5p,ARHGDIA
hsa-miR-497-5p,FASN
hsa-miR-497-5p,PAFAH1B1
hsa-miR-497-5p,TVP23B
hsa-miR-497-5p,ANKRD13B
hsa-miR-497-5p,CPD
hsa-miR-497-5p,NF1
hsa-miR-497-5p,CDK5R1
hsa-miR-497-5p,AP2B1
hsa-miR-497-5p,CNTNAP1
hsa-miR-497-5p,NFE2L1
hsa-miR-497-5p,PPM1D
hsa-miR-497-5p,CBX2
hsa-miR-497-5p,RNF213
hsa-miR-497-5p,SMAD7
hsa-miR-497-5p,BCL2
hsa-miR-497-5p,KDSR
hsa-miR-497-5p,USP14
hsa-miR-497-5p,NAPG
hsa-miR-497-5p,SEH1L
hsa-miR-497-5p,MIB1
hsa-miR-497-5p,TCF3
hsa-miR-497-5p,RANBP3
hsa-miR-497-5p,INSR
hsa-miR-497-5p,MED26
hsa-miR-497-5p,ELL
hsa-miR-497-5p,DYRK1B
hsa-miR-497-5p,KCNN4
hsa-miR-497-5p,PNPLA6
hsa-miR-497-5p,CARM1
hsa-miR-497-5p,SYDE1
hsa-miR-497-5p,CCNE1
hsa-miR-497-5p,RAB4B-EGLN2
hsa-miR-497-5p,EGLN2
hsa-miR-497-5p,ARHGAP35
hsa-miR-497-5p,AP2A1
hsa-miR-497-5p,MYADM
hsa-miR-497-5p,PDIA6
hsa-miR-497-5p,RTN4
hsa-miR-497-5p,C2orf42
hsa-miR-497-5p,CYP26B1
hsa-miR-497-5p,BOLA3
hsa-miR-497-5p,MGAT4A
hsa-miR-497-5p,RBMS1
hsa-miR-497-5p,TLK1
hsa-miR-497-5p,IHH
hsa-miR-497-5p,ATG9A
hsa-miR-497-5p,AC068946.2
hsa-miR-497-5p,IRS1
hsa-miR-497-5p,RAB10
hsa-miR-497-5p,NRBP1
hsa-miR-497-5p,CRIM1
hsa-miR-497-5p,PEX13
hsa-miR-497-5p,ACTR2
hsa-miR-497-5p,VAMP8
hsa-miR-497-5p,SOWAHC
hsa-miR-497-5p,TMEM87B
hsa-miR-497-5p,CCNT2
hsa-miR-497-5p,UBR3
hsa-miR-497-5p,GORASP2
hsa-miR-497-5p,SLC39A10
hsa-miR-497-5p,MOB4
hsa-miR-497-5p,BZW1
hsa-miR-497-5p,SEPTIN2
hsa-miR-497-5p,TBC1D20
hsa-miR-497-5p,NOL4L
hsa-miR-497-5p,RBM12
hsa-miR-497-5p,ELMO2
hsa-miR-497-5p,PEDS1-UBE2V1
hsa-miR-497-5p,UBE2V1
hsa-miR-497-5p,ZCCHC3
hsa-miR-497-5p,CDC25B
hsa-miR-497-5p,CDS2
hsa-miR-497-5p,KIF3B
hsa-miR-497-5p,TGIF2
hsa-miR-497-5p,SYS1
hsa-miR-497-5p,APP
hsa-miR-497-5p,SYNJ1
hsa-miR-497-5p,SUMO3
hsa-miR-497-5p,SON
hsa-miR-497-5p,PISD
hsa-miR-497-5p,CRKL
hsa-miR-497-5p,ZNRF3
hsa-miR-497-5p,MTMR3
hsa-miR-497-5p,NUP50
hsa-miR-497-5p,MAP4
hsa-miR-497-5p,CDC25A
hsa-miR-497-5p,PRKAR2A
hsa-miR-497-5p,DCP1A
hsa-miR-497-5p,LRIG1
hsa-miR-497-5p,KPNA1
hsa-miR-497-5p,PLSCR4
hsa-miR-497-5p,TBL1XR1
hsa-miR-497-5p,DCUN1D1
hsa-miR-497-5p,ATP13A3
hsa-miR-497-5p,SNRK
hsa-miR-497-5p,CDV3
hsa-miR-497-5p,TSC22D2
hsa-miR-497-5p,FNDC3B
hsa-miR-497-5p,PAK2
hsa-miR-497-5p,PAQR3
hsa-miR-497-5p,EIF4E
hsa-miR-497-5p,LAMTOR3
hsa-miR-497-5p,TBC1D9
hsa-miR-497-5p,FBXW7
hsa-miR-497-5p,PLRG1
hsa-miR-497-5p,CPEB2
hsa-miR-497-5p,PI4K2B
hsa-miR-497-5p,RBPJ
hsa-miR-497-5p,DCUN1D4
hsa-miR-497-5p,PDLIM5
hsa-miR-497-5p,FGF2
hsa-miR-497-5p,HSPA4L
hsa-miR-497-5p,SCOC
hsa-miR-497-5p,CLCN3
hsa-miR-497-5p,GALNT7
hsa-miR-497-5p,ZNF622
hsa-miR-497-5p,AFF4
hsa-miR-497-5p,CDC23
hsa-miR-497-5p,DIAPH1
hsa-miR-497-5p,ITGA2
hsa-miR-497-5p,PIK3R1
hsa-miR-497-5p,PAM
hsa-miR-497-5p,CDC42SE2
hsa-miR-497-5p,SMAD5
hsa-miR-497-5p,PURA
hsa-miR-497-5p,SLC35A4
hsa-miR-497-5p,ADRB2
hsa-miR-497-5p,CREBRF
hsa-miR-497-5p,SRPK1
hsa-miR-497-5p,STK38
hsa-miR-497-5p,COL12A1
hsa-miR-497-5p,GPR63
hsa-miR-497-5p,PNISR
hsa-miR-497-5p,SESN1
hsa-miR-497-5p,CD164
hsa-miR-497-5p,SGK1
hsa-miR-497-5p,MAP7
hsa-miR-497-5p,PLAGL1
hsa-miR-497-5p,LATS1
hsa-miR-497-5p,SMIM13
hsa-miR-497-5p,JARID2
hsa-miR-497-5p,RNF144B
hsa-miR-497-5p,E2F3
hsa-miR-497-5p,HMGA1
hsa-miR-497-5p,ANKS1A
hsa-miR-497-5p,PIM1
hsa-miR-497-5p,VEGFA
hsa-miR-497-5p,CD2AP
hsa-miR-497-5p,FAM135A
hsa-miR-497-5p,SH3BGRL2
hsa-miR-497-5p,RNF217
hsa-miR-497-5p,TBPL1
hsa-miR-497-5p,MYB
hsa-miR-497-5p,VTA1
hsa-miR-497-5p,PHACTR2
hsa-miR-497-5p,PCMT1
hsa-miR-497-5p,IGF2R
hsa-miR-497-5p,QKI
hsa-miR-497-5p,TBP
hsa-miR-497-5p,GNA12
hsa-miR-497-5p,HOXA3
hsa-miR-497-5p,HOXA10
hsa-miR-497-5p,SMURF1
hsa-miR-497-5p,SYPL1
hsa-miR-497-5p,KMT2C
hsa-miR-497-5p,MAFK
hsa-miR-497-5p,WIPI2
hsa-miR-497-5p,USP42
hsa-miR-497-5p,AVL9
hsa-miR-497-5p,ANLN
hsa-miR-497-5p,POM121
hsa-miR-497-5p,CLDN12
hsa-miR-497-5p,ANKIB1
hsa-miR-497-5p,CAPZA2
hsa-miR-497-5p,CALU
hsa-miR-497-5p,KLHDC10
hsa-miR-497-5p,FGFR1
hsa-miR-497-5p,SLC20A2
hsa-miR-497-5p,PLAG1
hsa-miR-497-5p,MYBL1
hsa-miR-497-5p,TRAM1
hsa-miR-497-5p,SNX16
hsa-miR-497-5p,RUNX1T1
hsa-miR-497-5p,SLC7A2
hsa-miR-497-5p,EXTL3
hsa-miR-497-5p,TACC1
hsa-miR-497-5p,IKBKB
hsa-miR-497-5p,ZFHX4
hsa-miR-497-5p,ZBTB10
hsa-miR-497-5p,WWP1
hsa-miR-497-5p,FZD6
hsa-miR-497-5p,FAM91A1
hsa-miR-497-5p,B4GALT1
hsa-miR-497-5p,SPTLC1
hsa-miR-497-5p,IARS1
hsa-miR-497-5p,IPPK
hsa-miR-497-5p,PTCH1
hsa-miR-497-5p,ZNF367
hsa-miR-497-5p,EPB41L4B
hsa-miR-497-5p,PTPN3
hsa-miR-497-5p,PHF19
hsa-miR-497-5p,PPP6C
hsa-miR-497-5p,CAMSAP1
hsa-miR-497-5p,TMEM250
hsa-miR-497-5p,NRARP
hsa-miR-497-5p,KANK1
hsa-miR-497-5p,CDC37L1
hsa-miR-497-5p,RIC1
hsa-miR-497-5p,LURAP1L
hsa-miR-497-5p,RRAGA
hsa-miR-497-5p,RECK
hsa-miR-497-5p,FAM122A
hsa-miR-497-5p,PSAT1
hsa-miR-497-5p,TLE4
hsa-miR-497-5p,RAD23B
hsa-miR-497-5p,PAPPA
hsa-miR-497-5p,ZBTB43
hsa-miR-497-5p,ZBTB34
hsa-miR-497-5p,RPS6KA3
hsa-miR-497-5p,KLHL15
hsa-miR-497-5p,AMER1
hsa-miR-497-5p,PHKA1
hsa-miR-497-5p,ARMCX2
hsa-miR-497-5p,TSC22D3
hsa-miR-497-5p,ACSL4
hsa-miR-497-5p,AMOT
hsa-miR-497-5p,LAMP2
hsa-miR-497-5p,APLN
hsa-miR-497-5p,RAP2C
hsa-miR-497-5p,FAM122B
hsa-miR-497-5p,DDX3X
hsa-miR-497-5p,OGT
hsa-miR-497-5p,ZBTB33
hsa-miR-497-5p,SLC9A6
hsa-miR-497-5p,ZNF275
hsa-miR-499a-5p,FZD8
hsa-miR-499a-5p,PDCD4
hsa-miR-499a-5p,EIF4G2
hsa-miR-499a-5p,SOX5
hsa-miR-499a-5p,UBE2N
hsa-miR-499a-5p,KLHL42
hsa-miR-499a-5p,TMBIM6
hsa-miR-499a-5p,FNDC3A
hsa-miR-499a-5p,ERO1A
hsa-miR-499a-5p,IRF2BPL
hsa-miR-499a-5p,FOXG1
hsa-miR-499a-5p,SECISBP2L
hsa-miR-499a-5p,TSPAN3
hsa-miR-499a-5p,AP1G1
hsa-miR-499a-5p,UBN1
hsa-miR-499a-5p,RAB5C
hsa-miR-499a-5p,MED13
hsa-miR-499a-5p,H3-3B
hsa-miR-499a-5p,PRKAR1A
hsa-miR-499a-5p,WDR82
hsa-miR-499a-5p,PFN2
hsa-miR-499a-5p,EIF4A2
hsa-miR-499a-5p,H2AZ1
hsa-miR-499a-5p,RNF44
hsa-miR-499a-5p,ZSWIM6
hsa-miR-499a-5p,APC
hsa-miR-499a-5p,PPIL4
hsa-miR-499a-5p,SOX4
hsa-miR-499a-5p,QKI
hsa-miR-499a-5p,KDM7A
hsa-miR-499a-5p,STC1
hsa-miR-499a-5p,SYBU
hsa-miR-499a-5p,UBE2V2
hsa-miR-499a-5p,MTDH
hsa-miR-499a-5p,NRARP
hsa-miR-503-5p,SLC35G1
hsa-miR-503-5p,PDCD4
hsa-miR-503-5p,IPO7
hsa-miR-503-5p,WEE1
hsa-miR-503-5p,WBP11
hsa-miR-503-5p,PRDM4
hsa-miR-503-5p,CCND2
hsa-miR-503-5p,RUBCNL
hsa-miR-503-5p,PIP4P1
hsa-miR-503-5p,HECTD1
hsa-miR-503-5p,CDCA4
hsa-miR-503-5p,KIF23
hsa-miR-503-5p,DNAJA2
hsa-miR-503-5p,N4BP1
hsa-miR-503-5p,SMURF2
hsa-miR-503-5p,KIF1C
hsa-miR-503-5p,NFE2L1
hsa-miR-503-5p,PPM1D
hsa-miR-503-5p,SMAD7
hsa-miR-503-5p,AP3D1
hsa-miR-503-5p,TLK1
hsa-miR-503-5p,CHPF
hsa-miR-503-5p,MOB4
hsa-miR-503-5p,ZNF217
hsa-miR-503-5p,LRRC58
hsa-miR-503-5p,TSC22D2
hsa-miR-503-5p,EIF4G1
hsa-miR-503-5p,EIF4E
hsa-miR-503-5p,ZNF622
hsa-miR-503-5p,RICTOR
hsa-miR-503-5p,TNPO1
hsa-miR-503-5p,PAM
hsa-miR-503-5p,CDC42SE2
hsa-miR-503-5p,LARP1
hsa-miR-503-5p,JARID2
hsa-miR-503-5p,PTK7
hsa-miR-503-5p,CD2AP
hsa-miR-503-5p,ANLN
hsa-miR-503-5p,SLC20A2
hsa-miR-503-5p,TLN1
hsa-miR-503-5p,IPPK
hsa-miR-503-5p,CDC37L1
hsa-miR-503-5p,RECK
hsa-miR-503-5p,FAM122A
hsa-miR-505-3p,EPS15
hsa-miR-505-3p,MEF2D
hsa-miR-505-3p,MIER1
hsa-miR-505-3p,SPTY2D1
hsa-miR-505-3p,SF1
hsa-miR-505-3p,SPINDOC
hsa-miR-505-3p,MZT1
hsa-miR-505-3p,NOVA1
hsa-miR-505-3p,CNIH1
hsa-miR-505-3p,MAP3K3
hsa-miR-505-3p,FLRT3
hsa-miR-505-3p,SON
hsa-miR-505-3p,DDX17
hsa-miR-505-3p,DHX15
hsa-miR-505-3p,CPEB2
hsa-miR-505-3p,AFF4
hsa-miR-505-3p,CANX
hsa-miR-505-3p,KIAA0408
hsa-miR-505-3p,AL096711.2
hsa-miR-505-3p,TAX1BP1
hsa-miR-505-3p,NCOA2
hsa-miR-505-3p,AZIN1
hsa-miR-505-3p,FMR1
hsa-miR-506-3p,ECE1
hsa-miR-506-3p,DHCR24
hsa-miR-506-3p,CNN3
hsa-miR-506-3p,ANP32E
hsa-miR-506-3p,CERS2
hsa-miR-506-3p,VAMP3
hsa-miR-506-3p,RNF11
hsa-miR-506-3p,HIPK1
hsa-miR-506-3p,ZBTB7B
hsa-miR-506-3p,KLF6
hsa-miR-506-3p,P4HA1
hsa-miR-506-3p,ZCCHC24
hsa-miR-506-3p,SCD
hsa-miR-506-3p,DDX6
hsa-miR-506-3p,GXYLT1
hsa-miR-506-3p,ATF7
hsa-miR-506-3p,NEMP1
hsa-miR-506-3p,CCND2
hsa-miR-506-3p,ELK3
hsa-miR-506-3p,COL4A1
hsa-miR-506-3p,SIX4
hsa-miR-506-3p,SCAMP2
hsa-miR-506-3p,CHP1
hsa-miR-506-3p,BLOC1S6
hsa-miR-506-3p,IQGAP1
hsa-miR-506-3p,GGA2
hsa-miR-506-3p,RANBP10
hsa-miR-506-3p,FLOT2
hsa-miR-506-3p,VAT1
hsa-miR-506-3p,MAP2K4
hsa-miR-506-3p,USP14
hsa-miR-506-3p,NFIX
hsa-miR-506-3p,MYADM
hsa-miR-506-3p,SOS1
hsa-miR-506-3p,BAZ2B
hsa-miR-506-3p,RAB10
hsa-miR-506-3p,LCLAT1
hsa-miR-506-3p,ITPRID2
hsa-miR-506-3p,NRP2
hsa-miR-506-3p,RRBP1
hsa-miR-506-3p,BRWD1
hsa-miR-506-3p,MYH9
hsa-miR-506-3p,PLXNB2
hsa-miR-506-3p,SERP1
hsa-miR-506-3p,TMEM41A
hsa-miR-506-3p,EDEM1
hsa-miR-506-3p,LPP
hsa-miR-506-3p,ANXA5
hsa-miR-506-3p,LIMCH1
hsa-miR-506-3p,SMARCAD1
hsa-miR-506-3p,DAB2
hsa-miR-506-3p,CHD1
hsa-miR-506-3p,NDFIP1
hsa-miR-506-3p,G3BP1
hsa-miR-506-3p,ELOVL5
hsa-miR-506-3p,COL12A1
hsa-miR-506-3p,CD164
hsa-miR-506-3p,WASF1
hsa-miR-506-3p,ARFGEF3
hsa-miR-506-3p,QKI
hsa-miR-506-3p,CREB3L2
hsa-miR-506-3p,AHR
hsa-miR-506-3p,PTPN12
hsa-miR-506-3p,LONRF1
hsa-miR-506-3p,AK3
hsa-miR-506-3p,PTPRD
hsa-miR-506-3p,MLLT3
hsa-miR-506-3p,PTBP3
hsa-miR-506-3p,SURF4
hsa-miR-506-3p,YIPF6
hsa-miR-506-3p,PHF6
hsa-miR-519d-3p,RSRP1
hsa-miR-519d-3p,RPA2
hsa-miR-519d-3p,MTF1
hsa-miR-519d-3p,FOXJ3
hsa-miR-519d-3p,EFCAB14
hsa-miR-519d-3p,JAK1
hsa-miR-519d-3p,ANKRD13C
hsa-miR-519d-3p,SSX2IP
hsa-miR-519d-3p,F3
hsa-miR-519d-3p,RHOC
hsa-miR-519d-3p,TXNIP
hsa-miR-519d-3p,MCL1
hsa-miR-519d-3p,ADAR
hsa-miR-519d-3p,DCAF8
hsa-miR-519d-3p,AL139011.2
hsa-miR-519d-3p,DEDD
hsa-miR-519d-3p,STX6
hsa-miR-519d-3p,NIBAN1
hsa-miR-519d-3p,PPP1R15B
hsa-miR-519d-3p,SLC41A1
hsa-miR-519d-3p,YOD1
hsa-miR-519d-3p,LPGAT1
hsa-miR-519d-3p,ITPKB
hsa-miR-519d-3p,ARID4B
hsa-miR-519d-3p,AKT3
hsa-miR-519d-3p,SKI
hsa-miR-519d-3p,TPRG1L
hsa-miR-519d-3p,CAMTA1
hsa-miR-519d-3p,MFN2
hsa-miR-519d-3p,PRDM2
hsa-miR-519d-3p,NBL1
hsa-miR-519d-3p,ELOA
hsa-miR-519d-3p,SESN2
hsa-miR-519d-3p,TXLNA
hsa-miR-519d-3p,KIAA1522
hsa-miR-519d-3p,CMPK1
hsa-miR-519d-3p,ZFYVE9
hsa-miR-519d-3p,PKN2
hsa-miR-519d-3p,FNBP1L
hsa-miR-519d-3p,MFSD14A
hsa-miR-519d-3p,AC118553.2
hsa-miR-519d-3p,S1PR1
hsa-miR-519d-3p,CELSR2
hsa-miR-519d-3p,VANGL1
hsa-miR-519d-3p,PTGFRN
hsa-miR-519d-3p,SUCO
hsa-miR-519d-3p,KLHL20
hsa-miR-519d-3p,ZBTB37
hsa-miR-519d-3p,RGL1
hsa-miR-519d-3p,BTG2
hsa-miR-519d-3p,FBXO28
hsa-miR-519d-3p,GPR137B
hsa-miR-519d-3p,ZBTB18
hsa-miR-519d-3p,FRMD4A
hsa-miR-519d-3p,PIP4K2A
hsa-miR-519d-3p,ACBD5
hsa-miR-519d-3p,ARHGAP12
hsa-miR-519d-3p,RUFY2
hsa-miR-519d-3p,SH3PXD2A
hsa-miR-519d-3p,PFKP
hsa-miR-519d-3p,OTUD1
hsa-miR-519d-3p,MASTL
hsa-miR-519d-3p,WAC
hsa-miR-519d-3p,BAMBI
hsa-miR-519d-3p,REEP3
hsa-miR-519d-3p,PTEN
hsa-miR-519d-3p,HECTD2
hsa-miR-519d-3p,TNKS2
hsa-miR-519d-3p,GBF1
hsa-miR-519d-3p,SLK
hsa-miR-519d-3p,SHOC2
hsa-miR-519d-3p,FAM160B1
hsa-miR-519d-3p,TOLLIP
hsa-miR-519d-3p,EIF4G2
hsa-miR-519d-3p,TSG101
hsa-miR-519d-3p,UEVLD
hsa-miR-519d-3p,FNBP4
hsa-miR-519d-3p,TNKS1BP1
hsa-miR-519d-3p,AHNAK
hsa-miR-519d-3p,ATL3
hsa-miR-519d-3p,SLC29A2
hsa-miR-519d-3p,KMT5B
hsa-miR-519d-3p,SHANK2
hsa-miR-519d-3p,LAMTOR1
hsa-miR-519d-3p,PGM2L1
hsa-miR-519d-3p,TMEM123
hsa-miR-519d-3p,NPAT
hsa-miR-519d-3p,HSPA8
hsa-miR-519d-3p,ZNF202
hsa-miR-519d-3p,IPO7
hsa-miR-519d-3p,WEE1
hsa-miR-519d-3p,PDE3B
hsa-miR-519d-3p,NAV2
hsa-miR-519d-3p,PRRG4
hsa-miR-519d-3p,CRY2
hsa-miR-519d-3p,ZFP91
hsa-miR-519d-3p,KDM2A
hsa-miR-519d-3p,PPP6R3
hsa-miR-519d-3p,CCND1
hsa-miR-519d-3p,EMSY
hsa-miR-519d-3p,TSKU
hsa-miR-519d-3p,DDIAS
hsa-miR-519d-3p,ZC3H12C
hsa-miR-519d-3p,PAFAH1B2
hsa-miR-519d-3p,TBCEL
hsa-miR-519d-3p,M6PR
hsa-miR-519d-3p,CAPRIN2
hsa-miR-519d-3p,DENND5B
hsa-miR-519d-3p,LIMA1
hsa-miR-519d-3p,ANKRD52
hsa-miR-519d-3p,GNS
hsa-miR-519d-3p,ARL1
hsa-miR-519d-3p,GIT2
hsa-miR-519d-3p,TBX3
hsa-miR-519d-3p,TAOK3
hsa-miR-519d-3p,UBC
hsa-miR-519d-3p,WNK1
hsa-miR-519d-3p,ADIPOR2
hsa-miR-519d-3p,TSPAN9
hsa-miR-519d-3p,CCND2
hsa-miR-519d-3p,FOXJ2
hsa-miR-519d-3p,FGD4
hsa-miR-519d-3p,ANO6
hsa-miR-519d-3p,TMBIM6
hsa-miR-519d-3p,DAZAP2
hsa-miR-519d-3p,GDF11
hsa-miR-519d-3p,RAB5B
hsa-miR-519d-3p,ERBB3
hsa-miR-519d-3p,HMGA2
hsa-miR-519d-3p,FRS2
hsa-miR-519d-3p,ELK3
hsa-miR-519d-3p,ULK1
hsa-miR-519d-3p,SACS
hsa-miR-519d-3p,KATNAL1
hsa-miR-519d-3p,KPNA3
hsa-miR-519d-3p,FBXL3
hsa-miR-519d-3p,LRCH1
hsa-miR-519d-3p,LAMP1
hsa-miR-519d-3p,EGLN3
hsa-miR-519d-3p,CFL2
hsa-miR-519d-3p,FOXA1
hsa-miR-519d-3p,KLHL28
hsa-miR-519d-3p,NIN
hsa-miR-519d-3p,ZFYVE26
hsa-miR-519d-3p,MAP3K9
hsa-miR-519d-3p,BTBD7
hsa-miR-519d-3p,ATG2B
hsa-miR-519d-3p,BCL2L2
hsa-miR-519d-3p,IRF9
hsa-miR-519d-3p,BRMS1L
hsa-miR-519d-3p,FRMD6
hsa-miR-519d-3p,STYX
hsa-miR-519d-3p,PPM1A
hsa-miR-519d-3p,HIF1A
hsa-miR-519d-3p,SUSD6
hsa-miR-519d-3p,SMOC1
hsa-miR-519d-3p,TTC9
hsa-miR-519d-3p,BNIP2
hsa-miR-519d-3p,SEMA7A
hsa-miR-519d-3p,SCAMP2
hsa-miR-519d-3p,FAM219B
hsa-miR-519d-3p,SPRED1
hsa-miR-519d-3p,CTDSPL2
hsa-miR-519d-3p,RAB8B
hsa-miR-519d-3p,USP3
hsa-miR-519d-3p,SMAD6
hsa-miR-519d-3p,KIF23
hsa-miR-519d-3p,MORF4L1
hsa-miR-519d-3p,FURIN
hsa-miR-519d-3p,UNKL
hsa-miR-519d-3p,PKD1
hsa-miR-519d-3p,USP31
hsa-miR-519d-3p,NETO2
hsa-miR-519d-3p,AKTIP
hsa-miR-519d-3p,DYNC1LI2
hsa-miR-519d-3p,CMTR2
hsa-miR-519d-3p,PHLPP2
hsa-miR-519d-3p,MBTPS1
hsa-miR-519d-3p,FBXO31
hsa-miR-519d-3p,CAPN15
hsa-miR-519d-3p,TNRC6A
hsa-miR-519d-3p,TAOK2
hsa-miR-519d-3p,CHD9
hsa-miR-519d-3p,RBL2
hsa-miR-519d-3p,NFAT5
hsa-miR-519d-3p,ATXN1L
hsa-miR-519d-3p,CRK
hsa-miR-519d-3p,ANKFY1
hsa-miR-519d-3p,ZBTB4
hsa-miR-519d-3p,RASD1
hsa-miR-519d-3p,NUFIP2
hsa-miR-519d-3p,SSH2
hsa-miR-519d-3p,STAT3
hsa-miR-519d-3p,EZH1
hsa-miR-519d-3p,ZNF652
hsa-miR-519d-3p,TRIM37
hsa-miR-519d-3p,DDX5
hsa-miR-519d-3p,JPT1
hsa-miR-519d-3p,TIMP2
hsa-miR-519d-3p,PAFAH1B1
hsa-miR-519d-3p,MINK1
hsa-miR-519d-3p,KDM6B
hsa-miR-519d-3p,LASP1
hsa-miR-519d-3p,MSL1
hsa-miR-519d-3p,MAP3K3
hsa-miR-519d-3p,KPNA2
hsa-miR-519d-3p,UNK
hsa-miR-519d-3p,TNRC6C
hsa-miR-519d-3p,FOXK2
hsa-miR-519d-3p,YES1
hsa-miR-519d-3p,SLC39A6
hsa-miR-519d-3p,SMAD7
hsa-miR-519d-3p,TCF4
hsa-miR-519d-3p,TMX3
hsa-miR-519d-3p,RAB12
hsa-miR-519d-3p,NEDD4L
hsa-miR-519d-3p,MIER2
hsa-miR-519d-3p,MEX3D
hsa-miR-519d-3p,MKNK2
hsa-miR-519d-3p,ZBTB7A
hsa-miR-519d-3p,HAUS8
hsa-miR-519d-3p,STK11
hsa-miR-519d-3p,MIDN
hsa-miR-519d-3p,CHAF1A
hsa-miR-519d-3p,TRIP10
hsa-miR-519d-3p,LDLR
hsa-miR-519d-3p,URI1
hsa-miR-519d-3p,GRAMD1A
hsa-miR-519d-3p,KMT2B
hsa-miR-519d-3p,ROCK2
hsa-miR-519d-3p,LAPTM4A
hsa-miR-519d-3p,COX7A2L
hsa-miR-519d-3p,SERTAD2
hsa-miR-519d-3p,PPP3R1
hsa-miR-519d-3p,TGOLN2
hsa-miR-519d-3p,DUSP2
hsa-miR-519d-3p,TMEM127
hsa-miR-519d-3p,MAP3K2
hsa-miR-519d-3p,SLC40A1
hsa-miR-519d-3p,STK17B
hsa-miR-519d-3p,EPHA4
hsa-miR-519d-3p,KLF11
hsa-miR-519d-3p,RRM2
hsa-miR-519d-3p,UBXN2A
hsa-miR-519d-3p,NRBP1
hsa-miR-519d-3p,CLIP4
hsa-miR-519d-3p,CRIM1
hsa-miR-519d-3p,EPAS1
hsa-miR-519d-3p,TET3
hsa-miR-519d-3p,TCF7L1
hsa-miR-519d-3p,SOWAHC
hsa-miR-519d-3p,PTPN4
hsa-miR-519d-3p,GPD2
hsa-miR-519d-3p,TANC1
hsa-miR-519d-3p,CSRNP3
hsa-miR-519d-3p,CERS6
hsa-miR-519d-3p,CYBRD1
hsa-miR-519d-3p,PLEKHA3
hsa-miR-519d-3p,NABP1
hsa-miR-519d-3p,C2orf69
hsa-miR-519d-3p,BMPR2
hsa-miR-519d-3p,SEPTIN2
hsa-miR-519d-3p,TBC1D20
hsa-miR-519d-3p,PLAGL2
hsa-miR-519d-3p,E2F1
hsa-miR-519d-3p,RBL1
hsa-miR-519d-3p,PREX1
hsa-miR-519d-3p,ZNFX1
hsa-miR-519d-3p,ZNF217
hsa-miR-519d-3p,ZNF512B
hsa-miR-519d-3p,POFUT1
hsa-miR-519d-3p,KIF3B
hsa-miR-519d-3p,MAPRE1
hsa-miR-519d-3p,ITCH
hsa-miR-519d-3p,TTPAL
hsa-miR-519d-3p,CTSA
hsa-miR-519d-3p,NCOA3
hsa-miR-519d-3p,PARD6B
hsa-miR-519d-3p,BTG3
hsa-miR-519d-3p,APP
hsa-miR-519d-3p,RUNX1
hsa-miR-519d-3p,BRWD1
hsa-miR-519d-3p,C2CD2
hsa-miR-519d-3p,SIK1
hsa-miR-519d-3p,DYRK1A
hsa-miR-519d-3p,PRR14L
hsa-miR-519d-3p,ATP2B2
hsa-miR-519d-3p,NKIRAS1
hsa-miR-519d-3p,FYCO1
hsa-miR-519d-3p,TUSC2
hsa-miR-519d-3p,RYBP
hsa-miR-519d-3p,DCBLD2
hsa-miR-519d-3p,POLQ
hsa-miR-519d-3p,HEG1
hsa-miR-519d-3p,ZNF148
hsa-miR-519d-3p,PLSCR4
hsa-miR-519d-3p,PFN2
hsa-miR-519d-3p,NCEH1
hsa-miR-519d-3p,NR2C2
hsa-miR-519d-3p,TGFBR2
hsa-miR-519d-3p,ZBTB47
hsa-miR-519d-3p,ABHD5
hsa-miR-519d-3p,NBEAL2
hsa-miR-519d-3p,C3orf38
hsa-miR-519d-3p,CRYBG3
hsa-miR-519d-3p,CEP97
hsa-miR-519d-3p,BBX
hsa-miR-519d-3p,PLXNA1
hsa-miR-519d-3p,SLC25A36
hsa-miR-519d-3p,PXYLP1
hsa-miR-519d-3p,PLS1
hsa-miR-519d-3p,U2SURP
hsa-miR-519d-3p,TSC22D2
hsa-miR-519d-3p,FXR1
hsa-miR-519d-3p,IL1RAP
hsa-miR-519d-3p,FBXL5
hsa-miR-519d-3p,PDS5A
hsa-miR-519d-3p,USP46
hsa-miR-519d-3p,CLOCK
hsa-miR-519d-3p,CNOT6L
hsa-miR-519d-3p,WDFY3
hsa-miR-519d-3p,FAM13A
hsa-miR-519d-3p,TBC1D9
hsa-miR-519d-3p,OTUD4
hsa-miR-519d-3p,KLF3
hsa-miR-519d-3p,SLAIN2
hsa-miR-519d-3p,RASL11B
hsa-miR-519d-3p,CXCL8
hsa-miR-519d-3p,EREG
hsa-miR-519d-3p,CCNG2
hsa-miR-519d-3p,AFF1
hsa-miR-519d-3p,PKD2
hsa-miR-519d-3p,GAB1
hsa-miR-519d-3p,MSMO1
hsa-miR-519d-3p,PALLD
hsa-miR-519d-3p,ANKH
hsa-miR-519d-3p,DAB2
hsa-miR-519d-3p,SGTB
hsa-miR-519d-3p,TMEM167A
hsa-miR-519d-3p,FEM1C
hsa-miR-519d-3p,CEP120
hsa-miR-519d-3p,SAR1B
hsa-miR-519d-3p,RNF145
hsa-miR-519d-3p,PANK3
hsa-miR-519d-3p,MARCHF6
hsa-miR-519d-3p,MAP3K1
hsa-miR-519d-3p,FCHO2
hsa-miR-519d-3p,POLR3G
hsa-miR-519d-3p,RGMB
hsa-miR-519d-3p,SMAD5
hsa-miR-519d-3p,PURA
hsa-miR-519d-3p,NPM1
hsa-miR-519d-3p,CREBRF
hsa-miR-519d-3p,SQSTM1
hsa-miR-519d-3p,SLC22A23
hsa-miR-519d-3p,STK38
hsa-miR-519d-3p,ENPP5
hsa-miR-519d-3p,TNFRSF21
hsa-miR-519d-3p,PHIP
hsa-miR-519d-3p,RRAGD
hsa-miR-519d-3p,OSTM1
hsa-miR-519d-3p,REV3L
hsa-miR-519d-3p,MAP7
hsa-miR-519d-3p,SOX4
hsa-miR-519d-3p,CDKN1A
hsa-miR-519d-3p,VEGFA
hsa-miR-519d-3p,CENPQ
hsa-miR-519d-3p,SOBP
hsa-miR-519d-3p,ASF1A
hsa-miR-519d-3p,GJA1
hsa-miR-519d-3p,HECA
hsa-miR-519d-3p,SASH1
hsa-miR-519d-3p,SNX9
hsa-miR-519d-3p,QKI
hsa-miR-519d-3p,C6orf120
hsa-miR-519d-3p,PURB
hsa-miR-519d-3p,PON2
hsa-miR-519d-3p,MAP11
hsa-miR-519d-3p,GIGYF1
hsa-miR-519d-3p,CCDC71L
hsa-miR-519d-3p,BMT2
hsa-miR-519d-3p,ZNF800
hsa-miR-519d-3p,MKRN1
hsa-miR-519d-3p,FASTK
hsa-miR-519d-3p,ARL4A
hsa-miR-519d-3p,ITGB8
hsa-miR-519d-3p,LIMK1
hsa-miR-519d-3p,PHTF2
hsa-miR-519d-3p,CROT
hsa-miR-519d-3p,ANKIB1
hsa-miR-519d-3p,AGFG2
hsa-miR-519d-3p,HBP1
hsa-miR-519d-3p,DNAJB9
hsa-miR-519d-3p,CALD1
hsa-miR-519d-3p,UBE3C
hsa-miR-519d-3p,PPP1R3B
hsa-miR-519d-3p,RAB11FIP1
hsa-miR-519d-3p,PCMTD1
hsa-miR-519d-3p,PLAG1
hsa-miR-519d-3p,UBE2W
hsa-miR-519d-3p,SNX16
hsa-miR-519d-3p,TMEM64
hsa-miR-519d-3p,TP53INP1
hsa-miR-519d-3p,UBR5
hsa-miR-519d-3p,KLF10
hsa-miR-519d-3p,LRP12
hsa-miR-519d-3p,ATAD2
hsa-miR-519d-3p,SLC7A2
hsa-miR-519d-3p,PPP2R2A
hsa-miR-519d-3p,BNIP3L
hsa-miR-519d-3p,DPYSL2
hsa-miR-519d-3p,MAK16
hsa-miR-519d-3p,ADAM9
hsa-miR-519d-3p,YTHDF3
hsa-miR-519d-3p,SDC2
hsa-miR-519d-3p,NFIB
hsa-miR-519d-3p,RNF38
hsa-miR-519d-3p,BICD2
hsa-miR-519d-3p,ZNF367
hsa-miR-519d-3p,ABCA1
hsa-miR-519d-3p,TMEM245
hsa-miR-519d-3p,PPP6C
hsa-miR-519d-3p,FAM102A
hsa-miR-519d-3p,VLDLR
hsa-miR-519d-3p,RBBP7
hsa-miR-519d-3p,SCML2
hsa-miR-519d-3p,KLHL15
hsa-miR-519d-3p,ACSL4
hsa-miR-519d-3p,ZDHHC9
hsa-miR-519d-3p,RAP2C
hsa-miR-519d-3p,SYAP1
hsa-miR-519d-3p,PRRG1
hsa-miR-519d-3p,ZBTB33
hsa-miR-520a-3p,EPHA2
hsa-miR-520a-3p,CAMK2N1
hsa-miR-520a-3p,HP1BP3
hsa-miR-520a-3p,MTF1
hsa-miR-520a-3p,FOXJ3
hsa-miR-520a-3p,ANKRD13C
hsa-miR-520a-3p,RHOC
hsa-miR-520a-3p,TXNIP
hsa-miR-520a-3p,CRTC2
hsa-miR-520a-3p,ASH1L
hsa-miR-520a-3p,PIGM
hsa-miR-520a-3p,YOD1
hsa-miR-520a-3p,ITPKB
hsa-miR-520a-3p,IRF2BP2
hsa-miR-520a-3p,ARID4B
hsa-miR-520a-3p,CAMTA1
hsa-miR-520a-3p,MFN2
hsa-miR-520a-3p,ELOA
hsa-miR-520a-3p,PHACTR4
hsa-miR-520a-3p,TXLNA
hsa-miR-520a-3p,KIAA1522
hsa-miR-520a-3p,CMPK1
hsa-miR-520a-3p,NFIA
hsa-miR-520a-3p,PKN2
hsa-miR-520a-3p,CAPZA1
hsa-miR-520a-3p,SUCO
hsa-miR-520a-3p,SKIDA1
hsa-miR-520a-3p,PIP4K2A
hsa-miR-520a-3p,PFKP
hsa-miR-520a-3p,BAMBI
hsa-miR-520a-3p,DKK1
hsa-miR-520a-3p,REEP3
hsa-miR-520a-3p,HECTD2
hsa-miR-520a-3p,TNKS2
hsa-miR-520a-3p,LCOR
hsa-miR-520a-3p,HIF1AN
hsa-miR-520a-3p,SLK
hsa-miR-520a-3p,ABRAXAS2
hsa-miR-520a-3p,AHNAK
hsa-miR-520a-3p,KMT5B
hsa-miR-520a-3p,RSF1
hsa-miR-520a-3p,TMEM123
hsa-miR-520a-3p,MSANTD4
hsa-miR-520a-3p,RDX
hsa-miR-520a-3p,IPO7
hsa-miR-520a-3p,WEE1
hsa-miR-520a-3p,PRRG4
hsa-miR-520a-3p,KDM2A
hsa-miR-520a-3p,CCND1
hsa-miR-520a-3p,EMSY
hsa-miR-520a-3p,ZC3H12C
hsa-miR-520a-3p,KMT2A
hsa-miR-520a-3p,TBCEL
hsa-miR-520a-3p,KCNJ8
hsa-miR-520a-3p,DENND5B
hsa-miR-520a-3p,TWF1
hsa-miR-520a-3p,SPRYD3
hsa-miR-520a-3p,ANKRD52
hsa-miR-520a-3p,GNS
hsa-miR-520a-3p,E2F7
hsa-miR-520a-3p,NTN4
hsa-miR-520a-3p,CCND2
hsa-miR-520a-3p,FOXJ2
hsa-miR-520a-3p,FGD4
hsa-miR-520a-3p,DAZAP2
hsa-miR-520a-3p,GDF11
hsa-miR-520a-3p,DYRK2
hsa-miR-520a-3p,ULK1
hsa-miR-520a-3p,LATS2
hsa-miR-520a-3p,FNDC3A
hsa-miR-520a-3p,MBNL2
hsa-miR-520a-3p,COL4A2
hsa-miR-520a-3p,CFL2
hsa-miR-520a-3p,KLHL28
hsa-miR-520a-3p,RTN1
hsa-miR-520a-3p,ZFYVE26
hsa-miR-520a-3p,BTBD7
hsa-miR-520a-3p,AKT1
hsa-miR-520a-3p,IRF9
hsa-miR-520a-3p,BRMS1L
hsa-miR-520a-3p,TTC9
hsa-miR-520a-3p,PAPOLA
hsa-miR-520a-3p,FAM219B
hsa-miR-520a-3p,NR2F2
hsa-miR-520a-3p,UNKL
hsa-miR-520a-3p,PKD1
hsa-miR-520a-3p,AKTIP
hsa-miR-520a-3p,CMTR2
hsa-miR-520a-3p,PHLPP2
hsa-miR-520a-3p,RBBP6
hsa-miR-520a-3p,TAOK2
hsa-miR-520a-3p,MNT
hsa-miR-520a-3p,NUFIP2
hsa-miR-520a-3p,EZH1
hsa-miR-520a-3p,MTMR4
hsa-miR-520a-3p,JPT1
hsa-miR-520a-3p,MINK1
hsa-miR-520a-3p,ALKBH5
hsa-miR-520a-3p,TVP23B
hsa-miR-520a-3p,WIPF2
hsa-miR-520a-3p,KPNA2
hsa-miR-520a-3p,UNK
hsa-miR-520a-3p,MKNK2
hsa-miR-520a-3p,ZBTB7A
hsa-miR-520a-3p,HAUS8
hsa-miR-520a-3p,CHAF1A
hsa-miR-520a-3p,ARHGEF18
hsa-miR-520a-3p,HNRNPUL1
hsa-miR-520a-3p,SDC1
hsa-miR-520a-3p,PPP3R1
hsa-miR-520a-3p,CYP26B1
hsa-miR-520a-3p,DUSP2
hsa-miR-520a-3p,MAP3K2
hsa-miR-520a-3p,SLC40A1
hsa-miR-520a-3p,CUL3
hsa-miR-520a-3p,CLIP4
hsa-miR-520a-3p,LCLAT1
hsa-miR-520a-3p,CRIM1
hsa-miR-520a-3p,TET3
hsa-miR-520a-3p,TCF7L1
hsa-miR-520a-3p,PLEKHA3
hsa-miR-520a-3p,TBC1D20
hsa-miR-520a-3p,PLAGL2
hsa-miR-520a-3p,E2F1
hsa-miR-520a-3p,BLCAP
hsa-miR-520a-3p,ZNFX1
hsa-miR-520a-3p,ZNF512B
hsa-miR-520a-3p,KIF3B
hsa-miR-520a-3p,CTSA
hsa-miR-520a-3p,NCOA3
hsa-miR-520a-3p,APP
hsa-miR-520a-3p,BRWD1
hsa-miR-520a-3p,C2CD2
hsa-miR-520a-3p,SIK1
hsa-miR-520a-3p,MTMR3
hsa-miR-520a-3p,TIMP3
hsa-miR-520a-3p,FYCO1
hsa-miR-520a-3p,TUSC2
hsa-miR-520a-3p,POLQ
hsa-miR-520a-3p,ZNF148
hsa-miR-520a-3p,PLSCR4
hsa-miR-520a-3p,PFN2
hsa-miR-520a-3p,DCUN1D1
hsa-miR-520a-3p,NR2C2
hsa-miR-520a-3p,TGFBR2
hsa-miR-520a-3p,ZBTB47
hsa-miR-520a-3p,TIPARP
hsa-miR-520a-3p,PPM1L
hsa-miR-520a-3p,RELL1
hsa-miR-520a-3p,IRF2
hsa-miR-520a-3p,KLF3
hsa-miR-520a-3p,SLAIN2
hsa-miR-520a-3p,CXCL8
hsa-miR-520a-3p,PKD2
hsa-miR-520a-3p,RAPGEF2
hsa-miR-520a-3p,PALLD
hsa-miR-520a-3p,TMEM167A
hsa-miR-520a-3p,FEM1C
hsa-miR-520a-3p,SAR1B
hsa-miR-520a-3p,POLR3G
hsa-miR-520a-3p,RGMB
hsa-miR-520a-3p,PAM
hsa-miR-520a-3p,C5orf24
hsa-miR-520a-3p,CREBRF
hsa-miR-520a-3p,SQSTM1
hsa-miR-520a-3p,SLC22A23
hsa-miR-520a-3p,GLO1
hsa-miR-520a-3p,RRAGD
hsa-miR-520a-3p,OSTM1
hsa-miR-520a-3p,FOXF2
hsa-miR-520a-3p,VEGFA
hsa-miR-520a-3p,ASF1A
hsa-miR-520a-3p,SASH1
hsa-miR-520a-3p,SNX9
hsa-miR-520a-3p,TNRC18
hsa-miR-520a-3p,PURB
hsa-miR-520a-3p,PON2
hsa-miR-520a-3p,MAP11
hsa-miR-520a-3p,ZNF800
hsa-miR-520a-3p,MKRN1
hsa-miR-520a-3p,AHR
hsa-miR-520a-3p,ITGB8
hsa-miR-520a-3p,CROT
hsa-miR-520a-3p,ZKSCAN1
hsa-miR-520a-3p,AGFG2
hsa-miR-520a-3p,RAB11FIP1
hsa-miR-520a-3p,PLAG1
hsa-miR-520a-3p,UBE2W
hsa-miR-520a-3p,TMEM64
hsa-miR-520a-3p,TP53INP1
hsa-miR-520a-3p,YWHAZ
hsa-miR-520a-3p,ATAD2
hsa-miR-520a-3p,BNIP3L
hsa-miR-520a-3p,ADAM9
hsa-miR-520a-3p,YTHDF3
hsa-miR-520a-3p,FZD6
hsa-miR-520a-3p,OXR1
hsa-miR-520a-3p,NFIB
hsa-miR-520a-3p,ZBTB5
hsa-miR-520a-3p,ZNF367
hsa-miR-520a-3p,ABCA1
hsa-miR-520a-3p,ZBTB6
hsa-miR-520a-3p,GOLGA1
hsa-miR-520a-3p,PPP6C
hsa-miR-520a-3p,VLDLR
hsa-miR-520a-3p,RBBP7
hsa-miR-520a-3p,KLHL15
hsa-miR-520a-3p,SYAP1
hsa-miR-520a-3p,PRRG1
hsa-miR-520a-3p,ZBTB33
hsa-miR-520b,EPHA2
hsa-miR-520b,CAMK2N1
hsa-miR-520b,HP1BP3
hsa-miR-520b,FOXJ3
hsa-miR-520b,ANKRD13C
hsa-miR-520b,SSX2IP
hsa-miR-520b,RHOC
hsa-miR-520b,TXNIP
hsa-miR-520b,CRTC2
hsa-miR-520b,ASH1L
hsa-miR-520b,PIGM
hsa-miR-520b,YOD1
hsa-miR-520b,ITPKB
hsa-miR-520b,IRF2BP2
hsa-miR-520b,ARID4B
hsa-miR-520b,CAMTA1
hsa-miR-520b,ELOA
hsa-miR-520b,PHACTR4
hsa-miR-520b,TXLNA
hsa-miR-520b,KIAA1522
hsa-miR-520b,CMPK1
hsa-miR-520b,NFIA
hsa-miR-520b,PKN2
hsa-miR-520b,CAPZA1
hsa-miR-520b,SUCO
hsa-miR-520b,SKIDA1
hsa-miR-520b,PIP4K2A
hsa-miR-520b,PFKP
hsa-miR-520b,BAMBI
hsa-miR-520b,DKK1
hsa-miR-520b,REEP3
hsa-miR-520b,HECTD2
hsa-miR-520b,TNKS2
hsa-miR-520b,LCOR
hsa-miR-520b,HIF1AN
hsa-miR-520b,SLK
hsa-miR-520b,ABRAXAS2
hsa-miR-520b,AHNAK
hsa-miR-520b,KMT5B
hsa-miR-520b,RSF1
hsa-miR-520b,TMEM123
hsa-miR-520b,MSANTD4
hsa-miR-520b,RDX
hsa-miR-520b,IPO7
hsa-miR-520b,WEE1
hsa-miR-520b,PRRG4
hsa-miR-520b,QSER1
hsa-miR-520b,KDM2A
hsa-miR-520b,CCND1
hsa-miR-520b,EMSY
hsa-miR-520b,ZC3H12C
hsa-miR-520b,KMT2A
hsa-miR-520b,TBCEL
hsa-miR-520b,KCNJ8
hsa-miR-520b,DENND5B
hsa-miR-520b,TWF1
hsa-miR-520b,SPRYD3
hsa-miR-520b,ANKRD52
hsa-miR-520b,GNS
hsa-miR-520b,E2F7
hsa-miR-520b,NTN4
hsa-miR-520b,CCND2
hsa-miR-520b,FOXJ2
hsa-miR-520b,FGD4
hsa-miR-520b,DAZAP2
hsa-miR-520b,GDF11
hsa-miR-520b,DYRK2
hsa-miR-520b,ULK1
hsa-miR-520b,LATS2
hsa-miR-520b,FNDC3A
hsa-miR-520b,MBNL2
hsa-miR-520b,COL4A2
hsa-miR-520b,CFL2
hsa-miR-520b,KLHL28
hsa-miR-520b,RTN1
hsa-miR-520b,ZFYVE26
hsa-miR-520b,BTBD7
hsa-miR-520b,AKT1
hsa-miR-520b,IRF9
hsa-miR-520b,BRMS1L
hsa-miR-520b,TTC9
hsa-miR-520b,PAPOLA
hsa-miR-520b,FAM219B
hsa-miR-520b,NR2F2
hsa-miR-520b,UNKL
hsa-miR-520b,PKD1
hsa-miR-520b,AKTIP
hsa-miR-520b,CMTR2
hsa-miR-520b,PHLPP2
hsa-miR-520b,RBBP6
hsa-miR-520b,TAOK2
hsa-miR-520b,MNT
hsa-miR-520b,NUFIP2
hsa-miR-520b,EZH1
hsa-miR-520b,MTMR4
hsa-miR-520b,JPT1
hsa-miR-520b,MINK1
hsa-miR-520b,ALKBH5
hsa-miR-520b,TVP23B
hsa-miR-520b,WIPF2
hsa-miR-520b,KPNA2
hsa-miR-520b,UNK
hsa-miR-520b,MKNK2
hsa-miR-520b,ZBTB7A
hsa-miR-520b,HAUS8
hsa-miR-520b,CHAF1A
hsa-miR-520b,ARHGEF18
hsa-miR-520b,HNRNPUL1
hsa-miR-520b,SDC1
hsa-miR-520b,PPP3R1
hsa-miR-520b,CYP26B1
hsa-miR-520b,DUSP2
hsa-miR-520b,MAP3K2
hsa-miR-520b,SLC40A1
hsa-miR-520b,CUL3
hsa-miR-520b,CLIP4
hsa-miR-520b,LCLAT1
hsa-miR-520b,CRIM1
hsa-miR-520b,TET3
hsa-miR-520b,TCF7L1
hsa-miR-520b,PLEKHA3
hsa-miR-520b,TBC1D20
hsa-miR-520b,PLAGL2
hsa-miR-520b,E2F1
hsa-miR-520b,BLCAP
hsa-miR-520b,ZNFX1
hsa-miR-520b,ZNF512B
hsa-miR-520b,KIF3B
hsa-miR-520b,CTSA
hsa-miR-520b,NCOA3
hsa-miR-520b,APP
hsa-miR-520b,BRWD1
hsa-miR-520b,C2CD2
hsa-miR-520b,SIK1
hsa-miR-520b,MTMR3
hsa-miR-520b,TIMP3
hsa-miR-520b,FYCO1
hsa-miR-520b,TUSC2
hsa-miR-520b,POLQ
hsa-miR-520b,ZNF148
hsa-miR-520b,PLSCR4
hsa-miR-520b,PFN2
hsa-miR-520b,DCUN1D1
hsa-miR-520b,NR2C2
hsa-miR-520b,TGFBR2
hsa-miR-520b,ZBTB47
hsa-miR-520b,TIPARP
hsa-miR-520b,PPM1L
hsa-miR-520b,RELL1
hsa-miR-520b,IRF2
hsa-miR-520b,KLF3
hsa-miR-520b,SLAIN2
hsa-miR-520b,CXCL8
hsa-miR-520b,PKD2
hsa-miR-520b,RAPGEF2
hsa-miR-520b,PALLD
hsa-miR-520b,TMEM167A
hsa-miR-520b,FEM1C
hsa-miR-520b,SAR1B
hsa-miR-520b,POLR3G
hsa-miR-520b,RGMB
hsa-miR-520b,PAM
hsa-miR-520b,C5orf24
hsa-miR-520b,CREBRF
hsa-miR-520b,SQSTM1
hsa-miR-520b,SLC22A23
hsa-miR-520b,GLO1
hsa-miR-520b,RRAGD
hsa-miR-520b,OSTM1
hsa-miR-520b,FOXF2
hsa-miR-520b,ASF1A
hsa-miR-520b,SASH1
hsa-miR-520b,SNX9
hsa-miR-520b,TNRC18
hsa-miR-520b,PURB
hsa-miR-520b,PON2
hsa-miR-520b,MAP11
hsa-miR-520b,ZNF800
hsa-miR-520b,MKRN1
hsa-miR-520b,AHR
hsa-miR-520b,ITGB8
hsa-miR-520b,CROT
hsa-miR-520b,ZKSCAN1
hsa-miR-520b,AGFG2
hsa-miR-520b,RAB11FIP1
hsa-miR-520b,PLAG1
hsa-miR-520b,UBE2W
hsa-miR-520b,TMEM64
hsa-miR-520b,TP53INP1
hsa-miR-520b,YWHAZ
hsa-miR-520b,ATAD2
hsa-miR-520b,SLC7A2
hsa-miR-520b,BNIP3L
hsa-miR-520b,ADAM9
hsa-miR-520b,YTHDF3
hsa-miR-520b,FZD6
hsa-miR-520b,OXR1
hsa-miR-520b,NFIB
hsa-miR-520b,ZBTB5
hsa-miR-520b,ZNF367
hsa-miR-520b,ABCA1
hsa-miR-520b,ZBTB6
hsa-miR-520b,GOLGA1
hsa-miR-520b,PPP6C
hsa-miR-520b,VLDLR
hsa-miR-520b,RBBP7
hsa-miR-520b,KLHL15
hsa-miR-520b,SYAP1
hsa-miR-520b,PRRG1
hsa-miR-520b,ZBTB33
hsa-miR-520c-3p,EPHA2
hsa-miR-520c-3p,CAMK2N1
hsa-miR-520c-3p,HP1BP3
hsa-miR-520c-3p,FOXJ3
hsa-miR-520c-3p,ANKRD13C
hsa-miR-520c-3p,SSX2IP
hsa-miR-520c-3p,RHOC
hsa-miR-520c-3p,TXNIP
hsa-miR-520c-3p,CRTC2
hsa-miR-520c-3p,ASH1L
hsa-miR-520c-3p,PIGM
hsa-miR-520c-3p,YOD1
hsa-miR-520c-3p,ITPKB
hsa-miR-520c-3p,IRF2BP2
hsa-miR-520c-3p,ARID4B
hsa-miR-520c-3p,CAMTA1
hsa-miR-520c-3p,ELOA
hsa-miR-520c-3p,PHACTR4
hsa-miR-520c-3p,TXLNA
hsa-miR-520c-3p,KIAA1522
hsa-miR-520c-3p,CMPK1
hsa-miR-520c-3p,NFIA
hsa-miR-520c-3p,PKN2
hsa-miR-520c-3p,CAPZA1
hsa-miR-520c-3p,SUCO
hsa-miR-520c-3p,SKIDA1
hsa-miR-520c-3p,PIP4K2A
hsa-miR-520c-3p,PFKP
hsa-miR-520c-3p,BAMBI
hsa-miR-520c-3p,DKK1
hsa-miR-520c-3p,REEP3
hsa-miR-520c-3p,HECTD2
hsa-miR-520c-3p,TNKS2
hsa-miR-520c-3p,LCOR
hsa-miR-520c-3p,HIF1AN
hsa-miR-520c-3p,SLK
hsa-miR-520c-3p,ABRAXAS2
hsa-miR-520c-3p,AHNAK
hsa-miR-520c-3p,KMT5B
hsa-miR-520c-3p,RSF1
hsa-miR-520c-3p,TMEM123
hsa-miR-520c-3p,MSANTD4
hsa-miR-520c-3p,RDX
hsa-miR-520c-3p,IPO7
hsa-miR-520c-3p,WEE1
hsa-miR-520c-3p,PRRG4
hsa-miR-520c-3p,QSER1
hsa-miR-520c-3p,KDM2A
hsa-miR-520c-3p,CCND1
hsa-miR-520c-3p,EMSY
hsa-miR-520c-3p,ZC3H12C
hsa-miR-520c-3p,KMT2A
hsa-miR-520c-3p,TBCEL
hsa-miR-520c-3p,KCNJ8
hsa-miR-520c-3p,DENND5B
hsa-miR-520c-3p,TWF1
hsa-miR-520c-3p,SPRYD3
hsa-miR-520c-3p,ANKRD52
hsa-miR-520c-3p,GNS
hsa-miR-520c-3p,E2F7
hsa-miR-520c-3p,NTN4
hsa-miR-520c-3p,CCND2
hsa-miR-520c-3p,FOXJ2
hsa-miR-520c-3p,FGD4
hsa-miR-520c-3p,DAZAP2
hsa-miR-520c-3p,GDF11
hsa-miR-520c-3p,DYRK2
hsa-miR-520c-3p,ULK1
hsa-miR-520c-3p,LATS2
hsa-miR-520c-3p,FNDC3A
hsa-miR-520c-3p,MBNL2
hsa-miR-520c-3p,COL4A2
hsa-miR-520c-3p,CFL2
hsa-miR-520c-3p,KLHL28
hsa-miR-520c-3p,RTN1
hsa-miR-520c-3p,ZFYVE26
hsa-miR-520c-3p,BTBD7
hsa-miR-520c-3p,AKT1
hsa-miR-520c-3p,IRF9
hsa-miR-520c-3p,BRMS1L
hsa-miR-520c-3p,TTC9
hsa-miR-520c-3p,PAPOLA
hsa-miR-520c-3p,FAM219B
hsa-miR-520c-3p,NR2F2
hsa-miR-520c-3p,UNKL
hsa-miR-520c-3p,PKD1
hsa-miR-520c-3p,AKTIP
hsa-miR-520c-3p,CMTR2
hsa-miR-520c-3p,PHLPP2
hsa-miR-520c-3p,RBBP6
hsa-miR-520c-3p,TAOK2
hsa-miR-520c-3p,MNT
hsa-miR-520c-3p,NUFIP2
hsa-miR-520c-3p,EZH1
hsa-miR-520c-3p,MTMR4
hsa-miR-520c-3p,JPT1
hsa-miR-520c-3p,MINK1
hsa-miR-520c-3p,ALKBH5
hsa-miR-520c-3p,TVP23B
hsa-miR-520c-3p,WIPF2
hsa-miR-520c-3p,KPNA2
hsa-miR-520c-3p,UNK
hsa-miR-520c-3p,MKNK2
hsa-miR-520c-3p,ZBTB7A
hsa-miR-520c-3p,HAUS8
hsa-miR-520c-3p,CHAF1A
hsa-miR-520c-3p,ARHGEF18
hsa-miR-520c-3p,HNRNPUL1
hsa-miR-520c-3p,SDC1
hsa-miR-520c-3p,PPP3R1
hsa-miR-520c-3p,CYP26B1
hsa-miR-520c-3p,DUSP2
hsa-miR-520c-3p,MAP3K2
hsa-miR-520c-3p,SLC40A1
hsa-miR-520c-3p,CUL3
hsa-miR-520c-3p,CLIP4
hsa-miR-520c-3p,LCLAT1
hsa-miR-520c-3p,CRIM1
hsa-miR-520c-3p,TET3
hsa-miR-520c-3p,TCF7L1
hsa-miR-520c-3p,PLEKHA3
hsa-miR-520c-3p,TBC1D20
hsa-miR-520c-3p,PLAGL2
hsa-miR-520c-3p,E2F1
hsa-miR-520c-3p,BLCAP
hsa-miR-520c-3p,ZNFX1
hsa-miR-520c-3p,ZNF512B
hsa-miR-520c-3p,KIF3B
hsa-miR-520c-3p,CTSA
hsa-miR-520c-3p,NCOA3
hsa-miR-520c-3p,APP
hsa-miR-520c-3p,BRWD1
hsa-miR-520c-3p,C2CD2
hsa-miR-520c-3p,SIK1
hsa-miR-520c-3p,MTMR3
hsa-miR-520c-3p,TIMP3
hsa-miR-520c-3p,FYCO1
hsa-miR-520c-3p,TUSC2
hsa-miR-520c-3p,POLQ
hsa-miR-520c-3p,ZNF148
hsa-miR-520c-3p,PLSCR4
hsa-miR-520c-3p,PFN2
hsa-miR-520c-3p,DCUN1D1
hsa-miR-520c-3p,NR2C2
hsa-miR-520c-3p,TGFBR2
hsa-miR-520c-3p,ZBTB47
hsa-miR-520c-3p,TIPARP
hsa-miR-520c-3p,PPM1L
hsa-miR-520c-3p,RELL1
hsa-miR-520c-3p,IRF2
hsa-miR-520c-3p,KLF3
hsa-miR-520c-3p,SLAIN2
hsa-miR-520c-3p,CXCL8
hsa-miR-520c-3p,PKD2
hsa-miR-520c-3p,RAPGEF2
hsa-miR-520c-3p,PALLD
hsa-miR-520c-3p,TMEM167A
hsa-miR-520c-3p,FEM1C
hsa-miR-520c-3p,SAR1B
hsa-miR-520c-3p,POLR3G
hsa-miR-520c-3p,RGMB
hsa-miR-520c-3p,PAM
hsa-miR-520c-3p,C5orf24
hsa-miR-520c-3p,CREBRF
hsa-miR-520c-3p,SQSTM1
hsa-miR-520c-3p,SLC22A23
hsa-miR-520c-3p,GLO1
hsa-miR-520c-3p,RRAGD
hsa-miR-520c-3p,OSTM1
hsa-miR-520c-3p,FOXF2
hsa-miR-520c-3p,ASF1A
hsa-miR-520c-3p,SASH1
hsa-miR-520c-3p,SNX9
hsa-miR-520c-3p,TNRC18
hsa-miR-520c-3p,PURB
hsa-miR-520c-3p,PON2
hsa-miR-520c-3p,MAP11
hsa-miR-520c-3p,ZNF800
hsa-miR-520c-3p,MKRN1
hsa-miR-520c-3p,AHR
hsa-miR-520c-3p,ITGB8
hsa-miR-520c-3p,CROT
hsa-miR-520c-3p,ZKSCAN1
hsa-miR-520c-3p,AGFG2
hsa-miR-520c-3p,RAB11FIP1
hsa-miR-520c-3p,PLAG1
hsa-miR-520c-3p,UBE2W
hsa-miR-520c-3p,TMEM64
hsa-miR-520c-3p,TP53INP1
hsa-miR-520c-3p,YWHAZ
hsa-miR-520c-3p,ATAD2
hsa-miR-520c-3p,SLC7A2
hsa-miR-520c-3p,BNIP3L
hsa-miR-520c-3p,ADAM9
hsa-miR-520c-3p,YTHDF3
hsa-miR-520c-3p,FZD6
hsa-miR-520c-3p,OXR1
hsa-miR-520c-3p,NFIB
hsa-miR-520c-3p,ZBTB5
hsa-miR-520c-3p,ZNF367
hsa-miR-520c-3p,ABCA1
hsa-miR-520c-3p,ZBTB6
hsa-miR-520c-3p,GOLGA1
hsa-miR-520c-3p,PPP6C
hsa-miR-520c-3p,VLDLR
hsa-miR-520c-3p,RBBP7
hsa-miR-520c-3p,KLHL15
hsa-miR-520c-3p,SYAP1
hsa-miR-520c-3p,PRRG1
hsa-miR-520c-3p,ZBTB33
hsa-miR-520d-3p,EPHA2
hsa-miR-520d-3p,CAMK2N1
hsa-miR-520d-3p,HP1BP3
hsa-miR-520d-3p,MTF1
hsa-miR-520d-3p,FOXJ3
hsa-miR-520d-3p,ANKRD13C
hsa-miR-520d-3p,RHOC
hsa-miR-520d-3p,TXNIP
hsa-miR-520d-3p,CRTC2
hsa-miR-520d-3p,ASH1L
hsa-miR-520d-3p,PIGM
hsa-miR-520d-3p,YOD1
hsa-miR-520d-3p,ITPKB
hsa-miR-520d-3p,IRF2BP2
hsa-miR-520d-3p,ARID4B
hsa-miR-520d-3p,CAMTA1
hsa-miR-520d-3p,MFN2
hsa-miR-520d-3p,ELOA
hsa-miR-520d-3p,PHACTR4
hsa-miR-520d-3p,TXLNA
hsa-miR-520d-3p,KIAA1522
hsa-miR-520d-3p,CMPK1
hsa-miR-520d-3p,NFIA
hsa-miR-520d-3p,PKN2
hsa-miR-520d-3p,CAPZA1
hsa-miR-520d-3p,SUCO
hsa-miR-520d-3p,SKIDA1
hsa-miR-520d-3p,PIP4K2A
hsa-miR-520d-3p,PFKP
hsa-miR-520d-3p,BAMBI
hsa-miR-520d-3p,DKK1
hsa-miR-520d-3p,REEP3
hsa-miR-520d-3p,HECTD2
hsa-miR-520d-3p,TNKS2
hsa-miR-520d-3p,LCOR
hsa-miR-520d-3p,HIF1AN
hsa-miR-520d-3p,SLK
hsa-miR-520d-3p,AHNAK
hsa-miR-520d-3p,KMT5B
hsa-miR-520d-3p,RSF1
hsa-miR-520d-3p,TMEM123
hsa-miR-520d-3p,MSANTD4
hsa-miR-520d-3p,RDX
hsa-miR-520d-3p,IPO7
hsa-miR-520d-3p,WEE1
hsa-miR-520d-3p,PRRG4
hsa-miR-520d-3p,QSER1
hsa-miR-520d-3p,KDM2A
hsa-miR-520d-3p,CCND1
hsa-miR-520d-3p,EMSY
hsa-miR-520d-3p,ZC3H12C
hsa-miR-520d-3p,KMT2A
hsa-miR-520d-3p,TBCEL
hsa-miR-520d-3p,KCNJ8
hsa-miR-520d-3p,DENND5B
hsa-miR-520d-3p,TWF1
hsa-miR-520d-3p,SPRYD3
hsa-miR-520d-3p,ANKRD52
hsa-miR-520d-3p,GNS
hsa-miR-520d-3p,E2F7
hsa-miR-520d-3p,NTN4
hsa-miR-520d-3p,CCND2
hsa-miR-520d-3p,FOXJ2
hsa-miR-520d-3p,FGD4
hsa-miR-520d-3p,DAZAP2
hsa-miR-520d-3p,GDF11
hsa-miR-520d-3p,DYRK2
hsa-miR-520d-3p,ULK1
hsa-miR-520d-3p,LATS2
hsa-miR-520d-3p,FNDC3A
hsa-miR-520d-3p,MBNL2
hsa-miR-520d-3p,COL4A2
hsa-miR-520d-3p,CFL2
hsa-miR-520d-3p,KLHL28
hsa-miR-520d-3p,RTN1
hsa-miR-520d-3p,ZFYVE26
hsa-miR-520d-3p,BTBD7
hsa-miR-520d-3p,AKT1
hsa-miR-520d-3p,IRF9
hsa-miR-520d-3p,BRMS1L
hsa-miR-520d-3p,TTC9
hsa-miR-520d-3p,PAPOLA
hsa-miR-520d-3p,FAM219B
hsa-miR-520d-3p,NR2F2
hsa-miR-520d-3p,UNKL
hsa-miR-520d-3p,PKD1
hsa-miR-520d-3p,AKTIP
hsa-miR-520d-3p,CMTR2
hsa-miR-520d-3p,PHLPP2
hsa-miR-520d-3p,RBBP6
hsa-miR-520d-3p,TAOK2
hsa-miR-520d-3p,MNT
hsa-miR-520d-3p,NUFIP2
hsa-miR-520d-3p,EZH1
hsa-miR-520d-3p,MTMR4
hsa-miR-520d-3p,JPT1
hsa-miR-520d-3p,MINK1
hsa-miR-520d-3p,ALKBH5
hsa-miR-520d-3p,TVP23B
hsa-miR-520d-3p,WIPF2
hsa-miR-520d-3p,KPNA2
hsa-miR-520d-3p,UNK
hsa-miR-520d-3p,MKNK2
hsa-miR-520d-3p,ZBTB7A
hsa-miR-520d-3p,HAUS8
hsa-miR-520d-3p,CHAF1A
hsa-miR-520d-3p,ARHGEF18
hsa-miR-520d-3p,HNRNPUL1
hsa-miR-520d-3p,SDC1
hsa-miR-520d-3p,PPP3R1
hsa-miR-520d-3p,CYP26B1
hsa-miR-520d-3p,DUSP2
hsa-miR-520d-3p,MAP3K2
hsa-miR-520d-3p,SLC40A1
hsa-miR-520d-3p,STK17B
hsa-miR-520d-3p,CUL3
hsa-miR-520d-3p,CLIP4
hsa-miR-520d-3p,LCLAT1
hsa-miR-520d-3p,CRIM1
hsa-miR-520d-3p,TET3
hsa-miR-520d-3p,TCF7L1
hsa-miR-520d-3p,PLEKHA3
hsa-miR-520d-3p,TBC1D20
hsa-miR-520d-3p,PLAGL2
hsa-miR-520d-3p,E2F1
hsa-miR-520d-3p,BLCAP
hsa-miR-520d-3p,ZNFX1
hsa-miR-520d-3p,ZNF512B
hsa-miR-520d-3p,KIF3B
hsa-miR-520d-3p,CTSA
hsa-miR-520d-3p,NCOA3
hsa-miR-520d-3p,APP
hsa-miR-520d-3p,BRWD1
hsa-miR-520d-3p,C2CD2
hsa-miR-520d-3p,SIK1
hsa-miR-520d-3p,MTMR3
hsa-miR-520d-3p,TIMP3
hsa-miR-520d-3p,FYCO1
hsa-miR-520d-3p,TUSC2
hsa-miR-520d-3p,POLQ
hsa-miR-520d-3p,ZNF148
hsa-miR-520d-3p,PLSCR4
hsa-miR-520d-3p,PFN2
hsa-miR-520d-3p,DCUN1D1
hsa-miR-520d-3p,NR2C2
hsa-miR-520d-3p,TGFBR2
hsa-miR-520d-3p,ZBTB47
hsa-miR-520d-3p,TIPARP
hsa-miR-520d-3p,PPM1L
hsa-miR-520d-3p,RELL1
hsa-miR-520d-3p,IRF2
hsa-miR-520d-3p,KLF3
hsa-miR-520d-3p,SLAIN2
hsa-miR-520d-3p,CXCL8
hsa-miR-520d-3p,PKD2
hsa-miR-520d-3p,RAPGEF2
hsa-miR-520d-3p,PALLD
hsa-miR-520d-3p,TMEM167A
hsa-miR-520d-3p,FEM1C
hsa-miR-520d-3p,SAR1B
hsa-miR-520d-3p,POLR3G
hsa-miR-520d-3p,RGMB
hsa-miR-520d-3p,PAM
hsa-miR-520d-3p,C5orf24
hsa-miR-520d-3p,CREBRF
hsa-miR-520d-3p,SQSTM1
hsa-miR-520d-3p,SLC22A23
hsa-miR-520d-3p,GLO1
hsa-miR-520d-3p,RRAGD
hsa-miR-520d-3p,OSTM1
hsa-miR-520d-3p,FOXF2
hsa-miR-520d-3p,ASF1A
hsa-miR-520d-3p,SASH1
hsa-miR-520d-3p,SNX9
hsa-miR-520d-3p,TNRC18
hsa-miR-520d-3p,PURB
hsa-miR-520d-3p,PON2
hsa-miR-520d-3p,MAP11
hsa-miR-520d-3p,ZNF800
hsa-miR-520d-3p,MKRN1
hsa-miR-520d-3p,AHR
hsa-miR-520d-3p,ITGB8
hsa-miR-520d-3p,CROT
hsa-miR-520d-3p,ZKSCAN1
hsa-miR-520d-3p,AGFG2
hsa-miR-520d-3p,MTUS1
hsa-miR-520d-3p,RAB11FIP1
hsa-miR-520d-3p,PLAG1
hsa-miR-520d-3p,UBE2W
hsa-miR-520d-3p,TMEM64
hsa-miR-520d-3p,TP53INP1
hsa-miR-520d-3p,YWHAZ
hsa-miR-520d-3p,ATAD2
hsa-miR-520d-3p,SLC7A2
hsa-miR-520d-3p,BNIP3L
hsa-miR-520d-3p,ADAM9
hsa-miR-520d-3p,YTHDF3
hsa-miR-520d-3p,FZD6
hsa-miR-520d-3p,OXR1
hsa-miR-520d-3p,NFIB
hsa-miR-520d-3p,ZBTB5
hsa-miR-520d-3p,ZNF367
hsa-miR-520d-3p,ABCA1
hsa-miR-520d-3p,ZBTB6
hsa-miR-520d-3p,GOLGA1
hsa-miR-520d-3p,PPP6C
hsa-miR-520d-3p,VLDLR
hsa-miR-520d-3p,RBBP7
hsa-miR-520d-3p,KLHL15
hsa-miR-520d-3p,SYAP1
hsa-miR-520d-3p,PRRG1
hsa-miR-520d-3p,ZBTB33
hsa-miR-520e,EPHA2
hsa-miR-520e,CAMK2N1
hsa-miR-520e,HP1BP3
hsa-miR-520e,MTF1
hsa-miR-520e,ANKRD13C
hsa-miR-520e,RHOC
hsa-miR-520e,TXNIP
hsa-miR-520e,CRTC2
hsa-miR-520e,ASH1L
hsa-miR-520e,PIGM
hsa-miR-520e,YOD1
hsa-miR-520e,ITPKB
hsa-miR-520e,IRF2BP2
hsa-miR-520e,ARID4B
hsa-miR-520e,CAMTA1
hsa-miR-520e,ELOA
hsa-miR-520e,PHACTR4
hsa-miR-520e,TXLNA
hsa-miR-520e,KIAA1522
hsa-miR-520e,CMPK1
hsa-miR-520e,NFIA
hsa-miR-520e,PKN2
hsa-miR-520e,CAPZA1
hsa-miR-520e,SUCO
hsa-miR-520e,SKIDA1
hsa-miR-520e,PIP4K2A
hsa-miR-520e,PFKP
hsa-miR-520e,BAMBI
hsa-miR-520e,DKK1
hsa-miR-520e,REEP3
hsa-miR-520e,HECTD2
hsa-miR-520e,TNKS2
hsa-miR-520e,LCOR
hsa-miR-520e,HIF1AN
hsa-miR-520e,SLK
hsa-miR-520e,ABRAXAS2
hsa-miR-520e,AHNAK
hsa-miR-520e,KMT5B
hsa-miR-520e,RSF1
hsa-miR-520e,TMEM123
hsa-miR-520e,MSANTD4
hsa-miR-520e,RDX
hsa-miR-520e,IPO7
hsa-miR-520e,WEE1
hsa-miR-520e,PRRG4
hsa-miR-520e,QSER1
hsa-miR-520e,KDM2A
hsa-miR-520e,CCND1
hsa-miR-520e,EMSY
hsa-miR-520e,ZC3H12C
hsa-miR-520e,KMT2A
hsa-miR-520e,TBCEL
hsa-miR-520e,KCNJ8
hsa-miR-520e,DENND5B
hsa-miR-520e,TWF1
hsa-miR-520e,SPRYD3
hsa-miR-520e,ANKRD52
hsa-miR-520e,GNS
hsa-miR-520e,E2F7
hsa-miR-520e,NTN4
hsa-miR-520e,CCND2
hsa-miR-520e,FOXJ2
hsa-miR-520e,AEBP2
hsa-miR-520e,FGD4
hsa-miR-520e,DAZAP2
hsa-miR-520e,GDF11
hsa-miR-520e,DYRK2
hsa-miR-520e,ULK1
hsa-miR-520e,LATS2
hsa-miR-520e,FNDC3A
hsa-miR-520e,MBNL2
hsa-miR-520e,COL4A2
hsa-miR-520e,CFL2
hsa-miR-520e,KLHL28
hsa-miR-520e,RTN1
hsa-miR-520e,ZFYVE26
hsa-miR-520e,BTBD7
hsa-miR-520e,AKT1
hsa-miR-520e,IRF9
hsa-miR-520e,BRMS1L
hsa-miR-520e,TTC9
hsa-miR-520e,PAPOLA
hsa-miR-520e,FAM219B
hsa-miR-520e,NR2F2
hsa-miR-520e,UNKL
hsa-miR-520e,PKD1
hsa-miR-520e,AKTIP
hsa-miR-520e,CMTR2
hsa-miR-520e,PHLPP2
hsa-miR-520e,RBBP6
hsa-miR-520e,TAOK2
hsa-miR-520e,MNT
hsa-miR-520e,NUFIP2
hsa-miR-520e,EZH1
hsa-miR-520e,MTMR4
hsa-miR-520e,JPT1
hsa-miR-520e,MINK1
hsa-miR-520e,ALKBH5
hsa-miR-520e,TVP23B
hsa-miR-520e,WIPF2
hsa-miR-520e,KPNA2
hsa-miR-520e,UNK
hsa-miR-520e,MKNK2
hsa-miR-520e,ZBTB7A
hsa-miR-520e,HAUS8
hsa-miR-520e,CHAF1A
hsa-miR-520e,ARHGEF18
hsa-miR-520e,HNRNPUL1
hsa-miR-520e,SDC1
hsa-miR-520e,PPP3R1
hsa-miR-520e,CYP26B1
hsa-miR-520e,DUSP2
hsa-miR-520e,MAP3K2
hsa-miR-520e,SLC40A1
hsa-miR-520e,CUL3
hsa-miR-520e,CLIP4
hsa-miR-520e,LCLAT1
hsa-miR-520e,CRIM1
hsa-miR-520e,TET3
hsa-miR-520e,TCF7L1
hsa-miR-520e,PLEKHA3
hsa-miR-520e,TBC1D20
hsa-miR-520e,PLAGL2
hsa-miR-520e,E2F1
hsa-miR-520e,BLCAP
hsa-miR-520e,ZNFX1
hsa-miR-520e,ZNF512B
hsa-miR-520e,KIF3B
hsa-miR-520e,CTSA
hsa-miR-520e,NCOA3
hsa-miR-520e,APP
hsa-miR-520e,BRWD1
hsa-miR-520e,C2CD2
hsa-miR-520e,SIK1
hsa-miR-520e,MTMR3
hsa-miR-520e,TIMP3
hsa-miR-520e,FYCO1
hsa-miR-520e,TUSC2
hsa-miR-520e,POLQ
hsa-miR-520e,ZNF148
hsa-miR-520e,PLSCR4
hsa-miR-520e,PFN2
hsa-miR-520e,DCUN1D1
hsa-miR-520e,NR2C2
hsa-miR-520e,TGFBR2
hsa-miR-520e,ZBTB47
hsa-miR-520e,TIPARP
hsa-miR-520e,PPM1L
hsa-miR-520e,RELL1
hsa-miR-520e,IRF2
hsa-miR-520e,KLF3
hsa-miR-520e,SLAIN2
hsa-miR-520e,CXCL8
hsa-miR-520e,PKD2
hsa-miR-520e,RAPGEF2
hsa-miR-520e,PALLD
hsa-miR-520e,TMEM167A
hsa-miR-520e,FEM1C
hsa-miR-520e,SAR1B
hsa-miR-520e,POLR3G
hsa-miR-520e,RGMB
hsa-miR-520e,PAM
hsa-miR-520e,C5orf24
hsa-miR-520e,CREBRF
hsa-miR-520e,SQSTM1
hsa-miR-520e,SLC22A23
hsa-miR-520e,GLO1
hsa-miR-520e,RRAGD
hsa-miR-520e,OSTM1
hsa-miR-520e,FOXF2
hsa-miR-520e,VEGFA
hsa-miR-520e,ASF1A
hsa-miR-520e,NCOA7
hsa-miR-520e,SASH1
hsa-miR-520e,SNX9
hsa-miR-520e,TNRC18
hsa-miR-520e,PURB
hsa-miR-520e,PON2
hsa-miR-520e,MAP11
hsa-miR-520e,ZNF800
hsa-miR-520e,MKRN1
hsa-miR-520e,AHR
hsa-miR-520e,ITGB8
hsa-miR-520e,CROT
hsa-miR-520e,ZKSCAN1
hsa-miR-520e,AGFG2
hsa-miR-520e,MTUS1
hsa-miR-520e,RAB11FIP1
hsa-miR-520e,PLAG1
hsa-miR-520e,UBE2W
hsa-miR-520e,TMEM64
hsa-miR-520e,TP53INP1
hsa-miR-520e,YWHAZ
hsa-miR-520e,TRPS1
hsa-miR-520e,ATAD2
hsa-miR-520e,SLC7A2
hsa-miR-520e,BNIP3L
hsa-miR-520e,ADAM9
hsa-miR-520e,YTHDF3
hsa-miR-520e,FZD6
hsa-miR-520e,OXR1
hsa-miR-520e,NFIB
hsa-miR-520e,ZBTB5
hsa-miR-520e,ZNF367
hsa-miR-520e,ABCA1
hsa-miR-520e,ZBTB6
hsa-miR-520e,GOLGA1
hsa-miR-520e,PPP6C
hsa-miR-520e,VLDLR
hsa-miR-520e,RBBP7
hsa-miR-520e,KLHL15
hsa-miR-520e,SYAP1
hsa-miR-520e,PRRG1
hsa-miR-520e,ZBTB33
hsa-miR-542-3p,UBR4
hsa-miR-542-3p,PPP1R15B
hsa-miR-542-3p,MFSD14A
hsa-miR-542-3p,AC118553.2
hsa-miR-542-3p,PTEN
hsa-miR-542-3p,CAPRIN1
hsa-miR-542-3p,RPS6KA4
hsa-miR-542-3p,SLC2A3
hsa-miR-542-3p,R3HDM2
hsa-miR-542-3p,SLC48A1
hsa-miR-542-3p,TSC22D1
hsa-miR-542-3p,STRN3
hsa-miR-542-3p,SPRED1
hsa-miR-542-3p,RAB11A
hsa-miR-542-3p,UBE2G1
hsa-miR-542-3p,SPAG9
hsa-miR-542-3p,AP3D1
hsa-miR-542-3p,YPEL5
hsa-miR-542-3p,SLC39A10
hsa-miR-542-3p,MYH9
hsa-miR-542-3p,SH3BP5
hsa-miR-542-3p,DCBLD2
hsa-miR-542-3p,TSC22D2
hsa-miR-542-3p,GRSF1
hsa-miR-542-3p,CPE
hsa-miR-542-3p,TMEM167A
hsa-miR-542-3p,MYLIP
hsa-miR-542-3p,TMEM65
hsa-miR-542-3p,RAB2A
hsa-miR-542-3p,RNF20
hsa-miR-543,ZZZ3
hsa-miR-543,ZNF281
hsa-miR-543,KDM5B
hsa-miR-543,YOD1
hsa-miR-543,AHCTF1
hsa-miR-543,PDIK1L
hsa-miR-543,EPB41
hsa-miR-543,CCN1
hsa-miR-543,LRRC8D
hsa-miR-543,DR1
hsa-miR-543,ZC3H11A
hsa-miR-543,ZBED6
hsa-miR-543,COQ8A
hsa-miR-543,AL391628.1
hsa-miR-543,DIP2C
hsa-miR-543,ERLIN1
hsa-miR-543,ARL5B
hsa-miR-543,SIRT1
hsa-miR-543,CCAR1
hsa-miR-543,TSPAN14
hsa-miR-543,PTEN
hsa-miR-543,PCGF5
hsa-miR-543,TCF7L2
hsa-miR-543,RNF141
hsa-miR-543,CFL1
hsa-miR-543,EMSY
hsa-miR-543,PAFAH1B2
hsa-miR-543,LRP6
hsa-miR-543,LMO3
hsa-miR-543,E2F7
hsa-miR-543,EEA1
hsa-miR-543,CORO1C
hsa-miR-543,HMGA2
hsa-miR-543,METAP2
hsa-miR-543,FBXL3
hsa-miR-543,RBM26
hsa-miR-543,PDS5B
hsa-miR-543,GPR180
hsa-miR-543,IPO5
hsa-miR-543,ZIC2
hsa-miR-543,MIDEAS
hsa-miR-543,SEL1L
hsa-miR-543,FBXO34
hsa-miR-543,MTA1
hsa-miR-543,COPS2
hsa-miR-543,ARIH1
hsa-miR-543,ARID3B
hsa-miR-543,IREB2
hsa-miR-543,CREBBP
hsa-miR-543,DYNC1LI2
hsa-miR-543,C16orf72
hsa-miR-543,HERPUD1
hsa-miR-543,ZBTB4
hsa-miR-543,UBB
hsa-miR-543,CPD
hsa-miR-543,EIF1
hsa-miR-543,CDH2
hsa-miR-543,USP14
hsa-miR-543,GALNT1
hsa-miR-543,PEG3
hsa-miR-543,UBA2
hsa-miR-543,ATL2
hsa-miR-543,GFPT1
hsa-miR-543,CACNB4
hsa-miR-543,NCKAP1
hsa-miR-543,PPP1CB
hsa-miR-543,PCBP1
hsa-miR-543,PCYOX1
hsa-miR-543,UBR3
hsa-miR-543,DNAJC10
hsa-miR-543,UNC80
hsa-miR-543,CAB39
hsa-miR-543,GPCPD1
hsa-miR-543,BMP2
hsa-miR-543,BTBD3
hsa-miR-543,TGIF2
hsa-miR-543,HSPA13
hsa-miR-543,SON
hsa-miR-543,MAPK1
hsa-miR-543,TOB2
hsa-miR-543,NME6
hsa-miR-543,BHLHE40
hsa-miR-543,SERPINI1
hsa-miR-543,FNDC3B
hsa-miR-543,EIF4A2
hsa-miR-543,RBM47
hsa-miR-543,CLOCK
hsa-miR-543,TBC1D9
hsa-miR-543,HMGB2
hsa-miR-543,CPEB2
hsa-miR-543,KLF3
hsa-miR-543,LIFR
hsa-miR-543,PJA2
hsa-miR-543,GABRB2
hsa-miR-543,PANK3
hsa-miR-543,GPBP1
hsa-miR-543,TNPO1
hsa-miR-543,MACIR
hsa-miR-543,MATR3
hsa-miR-543,PCDHA6
hsa-miR-543,PCDHA9
hsa-miR-543,PCDHA8
hsa-miR-543,PCDHA7
hsa-miR-543,PCDHA5
hsa-miR-543,PCDHA4
hsa-miR-543,PCDHA2
hsa-miR-543,PCDHA1
hsa-miR-543,PCDHA13
hsa-miR-543,PCDHAC2
hsa-miR-543,PCDHAC1
hsa-miR-543,PCDHA11
hsa-miR-543,PCDHA10
hsa-miR-543,PCDHA12
hsa-miR-543,PCDHA3
hsa-miR-543,RBM27
hsa-miR-543,NPM1
hsa-miR-543,CPEB4
hsa-miR-543,BACH2
hsa-miR-543,WRNIP1
hsa-miR-543,MARCKS
hsa-miR-543,HECA
hsa-miR-543,TNS3
hsa-miR-543,WASL
hsa-miR-543,ARL4A
hsa-miR-543,CBX3
hsa-miR-543,KMT2E
hsa-miR-543,PLAG1
hsa-miR-543,PDE7A
hsa-miR-543,TP53INP1
hsa-miR-543,AZIN1
hsa-miR-543,TUSC3
hsa-miR-543,LEPROTL1
hsa-miR-543,ZNF703
hsa-miR-543,NFIB
hsa-miR-543,ZFAND5
hsa-miR-543,DDX3X
hsa-miR-590-5p,GATAD2B
hsa-miR-590-5p,YOD1
hsa-miR-590-5p,SKI
hsa-miR-590-5p,BTG2
hsa-miR-590-5p,FBXO28
hsa-miR-590-5p,KLF6
hsa-miR-590-5p,VCL
hsa-miR-590-5p,PDCD4
hsa-miR-590-5p,EHD1
hsa-miR-590-5p,RDX
hsa-miR-590-5p,YAP1
hsa-miR-590-5p,SOX5
hsa-miR-590-5p,SMARCD1
hsa-miR-590-5p,FRS2
hsa-miR-590-5p,BCL7A
hsa-miR-590-5p,SPRY2
hsa-miR-590-5p,COL4A1
hsa-miR-590-5p,MINDY2
hsa-miR-590-5p,DNAJA2
hsa-miR-590-5p,SNTB2
hsa-miR-590-5p,RFFL
hsa-miR-590-5p,STAT3
hsa-miR-590-5p,CBX4
hsa-miR-590-5p,ZNF207
hsa-miR-590-5p,RPRD1A
hsa-miR-590-5p,FBXO11
hsa-miR-590-5p,RTN4
hsa-miR-590-5p,PELI1
hsa-miR-590-5p,RHOB
hsa-miR-590-5p,CRIM1
hsa-miR-590-5p,PCBP1
hsa-miR-590-5p,RMND5A
hsa-miR-590-5p,CCL20
hsa-miR-590-5p,ADNP
hsa-miR-590-5p,ZCCHC3
hsa-miR-590-5p,TIMP3
hsa-miR-590-5p,CDC25A
hsa-miR-590-5p,PBRM1
hsa-miR-590-5p,TGFBR2
hsa-miR-590-5p,DAG1
hsa-miR-590-5p,MBNL1
hsa-miR-590-5p,MAPK10
hsa-miR-590-5p,PPP3CA
hsa-miR-590-5p,RBPJ
hsa-miR-590-5p,ZSWIM6
hsa-miR-590-5p,PIK3R1
hsa-miR-590-5p,TNPO1
hsa-miR-590-5p,TGFBI
hsa-miR-590-5p,PURA
hsa-miR-590-5p,TENT5A
hsa-miR-590-5p,SESN1
hsa-miR-590-5p,LATS1
hsa-miR-590-5p,SASH1
hsa-miR-590-5p,GLCCI1
hsa-miR-590-5p,PLAG1
hsa-miR-590-5p,ANKRD46
hsa-miR-590-5p,RAD21
hsa-miR-590-5p,AGO2
hsa-miR-590-5p,CHD7
hsa-miR-590-5p,WWP1
hsa-miR-590-5p,NFIB
hsa-miR-590-5p,ZNF367
hsa-miR-590-5p,KLHL15
hsa-miR-613,FUBP1
hsa-miR-613,CNN3
hsa-miR-613,ANP32E
hsa-miR-613,CERS2
hsa-miR-613,ADAR
hsa-miR-613,TAGLN2
hsa-miR-613,HNRNPU
hsa-miR-613,PGD
hsa-miR-613,SH3BGRL3
hsa-miR-613,MIER1
hsa-miR-613,CAPZA1
hsa-miR-613,POGK
hsa-miR-613,NRP1
hsa-miR-613,ZMYND11
hsa-miR-613,TNKS2
hsa-miR-613,BTAF1
hsa-miR-613,PDCD4
hsa-miR-613,TCF7L2
hsa-miR-613,THAP12
hsa-miR-613,CAPRIN1
hsa-miR-613,API5
hsa-miR-613,ARCN1
hsa-miR-613,CDK4
hsa-miR-613,CORO1C
hsa-miR-613,CAND1
hsa-miR-613,HSP90B1
hsa-miR-613,AKAP11
hsa-miR-613,FNDC3A
hsa-miR-613,SLC39A9
hsa-miR-613,ANXA2
hsa-miR-613,PPIB
hsa-miR-613,CHSY1
hsa-miR-613,SPRED1
hsa-miR-613,THBS1
hsa-miR-613,RNF111
hsa-miR-613,HACD3
hsa-miR-613,FBXO22
hsa-miR-613,PHLPP2
hsa-miR-613,ZBTB4
hsa-miR-613,VAT1
hsa-miR-613,LRRC59
hsa-miR-613,MMD
hsa-miR-613,COIL
hsa-miR-613,SRSF1
hsa-miR-613,AC015813.2
hsa-miR-613,DDX5
hsa-miR-613,H3-3B
hsa-miR-613,CLTC
hsa-miR-613,RNF213
hsa-miR-613,ZNF24
hsa-miR-613,TGIF1
hsa-miR-613,AP3D1
hsa-miR-613,JUND
hsa-miR-613,TPM4
hsa-miR-613,YWHAQ
hsa-miR-613,CALM2
hsa-miR-613,STARD7
hsa-miR-613,FN1
hsa-miR-613,NCL
hsa-miR-613,SLC39A10
hsa-miR-613,C2orf69
hsa-miR-613,PTMA
hsa-miR-613,SEPTIN2
hsa-miR-613,RRBP1
hsa-miR-613,BLCAP
hsa-miR-613,PREX1
hsa-miR-613,ZBTB21
hsa-miR-613,MAPK1
hsa-miR-613,DDX17
hsa-miR-613,TIMP3
hsa-miR-613,NUP50
hsa-miR-613,HIGD1A
hsa-miR-613,ARF4
hsa-miR-613,FOXP1
hsa-miR-613,RYBP
hsa-miR-613,TMCC1
hsa-miR-613,SERP1
hsa-miR-613,FNDC3B
hsa-miR-613,RAPGEF2
hsa-miR-613,CLCN3
hsa-miR-613,IL6ST
hsa-miR-613,STC2
hsa-miR-613,C5orf51
hsa-miR-613,KIF2A
hsa-miR-613,TNPO1
hsa-miR-613,CD164
hsa-miR-613,CITED2
hsa-miR-613,JARID2
hsa-miR-613,GJA1
hsa-miR-613,ACTB
hsa-miR-613,SRI
hsa-miR-613,GLCCI1
hsa-miR-613,ANKIB1
hsa-miR-613,RAB11FIP1
hsa-miR-613,SFRP1
hsa-miR-613,BAG4
hsa-miR-613,RNF38
hsa-miR-613,HNRNPK
hsa-miR-613,ANP32B
hsa-miR-613,KLHL15
hsa-miR-613,G6PD
hsa-miR-613,TMSB4X
hsa-miR-615-3p,PSMD11
hsa-miR-653-5p,PPP1CC
hsa-miR-653-5p,RAI14
hsa-miR-7-5p,SLC6A9
hsa-miR-7-5p,CNN3
hsa-miR-7-5p,TRIM33
hsa-miR-7-5p,YOD1
hsa-miR-7-5p,LRRC8B
hsa-miR-7-5p,CAPZA1
hsa-miR-7-5p,UHMK1
hsa-miR-7-5p,DDIT4
hsa-miR-7-5p,PCGF5
hsa-miR-7-5p,BCCIP
hsa-miR-7-5p,PATL1
hsa-miR-7-5p,PICALM
hsa-miR-7-5p,SLC38A2
hsa-miR-7-5p,CKAP4
hsa-miR-7-5p,SMARCD1
hsa-miR-7-5p,SP1
hsa-miR-7-5p,CAND1
hsa-miR-7-5p,KMT5A
hsa-miR-7-5p,IRS2
hsa-miR-7-5p,RB1
hsa-miR-7-5p,NDFIP2
hsa-miR-7-5p,CHAMP1
hsa-miR-7-5p,SUSD6
hsa-miR-7-5p,PSEN1
hsa-miR-7-5p,ACTC1
hsa-miR-7-5p,ZNF609
hsa-miR-7-5p,TLNRD1
hsa-miR-7-5p,ARL6IP1
hsa-miR-7-5p,PRKCB
hsa-miR-7-5p,TNRC6A
hsa-miR-7-5p,LRRC59
hsa-miR-7-5p,PSME3
hsa-miR-7-5p,MBD2
hsa-miR-7-5p,TCF4
hsa-miR-7-5p,MIER2
hsa-miR-7-5p,SERTAD3
hsa-miR-7-5p,ZC3H4
hsa-miR-7-5p,NR1H2
hsa-miR-7-5p,SEMA4C
hsa-miR-7-5p,RBMS1
hsa-miR-7-5p,HDLBP
hsa-miR-7-5p,SPATA2
hsa-miR-7-5p,ITCH
hsa-miR-7-5p,DYRK1A
hsa-miR-7-5p,RAF1
hsa-miR-7-5p,SATB1
hsa-miR-7-5p,CGGBP1
hsa-miR-7-5p,GOLGB1
hsa-miR-7-5p,KPNA1
hsa-miR-7-5p,PFN2
hsa-miR-7-5p,TFRC
hsa-miR-7-5p,LIMD1
hsa-miR-7-5p,U2SURP
hsa-miR-7-5p,FXR1
hsa-miR-7-5p,PAK2
hsa-miR-7-5p,UBE2D3
hsa-miR-7-5p,STIM2
hsa-miR-7-5p,BASP1
hsa-miR-7-5p,TCERG1
hsa-miR-7-5p,CNOT8
hsa-miR-7-5p,SGK1
hsa-miR-7-5p,NDUFA4
hsa-miR-7-5p,EGFR
hsa-miR-7-5p,COL1A2
hsa-miR-7-5p,CALU
hsa-miR-7-5p,LUC7L2
hsa-miR-7-5p,CTSB
hsa-miR-7-5p,PLEC
hsa-miR-7-5p,DPYSL2
hsa-miR-7-5p,UBXN2B
hsa-miR-7-5p,OXR1
hsa-miR-7-5p,MEGF9
hsa-miR-7-5p,EXOSC2
hsa-miR-7-5p,IDS
hsa-miR-7-5p,AC244197.3
hsa-miR-7-5p,OGT
hsa-miR-708-5p,FOXJ3
hsa-miR-708-5p,NRAS
hsa-miR-708-5p,PSAP
hsa-miR-708-5p,SSRP1
hsa-miR-708-5p,PAFAH1B2
hsa-miR-708-5p,WSB2
hsa-miR-708-5p,TXNL1
hsa-miR-708-5p,LYPD3
hsa-miR-708-5p,TEX261
hsa-miR-708-5p,NFE2L2
hsa-miR-708-5p,CRIM1
hsa-miR-708-5p,NOL4L
hsa-miR-708-5p,STK4
hsa-miR-708-5p,ETF1
hsa-miR-708-5p,TNS3
hsa-miR-708-5p,CASP2
hsa-miR-708-5p,SLC31A1
hsa-miR-758-3p,NOTCH2
hsa-miR-758-3p,HNRNPU
hsa-miR-758-3p,SLC38A1
hsa-miR-758-3p,STRN3
hsa-miR-758-3p,DDX5
hsa-miR-758-3p,ZBTB7A
hsa-miR-758-3p,KHSRP
hsa-miR-758-3p,MAP4K3
hsa-miR-758-3p,NCOA3
hsa-miR-758-3p,MYH9
hsa-miR-758-3p,ATP2B2
hsa-miR-758-3p,TSC22D2
hsa-miR-758-3p,IL6ST
hsa-miR-758-3p,C5orf15
hsa-miR-758-3p,CDK13
hsa-miR-758-3p,TMEM65
hsa-miR-758-3p,PGRMC1
hsa-miR-873-5p,CAMK2N1
hsa-miR-873-5p,MCL1
hsa-miR-873-5p,S100A16
hsa-miR-873-5p,HDGF
hsa-miR-873-5p,S1PR1
hsa-miR-873-5p,ATP8B2
hsa-miR-873-5p,DPF2
hsa-miR-873-5p,PAFAH1B2
hsa-miR-873-5p,GNS
hsa-miR-873-5p,E2F7
hsa-miR-873-5p,ATP2B1
hsa-miR-873-5p,SLC25A3
hsa-miR-873-5p,ARGLU1
hsa-miR-873-5p,EGLN3
hsa-miR-873-5p,MAX
hsa-miR-873-5p,NRXN3
hsa-miR-873-5p,ZNF609
hsa-miR-873-5p,SRRM2
hsa-miR-873-5p,MAZ
hsa-miR-873-5p,DDX5
hsa-miR-873-5p,GID4
hsa-miR-873-5p,ZNF207
hsa-miR-873-5p,CEBPG
hsa-miR-873-5p,SERTAD2
hsa-miR-873-5p,CRIM1
hsa-miR-873-5p,CERS6
hsa-miR-873-5p,APP
hsa-miR-873-5p,MAPK1
hsa-miR-873-5p,HMOX1
hsa-miR-873-5p,GPX1
hsa-miR-873-5p,FAM160A1
hsa-miR-873-5p,HOXA9
hsa-miR-873-5p,PSD3
hsa-miR-873-5p,TUSC3
hsa-miR-873-5p,NFIB
hsa-miR-873-5p,SIGMAR1
hsa-miR-873-5p,CEMIP2
hsa-miR-873-5p,HNRNPK
hsa-miR-873-5p,ANP32B
hsa-miR-874-3p,CORO1C
hsa-miR-874-3p,MARCHF9
hsa-miR-874-3p,MSRB3
hsa-miR-874-3p,DYNLL1
hsa-miR-874-3p,PPP4R3A
hsa-miR-874-3p,DCUN1D3
hsa-miR-874-3p,NUFIP2
hsa-miR-874-3p,SUMO2
hsa-miR-874-3p,PLEKHB2
hsa-miR-874-3p,LSM14B
hsa-miR-874-3p,CPEB4
hsa-miR-874-3p,CRCP
hsa-miR-874-3p,PTPN12
hsa-miR-874-3p,EIF4EBP1
hsa-miR-875-5p,NFIA
hsa-miR-875-5p,LIN7C
hsa-miR-875-5p,STYX
hsa-miR-875-5p,ITPRID2
hsa-miR-875-5p,DDX17
hsa-miR-875-5p,ZSWIM6
hsa-miR-875-5p,PACSIN1
hsa-miR-875-5p,VKORC1L1
hsa-miR-875-5p,PEG10
hsa-miR-876-5p,SSR2
hsa-miR-876-5p,AGO1
hsa-miR-876-5p,DNAJB4
hsa-miR-876-5p,CAPZA1
hsa-miR-876-5p,RAB18
hsa-miR-876-5p,WAC
hsa-miR-876-5p,MYL2
hsa-miR-876-5p,NPTN
hsa-miR-876-5p,CTC1
hsa-miR-876-5p,SF3B1
hsa-miR-876-5p,MBNL1
hsa-miR-876-5p,HNRNPA0
hsa-miR-876-5p,RAI14
hsa-miR-876-5p,RRAGD
hsa-miR-876-5p,YWHAZ
hsa-miR-876-5p,TGFBR1
hsa-miR-876-5p,HUWE1
hsa-miR-876-5p,SMARCA1
hsa-miR-876-5p,OGT
hsa-miR-9-5p,STMN1
hsa-miR-9-5p,WASF2
hsa-miR-9-5p,SLC25A24
hsa-miR-9-5p,CERS2
hsa-miR-9-5p,SHC1
hsa-miR-9-5p,NID1
hsa-miR-9-5p,SZRD1
hsa-miR-9-5p,OTUD3
hsa-miR-9-5p,ARID1A
hsa-miR-9-5p,S100PBP
hsa-miR-9-5p,CAPZA1
hsa-miR-9-5p,HIPK1
hsa-miR-9-5p,TENT5C
hsa-miR-9-5p,POU2F1
hsa-miR-9-5p,NRP1
hsa-miR-9-5p,PARG
hsa-miR-9-5p,VCL
hsa-miR-9-5p,CCNJ
hsa-miR-9-5p,LZTS2
hsa-miR-9-5p,LYVE1
hsa-miR-9-5p,LIN7C
hsa-miR-9-5p,TMEM109
hsa-miR-9-5p,RPS6KA4
hsa-miR-9-5p,M6PR
hsa-miR-9-5p,YBX3
hsa-miR-9-5p,NAP1L1
hsa-miR-9-5p,ESYT1
hsa-miR-9-5p,RAP1B
hsa-miR-9-5p,SYT1
hsa-miR-9-5p,SACS
hsa-miR-9-5p,STARD13
hsa-miR-9-5p,KCTD12
hsa-miR-9-5p,ITM2B
hsa-miR-9-5p,KLF5
hsa-miR-9-5p,GNPNAT1
hsa-miR-9-5p,DICER1
hsa-miR-9-5p,HSP90AA1
hsa-miR-9-5p,FRMD6
hsa-miR-9-5p,FBN1
hsa-miR-9-5p,ADAM10
hsa-miR-9-5p,ANXA2
hsa-miR-9-5p,MAP1A
hsa-miR-9-5p,TLNRD1
hsa-miR-9-5p,FBXL16
hsa-miR-9-5p,DYNC1LI2
hsa-miR-9-5p,TNRC6A
hsa-miR-9-5p,NUTF2
hsa-miR-9-5p,MYO1C
hsa-miR-9-5p,RAB34
hsa-miR-9-5p,SMARCE1
hsa-miR-9-5p,AC073508.2
hsa-miR-9-5p,CCDC43
hsa-miR-9-5p,FAM117A
hsa-miR-9-5p,SMARCD2
hsa-miR-9-5p,KPNB1
hsa-miR-9-5p,MAP3K3
hsa-miR-9-5p,KCNJ2
hsa-miR-9-5p,COLEC12
hsa-miR-9-5p,ANKRD12
hsa-miR-9-5p,BCAT2
hsa-miR-9-5p,GTPBP3
hsa-miR-9-5p,ATL2
hsa-miR-9-5p,CCDC88A
hsa-miR-9-5p,EFEMP1
hsa-miR-9-5p,GALNT3
hsa-miR-9-5p,GREB1
hsa-miR-9-5p,SOCS5
hsa-miR-9-5p,MTHFD2
hsa-miR-9-5p,RANBP2
hsa-miR-9-5p,TMEM87B
hsa-miR-9-5p,GLS
hsa-miR-9-5p,DYRK1A
hsa-miR-9-5p,MYH9
hsa-miR-9-5p,DDX17
hsa-miR-9-5p,HIC2
hsa-miR-9-5p,FSTL1
hsa-miR-9-5p,SPTSSB
hsa-miR-9-5p,BCL6
hsa-miR-9-5p,MBNL1
hsa-miR-9-5p,FNDC3B
hsa-miR-9-5p,FXR1
hsa-miR-9-5p,AP2M1
hsa-miR-9-5p,HES1
hsa-miR-9-5p,ZBED3
hsa-miR-9-5p,FNIP1
hsa-miR-9-5p,P4HA2
hsa-miR-9-5p,PANK3
hsa-miR-9-5p,MARCHF6
hsa-miR-9-5p,RAI14
hsa-miR-9-5p,ZNF131
hsa-miR-9-5p,MAP3K1
hsa-miR-9-5p,MAP1B
hsa-miR-9-5p,LARP1
hsa-miR-9-5p,CREBRF
hsa-miR-9-5p,FAF2
hsa-miR-9-5p,H4C8
hsa-miR-9-5p,TENT5A
hsa-miR-9-5p,PRDM1
hsa-miR-9-5p,MARCKS
hsa-miR-9-5p,UTRN
hsa-miR-9-5p,HOXA11
hsa-miR-9-5p,PCLO
hsa-miR-9-5p,GIGYF1
hsa-miR-9-5p,ZKSCAN1
hsa-miR-9-5p,TES
hsa-miR-9-5p,INSIG1
hsa-miR-9-5p,BPNT2
hsa-miR-9-5p,TRAM1
hsa-miR-9-5p,RNF19A
hsa-miR-9-5p,SLC39A14
hsa-miR-9-5p,BAG4
hsa-miR-9-5p,ZFHX4
hsa-miR-9-5p,TLN1
hsa-miR-9-5p,ZNF367
hsa-miR-9-5p,PTBP3
hsa-miR-9-5p,ANP32B
hsa-miR-9-5p,COL15A1
hsa-miR-9-5p,ZBTB34
hsa-miR-92a-3p,SLC9A1
hsa-miR-92a-3p,BSDC1
hsa-miR-92a-3p,ANKRD13C
hsa-miR-92a-3p,MCOLN2
hsa-miR-92a-3p,RSBN1
hsa-miR-92a-3p,NRAS
hsa-miR-92a-3p,ANP32E
hsa-miR-92a-3p,GATAD2B
hsa-miR-92a-3p,DENND4B
hsa-miR-92a-3p,MEF2D
hsa-miR-92a-3p,DSTYK
hsa-miR-92a-3p,HNRNPU
hsa-miR-92a-3p,SKI
hsa-miR-92a-3p,OTUD3
hsa-miR-92a-3p,CDC42
hsa-miR-92a-3p,ELOA
hsa-miR-92a-3p,PPCS
hsa-miR-92a-3p,NFIA
hsa-miR-92a-3p,MTF2
hsa-miR-92a-3p,SLC30A7
hsa-miR-92a-3p,AHCYL1
hsa-miR-92a-3p,KCNC4
hsa-miR-92a-3p,HIPK1
hsa-miR-92a-3p,DCAF6
hsa-miR-92a-3p,RGL1
hsa-miR-92a-3p,BTG2
hsa-miR-92a-3p,ATP2B4
hsa-miR-92a-3p,MIA3
hsa-miR-92a-3p,ARF1
hsa-miR-92a-3p,ZBTB18
hsa-miR-92a-3p,KLF6
hsa-miR-92a-3p,KIF5B
hsa-miR-92a-3p,SPOCK2
hsa-miR-92a-3p,DNAJB12
hsa-miR-92a-3p,SH3PXD2A
hsa-miR-92a-3p,CCDC186
hsa-miR-92a-3p,MLLT10
hsa-miR-92a-3p,ARID5B
hsa-miR-92a-3p,KIFBP
hsa-miR-92a-3p,DDIT4
hsa-miR-92a-3p,VCL
hsa-miR-92a-3p,PTEN
hsa-miR-92a-3p,LCOR
hsa-miR-92a-3p,DUSP5
hsa-miR-92a-3p,ADRB1
hsa-miR-92a-3p,FAM160B1
hsa-miR-92a-3p,PLEKHA1
hsa-miR-92a-3p,RNF141
hsa-miR-92a-3p,EIF4G2
hsa-miR-92a-3p,DKK3
hsa-miR-92a-3p,KMT5B
hsa-miR-92a-3p,SESN3
hsa-miR-92a-3p,SRPRA
hsa-miR-92a-3p,ADM
hsa-miR-92a-3p,TEAD1
hsa-miR-92a-3p,FAR1
hsa-miR-92a-3p,QSER1
hsa-miR-92a-3p,HIPK3
hsa-miR-92a-3p,PTPRJ
hsa-miR-92a-3p,ZDHHC5
hsa-miR-92a-3p,RPS6KA4
hsa-miR-92a-3p,GRAMD1B
hsa-miR-92a-3p,SLC2A3
hsa-miR-92a-3p,CD69
hsa-miR-92a-3p,ERGIC2
hsa-miR-92a-3p,SCAF11
hsa-miR-92a-3p,SLC38A2
hsa-miR-92a-3p,LMBR1L
hsa-miR-92a-3p,ITGA5
hsa-miR-92a-3p,GNS
hsa-miR-92a-3p,ZFC3H1
hsa-miR-92a-3p,PAWR
hsa-miR-92a-3p,PPP1R12A
hsa-miR-92a-3p,PITPNM2
hsa-miR-92a-3p,GOLGA3
hsa-miR-92a-3p,P3H3
hsa-miR-92a-3p,NECAP1
hsa-miR-92a-3p,HOXC8
hsa-miR-92a-3p,SPRYD4
hsa-miR-92a-3p,CAND1
hsa-miR-92a-3p,DYRK2
hsa-miR-92a-3p,RAP1B
hsa-miR-92a-3p,ATP2A2
hsa-miR-92a-3p,LATS2
hsa-miR-92a-3p,PCDH9
hsa-miR-92a-3p,DOCK9
hsa-miR-92a-3p,IRS2
hsa-miR-92a-3p,PDS5B
hsa-miR-92a-3p,LRCH1
hsa-miR-92a-3p,ITM2B
hsa-miR-92a-3p,CNIH1
hsa-miR-92a-3p,EXOC5
hsa-miR-92a-3p,BCL11B
hsa-miR-92a-3p,PAX9
hsa-miR-92a-3p,SNAPC1
hsa-miR-92a-3p,TECPR2
hsa-miR-92a-3p,ZFYVE21
hsa-miR-92a-3p,GOLGA8A
hsa-miR-92a-3p,GOLGA8B
hsa-miR-92a-3p,TMEM87A
hsa-miR-92a-3p,FBN1
hsa-miR-92a-3p,FAM214A
hsa-miR-92a-3p,ADAM10
hsa-miR-92a-3p,NPTN
hsa-miR-92a-3p,PEAK1
hsa-miR-92a-3p,RAB8B
hsa-miR-92a-3p,SMAD6
hsa-miR-92a-3p,GLCE
hsa-miR-92a-3p,ARRDC4
hsa-miR-92a-3p,GLYR1
hsa-miR-92a-3p,RRN3
hsa-miR-92a-3p,SMG1
hsa-miR-92a-3p,PHLPP2
hsa-miR-92a-3p,ZFHX3
hsa-miR-92a-3p,SNN
hsa-miR-92a-3p,CNEP1R1
hsa-miR-92a-3p,CHD9
hsa-miR-92a-3p,RBL2
hsa-miR-92a-3p,PITPNA
hsa-miR-92a-3p,MYO18A
hsa-miR-92a-3p,TIAF1
hsa-miR-92a-3p,CDC27
hsa-miR-92a-3p,TOB1
hsa-miR-92a-3p,ACOX1
hsa-miR-92a-3p,MAP2K4
hsa-miR-92a-3p,NLK
hsa-miR-92a-3p,NF1
hsa-miR-92a-3p,MSL1
hsa-miR-92a-3p,UBE2Z
hsa-miR-92a-3p,XYLT2
hsa-miR-92a-3p,SLC39A6
hsa-miR-92a-3p,SMAD7
hsa-miR-92a-3p,VPS4B
hsa-miR-92a-3p,TGIF1
hsa-miR-92a-3p,GATA6
hsa-miR-92a-3p,REXO1
hsa-miR-92a-3p,PIP5K1C
hsa-miR-92a-3p,RHPN2
hsa-miR-92a-3p,CEBPA
hsa-miR-92a-3p,SERTAD3
hsa-miR-92a-3p,BCAT2
hsa-miR-92a-3p,PPP1R12C
hsa-miR-92a-3p,HCN2
hsa-miR-92a-3p,KLF2
hsa-miR-92a-3p,MED29
hsa-miR-92a-3p,AXL
hsa-miR-92a-3p,CIC
hsa-miR-92a-3p,PPP1R37
hsa-miR-92a-3p,DNAJC27
hsa-miR-92a-3p,DPY30
hsa-miR-92a-3p,BCL11A
hsa-miR-92a-3p,SERTAD2
hsa-miR-92a-3p,AFF3
hsa-miR-92a-3p,FHL2
hsa-miR-92a-3p,IDH1
hsa-miR-92a-3p,PER2
hsa-miR-92a-3p,PKDCC
hsa-miR-92a-3p,SOCS5
hsa-miR-92a-3p,FOXN2
hsa-miR-92a-3p,MTHFD2
hsa-miR-92a-3p,CNNM4
hsa-miR-92a-3p,BCL2L11
hsa-miR-92a-3p,PLEKHB2
hsa-miR-92a-3p,UBXN4
hsa-miR-92a-3p,ITGA6
hsa-miR-92a-3p,ITPRID2
hsa-miR-92a-3p,ITGAV
hsa-miR-92a-3p,C2orf69
hsa-miR-92a-3p,BMPR2
hsa-miR-92a-3p,PIKFYVE
hsa-miR-92a-3p,ARPC2
hsa-miR-92a-3p,FKBP1A
hsa-miR-92a-3p,AURKA
hsa-miR-92a-3p,PMEPA1
hsa-miR-92a-3p,PPP1R3D
hsa-miR-92a-3p,ARFGEF2
hsa-miR-92a-3p,C21orf91
hsa-miR-92a-3p,SYNJ1
hsa-miR-92a-3p,SIK1
hsa-miR-92a-3p,MORC3
hsa-miR-92a-3p,CHCHD10
hsa-miR-92a-3p,MYH9
hsa-miR-92a-3p,JOSD1
hsa-miR-92a-3p,TOB2
hsa-miR-92a-3p,NF2
hsa-miR-92a-3p,PDHB
hsa-miR-92a-3p,GATA2
hsa-miR-92a-3p,TBL1XR1
hsa-miR-92a-3p,ITPR1
hsa-miR-92a-3p,EDEM1
hsa-miR-92a-3p,SETD5
hsa-miR-92a-3p,KAT2B
hsa-miR-92a-3p,RPL15
hsa-miR-92a-3p,GOLGA4
hsa-miR-92a-3p,BSN
hsa-miR-92a-3p,APPL1
hsa-miR-92a-3p,GAP43
hsa-miR-92a-3p,SELENOT
hsa-miR-92a-3p,CLDN11
hsa-miR-92a-3p,FNDC3B
hsa-miR-92a-3p,FXR1
hsa-miR-92a-3p,RBM47
hsa-miR-92a-3p,G3BP2
hsa-miR-92a-3p,SH3D19
hsa-miR-92a-3p,PCGF3
hsa-miR-92a-3p,RNF4
hsa-miR-92a-3p,CPEB2
hsa-miR-92a-3p,KLF3
hsa-miR-92a-3p,KIAA1109
hsa-miR-92a-3p,PALLD
hsa-miR-92a-3p,GALNT7
hsa-miR-92a-3p,MIER3
hsa-miR-92a-3p,LHFPL2
hsa-miR-92a-3p,ARRDC3
hsa-miR-92a-3p,FNIP1
hsa-miR-92a-3p,GFPT2
hsa-miR-92a-3p,TENT4A
hsa-miR-92a-3p,TRIO
hsa-miR-92a-3p,MAP1B
hsa-miR-92a-3p,TNPO1
hsa-miR-92a-3p,JMY
hsa-miR-92a-3p,MAN2A1
hsa-miR-92a-3p,GRAMD2B
hsa-miR-92a-3p,C5orf24
hsa-miR-92a-3p,CPEB4
hsa-miR-92a-3p,C6orf62
hsa-miR-92a-3p,TENT5A
hsa-miR-92a-3p,IBTK
hsa-miR-92a-3p,CCNC
hsa-miR-92a-3p,REV3L
hsa-miR-92a-3p,NUP43
hsa-miR-92a-3p,WRNIP1
hsa-miR-92a-3p,HIVEP1
hsa-miR-92a-3p,JARID2
hsa-miR-92a-3p,MYLIP
hsa-miR-92a-3p,E2F3
hsa-miR-92a-3p,SOX4
hsa-miR-92a-3p,CD2AP
hsa-miR-92a-3p,COL19A1
hsa-miR-92a-3p,FAM135A
hsa-miR-92a-3p,TULP4
hsa-miR-92a-3p,HOXA9
hsa-miR-92a-3p,DNAJC30
hsa-miR-92a-3p,WASL
hsa-miR-92a-3p,SLC37A3
hsa-miR-92a-3p,CCT6A
hsa-miR-92a-3p,PHTF2
hsa-miR-92a-3p,COL1A2
hsa-miR-92a-3p,CASD1
hsa-miR-92a-3p,DNAJB9
hsa-miR-92a-3p,KLHDC10
hsa-miR-92a-3p,INSIG1
hsa-miR-92a-3p,MFHAS1
hsa-miR-92a-3p,PCMTD1
hsa-miR-92a-3p,ASPH
hsa-miR-92a-3p,UBE2W
hsa-miR-92a-3p,CCNE2
hsa-miR-92a-3p,SLC25A32
hsa-miR-92a-3p,AC012213.5
hsa-miR-92a-3p,RAD21
hsa-miR-92a-3p,MTMR9
hsa-miR-92a-3p,ATP6V1B2
hsa-miR-92a-3p,DDHD2
hsa-miR-92a-3p,SGK3
hsa-miR-92a-3p,ZFHX4
hsa-miR-92a-3p,SDC2
hsa-miR-92a-3p,EFR3A
hsa-miR-92a-3p,NFIB
hsa-miR-92a-3p,RNF38
hsa-miR-92a-3p,KLF4
hsa-miR-92a-3p,RAB14
hsa-miR-92a-3p,RIC1
hsa-miR-92a-3p,LURAP1L
hsa-miR-92a-3p,STX17
hsa-miR-92a-3p,RGS3
hsa-miR-92a-3p,DAB2IP
hsa-miR-92a-3p,COL5A1
hsa-miR-92a-3p,KLHL15
hsa-miR-92a-3p,ATRX
hsa-miR-92a-3p,DDX3X
hsa-miR-92a-3p,CDK16
hsa-miR-92a-3p,TAF1
hsa-miR-92a-3p,LONRF3
hsa-miR-92b-3p,SLC9A1
hsa-miR-92b-3p,BSDC1
hsa-miR-92b-3p,ANKRD13C
hsa-miR-92b-3p,MCOLN2
hsa-miR-92b-3p,RSBN1
hsa-miR-92b-3p,NRAS
hsa-miR-92b-3p,ANP32E
hsa-miR-92b-3p,GATAD2B
hsa-miR-92b-3p,DENND4B
hsa-miR-92b-3p,MEF2D
hsa-miR-92b-3p,DSTYK
hsa-miR-92b-3p,HNRNPU
hsa-miR-92b-3p,SKI
hsa-miR-92b-3p,OTUD3
hsa-miR-92b-3p,CDC42
hsa-miR-92b-3p,ELOA
hsa-miR-92b-3p,PPCS
hsa-miR-92b-3p,NFIA
hsa-miR-92b-3p,MTF2
hsa-miR-92b-3p,SLC30A7
hsa-miR-92b-3p,AHCYL1
hsa-miR-92b-3p,KCNC4
hsa-miR-92b-3p,HIPK1
hsa-miR-92b-3p,DCAF6
hsa-miR-92b-3p,RGL1
hsa-miR-92b-3p,BTG2
hsa-miR-92b-3p,ATP2B4
hsa-miR-92b-3p,MIA3
hsa-miR-92b-3p,ARF1
hsa-miR-92b-3p,ZBTB18
hsa-miR-92b-3p,KLF6
hsa-miR-92b-3p,KIF5B
hsa-miR-92b-3p,SPOCK2
hsa-miR-92b-3p,DNAJB12
hsa-miR-92b-3p,SH3PXD2A
hsa-miR-92b-3p,CCDC186
hsa-miR-92b-3p,MLLT10
hsa-miR-92b-3p,ARID5B
hsa-miR-92b-3p,KIFBP
hsa-miR-92b-3p,DDIT4
hsa-miR-92b-3p,VCL
hsa-miR-92b-3p,PTEN
hsa-miR-92b-3p,LCOR
hsa-miR-92b-3p,DUSP5
hsa-miR-92b-3p,ADRB1
hsa-miR-92b-3p,FAM160B1
hsa-miR-92b-3p,PLEKHA1
hsa-miR-92b-3p,RNF141
hsa-miR-92b-3p,EIF4G2
hsa-miR-92b-3p,DKK3
hsa-miR-92b-3p,KMT5B
hsa-miR-92b-3p,SESN3
hsa-miR-92b-3p,SRPRA
hsa-miR-92b-3p,ADM
hsa-miR-92b-3p,TEAD1
hsa-miR-92b-3p,FAR1
hsa-miR-92b-3p,QSER1
hsa-miR-92b-3p,HIPK3
hsa-miR-92b-3p,PTPRJ
hsa-miR-92b-3p,ZDHHC5
hsa-miR-92b-3p,RPS6KA4
hsa-miR-92b-3p,GRAMD1B
hsa-miR-92b-3p,SLC2A3
hsa-miR-92b-3p,CD69
hsa-miR-92b-3p,ERGIC2
hsa-miR-92b-3p,SCAF11
hsa-miR-92b-3p,SLC38A2
hsa-miR-92b-3p,LMBR1L
hsa-miR-92b-3p,ITGA5
hsa-miR-92b-3p,GNS
hsa-miR-92b-3p,ZFC3H1
hsa-miR-92b-3p,PAWR
hsa-miR-92b-3p,PPP1R12A
hsa-miR-92b-3p,PITPNM2
hsa-miR-92b-3p,GOLGA3
hsa-miR-92b-3p,P3H3
hsa-miR-92b-3p,NECAP1
hsa-miR-92b-3p,HOXC8
hsa-miR-92b-3p,SPRYD4
hsa-miR-92b-3p,CAND1
hsa-miR-92b-3p,DYRK2
hsa-miR-92b-3p,RAP1B
hsa-miR-92b-3p,ATP2A2
hsa-miR-92b-3p,LATS2
hsa-miR-92b-3p,PCDH9
hsa-miR-92b-3p,DOCK9
hsa-miR-92b-3p,IRS2
hsa-miR-92b-3p,PDS5B
hsa-miR-92b-3p,LRCH1
hsa-miR-92b-3p,ITM2B
hsa-miR-92b-3p,CNIH1
hsa-miR-92b-3p,EXOC5
hsa-miR-92b-3p,BCL11B
hsa-miR-92b-3p,PAX9
hsa-miR-92b-3p,SNAPC1
hsa-miR-92b-3p,TECPR2
hsa-miR-92b-3p,ZFYVE21
hsa-miR-92b-3p,GOLGA8A
hsa-miR-92b-3p,GOLGA8B
hsa-miR-92b-3p,TMEM87A
hsa-miR-92b-3p,FBN1
hsa-miR-92b-3p,ADAM10
hsa-miR-92b-3p,NPTN
hsa-miR-92b-3p,PEAK1
hsa-miR-92b-3p,RAB8B
hsa-miR-92b-3p,SMAD6
hsa-miR-92b-3p,GLCE
hsa-miR-92b-3p,ARRDC4
hsa-miR-92b-3p,GLYR1
hsa-miR-92b-3p,RRN3
hsa-miR-92b-3p,SMG1
hsa-miR-92b-3p,PHLPP2
hsa-miR-92b-3p,ZFHX3
hsa-miR-92b-3p,SNN
hsa-miR-92b-3p,CNEP1R1
hsa-miR-92b-3p,CHD9
hsa-miR-92b-3p,RBL2
hsa-miR-92b-3p,PITPNA
hsa-miR-92b-3p,MYO18A
hsa-miR-92b-3p,TIAF1
hsa-miR-92b-3p,CDC27
hsa-miR-92b-3p,TOB1
hsa-miR-92b-3p,ACOX1
hsa-miR-92b-3p,MAP2K4
hsa-miR-92b-3p,NLK
hsa-miR-92b-3p,NF1
hsa-miR-92b-3p,MSL1
hsa-miR-92b-3p,UBE2Z
hsa-miR-92b-3p,XYLT2
hsa-miR-92b-3p,SLC39A6
hsa-miR-92b-3p,SMAD7
hsa-miR-92b-3p,VPS4B
hsa-miR-92b-3p,TGIF1
hsa-miR-92b-3p,GATA6
hsa-miR-92b-3p,REXO1
hsa-miR-92b-3p,PIP5K1C
hsa-miR-92b-3p,RHPN2
hsa-miR-92b-3p,CEBPA
hsa-miR-92b-3p,SERTAD3
hsa-miR-92b-3p,BCAT2
hsa-miR-92b-3p,PPP1R12C
hsa-miR-92b-3p,HCN2
hsa-miR-92b-3p,KLF2
hsa-miR-92b-3p,MED29
hsa-miR-92b-3p,AXL
hsa-miR-92b-3p,CIC
hsa-miR-92b-3p,PPP1R37
hsa-miR-92b-3p,DNAJC27
hsa-miR-92b-3p,DPY30
hsa-miR-92b-3p,BCL11A
hsa-miR-92b-3p,SERTAD2
hsa-miR-92b-3p,AFF3
hsa-miR-92b-3p,FHL2
hsa-miR-92b-3p,IDH1
hsa-miR-92b-3p,PER2
hsa-miR-92b-3p,PKDCC
hsa-miR-92b-3p,SOCS5
hsa-miR-92b-3p,FOXN2
hsa-miR-92b-3p,MTHFD2
hsa-miR-92b-3p,CNNM4
hsa-miR-92b-3p,BCL2L11
hsa-miR-92b-3p,PLEKHB2
hsa-miR-92b-3p,UBXN4
hsa-miR-92b-3p,ITGA6
hsa-miR-92b-3p,ITPRID2
hsa-miR-92b-3p,ITGAV
hsa-miR-92b-3p,C2orf69
hsa-miR-92b-3p,BMPR2
hsa-miR-92b-3p,PIKFYVE
hsa-miR-92b-3p,ARPC2
hsa-miR-92b-3p,FKBP1A
hsa-miR-92b-3p,AURKA
hsa-miR-92b-3p,PMEPA1
hsa-miR-92b-3p,PPP1R3D
hsa-miR-92b-3p,ARFGEF2
hsa-miR-92b-3p,C21orf91
hsa-miR-92b-3p,SYNJ1
hsa-miR-92b-3p,SIK1
hsa-miR-92b-3p,MORC3
hsa-miR-92b-3p,CHCHD10
hsa-miR-92b-3p,MYH9
hsa-miR-92b-3p,JOSD1
hsa-miR-92b-3p,TOB2
hsa-miR-92b-3p,NF2
hsa-miR-92b-3p,PDHB
hsa-miR-92b-3p,GATA2
hsa-miR-92b-3p,TBL1XR1
hsa-miR-92b-3p,ITPR1
hsa-miR-92b-3p,EDEM1
hsa-miR-92b-3p,SETD5
hsa-miR-92b-3p,KAT2B
hsa-miR-92b-3p,RPL15
hsa-miR-92b-3p,GOLGA4
hsa-miR-92b-3p,BSN
hsa-miR-92b-3p,APPL1
hsa-miR-92b-3p,GAP43
hsa-miR-92b-3p,SELENOT
hsa-miR-92b-3p,CLDN11
hsa-miR-92b-3p,FNDC3B
hsa-miR-92b-3p,FXR1
hsa-miR-92b-3p,RBM47
hsa-miR-92b-3p,G3BP2
hsa-miR-92b-3p,SH3D19
hsa-miR-92b-3p,HAND2
hsa-miR-92b-3p,PCGF3
hsa-miR-92b-3p,RNF4
hsa-miR-92b-3p,CPEB2
hsa-miR-92b-3p,KLF3
hsa-miR-92b-3p,KIAA1109
hsa-miR-92b-3p,PALLD
hsa-miR-92b-3p,GALNT7
hsa-miR-92b-3p,MIER3
hsa-miR-92b-3p,LHFPL2
hsa-miR-92b-3p,ARRDC3
hsa-miR-92b-3p,FNIP1
hsa-miR-92b-3p,GFPT2
hsa-miR-92b-3p,TENT4A
hsa-miR-92b-3p,TRIO
hsa-miR-92b-3p,MAP1B
hsa-miR-92b-3p,TNPO1
hsa-miR-92b-3p,JMY
hsa-miR-92b-3p,MAN2A1
hsa-miR-92b-3p,GRAMD2B
hsa-miR-92b-3p,C5orf24
hsa-miR-92b-3p,CPEB4
hsa-miR-92b-3p,C6orf62
hsa-miR-92b-3p,TENT5A
hsa-miR-92b-3p,IBTK
hsa-miR-92b-3p,CCNC
hsa-miR-92b-3p,REV3L
hsa-miR-92b-3p,NUP43
hsa-miR-92b-3p,WRNIP1
hsa-miR-92b-3p,HIVEP1
hsa-miR-92b-3p,JARID2
hsa-miR-92b-3p,MYLIP
hsa-miR-92b-3p,E2F3
hsa-miR-92b-3p,SOX4
hsa-miR-92b-3p,CD2AP
hsa-miR-92b-3p,COL19A1
hsa-miR-92b-3p,FAM135A
hsa-miR-92b-3p,TULP4
hsa-miR-92b-3p,HOXA9
hsa-miR-92b-3p,DNAJC30
hsa-miR-92b-3p,WASL
hsa-miR-92b-3p,SLC37A3
hsa-miR-92b-3p,CCT6A
hsa-miR-92b-3p,PHTF2
hsa-miR-92b-3p,COL1A2
hsa-miR-92b-3p,CASD1
hsa-miR-92b-3p,DNAJB9
hsa-miR-92b-3p,KLHDC10
hsa-miR-92b-3p,INSIG1
hsa-miR-92b-3p,MFHAS1
hsa-miR-92b-3p,PCMTD1
hsa-miR-92b-3p,ASPH
hsa-miR-92b-3p,UBE2W
hsa-miR-92b-3p,CCNE2
hsa-miR-92b-3p,SLC25A32
hsa-miR-92b-3p,AC012213.5
hsa-miR-92b-3p,RAD21
hsa-miR-92b-3p,MTMR9
hsa-miR-92b-3p,ATP6V1B2
hsa-miR-92b-3p,DDHD2
hsa-miR-92b-3p,SGK3
hsa-miR-92b-3p,ZFHX4
hsa-miR-92b-3p,SDC2
hsa-miR-92b-3p,EFR3A
hsa-miR-92b-3p,NFIB
hsa-miR-92b-3p,RNF38
hsa-miR-92b-3p,KLF4
hsa-miR-92b-3p,RAB14
hsa-miR-92b-3p,RIC1
hsa-miR-92b-3p,LURAP1L
hsa-miR-92b-3p,STX17
hsa-miR-92b-3p,RGS3
hsa-miR-92b-3p,DAB2IP
hsa-miR-92b-3p,COL5A1
hsa-miR-92b-3p,KLHL15
hsa-miR-92b-3p,ATRX
hsa-miR-92b-3p,DDX3X
hsa-miR-92b-3p,CDK16
hsa-miR-92b-3p,TAF1
hsa-miR-92b-3p,LONRF3
hsa-miR-93-5p,HP1BP3
hsa-miR-93-5p,RSRP1
hsa-miR-93-5p,RPA2
hsa-miR-93-5p,MTF1
hsa-miR-93-5p,FOXJ3
hsa-miR-93-5p,EFCAB14
hsa-miR-93-5p,JAK1
hsa-miR-93-5p,ANKRD13C
hsa-miR-93-5p,SSX2IP
hsa-miR-93-5p,F3
hsa-miR-93-5p,RHOC
hsa-miR-93-5p,TXNIP
hsa-miR-93-5p,ADAR
hsa-miR-93-5p,DEDD
hsa-miR-93-5p,STX6
hsa-miR-93-5p,NIBAN1
hsa-miR-93-5p,PPP1R15B
hsa-miR-93-5p,SLC41A1
hsa-miR-93-5p,YOD1
hsa-miR-93-5p,LPGAT1
hsa-miR-93-5p,ITPKB
hsa-miR-93-5p,ARID4B
hsa-miR-93-5p,AKT3
hsa-miR-93-5p,SKI
hsa-miR-93-5p,TPRG1L
hsa-miR-93-5p,CAMTA1
hsa-miR-93-5p,MFN2
hsa-miR-93-5p,PRDM2
hsa-miR-93-5p,NBL1
hsa-miR-93-5p,ELOA
hsa-miR-93-5p,SESN2
hsa-miR-93-5p,TXLNA
hsa-miR-93-5p,KIAA1522
hsa-miR-93-5p,CMPK1
hsa-miR-93-5p,ZFYVE9
hsa-miR-93-5p,PKN2
hsa-miR-93-5p,FNBP1L
hsa-miR-93-5p,MFSD14A
hsa-miR-93-5p,AC118553.2
hsa-miR-93-5p,S1PR1
hsa-miR-93-5p,CELSR2
hsa-miR-93-5p,VANGL1
hsa-miR-93-5p,PTGFRN
hsa-miR-93-5p,SUCO
hsa-miR-93-5p,KLHL20
hsa-miR-93-5p,ZBTB37
hsa-miR-93-5p,RGL1
hsa-miR-93-5p,BTG2
hsa-miR-93-5p,FBXO28
hsa-miR-93-5p,GPR137B
hsa-miR-93-5p,ZBTB18
hsa-miR-93-5p,PIP4K2A
hsa-miR-93-5p,ACBD5
hsa-miR-93-5p,ARHGAP12
hsa-miR-93-5p,RUFY2
hsa-miR-93-5p,SH3PXD2A
hsa-miR-93-5p,PFKP
hsa-miR-93-5p,OTUD1
hsa-miR-93-5p,MASTL
hsa-miR-93-5p,WAC
hsa-miR-93-5p,BAMBI
hsa-miR-93-5p,REEP3
hsa-miR-93-5p,PTEN
hsa-miR-93-5p,HECTD2
hsa-miR-93-5p,TNKS2
hsa-miR-93-5p,SLK
hsa-miR-93-5p,SHOC2
hsa-miR-93-5p,FAM160B1
hsa-miR-93-5p,TOLLIP
hsa-miR-93-5p,EIF4G2
hsa-miR-93-5p,TSG101
hsa-miR-93-5p,UEVLD
hsa-miR-93-5p,FNBP4
hsa-miR-93-5p,TNKS1BP1
hsa-miR-93-5p,AHNAK
hsa-miR-93-5p,ATL3
hsa-miR-93-5p,SLC29A2
hsa-miR-93-5p,KMT5B
hsa-miR-93-5p,SHANK2
hsa-miR-93-5p,LAMTOR1
hsa-miR-93-5p,PGM2L1
hsa-miR-93-5p,TMEM123
hsa-miR-93-5p,NPAT
hsa-miR-93-5p,HSPA8
hsa-miR-93-5p,ZNF202
hsa-miR-93-5p,IPO7
hsa-miR-93-5p,WEE1
hsa-miR-93-5p,NAV2
hsa-miR-93-5p,PRRG4
hsa-miR-93-5p,CRY2
hsa-miR-93-5p,ZFP91
hsa-miR-93-5p,KDM2A
hsa-miR-93-5p,PPP6R3
hsa-miR-93-5p,CCND1
hsa-miR-93-5p,EMSY
hsa-miR-93-5p,TSKU
hsa-miR-93-5p,DDIAS
hsa-miR-93-5p,ZC3H12C
hsa-miR-93-5p,PAFAH1B2
hsa-miR-93-5p,M6PR
hsa-miR-93-5p,CAPRIN2
hsa-miR-93-5p,DENND5B
hsa-miR-93-5p,LIMA1
hsa-miR-93-5p,ANKRD52
hsa-miR-93-5p,GNS
hsa-miR-93-5p,ARL1
hsa-miR-93-5p,GIT2
hsa-miR-93-5p,TBX3
hsa-miR-93-5p,TAOK3
hsa-miR-93-5p,UBC
hsa-miR-93-5p,WNK1
hsa-miR-93-5p,ADIPOR2
hsa-miR-93-5p,TSPAN9
hsa-miR-93-5p,CCND2
hsa-miR-93-5p,ANO6
hsa-miR-93-5p,TMBIM6
hsa-miR-93-5p,DAZAP2
hsa-miR-93-5p,GDF11
hsa-miR-93-5p,RAB5B
hsa-miR-93-5p,ERBB3
hsa-miR-93-5p,HMGA2
hsa-miR-93-5p,FRS2
hsa-miR-93-5p,ELK3
hsa-miR-93-5p,ULK1
hsa-miR-93-5p,SACS
hsa-miR-93-5p,KATNAL1
hsa-miR-93-5p,KPNA3
hsa-miR-93-5p,FBXL3
hsa-miR-93-5p,LRCH1
hsa-miR-93-5p,LAMP1
hsa-miR-93-5p,EGLN3
hsa-miR-93-5p,CFL2
hsa-miR-93-5p,FOXA1
hsa-miR-93-5p,KLHL28
hsa-miR-93-5p,NIN
hsa-miR-93-5p,ZFYVE26
hsa-miR-93-5p,MAP3K9
hsa-miR-93-5p,BTBD7
hsa-miR-93-5p,ATG2B
hsa-miR-93-5p,BCL2L2
hsa-miR-93-5p,IRF9
hsa-miR-93-5p,BRMS1L
hsa-miR-93-5p,FRMD6
hsa-miR-93-5p,STYX
hsa-miR-93-5p,PPM1A
hsa-miR-93-5p,HIF1A
hsa-miR-93-5p,SUSD6
hsa-miR-93-5p,SMOC1
hsa-miR-93-5p,TTC9
hsa-miR-93-5p,BNIP2
hsa-miR-93-5p,SEMA7A
hsa-miR-93-5p,SCAMP2
hsa-miR-93-5p,SPRED1
hsa-miR-93-5p,CTDSPL2
hsa-miR-93-5p,RAB8B
hsa-miR-93-5p,USP3
hsa-miR-93-5p,SMAD6
hsa-miR-93-5p,KIF23
hsa-miR-93-5p,MORF4L1
hsa-miR-93-5p,UNKL
hsa-miR-93-5p,PKD1
hsa-miR-93-5p,NETO2
hsa-miR-93-5p,AKTIP
hsa-miR-93-5p,CMTR2
hsa-miR-93-5p,PHLPP2
hsa-miR-93-5p,MBTPS1
hsa-miR-93-5p,FBXO31
hsa-miR-93-5p,CAPN15
hsa-miR-93-5p,TNRC6A
hsa-miR-93-5p,TAOK2
hsa-miR-93-5p,CHD9
hsa-miR-93-5p,RBL2
hsa-miR-93-5p,NFAT5
hsa-miR-93-5p,ATXN1L
hsa-miR-93-5p,CRK
hsa-miR-93-5p,ANKFY1
hsa-miR-93-5p,ZBTB4
hsa-miR-93-5p,RASD1
hsa-miR-93-5p,NUFIP2
hsa-miR-93-5p,SSH2
hsa-miR-93-5p,STAT3
hsa-miR-93-5p,EZH1
hsa-miR-93-5p,ZNF652
hsa-miR-93-5p,DDX5
hsa-miR-93-5p,JPT1
hsa-miR-93-5p,TIMP2
hsa-miR-93-5p,PAFAH1B1
hsa-miR-93-5p,MINK1
hsa-miR-93-5p,KDM6B
hsa-miR-93-5p,LASP1
hsa-miR-93-5p,MSL1
hsa-miR-93-5p,MAP3K3
hsa-miR-93-5p,KPNA2
hsa-miR-93-5p,UNK
hsa-miR-93-5p,TNRC6C
hsa-miR-93-5p,FOXK2
hsa-miR-93-5p,YES1
hsa-miR-93-5p,SLC39A6
hsa-miR-93-5p,SMAD7
hsa-miR-93-5p,TCF4
hsa-miR-93-5p,TMX3
hsa-miR-93-5p,RAB12
hsa-miR-93-5p,NEDD4L
hsa-miR-93-5p,MIER2
hsa-miR-93-5p,MEX3D
hsa-miR-93-5p,MKNK2
hsa-miR-93-5p,ZBTB7A
hsa-miR-93-5p,HAUS8
hsa-miR-93-5p,STK11
hsa-miR-93-5p,MIDN
hsa-miR-93-5p,CHAF1A
hsa-miR-93-5p,TRIP10
hsa-miR-93-5p,ARHGEF18
hsa-miR-93-5p,LDLR
hsa-miR-93-5p,URI1
hsa-miR-93-5p,GRAMD1A
hsa-miR-93-5p,KMT2B
hsa-miR-93-5p,ROCK2
hsa-miR-93-5p,LAPTM4A
hsa-miR-93-5p,COX7A2L
hsa-miR-93-5p,SERTAD2
hsa-miR-93-5p,PPP3R1
hsa-miR-93-5p,TGOLN2
hsa-miR-93-5p,DUSP2
hsa-miR-93-5p,TMEM127
hsa-miR-93-5p,MAP3K2
hsa-miR-93-5p,SLC40A1
hsa-miR-93-5p,STK17B
hsa-miR-93-5p,EPHA4
hsa-miR-93-5p,KLF11
hsa-miR-93-5p,RRM2
hsa-miR-93-5p,UBXN2A
hsa-miR-93-5p,NRBP1
hsa-miR-93-5p,CLIP4
hsa-miR-93-5p,CRIM1
hsa-miR-93-5p,EPAS1
hsa-miR-93-5p,TET3
hsa-miR-93-5p,TCF7L1
hsa-miR-93-5p,SOWAHC
hsa-miR-93-5p,PTPN4
hsa-miR-93-5p,TANC1
hsa-miR-93-5p,CSRNP3
hsa-miR-93-5p,CERS6
hsa-miR-93-5p,CYBRD1
hsa-miR-93-5p,PLEKHA3
hsa-miR-93-5p,NABP1
hsa-miR-93-5p,C2orf69
hsa-miR-93-5p,BMPR2
hsa-miR-93-5p,SEPTIN2
hsa-miR-93-5p,TBC1D20
hsa-miR-93-5p,PLAGL2
hsa-miR-93-5p,E2F1
hsa-miR-93-5p,PREX1
hsa-miR-93-5p,ZNFX1
hsa-miR-93-5p,ZNF217
hsa-miR-93-5p,ZNF512B
hsa-miR-93-5p,POFUT1
hsa-miR-93-5p,KIF3B
hsa-miR-93-5p,MAPRE1
hsa-miR-93-5p,ITCH
hsa-miR-93-5p,TTPAL
hsa-miR-93-5p,CTSA
hsa-miR-93-5p,NCOA3
hsa-miR-93-5p,PARD6B
hsa-miR-93-5p,BTG3
hsa-miR-93-5p,APP
hsa-miR-93-5p,RUNX1
hsa-miR-93-5p,BRWD1
hsa-miR-93-5p,C2CD2
hsa-miR-93-5p,SIK1
hsa-miR-93-5p,DYRK1A
hsa-miR-93-5p,PRR14L
hsa-miR-93-5p,NKIRAS1
hsa-miR-93-5p,FYCO1
hsa-miR-93-5p,TUSC2
hsa-miR-93-5p,DCBLD2
hsa-miR-93-5p,POLQ
hsa-miR-93-5p,HEG1
hsa-miR-93-5p,ZNF148
hsa-miR-93-5p,PLSCR4
hsa-miR-93-5p,PFN2
hsa-miR-93-5p,NCEH1
hsa-miR-93-5p,NR2C2
hsa-miR-93-5p,TGFBR2
hsa-miR-93-5p,ZBTB47
hsa-miR-93-5p,ABHD5
hsa-miR-93-5p,NBEAL2
hsa-miR-93-5p,C3orf38
hsa-miR-93-5p,CRYBG3
hsa-miR-93-5p,CEP97
hsa-miR-93-5p,BBX
hsa-miR-93-5p,PLXNA1
hsa-miR-93-5p,SLC25A36
hsa-miR-93-5p,PXYLP1
hsa-miR-93-5p,U2SURP
hsa-miR-93-5p,TSC22D2
hsa-miR-93-5p,FXR1
hsa-miR-93-5p,IL1RAP
hsa-miR-93-5p,FBXL5
hsa-miR-93-5p,PDS5A
hsa-miR-93-5p,CNOT6L
hsa-miR-93-5p,WDFY3
hsa-miR-93-5p,FAM13A
hsa-miR-93-5p,TBC1D9
hsa-miR-93-5p,OTUD4
hsa-miR-93-5p,MFAP3L
hsa-miR-93-5p,KLF3
hsa-miR-93-5p,SLAIN2
hsa-miR-93-5p,RASL11B
hsa-miR-93-5p,CXCL8
hsa-miR-93-5p,EREG
hsa-miR-93-5p,CCNG2
hsa-miR-93-5p,PKD2
hsa-miR-93-5p,GAB1
hsa-miR-93-5p,MSMO1
hsa-miR-93-5p,PALLD
hsa-miR-93-5p,ANKH
hsa-miR-93-5p,DAB2
hsa-miR-93-5p,SGTB
hsa-miR-93-5p,TMEM167A
hsa-miR-93-5p,FEM1C
hsa-miR-93-5p,CEP120
hsa-miR-93-5p,SAR1B
hsa-miR-93-5p,RNF145
hsa-miR-93-5p,PANK3
hsa-miR-93-5p,AHRR
hsa-miR-93-5p,PDCD6-AHRR
hsa-miR-93-5p,MARCHF6
hsa-miR-93-5p,MAP3K1
hsa-miR-93-5p,FCHO2
hsa-miR-93-5p,POLR3G
hsa-miR-93-5p,RGMB
hsa-miR-93-5p,SMAD5
hsa-miR-93-5p,PURA
hsa-miR-93-5p,NPM1
hsa-miR-93-5p,CREBRF
hsa-miR-93-5p,SQSTM1
hsa-miR-93-5p,SLC22A23
hsa-miR-93-5p,STK38
hsa-miR-93-5p,ENPP5
hsa-miR-93-5p,TNFRSF21
hsa-miR-93-5p,PHIP
hsa-miR-93-5p,RRAGD
hsa-miR-93-5p,OSTM1
hsa-miR-93-5p,REV3L
hsa-miR-93-5p,MAP7
hsa-miR-93-5p,SOX4
hsa-miR-93-5p,CDKN1A
hsa-miR-93-5p,VEGFA
hsa-miR-93-5p,CENPQ
hsa-miR-93-5p,SOBP
hsa-miR-93-5p,ASF1A
hsa-miR-93-5p,GJA1
hsa-miR-93-5p,HECA
hsa-miR-93-5p,SASH1
hsa-miR-93-5p,SNX9
hsa-miR-93-5p,QKI
hsa-miR-93-5p,C6orf120
hsa-miR-93-5p,PURB
hsa-miR-93-5p,PON2
hsa-miR-93-5p,MAP11
hsa-miR-93-5p,GIGYF1
hsa-miR-93-5p,CCDC71L
hsa-miR-93-5p,BMT2
hsa-miR-93-5p,FAM3C
hsa-miR-93-5p,MKRN1
hsa-miR-93-5p,FASTK
hsa-miR-93-5p,ARL4A
hsa-miR-93-5p,ITGB8
hsa-miR-93-5p,LIMK1
hsa-miR-93-5p,PHTF2
hsa-miR-93-5p,CROT
hsa-miR-93-5p,ANKIB1
hsa-miR-93-5p,AGFG2
hsa-miR-93-5p,HBP1
hsa-miR-93-5p,DNAJB9
hsa-miR-93-5p,CALD1
hsa-miR-93-5p,UBE3C
hsa-miR-93-5p,PPP1R3B
hsa-miR-93-5p,RAB11FIP1
hsa-miR-93-5p,PCMTD1
hsa-miR-93-5p,PLAG1
hsa-miR-93-5p,UBE2W
hsa-miR-93-5p,TMEM64
hsa-miR-93-5p,TP53INP1
hsa-miR-93-5p,KLF10
hsa-miR-93-5p,LRP12
hsa-miR-93-5p,ATAD2
hsa-miR-93-5p,SLC7A2
hsa-miR-93-5p,PPP2R2A
hsa-miR-93-5p,BNIP3L
hsa-miR-93-5p,DPYSL2
hsa-miR-93-5p,MAK16
hsa-miR-93-5p,ADAM9
hsa-miR-93-5p,YTHDF3
hsa-miR-93-5p,SDC2
hsa-miR-93-5p,NFIB
hsa-miR-93-5p,RNF38
hsa-miR-93-5p,BICD2
hsa-miR-93-5p,ZNF367
hsa-miR-93-5p,ABCA1
hsa-miR-93-5p,TMEM245
hsa-miR-93-5p,PPP6C
hsa-miR-93-5p,FAM102A
hsa-miR-93-5p,VLDLR
hsa-miR-93-5p,RBBP7
hsa-miR-93-5p,SCML2
hsa-miR-93-5p,KLHL15
hsa-miR-93-5p,ACSL4
hsa-miR-93-5p,ZDHHC9
hsa-miR-93-5p,SYAP1
hsa-miR-93-5p,PRRG1
hsa-miR-93-5p,ZBTB33
hsa-miR-96-5p,SLC6A9
hsa-miR-96-5p,DHCR24
hsa-miR-96-5p,GNG12
hsa-miR-96-5p,DDAH1
hsa-miR-96-5p,CNN3
hsa-miR-96-5p,SLC39A1
hsa-miR-96-5p,AL358472.7
hsa-miR-96-5p,SHC1
hsa-miR-96-5p,ASH1L
hsa-miR-96-5p,VAMP3
hsa-miR-96-5p,SPEN
hsa-miR-96-5p,ADGRL2
hsa-miR-96-5p,UCK2
hsa-miR-96-5p,LAMC1
hsa-miR-96-5p,RGS2
hsa-miR-96-5p,NEK7
hsa-miR-96-5p,ATP2B4
hsa-miR-96-5p,GALNT2
hsa-miR-96-5p,KIF5B
hsa-miR-96-5p,JMJD1C
hsa-miR-96-5p,ZEB1
hsa-miR-96-5p,VCL
hsa-miR-96-5p,SLF2
hsa-miR-96-5p,TCF7L2
hsa-miR-96-5p,INPP5A
hsa-miR-96-5p,PIK3C2A
hsa-miR-96-5p,CELF1
hsa-miR-96-5p,ZDHHC5
hsa-miR-96-5p,CTNND1
hsa-miR-96-5p,AP001931.2
hsa-miR-96-5p,TSKU
hsa-miR-96-5p,DLAT
hsa-miR-96-5p,ANKRD52
hsa-miR-96-5p,NTN4
hsa-miR-96-5p,NUAK1
hsa-miR-96-5p,SCARB1
hsa-miR-96-5p,TMBIM6
hsa-miR-96-5p,MFSD5
hsa-miR-96-5p,FRS2
hsa-miR-96-5p,NHLRC3
hsa-miR-96-5p,MBNL2
hsa-miR-96-5p,ZIC2
hsa-miR-96-5p,ZFP36L1
hsa-miR-96-5p,BRMS1L
hsa-miR-96-5p,EIF5
hsa-miR-96-5p,MORF4L1
hsa-miR-96-5p,JPT2
hsa-miR-96-5p,TNRC6A
hsa-miR-96-5p,GAN
hsa-miR-96-5p,MED1
hsa-miR-96-5p,VAT1
hsa-miR-96-5p,PPP1R9B
hsa-miR-96-5p,AP2B1
hsa-miR-96-5p,KPNB1
hsa-miR-96-5p,PRKAR1A
hsa-miR-96-5p,EPB41L3
hsa-miR-96-5p,SMAD7
hsa-miR-96-5p,S1PR2
hsa-miR-96-5p,PLPPR2
hsa-miR-96-5p,SIN3B
hsa-miR-96-5p,CAPNS1
hsa-miR-96-5p,PPP3R1
hsa-miR-96-5p,STARD7
hsa-miR-96-5p,SP3
hsa-miR-96-5p,NCKAP1
hsa-miR-96-5p,STK17B
hsa-miR-96-5p,FN1
hsa-miR-96-5p,YIPF4
hsa-miR-96-5p,PRKCE
hsa-miR-96-5p,MAP4K4
hsa-miR-96-5p,ELMO2
hsa-miR-96-5p,ZCCHC3
hsa-miR-96-5p,TRIB3
hsa-miR-96-5p,BTBD3
hsa-miR-96-5p,SLC12A5
hsa-miR-96-5p,BRWD1
hsa-miR-96-5p,SH3BP5
hsa-miR-96-5p,CSRNP1
hsa-miR-96-5p,AMOTL2
hsa-miR-96-5p,MBNL1
hsa-miR-96-5p,FNDC3B
hsa-miR-96-5p,FXR1
hsa-miR-96-5p,PDGFRA
hsa-miR-96-5p,SEPTIN11
hsa-miR-96-5p,FBXW11
hsa-miR-96-5p,CCNG1
hsa-miR-96-5p,ATXN1
hsa-miR-96-5p,CD164
hsa-miR-96-5p,FOXQ1
hsa-miR-96-5p,FOXF2
hsa-miR-96-5p,BRPF3
hsa-miR-96-5p,PAQR8
hsa-miR-96-5p,HOXA9
hsa-miR-96-5p,TNS3
hsa-miR-96-5p,DOCK4
hsa-miR-96-5p,CREB3L2
hsa-miR-96-5p,CROT
hsa-miR-96-5p,MFHAS1
hsa-miR-96-5p,CTSB
hsa-miR-96-5p,AZIN1
hsa-miR-96-5p,ZHX1
hsa-miR-96-5p,CYRIB
hsa-miR-96-5p,PLPBP
hsa-miR-96-5p,TACC1
hsa-miR-96-5p,SGK3
hsa-miR-96-5p,ZFHX4
hsa-miR-96-5p,ZFAND5
hsa-miR-96-5p,ABCA2
hsa-miR-96-5p,VLDLR
hsa-miR-96-5p,SPIN1
hsa-miR-96-5p,SLC25A25
hsa-miR-96-5p,MORF4L2
hsa-miR-96-5p,TSC22D3
hsa-miR-96-5p,SLITRK4
hsa-miR-96-5p,MSN
hsa-miR-96-5p,FHL1
hsa-miR-98-5p,ICMT
hsa-miR-98-5p,USP24
hsa-miR-98-5p,GNG5
hsa-miR-98-5p,ZNF644
hsa-miR-98-5p,TGFBR3
hsa-miR-98-5p,TMED5
hsa-miR-98-5p,SLC25A24
hsa-miR-98-5p,NRAS
hsa-miR-98-5p,PEX11B
hsa-miR-98-5p,RGS16
hsa-miR-98-5p,EDEM3
hsa-miR-98-5p,PPP1R15B
hsa-miR-98-5p,YOD1
hsa-miR-98-5p,LPGAT1
hsa-miR-98-5p,RAB3GAP2
hsa-miR-98-5p,LBR
hsa-miR-98-5p,AHCTF1
hsa-miR-98-5p,PRDM2
hsa-miR-98-5p,EFHD2
hsa-miR-98-5p,PTPRU
hsa-miR-98-5p,TXLNA
hsa-miR-98-5p,AGO4
hsa-miR-98-5p,BTF3L4
hsa-miR-98-5p,PKN2
hsa-miR-98-5p,PTBP2
hsa-miR-98-5p,LRIG2
hsa-miR-98-5p,ADAM15
hsa-miR-98-5p,ERCC6
hsa-miR-98-5p,SLC16A9
hsa-miR-98-5p,WDR37
hsa-miR-98-5p,MLLT10
hsa-miR-98-5p,FAS
hsa-miR-98-5p,CCNJ
hsa-miR-98-5p,ENTPD7
hsa-miR-98-5p,SCD
hsa-miR-98-5p,HIF1AN
hsa-miR-98-5p,TPP1
hsa-miR-98-5p,LYVE1
hsa-miR-98-5p,EIF4G2
hsa-miR-98-5p,LGR4
hsa-miR-98-5p,B4GAT1
hsa-miR-98-5p,PGM2L1
hsa-miR-98-5p,KCTD21
hsa-miR-98-5p,RDX
hsa-miR-98-5p,CRY2
hsa-miR-98-5p,CLP1
hsa-miR-98-5p,STX3
hsa-miR-98-5p,SPINDOC
hsa-miR-98-5p,CHD4
hsa-miR-98-5p,GXYLT1
hsa-miR-98-5p,DDN
hsa-miR-98-5p,KMT2D
hsa-miR-98-5p,ZBTB39
hsa-miR-98-5p,NEMP1
hsa-miR-98-5p,LRIG3
hsa-miR-98-5p,NAP1L1
hsa-miR-98-5p,ATP2B1
hsa-miR-98-5p,EEA1
hsa-miR-98-5p,GOLT1B
hsa-miR-98-5p,ETNK1
hsa-miR-98-5p,ESPL1
hsa-miR-98-5p,TARBP2
hsa-miR-98-5p,HOXC11
hsa-miR-98-5p,HMGA2
hsa-miR-98-5p,VEZT
hsa-miR-98-5p,ATP2A2
hsa-miR-98-5p,ERP29
hsa-miR-98-5p,KATNAL1
hsa-miR-98-5p,STARD13
hsa-miR-98-5p,IRS2
hsa-miR-98-5p,COL4A1
hsa-miR-98-5p,NHLRC3
hsa-miR-98-5p,FNDC3A
hsa-miR-98-5p,ERO1A
hsa-miR-98-5p,ZFYVE26
hsa-miR-98-5p,KHNYN
hsa-miR-98-5p,NAA30
hsa-miR-98-5p,ARPP19
hsa-miR-98-5p,PRTG
hsa-miR-98-5p,IGDCC3
hsa-miR-98-5p,IGDCC4
hsa-miR-98-5p,NIPA1
hsa-miR-98-5p,THBS1
hsa-miR-98-5p,SNAP23
hsa-miR-98-5p,MAPK6
hsa-miR-98-5p,ARID3B
hsa-miR-98-5p,C15orf39
hsa-miR-98-5p,RAMAC
hsa-miR-98-5p,ARRDC4
hsa-miR-98-5p,IGF1R
hsa-miR-98-5p,ZNF200
hsa-miR-98-5p,SOCS1
hsa-miR-98-5p,ZNF689
hsa-miR-98-5p,KIAA0895L
hsa-miR-98-5p,NME4
hsa-miR-98-5p,CCNF
hsa-miR-98-5p,EEF2K
hsa-miR-98-5p,PDP2
hsa-miR-98-5p,PDPR
hsa-miR-98-5p,GAN
hsa-miR-98-5p,GJC1
hsa-miR-98-5p,COL1A1
hsa-miR-98-5p,COIL
hsa-miR-98-5p,LIMD2
hsa-miR-98-5p,FAM104A
hsa-miR-98-5p,NLK
hsa-miR-98-5p,CCL7
hsa-miR-98-5p,ARL4D
hsa-miR-98-5p,TBKBP1
hsa-miR-98-5p,IGF2BP1
hsa-miR-98-5p,SEC14L1
hsa-miR-98-5p,ZNF516
hsa-miR-98-5p,ARHGAP28
hsa-miR-98-5p,MIB1
hsa-miR-98-5p,GALNT1
hsa-miR-98-5p,INSR
hsa-miR-98-5p,GIPC1
hsa-miR-98-5p,CDC34
hsa-miR-98-5p,TNFSF9
hsa-miR-98-5p,PLD3
hsa-miR-98-5p,GEMIN7
hsa-miR-98-5p,E2F6
hsa-miR-98-5p,SLC5A6
hsa-miR-98-5p,MAP4K3
hsa-miR-98-5p,TIA1
hsa-miR-98-5p,SEMA4C
hsa-miR-98-5p,MGAT4A
hsa-miR-98-5p,POLR2D
hsa-miR-98-5p,RBMS1
hsa-miR-98-5p,FIGN
hsa-miR-98-5p,EPHA4
hsa-miR-98-5p,HDLBP
hsa-miR-98-5p,RRM2
hsa-miR-98-5p,MYCN
hsa-miR-98-5p,TET3
hsa-miR-98-5p,RANBP2
hsa-miR-98-5p,SLC20A1
hsa-miR-98-5p,COL3A1
hsa-miR-98-5p,MARS2
hsa-miR-98-5p,BZW1
hsa-miR-98-5p,PNKD
hsa-miR-98-5p,TTLL4
hsa-miR-98-5p,PLAGL2
hsa-miR-98-5p,NOL4L
hsa-miR-98-5p,ZNF512B
hsa-miR-98-5p,ZCCHC3
hsa-miR-98-5p,BTBD3
hsa-miR-98-5p,PARD6B
hsa-miR-98-5p,BRWD1
hsa-miR-98-5p,UBE2G2
hsa-miR-98-5p,BACH1
hsa-miR-98-5p,ZNF280B
hsa-miR-98-5p,HIC2
hsa-miR-98-5p,MIEF1
hsa-miR-98-5p,DPH3
hsa-miR-98-5p,SMARCC1
hsa-miR-98-5p,CDC25A
hsa-miR-98-5p,NME6
hsa-miR-98-5p,QARS1
hsa-miR-98-5p,TUSC2
hsa-miR-98-5p,STIMATE
hsa-miR-98-5p,PDHB
hsa-miR-98-5p,EOGT
hsa-miR-98-5p,ABCC5
hsa-miR-98-5p,TMEM41A
hsa-miR-98-5p,LIPH
hsa-miR-98-5p,IGF2BP2
hsa-miR-98-5p,TRIM71
hsa-miR-98-5p,GOLGA4
hsa-miR-98-5p,PDE12
hsa-miR-98-5p,C3orf52
hsa-miR-98-5p,CDV3
hsa-miR-98-5p,TSC22D2
hsa-miR-98-5p,FNDC3B
hsa-miR-98-5p,SLC10A7
hsa-miR-98-5p,PCGF3
hsa-miR-98-5p,CPEB2
hsa-miR-98-5p,MED28
hsa-miR-98-5p,SMARCAD1
hsa-miR-98-5p,USP38
hsa-miR-98-5p,EMB
hsa-miR-98-5p,SLC38A9
hsa-miR-98-5p,TMEM167A
hsa-miR-98-5p,FNIP1
hsa-miR-98-5p,DUSP1
hsa-miR-98-5p,SUB1
hsa-miR-98-5p,OSMR
hsa-miR-98-5p,C5orf51
hsa-miR-98-5p,MAP3K1
hsa-miR-98-5p,ADRB2
hsa-miR-98-5p,GRPEL2
hsa-miR-98-5p,SMIM3
hsa-miR-98-5p,TRIM41
hsa-miR-98-5p,ELOVL4
hsa-miR-98-5p,SYNCRIP
hsa-miR-98-5p,EDN1
hsa-miR-98-5p,HMGA1
hsa-miR-98-5p,CDKN1A
hsa-miR-98-5p,ABCC10
hsa-miR-98-5p,FAM135A
hsa-miR-98-5p,LIN28B
hsa-miR-98-5p,UTRN
hsa-miR-98-5p,TAB2
hsa-miR-98-5p,ARMT1
hsa-miR-98-5p,IGF2BP3
hsa-miR-98-5p,HOXA1
hsa-miR-98-5p,CCDC71L
hsa-miR-98-5p,WASL
hsa-miR-98-5p,STARD3NL
hsa-miR-98-5p,CLDN12
hsa-miR-98-5p,DLC1
hsa-miR-98-5p,MTUS1
hsa-miR-98-5p,DUSP4
hsa-miR-98-5p,ANKRD46
hsa-miR-98-5p,SLC25A32
hsa-miR-98-5p,AC012213.5
hsa-miR-98-5p,TMEM65
hsa-miR-98-5p,ASAP1
hsa-miR-98-5p,C8orf58
hsa-miR-98-5p,GOLGA7
hsa-miR-98-5p,CHD7
hsa-miR-98-5p,RDH10
hsa-miR-98-5p,E2F5
hsa-miR-98-5p,ZBTB5
hsa-miR-98-5p,CEMIP2
hsa-miR-98-5p,COL15A1
hsa-miR-98-5p,TGFBR1
hsa-miR-98-5p,RNF20
hsa-miR-98-5p,PBX3
hsa-miR-98-5p,CERCAM
hsa-miR-98-5p,PUDP
hsa-miR-98-5p,TIMM17B
hsa-miR-98-5p,SMC1A
hsa-miR-98-5p,ELF4
hsa-miR-98-5p,MBTPS2
hsa-miR-98-5p,MSN
hsa-miR-98-5p,PGRMC1
hsa-miR-99a-5p,MTOR
hsa-miR-99a-5p,FZD8
hsa-miR-99a-5p,BAZ2A
hsa-miR-99a-5p,TRIB2
hsa-miR-99a-5p,MTMR3
hsa-miR-99a-5p,KBTBD8
hsa-miR-99a-5p,MBNL1
hsa-miR-99a-5p,CLDN11
hsa-miR-99a-5p,SMARCA5
hsa-miR-99a-5p,TMEM30A
hsa-miR-99a-5p,EPDR1
hsa-miR-99a-5p,AGO2
hsa-miR-99a-5p,TRIB1
hsa-miR-99b-5p,MTOR
hsa-miR-99b-5p,FZD8
hsa-miR-99b-5p,BAZ2A
hsa-miR-99b-5p,TRIB2
hsa-miR-99b-5p,MTMR3
hsa-miR-99b-5p,KBTBD8
hsa-miR-99b-5p,MBNL1
hsa-miR-99b-5p,CLDN11
hsa-miR-99b-5p,SMARCA5
hsa-miR-99b-5p,TMEM30A
hsa-miR-99b-5p,EPDR1
hsa-miR-99b-5p,AGO2
hsa-miR-99b-5p,TRIB1
