ncRNA_Name,ncRNA_Type,Drug_Name,DrugBank_ID,CID,miRNA_ID,Drug_ID,Pair_ID,PairEvidenceCount
hsa-let-7a-5p,miRNA,DOXORUBICIN,DB00997,31703,0,89,0_89,1
hsa-let-7a-5p,miRNA,CAPECITABINE,DB01101,60953,0,48,0_48,1
hsa-let-7a-5p,miRNA,PACLITAXEL,DB01229,36314,0,67,0_67,1
hsa-let-7a-5p,miRNA,GEMCITABINE,DB00441,60750,0,55,0_55,1
hsa-let-7a-5p,miRNA,IMATINIB,DB00619,5291,0,41,0_41,1
hsa-let-7a-5p,miRNA,CYTARABINE,DB00987,6253,0,35,0_35,1
hsa-let-7a-5p,miRNA,OXALIPLATIN,DB00526,6857599,0,204,0_204,1
hsa-let-7a-5p,miRNA,CISPLATIN,DB00515,5460033,0,103,0_103,1
hsa-let-7a-5p,miRNA,EPIRUBICIN,DB00445,41867,0,73,0_73,1
hsa-let-7a-5p,miRNA,TAMOXIFEN,DB00675,2733525,0,123,0_123,1
hsa-let-7a-5p,miRNA,PLX-4720,DB06999,24180719,0,146,0_146,1
hsa-let-7a-5p,miRNA,PLATINUM,DB12257,23939,0,188,0_188,1
hsa-let-7a-5p,miRNA,DOCETAXEL,DB01248,148124,0,3,0_3,1
hsa-let-7a-5p,miRNA,BORTEZOMIB,DB00188,387447,0,17,0_17,1
hsa-let-7a-5p,miRNA,FLUOROURACIL,DB00544,3385,0,7,0_7,1
hsa-let-7a-5p,miRNA,GEFITINIB,DB00317,123631,0,84,0_84,1
hsa-let-7a-5p,miRNA,OSIMERTINIB,DB09330,71496458,0,161,0_161,1
hsa-let-7b-5p,miRNA,TAMOXIFEN,DB00675,2733525,1,123,1_123,1
hsa-let-7b-5p,miRNA,PLATINUM,DB12257,23939,1,188,1_188,1
hsa-let-7b-5p,miRNA,CISPLATIN,DB00515,5460033,1,103,1_103,1
hsa-let-7b-5p,miRNA,DABRAFENIB,DB08912,44462760,1,142,1_142,1
hsa-let-7b-5p,miRNA,VEMURAFENIB,DB08881,42611257,1,148,1_148,1
hsa-let-7b-5p,miRNA,PACLITAXEL,DB01229,36314,1,67,1_67,1
hsa-let-7b-5p,miRNA,GEFITINIB,DB00317,123631,1,84,1_84,1
hsa-let-7b-5p,miRNA,FLUOROURACIL,DB00544,3385,1,7,1_7,1
hsa-let-7b-5p,miRNA,IMATINIB,DB00619,5291,1,41,1_41,1
hsa-let-7b-5p,miRNA,SORAFENIB,DB00398,216239,1,74,1_74,1
hsa-let-7c-5p,miRNA,TAMOXIFEN,DB00675,2733525,2,123,2_123,1
hsa-let-7c-5p,miRNA,PACLITAXEL,DB01229,36314,2,67,2_67,1
hsa-let-7c-5p,miRNA,FLUOROURACIL,DB00544,3385,2,7,2_7,1
hsa-let-7c-5p,miRNA,TAXANE,,9548828,2,124,2_124,1
hsa-let-7c-5p,miRNA,CISPLATIN,DB00515,5460033,2,103,2_103,1
hsa-let-7d-5p,miRNA,CISPLATIN,DB00515,5460033,3,103,3_103,1
hsa-let-7d-5p,miRNA,TAMOXIFEN,DB00675,2733525,3,123,3_123,1
hsa-let-7d-5p,miRNA,PLATINUM,DB12257,23939,3,188,3_188,1
hsa-let-7d-5p,miRNA,IMATINIB,DB00619,5291,3,41,3_41,1
hsa-let-7d-5p,miRNA,PACLITAXEL,DB01229,36314,3,67,3_67,1
hsa-let-7d-5p,miRNA,TRAMETINIB,DB08911,11707110,3,101,3_101,1
hsa-let-7d-5p,miRNA,VEMURAFENIB,DB08881,42611257,3,148,3_148,1
hsa-let-7d-5p,miRNA,TIVANTINIB,DB12200,11494412,3,51,3_51,1
hsa-let-7e-5p,miRNA,PLATINUM,DB12257,23939,4,188,4_188,1
hsa-let-7e-5p,miRNA,PACLITAXEL,DB01229,36314,4,67,4_67,1
hsa-let-7e-5p,miRNA,IMATINIB,DB00619,5291,4,41,4_41,1
hsa-let-7e-5p,miRNA,GEMCITABINE,DB00441,60750,4,55,4_55,1
hsa-let-7e-5p,miRNA,CISPLATIN,DB00515,5460033,4,103,4_103,1
hsa-let-7f-5p,miRNA,DOXORUBICIN,DB00997,31703,5,89,5_89,1
hsa-let-7f-5p,miRNA,VERAPAMIL,DB00661,2520,5,21,5_21,1
hsa-let-7f-5p,miRNA,GEMCITABINE,DB00441,60750,5,55,5_55,1
hsa-let-7f-5p,miRNA,CISPLATIN,DB00515,5460033,5,103,5_103,1
hsa-let-7f-5p,miRNA,IMATINIB,DB00619,5291,5,41,5_41,1
hsa-let-7f-5p,miRNA,TAMOXIFEN,DB00675,2733525,5,123,5_123,1
hsa-let-7f-5p,miRNA,PLATINUM,DB12257,23939,5,188,5_188,1
hsa-let-7f-5p,miRNA,FLUOROURACIL,DB00544,3385,5,7,5_7,1
hsa-let-7f-5p,miRNA,AZACITIDINE,DB00928,9444,5,179,5_179,1
hsa-let-7f-5p,miRNA,PACLITAXEL,DB01229,36314,5,67,5_67,1
hsa-let-7f-5p,miRNA,TRAMETINIB,DB08911,11707110,5,101,5_101,1
hsa-let-7f-5p,miRNA,VEMURAFENIB,DB08881,42611257,5,148,5_148,1
hsa-let-7f-5p,miRNA,GEFITINIB,DB00317,123631,5,84,5_84,1
hsa-let-7f-5p,miRNA,OXALIPLATIN,DB00526,6857599,5,204,5_204,1
hsa-let-7f-5p,miRNA,DOCETAXEL,DB01248,148124,5,3,5_3,1
hsa-let-7g-5p,miRNA,TAMOXIFEN,DB00675,2733525,6,123,6_123,1
hsa-let-7g-5p,miRNA,PACLITAXEL,DB01229,36314,6,67,6_67,1
hsa-let-7g-5p,miRNA,PLATINUM,DB12257,23939,6,188,6_188,1
hsa-let-7g-5p,miRNA,CISPLATIN,DB00515,5460033,6,103,6_103,1
hsa-let-7g-5p,miRNA,TRAMETINIB,DB08911,11707110,6,101,6_101,1
hsa-let-7g-5p,miRNA,VEMURAFENIB,DB08881,42611257,6,148,6_148,1
hsa-let-7g-5p,miRNA,TEMOZOLOMIDE,DB00853,5394,6,174,6_174,1
hsa-let-7g-5p,miRNA,OXALIPLATIN,DB00526,6857599,6,204,6_204,1
hsa-let-7g-5p,miRNA,DOCETAXEL,DB01248,148124,6,3,6_3,1
hsa-let-7i-5p,miRNA,TAMOXIFEN,DB00675,2733525,7,123,7_123,1
hsa-let-7i-5p,miRNA,PLATINUM,DB12257,23939,7,188,7_188,1
hsa-let-7i-5p,miRNA,CISPLATIN,DB00515,5460033,7,103,7_103,1
hsa-let-7i-5p,miRNA,DABRAFENIB,DB08912,44462760,7,142,7_142,1
hsa-let-7i-5p,miRNA,VEMURAFENIB,DB08881,42611257,7,148,7_148,1
hsa-let-7i-5p,miRNA,PACLITAXEL,DB01229,36314,7,67,7_67,1
hsa-let-7i-5p,miRNA,GEMCITABINE,DB00441,60750,7,55,7_55,1
hsa-let-7i-5p,miRNA,IMATINIB,DB00619,5291,7,41,7_41,1
hsa-let-7i-5p,miRNA,ERLOTINIB,DB00530,176870,7,85,7_85,1
hsa-let-7i-5p,miRNA,GEFITINIB,DB00317,123631,7,84,7_84,1
hsa-let-7i-5p,miRNA,OXALIPLATIN,DB00526,6857599,7,204,7_204,1
hsa-mir-1-3p,miRNA,DOXORUBICIN,DB00997,31703,8,89,8_89,1
hsa-mir-1-3p,miRNA,VERAPAMIL,DB00661,2520,8,21,8_21,1
hsa-mir-1-3p,miRNA,IMATINIB,DB00619,5291,8,41,8_41,1
hsa-mir-1-3p,miRNA,CYCLOPAMINE,,442972,8,102,8_102,1
hsa-mir-1-3p,miRNA,PACLITAXEL,DB01229,36314,8,67,8_67,1
hsa-mir-1-3p,miRNA,OXALIPLATIN,DB00526,6857599,8,204,8_204,1
hsa-mir-1-3p,miRNA,CISPLATIN,DB00515,5460033,8,103,8_103,1
hsa-mir-1-3p,miRNA,MITOXANTRONE,DB01204,4212,8,22,8_22,1
hsa-mir-1-3p,miRNA,GEMCITABINE,DB00441,60750,8,55,8_55,1
hsa-mir-1-3p,miRNA,GEFITINIB,DB00317,123631,8,84,8_84,1
hsa-mir-1-3p,miRNA,CYFLUMETOFEN,,11496052,8,57,8_57,1
hsa-mir-1-3p,miRNA,FULVESTRANT,DB00947,17756771,8,134,8_134,1
hsa-mir-1-3p,miRNA,VINCRISTINE,DB00541,5978,8,177,8_177,1
hsa-mir-1-3p,miRNA,VEMURAFENIB,DB08881,42611257,8,148,8_148,1
hsa-mir-1-3p,miRNA,BROMOCRIPTINE,DB01200,31101,8,86,8_86,1
hsa-mir-1-3p,miRNA,SORAFENIB,DB00398,216239,8,74,8_74,1
hsa-mir-1-3p,miRNA,ETOPOSIDE,DB00773,36462,8,68,8_68,1
hsa-mir-1-3p,miRNA,VINORELBINE,DB00361,44424639,8,150,8_150,1
hsa-mir-100-5p,miRNA,DOXORUBICIN,DB00997,31703,9,89,9_89,1
hsa-mir-100-5p,miRNA,CISPLATIN,DB00515,5460033,9,103,9_103,1
hsa-mir-100-5p,miRNA,VERAPAMIL,DB00661,2520,9,21,9_21,1
hsa-mir-100-5p,miRNA,SORAFENIB,DB00398,216239,9,74,9_74,1
hsa-mir-100-5p,miRNA,PACLITAXEL,DB01229,36314,9,67,9_67,1
hsa-mir-100-5p,miRNA,VINCRISTINE,DB00541,5978,9,177,9_177,1
hsa-mir-100-5p,miRNA,DAUNORUBICIN,DB00694,30323,9,88,9_88,1
hsa-mir-100-5p,miRNA,PREDNISOLONE,DB00860,5755,9,44,9_44,1
hsa-mir-100-5p,miRNA,DOCETAXEL,DB01248,148124,9,3,9_3,1
hsa-mir-100-5p,miRNA,TAMOXIFEN,DB00675,2733525,9,123,9_123,1
hsa-mir-100-5p,miRNA,GEMCITABINE,DB00441,60750,9,55,9_55,1
hsa-mir-100-5p,miRNA,OXALIPLATIN,DB00526,6857599,9,204,9_204,1
hsa-mir-100-5p,miRNA,ETOPOSIDE,DB00773,36462,9,68,9_68,1
hsa-mir-100-5p,miRNA,GEFITINIB,DB00317,123631,9,84,9_84,1
hsa-mir-100-5p,miRNA,DEXAMETHASONE,DB01234,5743,9,43,9_43,1
hsa-mir-100-5p,miRNA,PLX-4720,DB06999,24180719,9,146,9_146,1
hsa-mir-100-5p,miRNA,PLATINUM,DB12257,23939,9,188,9_188,1
hsa-mir-100-5p,miRNA,MITOXANTRONE,DB01204,4212,9,22,9_22,1
hsa-mir-100-5p,miRNA,VEMURAFENIB,DB08881,42611257,9,148,9_148,1
hsa-mir-100-5p,miRNA,DABRAFENIB,DB08912,44462760,9,142,9_142,1
hsa-mir-100-5p,miRNA,TRAMETINIB,DB08911,11707110,9,101,9_101,1
hsa-mir-100-5p,miRNA,CRIZOTINIB,DB08865,11626560,9,197,9_197,1
hsa-mir-100-5p,miRNA,LORLATINIB,DB12130,71731823,9,167,9_167,1
hsa-mir-100-5p,miRNA,FULVESTRANT,DB00947,17756771,9,134,9_134,1
hsa-mir-100-5p,miRNA,FLUOROURACIL,DB00544,3385,9,7,9_7,1
hsa-mir-100-5p,miRNA,BROMOCRIPTINE,DB01200,31101,9,86,9_86,1
hsa-mir-100-5p,miRNA,METHOTREXATE,DB00563,126941,9,81,9_81,1
hsa-mir-100-5p,miRNA,RUXOLITINIB,DB08877,25126798,9,144,9_144,1
hsa-mir-100-5p,miRNA,VINORELBINE,DB00361,44424639,9,150,9_150,1
hsa-mir-101-3p,miRNA,NAVITOCLAX,DB12340,24978538,10,209,10_209,1
hsa-mir-101-3p,miRNA,DOCETAXEL,DB01248,148124,10,3,10_3,1
hsa-mir-101-3p,miRNA,CISPLATIN,DB00515,5460033,10,103,10_103,1
hsa-mir-101-3p,miRNA,DOXORUBICIN,DB00997,31703,10,89,10_89,1
hsa-mir-101-3p,miRNA,FLUOROURACIL,DB00544,3385,10,7,10_7,1
hsa-mir-101-3p,miRNA,PACLITAXEL,DB01229,36314,10,67,10_67,1
hsa-mir-101-3p,miRNA,SIROLIMUS,DB00877,5284616,10,114,10_114,1
hsa-mir-101-3p,miRNA,GEMCITABINE,DB00441,60750,10,55,10_55,1
hsa-mir-101-3p,miRNA,BORTEZOMIB,DB00188,387447,10,17,10_17,1
hsa-mir-101-3p,miRNA,TAMOXIFEN,DB00675,2733525,10,123,10_123,1
hsa-mir-101-3p,miRNA,PLATINUM,DB12257,23939,10,188,10_188,1
hsa-mir-101-3p,miRNA,VINCRISTINE,DB00541,5978,10,177,10_177,1
hsa-mir-101-3p,miRNA,SORAFENIB,DB00398,216239,10,74,10_74,1
hsa-mir-101-3p,miRNA,IMATINIB,DB00619,5291,10,41,10_41,1
hsa-mir-101-3p,miRNA,TEMOZOLOMIDE,DB00853,5394,10,174,10_174,1
hsa-mir-101-3p,miRNA,AZACITIDINE,DB00928,9444,10,179,10_179,1
hsa-mir-101-3p,miRNA,MITOXANTRONE,DB01204,4212,10,22,10_22,1
hsa-mir-101-3p,miRNA,OXALIPLATIN,DB00526,6857599,10,204,10_204,1
hsa-mir-101-3p,miRNA,GEFITINIB,DB00317,123631,10,84,10_84,1
hsa-mir-103a-3p,miRNA,DOXORUBICIN,DB00997,31703,11,89,11_89,1
hsa-mir-103a-3p,miRNA,TAMOXIFEN,DB00675,2733525,11,123,11_123,1
hsa-mir-103a-3p,miRNA,FLUOROURACIL,DB00544,3385,11,7,11_7,1
hsa-mir-103a-3p,miRNA,CAMPTOTHECIN,DB04690,24360,11,186,11_186,1
hsa-mir-103a-3p,miRNA,CISPLATIN,DB00515,5460033,11,103,11_103,1
hsa-mir-103a-3p,miRNA,ETOPOSIDE,DB00773,36462,11,68,11_68,1
hsa-mir-103a-3p,miRNA,OLAPARIB,DB09074,23725625,11,151,11_151,1
hsa-mir-103a-3p,miRNA,OXALIPLATIN,DB00526,6857599,11,204,11_204,1
hsa-mir-103a-3p,miRNA,IMATINIB,DB00619,5291,11,41,11_41,1
hsa-mir-103a-3p,miRNA,PLATINUM,DB12257,23939,11,188,11_188,1
hsa-mir-103a-3p,miRNA,DEXAMETHASONE,DB01234,5743,11,43,11_43,1
hsa-mir-103a-3p,miRNA,GEFITINIB,DB00317,123631,11,84,11_84,1
hsa-mir-103a-3p,miRNA,PACLITAXEL,DB01229,36314,11,67,11_67,2
hsa-mir-103a-3p,miRNA,SORAFENIB,DB00398,216239,11,74,11_74,1
hsa-mir-103a-3p,miRNA,ANTHRACYCLINE,DB00694,30323,11,88,11_88,1
hsa-mir-103a-3p,miRNA,CYCLOPHOSPHAMIDE,DB00531,2907,11,16,11_16,1
hsa-mir-103a-3p,miRNA,METHOTREXATE,DB00563,126941,11,81,11_81,1
hsa-mir-103a-3p,miRNA,TAXOL,DB01229,36314,11,67,11_67,2
hsa-mir-105-5p,miRNA,NAVITOCLAX,DB12340,24978538,12,209,12_209,1
hsa-mir-105-5p,miRNA,TAMOXIFEN,DB00675,2733525,12,123,12_123,1
hsa-mir-105-5p,miRNA,DOCETAXEL,DB01248,148124,12,3,12_3,1
hsa-mir-105-5p,miRNA,SORAFENIB,DB00398,216239,12,74,12_74,1
hsa-mir-105-5p,miRNA,CISPLATIN,DB00515,5460033,12,103,12_103,1
hsa-mir-105-5p,miRNA,DABRAFENIB,DB08912,44462760,12,142,12_142,1
hsa-mir-105-5p,miRNA,VEMURAFENIB,DB08881,42611257,12,148,12_148,1
hsa-mir-105-5p,miRNA,FLUOROURACIL,DB00544,3385,12,7,12_7,1
hsa-mir-105-5p,miRNA,GEFITINIB,DB00317,123631,12,84,12_84,1
hsa-mir-105-5p,miRNA,PACLITAXEL,DB01229,36314,12,67,12_67,1
hsa-mir-105-5p,miRNA,PROPOFOL,DB00818,4943,12,40,12_40,1
hsa-mir-106a-5p,miRNA,DOXORUBICIN,DB00997,31703,13,89,13_89,1
hsa-mir-106a-5p,miRNA,CISPLATIN,DB00515,5460033,13,103,13_103,1
hsa-mir-106a-5p,miRNA,TAMOXIFEN,DB00675,2733525,13,123,13_123,1
hsa-mir-106a-5p,miRNA,ETOPOSIDE,DB00773,36462,13,68,13_68,1
hsa-mir-106a-5p,miRNA,PACLITAXEL,DB01229,36314,13,67,13_67,1
hsa-mir-106a-5p,miRNA,VINCRISTINE,DB00541,5978,13,177,13_177,1
hsa-mir-106a-5p,miRNA,GEMCITABINE,DB00441,60750,13,55,13_55,1
hsa-mir-106a-5p,miRNA,OXALIPLATIN,DB00526,6857599,13,204,13_204,1
hsa-mir-106a-5p,miRNA,FLUOROURACIL,DB00544,3385,13,7,13_7,1
hsa-mir-106a-5p,miRNA,GEFITINIB,DB00317,123631,13,84,13_84,1
hsa-mir-106a-5p,miRNA,DASATINIB,DB01254,3062316,13,100,13_100,1
hsa-mir-106a-5p,miRNA,DAUNORUBICIN,DB00694,30323,13,88,13_88,1
hsa-mir-106a-5p,miRNA,TEMOZOLOMIDE,DB00853,5394,13,174,13_174,1
hsa-mir-106b-5p,miRNA,DOXORUBICIN,DB00997,31703,14,89,14_89,1
hsa-mir-106b-5p,miRNA,SORAFENIB,DB00398,216239,14,74,14_74,1
hsa-mir-106b-5p,miRNA,PACLITAXEL,DB01229,36314,14,67,14_67,1
hsa-mir-106b-5p,miRNA,CISPLATIN,DB00515,5460033,14,103,14_103,1
hsa-mir-106b-5p,miRNA,FLUOROURACIL,DB00544,3385,14,7,14_7,1
hsa-mir-106b-5p,miRNA,OXALIPLATIN,DB00526,6857599,14,204,14_204,1
hsa-mir-106b-5p,miRNA,TAMOXIFEN,DB00675,2733525,14,123,14_123,1
hsa-mir-106b-5p,miRNA,AXITINIB,DB06626,6450551,14,98,14_98,1
hsa-mir-106b-5p,miRNA,NUTLIN-3,DB17039,216345,14,63,14_63,1
hsa-mir-106b-5p,miRNA,DAUNORUBICIN,DB00694,30323,14,88,14_88,1
hsa-mir-106b-5p,miRNA,GEFITINIB,DB00317,123631,14,84,14_84,1
hsa-mir-106b-5p,miRNA,GEMCITABINE,DB00441,60750,14,55,14_55,1
hsa-mir-106b-5p,miRNA,TEMOZOLOMIDE,DB00853,5394,14,174,14_174,1
hsa-mir-107,miRNA,CERITINIB,DB09063,57379345,15,160,15_160,1
hsa-mir-107,miRNA,DOXORUBICIN,DB00997,31703,15,89,15_89,1
hsa-mir-107,miRNA,PACLITAXEL,DB01229,36314,15,67,15_67,2
hsa-mir-107,miRNA,TAMOXIFEN,DB00675,2733525,15,123,15_123,1
hsa-mir-107,miRNA,FLUOROURACIL,DB00544,3385,15,7,15_7,1
hsa-mir-107,miRNA,CAMPTOTHECIN,DB04690,24360,15,186,15_186,1
hsa-mir-107,miRNA,CISPLATIN,DB00515,5460033,15,103,15_103,1
hsa-mir-107,miRNA,ETOPOSIDE,DB00773,36462,15,68,15_68,1
hsa-mir-107,miRNA,OLAPARIB,DB09074,23725625,15,151,15_151,1
hsa-mir-107,miRNA,OXALIPLATIN,DB00526,6857599,15,204,15_204,1
hsa-mir-107,miRNA,IMATINIB,DB00619,5291,15,41,15_41,1
hsa-mir-107,miRNA,PLATINUM,DB12257,23939,15,188,15_188,1
hsa-mir-107,miRNA,TRAMETINIB,DB08911,11707110,15,101,15_101,1
hsa-mir-107,miRNA,VEMURAFENIB,DB08881,42611257,15,148,15_148,1
hsa-mir-107,miRNA,PARTHENOLIDE,DB13063,6473881,15,132,15_132,1
hsa-mir-107,miRNA,TAXOL,DB01229,36314,15,67,15_67,2
hsa-mir-107,miRNA,SORAFENIB,DB00398,216239,15,74,15_74,1
hsa-mir-107,miRNA,APICIDIN,,6918328,15,96,15_96,1
hsa-mir-107,miRNA,VORINOSTAT,DB02546,5311,15,42,15_42,1
hsa-mir-10a-5p,miRNA,DOXORUBICIN,DB00997,31703,16,89,16_89,1
hsa-mir-10a-5p,miRNA,VERAPAMIL,DB00661,2520,16,21,16_21,1
hsa-mir-10a-5p,miRNA,CISPLATIN,DB00515,5460033,16,103,16_103,1
hsa-mir-10a-5p,miRNA,IMATINIB,DB00619,5291,16,41,16_41,1
hsa-mir-10a-5p,miRNA,TAMOXIFEN,DB00675,2733525,16,123,16_123,1
hsa-mir-10a-5p,miRNA,CYCLOPAMINE,,442972,16,102,16_102,1
hsa-mir-10a-5p,miRNA,PACLITAXEL,DB01229,36314,16,67,16_67,1
hsa-mir-10a-5p,miRNA,GEMCITABINE,DB00441,60750,16,55,16_55,1
hsa-mir-10a-5p,miRNA,VINORELBINE,DB00361,44424639,16,150,16_150,1
hsa-mir-10a-5p,miRNA,CYTARABINE,DB00987,6253,16,35,16_35,1
hsa-mir-10a-5p,miRNA,SORAFENIB,DB00398,216239,16,74,16_74,1
hsa-mir-10a-5p,miRNA,GEFITINIB,DB00317,123631,16,84,16_84,1
hsa-mir-10a-5p,miRNA,TEMOZOLOMIDE,DB00853,5394,16,174,16_174,1
hsa-mir-10a-5p,miRNA,CERITINIB,DB09063,57379345,16,160,16_160,1
hsa-mir-10a-5p,miRNA,FLUOROURACIL,DB00544,3385,16,7,16_7,1
hsa-mir-10a-5p,miRNA,PLATINUM,DB12257,23939,16,188,16_188,1
hsa-mir-10a-5p,miRNA,OXALIPLATIN,DB00526,6857599,16,204,16_204,1
hsa-mir-10b-5p,miRNA,DOXORUBICIN,DB00997,31703,17,89,17_89,1
hsa-mir-10b-5p,miRNA,VERAPAMIL,DB00661,2520,17,21,17_21,1
hsa-mir-10b-5p,miRNA,CISPLATIN,DB00515,5460033,17,103,17_103,1
hsa-mir-10b-5p,miRNA,FLUOROURACIL,DB00544,3385,17,7,17_7,1
hsa-mir-10b-5p,miRNA,CYCLOPAMINE,,442972,17,102,17_102,1
hsa-mir-10b-5p,miRNA,PACLITAXEL,DB01229,36314,17,67,17_67,1
hsa-mir-10b-5p,miRNA,GEMCITABINE,DB00441,60750,17,55,17_55,1
hsa-mir-10b-5p,miRNA,OXALIPLATIN,DB00526,6857599,17,204,17_204,1
hsa-mir-10b-5p,miRNA,GEFITINIB,DB00317,123631,17,84,17_84,1
hsa-mir-10b-5p,miRNA,CYTARABINE,DB00987,6253,17,35,17_35,1
hsa-mir-10b-5p,miRNA,TAXANE,,9548828,17,124,17_124,1
hsa-mir-10b-5p,miRNA,TAMOXIFEN,DB00675,2733525,17,123,17_123,1
hsa-mir-10b-5p,miRNA,SORAFENIB,DB00398,216239,17,74,17_74,1
hsa-mir-10b-5p,miRNA,PLATINUM,DB12257,23939,17,188,17_188,1
hsa-mir-10b-5p,miRNA,AZACITIDINE,DB00928,9444,17,179,17_179,1
hsa-mir-10b-5p,miRNA,CERITINIB,DB09063,57379345,17,160,17_160,1
hsa-mir-10b-5p,miRNA,TRAMETINIB,DB08911,11707110,17,101,17_101,1
hsa-mir-10b-5p,miRNA,VEMURAFENIB,DB08881,42611257,17,148,17_148,1
hsa-mir-10b-5p,miRNA,ETOPOSIDE,DB00773,36462,17,68,17_68,1
hsa-mir-10b-5p,miRNA,VINORELBINE,DB00361,44424639,17,150,17_150,1
hsa-mir-10b-5p,miRNA,VINCRISTINE,DB00541,5978,17,177,17_177,1
hsa-mir-1178-3p,miRNA,OXALIPLATIN,DB00526,6857599,18,204,18_204,1
hsa-mir-1178-3p,miRNA,TRAMETINIB,DB08911,11707110,18,101,18_101,1
hsa-mir-1178-3p,miRNA,VEMURAFENIB,DB08881,42611257,18,148,18_148,1
hsa-mir-1179,miRNA,OXALIPLATIN,DB00526,6857599,19,204,19_204,1
hsa-mir-1180-3p,miRNA,PACLITAXEL,DB01229,36314,20,67,20_67,1
hsa-mir-1180-3p,miRNA,CISPLATIN,DB00515,5460033,20,103,20_103,1
hsa-mir-1180-3p,miRNA,FLUOROURACIL,DB00544,3385,20,7,20_7,1
hsa-mir-1180-3p,miRNA,GEMCITABINE,DB00441,60750,20,55,20_55,1
hsa-mir-1180-3p,miRNA,DABRAFENIB,DB08912,44462760,20,142,20_142,1
hsa-mir-1181,miRNA,OXALIPLATIN,DB00526,6857599,21,204,21_204,1
hsa-mir-1181,miRNA,PLATINUM,DB12257,23939,21,188,21_188,1
hsa-mir-1181,miRNA,SORAFENIB,DB00398,216239,21,74,21_74,1
hsa-mir-1181,miRNA,PACLITAXEL,DB01229,36314,21,67,21_67,1
hsa-mir-1181,miRNA,CISPLATIN,DB00515,5460033,21,103,21_103,1
hsa-mir-1182,miRNA,CISPLATIN,DB00515,5460033,22,103,22_103,1
hsa-mir-1182,miRNA,OXALIPLATIN,DB00526,6857599,22,204,22_204,1
hsa-mir-1182,miRNA,PLATINUM,DB12257,23939,22,188,22_188,1
hsa-mir-1182,miRNA,GEMCITABINE,DB00441,60750,22,55,22_55,1
hsa-mir-1182,miRNA,TRAMETINIB,DB08911,11707110,22,101,22_101,1
hsa-mir-1182,miRNA,VEMURAFENIB,DB08881,42611257,22,148,22_148,1
hsa-mir-1182,miRNA,DOCETAXEL,DB01248,148124,22,3,22_3,1
hsa-mir-1183,miRNA,CISPLATIN,DB00515,5460033,23,103,23_103,1
hsa-mir-1183,miRNA,OXALIPLATIN,DB00526,6857599,23,204,23_204,1
hsa-mir-1183,miRNA,PLATINUM,DB12257,23939,23,188,23_188,1
hsa-mir-1183,miRNA,TRAMETINIB,DB08911,11707110,23,101,23_101,1
hsa-mir-1183,miRNA,VEMURAFENIB,DB08881,42611257,23,148,23_148,1
hsa-mir-1197,miRNA,PACLITAXEL,DB01229,36314,25,67,25_67,1
hsa-mir-1200,miRNA,PACLITAXEL,DB01229,36314,26,67,26_67,1
hsa-mir-1200,miRNA,OXALIPLATIN,DB00526,6857599,26,204,26_204,1
hsa-mir-1200,miRNA,IMATINIB,DB00619,5291,26,41,26_41,1
hsa-mir-1200,miRNA,TEMOZOLOMIDE,DB00853,5394,26,174,26_174,1
hsa-mir-1203,miRNA,TEMOZOLOMIDE,DB00853,5394,27,174,27_174,1
hsa-mir-1204,miRNA,PACLITAXEL,DB01229,36314,28,67,28_67,1
hsa-mir-1204,miRNA,VEMURAFENIB,DB08881,42611257,28,148,28_148,1
hsa-mir-1204,miRNA,TRAMETINIB,DB08911,11707110,28,101,28_101,1
hsa-mir-1204,miRNA,GEMCITABINE,DB00441,60750,28,55,28_55,1
hsa-mir-1205,miRNA,DOCETAXEL,DB01248,148124,29,3,29_3,1
hsa-mir-1206,miRNA,OXALIPLATIN,DB00526,6857599,30,204,30_204,1
hsa-mir-1206,miRNA,GEMCITABINE,DB00441,60750,30,55,30_55,1
hsa-mir-122-5p,miRNA,DOXORUBICIN,DB00997,31703,31,89,31_89,1
hsa-mir-122-5p,miRNA,SORAFENIB,DB00398,216239,31,74,31_74,1
hsa-mir-122-5p,miRNA,CISPLATIN,DB00515,5460033,31,103,31_103,1
hsa-mir-122-5p,miRNA,VINCRISTINE,DB00541,5978,31,177,31_177,1
hsa-mir-122-5p,miRNA,BORTEZOMIB,DB00188,387447,31,17,31_17,1
hsa-mir-122-5p,miRNA,FLUOROURACIL,DB00544,3385,31,7,31_7,1
hsa-mir-122-5p,miRNA,OXALIPLATIN,DB00526,6857599,31,204,31_204,1
hsa-mir-122-5p,miRNA,GEFITINIB,DB00317,123631,31,84,31_84,1
hsa-mir-122-5p,miRNA,TAXOL,DB01229,36314,31,67,31_67,1
hsa-mir-122-5p,miRNA,FULVESTRANT,DB00947,17756771,31,134,31_134,1
hsa-mir-122-5p,miRNA,BROMOCRIPTINE,DB01200,31101,31,86,31_86,1
hsa-mir-1225-3p,miRNA,CERITINIB,DB09063,57379345,32,160,32_160,1
hsa-mir-1226-3p,miRNA,FLUOROURACIL,DB00544,3385,33,7,33_7,1
hsa-mir-1226-3p,miRNA,GEMCITABINE,DB00441,60750,33,55,33_55,1
hsa-mir-1226-3p,miRNA,DOXORUBICIN,DB00997,31703,33,89,33_89,1
hsa-mir-1226-3p,miRNA,IMATINIB,DB00619,5291,33,41,33_41,1
hsa-mir-1226-3p,miRNA,CISPLATIN,DB00515,5460033,33,103,33_103,1
hsa-mir-1226-3p,miRNA,TAMOXIFEN,DB00675,2733525,33,123,33_123,1
hsa-mir-1226-3p,miRNA,SORAFENIB,DB00398,216239,33,74,33_74,1
hsa-mir-1226-3p,miRNA,OXALIPLATIN,DB00526,6857599,33,204,33_204,1
hsa-mir-1228-3p,miRNA,FLUOROURACIL,DB00544,3385,35,7,35_7,1
hsa-mir-1228-3p,miRNA,GEMCITABINE,DB00441,60750,35,55,35_55,1
hsa-mir-1228-3p,miRNA,IMATINIB,DB00619,5291,35,41,35_41,1
hsa-mir-1228-3p,miRNA,PLATINUM,DB12257,23939,35,188,35_188,1
hsa-mir-1228-3p,miRNA,GEFITINIB,DB00317,123631,35,84,35_84,1
hsa-mir-1228-3p,miRNA,PONATINIB,DB08901,24826799,35,140,35_140,1
hsa-mir-1228-3p,miRNA,TAMOXIFEN,DB00675,2733525,35,123,35_123,1
hsa-mir-1228-3p,miRNA,FULVESTRANT,DB00947,17756771,35,134,35_134,1
hsa-mir-1228-3p,miRNA,CISPLATIN,DB00515,5460033,35,103,35_103,1
hsa-mir-1231,miRNA,CISPLATIN,DB00515,5460033,36,103,36_103,1
hsa-mir-1231,miRNA,DABRAFENIB,DB08912,44462760,36,142,36_142,1
hsa-mir-1231,miRNA,VEMURAFENIB,DB08881,42611257,36,148,36_148,1
hsa-mir-1231,miRNA,PACLITAXEL,DB01229,36314,36,67,36_67,1
hsa-mir-1231,miRNA,DOXORUBICIN,DB00997,31703,36,89,36_89,1
hsa-mir-1231,miRNA,FULVESTRANT,DB00947,17756771,36,134,36_134,1
hsa-mir-1231,miRNA,TAMOXIFEN,DB00675,2733525,36,123,36_123,1
hsa-mir-1231,miRNA,GEMCITABINE,DB00441,60750,36,55,36_55,1
hsa-mir-1233-3p,miRNA,NAVITOCLAX,DB12340,24978538,37,209,37_209,1
hsa-mir-1233-3p,miRNA,OXALIPLATIN,DB00526,6857599,37,204,37_204,1
hsa-mir-1233-3p,miRNA,DOXORUBICIN,DB00997,31703,37,89,37_89,1
hsa-mir-1233-3p,miRNA,TAMOXIFEN,DB00675,2733525,37,123,37_123,1
hsa-mir-1233-3p,miRNA,FULVESTRANT,DB00947,17756771,37,134,37_134,1
hsa-mir-1236-3p,miRNA,OXALIPLATIN,DB00526,6857599,38,204,38_204,1
hsa-mir-1236-3p,miRNA,VINCRISTINE,DB00541,5978,38,177,38_177,1
hsa-mir-1236-3p,miRNA,DOXORUBICIN,DB00997,31703,38,89,38_89,1
hsa-mir-1236-3p,miRNA,PREDNISONE,DB00635,5865,38,34,38_34,1
hsa-mir-1236-3p,miRNA,FLUOROURACIL,DB00544,3385,38,7,38_7,1
hsa-mir-1236-3p,miRNA,GEMCITABINE,DB00441,60750,38,55,38_55,1
hsa-mir-1236-3p,miRNA,CISPLATIN,DB00515,5460033,38,103,38_103,1
hsa-mir-1236-3p,miRNA,DOCETAXEL,DB01248,148124,38,3,38_3,1
hsa-mir-124-3p,miRNA,PAROXETINE,DB00715,43815,39,78,39_78,1
hsa-mir-124-3p,miRNA,DOXORUBICIN,DB00997,31703,39,89,39_89,1
hsa-mir-124-3p,miRNA,VINBLASTINE,DB00570,442111,39,97,39_97,1
hsa-mir-124-3p,miRNA,CAMPTOTHECIN,DB04690,24360,39,186,39_186,1
hsa-mir-124-3p,miRNA,ETOPOSIDE,DB00773,36462,39,68,39_68,1
hsa-mir-124-3p,miRNA,FLUOROURACIL,DB00544,3385,39,7,39_7,1
hsa-mir-124-3p,miRNA,TEMOZOLOMIDE,DB00853,5394,39,174,39_174,1
hsa-mir-124-3p,miRNA,CISPLATIN,DB00515,5460033,39,103,39_103,1
hsa-mir-124-3p,miRNA,ENZALUTAMIDE,DB08899,15951529,39,125,39_125,1
hsa-mir-124-3p,miRNA,GEFITINIB,DB00317,123631,39,84,39_84,1
hsa-mir-124-3p,miRNA,PREDNISONE,DB00635,5865,39,34,39_34,1
hsa-mir-124-3p,miRNA,GEMCITABINE,DB00441,60750,39,55,39_55,1
hsa-mir-124-3p,miRNA,ERLOTINIB,DB00530,176870,39,85,39_85,1
hsa-mir-124-3p,miRNA,CARBOPLATIN,DB00958,38904,39,90,39_90,1
hsa-mir-124-3p,miRNA,SORAFENIB,DB00398,216239,39,74,39_74,1
hsa-mir-124-3p,miRNA,DOCETAXEL,DB01248,148124,39,3,39_3,1
hsa-mir-1243,miRNA,DOXORUBICIN,DB00997,31703,40,89,40_89,1
hsa-mir-1243,miRNA,GEMCITABINE,DB00441,60750,40,55,40_55,1
hsa-mir-1243,miRNA,PALBOCICLIB,DB09073,5330286,40,95,40_95,1
hsa-mir-1244,miRNA,CISPLATIN,DB00515,5460033,41,103,41_103,1
hsa-mir-1244,miRNA,FULVESTRANT,DB00947,17756771,41,134,41_134,1
hsa-mir-1244,miRNA,TAMOXIFEN,DB00675,2733525,41,123,41_123,1
hsa-mir-1244,miRNA,GEMCITABINE,DB00441,60750,41,55,41_55,1
hsa-mir-1245a,miRNA,TRAMETINIB,DB08911,11707110,42,101,42_101,1
hsa-mir-1245a,miRNA,VEMURAFENIB,DB08881,42611257,42,148,42_148,1
hsa-mir-1246,miRNA,CISPLATIN,DB00515,5460033,43,103,43_103,1
hsa-mir-1246,miRNA,GEMCITABINE,DB00441,60750,43,55,43_55,1
hsa-mir-1246,miRNA,OXALIPLATIN,DB00526,6857599,43,204,43_204,1
hsa-mir-1246,miRNA,PACLITAXEL,DB01229,36314,43,67,43_67,1
hsa-mir-1246,miRNA,DOXORUBICIN,DB00997,31703,43,89,43_89,1
hsa-mir-1246,miRNA,VINCRISTINE,DB00541,5978,43,177,43_177,1
hsa-mir-1246,miRNA,FLUOROURACIL,DB00544,3385,43,7,43_7,1
hsa-mir-1246,miRNA,BORTEZOMIB,DB00188,387447,43,17,43_17,1
hsa-mir-1246,miRNA,MITOXANTRONE,DB01204,4212,43,22,43_22,1
hsa-mir-1246,miRNA,DOCETAXEL,DB01248,148124,43,3,43_3,1
hsa-mir-1246,miRNA,SORAFENIB,DB00398,216239,43,74,43_74,1
hsa-mir-1246,miRNA,EPIRUBICIN,DB00445,41867,43,73,43_73,1
hsa-mir-1246,miRNA,VINORELBINE,DB00361,44424639,43,150,43_150,1
hsa-mir-1246,miRNA,PLX-4720,DB06999,24180719,43,146,43_146,1
hsa-mir-1246,miRNA,DABRAFENIB,DB08912,44462760,43,142,43_142,1
hsa-mir-1246,miRNA,VEMURAFENIB,DB08881,42611257,43,148,43_148,1
hsa-mir-1246,miRNA,TRAMETINIB,DB08911,11707110,43,101,43_101,1
hsa-mir-1246,miRNA,ERLOTINIB,DB00530,176870,43,85,43_85,1
hsa-mir-1246,miRNA,TEMOZOLOMIDE,DB00853,5394,43,174,43_174,1
hsa-mir-1247-5p,miRNA,OXALIPLATIN,DB00526,6857599,44,204,44_204,1
hsa-mir-1247-5p,miRNA,GEMCITABINE,DB00441,60750,44,55,44_55,1
hsa-mir-1247-5p,miRNA,VINCRISTINE,DB00541,5978,44,177,44_177,1
hsa-mir-1247-5p,miRNA,CERITINIB,DB09063,57379345,44,160,44_160,1
hsa-mir-1247-5p,miRNA,SUNITINIB,DB01268,5329102,44,94,44_94,1
hsa-mir-1247-5p,miRNA,CISPLATIN,DB00515,5460033,44,103,44_103,1
hsa-mir-1247-5p,miRNA,GEFITINIB,DB00317,123631,44,84,44_84,1
hsa-mir-1248,miRNA,GEMCITABINE,DB00441,60750,45,55,45_55,1
hsa-mir-1248,miRNA,TAMOXIFEN,DB00675,2733525,45,123,45_123,1
hsa-mir-1248,miRNA,FLUOROURACIL,DB00544,3385,45,7,45_7,1
hsa-mir-1248,miRNA,PALBOCICLIB,DB09073,5330286,45,95,45_95,1
hsa-mir-1248,miRNA,DOCETAXEL,DB01248,148124,45,3,45_3,1
hsa-mir-1250-5p,miRNA,SUNITINIB,DB01268,5329102,46,94,46_94,1
hsa-mir-1250-5p,miRNA,PACLITAXEL,DB01229,36314,46,67,46_67,1
hsa-mir-1250-5p,miRNA,OXALIPLATIN,DB00526,6857599,46,204,46_204,1
hsa-mir-1252-5p,miRNA,CERITINIB,DB09063,57379345,48,160,48_160,1
hsa-mir-1252-5p,miRNA,DABRAFENIB,DB08912,44462760,48,142,48_142,1
hsa-mir-1252-5p,miRNA,TRAMETINIB,DB08911,11707110,48,101,48_101,1
hsa-mir-1252-5p,miRNA,VEMURAFENIB,DB08881,42611257,48,148,48_148,1
hsa-mir-1253,miRNA,DOXORUBICIN,DB00997,31703,49,89,49_89,1
hsa-mir-1253,miRNA,TRAMETINIB,DB08911,11707110,49,101,49_101,1
hsa-mir-1253,miRNA,VEMURAFENIB,DB08881,42611257,49,148,49_148,1
hsa-mir-1253,miRNA,PACLITAXEL,DB01229,36314,49,67,49_67,1
hsa-mir-1255a,miRNA,DOXORUBICIN,DB00997,31703,50,89,50_89,1
hsa-mir-1255a,miRNA,TRAMETINIB,DB08911,11707110,50,101,50_101,1
hsa-mir-1255a,miRNA,VEMURAFENIB,DB08881,42611257,50,148,50_148,1
hsa-mir-1255a,miRNA,PALBOCICLIB,DB09073,5330286,50,95,50_95,1
hsa-mir-1256,miRNA,DOXORUBICIN,DB00997,31703,51,89,51_89,1
hsa-mir-1256,miRNA,PREDNISONE,DB00635,5865,51,34,51_34,1
hsa-mir-1256,miRNA,VINCRISTINE,DB00541,5978,51,177,51_177,1
hsa-mir-1257,miRNA,OXALIPLATIN,DB00526,6857599,52,204,52_204,1
hsa-mir-1258,miRNA,OXALIPLATIN,DB00526,6857599,53,204,53_204,1
hsa-mir-1258,miRNA,CISPLATIN,DB00515,5460033,53,103,53_103,1
hsa-mir-1258,miRNA,IMATINIB,DB00619,5291,53,41,53_41,1
hsa-mir-125a-3p,miRNA,TAXANE,,9548828,54,124,54_124,1
hsa-mir-125a-3p,miRNA,PLATINUM,DB12257,23939,54,188,54_188,1
hsa-mir-125a-3p,miRNA,DOCETAXEL,DB01248,148124,54,3,54_3,1
hsa-mir-125a-3p,miRNA,TAMOXIFEN,DB00675,2733525,54,123,54_123,1
hsa-mir-125a-3p,miRNA,GEMCITABINE,DB00441,60750,54,55,54_55,1
hsa-mir-125a-3p,miRNA,SUNITINIB,DB01268,5329102,54,94,54_94,1
hsa-mir-125a-3p,miRNA,FLUOROURACIL,DB00544,3385,54,7,54_7,1
hsa-mir-125a-3p,miRNA,OXALIPLATIN,DB00526,6857599,54,204,54_204,1
hsa-mir-125a-3p,miRNA,CISPLATIN,DB00515,5460033,54,103,54_103,1
hsa-mir-125a-5p,miRNA,DOXORUBICIN,DB00997,31703,55,89,55_89,1
hsa-mir-125a-5p,miRNA,PACLITAXEL,DB01229,36314,55,67,55_67,1
hsa-mir-125a-5p,miRNA,GEMCITABINE,DB00441,60750,55,55,55_55,1
hsa-mir-125a-5p,miRNA,DOCETAXEL,DB01248,148124,55,3,55_3,1
hsa-mir-125a-5p,miRNA,TAMOXIFEN,DB00675,2733525,55,123,55_123,1
hsa-mir-125a-5p,miRNA,CISPLATIN,DB00515,5460033,55,103,55_103,1
hsa-mir-125a-5p,miRNA,VINCRISTINE,DB00541,5978,55,177,55_177,1
hsa-mir-125a-5p,miRNA,IMATINIB,DB00619,5291,55,41,55_41,1
hsa-mir-125a-5p,miRNA,FLUOROURACIL,DB00544,3385,55,7,55_7,1
hsa-mir-125a-5p,miRNA,PLATINUM,DB12257,23939,55,188,55_188,1
hsa-mir-125a-5p,miRNA,AZACITIDINE,DB00928,9444,55,179,55_179,1
hsa-mir-125a-5p,miRNA,VEMURAFENIB,DB08881,42611257,55,148,55_148,1
hsa-mir-125a-5p,miRNA,DAUNORUBICIN,DB00694,30323,55,88,55_88,1
hsa-mir-125a-5p,miRNA,BROMOCRIPTINE,DB01200,31101,55,86,55_86,1
hsa-mir-125a-5p,miRNA,UBENIMEX,DB03424,72172,55,0,55_0,1
hsa-mir-125a-5p,miRNA,SORAFENIB,DB00398,216239,55,74,55_74,1
hsa-mir-125b-5p,miRNA,DOXORUBICIN,DB00997,31703,56,89,56_89,1
hsa-mir-125b-5p,miRNA,PACLITAXEL,DB01229,36314,56,67,56_67,1
hsa-mir-125b-5p,miRNA,DAUNORUBICIN,DB00694,30323,56,88,56_88,1
hsa-mir-125b-5p,miRNA,PREDNISOLONE,DB00860,5755,56,44,56_44,1
hsa-mir-125b-5p,miRNA,VINCRISTINE,DB00541,5978,56,177,56_177,1
hsa-mir-125b-5p,miRNA,CISPLATIN,DB00515,5460033,56,103,56_103,1
hsa-mir-125b-5p,miRNA,TEMOZOLOMIDE,DB00853,5394,56,174,56_174,1
hsa-mir-125b-5p,miRNA,TRETINOIN,DB00755,5538,56,175,56_175,1
hsa-mir-125b-5p,miRNA,TAMOXIFEN,DB00675,2733525,56,123,56_123,1
hsa-mir-125b-5p,miRNA,FLUOROURACIL,DB00544,3385,56,7,56_7,1
hsa-mir-125b-5p,miRNA,CYCLOPAMINE,,442972,56,102,56_102,1
hsa-mir-125b-5p,miRNA,GEMCITABINE,DB00441,60750,56,55,56_55,1
hsa-mir-125b-5p,miRNA,ETOPOSIDE,DB00773,36462,56,68,56_68,1
hsa-mir-125b-5p,miRNA,MAFOSFAMIDE,DB12083,76968809,56,165,56_165,1
hsa-mir-125b-5p,miRNA,BORTEZOMIB,DB00188,387447,56,17,56_17,1
hsa-mir-125b-5p,miRNA,DEXAMETHASONE,DB01234,5743,56,43,56_43,1
hsa-mir-125b-5p,miRNA,OXALIPLATIN,DB00526,6857599,56,204,56_204,1
hsa-mir-125b-5p,miRNA,GEFITINIB,DB00317,123631,56,84,56_84,1
hsa-mir-125b-5p,miRNA,DOCETAXEL,DB01248,148124,56,3,56_3,1
hsa-mir-125b-5p,miRNA,PLATINUM,DB12257,23939,56,188,56_188,1
hsa-mir-125b-5p,miRNA,VEMURAFENIB,DB08881,42611257,56,148,56_148,1
hsa-mir-125b-5p,miRNA,SORAFENIB,DB00398,216239,56,74,56_74,1
hsa-mir-125b-5p,miRNA,CALCITRIOL,DB00136,5280453,56,107,56_107,1
hsa-mir-125b-5p,miRNA,TACALCITOL,DB13689,5283734,56,196,56_196,1
hsa-mir-125b-5p,miRNA,BROMOCRIPTINE,DB01200,31101,56,86,56_86,1
hsa-mir-125b-5p,miRNA,SUNITINIB,DB01268,5329102,56,94,56_94,1
hsa-mir-125b-5p,miRNA,TRAMETINIB,DB08911,11707110,56,101,56_101,1
hsa-mir-125b-5p,miRNA,DABRAFENIB,DB08912,44462760,56,142,56_142,1
hsa-mir-125b-5p,miRNA,IMATINIB,DB00619,5291,56,41,56_41,1
hsa-mir-126-3p,miRNA,PACLITAXEL,DB01229,36314,57,67,57_67,1
hsa-mir-126-3p,miRNA,CISPLATIN,DB00515,5460033,57,103,57_103,1
hsa-mir-126-3p,miRNA,DOXORUBICIN,DB00997,31703,57,89,57_89,1
hsa-mir-126-3p,miRNA,DAUNORUBICIN,DB00694,30323,57,88,57_88,1
hsa-mir-126-3p,miRNA,PREDNISOLONE,DB00860,5755,57,44,57_44,1
hsa-mir-126-3p,miRNA,VINCRISTINE,DB00541,5978,57,177,57_177,1
hsa-mir-126-3p,miRNA,10-HYDROXYCAMPTOTHECIN,DB12385,97226,57,205,57_205,1
hsa-mir-126-3p,miRNA,DOCETAXEL,DB01248,148124,57,3,57_3,1
hsa-mir-126-3p,miRNA,TAMOXIFEN,DB00675,2733525,57,123,57_123,1
hsa-mir-126-3p,miRNA,CYCLOPAMINE,,442972,57,102,57_102,1
hsa-mir-126-3p,miRNA,OXALIPLATIN,DB00526,6857599,57,204,57_204,1
hsa-mir-126-3p,miRNA,BLEOMYCIN,DB00290,5360373,57,53,57_53,1
hsa-mir-126-3p,miRNA,GEFITINIB,DB00317,123631,57,84,57_84,1
hsa-mir-126-3p,miRNA,EPIGALLOCATECHIN GALLATE,DB12116,65064,57,59,57_59,1
hsa-mir-126-3p,miRNA,GEMCITABINE,DB00441,60750,57,55,57_55,1
hsa-mir-126-3p,miRNA,CYTARABINE,DB00987,6253,57,35,57_35,1
hsa-mir-126-3p,miRNA,PLATINUM,DB12257,23939,57,188,57_188,1
hsa-mir-126-3p,miRNA,SORAFENIB,DB00398,216239,57,74,57_74,1
hsa-mir-126-3p,miRNA,AZACITIDINE,DB00928,9444,57,179,57_179,1
hsa-mir-126-3p,miRNA,FLUOROURACIL,DB00544,3385,57,7,57_7,1
hsa-mir-126-3p,miRNA,DABRAFENIB,DB08912,44462760,57,142,57_142,1
hsa-mir-126-3p,miRNA,VEMURAFENIB,DB08881,42611257,57,148,57_148,1
hsa-mir-126-3p,miRNA,ALPELISIB,DB12015,56649450,57,162,57_162,1
hsa-mir-126-3p,miRNA,RIBOCICLIB,DB11730,44631912,57,152,57_152,1
hsa-mir-126-3p,miRNA,GSK1070916,,46885626,57,158,57_158,1
hsa-mir-126-3p,miRNA,LORLATINIB,DB12130,71731823,57,167,57_167,1
hsa-mir-126-3p,miRNA,TEMOZOLOMIDE,DB00853,5394,57,174,57_174,1
hsa-mir-126-3p,miRNA,TRAMETINIB,DB08911,11707110,57,101,57_101,1
hsa-mir-126-3p,miRNA,ETOPOSIDE,DB00773,36462,57,68,57_68,1
hsa-mir-126-3p,miRNA,VINORELBINE,DB00361,44424639,57,150,57_150,1
hsa-mir-1260a,miRNA,CERITINIB,DB09063,57379345,58,160,58_160,1
hsa-mir-1260a,miRNA,FLUOROURACIL,DB00544,3385,58,7,58_7,1
hsa-mir-1260a,miRNA,GEMCITABINE,DB00441,60750,58,55,58_55,1
hsa-mir-1260a,miRNA,SORAFENIB,DB00398,216239,58,74,58_74,1
hsa-mir-1260a,miRNA,PLATINUM,DB12257,23939,58,188,58_188,1
hsa-mir-1260a,miRNA,CISPLATIN,DB00515,5460033,58,103,58_103,1
hsa-mir-1260a,miRNA,FULVESTRANT,DB00947,17756771,58,134,58_134,1
hsa-mir-1260a,miRNA,TAMOXIFEN,DB00675,2733525,58,123,58_123,1
hsa-mir-1260a,miRNA,AZACITIDINE,DB00928,9444,58,179,58_179,1
hsa-mir-1260a,miRNA,PACLITAXEL,DB01229,36314,58,67,58_67,1
hsa-mir-1260a,miRNA,VINORELBINE,DB00361,44424639,58,150,58_150,1
hsa-mir-1260a,miRNA,DOXORUBICIN,DB00997,31703,58,89,58_89,1
hsa-mir-1260a,miRNA,ETOPOSIDE,DB00773,36462,58,68,58_68,1
hsa-mir-1260a,miRNA,VINCRISTINE,DB00541,5978,58,177,58_177,1
hsa-mir-1261,miRNA,GEMCITABINE,DB00441,60750,59,55,59_55,1
hsa-mir-1262,miRNA,GEFITINIB,DB00317,123631,60,84,60_84,1
hsa-mir-1266-5p,miRNA,CERITINIB,DB09063,57379345,62,160,62_160,1
hsa-mir-1266-5p,miRNA,DABRAFENIB,DB08912,44462760,62,142,62_142,1
hsa-mir-1266-5p,miRNA,GEMCITABINE,DB00441,60750,62,55,62_55,1
hsa-mir-1268a,miRNA,OXALIPLATIN,DB00526,6857599,63,204,63_204,1
hsa-mir-1268a,miRNA,PACLITAXEL,DB01229,36314,63,67,63_67,1
hsa-mir-1268a,miRNA,GEMCITABINE,DB00441,60750,63,55,63_55,1
hsa-mir-1268a,miRNA,FLUOROURACIL,DB00544,3385,63,7,63_7,1
hsa-mir-1268a,miRNA,IMATINIB,DB00619,5291,63,41,63_41,1
hsa-mir-1268a,miRNA,CISPLATIN,DB00515,5460033,63,103,63_103,1
hsa-mir-1268a,miRNA,PLATINUM,DB12257,23939,63,188,63_188,1
hsa-mir-1268a,miRNA,DOCETAXEL,DB01248,148124,63,3,63_3,1
hsa-mir-1268a,miRNA,VINORELBINE,DB00361,44424639,63,150,63_150,1
hsa-mir-1268a,miRNA,TEMOZOLOMIDE,DB00853,5394,63,174,63_174,1
hsa-mir-1268a,miRNA,TRAMETINIB,DB08911,11707110,63,101,63_101,1
hsa-mir-1268a,miRNA,VEMURAFENIB,DB08881,42611257,63,148,63_148,1
hsa-mir-1268a,miRNA,DOXORUBICIN,DB00997,31703,63,89,63_89,1
hsa-mir-1268a,miRNA,ETOPOSIDE,DB00773,36462,63,68,63_68,1
hsa-mir-1268a,miRNA,VINCRISTINE,DB00541,5978,63,177,63_177,1
hsa-mir-1269a,miRNA,DOXORUBICIN,DB00997,31703,64,89,64_89,1
hsa-mir-1269a,miRNA,VEMURAFENIB,DB08881,42611257,64,148,64_148,1
hsa-mir-1269a,miRNA,DABRAFENIB,DB08912,44462760,64,142,64_142,1
hsa-mir-1269a,miRNA,IMATINIB,DB00619,5291,64,41,64_41,1
hsa-mir-1269a,miRNA,SUNITINIB,DB01268,5329102,64,94,64_94,1
hsa-mir-1269a,miRNA,CISPLATIN,DB00515,5460033,64,103,64_103,1
hsa-mir-127-3p,miRNA,DOXORUBICIN,DB00997,31703,67,89,67_89,1
hsa-mir-127-3p,miRNA,CISPLATIN,DB00515,5460033,67,103,67_103,1
hsa-mir-127-3p,miRNA,OXALIPLATIN,DB00526,6857599,67,204,67_204,1
hsa-mir-127-3p,miRNA,PACLITAXEL,DB01229,36314,67,67,67_67,1
hsa-mir-127-3p,miRNA,GEFITINIB,DB00317,123631,67,84,67_84,1
hsa-mir-127-3p,miRNA,PLATINUM,DB12257,23939,67,188,67_188,1
hsa-mir-127-3p,miRNA,VEMURAFENIB,DB08881,42611257,67,148,67_148,1
hsa-mir-127-3p,miRNA,DABRAFENIB,DB08912,44462760,67,142,67_142,1
hsa-mir-127-3p,miRNA,CRIZOTINIB,DB08865,11626560,67,197,67_197,1
hsa-mir-127-3p,miRNA,FULVESTRANT,DB00947,17756771,67,134,67_134,1
hsa-mir-127-3p,miRNA,RUXOLITINIB,DB08877,25126798,67,144,67_144,1
hsa-mir-127-5p,miRNA,CISPLATIN,DB00515,5460033,69,103,69_103,1
hsa-mir-1271-5p,miRNA,CISPLATIN,DB00515,5460033,65,103,65_103,1
hsa-mir-1271-5p,miRNA,TAMOXIFEN,DB00675,2733525,65,123,65_123,1
hsa-mir-1271-5p,miRNA,CERITINIB,DB09063,57379345,65,160,65_160,1
hsa-mir-1271-5p,miRNA,PANOBINOSTAT,DB06603,6918837,65,129,65_129,1
hsa-mir-1271-5p,miRNA,TEMOZOLOMIDE,DB00853,5394,65,174,65_174,1
hsa-mir-1271-5p,miRNA,TOPOTECAN,DB01030,60699,65,50,65_50,1
hsa-mir-1271-5p,miRNA,PACLITAXEL,DB01229,36314,65,67,65_67,1
hsa-mir-1271-5p,miRNA,DOCETAXEL,DB01248,148124,65,3,65_3,1
hsa-mir-1272,miRNA,CISPLATIN,DB00515,5460033,66,103,66_103,1
hsa-mir-1275,miRNA,OXALIPLATIN,DB00526,6857599,68,204,68_204,1
hsa-mir-1275,miRNA,GEMCITABINE,DB00441,60750,68,55,68_55,1
hsa-mir-1275,miRNA,CISPLATIN,DB00515,5460033,68,103,68_103,1
hsa-mir-1275,miRNA,PACLITAXEL,DB01229,36314,68,67,68_67,1
hsa-mir-1275,miRNA,FLUOROURACIL,DB00544,3385,68,7,68_7,1
hsa-mir-1275,miRNA,PLATINUM,DB12257,23939,68,188,68_188,1
hsa-mir-1275,miRNA,IMATINIB,DB00619,5291,68,41,68_41,1
hsa-mir-1275,miRNA,FULVESTRANT,DB00947,17756771,68,134,68_134,1
hsa-mir-1276,miRNA,FULVESTRANT,DB00947,17756771,70,134,70_134,1
hsa-mir-1277-3p,miRNA,DOXORUBICIN,DB00997,31703,71,89,71_89,1
hsa-mir-1277-3p,miRNA,PACLITAXEL,DB01229,36314,71,67,71_67,1
hsa-mir-1277-3p,miRNA,PONATINIB,DB08901,24826799,71,140,71_140,1
hsa-mir-1277-3p,miRNA,IMATINIB,DB00619,5291,71,41,71_41,1
hsa-mir-1278,miRNA,TRAMETINIB,DB08911,11707110,72,101,72_101,1
hsa-mir-1278,miRNA,VEMURAFENIB,DB08881,42611257,72,148,72_148,1
hsa-mir-1278,miRNA,CISPLATIN,DB00515,5460033,72,103,72_103,1
hsa-mir-1279,miRNA,TRAMETINIB,DB08911,11707110,73,101,73_101,1
hsa-mir-1279,miRNA,VEMURAFENIB,DB08881,42611257,73,148,73_148,1
hsa-mir-128-3p,miRNA,PACLITAXEL,DB01229,36314,74,67,74_67,1
hsa-mir-128-3p,miRNA,DOXORUBICIN,DB00997,31703,74,89,74_89,1
hsa-mir-128-3p,miRNA,VERAPAMIL,DB00661,2520,74,21,74_21,1
hsa-mir-128-3p,miRNA,ANASTROZOLE,DB01217,2187,74,14,74_14,1
hsa-mir-128-3p,miRNA,EXEMESTANE,DB00990,60198,74,52,74_52,1
hsa-mir-128-3p,miRNA,LETROZOLE,DB01006,3902,74,29,74_29,1
hsa-mir-128-3p,miRNA,TAMOXIFEN,DB00675,2733525,74,123,74_123,1
hsa-mir-128-3p,miRNA,IMATINIB,DB00619,5291,74,41,74_41,1
hsa-mir-128-3p,miRNA,ETOPOSIDE,DB00773,36462,74,68,74_68,1
hsa-mir-128-3p,miRNA,OXALIPLATIN,DB00526,6857599,74,204,74_204,1
hsa-mir-128-3p,miRNA,TEMOZOLOMIDE,DB00853,5394,74,174,74_174,1
hsa-mir-128-3p,miRNA,CISPLATIN,DB00515,5460033,74,103,74_103,1
hsa-mir-128-3p,miRNA,PLX-4720,DB06999,24180719,74,146,74_146,1
hsa-mir-128-3p,miRNA,PLATINUM,DB12257,23939,74,188,74_188,1
hsa-mir-128-3p,miRNA,GEMCITABINE,DB00441,60750,74,55,74_55,1
hsa-mir-128-3p,miRNA,FLUOROURACIL,DB00544,3385,74,7,74_7,1
hsa-mir-128-3p,miRNA,AZACITIDINE,DB00928,9444,74,179,74_179,1
hsa-mir-128-3p,miRNA,SORAFENIB,DB00398,216239,74,74,74_74,1
hsa-mir-128-3p,miRNA,GEFITINIB,DB00317,123631,74,84,74_84,1
hsa-mir-1281,miRNA,TAMOXIFEN,DB00675,2733525,75,123,75_123,1
hsa-mir-1281,miRNA,OXALIPLATIN,DB00526,6857599,75,204,75_204,1
hsa-mir-1281,miRNA,CURCUMIN,DB11672,969516,75,137,75_137,1
hsa-mir-1281,miRNA,DOXORUBICIN,DB00997,31703,75,89,75_89,1
hsa-mir-1281,miRNA,CISPLATIN,DB00515,5460033,75,103,75_103,1
hsa-mir-1283,miRNA,CISPLATIN,DB00515,5460033,77,103,77_103,1
hsa-mir-1284,miRNA,CERITINIB,DB09063,57379345,78,160,78_160,1
hsa-mir-1284,miRNA,SORAFENIB,DB00398,216239,78,74,78_74,1
hsa-mir-1284,miRNA,VINCRISTINE,DB00541,5978,78,177,78_177,1
hsa-mir-1284,miRNA,CISPLATIN,DB00515,5460033,78,103,78_103,1
hsa-mir-1285-3p,miRNA,OXALIPLATIN,DB00526,6857599,79,204,79_204,1
hsa-mir-1285-3p,miRNA,FLUOROURACIL,DB00544,3385,79,7,79_7,1
hsa-mir-1285-3p,miRNA,GEMCITABINE,DB00441,60750,79,55,79_55,1
hsa-mir-1285-3p,miRNA,IMATINIB,DB00619,5291,79,41,79_41,1
hsa-mir-1285-3p,miRNA,PALBOCICLIB,DB09073,5330286,79,95,79_95,1
hsa-mir-1285-3p,miRNA,PLATINUM,DB12257,23939,79,188,79_188,1
hsa-mir-1285-3p,miRNA,PACLITAXEL,DB01229,36314,79,67,79_67,1
hsa-mir-1287-5p,miRNA,OXALIPLATIN,DB00526,6857599,81,204,81_204,1
hsa-mir-1287-5p,miRNA,PACLITAXEL,DB01229,36314,81,67,81_67,1
hsa-mir-1287-5p,miRNA,GEMCITABINE,DB00441,60750,81,55,81_55,1
hsa-mir-1287-5p,miRNA,PLX-4720,DB06999,24180719,81,146,81_146,1
hsa-mir-1287-5p,miRNA,MITOXANTRONE,DB01204,4212,81,22,81_22,1
hsa-mir-1287-5p,miRNA,DABRAFENIB,DB08912,44462760,81,142,81_142,1
hsa-mir-1287-5p,miRNA,VEMURAFENIB,DB08881,42611257,81,148,81_148,1
hsa-mir-1287-5p,miRNA,GEFITINIB,DB00317,123631,81,84,81_84,1
hsa-mir-1287-5p,miRNA,YUANHUADINE,,6440572,81,61,81_61,1
hsa-mir-1288-3p,miRNA,FLUOROURACIL,DB00544,3385,82,7,82_7,1
hsa-mir-1288-3p,miRNA,GEMCITABINE,DB00441,60750,82,55,82_55,1
hsa-mir-1288-3p,miRNA,PLATINUM,DB12257,23939,82,188,82_188,1
hsa-mir-1288-3p,miRNA,SORAFENIB,DB00398,216239,82,74,82_74,1
hsa-mir-1288-3p,miRNA,IMATINIB,DB00619,5291,82,41,82_41,1
hsa-mir-1288-3p,miRNA,CERITINIB,DB09063,57379345,82,160,82_160,1
hsa-mir-1288-3p,miRNA,CISPLATIN,DB00515,5460033,82,103,82_103,1
hsa-mir-1289,miRNA,TRAMETINIB,DB08911,11707110,83,101,83_101,1
hsa-mir-1289,miRNA,VEMURAFENIB,DB08881,42611257,83,148,83_148,1
hsa-mir-129-2-3p,miRNA,DOCETAXEL,DB01248,148124,88,3,88_3,1
hsa-mir-129-2-3p,miRNA,CERITINIB,DB09063,57379345,88,160,88_160,1
hsa-mir-129-2-3p,miRNA,PACLITAXEL,DB01229,36314,88,67,88_67,1
hsa-mir-129-2-3p,miRNA,CISPLATIN,DB00515,5460033,88,103,88_103,1
hsa-mir-129-5p,miRNA,DOCETAXEL,DB01248,148124,90,3,90_3,1
hsa-mir-129-5p,miRNA,ETOPOSIDE,DB00773,36462,90,68,90_68,1
hsa-mir-129-5p,miRNA,CISPLATIN,DB00515,5460033,90,103,90_103,1
hsa-mir-129-5p,miRNA,VINCRISTINE,DB00541,5978,90,177,90_177,1
hsa-mir-129-5p,miRNA,DOXORUBICIN,DB00997,31703,90,89,90_89,1
hsa-mir-129-5p,miRNA,FLUOROURACIL,DB00544,3385,90,7,90_7,1
hsa-mir-129-5p,miRNA,PACLITAXEL,DB01229,36314,90,67,90_67,2
hsa-mir-129-5p,miRNA,PREDNISONE,DB00635,5865,90,34,90_34,1
hsa-mir-129-5p,miRNA,BORTEZOMIB,DB00188,387447,90,17,90_17,1
hsa-mir-129-5p,miRNA,DECITABINE,DB01262,451668,90,91,90_91,1
hsa-mir-129-5p,miRNA,GEMCITABINE,DB00441,60750,90,55,90_55,1
hsa-mir-129-5p,miRNA,CYCLOPHOSPHAMIDE,DB00531,2907,90,16,90_16,1
hsa-mir-129-5p,miRNA,OXALIPLATIN,DB00526,6857599,90,204,90_204,1
hsa-mir-129-5p,miRNA,TAXOL,DB01229,36314,90,67,90_67,2
hsa-mir-129-5p,miRNA,APATINIB,,11315474,90,112,90_112,1
hsa-mir-129-5p,miRNA,VORINOSTAT,DB02546,5311,90,42,90_42,1
hsa-mir-129-5p,miRNA,VEMURAFENIB,DB08881,42611257,90,148,90_148,1
hsa-mir-129-5p,miRNA,TEMOZOLOMIDE,DB00853,5394,90,174,90_174,1
hsa-mir-129-5p,miRNA,SORAFENIB,DB00398,216239,90,74,90_74,1
hsa-mir-129-5p,miRNA,OSIMERTINIB,DB09330,71496458,90,161,90_161,1
hsa-mir-1290,miRNA,CISPLATIN,DB00515,5460033,84,103,84_103,1
hsa-mir-1290,miRNA,GEMCITABINE,DB00441,60750,84,55,84_55,1
hsa-mir-1290,miRNA,OXALIPLATIN,DB00526,6857599,84,204,84_204,1
hsa-mir-1290,miRNA,PACLITAXEL,DB01229,36314,84,67,84_67,1
hsa-mir-1290,miRNA,FLUOROURACIL,DB00544,3385,84,7,84_7,1
hsa-mir-1290,miRNA,EPIRUBICIN,DB00445,41867,84,73,84_73,1
hsa-mir-1290,miRNA,BORTEZOMIB,DB00188,387447,84,17,84_17,1
hsa-mir-1290,miRNA,SORAFENIB,DB00398,216239,84,74,84_74,1
hsa-mir-1290,miRNA,PLATINUM,DB12257,23939,84,188,84_188,1
hsa-mir-1290,miRNA,DOXORUBICIN,DB00997,31703,84,89,84_89,1
hsa-mir-1290,miRNA,FULVESTRANT,DB00947,17756771,84,134,84_134,1
hsa-mir-1290,miRNA,SEVOFLURANE,DB01236,5206,84,173,84_173,1
hsa-mir-1291,miRNA,DOXORUBICIN,DB00997,31703,85,89,85_89,1
hsa-mir-1291,miRNA,PACLITAXEL,DB01229,36314,85,67,85_67,1
hsa-mir-1291,miRNA,SORAFENIB,DB00398,216239,85,74,85_74,1
hsa-mir-1291,miRNA,PLX-4720,DB06999,24180719,85,146,85_146,1
hsa-mir-1291,miRNA,FLUOROURACIL,DB00544,3385,85,7,85_7,1
hsa-mir-1292-5p,miRNA,OXALIPLATIN,DB00526,6857599,86,204,86_204,1
hsa-mir-1292-5p,miRNA,FLUOROURACIL,DB00544,3385,86,7,86_7,1
hsa-mir-1292-5p,miRNA,FULVESTRANT,DB00947,17756771,86,134,86_134,1
hsa-mir-1292-5p,miRNA,CERITINIB,DB09063,57379345,86,160,86_160,1
hsa-mir-1292-5p,miRNA,CISPLATIN,DB00515,5460033,86,103,86_103,1
hsa-mir-1293,miRNA,CERITINIB,DB09063,57379345,87,160,87_160,1
hsa-mir-1293,miRNA,DOXORUBICIN,DB00997,31703,87,89,87_89,1
hsa-mir-1293,miRNA,OXALIPLATIN,DB00526,6857599,87,204,87_204,1
hsa-mir-1293,miRNA,PLX-4720,DB06999,24180719,87,146,87_146,1
hsa-mir-1293,miRNA,IMATINIB,DB00619,5291,87,41,87_41,1
hsa-mir-1293,miRNA,CISPLATIN,DB00515,5460033,87,103,87_103,1
hsa-mir-1293,miRNA,TRAMETINIB,DB08911,11707110,87,101,87_101,1
hsa-mir-1293,miRNA,VEMURAFENIB,DB08881,42611257,87,148,87_148,1
hsa-mir-1294,miRNA,CISPLATIN,DB00515,5460033,89,103,89_103,1
hsa-mir-1294,miRNA,ARSENIC TRIOXIDE,DB01169,261004,89,32,89_32,1
hsa-mir-1294,miRNA,TEMOZOLOMIDE,DB00853,5394,89,174,89_174,1
hsa-mir-1296-5p,miRNA,PACLITAXEL,DB01229,36314,91,67,91_67,1
hsa-mir-1296-5p,miRNA,CISPLATIN,DB00515,5460033,91,103,91_103,1
hsa-mir-1296-5p,miRNA,FLUOROURACIL,DB00544,3385,91,7,91_7,1
hsa-mir-1296-5p,miRNA,TAMOXIFEN,DB00675,2733525,91,123,91_123,1
hsa-mir-1296-5p,miRNA,FULVESTRANT,DB00947,17756771,91,134,91_134,1
hsa-mir-1296-5p,miRNA,GEMCITABINE,DB00441,60750,91,55,91_55,1
hsa-mir-1297,miRNA,OXALIPLATIN,DB00526,6857599,92,204,92_204,1
hsa-mir-1297,miRNA,CISPLATIN,DB00515,5460033,92,103,92_103,1
hsa-mir-1298-5p,miRNA,CISPLATIN,DB00515,5460033,93,103,93_103,1
hsa-mir-1299,miRNA,CISPLATIN,DB00515,5460033,94,103,94_103,1
hsa-mir-1299,miRNA,OXALIPLATIN,DB00526,6857599,94,204,94_204,1
hsa-mir-1299,miRNA,DOXORUBICIN,DB00997,31703,94,89,94_89,1
hsa-mir-1299,miRNA,IMATINIB,DB00619,5291,94,41,94_41,1
hsa-mir-1299,miRNA,BROMOCRIPTINE,DB01200,31101,94,86,94_86,1
hsa-mir-1301-3p,miRNA,OXALIPLATIN,DB00526,6857599,95,204,95_204,1
hsa-mir-1301-3p,miRNA,GEMCITABINE,DB00441,60750,95,55,95_55,1
hsa-mir-1301-3p,miRNA,PLX-4720,DB06999,24180719,95,146,95_146,1
hsa-mir-1301-3p,miRNA,IMATINIB,DB00619,5291,95,41,95_41,1
hsa-mir-1301-3p,miRNA,CISPLATIN,DB00515,5460033,95,103,95_103,1
hsa-mir-1301-3p,miRNA,DABRAFENIB,DB08912,44462760,95,142,95_142,1
hsa-mir-1301-3p,miRNA,VEMURAFENIB,DB08881,42611257,95,148,95_148,1
hsa-mir-1301-3p,miRNA,FLUOROURACIL,DB00544,3385,95,7,95_7,1
hsa-mir-1301-3p,miRNA,TRAMETINIB,DB08911,11707110,95,101,95_101,1
hsa-mir-1301-3p,miRNA,EPIRUBICIN,DB00445,41867,95,73,95_73,1
hsa-mir-1302,miRNA,TRAMETINIB,DB08911,11707110,96,101,96_101,1
hsa-mir-1302,miRNA,VEMURAFENIB,DB08881,42611257,96,148,96_148,1
hsa-mir-1303,miRNA,OXALIPLATIN,DB00526,6857599,97,204,97_204,1
hsa-mir-1303,miRNA,IMATINIB,DB00619,5291,97,41,97_41,1
hsa-mir-1303,miRNA,FULVESTRANT,DB00947,17756771,97,134,97_134,1
hsa-mir-1303,miRNA,ETOPOSIDE,DB00773,36462,97,68,97_68,1
hsa-mir-1303,miRNA,DOXORUBICIN,DB00997,31703,97,89,97_89,1
hsa-mir-1303,miRNA,VINORELBINE,DB00361,44424639,97,150,97_150,1
hsa-mir-1303,miRNA,VINCRISTINE,DB00541,5978,97,177,97_177,1
hsa-mir-1303,miRNA,PACLITAXEL,DB01229,36314,97,67,97_67,1
hsa-mir-1305,miRNA,CERITINIB,DB09063,57379345,98,160,98_160,1
hsa-mir-1305,miRNA,PLATINUM,DB12257,23939,98,188,98_188,1
hsa-mir-1305,miRNA,SUNITINIB,DB01268,5329102,98,94,98_94,1
hsa-mir-1306-3p,miRNA,OXALIPLATIN,DB00526,6857599,99,204,99_204,1
hsa-mir-1306-3p,miRNA,CISPLATIN,DB00515,5460033,99,103,99_103,1
hsa-mir-1307-3p,miRNA,FLUOROURACIL,DB00544,3385,100,7,100_7,1
hsa-mir-1307-3p,miRNA,GEMCITABINE,DB00441,60750,100,55,100_55,1
hsa-mir-1307-3p,miRNA,TAMOXIFEN,DB00675,2733525,100,123,100_123,1
hsa-mir-1307-3p,miRNA,CISPLATIN,DB00515,5460033,100,103,100_103,1
hsa-mir-1307-3p,miRNA,PACLITAXEL,DB01229,36314,100,67,100_67,1
hsa-mir-1307-3p,miRNA,CAPECITABINE,DB01101,60953,100,48,100_48,1
hsa-mir-1307-3p,miRNA,BROMOCRIPTINE,DB01200,31101,100,86,100_86,1
hsa-mir-1307-3p,miRNA,ERLOTINIB,DB00530,176870,100,85,100_85,1
hsa-mir-1307-3p,miRNA,DABRAFENIB,DB08912,44462760,100,142,100_142,1
hsa-mir-130a-3p,miRNA,DOXORUBICIN,DB00997,31703,101,89,101_89,1
hsa-mir-130a-3p,miRNA,PACLITAXEL,DB01229,36314,101,67,101_67,1
hsa-mir-130a-3p,miRNA,SORAFENIB,DB00398,216239,101,74,101_74,1
hsa-mir-130a-3p,miRNA,DOCETAXEL,DB01248,148124,101,3,101_3,1
hsa-mir-130a-3p,miRNA,CISPLATIN,DB00515,5460033,101,103,101_103,1
hsa-mir-130a-3p,miRNA,GEMCITABINE,DB00441,60750,101,55,101_55,1
hsa-mir-130a-3p,miRNA,OXALIPLATIN,DB00526,6857599,101,204,101_204,1
hsa-mir-130a-3p,miRNA,GEFITINIB,DB00317,123631,101,84,101_84,1
hsa-mir-130a-3p,miRNA,FLUOROURACIL,DB00544,3385,101,7,101_7,1
hsa-mir-130a-3p,miRNA,TAXANE,,9548828,101,124,101_124,1
hsa-mir-130a-3p,miRNA,IMATINIB,DB00619,5291,101,41,101_41,1
hsa-mir-130a-3p,miRNA,PLATINUM,DB12257,23939,101,188,101_188,1
hsa-mir-130a-3p,miRNA,TEMOZOLOMIDE,DB00853,5394,101,174,101_174,1
hsa-mir-130a-3p,miRNA,DABRAFENIB,DB08912,44462760,101,142,101_142,1
hsa-mir-130a-3p,miRNA,VEMURAFENIB,DB08881,42611257,101,148,101_148,1
hsa-mir-130a-3p,miRNA,TRAMETINIB,DB08911,11707110,101,101,101_101,1
hsa-mir-130a-3p,miRNA,MITOMYCIN C,DB00305,5746,101,176,101_176,1
hsa-mir-130a-3p,miRNA,METHOTREXATE,DB00563,126941,101,81,101_81,1
hsa-mir-130a-3p,miRNA,EPIRUBICIN,DB00445,41867,101,73,101_73,1
hsa-mir-130a-3p,miRNA,BORTEZOMIB,DB00188,387447,101,17,101_17,1
hsa-mir-130a-3p,miRNA,VINCRISTINE,DB00541,5978,101,177,101_177,1
hsa-mir-130b-3p,miRNA,PACLITAXEL,DB01229,36314,102,67,102_67,1
hsa-mir-130b-3p,miRNA,SORAFENIB,DB00398,216239,102,74,102_74,1
hsa-mir-130b-3p,miRNA,CISPLATIN,DB00515,5460033,102,103,102_103,1
hsa-mir-130b-3p,miRNA,FLUOROURACIL,DB00544,3385,102,7,102_7,1
hsa-mir-130b-3p,miRNA,GEMCITABINE,DB00441,60750,102,55,102_55,1
hsa-mir-130b-3p,miRNA,IMATINIB,DB00619,5291,102,41,102_41,1
hsa-mir-130b-3p,miRNA,PLATINUM,DB12257,23939,102,188,102_188,1
hsa-mir-130b-3p,miRNA,MITOXANTRONE,DB01204,4212,102,22,102_22,1
hsa-mir-130b-3p,miRNA,TAMOXIFEN,DB00675,2733525,102,123,102_123,1
hsa-mir-130b-3p,miRNA,DOXORUBICIN,DB00997,31703,102,89,102_89,1
hsa-mir-130b-3p,miRNA,TRAMETINIB,DB08911,11707110,102,101,102_101,1
hsa-mir-130b-3p,miRNA,VEMURAFENIB,DB08881,42611257,102,148,102_148,1
hsa-mir-130b-3p,miRNA,SUNITINIB,DB01268,5329102,102,94,102_94,1
hsa-mir-130b-3p,miRNA,OXALIPLATIN,DB00526,6857599,102,204,102_204,1
hsa-mir-130b-3p,miRNA,DEXAMETHASONE,DB01234,5743,102,43,102_43,1
hsa-mir-132-3p,miRNA,DOXORUBICIN,DB00997,31703,103,89,103_89,1
hsa-mir-132-3p,miRNA,VERAPAMIL,DB00661,2520,103,21,103_21,1
hsa-mir-132-3p,miRNA,CISPLATIN,DB00515,5460033,103,103,103_103,1
hsa-mir-132-3p,miRNA,TEMOZOLOMIDE,DB00853,5394,103,174,103_174,1
hsa-mir-132-3p,miRNA,IMATINIB,DB00619,5291,103,41,103_41,1
hsa-mir-132-3p,miRNA,10-HYDROXYCAMPTOTHECIN,DB12385,97226,103,205,103_205,1
hsa-mir-132-3p,miRNA,PAROXETINE,DB00715,43815,103,78,103_78,1
hsa-mir-132-3p,miRNA,PACLITAXEL,DB01229,36314,103,67,103_67,1
hsa-mir-132-3p,miRNA,FLUOROURACIL,DB00544,3385,103,7,103_7,1
hsa-mir-132-3p,miRNA,GEMCITABINE,DB00441,60750,103,55,103_55,1
hsa-mir-132-3p,miRNA,GEFITINIB,DB00317,123631,103,84,103_84,1
hsa-mir-132-3p,miRNA,PLX-4720,DB06999,24180719,103,146,103_146,1
hsa-mir-132-3p,miRNA,PLATINUM,DB12257,23939,103,188,103_188,1
hsa-mir-132-3p,miRNA,TAMOXIFEN,DB00675,2733525,103,123,103_123,1
hsa-mir-132-3p,miRNA,CERITINIB,DB09063,57379345,103,160,103_160,1
hsa-mir-132-3p,miRNA,PANOBINOSTAT,DB06603,6918837,103,129,103_129,1
hsa-mir-132-3p,miRNA,TRAMETINIB,DB08911,11707110,103,101,103_101,1
hsa-mir-132-3p,miRNA,VEMURAFENIB,DB08881,42611257,103,148,103_148,1
hsa-mir-132-3p,miRNA,SORAFENIB,DB00398,216239,103,74,103_74,1
hsa-mir-132-3p,miRNA,ETOPOSIDE,DB00773,36462,103,68,103_68,1
hsa-mir-1321,miRNA,OXALIPLATIN,DB00526,6857599,104,204,104_204,1
hsa-mir-1321,miRNA,CISPLATIN,DB00515,5460033,104,103,104_103,1
hsa-mir-1321,miRNA,IMATINIB,DB00619,5291,104,41,104_41,1
hsa-mir-1323,miRNA,OXALIPLATIN,DB00526,6857599,106,204,106_204,1
hsa-mir-1323,miRNA,DABRAFENIB,DB08912,44462760,106,142,106_142,1
hsa-mir-1323,miRNA,VEMURAFENIB,DB08881,42611257,106,148,106_148,1
hsa-mir-1323,miRNA,PONATINIB,DB08901,24826799,106,140,106_140,1
hsa-mir-1323,miRNA,IMATINIB,DB00619,5291,106,41,106_41,1
hsa-mir-1323,miRNA,GEMCITABINE,DB00441,60750,106,55,106_55,1
hsa-mir-133a-3p,miRNA,DOXORUBICIN,DB00997,31703,622,89,622_89,1
hsa-mir-133a-3p,miRNA,CISPLATIN,DB00515,5460033,622,103,622_103,1
hsa-mir-133a-3p,miRNA,PACLITAXEL,DB01229,36314,622,67,622_67,1
hsa-mir-133a-3p,miRNA,SUNITINIB,DB01268,5329102,622,94,622_94,1
hsa-mir-133a-3p,miRNA,FLUOROURACIL,DB00544,3385,622,7,622_7,1
hsa-mir-133a-3p,miRNA,GEMCITABINE,DB00441,60750,622,55,622_55,1
hsa-mir-133a-3p,miRNA,BROMOCRIPTINE,DB01200,31101,622,86,622_86,1
hsa-mir-133a-3p,miRNA,GEFITINIB,DB00317,123631,622,84,622_84,1
hsa-mir-133a-3p,miRNA,ETOPOSIDE,DB00773,36462,622,68,622_68,1
hsa-mir-133a-3p,miRNA,VINORELBINE,DB00361,44424639,622,150,622_150,1
hsa-mir-133a-3p,miRNA,VINCRISTINE,DB00541,5978,622,177,622_177,1
hsa-mir-133b,miRNA,SORAFENIB,DB00398,216239,107,74,107_74,1
hsa-mir-133b,miRNA,DOXORUBICIN,DB00997,31703,107,89,107_89,1
hsa-mir-133b,miRNA,CISPLATIN,DB00515,5460033,107,103,107_103,1
hsa-mir-133b,miRNA,GEFITINIB,DB00317,123631,107,84,107_84,1
hsa-mir-133b,miRNA,FLUOROURACIL,DB00544,3385,107,7,107_7,1
hsa-mir-133b,miRNA,VINCRISTINE,DB00541,5978,107,177,107_177,1
hsa-mir-133b,miRNA,PACLITAXEL,DB01229,36314,107,67,107_67,1
hsa-mir-133b,miRNA,GEMCITABINE,DB00441,60750,107,55,107_55,1
hsa-mir-133b,miRNA,DOCETAXEL,DB01248,148124,107,3,107_3,1
hsa-mir-133b,miRNA,ERLOTINIB,DB00530,176870,107,85,107_85,1
hsa-mir-133b,miRNA,OXALIPLATIN,DB00526,6857599,107,204,107_204,1
hsa-mir-134-5p,miRNA,DOXORUBICIN,DB00997,31703,108,89,108_89,1
hsa-mir-134-5p,miRNA,GEMCITABINE,DB00441,60750,108,55,108_55,1
hsa-mir-134-5p,miRNA,PACLITAXEL,DB01229,36314,108,67,108_67,1
hsa-mir-134-5p,miRNA,GEFITINIB,DB00317,123631,108,84,108_84,1
hsa-mir-134-5p,miRNA,IMATINIB,DB00619,5291,108,41,108_41,1
hsa-mir-134-5p,miRNA,CISPLATIN,DB00515,5460033,108,103,108_103,1
hsa-mir-134-5p,miRNA,PU-H71,,9549213,108,192,108_192,1
hsa-mir-134-5p,miRNA,TANESPIMYCIN,DB05134,5458730,108,115,108_115,1
hsa-mir-134-5p,miRNA,PLATINUM,DB12257,23939,108,188,108_188,1
hsa-mir-134-5p,miRNA,CERITINIB,DB09063,57379345,108,160,108_160,1
hsa-mir-134-5p,miRNA,FLUOROURACIL,DB00544,3385,108,7,108_7,1
hsa-mir-134-5p,miRNA,TRAMETINIB,DB08911,11707110,108,101,108_101,1
hsa-mir-134-5p,miRNA,VEMURAFENIB,DB08881,42611257,108,148,108_148,1
hsa-mir-134-5p,miRNA,BROMOCRIPTINE,DB01200,31101,108,86,108_86,1
hsa-mir-134-5p,miRNA,RUXOLITINIB,DB08877,25126798,108,144,108_144,1
hsa-mir-134-5p,miRNA,OSIMERTINIB,DB09330,71496458,108,161,108_161,1
hsa-mir-135a-5p,miRNA,DOXORUBICIN,DB00997,31703,109,89,109_89,1
hsa-mir-135a-5p,miRNA,VERAPAMIL,DB00661,2520,109,21,109_21,1
hsa-mir-135a-5p,miRNA,SORAFENIB,DB00398,216239,109,74,109_74,1
hsa-mir-135a-5p,miRNA,PACLITAXEL,DB01229,36314,109,67,109_67,1
hsa-mir-135a-5p,miRNA,CISPLATIN,DB00515,5460033,109,103,109_103,1
hsa-mir-135a-5p,miRNA,ETOPOSIDE,DB00773,36462,109,68,109_68,1
hsa-mir-135a-5p,miRNA,OXALIPLATIN,DB00526,6857599,109,204,109_204,1
hsa-mir-135a-5p,miRNA,DOCETAXEL,DB01248,148124,109,3,109_3,1
hsa-mir-135a-5p,miRNA,MITOXANTRONE,DB01204,4212,109,22,109_22,1
hsa-mir-135a-5p,miRNA,TAMOXIFEN,DB00675,2733525,109,123,109_123,1
hsa-mir-135a-5p,miRNA,GEMCITABINE,DB00441,60750,109,55,109_55,1
hsa-mir-135a-5p,miRNA,GEFITINIB,DB00317,123631,109,84,109_84,1
hsa-mir-135a-5p,miRNA,FLUOROURACIL,DB00544,3385,109,7,109_7,1
hsa-mir-135a-5p,miRNA,PLATINUM,DB12257,23939,109,188,109_188,1
hsa-mir-135a-5p,miRNA,BORTEZOMIB,DB00188,387447,109,17,109_17,1
hsa-mir-135b-5p,miRNA,DOXORUBICIN,DB00997,31703,110,89,110_89,1
hsa-mir-135b-5p,miRNA,VERAPAMIL,DB00661,2520,110,21,110_21,1
hsa-mir-135b-5p,miRNA,IMATINIB,DB00619,5291,110,41,110_41,1
hsa-mir-135b-5p,miRNA,CISPLATIN,DB00515,5460033,110,103,110_103,1
hsa-mir-135b-5p,miRNA,ERLOTINIB,DB00530,176870,110,85,110_85,1
hsa-mir-135b-5p,miRNA,"N-[(2R)-2,3-DIHYDROXYPROPOXY]-3,4-DIFLUORO-2-[(2-FLUORO-4-IODOPHENYL)AMINO]BENZAMIDE",,9826528,110,122,110_122,1
hsa-mir-135b-5p,miRNA,DOCETAXEL,DB01248,148124,110,3,110_3,1
hsa-mir-135b-5p,miRNA,TAXANE,,9548828,110,124,110_124,1
hsa-mir-135b-5p,miRNA,PACLITAXEL,DB01229,36314,110,67,110_67,1
hsa-mir-135b-5p,miRNA,MITOXANTRONE,DB01204,4212,110,22,110_22,1
hsa-mir-135b-5p,miRNA,TAMOXIFEN,DB00675,2733525,110,123,110_123,1
hsa-mir-135b-5p,miRNA,ETOPOSIDE,DB00773,36462,110,68,110_68,1
hsa-mir-135b-5p,miRNA,TENIPOSIDE,DB00444,452548,110,92,110_92,1
hsa-mir-135b-5p,miRNA,FLUOROURACIL,DB00544,3385,110,7,110_7,1
hsa-mir-135b-5p,miRNA,GEMCITABINE,DB00441,60750,110,55,110_55,1
hsa-mir-135b-5p,miRNA,CRIZOTINIB,DB08865,11626560,110,197,110_197,1
hsa-mir-135b-5p,miRNA,OXALIPLATIN,DB00526,6857599,110,204,110_204,1
hsa-mir-135b-5p,miRNA,PLATINUM,DB12257,23939,110,188,110_188,1
hsa-mir-135b-5p,miRNA,GEFITINIB,DB00317,123631,110,84,110_84,1
hsa-mir-136-5p,miRNA,SORAFENIB,DB00398,216239,111,74,111_74,1
hsa-mir-136-5p,miRNA,CISPLATIN,DB00515,5460033,111,103,111_103,1
hsa-mir-136-5p,miRNA,PACLITAXEL,DB01229,36314,111,67,111_67,1
hsa-mir-136-5p,miRNA,DOCETAXEL,DB01248,148124,111,3,111_3,1
hsa-mir-137-3p,miRNA,PACLITAXEL,DB01229,36314,112,67,112_67,1
hsa-mir-137-3p,miRNA,DOXORUBICIN,DB00997,31703,112,89,112_89,1
hsa-mir-137-3p,miRNA,VINCRISTINE,DB00541,5978,112,177,112_177,1
hsa-mir-137-3p,miRNA,CISPLATIN,DB00515,5460033,112,103,112_103,1
hsa-mir-137-3p,miRNA,DEXAMETHASONE,DB01234,5743,112,43,112_43,1
hsa-mir-137-3p,miRNA,BORTEZOMIB,DB00188,387447,112,17,112_17,1
hsa-mir-137-3p,miRNA,EPIRUBICIN,DB00445,41867,112,73,112_73,1
hsa-mir-137-3p,miRNA,OXALIPLATIN,DB00526,6857599,112,204,112_204,1
hsa-mir-137-3p,miRNA,SORAFENIB,DB00398,216239,112,74,112_74,1
hsa-mir-137-3p,miRNA,ERASTIN,,11214940,112,171,112_171,1
hsa-mir-137-3p,miRNA,TAMOXIFEN,DB00675,2733525,112,123,112_123,1
hsa-mir-137-3p,miRNA,FULVESTRANT,DB00947,17756771,112,134,112_134,1
hsa-mir-137-3p,miRNA,TEMOZOLOMIDE,DB00853,5394,112,174,112_174,1
hsa-mir-137-3p,miRNA,GEFITINIB,DB00317,123631,112,84,112_84,1
hsa-mir-137-3p,miRNA,TRAMETINIB,DB08911,11707110,112,101,112_101,1
hsa-mir-137-3p,miRNA,VEMURAFENIB,DB08881,42611257,112,148,112_148,1
hsa-mir-137-3p,miRNA,DABRAFENIB,DB08912,44462760,112,142,112_142,1
hsa-mir-138-5p,miRNA,VINCRISTINE,DB00541,5978,113,177,113_177,1
hsa-mir-138-5p,miRNA,DOCETAXEL,DB01248,148124,113,3,113_3,1
hsa-mir-138-5p,miRNA,CISPLATIN,DB00515,5460033,113,103,113_103,1
hsa-mir-138-5p,miRNA,CYCLOPAMINE,,442972,113,102,113_102,1
hsa-mir-138-5p,miRNA,PACLITAXEL,DB01229,36314,113,67,113_67,2
hsa-mir-138-5p,miRNA,DOXORUBICIN,DB00997,31703,113,89,113_89,1
hsa-mir-138-5p,miRNA,FLUOROURACIL,DB00544,3385,113,7,113_7,1
hsa-mir-138-5p,miRNA,Y15,,78260,113,31,113_31,1
hsa-mir-138-5p,miRNA,GEMCITABINE,DB00441,60750,113,55,113_55,1
hsa-mir-138-5p,miRNA,GEFITINIB,DB00317,123631,113,84,113_84,1
hsa-mir-138-5p,miRNA,PHA-665752,,10461815,113,104,113_104,1
hsa-mir-138-5p,miRNA,TEMOZOLOMIDE,DB00853,5394,113,174,113_174,1
hsa-mir-138-5p,miRNA,EPIRUBICIN,DB00445,41867,113,73,113_73,1
hsa-mir-138-5p,miRNA,VINORELBINE,DB00361,44424639,113,150,113_150,1
hsa-mir-138-5p,miRNA,TEMSIROLIMUS,DB06287,54608508,113,159,113_159,1
hsa-mir-138-5p,miRNA,CERITINIB,DB09063,57379345,113,160,113_160,1
hsa-mir-138-5p,miRNA,BORTEZOMIB,DB00188,387447,113,17,113_17,1
hsa-mir-138-5p,miRNA,PHENYTOIN,DB00252,1775,113,11,113_11,1
hsa-mir-138-5p,miRNA,CYCLOPHOSPHAMIDE,DB00531,2907,113,16,113_16,1
hsa-mir-138-5p,miRNA,OXALIPLATIN,DB00526,6857599,113,204,113_204,1
hsa-mir-138-5p,miRNA,ETOPOSIDE,DB00773,36462,113,68,113_68,1
hsa-mir-138-5p,miRNA,CURCUMIN,DB11672,969516,113,137,113_137,1
hsa-mir-138-5p,miRNA,TAXOL,DB01229,36314,113,67,113_67,2
hsa-mir-139-5p,miRNA,SUNITINIB,DB01268,5329102,114,94,114_94,1
hsa-mir-139-5p,miRNA,DOXORUBICIN,DB00997,31703,114,89,114_89,1
hsa-mir-139-5p,miRNA,ERLOTINIB,DB00530,176870,114,85,114_85,1
hsa-mir-139-5p,miRNA,"N-[(2R)-2,3-DIHYDROXYPROPOXY]-3,4-DIFLUORO-2-[(2-FLUORO-4-IODOPHENYL)AMINO]BENZAMIDE",,9826528,114,122,114_122,1
hsa-mir-139-5p,miRNA,PACLITAXEL,DB01229,36314,114,67,114_67,1
hsa-mir-139-5p,miRNA,CISPLATIN,DB00515,5460033,114,103,114_103,1
hsa-mir-139-5p,miRNA,GEMCITABINE,DB00441,60750,114,55,114_55,1
hsa-mir-139-5p,miRNA,IMATINIB,DB00619,5291,114,41,114_41,1
hsa-mir-139-5p,miRNA,DOCETAXEL,DB01248,148124,114,3,114_3,1
hsa-mir-139-5p,miRNA,FLUOROURACIL,DB00544,3385,114,7,114_7,1
hsa-mir-139-5p,miRNA,OXALIPLATIN,DB00526,6857599,114,204,114_204,1
hsa-mir-139-5p,miRNA,VINCRISTINE,DB00541,5978,114,177,114_177,1
hsa-mir-139-5p,miRNA,EPIRUBICIN,DB00445,41867,114,73,114_73,1
hsa-mir-139-5p,miRNA,DABRAFENIB,DB08912,44462760,114,142,114_142,1
hsa-mir-139-5p,miRNA,VEMURAFENIB,DB08881,42611257,114,148,114_148,1
hsa-mir-139-5p,miRNA,DAUNORUBICIN,DB00694,30323,114,88,114_88,1
hsa-mir-139-5p,miRNA,PLATINUM,DB12257,23939,114,188,114_188,1
hsa-mir-139-5p,miRNA,GEFITINIB,DB00317,123631,114,84,114_84,1
hsa-mir-139-5p,miRNA,YUANHUADINE,,6440572,114,61,114_61,1
hsa-mir-139-5p,miRNA,RUXOLITINIB,DB08877,25126798,114,144,114_144,1
hsa-mir-139-5p,miRNA,ETOPOSIDE,DB00773,36462,114,68,114_68,1
hsa-mir-139-5p,miRNA,VINORELBINE,DB00361,44424639,114,150,114_150,1
hsa-mir-140-3p,miRNA,CISPLATIN,DB00515,5460033,115,103,115_103,1
hsa-mir-140-3p,miRNA,PLATINUM,DB12257,23939,115,188,115_188,1
hsa-mir-140-3p,miRNA,SORAFENIB,DB00398,216239,115,74,115_74,1
hsa-mir-140-3p,miRNA,VINORELBINE,DB00361,44424639,115,150,115_150,1
hsa-mir-140-3p,miRNA,EPIRUBICIN,DB00445,41867,115,73,115_73,1
hsa-mir-140-3p,miRNA,FLUOROURACIL,DB00544,3385,115,7,115_7,1
hsa-mir-140-3p,miRNA,GEFITINIB,DB00317,123631,115,84,115_84,1
hsa-mir-140-3p,miRNA,OXALIPLATIN,DB00526,6857599,115,204,115_204,1
hsa-mir-140-5p,miRNA,DOXORUBICIN,DB00997,31703,116,89,116_89,1
hsa-mir-140-5p,miRNA,VERAPAMIL,DB00661,2520,116,21,116_21,1
hsa-mir-140-5p,miRNA,FLUOROURACIL,DB00544,3385,116,7,116_7,1
hsa-mir-140-5p,miRNA,METHOTREXATE,DB00563,126941,116,81,116_81,1
hsa-mir-140-5p,miRNA,PACLITAXEL,DB01229,36314,116,67,116_67,1
hsa-mir-140-5p,miRNA,IMATINIB,DB00619,5291,116,41,116_41,1
hsa-mir-140-5p,miRNA,ERLOTINIB,DB00530,176870,116,85,116_85,1
hsa-mir-140-5p,miRNA,GEMCITABINE,DB00441,60750,116,55,116_55,1
hsa-mir-140-5p,miRNA,GEFITINIB,DB00317,123631,116,84,116_84,1
hsa-mir-140-5p,miRNA,PLATINUM,DB12257,23939,116,188,116_188,1
hsa-mir-140-5p,miRNA,MITOXANTRONE,DB01204,4212,116,22,116_22,1
hsa-mir-140-5p,miRNA,SORAFENIB,DB00398,216239,116,74,116_74,1
hsa-mir-140-5p,miRNA,CISPLATIN,DB00515,5460033,116,103,116_103,1
hsa-mir-140-5p,miRNA,DABRAFENIB,DB08912,44462760,116,142,116_142,1
hsa-mir-140-5p,miRNA,VEMURAFENIB,DB08881,42611257,116,148,116_148,1
hsa-mir-140-5p,miRNA,DAUNORUBICIN,DB00694,30323,116,88,116_88,1
hsa-mir-140-5p,miRNA,FULVESTRANT,DB00947,17756771,116,134,116_134,1
hsa-mir-140-5p,miRNA,TEMOZOLOMIDE,DB00853,5394,116,174,116_174,1
hsa-mir-140-5p,miRNA,CAMPTOTHECIN,DB04690,24360,116,186,116_186,1
hsa-mir-141-3p,miRNA,DOXORUBICIN,DB00997,31703,117,89,117_89,1
hsa-mir-141-3p,miRNA,VERAPAMIL,DB00661,2520,117,21,117_21,1
hsa-mir-141-3p,miRNA,CISPLATIN,DB00515,5460033,117,103,117_103,1
hsa-mir-141-3p,miRNA,VINCRISTINE,DB00541,5978,117,177,117_177,1
hsa-mir-141-3p,miRNA,DAUNORUBICIN,DB00694,30323,117,88,117_88,2
hsa-mir-141-3p,miRNA,PREDNISOLONE,DB00860,5755,117,44,117_44,1
hsa-mir-141-3p,miRNA,10-HYDROXYCAMPTOTHECIN,DB12385,97226,117,205,117_205,1
hsa-mir-141-3p,miRNA,DOCETAXEL,DB01248,148124,117,3,117_3,1
hsa-mir-141-3p,miRNA,TAMOXIFEN,DB00675,2733525,117,123,117_123,1
hsa-mir-141-3p,miRNA,ERLOTINIB,DB00530,176870,117,85,117_85,1
hsa-mir-141-3p,miRNA,FLUOROURACIL,DB00544,3385,117,7,117_7,1
hsa-mir-141-3p,miRNA,SUNITINIB,DB01268,5329102,117,94,117_94,1
hsa-mir-141-3p,miRNA,"N-[(2R)-2,3-DIHYDROXYPROPOXY]-3,4-DIFLUORO-2-[(2-FLUORO-4-IODOPHENYL)AMINO]BENZAMIDE",,9826528,117,122,117_122,1
hsa-mir-141-3p,miRNA,GEMCITABINE,DB00441,60750,117,55,117_55,1
hsa-mir-141-3p,miRNA,PACLITAXEL,DB01229,36314,117,67,117_67,2
hsa-mir-141-3p,miRNA,OXALIPLATIN,DB00526,6857599,117,204,117_204,1
hsa-mir-141-3p,miRNA,EPOXOMICIN,,11226684,117,185,117_185,1
hsa-mir-141-3p,miRNA,CARBOPLATIN,DB00958,38904,117,90,117_90,1
hsa-mir-141-3p,miRNA,PLATINUM,DB12257,23939,117,188,117_188,1
hsa-mir-141-3p,miRNA,GEFITINIB,DB00317,123631,117,84,117_84,1
hsa-mir-141-3p,miRNA,METFORMIN,DB00331,4091,117,18,117_18,1
hsa-mir-141-3p,miRNA,ANTHRACYCLINE,DB00694,30323,117,88,117_88,2
hsa-mir-141-3p,miRNA,CYCLOPHOSPHAMIDE,DB00531,2907,117,16,117_16,1
hsa-mir-141-3p,miRNA,TAXOL,DB01229,36314,117,67,117_67,2
hsa-mir-141-3p,miRNA,METHOTREXATE,DB00563,126941,117,81,117_81,1
hsa-mir-142-3p,miRNA,PLATINUM,DB12257,23939,118,188,118_188,1
hsa-mir-142-3p,miRNA,MITOXANTRONE,DB01204,4212,118,22,118_22,1
hsa-mir-142-3p,miRNA,TAMOXIFEN,DB00675,2733525,118,123,118_123,1
hsa-mir-142-3p,miRNA,CISPLATIN,DB00515,5460033,118,103,118_103,1
hsa-mir-142-3p,miRNA,DOXORUBICIN,DB00997,31703,118,89,118_89,1
hsa-mir-142-3p,miRNA,TRETINOIN,DB00755,5538,118,175,118_175,1
hsa-mir-142-3p,miRNA,DAUNORUBICIN,DB00694,30323,118,88,118_88,1
hsa-mir-142-3p,miRNA,SORAFENIB,DB00398,216239,118,74,118_74,1
hsa-mir-142-3p,miRNA,CERITINIB,DB09063,57379345,118,160,118_160,1
hsa-mir-142-3p,miRNA,PANOBINOSTAT,DB06603,6918837,118,129,118_129,1
hsa-mir-142-3p,miRNA,DEXAMETHASONE,DB01234,5743,118,43,118_43,1
hsa-mir-142-3p,miRNA,FLUOROURACIL,DB00544,3385,118,7,118_7,1
hsa-mir-142-3p,miRNA,IMATINIB,DB00619,5291,118,41,118_41,1
hsa-mir-142-5p,miRNA,PACLITAXEL,DB01229,36314,119,67,119_67,2
hsa-mir-142-5p,miRNA,IMATINIB,DB00619,5291,119,41,119_41,1
hsa-mir-142-5p,miRNA,CERITINIB,DB09063,57379345,119,160,119_160,1
hsa-mir-142-5p,miRNA,CISPLATIN,DB00515,5460033,119,103,119_103,1
hsa-mir-142-5p,miRNA,BROMOCRIPTINE,DB01200,31101,119,86,119_86,1
hsa-mir-142-5p,miRNA,GEFITINIB,DB00317,123631,119,84,119_84,1
hsa-mir-142-5p,miRNA,OXALIPLATIN,DB00526,6857599,119,204,119_204,1
hsa-mir-142-5p,miRNA,TEMOZOLOMIDE,DB00853,5394,119,174,119_174,1
hsa-mir-142-5p,miRNA,ANTHRACYCLINE,DB00694,30323,119,88,119_88,1
hsa-mir-142-5p,miRNA,FLUOROURACIL,DB00544,3385,119,7,119_7,1
hsa-mir-142-5p,miRNA,CYCLOPHOSPHAMIDE,DB00531,2907,119,16,119_16,1
hsa-mir-142-5p,miRNA,METHOTREXATE,DB00563,126941,119,81,119_81,1
hsa-mir-142-5p,miRNA,TAXOL,DB01229,36314,119,67,119_67,2
hsa-mir-142-5p,miRNA,BERBERINE,DB04115,2353,119,2,119_2,1
hsa-mir-142-5p,miRNA,CRIZOTINIB,DB08865,11626560,119,197,119_197,1
hsa-mir-142-5p,miRNA,SORAFENIB,DB00398,216239,119,74,119_74,1
hsa-mir-143-3p,miRNA,FLUOROURACIL,DB00544,3385,120,7,120_7,1
hsa-mir-143-3p,miRNA,DOXORUBICIN,DB00997,31703,120,89,120_89,1
hsa-mir-143-3p,miRNA,RIBAVIRIN,DB00811,37542,120,69,120_69,1
hsa-mir-143-3p,miRNA,DOCETAXEL,DB01248,148124,120,3,120_3,1
hsa-mir-143-3p,miRNA,GEMCITABINE,DB00441,60750,120,55,120_55,1
hsa-mir-143-3p,miRNA,OXALIPLATIN,DB00526,6857599,120,204,120_204,1
hsa-mir-143-3p,miRNA,PACLITAXEL,DB01229,36314,120,67,120_67,2
hsa-mir-143-3p,miRNA,GEFITINIB,DB00317,123631,120,84,120_84,1
hsa-mir-143-3p,miRNA,IMATINIB,DB00619,5291,120,41,120_41,1
hsa-mir-143-3p,miRNA,CISPLATIN,DB00515,5460033,120,103,120_103,1
hsa-mir-143-3p,miRNA,QUERCETIN,DB04216,5280343,120,113,120_113,1
hsa-mir-143-3p,miRNA,PLATINUM,DB12257,23939,120,188,120_188,1
hsa-mir-143-3p,miRNA,TAMOXIFEN,DB00675,2733525,120,123,120_123,1
hsa-mir-143-3p,miRNA,TAXOL,DB01229,36314,120,67,120_67,2
hsa-mir-143-3p,miRNA,TRAMETINIB,DB08911,11707110,120,101,120_101,1
hsa-mir-143-3p,miRNA,VEMURAFENIB,DB08881,42611257,120,148,120_148,1
hsa-mir-143-3p,miRNA,ERLOTINIB,DB00530,176870,120,85,120_85,1
hsa-mir-143-3p,miRNA,BORTEZOMIB,DB00188,387447,120,17,120_17,1
hsa-mir-143-3p,miRNA,CYTARABINE,DB00987,6253,120,35,120_35,1
hsa-mir-143-3p,miRNA,ETOPOSIDE,DB00773,36462,120,68,120_68,1
hsa-mir-143-3p,miRNA,VINORELBINE,DB00361,44424639,120,150,120_150,1
hsa-mir-143-3p,miRNA,VINCRISTINE,DB00541,5978,120,177,120_177,1
hsa-mir-143-3p,miRNA,SORAFENIB,DB00398,216239,120,74,120_74,1
hsa-mir-144-3p,miRNA,CYCLOPAMINE,,442972,121,102,121_102,1
hsa-mir-144-3p,miRNA,PACLITAXEL,DB01229,36314,121,67,121_67,1
hsa-mir-144-3p,miRNA,IMATINIB,DB00619,5291,121,41,121_41,1
hsa-mir-144-3p,miRNA,TEMOZOLOMIDE,DB00853,5394,121,174,121_174,1
hsa-mir-144-3p,miRNA,CISPLATIN,DB00515,5460033,121,103,121_103,1
hsa-mir-144-3p,miRNA,SUNITINIB,DB01268,5329102,121,94,121_94,1
hsa-mir-144-3p,miRNA,GEMCITABINE,DB00441,60750,121,55,121_55,1
hsa-mir-144-3p,miRNA,CERITINIB,DB09063,57379345,121,160,121_160,1
hsa-mir-144-3p,miRNA,PANOBINOSTAT,DB06603,6918837,121,129,121_129,1
hsa-mir-144-3p,miRNA,FLUOROURACIL,DB00544,3385,121,7,121_7,1
hsa-mir-144-3p,miRNA,DOXORUBICIN,DB00997,31703,121,89,121_89,1
hsa-mir-144-3p,miRNA,OXALIPLATIN,DB00526,6857599,121,204,121_204,1
hsa-mir-144-3p,miRNA,PAZOPANIB,DB06589,10113978,121,133,121_133,1
hsa-mir-145-5p,miRNA,DOXORUBICIN,DB00997,31703,122,89,122_89,1
hsa-mir-145-5p,miRNA,VERAPAMIL,DB00661,2520,122,21,122_21,1
hsa-mir-145-5p,miRNA,RIBAVIRIN,DB00811,37542,122,69,122_69,1
hsa-mir-145-5p,miRNA,CISPLATIN,DB00515,5460033,122,103,122_103,1
hsa-mir-145-5p,miRNA,FLUOROURACIL,DB00544,3385,122,7,122_7,1
hsa-mir-145-5p,miRNA,TEMOZOLOMIDE,DB00853,5394,122,174,122_174,1
hsa-mir-145-5p,miRNA,MITOMYCIN C,DB00305,5746,122,176,122_176,1
hsa-mir-145-5p,miRNA,SUNITINIB,DB01268,5329102,122,94,122_94,1
hsa-mir-145-5p,miRNA,VEMURAFENIB,DB08881,42611257,122,148,122_148,1
hsa-mir-145-5p,miRNA,OXALIPLATIN,DB00526,6857599,122,204,122_204,1
hsa-mir-145-5p,miRNA,PACLITAXEL,DB01229,36314,122,67,122_67,1
hsa-mir-145-5p,miRNA,SN-38,,104842,122,38,122_38,1
hsa-mir-145-5p,miRNA,GEFITINIB,DB00317,123631,122,84,122_84,1
hsa-mir-145-5p,miRNA,DOCETAXEL,DB01248,148124,122,3,122_3,1
hsa-mir-145-5p,miRNA,PLATINUM,DB12257,23939,122,188,122_188,1
hsa-mir-145-5p,miRNA,VINCRISTINE,DB00541,5978,122,177,122_177,1
hsa-mir-145-5p,miRNA,ARECOLINE,DB04365,2230,122,25,122_25,1
hsa-mir-145-5p,miRNA,GEMCITABINE,DB00441,60750,122,55,122_55,1
hsa-mir-145-5p,miRNA,TAMOXIFEN,DB00675,2733525,122,123,122_123,1
hsa-mir-145-5p,miRNA,TRAMETINIB,DB08911,11707110,122,101,122_101,1
hsa-mir-145-5p,miRNA,BROMOCRIPTINE,DB01200,31101,122,86,122_86,1
hsa-mir-145-5p,miRNA,PALBOCICLIB,DB09073,5330286,122,95,122_95,1
hsa-mir-145-5p,miRNA,FULVESTRANT,DB00947,17756771,122,134,122_134,1
hsa-mir-145-5p,miRNA,TOPOTECAN,DB01030,60699,122,50,122_50,1
hsa-mir-145-5p,miRNA,SORAFENIB,DB00398,216239,122,74,122_74,1
hsa-mir-145-5p,miRNA,DEXAMETHASONE,DB01234,5743,122,43,122_43,1
hsa-mir-145-5p,miRNA,METHOTREXATE,DB00563,126941,122,81,122_81,1
hsa-mir-1469,miRNA,CISPLATIN,DB00515,5460033,123,103,123_103,1
hsa-mir-1469,miRNA,FLUOROURACIL,DB00544,3385,123,7,123_7,1
hsa-mir-1469,miRNA,GEMCITABINE,DB00441,60750,123,55,123_55,1
hsa-mir-1469,miRNA,BORTEZOMIB,DB00188,387447,123,17,123_17,1
hsa-mir-1469,miRNA,PLATINUM,DB12257,23939,123,188,123_188,1
hsa-mir-1469,miRNA,VEMURAFENIB,DB08881,42611257,123,148,123_148,1
hsa-mir-1469,miRNA,DABRAFENIB,DB08912,44462760,123,142,123_142,1
hsa-mir-1469,miRNA,DOXORUBICIN,DB00997,31703,123,89,123_89,1
hsa-mir-1469,miRNA,CURCUMIN,DB11672,969516,123,137,123_137,1
hsa-mir-1469,miRNA,PACLITAXEL,DB01229,36314,123,67,123_67,1
hsa-mir-1469,miRNA,ERLOTINIB,DB00530,176870,123,85,123_85,1
hsa-mir-1469,miRNA,GEFITINIB,DB00317,123631,123,84,123_84,1
hsa-mir-1469,miRNA,FULVESTRANT,DB00947,17756771,123,134,123_134,1
hsa-mir-1469,miRNA,GENISTEIN,DB01645,5280961,123,108,123_108,1
hsa-mir-146a-5p,miRNA,VERAPAMIL,DB00661,2520,124,21,124_21,1
hsa-mir-146a-5p,miRNA,DOXORUBICIN,DB00997,31703,124,89,124_89,1
hsa-mir-146a-5p,miRNA,CISPLATIN,DB00515,5460033,124,103,124_103,1
hsa-mir-146a-5p,miRNA,SORAFENIB,DB00398,216239,124,74,124_74,1
hsa-mir-146a-5p,miRNA,PACLITAXEL,DB01229,36314,124,67,124_67,1
hsa-mir-146a-5p,miRNA,CYCLOPAMINE,,442972,124,102,124_102,1
hsa-mir-146a-5p,miRNA,GEMCITABINE,DB00441,60750,124,55,124_55,1
hsa-mir-146a-5p,miRNA,CAPECITABINE,DB01101,60953,124,48,124_48,1
hsa-mir-146a-5p,miRNA,FLUOROURACIL,DB00544,3385,124,7,124_7,1
hsa-mir-146a-5p,miRNA,CARBOPLATIN,DB00958,38904,124,90,124_90,1
hsa-mir-146a-5p,miRNA,MITOMYCIN C,DB00305,5746,124,176,124_176,1
hsa-mir-146a-5p,miRNA,VINCRISTINE,DB00541,5978,124,177,124_177,1
hsa-mir-146a-5p,miRNA,AFATINIB,DB08916,10184653,124,117,124_117,1
hsa-mir-146a-5p,miRNA,ERLOTINIB,DB00530,176870,124,85,124_85,1
hsa-mir-146a-5p,miRNA,GEFITINIB,DB00317,123631,124,84,124_84,1
hsa-mir-146a-5p,miRNA,IMATINIB,DB00619,5291,124,41,124_41,1
hsa-mir-146a-5p,miRNA,DOCETAXEL,DB01248,148124,124,3,124_3,1
hsa-mir-146a-5p,miRNA,CYTARABINE,DB00987,6253,124,35,124_35,1
hsa-mir-146a-5p,miRNA,TAXANE,,9548828,124,124,124_124,1
hsa-mir-146a-5p,miRNA,TAMOXIFEN,DB00675,2733525,124,123,124_123,1
hsa-mir-146a-5p,miRNA,PLX-4720,DB06999,24180719,124,146,124_146,1
hsa-mir-146a-5p,miRNA,PLATINUM,DB12257,23939,124,188,124_188,1
hsa-mir-146a-5p,miRNA,DAUNORUBICIN,DB00694,30323,124,88,124_88,1
hsa-mir-146a-5p,miRNA,MITOXANTRONE,DB01204,4212,124,22,124_22,1
hsa-mir-146a-5p,miRNA,IRINOTECAN,DB00762,60838,124,56,124_56,1
hsa-mir-146a-5p,miRNA,CERITINIB,DB09063,57379345,124,160,124_160,1
hsa-mir-146a-5p,miRNA,FULVESTRANT,DB00947,17756771,124,134,124_134,1
hsa-mir-146a-5p,miRNA,DABRAFENIB,DB08912,44462760,124,142,124_142,1
hsa-mir-146a-5p,miRNA,CYCLOPHOSPHAMIDE,DB00531,2907,124,16,124_16,1
hsa-mir-146a-5p,miRNA,VEMURAFENIB,DB08881,42611257,124,148,124_148,1
hsa-mir-146a-5p,miRNA,TRAMETINIB,DB08911,11707110,124,101,124_101,1
hsa-mir-146a-5p,miRNA,OSIMERTINIB,DB09330,71496458,124,161,124_161,1
hsa-mir-146b-3p,miRNA,IMATINIB,DB00619,5291,125,41,125_41,1
hsa-mir-146b-5p,miRNA,DOXORUBICIN,DB00997,31703,126,89,126_89,1
hsa-mir-146b-5p,miRNA,VERAPAMIL,DB00661,2520,126,21,126_21,1
hsa-mir-146b-5p,miRNA,SORAFENIB,DB00398,216239,126,74,126_74,1
hsa-mir-146b-5p,miRNA,PACLITAXEL,DB01229,36314,126,67,126_67,1
hsa-mir-146b-5p,miRNA,GEMCITABINE,DB00441,60750,126,55,126_55,1
hsa-mir-146b-5p,miRNA,CARBOPLATIN,DB00958,38904,126,90,126_90,1
hsa-mir-146b-5p,miRNA,CISPLATIN,DB00515,5460033,126,103,126_103,1
hsa-mir-146b-5p,miRNA,VINCRISTINE,DB00541,5978,126,177,126_177,1
hsa-mir-146b-5p,miRNA,MITOMYCIN C,DB00305,5746,126,176,126_176,1
hsa-mir-146b-5p,miRNA,DOCETAXEL,DB01248,148124,126,3,126_3,1
hsa-mir-146b-5p,miRNA,IMATINIB,DB00619,5291,126,41,126_41,1
hsa-mir-146b-5p,miRNA,TAMOXIFEN,DB00675,2733525,126,123,126_123,1
hsa-mir-146b-5p,miRNA,METHOTREXATE,DB00563,126941,126,81,126_81,1
hsa-mir-146b-5p,miRNA,PLATINUM,DB12257,23939,126,188,126_188,1
hsa-mir-146b-5p,miRNA,ETOPOSIDE,DB00773,36462,126,68,126_68,1
hsa-mir-146b-5p,miRNA,TENIPOSIDE,DB00444,452548,126,92,126_92,1
hsa-mir-146b-5p,miRNA,DAUNORUBICIN,DB00694,30323,126,88,126_88,1
hsa-mir-146b-5p,miRNA,TEMOZOLOMIDE,DB00853,5394,126,174,126_174,1
hsa-mir-146b-5p,miRNA,FULVESTRANT,DB00947,17756771,126,134,126_134,1
hsa-mir-146b-5p,miRNA,GEFITINIB,DB00317,123631,126,84,126_84,1
hsa-mir-146b-5p,miRNA,DABRAFENIB,DB08912,44462760,126,142,126_142,1
hsa-mir-1470,miRNA,CISPLATIN,DB00515,5460033,128,103,128_103,1
hsa-mir-1470,miRNA,TRAMETINIB,DB08911,11707110,128,101,128_101,1
hsa-mir-1470,miRNA,VEMURAFENIB,DB08881,42611257,128,148,128_148,1
hsa-mir-147a,miRNA,PACLITAXEL,DB01229,36314,127,67,127_67,1
hsa-mir-147a,miRNA,CISPLATIN,DB00515,5460033,127,103,127_103,1
hsa-mir-147a,miRNA,OXALIPLATIN,DB00526,6857599,127,204,127_204,1
hsa-mir-147a,miRNA,GEFITINIB,DB00317,123631,127,84,127_84,1
hsa-mir-147b-3p,miRNA,GEMCITABINE,DB00441,60750,129,55,129_55,1
hsa-mir-147b-3p,miRNA,FLUOROURACIL,DB00544,3385,129,7,129_7,1
hsa-mir-147b-3p,miRNA,CERITINIB,DB09063,57379345,129,160,129_160,1
hsa-mir-147b-3p,miRNA,GEFITINIB,DB00317,123631,129,84,129_84,1
hsa-mir-148a-3p,miRNA,DOXORUBICIN,DB00997,31703,130,89,130_89,1
hsa-mir-148a-3p,miRNA,VERAPAMIL,DB00661,2520,130,21,130_21,1
hsa-mir-148a-3p,miRNA,PACLITAXEL,DB01229,36314,130,67,130_67,1
hsa-mir-148a-3p,miRNA,IMATINIB,DB00619,5291,130,41,130_41,1
hsa-mir-148a-3p,miRNA,CISPLATIN,DB00515,5460033,130,103,130_103,1
hsa-mir-148a-3p,miRNA,FLUOROURACIL,DB00544,3385,130,7,130_7,1
hsa-mir-148a-3p,miRNA,VINCRISTINE,DB00541,5978,130,177,130_177,1
hsa-mir-148a-3p,miRNA,DOCETAXEL,DB01248,148124,130,3,130_3,1
hsa-mir-148a-3p,miRNA,GEFITINIB,DB00317,123631,130,84,130_84,1
hsa-mir-148a-3p,miRNA,TAXANE,,9548828,130,124,130_124,1
hsa-mir-148a-3p,miRNA,TAMOXIFEN,DB00675,2733525,130,123,130_123,1
hsa-mir-148a-3p,miRNA,PLATINUM,DB12257,23939,130,188,130_188,1
hsa-mir-148a-3p,miRNA,GEMCITABINE,DB00441,60750,130,55,130_55,1
hsa-mir-148a-3p,miRNA,TRAMETINIB,DB08911,11707110,130,101,130_101,1
hsa-mir-148a-3p,miRNA,VEMURAFENIB,DB08881,42611257,130,148,130_148,1
hsa-mir-148a-3p,miRNA,FULVESTRANT,DB00947,17756771,130,134,130_134,1
hsa-mir-148a-3p,miRNA,BROMOCRIPTINE,DB01200,31101,130,86,130_86,1
hsa-mir-148a-3p,miRNA,CYCLOPHOSPHAMIDE,DB00531,2907,130,16,130_16,1
hsa-mir-148a-3p,miRNA,RHAMNETIN,DB16772,5281691,130,23,130_23,1
hsa-mir-148a-3p,miRNA,DABRAFENIB,DB08912,44462760,130,142,130_142,1
hsa-mir-148b-3p,miRNA,SORAFENIB,DB00398,216239,131,74,131_74,1
hsa-mir-148b-3p,miRNA,IMATINIB,DB00619,5291,131,41,131_41,1
hsa-mir-148b-3p,miRNA,TAMOXIFEN,DB00675,2733525,131,123,131_123,1
hsa-mir-148b-3p,miRNA,CISPLATIN,DB00515,5460033,131,103,131_103,1
hsa-mir-148b-3p,miRNA,FLUOROURACIL,DB00544,3385,131,7,131_7,1
hsa-mir-148b-3p,miRNA,GEMCITABINE,DB00441,60750,131,55,131_55,1
hsa-mir-148b-3p,miRNA,MITOXANTRONE,DB01204,4212,131,22,131_22,1
hsa-mir-148b-3p,miRNA,PACLITAXEL,DB01229,36314,131,67,131_67,1
hsa-mir-148b-3p,miRNA,AZACITIDINE,DB00928,9444,131,179,131_179,1
hsa-mir-148b-3p,miRNA,DOXORUBICIN,DB00997,31703,131,89,131_89,1
hsa-mir-148b-3p,miRNA,VINCRISTINE,DB00541,5978,131,177,131_177,1
hsa-mir-148b-3p,miRNA,CYCLOPHOSPHAMIDE,DB00531,2907,131,16,131_16,1
hsa-mir-148b-3p,miRNA,PREDNISONE,DB00635,5865,131,34,131_34,1
hsa-mir-149-5p,miRNA,DOXORUBICIN,DB00997,31703,132,89,132_89,1
hsa-mir-149-5p,miRNA,DOCETAXEL,DB01248,148124,132,3,132_3,1
hsa-mir-149-5p,miRNA,METHOTREXATE,DB00563,126941,132,81,132_81,1
hsa-mir-149-5p,miRNA,TAMOXIFEN,DB00675,2733525,132,123,132_123,1
hsa-mir-149-5p,miRNA,TEMOZOLOMIDE,DB00853,5394,132,174,132_174,1
hsa-mir-149-5p,miRNA,FLUOROURACIL,DB00544,3385,132,7,132_7,1
hsa-mir-149-5p,miRNA,GEMCITABINE,DB00441,60750,132,55,132_55,1
hsa-mir-149-5p,miRNA,PACLITAXEL,DB01229,36314,132,67,132_67,1
hsa-mir-149-5p,miRNA,CISPLATIN,DB00515,5460033,132,103,132_103,1
hsa-mir-149-5p,miRNA,PLATINUM,DB12257,23939,132,188,132_188,1
hsa-mir-149-5p,miRNA,DEXAMETHASONE,DB01234,5743,132,43,132_43,1
hsa-mir-149-5p,miRNA,METHYLPREDNISOLONE,DB00959,6741,132,36,132_36,1
hsa-mir-149-5p,miRNA,GEFITINIB,DB00317,123631,132,84,132_84,1
hsa-mir-149-5p,miRNA,IRINOTECAN,DB00762,60838,132,56,132_56,1
hsa-mir-149-5p,miRNA,FULVESTRANT,DB00947,17756771,132,134,132_134,1
hsa-mir-149-5p,miRNA,CHLORANTRANILIPROLE,,11271640,132,190,132_190,1
hsa-mir-149-5p,miRNA,LORLATINIB,DB12130,71731823,132,167,132_167,1
hsa-mir-150-5p,miRNA,IMATINIB,DB00619,5291,133,41,133_41,1
hsa-mir-150-5p,miRNA,ETOPOSIDE,DB00773,36462,133,68,133_68,1
hsa-mir-150-5p,miRNA,SUNITINIB,DB01268,5329102,133,94,133_94,1
hsa-mir-150-5p,miRNA,CISPLATIN,DB00515,5460033,133,103,133_103,1
hsa-mir-150-5p,miRNA,OXALIPLATIN,DB00526,6857599,133,204,133_204,1
hsa-mir-150-5p,miRNA,DOXORUBICIN,DB00997,31703,133,89,133_89,1
hsa-mir-150-5p,miRNA,CRIZOTINIB,DB08865,11626560,133,197,133_197,1
hsa-mir-150-5p,miRNA,PLATINUM,DB12257,23939,133,188,133_188,1
hsa-mir-150-5p,miRNA,PACLITAXEL,DB01229,36314,133,67,133_67,2
hsa-mir-150-5p,miRNA,GEMCITABINE,DB00441,60750,133,55,133_55,1
hsa-mir-150-5p,miRNA,FULVESTRANT,DB00947,17756771,133,134,133_134,1
hsa-mir-150-5p,miRNA,GEFITINIB,DB00317,123631,133,84,133_84,1
hsa-mir-150-5p,miRNA,ANTHRACYCLINE,DB00694,30323,133,88,133_88,1
hsa-mir-150-5p,miRNA,CYCLOPHOSPHAMIDE,DB00531,2907,133,16,133_16,1
hsa-mir-150-5p,miRNA,FLUOROURACIL,DB00544,3385,133,7,133_7,1
hsa-mir-150-5p,miRNA,TAXOL,DB01229,36314,133,67,133_67,2
hsa-mir-150-5p,miRNA,METHOTREXATE,DB00563,126941,133,81,133_81,1
hsa-mir-151a-3p,miRNA,DOXORUBICIN,DB00997,31703,134,89,134_89,1
hsa-mir-151a-3p,miRNA,VERAPAMIL,DB00661,2520,134,21,134_21,1
hsa-mir-151a-3p,miRNA,DOCETAXEL,DB01248,148124,134,3,134_3,1
hsa-mir-151a-3p,miRNA,TAMOXIFEN,DB00675,2733525,134,123,134_123,1
hsa-mir-151a-3p,miRNA,PAROXETINE,DB00715,43815,134,78,134_78,1
hsa-mir-151a-3p,miRNA,GEMCITABINE,DB00441,60750,134,55,134_55,1
hsa-mir-151a-3p,miRNA,OXALIPLATIN,DB00526,6857599,134,204,134_204,1
hsa-mir-151a-3p,miRNA,IMATINIB,DB00619,5291,134,41,134_41,1
hsa-mir-151a-3p,miRNA,CISPLATIN,DB00515,5460033,134,103,134_103,1
hsa-mir-151a-3p,miRNA,PLATINUM,DB12257,23939,134,188,134_188,1
hsa-mir-151a-3p,miRNA,PACLITAXEL,DB01229,36314,134,67,134_67,1
hsa-mir-151a-3p,miRNA,RUXOLITINIB,DB08877,25126798,134,144,134_144,1
hsa-mir-151a-3p,miRNA,CYCLOPHOSPHAMIDE,DB00531,2907,134,16,134_16,1
hsa-mir-151a-3p,miRNA,METHOTREXATE,DB00563,126941,134,81,134_81,1
hsa-mir-151a-3p,miRNA,BORTEZOMIB,DB00188,387447,134,17,134_17,1
hsa-mir-151a-5p,miRNA,CISPLATIN,DB00515,5460033,623,103,623_103,1
hsa-mir-151a-5p,miRNA,PLATINUM,DB12257,23939,623,188,623_188,1
hsa-mir-151a-5p,miRNA,SORAFENIB,DB00398,216239,623,74,623_74,1
hsa-mir-151a-5p,miRNA,FLUOROURACIL,DB00544,3385,623,7,623_7,1
hsa-mir-151a-5p,miRNA,IMATINIB,DB00619,5291,623,41,623_41,1
hsa-mir-151a-5p,miRNA,CERITINIB,DB09063,57379345,623,160,623_160,1
hsa-mir-151a-5p,miRNA,OXALIPLATIN,DB00526,6857599,623,204,623_204,1
hsa-mir-151a-5p,miRNA,ERLOTINIB,DB00530,176870,623,85,623_85,1
hsa-mir-151a-5p,miRNA,CYCLOPHOSPHAMIDE,DB00531,2907,623,16,623_16,1
hsa-mir-151a-5p,miRNA,DOCETAXEL,DB01248,148124,623,3,623_3,1
hsa-mir-152-3p,miRNA,DOXORUBICIN,DB00997,31703,135,89,135_89,1
hsa-mir-152-3p,miRNA,CISPLATIN,DB00515,5460033,135,103,135_103,1
hsa-mir-152-3p,miRNA,GEMCITABINE,DB00441,60750,135,55,135_55,1
hsa-mir-152-3p,miRNA,DOCETAXEL,DB01248,148124,135,3,135_3,1
hsa-mir-152-3p,miRNA,PLATINUM,DB12257,23939,135,188,135_188,1
hsa-mir-152-3p,miRNA,TAMOXIFEN,DB00675,2733525,135,123,135_123,1
hsa-mir-152-3p,miRNA,PACLITAXEL,DB01229,36314,135,67,135_67,1
hsa-mir-152-3p,miRNA,TRAMETINIB,DB08911,11707110,135,101,135_101,1
hsa-mir-152-3p,miRNA,VEMURAFENIB,DB08881,42611257,135,148,135_148,1
hsa-mir-152-3p,miRNA,CYCLOPHOSPHAMIDE,DB00531,2907,135,16,135_16,1
hsa-mir-152-3p,miRNA,GEFITINIB,DB00317,123631,135,84,135_84,1
hsa-mir-153-3p,miRNA,DOXORUBICIN,DB00997,31703,136,89,136_89,1
hsa-mir-153-3p,miRNA,VERAPAMIL,DB00661,2520,136,21,136_21,1
hsa-mir-153-3p,miRNA,NAVITOCLAX,DB12340,24978538,136,209,136_209,1
hsa-mir-153-3p,miRNA,ARSENIC TRIOXIDE,DB01169,261004,136,32,136_32,1
hsa-mir-153-3p,miRNA,CISPLATIN,DB00515,5460033,136,103,136_103,1
hsa-mir-153-3p,miRNA,OXALIPLATIN,DB00526,6857599,136,204,136_204,1
hsa-mir-153-3p,miRNA,GEMCITABINE,DB00441,60750,136,55,136_55,1
hsa-mir-153-3p,miRNA,CABAZITAXEL,DB06772,9854073,136,49,136_49,1
hsa-mir-153-3p,miRNA,GEFITINIB,DB00317,123631,136,84,136_84,1
hsa-mir-1538,miRNA,DOXORUBICIN,DB00997,31703,138,89,138_89,1
hsa-mir-1538,miRNA,GEMCITABINE,DB00441,60750,138,55,138_55,1
hsa-mir-1539,miRNA,DOXORUBICIN,DB00997,31703,139,89,139_89,1
hsa-mir-1539,miRNA,PACLITAXEL,DB01229,36314,139,67,139_67,1
hsa-mir-1539,miRNA,CISPLATIN,DB00515,5460033,139,103,139_103,1
hsa-mir-154-5p,miRNA,PACLITAXEL,DB01229,36314,140,67,140_67,1
hsa-mir-154-5p,miRNA,DOXORUBICIN,DB00997,31703,140,89,140_89,1
hsa-mir-154-5p,miRNA,GEMCITABINE,DB00441,60750,140,55,140_55,1
hsa-mir-155-5p,miRNA,DOXORUBICIN,DB00997,31703,141,89,141_89,1
hsa-mir-155-5p,miRNA,VERAPAMIL,DB00661,2520,141,21,141_21,1
hsa-mir-155-5p,miRNA,ETOPOSIDE,DB00773,36462,141,68,141_68,1
hsa-mir-155-5p,miRNA,PACLITAXEL,DB01229,36314,141,67,141_67,1
hsa-mir-155-5p,miRNA,IMATINIB,DB00619,5291,141,41,141_41,1
hsa-mir-155-5p,miRNA,CYCLOPAMINE,,442972,141,102,141_102,1
hsa-mir-155-5p,miRNA,CISPLATIN,DB00515,5460033,141,103,141_103,1
hsa-mir-155-5p,miRNA,FULVESTRANT,DB00947,17756771,141,134,141_134,1
hsa-mir-155-5p,miRNA,TAMOXIFEN,DB00675,2733525,141,123,141_123,1
hsa-mir-155-5p,miRNA,ERLOTINIB,DB00530,176870,141,85,141_85,1
hsa-mir-155-5p,miRNA,"N-[(2R)-2,3-DIHYDROXYPROPOXY]-3,4-DIFLUORO-2-[(2-FLUORO-4-IODOPHENYL)AMINO]BENZAMIDE",,9826528,141,122,141_122,1
hsa-mir-155-5p,miRNA,FLUOROURACIL,DB00544,3385,141,7,141_7,1
hsa-mir-155-5p,miRNA,GEMCITABINE,DB00441,60750,141,55,141_55,1
hsa-mir-155-5p,miRNA,OXALIPLATIN,DB00526,6857599,141,204,141_204,1
hsa-mir-155-5p,miRNA,VINCRISTINE,DB00541,5978,141,177,141_177,1
hsa-mir-155-5p,miRNA,GEFITINIB,DB00317,123631,141,84,141_84,1
hsa-mir-155-5p,miRNA,TEMOZOLOMIDE,DB00853,5394,141,174,141_174,1
hsa-mir-155-5p,miRNA,DOCETAXEL,DB01248,148124,141,3,141_3,1
hsa-mir-155-5p,miRNA,SUNITINIB,DB01268,5329102,141,94,141_94,1
hsa-mir-155-5p,miRNA,BUFALIN,,9547215,141,126,141_126,1
hsa-mir-155-5p,miRNA,PLX-4720,DB06999,24180719,141,146,141_146,1
hsa-mir-155-5p,miRNA,ARSENIC TRIOXIDE,DB01169,261004,141,32,141_32,1
hsa-mir-155-5p,miRNA,METHOTREXATE,DB00563,126941,141,81,141_81,1
hsa-mir-155-5p,miRNA,DECITABINE,DB01262,451668,141,91,141_91,1
hsa-mir-155-5p,miRNA,VINORELBINE,DB00361,44424639,141,150,141_150,1
hsa-mir-155-5p,miRNA,SCHIZANDRIN A,,23915,141,187,141_187,1
hsa-mir-155-5p,miRNA,BORTEZOMIB,DB00188,387447,141,17,141_17,1
hsa-mir-155-5p,miRNA,DABRAFENIB,DB08912,44462760,141,142,141_142,1
hsa-mir-15a-5p,miRNA,DOXORUBICIN,DB00997,31703,142,89,142_89,1
hsa-mir-15a-5p,miRNA,IMATINIB,DB00619,5291,142,41,142_41,1
hsa-mir-15a-5p,miRNA,TAMOXIFEN,DB00675,2733525,142,123,142_123,1
hsa-mir-15a-5p,miRNA,DEXAMETHASONE,DB01234,5743,142,43,142_43,1
hsa-mir-15a-5p,miRNA,MELPHALAN,DB01042,460612,142,105,142_105,1
hsa-mir-15a-5p,miRNA,FLUOROURACIL,DB00544,3385,142,7,142_7,1
hsa-mir-15a-5p,miRNA,CISPLATIN,DB00515,5460033,142,103,142_103,1
hsa-mir-15a-5p,miRNA,BORTEZOMIB,DB00188,387447,142,17,142_17,1
hsa-mir-15a-5p,miRNA,PACLITAXEL,DB01229,36314,142,67,142_67,2
hsa-mir-15a-5p,miRNA,GEMCITABINE,DB00441,60750,142,55,142_55,1
hsa-mir-15a-5p,miRNA,OXALIPLATIN,DB00526,6857599,142,204,142_204,1
hsa-mir-15a-5p,miRNA,CARBOPLATIN,DB00958,38904,142,90,142_90,1
hsa-mir-15a-5p,miRNA,MITOMYCIN C,DB00305,5746,142,176,142_176,1
hsa-mir-15a-5p,miRNA,DOCETAXEL,DB01248,148124,142,3,142_3,1
hsa-mir-15a-5p,miRNA,VINCRISTINE,DB00541,5978,142,177,142_177,1
hsa-mir-15a-5p,miRNA,PLATINUM,DB12257,23939,142,188,142_188,1
hsa-mir-15a-5p,miRNA,DABRAFENIB,DB08912,44462760,142,142,142_142,1
hsa-mir-15a-5p,miRNA,VEMURAFENIB,DB08881,42611257,142,148,142_148,1
hsa-mir-15a-5p,miRNA,TAXOL,DB01229,36314,142,67,142_67,2
hsa-mir-15a-5p,miRNA,TRAMETINIB,DB08911,11707110,142,101,142_101,1
hsa-mir-15a-5p,miRNA,DAUNORUBICIN,DB00694,30323,142,88,142_88,1
hsa-mir-15a-5p,miRNA,ETOPOSIDE,DB00773,36462,142,68,142_68,1
hsa-mir-15a-5p,miRNA,VINORELBINE,DB00361,44424639,142,150,142_150,1
hsa-mir-15a-5p,miRNA,PIRARUBICIN,DB11616,11296583,142,135,142_135,1
hsa-mir-15b-5p,miRNA,VINCRISTINE,DB00541,5978,143,177,143_177,1
hsa-mir-15b-5p,miRNA,DOXORUBICIN,DB00997,31703,143,89,143_89,1
hsa-mir-15b-5p,miRNA,PACLITAXEL,DB01229,36314,143,67,143_67,1
hsa-mir-15b-5p,miRNA,CISPLATIN,DB00515,5460033,143,103,143_103,1
hsa-mir-15b-5p,miRNA,FLUOROURACIL,DB00544,3385,143,7,143_7,1
hsa-mir-15b-5p,miRNA,OXALIPLATIN,DB00526,6857599,143,204,143_204,1
hsa-mir-15b-5p,miRNA,GEMCITABINE,DB00441,60750,143,55,143_55,1
hsa-mir-15b-5p,miRNA,IMATINIB,DB00619,5291,143,41,143_41,1
hsa-mir-15b-5p,miRNA,TAMOXIFEN,DB00675,2733525,143,123,143_123,1
hsa-mir-15b-5p,miRNA,AZACITIDINE,DB00928,9444,143,179,143_179,1
hsa-mir-15b-5p,miRNA,TRAMETINIB,DB08911,11707110,143,101,143_101,1
hsa-mir-15b-5p,miRNA,VEMURAFENIB,DB08881,42611257,143,148,143_148,1
hsa-mir-15b-5p,miRNA,SUNITINIB,DB01268,5329102,143,94,143_94,1
hsa-mir-15b-5p,miRNA,GEFITINIB,DB00317,123631,143,84,143_84,1
hsa-mir-15b-5p,miRNA,DABRAFENIB,DB08912,44462760,143,142,143_142,1
hsa-mir-15b-5p,miRNA,APITOLISIB,DB12180,25254071,143,201,143_201,1
hsa-mir-16-5p,miRNA,VINCRISTINE,DB00541,5978,144,177,144_177,1
hsa-mir-16-5p,miRNA,DOXORUBICIN,DB00997,31703,144,89,144_89,1
hsa-mir-16-5p,miRNA,VERAPAMIL,DB00661,2520,144,21,144_21,1
hsa-mir-16-5p,miRNA,GENISTEIN,DB01645,5280961,144,108,144_108,1
hsa-mir-16-5p,miRNA,NUTLIN-3,DB17039,216345,144,63,144_63,1
hsa-mir-16-5p,miRNA,PACLITAXEL,DB01229,36314,144,67,144_67,1
hsa-mir-16-5p,miRNA,TAMOXIFEN,DB00675,2733525,144,123,144_123,1
hsa-mir-16-5p,miRNA,DOCETAXEL,DB01248,148124,144,3,144_3,1
hsa-mir-16-5p,miRNA,BORTEZOMIB,DB00188,387447,144,17,144_17,1
hsa-mir-16-5p,miRNA,CISPLATIN,DB00515,5460033,144,103,144_103,1
hsa-mir-16-5p,miRNA,MELPHALAN,DB01042,460612,144,105,144_105,1
hsa-mir-16-5p,miRNA,GEMCITABINE,DB00441,60750,144,55,144_55,1
hsa-mir-16-5p,miRNA,OXALIPLATIN,DB00526,6857599,144,204,144_204,1
hsa-mir-16-5p,miRNA,IMATINIB,DB00619,5291,144,41,144_41,1
hsa-mir-16-5p,miRNA,CARBOPLATIN,DB00958,38904,144,90,144_90,1
hsa-mir-16-5p,miRNA,MITOMYCIN C,DB00305,5746,144,176,144_176,1
hsa-mir-16-5p,miRNA,PLATINUM,DB12257,23939,144,188,144_188,1
hsa-mir-16-5p,miRNA,TEMOZOLOMIDE,DB00853,5394,144,174,144_174,1
hsa-mir-16-5p,miRNA,LAPATINIB,DB01259,208908,144,46,144_46,1
hsa-mir-16-5p,miRNA,FLUOROURACIL,DB00544,3385,144,7,144_7,1
hsa-mir-16-5p,miRNA,DAUNORUBICIN,DB00694,30323,144,88,144_88,1
hsa-mir-16-5p,miRNA,TRAMETINIB,DB08911,11707110,144,101,144_101,1
hsa-mir-16-5p,miRNA,VEMURAFENIB,DB08881,42611257,144,148,144_148,1
hsa-mir-16-5p,miRNA,VINORELBINE,DB00361,44424639,144,150,144_150,1
hsa-mir-16-5p,miRNA,ETOPOSIDE,DB00773,36462,144,68,144_68,1
hsa-mir-181a-5p,miRNA,DOXORUBICIN,DB00997,31703,145,89,145_89,1
hsa-mir-181a-5p,miRNA,VERAPAMIL,DB00661,2520,145,21,145_21,1
hsa-mir-181a-5p,miRNA,SORAFENIB,DB00398,216239,145,74,145_74,1
hsa-mir-181a-5p,miRNA,FLUDARABINE,DB01073,657237,145,199,145_199,1
hsa-mir-181a-5p,miRNA,IMATINIB,DB00619,5291,145,41,145_41,1
hsa-mir-181a-5p,miRNA,CISPLATIN,DB00515,5460033,145,103,145_103,1
hsa-mir-181a-5p,miRNA,CYTARABINE,DB00987,6253,145,35,145_35,1
hsa-mir-181a-5p,miRNA,DEXAMETHASONE,DB01234,5743,145,43,145_43,1
hsa-mir-181a-5p,miRNA,DAUNORUBICIN,DB00694,30323,145,88,145_88,1
hsa-mir-181a-5p,miRNA,FLUOROURACIL,DB00544,3385,145,7,145_7,1
hsa-mir-181a-5p,miRNA,TRICHOSTATIN A,DB04297,444732,145,10,145_10,1
hsa-mir-181a-5p,miRNA,CARBOPLATIN,DB00958,38904,145,90,145_90,1
hsa-mir-181a-5p,miRNA,VINCRISTINE,DB00541,5978,145,177,145_177,1
hsa-mir-181a-5p,miRNA,MITOMYCIN C,DB00305,5746,145,176,145_176,1
hsa-mir-181a-5p,miRNA,MITOXANTRONE,DB01204,4212,145,22,145_22,1
hsa-mir-181a-5p,miRNA,OXALIPLATIN,DB00526,6857599,145,204,145_204,1
hsa-mir-181a-5p,miRNA,DOCETAXEL,DB01248,148124,145,3,145_3,1
hsa-mir-181a-5p,miRNA,CAMPTOTHECIN,DB04690,24360,145,186,145_186,1
hsa-mir-181a-5p,miRNA,TAXANE,,9548828,145,124,145_124,1
hsa-mir-181a-5p,miRNA,TAMOXIFEN,DB00675,2733525,145,123,145_123,1
hsa-mir-181a-5p,miRNA,PACLITAXEL,DB01229,36314,145,67,145_67,1
hsa-mir-181a-5p,miRNA,PLATINUM,DB12257,23939,145,188,145_188,1
hsa-mir-181a-5p,miRNA,TEMOZOLOMIDE,DB00853,5394,145,174,145_174,1
hsa-mir-181a-5p,miRNA,GEMCITABINE,DB00441,60750,145,55,145_55,1
hsa-mir-181a-5p,miRNA,GEFITINIB,DB00317,123631,145,84,145_84,1
hsa-mir-181a-5p,miRNA,AMG51,,11858109,145,138,145_138,1
hsa-mir-181a-5p,miRNA,GSK1070916,,46885626,145,158,145_158,1
hsa-mir-181a-5p,miRNA,XL765,DB05241,49867926,145,153,145_153,1
hsa-mir-181a-5p,miRNA,PALBOCICLIB,DB09073,5330286,145,95,145_95,1
hsa-mir-181a-5p,miRNA,TOPOTECAN,DB01030,60699,145,50,145_50,1
hsa-mir-181a-5p,miRNA,CARMUSTINE,DB00262,2578,145,26,145_26,1
hsa-mir-181a-5p,miRNA,SIROLIMUS,DB00877,5284616,145,114,145_114,1
hsa-mir-181a-5p,miRNA,METFORMIN,DB00331,4091,145,18,145_18,1
hsa-mir-181a-5p,miRNA,BORTEZOMIB,DB00188,387447,145,17,145_17,1
hsa-mir-181a-5p,miRNA,VINORELBINE,DB00361,44424639,145,150,145_150,1
hsa-mir-181a-5p,miRNA,ETOPOSIDE,DB00773,36462,145,68,145_68,1
hsa-mir-181a-5p,miRNA,PREDNISONE,DB00635,5865,145,34,145_34,1
hsa-mir-181b-5p,miRNA,DOXORUBICIN,DB00997,31703,146,89,146_89,1
hsa-mir-181b-5p,miRNA,GEMCITABINE,DB00441,60750,146,55,146_55,1
hsa-mir-181b-5p,miRNA,SORAFENIB,DB00398,216239,146,74,146_74,1
hsa-mir-181b-5p,miRNA,CISPLATIN,DB00515,5460033,146,103,146_103,1
hsa-mir-181b-5p,miRNA,VINCRISTINE,DB00541,5978,146,177,146_177,1
hsa-mir-181b-5p,miRNA,IMATINIB,DB00619,5291,146,41,146_41,1
hsa-mir-181b-5p,miRNA,DOCETAXEL,DB01248,148124,146,3,146_3,1
hsa-mir-181b-5p,miRNA,FLUDARABINE,DB01073,657237,146,199,146_199,1
hsa-mir-181b-5p,miRNA,OXALIPLATIN,DB00526,6857599,146,204,146_204,1
hsa-mir-181b-5p,miRNA,TEMOZOLOMIDE,DB00853,5394,146,174,146_174,1
hsa-mir-181b-5p,miRNA,CYTARABINE,DB00987,6253,146,35,146_35,1
hsa-mir-181b-5p,miRNA,TENIPOSIDE,DB00444,452548,146,92,146_92,1
hsa-mir-181b-5p,miRNA,TAXANE,,9548828,146,124,146_124,1
hsa-mir-181b-5p,miRNA,TAMOXIFEN,DB00675,2733525,146,123,146_123,1
hsa-mir-181b-5p,miRNA,PACLITAXEL,DB01229,36314,146,67,146_67,2
hsa-mir-181b-5p,miRNA,PLATINUM,DB12257,23939,146,188,146_188,1
hsa-mir-181b-5p,miRNA,MITOXANTRONE,DB01204,4212,146,22,146_22,1
hsa-mir-181b-5p,miRNA,FLUOROURACIL,DB00544,3385,146,7,146_7,1
hsa-mir-181b-5p,miRNA,PALBOCICLIB,DB09073,5330286,146,95,146_95,1
hsa-mir-181b-5p,miRNA,RUXOLITINIB,DB08877,25126798,146,144,146_144,1
hsa-mir-181b-5p,miRNA,TOPOTECAN,DB01030,60699,146,50,146_50,1
hsa-mir-181b-5p,miRNA,METFORMIN,DB00331,4091,146,18,146_18,1
hsa-mir-181b-5p,miRNA,SIROLIMUS,DB00877,5284616,146,114,146_114,1
hsa-mir-181b-5p,miRNA,CELASTROL,,12302620,146,139,146_139,1
hsa-mir-181b-5p,miRNA,TAXOL,DB01229,36314,146,67,146_67,2
hsa-mir-181b-5p,miRNA,VINORELBINE,DB00361,44424639,146,150,146_150,1
hsa-mir-181b-5p,miRNA,ETOPOSIDE,DB00773,36462,146,68,146_68,1
hsa-mir-181c-5p,miRNA,DOXORUBICIN,DB00997,31703,147,89,147_89,1
hsa-mir-181c-5p,miRNA,VERAPAMIL,DB00661,2520,147,21,147_21,1
hsa-mir-181c-5p,miRNA,IMATINIB,DB00619,5291,147,41,147_41,1
hsa-mir-181c-5p,miRNA,GEMCITABINE,DB00441,60750,147,55,147_55,1
hsa-mir-181c-5p,miRNA,PACLITAXEL,DB01229,36314,147,67,147_67,1
hsa-mir-181c-5p,miRNA,FLUOROURACIL,DB00544,3385,147,7,147_7,1
hsa-mir-181c-5p,miRNA,TAMOXIFEN,DB00675,2733525,147,123,147_123,1
hsa-mir-181c-5p,miRNA,CURCUMIN,DB11672,969516,147,137,147_137,1
hsa-mir-181c-5p,miRNA,CISPLATIN,DB00515,5460033,147,103,147_103,1
hsa-mir-181c-5p,miRNA,FULVESTRANT,DB00947,17756771,147,134,147_134,1
hsa-mir-181c-5p,miRNA,GEFITINIB,DB00317,123631,147,84,147_84,1
hsa-mir-181c-5p,miRNA,CRIZOTINIB,DB08865,11626560,147,197,147_197,1
hsa-mir-181c-5p,miRNA,PLATINUM,DB12257,23939,147,188,147_188,1
hsa-mir-181c-5p,miRNA,RUXOLITINIB,DB08877,25126798,147,144,147_144,1
hsa-mir-1825,miRNA,SUNITINIB,DB01268,5329102,148,94,148_94,1
hsa-mir-1825,miRNA,GEMCITABINE,DB00441,60750,148,55,148_55,1
hsa-mir-1825,miRNA,FLUOROURACIL,DB00544,3385,148,7,148_7,1
hsa-mir-1825,miRNA,FULVESTRANT,DB00947,17756771,148,134,148_134,1
hsa-mir-1825,miRNA,TAMOXIFEN,DB00675,2733525,148,123,148_123,1
hsa-mir-1825,miRNA,ANTHRACYCLINE,DB00694,30323,148,88,148_88,1
hsa-mir-1825,miRNA,CYCLOPHOSPHAMIDE,DB00531,2907,148,16,148_16,1
hsa-mir-1825,miRNA,TAXOL,DB01229,36314,148,67,148_67,1
hsa-mir-1825,miRNA,METHOTREXATE,DB00563,126941,148,81,148_81,1
hsa-mir-1825,miRNA,CISPLATIN,DB00515,5460033,148,103,148_103,1
hsa-mir-183-5p,miRNA,DOXORUBICIN,DB00997,31703,149,89,149_89,1
hsa-mir-183-5p,miRNA,IMATINIB,DB00619,5291,149,41,149_41,1
hsa-mir-183-5p,miRNA,CISPLATIN,DB00515,5460033,149,103,149_103,1
hsa-mir-183-5p,miRNA,TAMOXIFEN,DB00675,2733525,149,123,149_123,1
hsa-mir-183-5p,miRNA,FLUOROURACIL,DB00544,3385,149,7,149_7,1
hsa-mir-183-5p,miRNA,VEMURAFENIB,DB08881,42611257,149,148,149_148,1
hsa-mir-183-5p,miRNA,DABRAFENIB,DB08912,44462760,149,142,149_142,1
hsa-mir-183-5p,miRNA,PACLITAXEL,DB01229,36314,149,67,149_67,1
hsa-mir-183-5p,miRNA,GEMCITABINE,DB00441,60750,149,55,149_55,1
hsa-mir-183-5p,miRNA,PLATINUM,DB12257,23939,149,188,149_188,1
hsa-mir-183-5p,miRNA,RUXOLITINIB,DB08877,25126798,149,144,149_144,1
hsa-mir-183-5p,miRNA,ONVANSERTIB,DB15110,49792852,149,156,149_156,1
hsa-mir-184,miRNA,CERITINIB,DB09063,57379345,150,160,150_160,1
hsa-mir-184,miRNA,ETOPOSIDE,DB00773,36462,150,68,150_68,1
hsa-mir-184,miRNA,OXALIPLATIN,DB00526,6857599,150,204,150_204,1
hsa-mir-184,miRNA,DOXORUBICIN,DB00997,31703,150,89,150_89,1
hsa-mir-184,miRNA,PLX-4720,DB06999,24180719,150,146,150_146,1
hsa-mir-184,miRNA,CISPLATIN,DB00515,5460033,150,103,150_103,1
hsa-mir-184,miRNA,DABRAFENIB,DB08912,44462760,150,142,150_142,1
hsa-mir-184,miRNA,VEMURAFENIB,DB08881,42611257,150,148,150_148,1
hsa-mir-184,miRNA,PANOBINOSTAT,DB06603,6918837,150,129,150_129,1
hsa-mir-184,miRNA,OSIMERTINIB,DB09330,71496458,150,161,150_161,1
hsa-mir-185-5p,miRNA,DOXORUBICIN,DB00997,31703,151,89,151_89,1
hsa-mir-185-5p,miRNA,GEMCITABINE,DB00441,60750,151,55,151_55,1
hsa-mir-185-5p,miRNA,CISPLATIN,DB00515,5460033,151,103,151_103,1
hsa-mir-185-5p,miRNA,OXALIPLATIN,DB00526,6857599,151,204,151_204,1
hsa-mir-185-5p,miRNA,FLUOROURACIL,DB00544,3385,151,7,151_7,1
hsa-mir-185-5p,miRNA,TAMOXIFEN,DB00675,2733525,151,123,151_123,1
hsa-mir-185-5p,miRNA,PLX-4720,DB06999,24180719,151,146,151_146,1
hsa-mir-185-5p,miRNA,PLATINUM,DB12257,23939,151,188,151_188,1
hsa-mir-185-5p,miRNA,PACLITAXEL,DB01229,36314,151,67,151_67,1
hsa-mir-185-5p,miRNA,TRAMETINIB,DB08911,11707110,151,101,151_101,1
hsa-mir-185-5p,miRNA,VEMURAFENIB,DB08881,42611257,151,148,151_148,1
hsa-mir-185-5p,miRNA,IMATINIB,DB00619,5291,151,41,151_41,1
hsa-mir-186-5p,miRNA,DOXORUBICIN,DB00997,31703,625,89,625_89,1
hsa-mir-186-5p,miRNA,VERAPAMIL,DB00661,2520,625,21,625_21,1
hsa-mir-186-5p,miRNA,CISPLATIN,DB00515,5460033,625,103,625_103,1
hsa-mir-186-5p,miRNA,TAMOXIFEN,DB00675,2733525,625,123,625_123,1
hsa-mir-186-5p,miRNA,PACLITAXEL,DB01229,36314,625,67,625_67,1
hsa-mir-186-5p,miRNA,SORAFENIB,DB00398,216239,625,74,625_74,1
hsa-mir-186-5p,miRNA,METHOTREXATE,DB00563,126941,625,81,625_81,1
hsa-mir-186-5p,miRNA,DAUNORUBICIN,DB00694,30323,625,88,625_88,1
hsa-mir-186-5p,miRNA,GEMCITABINE,DB00441,60750,625,55,625_55,1
hsa-mir-186-5p,miRNA,IMATINIB,DB00619,5291,625,41,625_41,1
hsa-mir-186-5p,miRNA,DECITABINE,DB01262,451668,625,91,625_91,1
hsa-mir-186-5p,miRNA,PALBOCICLIB,DB09073,5330286,625,95,625_95,1
hsa-mir-186-5p,miRNA,TEMOZOLOMIDE,DB00853,5394,625,174,625_174,1
hsa-mir-186-5p,miRNA,FLUOROURACIL,DB00544,3385,625,7,625_7,1
hsa-mir-187-3p,miRNA,DOXORUBICIN,DB00997,31703,152,89,152_89,1
hsa-mir-187-3p,miRNA,ETOPOSIDE,DB00773,36462,152,68,152_68,1
hsa-mir-187-3p,miRNA,BORTEZOMIB,DB00188,387447,152,17,152_17,1
hsa-mir-187-3p,miRNA,CISPLATIN,DB00515,5460033,152,103,152_103,1
hsa-mir-187-3p,miRNA,GEMCITABINE,DB00441,60750,152,55,152_55,1
hsa-mir-187-3p,miRNA,CYCLOPHOSPHAMIDE,DB00531,2907,152,16,152_16,1
hsa-mir-187-3p,miRNA,PACLITAXEL,DB01229,36314,152,67,152_67,1
hsa-mir-187-3p,miRNA,VINCRISTINE,DB00541,5978,152,177,152_177,1
hsa-mir-187-3p,miRNA,PREDNISONE,DB00635,5865,152,34,152_34,1
hsa-mir-187-3p,miRNA,VINBLASTINE,DB00570,442111,152,97,152_97,1
hsa-mir-187-3p,miRNA,VEMURAFENIB,DB08881,42611257,152,148,152_148,1
hsa-mir-187-3p,miRNA,DABRAFENIB,DB08912,44462760,152,142,152_142,1
hsa-mir-187-3p,miRNA,CERITINIB,DB09063,57379345,152,160,152_160,1
hsa-mir-187-3p,miRNA,TRAMETINIB,DB08911,11707110,152,101,152_101,1
hsa-mir-188-3p,miRNA,SORAFENIB,DB00398,216239,153,74,153_74,1
hsa-mir-188-5p,miRNA,CISPLATIN,DB00515,5460033,154,103,154_103,1
hsa-mir-188-5p,miRNA,PACLITAXEL,DB01229,36314,154,67,154_67,1
hsa-mir-188-5p,miRNA,FLUOROURACIL,DB00544,3385,154,7,154_7,1
hsa-mir-188-5p,miRNA,GEMCITABINE,DB00441,60750,154,55,154_55,1
hsa-mir-188-5p,miRNA,IMATINIB,DB00619,5291,154,41,154_41,1
hsa-mir-188-5p,miRNA,DOXORUBICIN,DB00997,31703,154,89,154_89,1
hsa-mir-188-5p,miRNA,ETOPOSIDE,DB00773,36462,154,68,154_68,1
hsa-mir-188-5p,miRNA,PLATINUM,DB12257,23939,154,188,154_188,1
hsa-mir-188-5p,miRNA,SORAFENIB,DB00398,216239,154,74,154_74,1
hsa-mir-188-5p,miRNA,DABRAFENIB,DB08912,44462760,154,142,154_142,1
hsa-mir-188-5p,miRNA,VEMURAFENIB,DB08881,42611257,154,148,154_148,1
hsa-mir-18a-5p,miRNA,DOXORUBICIN,DB00997,31703,155,89,155_89,1
hsa-mir-18a-5p,miRNA,VERAPAMIL,DB00661,2520,155,21,155_21,1
hsa-mir-18a-5p,miRNA,RIBAVIRIN,DB00811,37542,155,69,155_69,1
hsa-mir-18a-5p,miRNA,TAMOXIFEN,DB00675,2733525,155,123,155_123,1
hsa-mir-18a-5p,miRNA,CYCLOPAMINE,,442972,155,102,155_102,1
hsa-mir-18a-5p,miRNA,PACLITAXEL,DB01229,36314,155,67,155_67,1
hsa-mir-18a-5p,miRNA,CISPLATIN,DB00515,5460033,155,103,155_103,1
hsa-mir-18a-5p,miRNA,GEMCITABINE,DB00441,60750,155,55,155_55,1
hsa-mir-18a-5p,miRNA,FLUOROURACIL,DB00544,3385,155,7,155_7,1
hsa-mir-18a-5p,miRNA,SORAFENIB,DB00398,216239,155,74,155_74,1
hsa-mir-18a-5p,miRNA,VEMURAFENIB,DB08881,42611257,155,148,155_148,1
hsa-mir-18a-5p,miRNA,DABRAFENIB,DB08912,44462760,155,142,155_142,1
hsa-mir-18a-5p,miRNA,SUNITINIB,DB01268,5329102,155,94,155_94,1
hsa-mir-18a-5p,miRNA,FULVESTRANT,DB00947,17756771,155,134,155_134,1
hsa-mir-18a-5p,miRNA,TRAMETINIB,DB08911,11707110,155,101,155_101,1
hsa-mir-18a-5p,miRNA,TIVANTINIB,DB12200,11494412,155,51,155_51,1
hsa-mir-18a-5p,miRNA,DEXAMETHASONE,DB01234,5743,155,43,155_43,1
hsa-mir-18a-5p,miRNA,GEFITINIB,DB00317,123631,155,84,155_84,1
hsa-mir-18b-5p,miRNA,DOXORUBICIN,DB00997,31703,156,89,156_89,1
hsa-mir-18b-5p,miRNA,IMATINIB,DB00619,5291,156,41,156_41,1
hsa-mir-18b-5p,miRNA,TAMOXIFEN,DB00675,2733525,156,123,156_123,1
hsa-mir-18b-5p,miRNA,CISPLATIN,DB00515,5460033,156,103,156_103,1
hsa-mir-18b-5p,miRNA,GEMCITABINE,DB00441,60750,156,55,156_55,1
hsa-mir-18b-5p,miRNA,FLUOROURACIL,DB00544,3385,156,7,156_7,1
hsa-mir-18b-5p,miRNA,SORAFENIB,DB00398,216239,156,74,156_74,1
hsa-mir-18b-5p,miRNA,DABRAFENIB,DB08912,44462760,156,142,156_142,1
hsa-mir-18b-5p,miRNA,VEMURAFENIB,DB08881,42611257,156,148,156_148,1
hsa-mir-18b-5p,miRNA,PACLITAXEL,DB01229,36314,156,67,156_67,1
hsa-mir-18b-5p,miRNA,TRAMETINIB,DB08911,11707110,156,101,156_101,1
hsa-mir-18b-5p,miRNA,OXALIPLATIN,DB00526,6857599,156,204,156_204,1
hsa-mir-1908-5p,miRNA,CISPLATIN,DB00515,5460033,158,103,158_103,1
hsa-mir-1908-5p,miRNA,CARBOPLATIN,DB00958,38904,158,90,158_90,1
hsa-mir-1908-5p,miRNA,DOXORUBICIN,DB00997,31703,158,89,158_89,1
hsa-mir-1908-5p,miRNA,VINCRISTINE,DB00541,5978,158,177,158_177,1
hsa-mir-1908-5p,miRNA,MITOMYCIN C,DB00305,5746,158,176,158_176,1
hsa-mir-1908-5p,miRNA,OXALIPLATIN,DB00526,6857599,158,204,158_204,1
hsa-mir-1908-5p,miRNA,VINORELBINE,DB00361,44424639,158,150,158_150,1
hsa-mir-1908-5p,miRNA,PACLITAXEL,DB01229,36314,158,67,158_67,1
hsa-mir-1908-5p,miRNA,FLUOROURACIL,DB00544,3385,158,7,158_7,1
hsa-mir-1908-5p,miRNA,GEMCITABINE,DB00441,60750,158,55,158_55,1
hsa-mir-1908-5p,miRNA,BORTEZOMIB,DB00188,387447,158,17,158_17,1
hsa-mir-1908-5p,miRNA,TAMOXIFEN,DB00675,2733525,158,123,158_123,1
hsa-mir-1908-5p,miRNA,VEMURAFENIB,DB08881,42611257,158,148,158_148,1
hsa-mir-1908-5p,miRNA,DABRAFENIB,DB08912,44462760,158,142,158_142,1
hsa-mir-1908-5p,miRNA,FULVESTRANT,DB00947,17756771,158,134,158_134,1
hsa-mir-1909-3p,miRNA,OXALIPLATIN,DB00526,6857599,159,204,159_204,1
hsa-mir-1909-3p,miRNA,FLUOROURACIL,DB00544,3385,159,7,159_7,1
hsa-mir-1909-3p,miRNA,VEMURAFENIB,DB08881,42611257,159,148,159_148,1
hsa-mir-1909-3p,miRNA,DABRAFENIB,DB08912,44462760,159,142,159_142,1
hsa-mir-1909-3p,miRNA,PACLITAXEL,DB01229,36314,159,67,159_67,1
hsa-mir-1909-3p,miRNA,FULVESTRANT,DB00947,17756771,159,134,159_134,1
hsa-mir-1909-3p,miRNA,TAMOXIFEN,DB00675,2733525,159,123,159_123,1
hsa-mir-1909-3p,miRNA,CERITINIB,DB09063,57379345,159,160,159_160,1
hsa-mir-1909-3p,miRNA,CISPLATIN,DB00515,5460033,159,103,159_103,1
hsa-mir-190a-5p,miRNA,DOXORUBICIN,DB00997,31703,157,89,157_89,1
hsa-mir-190a-5p,miRNA,VERAPAMIL,DB00661,2520,157,21,157_21,1
hsa-mir-190a-5p,miRNA,CISPLATIN,DB00515,5460033,157,103,157_103,1
hsa-mir-190a-5p,miRNA,FLUOROURACIL,DB00544,3385,157,7,157_7,1
hsa-mir-190a-5p,miRNA,VINCRISTINE,DB00541,5978,157,177,157_177,1
hsa-mir-190a-5p,miRNA,TAMOXIFEN,DB00675,2733525,157,123,157_123,1
hsa-mir-190a-5p,miRNA,IMATINIB,DB00619,5291,157,41,157_41,1
hsa-mir-190a-5p,miRNA,CERITINIB,DB09063,57379345,157,160,157_160,1
hsa-mir-190a-5p,miRNA,SUNITINIB,DB01268,5329102,157,94,157_94,1
hsa-mir-190a-5p,miRNA,OXALIPLATIN,DB00526,6857599,157,204,157_204,1
hsa-mir-190b-5p,miRNA,DOCETAXEL,DB01248,148124,160,3,160_3,1
hsa-mir-190b-5p,miRNA,GEMCITABINE,DB00441,60750,160,55,160_55,1
hsa-mir-190b-5p,miRNA,TAMOXIFEN,DB00675,2733525,160,123,160_123,1
hsa-mir-191-5p,miRNA,DOXORUBICIN,DB00997,31703,161,89,161_89,1
hsa-mir-191-5p,miRNA,OXALIPLATIN,DB00526,6857599,161,204,161_204,1
hsa-mir-191-5p,miRNA,FLUOROURACIL,DB00544,3385,161,7,161_7,1
hsa-mir-191-5p,miRNA,DOCETAXEL,DB01248,148124,161,3,161_3,1
hsa-mir-191-5p,miRNA,GEMCITABINE,DB00441,60750,161,55,161_55,1
hsa-mir-191-5p,miRNA,CISPLATIN,DB00515,5460033,161,103,161_103,1
hsa-mir-191-5p,miRNA,DEXAMETHASONE,DB01234,5743,161,43,161_43,1
hsa-mir-191-5p,miRNA,TAMOXIFEN,DB00675,2733525,161,123,161_123,1
hsa-mir-191-5p,miRNA,PACLITAXEL,DB01229,36314,161,67,161_67,1
hsa-mir-191-5p,miRNA,FULVESTRANT,DB00947,17756771,161,134,161_134,1
hsa-mir-191-5p,miRNA,CERITINIB,DB09063,57379345,161,160,161_160,1
hsa-mir-191-5p,miRNA,PANOBINOSTAT,DB06603,6918837,161,129,161_129,1
hsa-mir-191-5p,miRNA,BORTEZOMIB,DB00188,387447,161,17,161_17,1
hsa-mir-1910-5p,miRNA,OXALIPLATIN,DB00526,6857599,162,204,162_204,1
hsa-mir-1910-5p,miRNA,VEMURAFENIB,DB08881,42611257,162,148,162_148,1
hsa-mir-1910-5p,miRNA,DABRAFENIB,DB08912,44462760,162,142,162_142,1
hsa-mir-1910-5p,miRNA,CURCUMIN,DB11672,969516,162,137,162_137,1
hsa-mir-1910-5p,miRNA,DOXORUBICIN,DB00997,31703,162,89,162_89,1
hsa-mir-1910-5p,miRNA,PONATINIB,DB08901,24826799,162,140,162_140,1
hsa-mir-1910-5p,miRNA,IMATINIB,DB00619,5291,162,41,162_41,1
hsa-mir-1910-5p,miRNA,TAMOXIFEN,DB00675,2733525,162,123,162_123,1
hsa-mir-1910-5p,miRNA,CERITINIB,DB09063,57379345,162,160,162_160,1
hsa-mir-1910-5p,miRNA,PACLITAXEL,DB01229,36314,162,67,162_67,1
hsa-mir-1911-5p,miRNA,DOXORUBICIN,DB00997,31703,163,89,163_89,1
hsa-mir-1913,miRNA,FLUOROURACIL,DB00544,3385,165,7,165_7,1
hsa-mir-1913,miRNA,GEMCITABINE,DB00441,60750,165,55,165_55,1
hsa-mir-1913,miRNA,CISPLATIN,DB00515,5460033,165,103,165_103,1
hsa-mir-1913,miRNA,CERITINIB,DB09063,57379345,165,160,165_160,1
hsa-mir-1914-5p,miRNA,FULVESTRANT,DB00947,17756771,166,134,166_134,1
hsa-mir-1914-5p,miRNA,TRAMETINIB,DB08911,11707110,166,101,166_101,1
hsa-mir-1914-5p,miRNA,VEMURAFENIB,DB08881,42611257,166,148,166_148,1
hsa-mir-1914-5p,miRNA,SORAFENIB,DB00398,216239,166,74,166_74,1
hsa-mir-1915-3p,miRNA,DOXORUBICIN,DB00997,31703,167,89,167_89,1
hsa-mir-1915-3p,miRNA,FLUOROURACIL,DB00544,3385,167,7,167_7,1
hsa-mir-1915-3p,miRNA,VINCRISTINE,DB00541,5978,167,177,167_177,1
hsa-mir-1915-3p,miRNA,MITOMYCIN C,DB00305,5746,167,176,167_176,1
hsa-mir-1915-3p,miRNA,OXALIPLATIN,DB00526,6857599,167,204,167_204,1
hsa-mir-1915-3p,miRNA,CARBOPLATIN,DB00958,38904,167,90,167_90,1
hsa-mir-1915-3p,miRNA,CISPLATIN,DB00515,5460033,167,103,167_103,1
hsa-mir-1915-3p,miRNA,GEMCITABINE,DB00441,60750,167,55,167_55,1
hsa-mir-1915-3p,miRNA,BORTEZOMIB,DB00188,387447,167,17,167_17,1
hsa-mir-1915-3p,miRNA,IMATINIB,DB00619,5291,167,41,167_41,1
hsa-mir-1915-3p,miRNA,PLATINUM,DB12257,23939,167,188,167_188,1
hsa-mir-1915-3p,miRNA,CAPECITABINE,DB01101,60953,167,48,167_48,1
hsa-mir-1915-3p,miRNA,VEMURAFENIB,DB08881,42611257,167,148,167_148,1
hsa-mir-1915-3p,miRNA,DABRAFENIB,DB08912,44462760,167,142,167_142,1
hsa-mir-1915-3p,miRNA,CURCUMIN,DB11672,969516,167,137,167_137,1
hsa-mir-1915-3p,miRNA,PACLITAXEL,DB01229,36314,167,67,167_67,1
hsa-mir-1915-3p,miRNA,FULVESTRANT,DB00947,17756771,167,134,167_134,1
hsa-mir-1915-3p,miRNA,TRAMETINIB,DB08911,11707110,167,101,167_101,1
hsa-mir-192-5p,miRNA,DOXORUBICIN,DB00997,31703,168,89,168_89,1
hsa-mir-192-5p,miRNA,DOCETAXEL,DB01248,148124,168,3,168_3,1
hsa-mir-192-5p,miRNA,SORAFENIB,DB00398,216239,168,74,168_74,1
hsa-mir-192-5p,miRNA,CISPLATIN,DB00515,5460033,168,103,168_103,1
hsa-mir-192-5p,miRNA,PAROXETINE,DB00715,43815,168,78,168_78,1
hsa-mir-192-5p,miRNA,SUNITINIB,DB01268,5329102,168,94,168_94,1
hsa-mir-192-5p,miRNA,OXALIPLATIN,DB00526,6857599,168,204,168_204,1
hsa-mir-192-5p,miRNA,PACLITAXEL,DB01229,36314,168,67,168_67,1
hsa-mir-192-5p,miRNA,BORTEZOMIB,DB00188,387447,168,17,168_17,1
hsa-mir-192-5p,miRNA,FLUOROURACIL,DB00544,3385,168,7,168_7,1
hsa-mir-192-5p,miRNA,GEMCITABINE,DB00441,60750,168,55,168_55,1
hsa-mir-192-5p,miRNA,PLX-4720,DB06999,24180719,168,146,168_146,1
hsa-mir-192-5p,miRNA,IMATINIB,DB00619,5291,168,41,168_41,1
hsa-mir-192-5p,miRNA,DABRAFENIB,DB08912,44462760,168,142,168_142,1
hsa-mir-192-5p,miRNA,VEMURAFENIB,DB08881,42611257,168,148,168_148,1
hsa-mir-192-5p,miRNA,ETOPOSIDE,DB00773,36462,168,68,168_68,1
hsa-mir-192-5p,miRNA,CERITINIB,DB09063,57379345,168,160,168_160,1
hsa-mir-192-5p,miRNA,PANOBINOSTAT,DB06603,6918837,168,129,168_129,1
hsa-mir-192-5p,miRNA,TRAMETINIB,DB08911,11707110,168,101,168_101,1
hsa-mir-192-5p,miRNA,GEFITINIB,DB00317,123631,168,84,168_84,1
hsa-mir-192-5p,miRNA,CURCUMIN,DB11672,969516,168,137,168_137,1
hsa-mir-192-5p,miRNA,METHOTREXATE,DB00563,126941,168,81,168_81,1
hsa-mir-192-5p,miRNA,VINORELBINE,DB00361,44424639,168,150,168_150,1
hsa-mir-192-5p,miRNA,VINCRISTINE,DB00541,5978,168,177,168_177,1
hsa-mir-192-5p,miRNA,PLATINUM,DB12257,23939,168,188,168_188,1
hsa-mir-193a-3p,miRNA,DOXORUBICIN,DB00997,31703,169,89,169_89,1
hsa-mir-193a-3p,miRNA,VERAPAMIL,DB00661,2520,169,21,169_21,1
hsa-mir-193a-3p,miRNA,TEMOZOLOMIDE,DB00853,5394,169,174,169_174,1
hsa-mir-193a-3p,miRNA,NAVITOCLAX,DB12340,24978538,169,209,169_209,1
hsa-mir-193a-3p,miRNA,CISPLATIN,DB00515,5460033,169,103,169_103,1
hsa-mir-193a-3p,miRNA,TAMOXIFEN,DB00675,2733525,169,123,169_123,1
hsa-mir-193a-3p,miRNA,FLUOROURACIL,DB00544,3385,169,7,169_7,1
hsa-mir-193a-3p,miRNA,PAROXETINE,DB00715,43815,169,78,169_78,1
hsa-mir-193a-3p,miRNA,SUNITINIB,DB01268,5329102,169,94,169_94,1
hsa-mir-193a-3p,miRNA,OXALIPLATIN,DB00526,6857599,169,204,169_204,1
hsa-mir-193a-3p,miRNA,GEMCITABINE,DB00441,60750,169,55,169_55,1
hsa-mir-193a-3p,miRNA,PACLITAXEL,DB01229,36314,169,67,169_67,1
hsa-mir-193a-3p,miRNA,EPIRUBICIN HYDROCHLORIDE,,65348,169,60,169_60,1
hsa-mir-193a-3p,miRNA,PIRARUBICIN,DB11616,11296583,169,135,169_135,1
hsa-mir-193a-3p,miRNA,PLATINUM,DB12257,23939,169,188,169_188,1
hsa-mir-193a-3p,miRNA,DOCETAXEL,DB01248,148124,169,3,169_3,1
hsa-mir-193a-3p,miRNA,VINORELBINE,DB00361,44424639,169,150,169_150,1
hsa-mir-193a-3p,miRNA,DABRAFENIB,DB08912,44462760,169,142,169_142,1
hsa-mir-193a-3p,miRNA,VEMURAFENIB,DB08881,42611257,169,148,169_148,1
hsa-mir-193a-3p,miRNA,CERITINIB,DB09063,57379345,169,160,169_160,1
hsa-mir-193a-3p,miRNA,GEFITINIB,DB00317,123631,169,84,169_84,1
hsa-mir-193a-3p,miRNA,YUANHUADINE,,6440572,169,61,169_61,1
hsa-mir-193a-3p,miRNA,IMATINIB,DB00619,5291,169,41,169_41,1
hsa-mir-193a-3p,miRNA,4-ACETYLANTROQUINONOL B,,112500518,169,169,169_169,1
hsa-mir-193a-5p,miRNA,CISPLATIN,DB00515,5460033,170,103,170_103,1
hsa-mir-193a-5p,miRNA,PLATINUM,DB12257,23939,170,188,170_188,1
hsa-mir-193a-5p,miRNA,DABRAFENIB,DB08912,44462760,170,142,170_142,1
hsa-mir-193a-5p,miRNA,VEMURAFENIB,DB08881,42611257,170,148,170_148,1
hsa-mir-193a-5p,miRNA,TEMOZOLOMIDE,DB00853,5394,170,174,170_174,1
hsa-mir-193a-5p,miRNA,DOCETAXEL,DB01248,148124,170,3,170_3,1
hsa-mir-193a-5p,miRNA,CERITINIB,DB09063,57379345,170,160,170_160,1
hsa-mir-193a-5p,miRNA,PACLITAXEL,DB01229,36314,170,67,170_67,1
hsa-mir-193a-5p,miRNA,GEMCITABINE,DB00441,60750,170,55,170_55,1
hsa-mir-193a-5p,miRNA,FLUOROURACIL,DB00544,3385,170,7,170_7,1
hsa-mir-193a-5p,miRNA,OXALIPLATIN,DB00526,6857599,170,204,170_204,1
hsa-mir-193a-5p,miRNA,ESTRADIOL,DB00783,5757,170,33,170_33,1
hsa-mir-193b-3p,miRNA,DOXORUBICIN,DB00997,31703,171,89,171_89,1
hsa-mir-193b-3p,miRNA,SORAFENIB,DB00398,216239,171,74,171_74,1
hsa-mir-193b-3p,miRNA,CISPLATIN,DB00515,5460033,171,103,171_103,1
hsa-mir-193b-3p,miRNA,METHOTREXATE,DB00563,126941,171,81,171_81,1
hsa-mir-193b-3p,miRNA,ABT-737,DB17023,11228183,171,191,171_191,1
hsa-mir-193b-3p,miRNA,TAMOXIFEN,DB00675,2733525,171,123,171_123,1
hsa-mir-193b-3p,miRNA,CARBOPLATIN,DB00958,38904,171,90,171_90,1
hsa-mir-193b-3p,miRNA,CYCLOPAMINE,,442972,171,102,171_102,1
hsa-mir-193b-3p,miRNA,PACLITAXEL,DB01229,36314,171,67,171_67,1
hsa-mir-193b-3p,miRNA,OXALIPLATIN,DB00526,6857599,171,204,171_204,1
hsa-mir-193b-3p,miRNA,IMATINIB,DB00619,5291,171,41,171_41,1
hsa-mir-193b-3p,miRNA,FLUOROURACIL,DB00544,3385,171,7,171_7,1
hsa-mir-193b-3p,miRNA,DOCETAXEL,DB01248,148124,171,3,171_3,1
hsa-mir-193b-3p,miRNA,PLATINUM,DB12257,23939,171,188,171_188,1
hsa-mir-193b-3p,miRNA,PLX-4720,DB06999,24180719,171,146,171_146,1
hsa-mir-193b-3p,miRNA,CERITINIB,DB09063,57379345,171,160,171_160,1
hsa-mir-193b-3p,miRNA,TEMOZOLOMIDE,DB00853,5394,171,174,171_174,1
hsa-mir-193b-3p,miRNA,GEMCITABINE,DB00441,60750,171,55,171_55,1
hsa-mir-193b-3p,miRNA,GEFITINIB,DB00317,123631,171,84,171_84,1
hsa-mir-194-5p,miRNA,DOXORUBICIN,DB00997,31703,172,89,172_89,1
hsa-mir-194-5p,miRNA,DOCETAXEL,DB01248,148124,172,3,172_3,1
hsa-mir-194-5p,miRNA,CISPLATIN,DB00515,5460033,172,103,172_103,1
hsa-mir-194-5p,miRNA,PAROXETINE,DB00715,43815,172,78,172_78,1
hsa-mir-194-5p,miRNA,CARBOPLATIN,DB00958,38904,172,90,172_90,1
hsa-mir-194-5p,miRNA,VINCRISTINE,DB00541,5978,172,177,172_177,1
hsa-mir-194-5p,miRNA,MITOMYCIN C,DB00305,5746,172,176,172_176,1
hsa-mir-194-5p,miRNA,GEMCITABINE,DB00441,60750,172,55,172_55,1
hsa-mir-194-5p,miRNA,EPIRUBICIN,DB00445,41867,172,73,172_73,1
hsa-mir-194-5p,miRNA,PACLITAXEL,DB01229,36314,172,67,172_67,1
hsa-mir-194-5p,miRNA,FLUOROURACIL,DB00544,3385,172,7,172_7,1
hsa-mir-194-5p,miRNA,DABRAFENIB,DB08912,44462760,172,142,172_142,1
hsa-mir-194-5p,miRNA,VEMURAFENIB,DB08881,42611257,172,148,172_148,1
hsa-mir-194-5p,miRNA,SUNITINIB,DB01268,5329102,172,94,172_94,1
hsa-mir-194-5p,miRNA,CERITINIB,DB09063,57379345,172,160,172_160,1
hsa-mir-194-5p,miRNA,PANOBINOSTAT,DB06603,6918837,172,129,172_129,1
hsa-mir-194-5p,miRNA,TRAMETINIB,DB08911,11707110,172,101,172_101,1
hsa-mir-194-5p,miRNA,GEFITINIB,DB00317,123631,172,84,172_84,1
hsa-mir-194-5p,miRNA,SORAFENIB,DB00398,216239,172,74,172_74,1
hsa-mir-195-5p,miRNA,DOXORUBICIN,DB00997,31703,173,89,173_89,1
hsa-mir-195-5p,miRNA,TEMOZOLOMIDE,DB00853,5394,173,174,173_174,1
hsa-mir-195-5p,miRNA,DOCETAXEL,DB01248,148124,173,3,173_3,1
hsa-mir-195-5p,miRNA,FLUOROURACIL,DB00544,3385,173,7,173_7,1
hsa-mir-195-5p,miRNA,CISPLATIN,DB00515,5460033,173,103,173_103,1
hsa-mir-195-5p,miRNA,PACLITAXEL,DB01229,36314,173,67,173_67,1
hsa-mir-195-5p,miRNA,GEMCITABINE,DB00441,60750,173,55,173_55,1
hsa-mir-195-5p,miRNA,OXALIPLATIN,DB00526,6857599,173,204,173_204,1
hsa-mir-195-5p,miRNA,IMATINIB,DB00619,5291,173,41,173_41,1
hsa-mir-195-5p,miRNA,PREDNISOLONE,DB00860,5755,173,44,173_44,1
hsa-mir-195-5p,miRNA,SORAFENIB,DB00398,216239,173,74,173_74,1
hsa-mir-195-5p,miRNA,PLATINUM,DB12257,23939,173,188,173_188,1
hsa-mir-195-5p,miRNA,VEMURAFENIB,DB08881,42611257,173,148,173_148,1
hsa-mir-195-5p,miRNA,DABRAFENIB,DB08912,44462760,173,142,173_142,1
hsa-mir-195-5p,miRNA,FULVESTRANT,DB00947,17756771,173,134,173_134,1
hsa-mir-195-5p,miRNA,AZACITIDINE,DB00928,9444,173,179,173_179,1
hsa-mir-195-5p,miRNA,ERIBULIN,DB08871,73425383,173,166,173_166,1
hsa-mir-195-5p,miRNA,GEFITINIB,DB00317,123631,173,84,173_84,1
hsa-mir-196a-5p,miRNA,CISPLATIN,DB00515,5460033,174,103,174_103,1
hsa-mir-196a-5p,miRNA,DOXORUBICIN,DB00997,31703,174,89,174_89,1
hsa-mir-196a-5p,miRNA,VERAPAMIL,DB00661,2520,174,21,174_21,1
hsa-mir-196a-5p,miRNA,SORAFENIB,DB00398,216239,174,74,174_74,1
hsa-mir-196a-5p,miRNA,IMATINIB,DB00619,5291,174,41,174_41,1
hsa-mir-196a-5p,miRNA,10-HYDROXYCAMPTOTHECIN,DB12385,97226,174,205,174_205,1
hsa-mir-196a-5p,miRNA,TAMOXIFEN,DB00675,2733525,174,123,174_123,1
hsa-mir-196a-5p,miRNA,FULVESTRANT,DB00947,17756771,174,134,174_134,1
hsa-mir-196a-5p,miRNA,DOCETAXEL,DB01248,148124,174,3,174_3,1
hsa-mir-196a-5p,miRNA,OXALIPLATIN,DB00526,6857599,174,204,174_204,1
hsa-mir-196a-5p,miRNA,VEMURAFENIB,DB08881,42611257,174,148,174_148,1
hsa-mir-196a-5p,miRNA,DABRAFENIB,DB08912,44462760,174,142,174_142,1
hsa-mir-196a-5p,miRNA,CERITINIB,DB09063,57379345,174,160,174_160,1
hsa-mir-196a-5p,miRNA,GEFITINIB,DB00317,123631,174,84,174_84,1
hsa-mir-196a-5p,miRNA,YUANHUADINE,,6440572,174,61,174_61,1
hsa-mir-196a-5p,miRNA,PACLITAXEL,DB01229,36314,174,67,174_67,1
hsa-mir-196a-5p,miRNA,TRAMETINIB,DB08911,11707110,174,101,174_101,1
hsa-mir-196a-5p,miRNA,GEMCITABINE,DB00441,60750,174,55,174_55,1
hsa-mir-196b-5p,miRNA,DOXORUBICIN,DB00997,31703,175,89,175_89,1
hsa-mir-196b-5p,miRNA,VERAPAMIL,DB00661,2520,175,21,175_21,1
hsa-mir-196b-5p,miRNA,10-HYDROXYCAMPTOTHECIN,DB12385,97226,175,205,175_205,1
hsa-mir-196b-5p,miRNA,CAPECITABINE,DB01101,60953,175,48,175_48,1
hsa-mir-196b-5p,miRNA,FLUOROURACIL,DB00544,3385,175,7,175_7,1
hsa-mir-196b-5p,miRNA,OXALIPLATIN,DB00526,6857599,175,204,175_204,1
hsa-mir-196b-5p,miRNA,DOCETAXEL,DB01248,148124,175,3,175_3,1
hsa-mir-196b-5p,miRNA,GEMCITABINE,DB00441,60750,175,55,175_55,1
hsa-mir-196b-5p,miRNA,ETOPOSIDE,DB00773,36462,175,68,175_68,1
hsa-mir-196b-5p,miRNA,SUNITINIB,DB01268,5329102,175,94,175_94,1
hsa-mir-196b-5p,miRNA,CISPLATIN,DB00515,5460033,175,103,175_103,1
hsa-mir-196b-5p,miRNA,PACLITAXEL,DB01229,36314,175,67,175_67,1
hsa-mir-196b-5p,miRNA,TAMOXIFEN,DB00675,2733525,175,123,175_123,1
hsa-mir-196b-5p,miRNA,TENIPOSIDE,DB00444,452548,175,92,175_92,1
hsa-mir-196b-5p,miRNA,TRAMETINIB,DB08911,11707110,175,101,175_101,1
hsa-mir-196b-5p,miRNA,VEMURAFENIB,DB08881,42611257,175,148,175_148,1
hsa-mir-196b-5p,miRNA,TEMOZOLOMIDE,DB00853,5394,175,174,175_174,1
hsa-mir-196b-5p,miRNA,DABRAFENIB,DB08912,44462760,175,142,175_142,1
hsa-mir-197-3p,miRNA,PACLITAXEL,DB01229,36314,176,67,176_67,2
hsa-mir-197-3p,miRNA,ETOPOSIDE,DB00773,36462,176,68,176_68,1
hsa-mir-197-3p,miRNA,DOCETAXEL,DB01248,148124,176,3,176_3,1
hsa-mir-197-3p,miRNA,TAMOXIFEN,DB00675,2733525,176,123,176_123,1
hsa-mir-197-3p,miRNA,ERLOTINIB,DB00530,176870,176,85,176_85,1
hsa-mir-197-3p,miRNA,CISPLATIN,DB00515,5460033,176,103,176_103,1
hsa-mir-197-3p,miRNA,DOXORUBICIN,DB00997,31703,176,89,176_89,1
hsa-mir-197-3p,miRNA,FLUOROURACIL,DB00544,3385,176,7,176_7,1
hsa-mir-197-3p,miRNA,VINCRISTINE,DB00541,5978,176,177,176_177,1
hsa-mir-197-3p,miRNA,OXALIPLATIN,DB00526,6857599,176,204,176_204,1
hsa-mir-197-3p,miRNA,VINORELBINE,DB00361,44424639,176,150,176_150,1
hsa-mir-197-3p,miRNA,TAXOL,DB01229,36314,176,67,176_67,2
hsa-mir-197-3p,miRNA,PLATINUM,DB12257,23939,176,188,176_188,1
hsa-mir-197-3p,miRNA,MITOXANTRONE,DB01204,4212,176,22,176_22,1
hsa-mir-197-3p,miRNA,EPIRUBICIN,DB00445,41867,176,73,176_73,1
hsa-mir-197-3p,miRNA,SUNITINIB,DB01268,5329102,176,94,176_94,1
hsa-mir-197-3p,miRNA,TRAMETINIB,DB08911,11707110,176,101,176_101,1
hsa-mir-197-3p,miRNA,VEMURAFENIB,DB08881,42611257,176,148,176_148,1
hsa-mir-197-3p,miRNA,GEFITINIB,DB00317,123631,176,84,176_84,1
hsa-mir-197-3p,miRNA,GEMCITABINE,DB00441,60750,176,55,176_55,1
hsa-mir-197-3p,miRNA,DABRAFENIB,DB08912,44462760,176,142,176_142,1
hsa-mir-197-3p,miRNA,CELASTROL,,12302620,176,139,176_139,1
hsa-mir-197-3p,miRNA,BORTEZOMIB,DB00188,387447,176,17,176_17,1
hsa-mir-1973,miRNA,CISPLATIN,DB00515,5460033,599,103,599_103,1
hsa-mir-1973,miRNA,PACLITAXEL,DB01229,36314,599,67,599_67,1
hsa-mir-1973,miRNA,IMATINIB,DB00619,5291,599,41,599_41,1
hsa-mir-1973,miRNA,VEMURAFENIB,DB08881,42611257,599,148,599_148,1
hsa-mir-1973,miRNA,TRAMETINIB,DB08911,11707110,599,101,599_101,1
hsa-mir-1973,miRNA,PALBOCICLIB,DB09073,5330286,599,95,599_95,1
hsa-mir-1973,miRNA,GEMCITABINE,DB00441,60750,599,55,599_55,1
hsa-mir-1976,miRNA,FLUOROURACIL,DB00544,3385,600,7,600_7,1
hsa-mir-1976,miRNA,GEMCITABINE,DB00441,60750,600,55,600_55,1
hsa-mir-1976,miRNA,DOXORUBICIN,DB00997,31703,600,89,600_89,1
hsa-mir-1976,miRNA,TRAMETINIB,DB08911,11707110,600,101,600_101,1
hsa-mir-1976,miRNA,VEMURAFENIB,DB08881,42611257,600,148,600_148,1
hsa-mir-198,miRNA,CAPECITABINE,DB01101,60953,177,48,177_48,1
hsa-mir-198,miRNA,CISPLATIN,DB00515,5460033,177,103,177_103,1
hsa-mir-198,miRNA,ETOPOSIDE,DB00773,36462,177,68,177_68,1
hsa-mir-198,miRNA,OXALIPLATIN,DB00526,6857599,177,204,177_204,1
hsa-mir-198,miRNA,PLATINUM,DB12257,23939,177,188,177_188,1
hsa-mir-198,miRNA,TAMOXIFEN,DB00675,2733525,177,123,177_123,1
hsa-mir-198,miRNA,FLUOROURACIL,DB00544,3385,177,7,177_7,1
hsa-mir-198,miRNA,TEMOZOLOMIDE,DB00853,5394,177,174,177_174,1
hsa-mir-199a-3p,miRNA,DOXORUBICIN,DB00997,31703,178,89,178_89,1
hsa-mir-199a-3p,miRNA,PLATINUM,DB12257,23939,178,188,178_188,1
hsa-mir-199a-3p,miRNA,CISPLATIN,DB00515,5460033,178,103,178_103,1
hsa-mir-199a-3p,miRNA,DABRAFENIB,DB08912,44462760,178,142,178_142,1
hsa-mir-199a-3p,miRNA,VEMURAFENIB,DB08881,42611257,178,148,178_148,1
hsa-mir-199a-3p,miRNA,AZACITIDINE,DB00928,9444,178,179,178_179,1
hsa-mir-199a-3p,miRNA,CARBOPLATIN,DB00958,38904,178,90,178_90,1
hsa-mir-199a-3p,miRNA,TAXOL,DB01229,36314,178,67,178_67,1
hsa-mir-199a-5p,miRNA,DOXORUBICIN,DB00997,31703,179,89,179_89,1
hsa-mir-199a-5p,miRNA,PACLITAXEL,DB01229,36314,179,67,179_67,2
hsa-mir-199a-5p,miRNA,VERAPAMIL,DB00661,2520,179,21,179_21,1
hsa-mir-199a-5p,miRNA,DOCETAXEL,DB01248,148124,179,3,179_3,1
hsa-mir-199a-5p,miRNA,CISPLATIN,DB00515,5460033,179,103,179_103,1
hsa-mir-199a-5p,miRNA,TRICHOSTATIN A,DB04297,444732,179,10,179_10,1
hsa-mir-199a-5p,miRNA,SUNITINIB,DB01268,5329102,179,94,179_94,1
hsa-mir-199a-5p,miRNA,VINORELBINE,DB00361,44424639,179,150,179_150,1
hsa-mir-199a-5p,miRNA,TAMOXIFEN,DB00675,2733525,179,123,179_123,1
hsa-mir-199a-5p,miRNA,VINCRISTINE,DB00541,5978,179,177,179_177,1
hsa-mir-199a-5p,miRNA,PLATINUM,DB12257,23939,179,188,179_188,1
hsa-mir-199a-5p,miRNA,IMATINIB,DB00619,5291,179,41,179_41,1
hsa-mir-199a-5p,miRNA,GEMCITABINE,DB00441,60750,179,55,179_55,1
hsa-mir-199a-5p,miRNA,SORAFENIB,DB00398,216239,179,74,179_74,1
hsa-mir-199a-5p,miRNA,FLUOROURACIL,DB00544,3385,179,7,179_7,1
hsa-mir-199a-5p,miRNA,TEMOZOLOMIDE,DB00853,5394,179,174,179_174,1
hsa-mir-199a-5p,miRNA,METHOTREXATE,DB00563,126941,179,81,179_81,1
hsa-mir-199a-5p,miRNA,SN-38,,104842,179,38,179_38,1
hsa-mir-199a-5p,miRNA,TOPOTECAN,DB01030,60699,179,50,179_50,1
hsa-mir-199a-5p,miRNA,OXALIPLATIN,DB00526,6857599,179,204,179_204,1
hsa-mir-199a-5p,miRNA,CELASTROL,,12302620,179,139,179_139,1
hsa-mir-199a-5p,miRNA,TAXOL,DB01229,36314,179,67,179_67,2
hsa-mir-199b-5p,miRNA,DOXORUBICIN,DB00997,31703,626,89,626_89,1
hsa-mir-199b-5p,miRNA,VERAPAMIL,DB00661,2520,626,21,626_21,1
hsa-mir-199b-5p,miRNA,CISPLATIN,DB00515,5460033,626,103,626_103,1
hsa-mir-199b-5p,miRNA,OXALIPLATIN,DB00526,6857599,626,204,626_204,1
hsa-mir-199b-5p,miRNA,VINORELBINE,DB00361,44424639,626,150,626_150,1
hsa-mir-199b-5p,miRNA,IMATINIB,DB00619,5291,626,41,626_41,1
hsa-mir-199b-5p,miRNA,PLATINUM,DB12257,23939,626,188,626_188,1
hsa-mir-199b-5p,miRNA,TAMOXIFEN,DB00675,2733525,626,123,626_123,1
hsa-mir-199b-5p,miRNA,TRAMETINIB,DB08911,11707110,626,101,626_101,1
hsa-mir-199b-5p,miRNA,VEMURAFENIB,DB08881,42611257,626,148,626_148,1
hsa-mir-199b-5p,miRNA,PACLITAXEL,DB01229,36314,626,67,626_67,1
hsa-mir-199b-5p,miRNA,SORAFENIB,DB00398,216239,626,74,626_74,1
hsa-mir-199b-5p,miRNA,GEMCITABINE,DB00441,60750,626,55,626_55,1
hsa-mir-199b-5p,miRNA,FLUOROURACIL,DB00544,3385,626,7,626_7,1
hsa-mir-199b-5p,miRNA,DABRAFENIB,DB08912,44462760,626,142,626_142,1
hsa-mir-19a-3p,miRNA,DOXORUBICIN,DB00997,31703,627,89,627_89,1
hsa-mir-19a-3p,miRNA,VERAPAMIL,DB00661,2520,627,21,627_21,1
hsa-mir-19a-3p,miRNA,CISPLATIN,DB00515,5460033,627,103,627_103,1
hsa-mir-19a-3p,miRNA,TAMOXIFEN,DB00675,2733525,627,123,627_123,1
hsa-mir-19a-3p,miRNA,VINCRISTINE,DB00541,5978,627,177,627_177,1
hsa-mir-19a-3p,miRNA,CARBOPLATIN,DB00958,38904,627,90,627_90,1
hsa-mir-19a-3p,miRNA,GEMCITABINE,DB00441,60750,627,55,627_55,1
hsa-mir-19a-3p,miRNA,PACLITAXEL,DB01229,36314,627,67,627_67,1
hsa-mir-19a-3p,miRNA,EPIRUBICIN,DB00445,41867,627,73,627_73,1
hsa-mir-19a-3p,miRNA,BORTEZOMIB,DB00188,387447,627,17,627_17,1
hsa-mir-19a-3p,miRNA,DEXAMETHASONE,DB01234,5743,627,43,627_43,1
hsa-mir-19a-3p,miRNA,PLATINUM,DB12257,23939,627,188,627_188,1
hsa-mir-19a-3p,miRNA,VEMURAFENIB,DB08881,42611257,627,148,627_148,1
hsa-mir-19a-3p,miRNA,DABRAFENIB,DB08912,44462760,627,142,627_142,1
hsa-mir-19a-3p,miRNA,GEFITINIB,DB00317,123631,627,84,627_84,1
hsa-mir-19a-3p,miRNA,FULVESTRANT,DB00947,17756771,627,134,627_134,1
hsa-mir-19a-3p,miRNA,FLUOROURACIL,DB00544,3385,627,7,627_7,1
hsa-mir-19a-3p,miRNA,SORAFENIB,DB00398,216239,627,74,627_74,1
hsa-mir-19a-3p,miRNA,TRAMETINIB,DB08911,11707110,627,101,627_101,1
hsa-mir-19a-3p,miRNA,OXALIPLATIN,DB00526,6857599,627,204,627_204,1
hsa-mir-19a-3p,miRNA,METFORMIN,DB00331,4091,627,18,627_18,1
hsa-mir-19a-3p,miRNA,TEMOZOLOMIDE,DB00853,5394,627,174,627_174,1
hsa-mir-19b-3p,miRNA,DOXORUBICIN,DB00997,31703,180,89,180_89,1
hsa-mir-19b-3p,miRNA,VERAPAMIL,DB00661,2520,180,21,180_21,1
hsa-mir-19b-3p,miRNA,ETOPOSIDE,DB00773,36462,180,68,180_68,1
hsa-mir-19b-3p,miRNA,CISPLATIN,DB00515,5460033,180,103,180_103,1
hsa-mir-19b-3p,miRNA,10-HYDROXYCAMPTOTHECIN,DB12385,97226,180,205,180_205,1
hsa-mir-19b-3p,miRNA,TAMOXIFEN,DB00675,2733525,180,123,180_123,1
hsa-mir-19b-3p,miRNA,FLUOROURACIL,DB00544,3385,180,7,180_7,1
hsa-mir-19b-3p,miRNA,VINCRISTINE,DB00541,5978,180,177,180_177,1
hsa-mir-19b-3p,miRNA,GEMCITABINE,DB00441,60750,180,55,180_55,1
hsa-mir-19b-3p,miRNA,PACLITAXEL,DB01229,36314,180,67,180_67,1
hsa-mir-19b-3p,miRNA,TAXANE,,9548828,180,124,180_124,1
hsa-mir-19b-3p,miRNA,DEXAMETHASONE,DB01234,5743,180,43,180_43,1
hsa-mir-19b-3p,miRNA,PLATINUM,DB12257,23939,180,188,180_188,1
hsa-mir-19b-3p,miRNA,VEMURAFENIB,DB08881,42611257,180,148,180_148,1
hsa-mir-19b-3p,miRNA,OXALIPLATIN,DB00526,6857599,180,204,180_204,1
hsa-mir-19b-3p,miRNA,DAUNORUBICIN,DB00694,30323,180,88,180_88,1
hsa-mir-19b-3p,miRNA,SARACATINIB,DB11805,10302451,180,83,180_83,1
hsa-mir-19b-3p,miRNA,TRAMETINIB,DB08911,11707110,180,101,180_101,1
hsa-mir-19b-3p,miRNA,TEMOZOLOMIDE,DB00853,5394,180,174,180_174,1
hsa-mir-19b-3p,miRNA,SORAFENIB,DB00398,216239,180,74,180_74,1
hsa-mir-19b-3p,miRNA,BORTEZOMIB,DB00188,387447,180,17,180_17,1
hsa-mir-19b-3p,miRNA,APITOLISIB,DB12180,25254071,180,201,180_201,1
hsa-mir-200a-3p,miRNA,DOXORUBICIN,DB00997,31703,181,89,181_89,1
hsa-mir-200a-3p,miRNA,VERAPAMIL,DB00661,2520,181,21,181_21,1
hsa-mir-200a-3p,miRNA,CISPLATIN,DB00515,5460033,181,103,181_103,1
hsa-mir-200a-3p,miRNA,10-HYDROXYCAMPTOTHECIN,DB12385,97226,181,205,181_205,1
hsa-mir-200a-3p,miRNA,TAMOXIFEN,DB00675,2733525,181,123,181_123,1
hsa-mir-200a-3p,miRNA,CURCUMIN,DB11672,969516,181,137,181_137,1
hsa-mir-200a-3p,miRNA,PACLITAXEL,DB01229,36314,181,67,181_67,1
hsa-mir-200a-3p,miRNA,ERLOTINIB,DB00530,176870,181,85,181_85,1
hsa-mir-200a-3p,miRNA,"N-[(2R)-2,3-DIHYDROXYPROPOXY]-3,4-DIFLUORO-2-[(2-FLUORO-4-IODOPHENYL)AMINO]BENZAMIDE",,9826528,181,122,181_122,1
hsa-mir-200a-3p,miRNA,OXALIPLATIN,DB00526,6857599,181,204,181_204,1
hsa-mir-200a-3p,miRNA,GEMCITABINE,DB00441,60750,181,55,181_55,1
hsa-mir-200a-3p,miRNA,DOCETAXEL,DB01248,148124,181,3,181_3,1
hsa-mir-200a-3p,miRNA,FLUOROURACIL,DB00544,3385,181,7,181_7,1
hsa-mir-200a-3p,miRNA,VINCRISTINE,DB00541,5978,181,177,181_177,1
hsa-mir-200a-3p,miRNA,EPOXOMICIN,,11226684,181,185,181_185,1
hsa-mir-200a-3p,miRNA,GEFITINIB,DB00317,123631,181,84,181_84,1
hsa-mir-200a-3p,miRNA,SU11274,,9549297,181,193,181_193,1
hsa-mir-200a-3p,miRNA,METFORMIN,DB00331,4091,181,18,181_18,1
hsa-mir-200a-3p,miRNA,SUNITINIB,DB01268,5329102,181,94,181_94,1
hsa-mir-200a-3p,miRNA,OSIMERTINIB,DB09330,71496458,181,161,181_161,1
hsa-mir-200b-3p,miRNA,GEMCITABINE,DB00441,60750,182,55,182_55,1
hsa-mir-200b-3p,miRNA,DOXORUBICIN,DB00997,31703,182,89,182_89,1
hsa-mir-200b-3p,miRNA,DOCETAXEL,DB01248,148124,182,3,182_3,1
hsa-mir-200b-3p,miRNA,CISPLATIN,DB00515,5460033,182,103,182_103,1
hsa-mir-200b-3p,miRNA,10-HYDROXYCAMPTOTHECIN,DB12385,97226,182,205,182_205,1
hsa-mir-200b-3p,miRNA,TAMOXIFEN,DB00675,2733525,182,123,182_123,1
hsa-mir-200b-3p,miRNA,VINCRISTINE,DB00541,5978,182,177,182_177,1
hsa-mir-200b-3p,miRNA,ERLOTINIB,DB00530,176870,182,85,182_85,1
hsa-mir-200b-3p,miRNA,FULVESTRANT,DB00947,17756771,182,134,182_134,1
hsa-mir-200b-3p,miRNA,CURCUMIN,DB11672,969516,182,137,182_137,1
hsa-mir-200b-3p,miRNA,"N-[(2R)-2,3-DIHYDROXYPROPOXY]-3,4-DIFLUORO-2-[(2-FLUORO-4-IODOPHENYL)AMINO]BENZAMIDE",,9826528,182,122,182_122,1
hsa-mir-200b-3p,miRNA,OXALIPLATIN,DB00526,6857599,182,204,182_204,1
hsa-mir-200b-3p,miRNA,FLUOROURACIL,DB00544,3385,182,7,182_7,1
hsa-mir-200b-3p,miRNA,CELASTROL,,12302620,182,139,182_139,1
hsa-mir-200b-3p,miRNA,ETOPOSIDE,DB00773,36462,182,68,182_68,1
hsa-mir-200b-3p,miRNA,PACLITAXEL,DB01229,36314,182,67,182_67,1
hsa-mir-200b-3p,miRNA,EPOXOMICIN,,11226684,182,185,182_185,1
hsa-mir-200b-3p,miRNA,PLATINUM,DB12257,23939,182,188,182_188,1
hsa-mir-200b-3p,miRNA,GEFITINIB,DB00317,123631,182,84,182_84,1
hsa-mir-200b-3p,miRNA,TAXANE,,9548828,182,124,182_124,1
hsa-mir-200c-3p,miRNA,DOXORUBICIN,DB00997,31703,183,89,183_89,1
hsa-mir-200c-3p,miRNA,VERAPAMIL,DB00661,2520,183,21,183_21,1
hsa-mir-200c-3p,miRNA,EPOTHILONE B,,57336519,183,214,183_214,1
hsa-mir-200c-3p,miRNA,VINCRISTINE,DB00541,5978,183,177,183_177,1
hsa-mir-200c-3p,miRNA,PACLITAXEL,DB01229,36314,183,67,183_67,2
hsa-mir-200c-3p,miRNA,GEMCITABINE,DB00441,60750,183,55,183_55,1
hsa-mir-200c-3p,miRNA,CISPLATIN,DB00515,5460033,183,103,183_103,1
hsa-mir-200c-3p,miRNA,FLUOROURACIL,DB00544,3385,183,7,183_7,1
hsa-mir-200c-3p,miRNA,DAUNORUBICIN,DB00694,30323,183,88,183_88,2
hsa-mir-200c-3p,miRNA,PREDNISOLONE,DB00860,5755,183,44,183_44,1
hsa-mir-200c-3p,miRNA,10-HYDROXYCAMPTOTHECIN,DB12385,97226,183,205,183_205,1
hsa-mir-200c-3p,miRNA,TAMOXIFEN,DB00675,2733525,183,123,183_123,1
hsa-mir-200c-3p,miRNA,ERLOTINIB,DB00530,176870,183,85,183_85,1
hsa-mir-200c-3p,miRNA,CYCLOPAMINE,,442972,183,102,183_102,1
hsa-mir-200c-3p,miRNA,U0126,,3006531,183,131,183_131,1
hsa-mir-200c-3p,miRNA,PLX-4720,DB06999,24180719,183,146,183_146,1
hsa-mir-200c-3p,miRNA,DOCETAXEL,DB01248,148124,183,3,183_3,1
hsa-mir-200c-3p,miRNA,FULVESTRANT,DB00947,17756771,183,134,183_134,1
hsa-mir-200c-3p,miRNA,"N-[(2R)-2,3-DIHYDROXYPROPOXY]-3,4-DIFLUORO-2-[(2-FLUORO-4-IODOPHENYL)AMINO]BENZAMIDE",,9826528,183,122,183_122,1
hsa-mir-200c-3p,miRNA,OXALIPLATIN,DB00526,6857599,183,204,183_204,1
hsa-mir-200c-3p,miRNA,SORAFENIB,DB00398,216239,183,74,183_74,1
hsa-mir-200c-3p,miRNA,IMATINIB,DB00619,5291,183,41,183_41,1
hsa-mir-200c-3p,miRNA,TETRAHYDROPALMATINE,DB12093,72301,183,13,183_13,1
hsa-mir-200c-3p,miRNA,GEFITINIB,DB00317,123631,183,84,183_84,1
hsa-mir-200c-3p,miRNA,EPOXOMICIN,,11226684,183,185,183_185,1
hsa-mir-200c-3p,miRNA,CARBOPLATIN,DB00958,38904,183,90,183_90,1
hsa-mir-200c-3p,miRNA,DEXAMETHASONE,DB01234,5743,183,43,183_43,1
hsa-mir-200c-3p,miRNA,PLATINUM,DB12257,23939,183,188,183_188,1
hsa-mir-200c-3p,miRNA,METHOTREXATE,DB00563,126941,183,81,183_81,1
hsa-mir-200c-3p,miRNA,CRIZOTINIB,DB08865,11626560,183,197,183_197,1
hsa-mir-200c-3p,miRNA,TAXANE,,9548828,183,124,183_124,1
hsa-mir-200c-3p,miRNA,DABRAFENIB,DB08912,44462760,183,142,183_142,1
hsa-mir-200c-3p,miRNA,VEMURAFENIB,DB08881,42611257,183,148,183_148,1
hsa-mir-200c-3p,miRNA,BI853520,,46207957,183,154,183_154,1
hsa-mir-200c-3p,miRNA,OLAPARIB,DB09074,23725625,183,151,183_151,1
hsa-mir-200c-3p,miRNA,ANTHRACYCLINE,DB00694,30323,183,88,183_88,2
hsa-mir-200c-3p,miRNA,TAXOL,DB01229,36314,183,67,183_67,2
hsa-mir-200c-3p,miRNA,CYCLOPHOSPHAMIDE,DB00531,2907,183,16,183_16,1
hsa-mir-200c-3p,miRNA,OSIMERTINIB,DB09330,71496458,183,161,183_161,1
hsa-mir-202-3p,miRNA,CISPLATIN,DB00515,5460033,184,103,184_103,1
hsa-mir-202-3p,miRNA,ETOPOSIDE,DB00773,36462,184,68,184_68,1
hsa-mir-202-3p,miRNA,BORTEZOMIB,DB00188,387447,184,17,184_17,1
hsa-mir-202-3p,miRNA,DOXORUBICIN,DB00997,31703,184,89,184_89,1
hsa-mir-202-3p,miRNA,PLATINUM,DB12257,23939,184,188,184_188,1
hsa-mir-202-3p,miRNA,IMATINIB,DB00619,5291,184,41,184_41,1
hsa-mir-202-3p,miRNA,TRAMETINIB,DB08911,11707110,184,101,184_101,1
hsa-mir-202-3p,miRNA,VEMURAFENIB,DB08881,42611257,184,148,184_148,1
hsa-mir-202-3p,miRNA,FLUOROURACIL,DB00544,3385,184,7,184_7,1
hsa-mir-203a-3p,miRNA,DOXORUBICIN,DB00997,31703,185,89,185_89,1
hsa-mir-203a-3p,miRNA,TAMOXIFEN,DB00675,2733525,185,123,185_123,1
hsa-mir-203a-3p,miRNA,DAUNORUBICIN,DB00694,30323,185,88,185_88,1
hsa-mir-203a-3p,miRNA,PREDNISOLONE,DB00860,5755,185,44,185_44,1
hsa-mir-203a-3p,miRNA,VINCRISTINE,DB00541,5978,185,177,185_177,1
hsa-mir-203a-3p,miRNA,PACLITAXEL,DB01229,36314,185,67,185_67,1
hsa-mir-203a-3p,miRNA,DOCETAXEL,DB01248,148124,185,3,185_3,1
hsa-mir-203a-3p,miRNA,CISPLATIN,DB00515,5460033,185,103,185_103,1
hsa-mir-203a-3p,miRNA,IMATINIB,DB00619,5291,185,41,185_41,1
hsa-mir-203a-3p,miRNA,FLUOROURACIL,DB00544,3385,185,7,185_7,1
hsa-mir-203a-3p,miRNA,GEMCITABINE,DB00441,60750,185,55,185_55,1
hsa-mir-203a-3p,miRNA,OXALIPLATIN,DB00526,6857599,185,204,185_204,1
hsa-mir-203a-3p,miRNA,AG-1478,,2051,185,12,185_12,1
hsa-mir-203a-3p,miRNA,CANERTINIB HCL,,156413,185,58,185_58,1
hsa-mir-203a-3p,miRNA,TEMOZOLOMIDE,DB00853,5394,185,174,185_174,1
hsa-mir-203a-3p,miRNA,CURCUMIN,DB11672,969516,185,137,185_137,1
hsa-mir-203a-3p,miRNA,FULVESTRANT,DB00947,17756771,185,134,185_134,1
hsa-mir-203a-3p,miRNA,SUNITINIB,DB01268,5329102,185,94,185_94,1
hsa-mir-203a-3p,miRNA,GEFITINIB,DB00317,123631,185,84,185_84,1
hsa-mir-203a-3p,miRNA,METHOTREXATE,DB00563,126941,185,81,185_81,1
hsa-mir-203a-3p,miRNA,OSIMERTINIB,DB09330,71496458,185,161,185_161,1
hsa-mir-203a-3p,miRNA,APITOLISIB,DB12180,25254071,185,201,185_201,1
hsa-mir-204-5p,miRNA,PACLITAXEL,DB01229,36314,186,67,186_67,1
hsa-mir-204-5p,miRNA,GEMCITABINE,DB00441,60750,186,55,186_55,1
hsa-mir-204-5p,miRNA,CISPLATIN,DB00515,5460033,186,103,186_103,1
hsa-mir-204-5p,miRNA,FLUOROURACIL,DB00544,3385,186,7,186_7,1
hsa-mir-204-5p,miRNA,OXALIPLATIN,DB00526,6857599,186,204,186_204,1
hsa-mir-204-5p,miRNA,CYCLOPHOSPHAMIDE,DB00531,2907,186,16,186_16,1
hsa-mir-204-5p,miRNA,EPIRUBICIN,DB00445,41867,186,73,186_73,1
hsa-mir-204-5p,miRNA,DOXORUBICIN,DB00997,31703,186,89,186_89,1
hsa-mir-204-5p,miRNA,ETOPOSIDE,DB00773,36462,186,68,186_68,1
hsa-mir-204-5p,miRNA,SUNITINIB,DB01268,5329102,186,94,186_94,1
hsa-mir-204-5p,miRNA,PLATINUM,DB12257,23939,186,188,186_188,1
hsa-mir-204-5p,miRNA,DOCETAXEL,DB01248,148124,186,3,186_3,1
hsa-mir-204-5p,miRNA,DABRAFENIB,DB08912,44462760,186,142,186_142,1
hsa-mir-204-5p,miRNA,VEMURAFENIB,DB08881,42611257,186,148,186_148,1
hsa-mir-204-5p,miRNA,PONATINIB,DB08901,24826799,186,140,186_140,1
hsa-mir-204-5p,miRNA,IMATINIB,DB00619,5291,186,41,186_41,1
hsa-mir-204-5p,miRNA,CERITINIB,DB09063,57379345,186,160,186_160,1
hsa-mir-204-5p,miRNA,TRAMETINIB,DB08911,11707110,186,101,186_101,1
hsa-mir-204-5p,miRNA,SORAFENIB,DB00398,216239,186,74,186_74,1
hsa-mir-204-5p,miRNA,SIROLIMUS,DB00877,5284616,186,114,186_114,1
hsa-mir-204-5p,miRNA,ARSENIC TRIOXIDE,DB01169,261004,186,32,186_32,1
hsa-mir-204-5p,miRNA,METHOTREXATE,DB00563,126941,186,81,186_81,1
hsa-mir-204-5p,miRNA,TEMOZOLOMIDE,DB00853,5394,186,174,186_174,1
hsa-mir-205-5p,miRNA,DOXORUBICIN,DB00997,31703,187,89,187_89,1
hsa-mir-205-5p,miRNA,GEFITINIB,DB00317,123631,187,84,187_84,1
hsa-mir-205-5p,miRNA,LAPATINIB,DB01259,208908,187,46,187_46,1
hsa-mir-205-5p,miRNA,VERAPAMIL,DB00661,2520,187,21,187_21,1
hsa-mir-205-5p,miRNA,CISPLATIN,DB00515,5460033,187,103,187_103,1
hsa-mir-205-5p,miRNA,DOCETAXEL,DB01248,148124,187,3,187_3,1
hsa-mir-205-5p,miRNA,ERLOTINIB,DB00530,176870,187,85,187_85,1
hsa-mir-205-5p,miRNA,GEMCITABINE,DB00441,60750,187,55,187_55,1
hsa-mir-205-5p,miRNA,OXALIPLATIN,DB00526,6857599,187,204,187_204,1
hsa-mir-205-5p,miRNA,FLUOROURACIL,DB00544,3385,187,7,187_7,1
hsa-mir-205-5p,miRNA,EPIRUBICIN,DB00445,41867,187,73,187_73,1
hsa-mir-205-5p,miRNA,PACLITAXEL,DB01229,36314,187,67,187_67,1
hsa-mir-205-5p,miRNA,CARBOPLATIN,DB00958,38904,187,90,187_90,1
hsa-mir-205-5p,miRNA,PROGESTERONE,DB00396,5994,187,178,187_178,1
hsa-mir-205-5p,miRNA,CERITINIB,DB09063,57379345,187,160,187_160,1
hsa-mir-205-5p,miRNA,VEMURAFENIB,DB08881,42611257,187,148,187_148,1
hsa-mir-206,miRNA,DOXORUBICIN,DB00997,31703,188,89,188_89,1
hsa-mir-206,miRNA,VERAPAMIL,DB00661,2520,188,21,188_21,1
hsa-mir-206,miRNA,CISPLATIN,DB00515,5460033,188,103,188_103,1
hsa-mir-206,miRNA,SORAFENIB,DB00398,216239,188,74,188_74,1
hsa-mir-206,miRNA,PAROXETINE,DB00715,43815,188,78,188_78,1
hsa-mir-206,miRNA,OXALIPLATIN,DB00526,6857599,188,204,188_204,1
hsa-mir-206,miRNA,FLUOROURACIL,DB00544,3385,188,7,188_7,1
hsa-mir-206,miRNA,TAMOXIFEN,DB00675,2733525,188,123,188_123,1
hsa-mir-206,miRNA,LEVOTHROID,,23666112,188,141,188_141,1
hsa-mir-206,miRNA,GEFITINIB,DB00317,123631,188,84,188_84,1
hsa-mir-206,miRNA,PLATINUM,DB12257,23939,188,188,188_188,1
hsa-mir-206,miRNA,CURCUMIN,DB11672,969516,188,137,188_137,1
hsa-mir-206,miRNA,APITOLISIB,DB12180,25254071,188,201,188_201,1
hsa-mir-208a-3p,miRNA,GEMCITABINE,DB00441,60750,189,55,189_55,1
hsa-mir-208a-3p,miRNA,VEMURAFENIB,DB08881,42611257,189,148,189_148,1
hsa-mir-208b-3p,miRNA,PACLITAXEL,DB01229,36314,190,67,190_67,1
hsa-mir-208b-3p,miRNA,CISPLATIN,DB00515,5460033,190,103,190_103,1
hsa-mir-208b-3p,miRNA,OXALIPLATIN,DB00526,6857599,190,204,190_204,1
hsa-mir-20a-5p,miRNA,DOXORUBICIN,DB00997,31703,191,89,191_89,1
hsa-mir-20a-5p,miRNA,FLUOROURACIL,DB00544,3385,191,7,191_7,1
hsa-mir-20a-5p,miRNA,TENIPOSIDE,DB00444,452548,191,92,191_92,1
hsa-mir-20a-5p,miRNA,OXALIPLATIN,DB00526,6857599,191,204,191_204,1
hsa-mir-20a-5p,miRNA,CISPLATIN,DB00515,5460033,191,103,191_103,1
hsa-mir-20a-5p,miRNA,TAMOXIFEN,DB00675,2733525,191,123,191_123,1
hsa-mir-20a-5p,miRNA,DOCETAXEL,DB01248,148124,191,3,191_3,1
hsa-mir-20a-5p,miRNA,GEMCITABINE,DB00441,60750,191,55,191_55,1
hsa-mir-20a-5p,miRNA,PACLITAXEL,DB01229,36314,191,67,191_67,1
hsa-mir-20a-5p,miRNA,ETOPOSIDE,DB00773,36462,191,68,191_68,1
hsa-mir-20a-5p,miRNA,TAXANE,,9548828,191,124,191_124,1
hsa-mir-20a-5p,miRNA,DEXAMETHASONE,DB01234,5743,191,43,191_43,1
hsa-mir-20a-5p,miRNA,SORAFENIB,DB00398,216239,191,74,191_74,1
hsa-mir-20a-5p,miRNA,BORTEZOMIB,DB00188,387447,191,17,191_17,1
hsa-mir-20a-5p,miRNA,VEMURAFENIB,DB08881,42611257,191,148,191_148,1
hsa-mir-20a-5p,miRNA,CARBOPLATIN,DB00958,38904,191,90,191_90,1
hsa-mir-20a-5p,miRNA,METHOTREXATE,DB00563,126941,191,81,191_81,1
hsa-mir-20a-5p,miRNA,DAUNORUBICIN,DB00694,30323,191,88,191_88,1
hsa-mir-20a-5p,miRNA,VINCRISTINE,DB00541,5978,191,177,191_177,1
hsa-mir-20a-5p,miRNA,GEFITINIB,DB00317,123631,191,84,191_84,1
hsa-mir-20a-5p,miRNA,DABRAFENIB,DB08912,44462760,191,142,191_142,1
hsa-mir-20a-5p,miRNA,APITOLISIB,DB12180,25254071,191,201,191_201,1
hsa-mir-20a-5p,miRNA,TEMOZOLOMIDE,DB00853,5394,191,174,191_174,1
hsa-mir-21-5p,miRNA,GEMCITABINE,DB00441,60750,192,55,192_55,1
hsa-mir-21-5p,miRNA,TAMOXIFEN,DB00675,2733525,192,123,192_123,1
hsa-mir-21-5p,miRNA,PACLITAXEL,DB01229,36314,192,67,192_67,1
hsa-mir-21-5p,miRNA,CISPLATIN,DB00515,5460033,192,103,192_103,1
hsa-mir-21-5p,miRNA,HYDROGEN PEROXIDE,DB11091,784,192,20,192_20,1
hsa-mir-21-5p,miRNA,VERAPAMIL,DB00661,2520,192,21,192_21,1
hsa-mir-21-5p,miRNA,DOXORUBICIN,DB00997,31703,192,89,192_89,1
hsa-mir-21-5p,miRNA,TENIPOSIDE,DB00444,452548,192,92,192_92,1
hsa-mir-21-5p,miRNA,ARSENIC TRIOXIDE,DB01169,261004,192,32,192_32,1
hsa-mir-21-5p,miRNA,FLUOROURACIL,DB00544,3385,192,7,192_7,1
hsa-mir-21-5p,miRNA,DOCETAXEL,DB01248,148124,192,3,192_3,1
hsa-mir-21-5p,miRNA,TEMOZOLOMIDE,DB00853,5394,192,174,192_174,1
hsa-mir-21-5p,miRNA,CYTARABINE,DB00987,6253,192,35,192_35,1
hsa-mir-21-5p,miRNA,IMATINIB,DB00619,5291,192,41,192_41,1
hsa-mir-21-5p,miRNA,SP600125,,8515,192,181,192_181,1
hsa-mir-21-5p,miRNA,DAUNORUBICIN,DB00694,30323,192,88,192_88,1
hsa-mir-21-5p,miRNA,CYCLOPHOSPHAMIDE,DB00531,2907,192,16,192_16,1
hsa-mir-21-5p,miRNA,VINCRISTINE,DB00541,5978,192,177,192_177,1
hsa-mir-21-5p,miRNA,PREDNISONE,DB00635,5865,192,34,192_34,1
hsa-mir-21-5p,miRNA,ETOPOSIDE,DB00773,36462,192,68,192_68,1
hsa-mir-21-5p,miRNA,OXALIPLATIN,DB00526,6857599,192,204,192_204,1
hsa-mir-21-5p,miRNA,ERLOTINIB,DB00530,176870,192,85,192_85,1
hsa-mir-21-5p,miRNA,GEFITINIB,DB00317,123631,192,84,192_84,1
hsa-mir-21-5p,miRNA,BORTEZOMIB,DB00188,387447,192,17,192_17,1
hsa-mir-21-5p,miRNA,DIBENZIODOLIUM,,3101,192,5,192_5,1
hsa-mir-21-5p,miRNA,SUNITINIB,DB01268,5329102,192,94,192_94,1
hsa-mir-21-5p,miRNA,TAXANE,,9548828,192,124,192_124,1
hsa-mir-21-5p,miRNA,BETULINIC ACID,DB12480,64971,192,64,192_64,1
hsa-mir-21-5p,miRNA,SORAFENIB,DB00398,216239,192,74,192_74,1
hsa-mir-21-5p,miRNA,PLX-4720,DB06999,24180719,192,146,192_146,1
hsa-mir-21-5p,miRNA,VEMURAFENIB,DB08881,42611257,192,148,192_148,1
hsa-mir-21-5p,miRNA,FULVESTRANT,DB00947,17756771,192,134,192_134,1
hsa-mir-21-5p,miRNA,PINGYANGMYCIN,,84046,192,66,192_66,1
hsa-mir-21-5p,miRNA,CURCUMIN,DB11672,969516,192,137,192_137,1
hsa-mir-21-5p,miRNA,CARMUSTINE,DB00262,2578,192,26,192_26,1
hsa-mir-21-5p,miRNA,SIMVASTATIN,DB00641,54454,192,45,192_45,1
hsa-mir-21-5p,miRNA,TRAMETINIB,DB08911,11707110,192,101,192_101,1
hsa-mir-21-5p,miRNA,CERITINIB,DB09063,57379345,192,160,192_160,1
hsa-mir-21-5p,miRNA,CRIZOTINIB,DB08865,11626560,192,197,192_197,1
hsa-mir-21-5p,miRNA,SN-38,,104842,192,38,192_38,1
hsa-mir-21-5p,miRNA,RUXOLITINIB,DB08877,25126798,192,144,192_144,1
hsa-mir-21-5p,miRNA,ENZALUTAMIDE,DB08899,15951529,192,125,192_125,1
hsa-mir-21-5p,miRNA,PLATINUM,DB12257,23939,192,188,192_188,1
hsa-mir-210-3p,miRNA,DOXORUBICIN,DB00997,31703,193,89,193_89,1
hsa-mir-210-3p,miRNA,TEMOZOLOMIDE,DB00853,5394,193,174,193_174,1
hsa-mir-210-3p,miRNA,IMATINIB,DB00619,5291,193,41,193_41,1
hsa-mir-210-3p,miRNA,METHOTREXATE,DB00563,126941,193,81,193_81,1
hsa-mir-210-3p,miRNA,CISPLATIN,DB00515,5460033,193,103,193_103,1
hsa-mir-210-3p,miRNA,VINCRISTINE,DB00541,5978,193,177,193_177,1
hsa-mir-210-3p,miRNA,FLUOROURACIL,DB00544,3385,193,7,193_7,1
hsa-mir-210-3p,miRNA,PACLITAXEL,DB01229,36314,193,67,193_67,1
hsa-mir-210-3p,miRNA,DOCETAXEL,DB01248,148124,193,3,193_3,1
hsa-mir-210-3p,miRNA,ASPARAGINATE,,5460875,193,111,193_111,1
hsa-mir-210-3p,miRNA,DEXAMETHASONE,DB01234,5743,193,43,193_43,1
hsa-mir-210-3p,miRNA,DAUNORUBICIN,DB00694,30323,193,88,193_88,1
hsa-mir-210-3p,miRNA,GEMCITABINE,DB00441,60750,193,55,193_55,1
hsa-mir-210-3p,miRNA,TAXANE,,9548828,193,124,193_124,1
hsa-mir-210-3p,miRNA,PLATINUM,DB12257,23939,193,188,193_188,1
hsa-mir-210-3p,miRNA,TRAMETINIB,DB08911,11707110,193,101,193_101,1
hsa-mir-210-3p,miRNA,TAMOXIFEN,DB00675,2733525,193,123,193_123,1
hsa-mir-210-3p,miRNA,EPIRUBICIN,DB00445,41867,193,73,193_73,1
hsa-mir-210-3p,miRNA,VINORELBINE,DB00361,44424639,193,150,193_150,1
hsa-mir-210-3p,miRNA,1'-ACETOXYCHAVICOL ACETATE,,119104,193,76,193_76,1
hsa-mir-210-3p,miRNA,DABRAFENIB,DB08912,44462760,193,142,193_142,1
hsa-mir-210-3p,miRNA,VEMURAFENIB,DB08881,42611257,193,148,193_148,1
hsa-mir-210-3p,miRNA,VINBLASTINE,DB00570,442111,193,97,193_97,1
hsa-mir-210-3p,miRNA,FULVESTRANT,DB00947,17756771,193,134,193_134,1
hsa-mir-210-3p,miRNA,CERITINIB,DB09063,57379345,193,160,193_160,1
hsa-mir-210-3p,miRNA,PALBOCICLIB,DB09073,5330286,193,95,193_95,1
hsa-mir-210-3p,miRNA,SUNITINIB,DB01268,5329102,193,94,193_94,1
hsa-mir-210-3p,miRNA,SORAFENIB,DB00398,216239,193,74,193_74,1
hsa-mir-211-5p,miRNA,TEMOZOLOMIDE,DB00853,5394,194,174,194_174,1
hsa-mir-211-5p,miRNA,GEMCITABINE,DB00441,60750,194,55,194_55,1
hsa-mir-211-5p,miRNA,DOXORUBICIN,DB00997,31703,194,89,194_89,1
hsa-mir-211-5p,miRNA,VEMURAFENIB,DB08881,42611257,194,148,194_148,1
hsa-mir-211-5p,miRNA,CISPLATIN,DB00515,5460033,194,103,194_103,1
hsa-mir-211-5p,miRNA,TRAMETINIB,DB08911,11707110,194,101,194_101,1
hsa-mir-211-5p,miRNA,PLATINUM,DB12257,23939,194,188,194_188,1
hsa-mir-211-5p,miRNA,LIGUSTRAZINE,,14296,194,183,194_183,1
hsa-mir-2110,miRNA,CISPLATIN,DB00515,5460033,604,103,604_103,1
hsa-mir-2110,miRNA,GEMCITABINE,DB00441,60750,604,55,604_55,1
hsa-mir-2113,miRNA,GEMCITABINE,DB00441,60750,605,55,605_55,1
hsa-mir-2114-5p,miRNA,PACLITAXEL,DB01229,36314,606,67,606_67,1
hsa-mir-2114-5p,miRNA,CERITINIB,DB09063,57379345,606,160,606_160,1
hsa-mir-2114-5p,miRNA,TEMOZOLOMIDE,DB00853,5394,606,174,606_174,1
hsa-mir-2116-5p,miRNA,DOXORUBICIN,DB00997,31703,608,89,608_89,1
hsa-mir-2116-5p,miRNA,FULVESTRANT,DB00947,17756771,608,134,608_134,1
hsa-mir-2117,miRNA,IMATINIB,DB00619,5291,609,41,609_41,1
hsa-mir-212-3p,miRNA,DOXORUBICIN,DB00997,31703,195,89,195_89,1
hsa-mir-212-3p,miRNA,DOCETAXEL,DB01248,148124,195,3,195_3,1
hsa-mir-212-3p,miRNA,IMATINIB,DB00619,5291,195,41,195_41,1
hsa-mir-212-3p,miRNA,PAROXETINE,DB00715,43815,195,78,195_78,1
hsa-mir-212-3p,miRNA,PLATINUM,DB12257,23939,195,188,195_188,1
hsa-mir-212-3p,miRNA,CELASTROL,,12302620,195,139,195_139,1
hsa-mir-212-3p,miRNA,TAMOXIFEN,DB00675,2733525,195,123,195_123,1
hsa-mir-212-3p,miRNA,CISPLATIN,DB00515,5460033,195,103,195_103,1
hsa-mir-212-3p,miRNA,PACLITAXEL,DB01229,36314,195,67,195_67,1
hsa-mir-212-3p,miRNA,CERITINIB,DB09063,57379345,195,160,195_160,1
hsa-mir-212-3p,miRNA,GEFITINIB,DB00317,123631,195,84,195_84,1
hsa-mir-214-3p,miRNA,CISPLATIN,DB00515,5460033,196,103,196_103,1
hsa-mir-214-3p,miRNA,DOXORUBICIN,DB00997,31703,196,89,196_89,1
hsa-mir-214-3p,miRNA,GEFITINIB,DB00317,123631,196,84,196_84,1
hsa-mir-214-3p,miRNA,GEMCITABINE,DB00441,60750,196,55,196_55,1
hsa-mir-214-3p,miRNA,PACLITAXEL,DB01229,36314,196,67,196_67,2
hsa-mir-214-3p,miRNA,OXALIPLATIN,DB00526,6857599,196,204,196_204,1
hsa-mir-214-3p,miRNA,IMATINIB,DB00619,5291,196,41,196_41,1
hsa-mir-214-3p,miRNA,SUNITINIB,DB01268,5329102,196,94,196_94,1
hsa-mir-214-3p,miRNA,PLATINUM,DB12257,23939,196,188,196_188,1
hsa-mir-214-3p,miRNA,FULVESTRANT,DB00947,17756771,196,134,196_134,1
hsa-mir-214-3p,miRNA,TAMOXIFEN,DB00675,2733525,196,123,196_123,1
hsa-mir-214-3p,miRNA,ERLOTINIB,DB00530,176870,196,85,196_85,1
hsa-mir-214-3p,miRNA,FLUOROURACIL,DB00544,3385,196,7,196_7,1
hsa-mir-214-3p,miRNA,IBRUTINIB,DB09053,24821094,196,145,196_145,1
hsa-mir-214-3p,miRNA,VEMURAFENIB,DB08881,42611257,196,148,196_148,1
hsa-mir-214-3p,miRNA,CARBOPLATIN,DB00958,38904,196,90,196_90,1
hsa-mir-214-3p,miRNA,VINCRISTINE,DB00541,5978,196,177,196_177,1
hsa-mir-214-3p,miRNA,SORAFENIB,DB00398,216239,196,74,196_74,1
hsa-mir-214-3p,miRNA,ANTHRACYCLINE,DB00694,30323,196,88,196_88,1
hsa-mir-214-3p,miRNA,CYCLOPHOSPHAMIDE,DB00531,2907,196,16,196_16,1
hsa-mir-214-3p,miRNA,METHOTREXATE,DB00563,126941,196,81,196_81,1
hsa-mir-214-3p,miRNA,TAXOL,DB01229,36314,196,67,196_67,2
hsa-mir-215-5p,miRNA,DOXORUBICIN,DB00997,31703,197,89,197_89,1
hsa-mir-215-5p,miRNA,RALTITREXED,DB00293,135400182,197,164,197_164,1
hsa-mir-215-5p,miRNA,METHOTREXATE,DB00563,126941,197,81,197_81,1
hsa-mir-215-5p,miRNA,CISPLATIN,DB00515,5460033,197,103,197_103,1
hsa-mir-215-5p,miRNA,CAPECITABINE,DB01101,60953,197,48,197_48,1
hsa-mir-215-5p,miRNA,FLUOROURACIL,DB00544,3385,197,7,197_7,1
hsa-mir-215-5p,miRNA,OXALIPLATIN,DB00526,6857599,197,204,197_204,1
hsa-mir-215-5p,miRNA,TAMOXIFEN,DB00675,2733525,197,123,197_123,1
hsa-mir-215-5p,miRNA,VINCRISTINE,DB00541,5978,197,177,197_177,1
hsa-mir-215-5p,miRNA,PACLITAXEL,DB01229,36314,197,67,197_67,1
hsa-mir-215-5p,miRNA,CERITINIB,DB09063,57379345,197,160,197_160,1
hsa-mir-215-5p,miRNA,VEMURAFENIB,DB08881,42611257,197,148,197_148,1
hsa-mir-215-5p,miRNA,TRAMETINIB,DB08911,11707110,197,101,197_101,1
hsa-mir-215-5p,miRNA,GEFITINIB,DB00317,123631,197,84,197_84,1
hsa-mir-215-5p,miRNA,FULVESTRANT,DB00947,17756771,197,134,197_134,1
hsa-mir-215-5p,miRNA,GEMCITABINE,DB00441,60750,197,55,197_55,1
hsa-mir-215-5p,miRNA,BORTEZOMIB,DB00188,387447,197,17,197_17,1
hsa-mir-215-5p,miRNA,ETOPOSIDE,DB00773,36462,197,68,197_68,1
hsa-mir-215-5p,miRNA,VINORELBINE,DB00361,44424639,197,150,197_150,1
hsa-mir-215-5p,miRNA,SORAFENIB,DB00398,216239,197,74,197_74,1
hsa-mir-216a-5p,miRNA,CISPLATIN,DB00515,5460033,198,103,198_103,1
hsa-mir-216a-5p,miRNA,DOXORUBICIN,DB00997,31703,198,89,198_89,1
hsa-mir-216a-5p,miRNA,VERAPAMIL,DB00661,2520,198,21,198_21,1
hsa-mir-216a-5p,miRNA,SORAFENIB,DB00398,216239,198,74,198_74,1
hsa-mir-216a-5p,miRNA,FLUOROURACIL,DB00544,3385,198,7,198_7,1
hsa-mir-216a-5p,miRNA,OXALIPLATIN,DB00526,6857599,198,204,198_204,1
hsa-mir-217-5p,miRNA,DOXORUBICIN,DB00997,31703,199,89,199_89,1
hsa-mir-217-5p,miRNA,SORAFENIB,DB00398,216239,199,74,199_74,1
hsa-mir-217-5p,miRNA,CARBOPLATIN,DB00958,38904,199,90,199_90,1
hsa-mir-217-5p,miRNA,DASATINIB,DB01254,3062316,199,100,199_100,1
hsa-mir-217-5p,miRNA,CELASTROL,,12302620,199,139,199_139,1
hsa-mir-217-5p,miRNA,PACLITAXEL,DB01229,36314,199,67,199_67,2
hsa-mir-217-5p,miRNA,CISPLATIN,DB00515,5460033,199,103,199_103,1
hsa-mir-217-5p,miRNA,ETOPOSIDE,DB00773,36462,199,68,199_68,1
hsa-mir-217-5p,miRNA,LAPATINIB,DB01259,208908,199,46,199_46,1
hsa-mir-217-5p,miRNA,TAMOXIFEN,DB00675,2733525,199,123,199_123,1
hsa-mir-217-5p,miRNA,GEFITINIB,DB00317,123631,199,84,199_84,1
hsa-mir-217-5p,miRNA,TAXOL,DB01229,36314,199,67,199_67,2
hsa-mir-217-5p,miRNA,DOCETAXEL,DB01248,148124,199,3,199_3,1
hsa-mir-217-5p,miRNA,FLUOROURACIL,DB00544,3385,199,7,199_7,1
hsa-mir-217-5p,miRNA,OXALIPLATIN,DB00526,6857599,199,204,199_204,1
hsa-mir-217-5p,miRNA,GEMCITABINE,DB00441,60750,199,55,199_55,1
hsa-mir-218-5p,miRNA,PACLITAXEL,DB01229,36314,200,67,200_67,2
hsa-mir-218-5p,miRNA,CISPLATIN,DB00515,5460033,200,103,200_103,1
hsa-mir-218-5p,miRNA,ETOPOSIDE,DB00773,36462,200,68,200_68,1
hsa-mir-218-5p,miRNA,IMATINIB,DB00619,5291,200,41,200_41,1
hsa-mir-218-5p,miRNA,FLUOROURACIL,DB00544,3385,200,7,200_7,1
hsa-mir-218-5p,miRNA,GEMCITABINE,DB00441,60750,200,55,200_55,1
hsa-mir-218-5p,miRNA,DOXORUBICIN,DB00997,31703,200,89,200_89,1
hsa-mir-218-5p,miRNA,TAXOL,DB01229,36314,200,67,200_67,2
hsa-mir-218-5p,miRNA,SIROLIMUS,DB00877,5284616,200,114,200_114,1
hsa-mir-218-5p,miRNA,CARBOPLATIN,DB00958,38904,200,90,200_90,1
hsa-mir-218-5p,miRNA,OXALIPLATIN,DB00526,6857599,200,204,200_204,1
hsa-mir-218-5p,miRNA,VINCRISTINE,DB00541,5978,200,177,200_177,1
hsa-mir-218-5p,miRNA,TAMOXIFEN,DB00675,2733525,200,123,200_123,1
hsa-mir-218-5p,miRNA,PONATINIB,DB08901,24826799,200,140,200_140,1
hsa-mir-218-5p,miRNA,TRAMETINIB,DB08911,11707110,200,101,200_101,1
hsa-mir-218-5p,miRNA,VEMURAFENIB,DB08881,42611257,200,148,200_148,1
hsa-mir-218-5p,miRNA,GEFITINIB,DB00317,123631,200,84,200_84,1
hsa-mir-218-5p,miRNA,DABRAFENIB,DB08912,44462760,200,142,200_142,1
hsa-mir-218-5p,miRNA,TEMOZOLOMIDE,DB00853,5394,200,174,200_174,1
hsa-mir-218-5p,miRNA,ESTRADIOL,DB00783,5757,200,33,200_33,1
hsa-mir-219a-1-3p,miRNA,SORAFENIB,DB00398,216239,201,74,201_74,1
hsa-mir-219a-1-3p,miRNA,CISPLATIN,DB00515,5460033,201,103,201_103,1
hsa-mir-219a-2-3p,miRNA,IMATINIB,DB00619,5291,202,41,202_41,1
hsa-mir-219a-5p,miRNA,VERAPAMIL,DB00661,2520,203,21,203_21,1
hsa-mir-219a-5p,miRNA,DOXORUBICIN,DB00997,31703,203,89,203_89,1
hsa-mir-219a-5p,miRNA,FLUOROURACIL,DB00544,3385,203,7,203_7,1
hsa-mir-219a-5p,miRNA,OXALIPLATIN,DB00526,6857599,203,204,203_204,1
hsa-mir-219a-5p,miRNA,CISPLATIN,DB00515,5460033,203,103,203_103,1
hsa-mir-219a-5p,miRNA,SORAFENIB,DB00398,216239,203,74,203_74,1
hsa-mir-22-3p,miRNA,DOXORUBICIN,DB00997,31703,204,89,204_89,1
hsa-mir-22-3p,miRNA,CISPLATIN,DB00515,5460033,204,103,204_103,1
hsa-mir-22-3p,miRNA,PACLITAXEL,DB01229,36314,204,67,204_67,2
hsa-mir-22-3p,miRNA,CARBOPLATIN,DB00958,38904,204,90,204_90,1
hsa-mir-22-3p,miRNA,VINCRISTINE,DB00541,5978,204,177,204_177,1
hsa-mir-22-3p,miRNA,MITOMYCIN C,DB00305,5746,204,176,204_176,1
hsa-mir-22-3p,miRNA,FLUOROURACIL,DB00544,3385,204,7,204_7,1
hsa-mir-22-3p,miRNA,GEMCITABINE,DB00441,60750,204,55,204_55,1
hsa-mir-22-3p,miRNA,GEFITINIB,DB00317,123631,204,84,204_84,1
hsa-mir-22-3p,miRNA,TAMOXIFEN,DB00675,2733525,204,123,204_123,1
hsa-mir-22-3p,miRNA,PLATINUM,DB12257,23939,204,188,204_188,1
hsa-mir-22-3p,miRNA,SORAFENIB,DB00398,216239,204,74,204_74,1
hsa-mir-22-3p,miRNA,TAXOL,DB01229,36314,204,67,204_67,2
hsa-mir-22-3p,miRNA,OXALIPLATIN,DB00526,6857599,204,204,204_204,1
hsa-mir-22-3p,miRNA,EPIRUBICIN HYDROCHLORIDE,,65348,204,60,204_60,1
hsa-mir-22-3p,miRNA,CATALPOL,,91520,204,72,204_72,1
hsa-mir-22-3p,miRNA,ERLOTINIB,DB00530,176870,204,85,204_85,1
hsa-mir-22-3p,miRNA,TEMOZOLOMIDE,DB00853,5394,204,174,204_174,1
hsa-mir-221-3p,miRNA,DOXORUBICIN,DB00997,31703,205,89,205_89,1
hsa-mir-221-3p,miRNA,TAMOXIFEN,DB00675,2733525,205,123,205_123,1
hsa-mir-221-3p,miRNA,STANOLONE,DB02901,10635,205,182,205_182,1
hsa-mir-221-3p,miRNA,VERAPAMIL,DB00661,2520,205,21,205_21,1
hsa-mir-221-3p,miRNA,CISPLATIN,DB00515,5460033,205,103,205_103,1
hsa-mir-221-3p,miRNA,PACLITAXEL,DB01229,36314,205,67,205_67,1
hsa-mir-221-3p,miRNA,FLUDARABINE,DB01073,657237,205,199,205_199,1
hsa-mir-221-3p,miRNA,FULVESTRANT,DB00947,17756771,205,134,205_134,1
hsa-mir-221-3p,miRNA,OXALIPLATIN,DB00526,6857599,205,204,205_204,1
hsa-mir-221-3p,miRNA,AGRO100,DB04998,145994598,205,168,205_168,1
hsa-mir-221-3p,miRNA,GEMCITABINE,DB00441,60750,205,55,205_55,1
hsa-mir-221-3p,miRNA,GEFITINIB,DB00317,123631,205,84,205_84,1
hsa-mir-221-3p,miRNA,CARMUSTINE,DB00262,2578,205,26,205_26,1
hsa-mir-221-3p,miRNA,VINCRISTINE,DB00541,5978,205,177,205_177,1
hsa-mir-221-3p,miRNA,FLUOROURACIL,DB00544,3385,205,7,205_7,1
hsa-mir-221-3p,miRNA,DEXAMETHASONE,DB01234,5743,205,43,205_43,1
hsa-mir-221-3p,miRNA,MELPHALAN,DB01042,460612,205,105,205_105,1
hsa-mir-221-3p,miRNA,VEMURAFENIB,DB08881,42611257,205,148,205_148,1
hsa-mir-221-3p,miRNA,IMATINIB,DB00619,5291,205,41,205_41,1
hsa-mir-221-3p,miRNA,TEMOZOLOMIDE,DB00853,5394,205,174,205_174,1
hsa-mir-221-3p,miRNA,SORAFENIB,DB00398,216239,205,74,205_74,1
hsa-mir-221-3p,miRNA,CERITINIB,DB09063,57379345,205,160,205_160,1
hsa-mir-221-3p,miRNA,TRAMETINIB,DB08911,11707110,205,101,205_101,1
hsa-mir-221-3p,miRNA,CYCLOPHOSPHAMIDE,DB00531,2907,205,16,205_16,1
hsa-mir-221-3p,miRNA,DABRAFENIB,DB08912,44462760,205,142,205_142,1
hsa-mir-221-3p,miRNA,VALPROIC ACID,DB00313,3121,205,6,205_6,1
hsa-mir-222-3p,miRNA,DOXORUBICIN,DB00997,31703,206,89,206_89,1
hsa-mir-222-3p,miRNA,TAMOXIFEN,DB00675,2733525,206,123,206_123,1
hsa-mir-222-3p,miRNA,STANOLONE,DB02901,10635,206,182,206_182,1
hsa-mir-222-3p,miRNA,CISPLATIN,DB00515,5460033,206,103,206_103,1
hsa-mir-222-3p,miRNA,PACLITAXEL,DB01229,36314,206,67,206_67,1
hsa-mir-222-3p,miRNA,FULVESTRANT,DB00947,17756771,206,134,206_134,1
hsa-mir-222-3p,miRNA,OXALIPLATIN,DB00526,6857599,206,204,206_204,1
hsa-mir-222-3p,miRNA,VINCRISTINE,DB00541,5978,206,177,206_177,1
hsa-mir-222-3p,miRNA,FLUOROURACIL,DB00544,3385,206,7,206_7,1
hsa-mir-222-3p,miRNA,AGRO100,DB04998,145994598,206,168,206_168,1
hsa-mir-222-3p,miRNA,GEMCITABINE,DB00441,60750,206,55,206_55,1
hsa-mir-222-3p,miRNA,DOCETAXEL,DB01248,148124,206,3,206_3,1
hsa-mir-222-3p,miRNA,GEFITINIB,DB00317,123631,206,84,206_84,1
hsa-mir-222-3p,miRNA,SORAFENIB,DB00398,216239,206,74,206_74,1
hsa-mir-222-3p,miRNA,DEXAMETHASONE,DB01234,5743,206,43,206_43,1
hsa-mir-222-3p,miRNA,MELPHALAN,DB01042,460612,206,105,206_105,1
hsa-mir-222-3p,miRNA,PLATINUM,DB12257,23939,206,188,206_188,1
hsa-mir-222-3p,miRNA,DAUNORUBICIN,DB00694,30323,206,88,206_88,1
hsa-mir-222-3p,miRNA,CERITINIB,DB09063,57379345,206,160,206_160,1
hsa-mir-222-3p,miRNA,SUNITINIB,DB01268,5329102,206,94,206_94,1
hsa-mir-222-3p,miRNA,TRAMETINIB,DB08911,11707110,206,101,206_101,1
hsa-mir-222-3p,miRNA,VEMURAFENIB,DB08881,42611257,206,148,206_148,1
hsa-mir-222-3p,miRNA,CYCLOPHOSPHAMIDE,DB00531,2907,206,16,206_16,1
hsa-mir-222-3p,miRNA,DABRAFENIB,DB08912,44462760,206,142,206_142,1
hsa-mir-222-3p,miRNA,PAZOPANIB,DB06589,10113978,206,133,206_133,1
hsa-mir-223-3p,miRNA,CISPLATIN,DB00515,5460033,207,103,207_103,1
hsa-mir-223-3p,miRNA,CLOPIDOGREL,DB00758,60606,207,54,207_54,1
hsa-mir-223-3p,miRNA,FLUOROURACIL,DB00544,3385,207,7,207_7,1
hsa-mir-223-3p,miRNA,DOXORUBICIN,DB00997,31703,207,89,207_89,1
hsa-mir-223-3p,miRNA,MITOMYCIN C,DB00305,5746,207,176,207_176,1
hsa-mir-223-3p,miRNA,PACLITAXEL,DB01229,36314,207,67,207_67,1
hsa-mir-223-3p,miRNA,PRAZIQUANTEL,DB01058,4891,207,39,207_39,1
hsa-mir-223-3p,miRNA,DAPT,,5311272,207,47,207_47,1
hsa-mir-223-3p,miRNA,GEMCITABINE,DB00441,60750,207,55,207_55,1
hsa-mir-223-3p,miRNA,IMATINIB,DB00619,5291,207,41,207_41,1
hsa-mir-223-3p,miRNA,ERLOTINIB,DB00530,176870,207,85,207_85,1
hsa-mir-223-3p,miRNA,DOCETAXEL,DB01248,148124,207,3,207_3,1
hsa-mir-223-3p,miRNA,TEMOZOLOMIDE,DB00853,5394,207,174,207_174,1
hsa-mir-223-3p,miRNA,SUNITINIB,DB01268,5329102,207,94,207_94,1
hsa-mir-223-3p,miRNA,SORAFENIB,DB00398,216239,207,74,207_74,1
hsa-mir-223-3p,miRNA,PALBOCICLIB,DB09073,5330286,207,95,207_95,1
hsa-mir-223-3p,miRNA,VINCRISTINE,DB00541,5978,207,177,207_177,1
hsa-mir-223-3p,miRNA,OXALIPLATIN,DB00526,6857599,207,204,207_204,1
hsa-mir-223-3p,miRNA,RUXOLITINIB,DB08877,25126798,207,144,207_144,1
hsa-mir-224-5p,miRNA,DOXORUBICIN,DB00997,31703,208,89,208_89,1
hsa-mir-224-5p,miRNA,SORAFENIB,DB00398,216239,208,74,208_74,1
hsa-mir-224-5p,miRNA,10-HYDROXYCAMPTOTHECIN,DB12385,97226,208,205,208_205,1
hsa-mir-224-5p,miRNA,CISPLATIN,DB00515,5460033,208,103,208_103,1
hsa-mir-224-5p,miRNA,METHOTREXATE,DB00563,126941,208,81,208_81,1
hsa-mir-224-5p,miRNA,ERLOTINIB,DB00530,176870,208,85,208_85,1
hsa-mir-224-5p,miRNA,OXALIPLATIN,DB00526,6857599,208,204,208_204,1
hsa-mir-224-5p,miRNA,PACLITAXEL,DB01229,36314,208,67,208_67,2
hsa-mir-224-5p,miRNA,VINCRISTINE,DB00541,5978,208,177,208_177,1
hsa-mir-224-5p,miRNA,PREDNISONE,DB00635,5865,208,34,208_34,1
hsa-mir-224-5p,miRNA,GEFITINIB,DB00317,123631,208,84,208_84,1
hsa-mir-224-5p,miRNA,GEMCITABINE,DB00441,60750,208,55,208_55,1
hsa-mir-224-5p,miRNA,FLUOROURACIL,DB00544,3385,208,7,208_7,1
hsa-mir-224-5p,miRNA,MITOXANTRONE,DB01204,4212,208,22,208_22,1
hsa-mir-224-5p,miRNA,IMATINIB,DB00619,5291,208,41,208_41,1
hsa-mir-224-5p,miRNA,BROMOCRIPTINE,DB01200,31101,208,86,208_86,1
hsa-mir-224-5p,miRNA,DABRAFENIB,DB08912,44462760,208,142,208_142,1
hsa-mir-224-5p,miRNA,CELASTROL,,12302620,208,139,208_139,1
hsa-mir-224-5p,miRNA,DOCETAXEL,DB01248,148124,208,3,208_3,1
hsa-mir-224-5p,miRNA,TAXOL,DB01229,36314,208,67,208_67,2
hsa-mir-2276-3p,miRNA,PLATINUM,DB12257,23939,610,188,610_188,1
hsa-mir-2276-3p,miRNA,TAMOXIFEN,DB00675,2733525,610,123,610_123,1
hsa-mir-2276-3p,miRNA,CERITINIB,DB09063,57379345,610,160,610_160,1
hsa-mir-2277-3p,miRNA,DOXORUBICIN,DB00997,31703,611,89,611_89,1
hsa-mir-2277-3p,miRNA,PACLITAXEL,DB01229,36314,611,67,611_67,1
hsa-mir-2277-3p,miRNA,PLX-4720,DB06999,24180719,611,146,611_146,1
hsa-mir-2277-3p,miRNA,FULVESTRANT,DB00947,17756771,611,134,611_134,1
hsa-mir-2278,miRNA,PACLITAXEL,DB01229,36314,612,67,612_67,1
hsa-mir-2278,miRNA,IMATINIB,DB00619,5291,612,41,612_41,1
hsa-mir-23a-3p,miRNA,DOXORUBICIN,DB00997,31703,209,89,209_89,1
hsa-mir-23a-3p,miRNA,CISPLATIN,DB00515,5460033,209,103,209_103,1
hsa-mir-23a-3p,miRNA,CARBOPLATIN,DB00958,38904,209,90,209_90,1
hsa-mir-23a-3p,miRNA,VINCRISTINE,DB00541,5978,209,177,209_177,1
hsa-mir-23a-3p,miRNA,MITOMYCIN C,DB00305,5746,209,176,209_176,1
hsa-mir-23a-3p,miRNA,ETOPOSIDE,DB00773,36462,209,68,209_68,1
hsa-mir-23a-3p,miRNA,FLUOROURACIL,DB00544,3385,209,7,209_7,1
hsa-mir-23a-3p,miRNA,OXALIPLATIN,DB00526,6857599,209,204,209_204,1
hsa-mir-23a-3p,miRNA,PLX-4720,DB06999,24180719,209,146,209_146,1
hsa-mir-23a-3p,miRNA,PLATINUM,DB12257,23939,209,188,209_188,1
hsa-mir-23a-3p,miRNA,PACLITAXEL,DB01229,36314,209,67,209_67,2
hsa-mir-23a-3p,miRNA,GEMCITABINE,DB00441,60750,209,55,209_55,1
hsa-mir-23a-3p,miRNA,FULVESTRANT,DB00947,17756771,209,134,209_134,1
hsa-mir-23a-3p,miRNA,AZACITIDINE,DB00928,9444,209,179,209_179,1
hsa-mir-23a-3p,miRNA,VEMURAFENIB,DB08881,42611257,209,148,209_148,1
hsa-mir-23a-3p,miRNA,TRAMETINIB,DB08911,11707110,209,101,209_101,1
hsa-mir-23a-3p,miRNA,TEMOZOLOMIDE,DB00853,5394,209,174,209_174,1
hsa-mir-23a-3p,miRNA,SIROLIMUS,DB00877,5284616,209,114,209_114,1
hsa-mir-23a-3p,miRNA,ANTHRACYCLINE,DB00694,30323,209,88,209_88,1
hsa-mir-23a-3p,miRNA,CYCLOPHOSPHAMIDE,DB00531,2907,209,16,209_16,1
hsa-mir-23a-3p,miRNA,METHOTREXATE,DB00563,126941,209,81,209_81,1
hsa-mir-23a-3p,miRNA,TAXOL,DB01229,36314,209,67,209_67,2
hsa-mir-23a-3p,miRNA,SORAFENIB,DB00398,216239,209,74,209_74,1
hsa-mir-23b-3p,miRNA,DOXORUBICIN,DB00997,31703,210,89,210_89,1
hsa-mir-23b-3p,miRNA,PACLITAXEL,DB01229,36314,210,67,210_67,2
hsa-mir-23b-3p,miRNA,ETOPOSIDE,DB00773,36462,210,68,210_68,1
hsa-mir-23b-3p,miRNA,CYCLOPAMINE,,442972,210,102,210_102,1
hsa-mir-23b-3p,miRNA,TEMOZOLOMIDE,DB00853,5394,210,174,210_174,1
hsa-mir-23b-3p,miRNA,VINORELBINE,DB00361,44424639,210,150,210_150,1
hsa-mir-23b-3p,miRNA,VINCRISTINE,DB00541,5978,210,177,210_177,1
hsa-mir-23b-3p,miRNA,OXALIPLATIN,DB00526,6857599,210,204,210_204,1
hsa-mir-23b-3p,miRNA,CISPLATIN,DB00515,5460033,210,103,210_103,1
hsa-mir-23b-3p,miRNA,FLUOROURACIL,DB00544,3385,210,7,210_7,1
hsa-mir-23b-3p,miRNA,PLX-4720,DB06999,24180719,210,146,210_146,1
hsa-mir-23b-3p,miRNA,PLATINUM,DB12257,23939,210,188,210_188,1
hsa-mir-23b-3p,miRNA,TAMOXIFEN,DB00675,2733525,210,123,210_123,1
hsa-mir-23b-3p,miRNA,SUNITINIB,DB01268,5329102,210,94,210_94,1
hsa-mir-23b-3p,miRNA,GEMCITABINE,DB00441,60750,210,55,210_55,1
hsa-mir-23b-3p,miRNA,LENVATINIB,DB09078,9823820,210,121,210_121,1
hsa-mir-23b-3p,miRNA,ANTHRACYCLINE,DB00694,30323,210,88,210_88,1
hsa-mir-23b-3p,miRNA,CYCLOPHOSPHAMIDE,DB00531,2907,210,16,210_16,1
hsa-mir-23b-3p,miRNA,TAXOL,DB01229,36314,210,67,210_67,2
hsa-mir-23b-3p,miRNA,METHOTREXATE,DB00563,126941,210,81,210_81,1
hsa-mir-24-3p,miRNA,METHOTREXATE,DB00563,126941,211,81,211_81,1
hsa-mir-24-3p,miRNA,TAMOXIFEN,DB00675,2733525,211,123,211_123,1
hsa-mir-24-3p,miRNA,DOCETAXEL,DB01248,148124,211,3,211_3,1
hsa-mir-24-3p,miRNA,FLUOROURACIL,DB00544,3385,211,7,211_7,1
hsa-mir-24-3p,miRNA,CISPLATIN,DB00515,5460033,211,103,211_103,1
hsa-mir-24-3p,miRNA,ETOPOSIDE,DB00773,36462,211,68,211_68,1
hsa-mir-24-3p,miRNA,OXALIPLATIN,DB00526,6857599,211,204,211_204,1
hsa-mir-24-3p,miRNA,PLATINUM,DB12257,23939,211,188,211_188,1
hsa-mir-24-3p,miRNA,MITOXANTRONE,DB01204,4212,211,22,211_22,1
hsa-mir-24-3p,miRNA,PACLITAXEL,DB01229,36314,211,67,211_67,2
hsa-mir-24-3p,miRNA,GEMCITABINE,DB00441,60750,211,55,211_55,1
hsa-mir-24-3p,miRNA,AZACITIDINE,DB00928,9444,211,179,211_179,1
hsa-mir-24-3p,miRNA,TRAMETINIB,DB08911,11707110,211,101,211_101,1
hsa-mir-24-3p,miRNA,VEMURAFENIB,DB08881,42611257,211,148,211_148,1
hsa-mir-24-3p,miRNA,VINCRISTINE,DB00541,5978,211,177,211_177,1
hsa-mir-24-3p,miRNA,CYTARABINE,DB00987,6253,211,35,211_35,1
hsa-mir-24-3p,miRNA,ANTHRACYCLINE,DB00694,30323,211,88,211_88,1
hsa-mir-24-3p,miRNA,CYCLOPHOSPHAMIDE,DB00531,2907,211,16,211_16,1
hsa-mir-24-3p,miRNA,TAXOL,DB01229,36314,211,67,211_67,2
hsa-mir-24-3p,miRNA,TEMOZOLOMIDE,DB00853,5394,211,174,211_174,1
hsa-mir-25-3p,miRNA,DOXORUBICIN,DB00997,31703,212,89,212_89,1
hsa-mir-25-3p,miRNA,VERAPAMIL,DB00661,2520,212,21,212_21,1
hsa-mir-25-3p,miRNA,FLUOROURACIL,DB00544,3385,212,7,212_7,1
hsa-mir-25-3p,miRNA,CISPLATIN,DB00515,5460033,212,103,212_103,1
hsa-mir-25-3p,miRNA,OXALIPLATIN,DB00526,6857599,212,204,212_204,1
hsa-mir-25-3p,miRNA,DOCETAXEL,DB01248,148124,212,3,212_3,1
hsa-mir-25-3p,miRNA,EPIRUBICIN,DB00445,41867,212,73,212_73,1
hsa-mir-25-3p,miRNA,GEMCITABINE,DB00441,60750,212,55,212_55,1
hsa-mir-25-3p,miRNA,IMATINIB,DB00619,5291,212,41,212_41,1
hsa-mir-25-3p,miRNA,PACLITAXEL,DB01229,36314,212,67,212_67,1
hsa-mir-25-3p,miRNA,PLATINUM,DB12257,23939,212,188,212_188,1
hsa-mir-25-3p,miRNA,DAUNORUBICIN,DB00694,30323,212,88,212_88,1
hsa-mir-25-3p,miRNA,VEMURAFENIB,DB08881,42611257,212,148,212_148,1
hsa-mir-25-3p,miRNA,TEMOZOLOMIDE,DB00853,5394,212,174,212_174,1
hsa-mir-25-3p,miRNA,GEFITINIB,DB00317,123631,212,84,212_84,1
hsa-mir-25-3p,miRNA,DEXAMETHASONE,DB01234,5743,212,43,212_43,1
hsa-mir-25-3p,miRNA,SORAFENIB,DB00398,216239,212,74,212_74,1
hsa-mir-26a-5p,miRNA,DOXORUBICIN,DB00997,31703,213,89,213_89,1
hsa-mir-26a-5p,miRNA,VERAPAMIL,DB00661,2520,213,21,213_21,1
hsa-mir-26a-5p,miRNA,DOCETAXEL,DB01248,148124,213,3,213_3,1
hsa-mir-26a-5p,miRNA,FLUOROURACIL,DB00544,3385,213,7,213_7,1
hsa-mir-26a-5p,miRNA,PACLITAXEL,DB01229,36314,213,67,213_67,1
hsa-mir-26a-5p,miRNA,OXALIPLATIN,DB00526,6857599,213,204,213_204,1
hsa-mir-26a-5p,miRNA,IMATINIB,DB00619,5291,213,41,213_41,1
hsa-mir-26a-5p,miRNA,CISPLATIN,DB00515,5460033,213,103,213_103,1
hsa-mir-26a-5p,miRNA,PLATINUM,DB12257,23939,213,188,213_188,1
hsa-mir-26a-5p,miRNA,MITOXANTRONE,DB01204,4212,213,22,213_22,1
hsa-mir-26a-5p,miRNA,GEFITINIB,DB00317,123631,213,84,213_84,1
hsa-mir-26a-5p,miRNA,TAMOXIFEN,DB00675,2733525,213,123,213_123,1
hsa-mir-26a-5p,miRNA,DAUNORUBICIN,DB00694,30323,213,88,213_88,1
hsa-mir-26a-5p,miRNA,TEMOZOLOMIDE,DB00853,5394,213,174,213_174,1
hsa-mir-26a-5p,miRNA,DABRAFENIB,DB08912,44462760,213,142,213_142,1
hsa-mir-26a-5p,miRNA,BORTEZOMIB,DB00188,387447,213,17,213_17,1
hsa-mir-26a-5p,miRNA,MELPHALAN,DB01042,460612,213,105,213_105,1
hsa-mir-26a-5p,miRNA,GEMCITABINE,DB00441,60750,213,55,213_55,1
hsa-mir-26b-5p,miRNA,ETOPOSIDE,DB00773,36462,214,68,214_68,1
hsa-mir-26b-5p,miRNA,FLUOROURACIL,DB00544,3385,214,7,214_7,1
hsa-mir-26b-5p,miRNA,CISPLATIN,DB00515,5460033,214,103,214_103,1
hsa-mir-26b-5p,miRNA,CARBOPLATIN,DB00958,38904,214,90,214_90,1
hsa-mir-26b-5p,miRNA,VINCRISTINE,DB00541,5978,214,177,214_177,1
hsa-mir-26b-5p,miRNA,DOXORUBICIN,DB00997,31703,214,89,214_89,1
hsa-mir-26b-5p,miRNA,MITOMYCIN C,DB00305,5746,214,176,214_176,1
hsa-mir-26b-5p,miRNA,OXALIPLATIN,DB00526,6857599,214,204,214_204,1
hsa-mir-26b-5p,miRNA,DOCETAXEL,DB01248,148124,214,3,214_3,1
hsa-mir-26b-5p,miRNA,PLATINUM,DB12257,23939,214,188,214_188,1
hsa-mir-26b-5p,miRNA,TAMOXIFEN,DB00675,2733525,214,123,214_123,1
hsa-mir-26b-5p,miRNA,TEMOZOLOMIDE,DB00853,5394,214,174,214_174,1
hsa-mir-26b-5p,miRNA,DAUNORUBICIN,DB00694,30323,214,88,214_88,1
hsa-mir-26b-5p,miRNA,PACLITAXEL,DB01229,36314,214,67,214_67,1
hsa-mir-26b-5p,miRNA,IMATINIB,DB00619,5291,214,41,214_41,1
hsa-mir-26b-5p,miRNA,AZACITIDINE,DB00928,9444,214,179,214_179,1
hsa-mir-26b-5p,miRNA,TRAMETINIB,DB08911,11707110,214,101,214_101,1
hsa-mir-26b-5p,miRNA,VEMURAFENIB,DB08881,42611257,214,148,214_148,1
hsa-mir-26b-5p,miRNA,GEMCITABINE,DB00441,60750,214,55,214_55,1
hsa-mir-26b-5p,miRNA,SORAFENIB,DB00398,216239,214,74,214_74,1
hsa-mir-27a-3p,miRNA,HYDROXYUREA,DB01005,3657,215,8,215_8,1
hsa-mir-27a-3p,miRNA,VINBLASTINE,DB00570,442111,215,97,215_97,1
hsa-mir-27a-3p,miRNA,DOXORUBICIN,DB00997,31703,215,89,215_89,1
hsa-mir-27a-3p,miRNA,CISPLATIN,DB00515,5460033,215,103,215_103,1
hsa-mir-27a-3p,miRNA,VINCRISTINE,DB00541,5978,215,177,215_177,1
hsa-mir-27a-3p,miRNA,FLUOROURACIL,DB00544,3385,215,7,215_7,1
hsa-mir-27a-3p,miRNA,PACLITAXEL,DB01229,36314,215,67,215_67,2
hsa-mir-27a-3p,miRNA,10-HYDROXYCAMPTOTHECIN,DB12385,97226,215,205,215_205,1
hsa-mir-27a-3p,miRNA,GEMCITABINE,DB00441,60750,215,55,215_55,1
hsa-mir-27a-3p,miRNA,OXALIPLATIN,DB00526,6857599,215,204,215_204,1
hsa-mir-27a-3p,miRNA,DOCETAXEL,DB01248,148124,215,3,215_3,1
hsa-mir-27a-3p,miRNA,BORTEZOMIB,DB00188,387447,215,17,215_17,1
hsa-mir-27a-3p,miRNA,PLX-4720,DB06999,24180719,215,146,215_146,1
hsa-mir-27a-3p,miRNA,PLATINUM,DB12257,23939,215,188,215_188,1
hsa-mir-27a-3p,miRNA,VEMURAFENIB,DB08881,42611257,215,148,215_148,1
hsa-mir-27a-3p,miRNA,ETOPOSIDE,DB00773,36462,215,68,215_68,1
hsa-mir-27a-3p,miRNA,TAMOXIFEN,DB00675,2733525,215,123,215_123,1
hsa-mir-27a-3p,miRNA,FULVESTRANT,DB00947,17756771,215,134,215_134,1
hsa-mir-27a-3p,miRNA,QUISINOSTAT,DB12985,11538455,215,200,215_200,1
hsa-mir-27a-3p,miRNA,DABRAFENIB,DB08912,44462760,215,142,215_142,1
hsa-mir-27a-3p,miRNA,TAXOL,DB01229,36314,215,67,215_67,2
hsa-mir-27a-3p,miRNA,SORAFENIB,DB00398,216239,215,74,215_74,1
hsa-mir-27a-3p,miRNA,PROPRANOLOL,DB00571,4946,215,172,215_172,1
hsa-mir-27a-3p,miRNA,GEFITINIB,DB00317,123631,215,84,215_84,1
hsa-mir-27a-3p,miRNA,TEMOZOLOMIDE,DB00853,5394,215,174,215_174,1
hsa-mir-27b-3p,miRNA,DOXORUBICIN,DB00997,31703,628,89,628_89,1
hsa-mir-27b-3p,miRNA,CYCLOPHOSPHAMIDE,DB00531,2907,628,16,628_16,1
hsa-mir-27b-3p,miRNA,IMATINIB,DB00619,5291,628,41,628_41,1
hsa-mir-27b-3p,miRNA,RIBAVIRIN,DB00811,37542,628,69,628_69,1
hsa-mir-27b-3p,miRNA,CISPLATIN,DB00515,5460033,628,103,628_103,1
hsa-mir-27b-3p,miRNA,METHOTREXATE,DB00563,126941,628,81,628_81,1
hsa-mir-27b-3p,miRNA,CARBOPLATIN,DB00958,38904,628,90,628_90,1
hsa-mir-27b-3p,miRNA,MITOMYCIN C,DB00305,5746,628,176,628_176,1
hsa-mir-27b-3p,miRNA,VINCRISTINE,DB00541,5978,628,177,628_177,1
hsa-mir-27b-3p,miRNA,OXALIPLATIN,DB00526,6857599,628,204,628_204,1
hsa-mir-27b-3p,miRNA,PACLITAXEL,DB01229,36314,628,67,628_67,1
hsa-mir-27b-3p,miRNA,GEMCITABINE,DB00441,60750,628,55,628_55,1
hsa-mir-27b-3p,miRNA,FLUOROURACIL,DB00544,3385,628,7,628_7,1
hsa-mir-27b-3p,miRNA,EPIRUBICIN,DB00445,41867,628,73,628_73,1
hsa-mir-27b-3p,miRNA,ETOPOSIDE,DB00773,36462,628,68,628_68,1
hsa-mir-27b-3p,miRNA,SORAFENIB,DB00398,216239,628,74,628_74,1
hsa-mir-27b-3p,miRNA,GEFITINIB,DB00317,123631,628,84,628_84,1
hsa-mir-27b-3p,miRNA,DOCETAXEL,DB01248,148124,628,3,628_3,1
hsa-mir-27b-3p,miRNA,PLX-4720,DB06999,24180719,628,146,628_146,1
hsa-mir-27b-3p,miRNA,PLATINUM,DB12257,23939,628,188,628_188,1
hsa-mir-27b-3p,miRNA,TAMOXIFEN,DB00675,2733525,628,123,628_123,1
hsa-mir-27b-3p,miRNA,SUNITINIB,DB01268,5329102,628,94,628_94,1
hsa-mir-27b-3p,miRNA,FULVESTRANT,DB00947,17756771,628,134,628_134,1
hsa-mir-27b-3p,miRNA,TRAMETINIB,DB08911,11707110,628,101,628_101,1
hsa-mir-27b-3p,miRNA,VEMURAFENIB,DB08881,42611257,628,148,628_148,1
hsa-mir-27b-3p,miRNA,DABRAFENIB,DB08912,44462760,628,142,628_142,1
hsa-mir-27b-3p,miRNA,TAXANE,,9548828,628,124,628_124,1
hsa-mir-28-3p,miRNA,CISPLATIN,DB00515,5460033,216,103,216_103,1
hsa-mir-28-3p,miRNA,PACLITAXEL,DB01229,36314,216,67,216_67,1
hsa-mir-28-3p,miRNA,OXALIPLATIN,DB00526,6857599,216,204,216_204,1
hsa-mir-28-5p,miRNA,DOXORUBICIN,DB00997,31703,217,89,217_89,1
hsa-mir-28-5p,miRNA,VERAPAMIL,DB00661,2520,217,21,217_21,1
hsa-mir-28-5p,miRNA,PACLITAXEL,DB01229,36314,217,67,217_67,1
hsa-mir-28-5p,miRNA,GEMCITABINE,DB00441,60750,217,55,217_55,1
hsa-mir-28-5p,miRNA,EPIRUBICIN,DB00445,41867,217,73,217_73,1
hsa-mir-28-5p,miRNA,TAXANE,,9548828,217,124,217_124,1
hsa-mir-28-5p,miRNA,CISPLATIN,DB00515,5460033,217,103,217_103,1
hsa-mir-28-5p,miRNA,PLATINUM,DB12257,23939,217,188,217_188,1
hsa-mir-296-3p,miRNA,CISPLATIN,DB00515,5460033,218,103,218_103,1
hsa-mir-296-3p,miRNA,PACLITAXEL,DB01229,36314,218,67,218_67,1
hsa-mir-296-3p,miRNA,FLUOROURACIL,DB00544,3385,218,7,218_7,1
hsa-mir-296-3p,miRNA,VEMURAFENIB,DB08881,42611257,218,148,218_148,1
hsa-mir-296-3p,miRNA,DABRAFENIB,DB08912,44462760,218,142,218_142,1
hsa-mir-296-3p,miRNA,SUNITINIB,DB01268,5329102,218,94,218_94,1
hsa-mir-296-3p,miRNA,PLATINUM,DB12257,23939,218,188,218_188,1
hsa-mir-296-5p,miRNA,CISPLATIN,DB00515,5460033,219,103,219_103,1
hsa-mir-296-5p,miRNA,VINCRISTINE,DB00541,5978,219,177,219_177,1
hsa-mir-296-5p,miRNA,FLUOROURACIL,DB00544,3385,219,7,219_7,1
hsa-mir-296-5p,miRNA,DOXORUBICIN,DB00997,31703,219,89,219_89,1
hsa-mir-296-5p,miRNA,CAPECITABINE,DB01101,60953,219,48,219_48,1
hsa-mir-296-5p,miRNA,SUNITINIB,DB01268,5329102,219,94,219_94,1
hsa-mir-296-5p,miRNA,IMATINIB,DB00619,5291,219,41,219_41,1
hsa-mir-296-5p,miRNA,PACLITAXEL,DB01229,36314,219,67,219_67,1
hsa-mir-296-5p,miRNA,PLATINUM,DB12257,23939,219,188,219_188,1
hsa-mir-296-5p,miRNA,GEMCITABINE,DB00441,60750,219,55,219_55,1
hsa-mir-297,miRNA,DOXORUBICIN,DB00997,31703,220,89,220_89,1
hsa-mir-297,miRNA,MITOMYCIN C,DB00305,5746,220,176,220_176,1
hsa-mir-297,miRNA,OXALIPLATIN,DB00526,6857599,220,204,220_204,1
hsa-mir-297,miRNA,VINCRISTINE,DB00541,5978,220,177,220_177,1
hsa-mir-297,miRNA,CISPLATIN,DB00515,5460033,220,103,220_103,1
hsa-mir-297,miRNA,PACLITAXEL,DB01229,36314,220,67,220_67,1
hsa-mir-298,miRNA,DOXORUBICIN,DB00997,31703,221,89,221_89,1
hsa-mir-298,miRNA,ETOPOSIDE,DB00773,36462,221,68,221_68,1
hsa-mir-298,miRNA,PLATINUM,DB12257,23939,221,188,221_188,1
hsa-mir-298,miRNA,IMATINIB,DB00619,5291,221,41,221_41,1
hsa-mir-298,miRNA,PHENYTOIN,DB00252,1775,221,11,221_11,1
hsa-mir-298,miRNA,CISPLATIN,DB00515,5460033,221,103,221_103,1
hsa-mir-299-3p,miRNA,DOXORUBICIN,DB00997,31703,222,89,222_89,1
hsa-mir-299-3p,miRNA,VERAPAMIL,DB00661,2520,222,21,222_21,1
hsa-mir-299-3p,miRNA,GEFITINIB,DB00317,123631,222,84,222_84,1
hsa-mir-299-3p,miRNA,PACLITAXEL,DB01229,36314,222,67,222_67,1
hsa-mir-299-3p,miRNA,PLATINUM,DB12257,23939,222,188,222_188,1
hsa-mir-299-3p,miRNA,FLUOROURACIL,DB00544,3385,222,7,222_7,1
hsa-mir-299-3p,miRNA,CISPLATIN,DB00515,5460033,222,103,222_103,1
hsa-mir-299-3p,miRNA,DOCETAXEL,DB01248,148124,222,3,222_3,1
hsa-mir-299-5p,miRNA,CISPLATIN,DB00515,5460033,223,103,223_103,1
hsa-mir-299-5p,miRNA,TEMOZOLOMIDE,DB00853,5394,223,174,223_174,1
hsa-mir-29a-3p,miRNA,DOXORUBICIN,DB00997,31703,224,89,224_89,1
hsa-mir-29a-3p,miRNA,ETOPOSIDE,DB00773,36462,224,68,224_68,1
hsa-mir-29a-3p,miRNA,CISPLATIN,DB00515,5460033,224,103,224_103,1
hsa-mir-29a-3p,miRNA,PACLITAXEL,DB01229,36314,224,67,224_67,2
hsa-mir-29a-3p,miRNA,FLUDARABINE,DB01073,657237,224,199,224_199,1
hsa-mir-29a-3p,miRNA,SUNITINIB,DB01268,5329102,224,94,224_94,1
hsa-mir-29a-3p,miRNA,GEMCITABINE,DB00441,60750,224,55,224_55,1
hsa-mir-29a-3p,miRNA,DOCETAXEL,DB01248,148124,224,3,224_3,1
hsa-mir-29a-3p,miRNA,OXALIPLATIN,DB00526,6857599,224,204,224_204,1
hsa-mir-29a-3p,miRNA,TAXANE,,9548828,224,124,224_124,1
hsa-mir-29a-3p,miRNA,TAMOXIFEN,DB00675,2733525,224,123,224_123,1
hsa-mir-29a-3p,miRNA,PLATINUM,DB12257,23939,224,188,224_188,1
hsa-mir-29a-3p,miRNA,MITOXANTRONE,DB01204,4212,224,22,224_22,1
hsa-mir-29a-3p,miRNA,SORAFENIB,DB00398,216239,224,74,224_74,1
hsa-mir-29a-3p,miRNA,IMATINIB MESYLATE,,123596,224,82,224_82,1
hsa-mir-29a-3p,miRNA,DASATINIB,DB01254,3062316,224,100,224_100,1
hsa-mir-29a-3p,miRNA,PONATINIB,DB08901,24826799,224,140,224_140,1
hsa-mir-29a-3p,miRNA,DAUNORUBICIN,DB00694,30323,224,88,224_88,1
hsa-mir-29a-3p,miRNA,TAXOL,DB01229,36314,224,67,224_67,2
hsa-mir-29a-3p,miRNA,METHOTREXATE,DB00563,126941,224,81,224_81,1
hsa-mir-29a-3p,miRNA,CRIZOTINIB,DB08865,11626560,224,197,224_197,1
hsa-mir-29a-3p,miRNA,LORLATINIB,DB12130,71731823,224,167,224_167,1
hsa-mir-29a-3p,miRNA,FLUOROURACIL,DB00544,3385,224,7,224_7,1
hsa-mir-29a-3p,miRNA,TOPOTECAN,DB01030,60699,224,50,224_50,1
hsa-mir-29a-3p,miRNA,DABRAFENIB,DB08912,44462760,224,142,224_142,1
hsa-mir-29a-3p,miRNA,TEMOZOLOMIDE,DB00853,5394,224,174,224_174,1
hsa-mir-29b-3p,miRNA,DOXORUBICIN,DB00997,31703,225,89,225_89,1
hsa-mir-29b-3p,miRNA,ETOPOSIDE,DB00773,36462,225,68,225_68,1
hsa-mir-29b-3p,miRNA,CISPLATIN,DB00515,5460033,225,103,225_103,1
hsa-mir-29b-3p,miRNA,PACLITAXEL,DB01229,36314,225,67,225_67,1
hsa-mir-29b-3p,miRNA,IMATINIB,DB00619,5291,225,41,225_41,1
hsa-mir-29b-3p,miRNA,TAMOXIFEN,DB00675,2733525,225,123,225_123,1
hsa-mir-29b-3p,miRNA,CYCLOPAMINE,,442972,225,102,225_102,1
hsa-mir-29b-3p,miRNA,DECITABINE,DB01262,451668,225,91,225_91,1
hsa-mir-29b-3p,miRNA,GEMCITABINE,DB00441,60750,225,55,225_55,1
hsa-mir-29b-3p,miRNA,OXALIPLATIN,DB00526,6857599,225,204,225_204,1
hsa-mir-29b-3p,miRNA,ETHANOL,DB00898,702,225,24,225_24,1
hsa-mir-29b-3p,miRNA,FLUOROURACIL,DB00544,3385,225,7,225_7,1
hsa-mir-29b-3p,miRNA,BORTEZOMIB,DB00188,387447,225,17,225_17,1
hsa-mir-29b-3p,miRNA,CARFILZOMIB,DB08889,11556711,225,203,225_203,1
hsa-mir-29b-3p,miRNA,IXAZOMIB,DB09570,25183872,225,147,225_147,1
hsa-mir-29b-3p,miRNA,TAXANE,,9548828,225,124,225_124,1
hsa-mir-29b-3p,miRNA,PLATINUM,DB12257,23939,225,188,225_188,1
hsa-mir-29b-3p,miRNA,SORAFENIB,DB00398,216239,225,74,225_74,1
hsa-mir-29b-3p,miRNA,VEMURAFENIB,DB08881,42611257,225,148,225_148,1
hsa-mir-29b-3p,miRNA,DABRAFENIB,DB08912,44462760,225,142,225_142,1
hsa-mir-29b-3p,miRNA,CURCUMIN,DB11672,969516,225,137,225_137,1
hsa-mir-29b-3p,miRNA,METHOTREXATE,DB00563,126941,225,81,225_81,1
hsa-mir-29b-3p,miRNA,CRIZOTINIB,DB08865,11626560,225,197,225_197,1
hsa-mir-29b-3p,miRNA,LORLATINIB,DB12130,71731823,225,167,225_167,1
hsa-mir-29b-3p,miRNA,FULVESTRANT,DB00947,17756771,225,134,225_134,1
hsa-mir-29b-3p,miRNA,TEMOZOLOMIDE,DB00853,5394,225,174,225_174,1
hsa-mir-29b-3p,miRNA,PALBOCICLIB,DB09073,5330286,225,95,225_95,1
hsa-mir-29c-3p,miRNA,DOXORUBICIN,DB00997,31703,226,89,226_89,1
hsa-mir-29c-3p,miRNA,VERAPAMIL,DB00661,2520,226,21,226_21,1
hsa-mir-29c-3p,miRNA,ETOPOSIDE,DB00773,36462,226,68,226_68,1
hsa-mir-29c-3p,miRNA,FLUOROURACIL,DB00544,3385,226,7,226_7,1
hsa-mir-29c-3p,miRNA,CISPLATIN,DB00515,5460033,226,103,226_103,1
hsa-mir-29c-3p,miRNA,PACLITAXEL,DB01229,36314,226,67,226_67,1
hsa-mir-29c-3p,miRNA,GEMCITABINE,DB00441,60750,226,55,226_55,1
hsa-mir-29c-3p,miRNA,DOCETAXEL,DB01248,148124,226,3,226_3,1
hsa-mir-29c-3p,miRNA,OXALIPLATIN,DB00526,6857599,226,204,226_204,1
hsa-mir-29c-3p,miRNA,IMATINIB,DB00619,5291,226,41,226_41,1
hsa-mir-29c-3p,miRNA,BORTEZOMIB,DB00188,387447,226,17,226_17,1
hsa-mir-29c-3p,miRNA,SUNITINIB,DB01268,5329102,226,94,226_94,1
hsa-mir-29c-3p,miRNA,TEMOZOLOMIDE,DB00853,5394,226,174,226_174,1
hsa-mir-29c-3p,miRNA,PLATINUM,DB12257,23939,226,188,226_188,1
hsa-mir-29c-3p,miRNA,CURCUMIN,DB11672,969516,226,137,226_137,1
hsa-mir-29c-3p,miRNA,TAMOXIFEN,DB00675,2733525,226,123,226_123,1
hsa-mir-29c-3p,miRNA,CERITINIB,DB09063,57379345,226,160,226_160,1
hsa-mir-29c-3p,miRNA,GEFITINIB,DB00317,123631,226,84,226_84,1
hsa-mir-29c-3p,miRNA,METHOTREXATE,DB00563,126941,226,81,226_81,1
hsa-mir-29c-3p,miRNA,CRIZOTINIB,DB08865,11626560,226,197,226_197,1
hsa-mir-29c-3p,miRNA,LORLATINIB,DB12130,71731823,226,167,226_167,1
hsa-mir-29c-3p,miRNA,BROMOCRIPTINE,DB01200,31101,226,86,226_86,1
hsa-mir-300,miRNA,CISPLATIN,DB00515,5460033,227,103,227_103,1
hsa-mir-300,miRNA,CARBOPLATIN,DB00958,38904,227,90,227_90,1
hsa-mir-300,miRNA,DOXORUBICIN,DB00997,31703,227,89,227_89,1
hsa-mir-300,miRNA,VINCRISTINE,DB00541,5978,227,177,227_177,1
hsa-mir-300,miRNA,MITOMYCIN C,DB00305,5746,227,176,227_176,1
hsa-mir-300,miRNA,TAMOXIFEN,DB00675,2733525,227,123,227_123,1
hsa-mir-300,miRNA,TRAMETINIB,DB08911,11707110,227,101,227_101,1
hsa-mir-300,miRNA,VEMURAFENIB,DB08881,42611257,227,148,227_148,1
hsa-mir-301a-3p,miRNA,DOXORUBICIN,DB00997,31703,228,89,228_89,1
hsa-mir-301a-3p,miRNA,ERLOTINIB,DB00530,176870,228,85,228_85,1
hsa-mir-301a-3p,miRNA,GEMCITABINE,DB00441,60750,228,55,228_55,1
hsa-mir-301a-3p,miRNA,OXALIPLATIN,DB00526,6857599,228,204,228_204,1
hsa-mir-301a-3p,miRNA,DOCETAXEL,DB01248,148124,228,3,228_3,1
hsa-mir-301a-3p,miRNA,FLUOROURACIL,DB00544,3385,228,7,228_7,1
hsa-mir-301a-3p,miRNA,BORTEZOMIB,DB00188,387447,228,17,228_17,1
hsa-mir-301a-3p,miRNA,IMATINIB,DB00619,5291,228,41,228_41,1
hsa-mir-301a-3p,miRNA,CISPLATIN,DB00515,5460033,228,103,228_103,1
hsa-mir-301a-3p,miRNA,TAXANE,,9548828,228,124,228_124,1
hsa-mir-301a-3p,miRNA,PACLITAXEL,DB01229,36314,228,67,228_67,1
hsa-mir-301a-3p,miRNA,VEMURAFENIB,DB08881,42611257,228,148,228_148,1
hsa-mir-301a-3p,miRNA,DABRAFENIB,DB08912,44462760,228,142,228_142,1
hsa-mir-301a-3p,miRNA,LEVETIRACETAM,DB01202,5284583,228,28,228_28,1
hsa-mir-301a-3p,miRNA,TAMOXIFEN,DB00675,2733525,228,123,228_123,1
hsa-mir-301a-3p,miRNA,TRAMETINIB,DB08911,11707110,228,101,228_101,1
hsa-mir-301a-3p,miRNA,TEMOZOLOMIDE,DB00853,5394,228,174,228_174,1
hsa-mir-301a-3p,miRNA,SORAFENIB,DB00398,216239,228,74,228_74,1
hsa-mir-301b-3p,miRNA,DOXORUBICIN,DB00997,31703,229,89,229_89,1
hsa-mir-301b-3p,miRNA,VERAPAMIL,DB00661,2520,229,21,229_21,1
hsa-mir-301b-3p,miRNA,DOCETAXEL,DB01248,148124,229,3,229_3,1
hsa-mir-301b-3p,miRNA,GEMCITABINE,DB00441,60750,229,55,229_55,1
hsa-mir-301b-3p,miRNA,FLUOROURACIL,DB00544,3385,229,7,229_7,1
hsa-mir-301b-3p,miRNA,PACLITAXEL,DB01229,36314,229,67,229_67,1
hsa-mir-302a-3p,miRNA,DOXORUBICIN,DB00997,31703,230,89,230_89,1
hsa-mir-302a-3p,miRNA,VERAPAMIL,DB00661,2520,230,21,230_21,1
hsa-mir-302a-3p,miRNA,CISPLATIN,DB00515,5460033,230,103,230_103,1
hsa-mir-302a-3p,miRNA,MITOXANTRONE,DB01204,4212,230,22,230_22,1
hsa-mir-302a-3p,miRNA,AXITINIB,DB06626,6450551,230,98,230_98,1
hsa-mir-302a-3p,miRNA,SUNITINIB,DB01268,5329102,230,94,230_94,1
hsa-mir-302a-3p,miRNA,IMATINIB,DB00619,5291,230,41,230_41,1
hsa-mir-302a-3p,miRNA,PACLITAXEL,DB01229,36314,230,67,230_67,1
hsa-mir-302a-3p,miRNA,METHOTREXATE,DB00563,126941,230,81,230_81,1
hsa-mir-302a-3p,miRNA,TEMOZOLOMIDE,DB00853,5394,230,174,230_174,1
hsa-mir-302a-3p,miRNA,PAZOPANIB,DB06589,10113978,230,133,230_133,1
hsa-mir-302b-3p,miRNA,CISPLATIN,DB00515,5460033,231,103,231_103,1
hsa-mir-302b-3p,miRNA,DOXORUBICIN,DB00997,31703,231,89,231_89,1
hsa-mir-302b-3p,miRNA,MITOXANTRONE,DB01204,4212,231,22,231_22,1
hsa-mir-302b-3p,miRNA,SUNITINIB,DB01268,5329102,231,94,231_94,1
hsa-mir-302c-3p,miRNA,VERAPAMIL,DB00661,2520,232,21,232_21,1
hsa-mir-302c-3p,miRNA,DOXORUBICIN,DB00997,31703,232,89,232_89,1
hsa-mir-302c-3p,miRNA,CISPLATIN,DB00515,5460033,232,103,232_103,1
hsa-mir-302c-3p,miRNA,SUNITINIB,DB01268,5329102,232,94,232_94,1
hsa-mir-302c-3p,miRNA,MITOXANTRONE,DB01204,4212,232,22,232_22,1
hsa-mir-302c-3p,miRNA,FLUOROURACIL,DB00544,3385,232,7,232_7,1
hsa-mir-302c-3p,miRNA,TEMOZOLOMIDE,DB00853,5394,232,174,232_174,1
hsa-mir-302d-3p,miRNA,CISPLATIN,DB00515,5460033,233,103,233_103,1
hsa-mir-302d-3p,miRNA,CARBOPLATIN,DB00958,38904,233,90,233_90,1
hsa-mir-302d-3p,miRNA,MITOXANTRONE,DB01204,4212,233,22,233_22,1
hsa-mir-302d-3p,miRNA,CELASTROL,,12302620,233,139,233_139,1
hsa-mir-302d-3p,miRNA,SUNITINIB,DB01268,5329102,233,94,233_94,1
hsa-mir-302d-3p,miRNA,VEMURAFENIB,DB08881,42611257,233,148,233_148,1
hsa-mir-302d-3p,miRNA,METHOTREXATE,DB00563,126941,233,81,233_81,1
hsa-mir-302e,miRNA,SUNITINIB,DB01268,5329102,234,94,234_94,1
hsa-mir-302f,miRNA,SORAFENIB,DB00398,216239,235,74,235_74,1
hsa-mir-30a-5p,miRNA,DOXORUBICIN,DB00997,31703,236,89,236_89,1
hsa-mir-30a-5p,miRNA,PACLITAXEL,DB01229,36314,236,67,236_67,1
hsa-mir-30a-5p,miRNA,DOCETAXEL,DB01248,148124,236,3,236_3,1
hsa-mir-30a-5p,miRNA,CISPLATIN,DB00515,5460033,236,103,236_103,1
hsa-mir-30a-5p,miRNA,IMATINIB,DB00619,5291,236,41,236_41,1
hsa-mir-30a-5p,miRNA,GEMCITABINE,DB00441,60750,236,55,236_55,1
hsa-mir-30a-5p,miRNA,OXALIPLATIN,DB00526,6857599,236,204,236_204,1
hsa-mir-30a-5p,miRNA,FLUOROURACIL,DB00544,3385,236,7,236_7,1
hsa-mir-30a-5p,miRNA,SORAFENIB,DB00398,216239,236,74,236_74,1
hsa-mir-30a-5p,miRNA,SUNITINIB,DB01268,5329102,236,94,236_94,1
hsa-mir-30a-5p,miRNA,TAMOXIFEN,DB00675,2733525,236,123,236_123,1
hsa-mir-30a-5p,miRNA,PLATINUM,DB12257,23939,236,188,236_188,1
hsa-mir-30a-5p,miRNA,GEFITINIB,DB00317,123631,236,84,236_84,1
hsa-mir-30a-5p,miRNA,ETOPOSIDE,DB00773,36462,236,68,236_68,1
hsa-mir-30a-5p,miRNA,CERITINIB,DB09063,57379345,236,160,236_160,1
hsa-mir-30a-5p,miRNA,MITOMYCIN C,DB00305,5746,236,176,236_176,1
hsa-mir-30a-5p,miRNA,CYCLOPHOSPHAMIDE,DB00531,2907,236,16,236_16,1
hsa-mir-30a-5p,miRNA,DABRAFENIB,DB08912,44462760,236,142,236_142,1
hsa-mir-30a-5p,miRNA,TEMOZOLOMIDE,DB00853,5394,236,174,236_174,1
hsa-mir-30a-5p,miRNA,PREDNISONE,DB00635,5865,236,34,236_34,1
hsa-mir-30b-5p,miRNA,PACLITAXEL,DB01229,36314,237,67,237_67,1
hsa-mir-30b-5p,miRNA,CISPLATIN,DB00515,5460033,237,103,237_103,1
hsa-mir-30b-5p,miRNA,DOXORUBICIN,DB00997,31703,237,89,237_89,1
hsa-mir-30b-5p,miRNA,FLUOROURACIL,DB00544,3385,237,7,237_7,1
hsa-mir-30b-5p,miRNA,PAROXETINE,DB00715,43815,237,78,237_78,1
hsa-mir-30b-5p,miRNA,CARBOPLATIN,DB00958,38904,237,90,237_90,1
hsa-mir-30b-5p,miRNA,VINCRISTINE,DB00541,5978,237,177,237_177,1
hsa-mir-30b-5p,miRNA,MITOMYCIN C,DB00305,5746,237,176,237_176,1
hsa-mir-30b-5p,miRNA,OXALIPLATIN,DB00526,6857599,237,204,237_204,1
hsa-mir-30b-5p,miRNA,ERLOTINIB,DB00530,176870,237,85,237_85,1
hsa-mir-30b-5p,miRNA,GEFITINIB,DB00317,123631,237,84,237_84,1
hsa-mir-30b-5p,miRNA,IMATINIB,DB00619,5291,237,41,237_41,1
hsa-mir-30b-5p,miRNA,PLX-4720,DB06999,24180719,237,146,237_146,1
hsa-mir-30b-5p,miRNA,PLATINUM,DB12257,23939,237,188,237_188,1
hsa-mir-30b-5p,miRNA,TAMOXIFEN,DB00675,2733525,237,123,237_123,1
hsa-mir-30b-5p,miRNA,GEMCITABINE,DB00441,60750,237,55,237_55,1
hsa-mir-30b-5p,miRNA,DAUNORUBICIN,DB00694,30323,237,88,237_88,1
hsa-mir-30b-5p,miRNA,FULVESTRANT,DB00947,17756771,237,134,237_134,1
hsa-mir-30b-5p,miRNA,DABRAFENIB,DB08912,44462760,237,142,237_142,1
hsa-mir-30c-5p,miRNA,PACLITAXEL,DB01229,36314,238,67,238_67,1
hsa-mir-30c-5p,miRNA,CYCLOPAMINE,,442972,238,102,238_102,1
hsa-mir-30c-5p,miRNA,CARBOPLATIN,DB00958,38904,238,90,238_90,1
hsa-mir-30c-5p,miRNA,CISPLATIN,DB00515,5460033,238,103,238_103,1
hsa-mir-30c-5p,miRNA,DOXORUBICIN,DB00997,31703,238,89,238_89,1
hsa-mir-30c-5p,miRNA,VINCRISTINE,DB00541,5978,238,177,238_177,1
hsa-mir-30c-5p,miRNA,MITOMYCIN C,DB00305,5746,238,176,238_176,1
hsa-mir-30c-5p,miRNA,OXALIPLATIN,DB00526,6857599,238,204,238_204,1
hsa-mir-30c-5p,miRNA,GEFITINIB,DB00317,123631,238,84,238_84,1
hsa-mir-30c-5p,miRNA,IMATINIB,DB00619,5291,238,41,238_41,1
hsa-mir-30c-5p,miRNA,TAMOXIFEN,DB00675,2733525,238,123,238_123,1
hsa-mir-30c-5p,miRNA,PLATINUM,DB12257,23939,238,188,238_188,1
hsa-mir-30c-5p,miRNA,MITOXANTRONE,DB01204,4212,238,22,238_22,1
hsa-mir-30c-5p,miRNA,FLUOROURACIL,DB00544,3385,238,7,238_7,1
hsa-mir-30c-5p,miRNA,ETOPOSIDE,DB00773,36462,238,68,238_68,1
hsa-mir-30c-5p,miRNA,BORTEZOMIB,DB00188,387447,238,17,238_17,1
hsa-mir-30c-5p,miRNA,OLAPARIB,DB09074,23725625,238,151,238_151,1
hsa-mir-30d-5p,miRNA,ETOPOSIDE,DB00773,36462,239,68,239_68,1
hsa-mir-30d-5p,miRNA,CISPLATIN,DB00515,5460033,239,103,239_103,1
hsa-mir-30d-5p,miRNA,DOCETAXEL,DB01248,148124,239,3,239_3,1
hsa-mir-30d-5p,miRNA,DOXORUBICIN,DB00997,31703,239,89,239_89,1
hsa-mir-30d-5p,miRNA,FLUOROURACIL,DB00544,3385,239,7,239_7,1
hsa-mir-30d-5p,miRNA,PAROXETINE,DB00715,43815,239,78,239_78,1
hsa-mir-30d-5p,miRNA,TRICHOSTATIN A,DB04297,444732,239,10,239_10,1
hsa-mir-30d-5p,miRNA,OXALIPLATIN,DB00526,6857599,239,204,239_204,1
hsa-mir-30d-5p,miRNA,GEMCITABINE,DB00441,60750,239,55,239_55,1
hsa-mir-30d-5p,miRNA,SUNITINIB,DB01268,5329102,239,94,239_94,1
hsa-mir-30d-5p,miRNA,PLX-4720,DB06999,24180719,239,146,239_146,1
hsa-mir-30d-5p,miRNA,PLATINUM,DB12257,23939,239,188,239_188,1
hsa-mir-30d-5p,miRNA,CELASTROL,,12302620,239,139,239_139,1
hsa-mir-30d-5p,miRNA,TAMOXIFEN,DB00675,2733525,239,123,239_123,1
hsa-mir-30d-5p,miRNA,PACLITAXEL,DB01229,36314,239,67,239_67,1
hsa-mir-30d-5p,miRNA,DABRAFENIB,DB08912,44462760,239,142,239_142,1
hsa-mir-30d-5p,miRNA,TEMOZOLOMIDE,DB00853,5394,239,174,239_174,1
hsa-mir-30e-5p,miRNA,DOXORUBICIN,DB00997,31703,240,89,240_89,1
hsa-mir-30e-5p,miRNA,VERAPAMIL,DB00661,2520,240,21,240_21,1
hsa-mir-30e-5p,miRNA,CISPLATIN,DB00515,5460033,240,103,240_103,1
hsa-mir-30e-5p,miRNA,OXALIPLATIN,DB00526,6857599,240,204,240_204,1
hsa-mir-30e-5p,miRNA,DOCETAXEL,DB01248,148124,240,3,240_3,1
hsa-mir-30e-5p,miRNA,FLUOROURACIL,DB00544,3385,240,7,240_7,1
hsa-mir-30e-5p,miRNA,GEMCITABINE,DB00441,60750,240,55,240_55,1
hsa-mir-30e-5p,miRNA,BORTEZOMIB,DB00188,387447,240,17,240_17,1
hsa-mir-30e-5p,miRNA,IMATINIB,DB00619,5291,240,41,240_41,1
hsa-mir-30e-5p,miRNA,SUNITINIB,DB01268,5329102,240,94,240_94,1
hsa-mir-30e-5p,miRNA,PLATINUM,DB12257,23939,240,188,240_188,1
hsa-mir-30e-5p,miRNA,GEFITINIB,DB00317,123631,240,84,240_84,1
hsa-mir-30e-5p,miRNA,PACLITAXEL,DB01229,36314,240,67,240_67,1
hsa-mir-30e-5p,miRNA,FULVESTRANT,DB00947,17756771,240,134,240_134,1
hsa-mir-30e-5p,miRNA,TAMOXIFEN,DB00675,2733525,240,123,240_123,1
hsa-mir-30e-5p,miRNA,DABRAFENIB,DB08912,44462760,240,142,240_142,1
hsa-mir-31-5p,miRNA,DOXORUBICIN,DB00997,31703,241,89,241_89,1
hsa-mir-31-5p,miRNA,VERAPAMIL,DB00661,2520,241,21,241_21,1
hsa-mir-31-5p,miRNA,10-HYDROXYCAMPTOTHECIN,DB12385,97226,241,205,241_205,1
hsa-mir-31-5p,miRNA,CISPLATIN,DB00515,5460033,241,103,241_103,1
hsa-mir-31-5p,miRNA,DOCETAXEL,DB01248,148124,241,3,241_3,1
hsa-mir-31-5p,miRNA,FLUOROURACIL,DB00544,3385,241,7,241_7,1
hsa-mir-31-5p,miRNA,ETOPOSIDE,DB00773,36462,241,68,241_68,1
hsa-mir-31-5p,miRNA,SUNITINIB,DB01268,5329102,241,94,241_94,1
hsa-mir-31-5p,miRNA,STAUROSPORINE,DB02010,5459111,241,110,241_110,1
hsa-mir-31-5p,miRNA,VINCRISTINE,DB00541,5978,241,177,241_177,1
hsa-mir-31-5p,miRNA,OXALIPLATIN,DB00526,6857599,241,204,241_204,1
hsa-mir-31-5p,miRNA,GEFITINIB,DB00317,123631,241,84,241_84,1
hsa-mir-31-5p,miRNA,TAXANE,,9548828,241,124,241_124,1
hsa-mir-31-5p,miRNA,TEMOZOLOMIDE,DB00853,5394,241,174,241_174,1
hsa-mir-31-5p,miRNA,GEMCITABINE,DB00441,60750,241,55,241_55,1
hsa-mir-31-5p,miRNA,MITOMYCIN C,DB00305,5746,241,176,241_176,1
hsa-mir-31-5p,miRNA,PACLITAXEL,DB01229,36314,241,67,241_67,1
hsa-mir-31-5p,miRNA,TAMOXIFEN,DB00675,2733525,241,123,241_123,1
hsa-mir-31-5p,miRNA,SORAFENIB,DB00398,216239,241,74,241_74,1
hsa-mir-31-5p,miRNA,TOPOTECAN,DB01030,60699,241,50,241_50,1
hsa-mir-31-5p,miRNA,DABRAFENIB,DB08912,44462760,241,142,241_142,1
hsa-mir-32-5p,miRNA,TAMOXIFEN,DB00675,2733525,242,123,242_123,1
hsa-mir-32-5p,miRNA,DOXORUBICIN,DB00997,31703,242,89,242_89,1
hsa-mir-32-5p,miRNA,VERAPAMIL,DB00661,2520,242,21,242_21,1
hsa-mir-32-5p,miRNA,CYTARABINE,DB00987,6253,242,35,242_35,1
hsa-mir-32-5p,miRNA,GEMCITABINE,DB00441,60750,242,55,242_55,1
hsa-mir-32-5p,miRNA,CISPLATIN,DB00515,5460033,242,103,242_103,1
hsa-mir-32-5p,miRNA,FLUOROURACIL,DB00544,3385,242,7,242_7,1
hsa-mir-32-5p,miRNA,VINCRISTINE,DB00541,5978,242,177,242_177,1
hsa-mir-32-5p,miRNA,OXALIPLATIN,DB00526,6857599,242,204,242_204,1
hsa-mir-32-5p,miRNA,PACLITAXEL,DB01229,36314,242,67,242_67,1
hsa-mir-32-5p,miRNA,SORAFENIB,DB00398,216239,242,74,242_74,1
hsa-mir-32-5p,miRNA,AZACITIDINE,DB00928,9444,242,179,242_179,1
hsa-mir-32-5p,miRNA,TRAMETINIB,DB08911,11707110,242,101,242_101,1
hsa-mir-32-5p,miRNA,VEMURAFENIB,DB08881,42611257,242,148,242_148,1
hsa-mir-32-5p,miRNA,BROMOCRIPTINE,DB01200,31101,242,86,242_86,1
hsa-mir-32-5p,miRNA,PLATINUM,DB12257,23939,242,188,242_188,1
hsa-mir-32-5p,miRNA,GEFITINIB,DB00317,123631,242,84,242_84,1
hsa-mir-320a-3p,miRNA,DOXORUBICIN,DB00997,31703,243,89,243_89,1
hsa-mir-320a-3p,miRNA,VERAPAMIL,DB00661,2520,243,21,243_21,1
hsa-mir-320a-3p,miRNA,ETOPOSIDE,DB00773,36462,243,68,243_68,1
hsa-mir-320a-3p,miRNA,METHOTREXATE,DB00563,126941,243,81,243_81,1
hsa-mir-320a-3p,miRNA,CISPLATIN,DB00515,5460033,243,103,243_103,1
hsa-mir-320a-3p,miRNA,PACLITAXEL,DB01229,36314,243,67,243_67,1
hsa-mir-320a-3p,miRNA,OXALIPLATIN,DB00526,6857599,243,204,243_204,1
hsa-mir-320a-3p,miRNA,IMATINIB,DB00619,5291,243,41,243_41,1
hsa-mir-320a-3p,miRNA,FLUOROURACIL,DB00544,3385,243,7,243_7,1
hsa-mir-320a-3p,miRNA,TAMOXIFEN,DB00675,2733525,243,123,243_123,1
hsa-mir-320a-3p,miRNA,PLX-4720,DB06999,24180719,243,146,243_146,1
hsa-mir-320a-3p,miRNA,PLATINUM,DB12257,23939,243,188,243_188,1
hsa-mir-320a-3p,miRNA,MITOXANTRONE,DB01204,4212,243,22,243_22,1
hsa-mir-320a-3p,miRNA,GEMCITABINE,DB00441,60750,243,55,243_55,1
hsa-mir-320a-3p,miRNA,PROPOFOL,DB00818,4943,243,40,243_40,1
hsa-mir-320a-3p,miRNA,ANTHRACYCLINE,DB00694,30323,243,88,243_88,1
hsa-mir-320a-3p,miRNA,CURCUMIN,DB11672,969516,243,137,243_137,1
hsa-mir-320b,miRNA,OXALIPLATIN,DB00526,6857599,244,204,244_204,1
hsa-mir-320b,miRNA,CISPLATIN,DB00515,5460033,244,103,244_103,1
hsa-mir-320b,miRNA,PLATINUM,DB12257,23939,244,188,244_188,1
hsa-mir-320b,miRNA,PACLITAXEL,DB01229,36314,244,67,244_67,1
hsa-mir-320b,miRNA,CERITINIB,DB09063,57379345,244,160,244_160,1
hsa-mir-320b,miRNA,FLUOROURACIL,DB00544,3385,244,7,244_7,1
hsa-mir-320b,miRNA,DOXORUBICIN,DB00997,31703,244,89,244_89,1
hsa-mir-320c,miRNA,GEMCITABINE,DB00441,60750,245,55,245_55,1
hsa-mir-320c,miRNA,OXALIPLATIN,DB00526,6857599,245,204,245_204,1
hsa-mir-320c,miRNA,CISPLATIN,DB00515,5460033,245,103,245_103,1
hsa-mir-320c,miRNA,FLUOROURACIL,DB00544,3385,245,7,245_7,1
hsa-mir-320c,miRNA,PACLITAXEL,DB01229,36314,245,67,245_67,1
hsa-mir-320d,miRNA,CISPLATIN,DB00515,5460033,246,103,246_103,1
hsa-mir-320d,miRNA,OXALIPLATIN,DB00526,6857599,246,204,246_204,1
hsa-mir-320d,miRNA,DOCETAXEL,DB01248,148124,246,3,246_3,1
hsa-mir-320d,miRNA,DOXORUBICIN,DB00997,31703,246,89,246_89,1
hsa-mir-320d,miRNA,PLATINUM,DB12257,23939,246,188,246_188,1
hsa-mir-320d,miRNA,PACLITAXEL,DB01229,36314,246,67,246_67,1
hsa-mir-320d,miRNA,FLUOROURACIL,DB00544,3385,246,7,246_7,1
hsa-mir-323a-3p,miRNA,DOXORUBICIN,DB00997,31703,247,89,247_89,1
hsa-mir-323a-3p,miRNA,FLUOROURACIL,DB00544,3385,247,7,247_7,1
hsa-mir-323a-3p,miRNA,GEMCITABINE,DB00441,60750,247,55,247_55,1
hsa-mir-323a-3p,miRNA,DOCETAXEL,DB01248,148124,247,3,247_3,1
hsa-mir-323a-3p,miRNA,CERITINIB,DB09063,57379345,247,160,247_160,1
hsa-mir-323a-3p,miRNA,OXALIPLATIN,DB00526,6857599,247,204,247_204,1
hsa-mir-323a-3p,miRNA,METHOTREXATE,DB00563,126941,247,81,247_81,1
hsa-mir-323a-3p,miRNA,OSIMERTINIB,DB09330,71496458,247,161,247_161,1
hsa-mir-323a-5p,miRNA,CISPLATIN,DB00515,5460033,248,103,248_103,1
hsa-mir-323b-5p,miRNA,DOXORUBICIN,DB00997,31703,323,89,323_89,1
hsa-mir-323b-5p,miRNA,VERAPAMIL,DB00661,2520,323,21,323_21,1
hsa-mir-323b-5p,miRNA,GEMCITABINE,DB00441,60750,323,55,323_55,1
hsa-mir-323b-5p,miRNA,OXALIPLATIN,DB00526,6857599,323,204,323_204,1
hsa-mir-324-3p,miRNA,SUNITINIB,DB01268,5329102,249,94,249_94,1
hsa-mir-324-3p,miRNA,TAMOXIFEN,DB00675,2733525,249,123,249_123,1
hsa-mir-324-3p,miRNA,PLATINUM,DB12257,23939,249,188,249_188,1
hsa-mir-324-3p,miRNA,CELASTROL,,12302620,249,139,249_139,1
hsa-mir-324-3p,miRNA,CISPLATIN,DB00515,5460033,249,103,249_103,1
hsa-mir-324-5p,miRNA,TAMOXIFEN,DB00675,2733525,250,123,250_123,1
hsa-mir-324-5p,miRNA,CISPLATIN,DB00515,5460033,250,103,250_103,1
hsa-mir-324-5p,miRNA,PLATINUM,DB12257,23939,250,188,250_188,1
hsa-mir-324-5p,miRNA,SORAFENIB,DB00398,216239,250,74,250_74,1
hsa-mir-324-5p,miRNA,PACLITAXEL,DB01229,36314,250,67,250_67,1
hsa-mir-324-5p,miRNA,BORTEZOMIB,DB00188,387447,250,17,250_17,1
hsa-mir-324-5p,miRNA,FLUOROURACIL,DB00544,3385,250,7,250_7,1
hsa-mir-324-5p,miRNA,GEMCITABINE,DB00441,60750,250,55,250_55,1
hsa-mir-326,miRNA,CISPLATIN,DB00515,5460033,251,103,251_103,1
hsa-mir-326,miRNA,ETOPOSIDE,DB00773,36462,251,68,251_68,1
hsa-mir-326,miRNA,DOXORUBICIN,DB00997,31703,251,89,251_89,1
hsa-mir-326,miRNA,OXALIPLATIN,DB00526,6857599,251,204,251_204,1
hsa-mir-326,miRNA,CELASTROL,,12302620,251,139,251_139,1
hsa-mir-326,miRNA,PACLITAXEL,DB01229,36314,251,67,251_67,1
hsa-mir-326,miRNA,FLUOROURACIL,DB00544,3385,251,7,251_7,1
hsa-mir-326,miRNA,CURCUMIN,DB11672,969516,251,137,251_137,1
hsa-mir-326,miRNA,CERITINIB,DB09063,57379345,251,160,251_160,1
hsa-mir-326,miRNA,PANOBINOSTAT,DB06603,6918837,251,129,251_129,1
hsa-mir-326,miRNA,VEMURAFENIB,DB08881,42611257,251,148,251_148,1
hsa-mir-326,miRNA,TRAMETINIB,DB08911,11707110,251,101,251_101,1
hsa-mir-326,miRNA,GEMCITABINE,DB00441,60750,251,55,251_55,1
hsa-mir-326,miRNA,CYTARABINE,DB00987,6253,251,35,251_35,1
hsa-mir-326,miRNA,DEXAMETHASONE,DB01234,5743,251,43,251_43,1
hsa-mir-326,miRNA,METHOTREXATE,DB00563,126941,251,81,251_81,1
hsa-mir-326,miRNA,VINCRISTINE,DB00541,5978,251,177,251_177,1
hsa-mir-328-3p,miRNA,DOXORUBICIN,DB00997,31703,252,89,252_89,1
hsa-mir-328-3p,miRNA,MITOXANTRONE,DB01204,4212,252,22,252_22,1
hsa-mir-328-3p,miRNA,10-HYDROXYCAMPTOTHECIN,DB12385,97226,252,205,252_205,1
hsa-mir-328-3p,miRNA,FLUOROURACIL,DB00544,3385,252,7,252_7,1
hsa-mir-328-3p,miRNA,PAROXETINE,DB00715,43815,252,78,252_78,1
hsa-mir-328-3p,miRNA,OXALIPLATIN,DB00526,6857599,252,204,252_204,1
hsa-mir-328-3p,miRNA,CISPLATIN,DB00515,5460033,252,103,252_103,1
hsa-mir-328-3p,miRNA,HYDROGEN PEROXIDE,DB11091,784,252,20,252_20,1
hsa-mir-328-3p,miRNA,GEMCITABINE,DB00441,60750,252,55,252_55,1
hsa-mir-328-3p,miRNA,SORAFENIB,DB00398,216239,252,74,252_74,1
hsa-mir-328-3p,miRNA,PLX-4720,DB06999,24180719,252,146,252_146,1
hsa-mir-328-3p,miRNA,DOCETAXEL,DB01248,148124,252,3,252_3,1
hsa-mir-328-3p,miRNA,CELASTROL,,12302620,252,139,252_139,1
hsa-mir-328-3p,miRNA,DABRAFENIB,DB08912,44462760,252,142,252_142,1
hsa-mir-328-3p,miRNA,VEMURAFENIB,DB08881,42611257,252,148,252_148,1
hsa-mir-328-3p,miRNA,PACLITAXEL,DB01229,36314,252,67,252_67,1
hsa-mir-328-3p,miRNA,TAMOXIFEN,DB00675,2733525,252,123,252_123,1
hsa-mir-328-3p,miRNA,BORTEZOMIB,DB00188,387447,252,17,252_17,1
hsa-mir-329-3p,miRNA,DOXORUBICIN,DB00997,31703,253,89,253_89,1
hsa-mir-329-3p,miRNA,CISPLATIN,DB00515,5460033,253,103,253_103,1
hsa-mir-329-3p,miRNA,FLUOROURACIL,DB00544,3385,253,7,253_7,1
hsa-mir-329-3p,miRNA,OXALIPLATIN,DB00526,6857599,253,204,253_204,1
hsa-mir-329-3p,miRNA,METHOTREXATE,DB00563,126941,253,81,253_81,1
hsa-mir-330-3p,miRNA,PACLITAXEL,DB01229,36314,254,67,254_67,1
hsa-mir-330-3p,miRNA,VERAPAMIL,DB00661,2520,254,21,254_21,1
hsa-mir-330-3p,miRNA,DOXORUBICIN,DB00997,31703,254,89,254_89,1
hsa-mir-330-3p,miRNA,GEMCITABINE,DB00441,60750,254,55,254_55,1
hsa-mir-330-3p,miRNA,ETOPOSIDE,DB00773,36462,254,68,254_68,1
hsa-mir-330-3p,miRNA,TAMOXIFEN,DB00675,2733525,254,123,254_123,1
hsa-mir-330-3p,miRNA,FLUOROURACIL,DB00544,3385,254,7,254_7,1
hsa-mir-330-3p,miRNA,CISPLATIN,DB00515,5460033,254,103,254_103,1
hsa-mir-330-3p,miRNA,GEFITINIB,DB00317,123631,254,84,254_84,1
hsa-mir-330-3p,miRNA,OXALIPLATIN,DB00526,6857599,254,204,254_204,1
hsa-mir-330-3p,miRNA,TEMOZOLOMIDE,DB00853,5394,254,174,254_174,1
hsa-mir-330-5p,miRNA,GEMCITABINE,DB00441,60750,255,55,255_55,1
hsa-mir-331-3p,miRNA,DOXORUBICIN,DB00997,31703,256,89,256_89,1
hsa-mir-331-3p,miRNA,PACLITAXEL,DB01229,36314,256,67,256_67,1
hsa-mir-331-3p,miRNA,VERAPAMIL,DB00661,2520,256,21,256_21,1
hsa-mir-331-3p,miRNA,TAMOXIFEN,DB00675,2733525,256,123,256_123,1
hsa-mir-331-3p,miRNA,CISPLATIN,DB00515,5460033,256,103,256_103,1
hsa-mir-331-3p,miRNA,FLUOROURACIL,DB00544,3385,256,7,256_7,1
hsa-mir-331-3p,miRNA,PLX-4720,DB06999,24180719,256,146,256_146,1
hsa-mir-331-3p,miRNA,PLATINUM,DB12257,23939,256,188,256_188,1
hsa-mir-331-3p,miRNA,MITOXANTRONE,DB01204,4212,256,22,256_22,1
hsa-mir-331-3p,miRNA,GEMCITABINE,DB00441,60750,256,55,256_55,1
hsa-mir-331-3p,miRNA,BROMOCRIPTINE,DB01200,31101,256,86,256_86,1
hsa-mir-331-3p,miRNA,SORAFENIB,DB00398,216239,256,74,256_74,1
hsa-mir-331-3p,miRNA,CORTISONE,DB14681,222786,256,80,256_80,1
hsa-mir-331-3p,miRNA,METHYLPREDNISOLONE,DB00959,6741,256,36,256_36,1
hsa-mir-331-5p,miRNA,DOXORUBICIN,DB00997,31703,257,89,257_89,1
hsa-mir-331-5p,miRNA,CURCUMIN,DB11672,969516,257,137,257_137,1
hsa-mir-331-5p,miRNA,IMATINIB,DB00619,5291,257,41,257_41,1
hsa-mir-335-5p,miRNA,PACLITAXEL,DB01229,36314,258,67,258_67,2
hsa-mir-335-5p,miRNA,DAUNORUBICIN,DB00694,30323,258,88,258_88,1
hsa-mir-335-5p,miRNA,VINCRISTINE,DB00541,5978,258,177,258_177,1
hsa-mir-335-5p,miRNA,PREDNISOLONE,DB00860,5755,258,44,258_44,1
hsa-mir-335-5p,miRNA,CISPLATIN,DB00515,5460033,258,103,258_103,1
hsa-mir-335-5p,miRNA,DOXORUBICIN,DB00997,31703,258,89,258_89,1
hsa-mir-335-5p,miRNA,IMATINIB,DB00619,5291,258,41,258_41,1
hsa-mir-335-5p,miRNA,CELASTROL,,12302620,258,139,258_139,1
hsa-mir-335-5p,miRNA,TAXOL,DB01229,36314,258,67,258_67,2
hsa-mir-335-5p,miRNA,PLX-4720,DB06999,24180719,258,146,258_146,1
hsa-mir-335-5p,miRNA,TAMOXIFEN,DB00675,2733525,258,123,258_123,1
hsa-mir-335-5p,miRNA,GEFITINIB,DB00317,123631,258,84,258_84,1
hsa-mir-335-5p,miRNA,YUANHUADINE,,6440572,258,61,258_61,1
hsa-mir-335-5p,miRNA,SORAFENIB,DB00398,216239,258,74,258_74,1
hsa-mir-335-5p,miRNA,GEMCITABINE,DB00441,60750,258,55,258_55,1
hsa-mir-335-5p,miRNA,FLUOROURACIL,DB00544,3385,258,7,258_7,1
hsa-mir-335-5p,miRNA,TOPOTECAN,DB01030,60699,258,50,258_50,1
hsa-mir-335-5p,miRNA,TAXANE,,9548828,258,124,258_124,1
hsa-mir-337-3p,miRNA,DOCETAXEL,DB01248,148124,259,3,259_3,1
hsa-mir-337-3p,miRNA,PACLITAXEL,DB01229,36314,259,67,259_67,1
hsa-mir-337-3p,miRNA,CISPLATIN,DB00515,5460033,259,103,259_103,1
hsa-mir-337-3p,miRNA,DOXORUBICIN,DB00997,31703,259,89,259_89,1
hsa-mir-337-3p,miRNA,METHOTREXATE,DB00563,126941,259,81,259_81,1
hsa-mir-338-5p,miRNA,CISPLATIN,DB00515,5460033,261,103,261_103,1
hsa-mir-338-5p,miRNA,OXALIPLATIN,DB00526,6857599,261,204,261_204,1
hsa-mir-338-5p,miRNA,IMATINIB,DB00619,5291,261,41,261_41,1
hsa-mir-338-5p,miRNA,DOXORUBICIN,DB00997,31703,261,89,261_89,1
hsa-mir-338-5p,miRNA,VINBLASTINE,DB00570,442111,261,97,261_97,1
hsa-mir-339-3p,miRNA,TAMOXIFEN,DB00675,2733525,262,123,262_123,1
hsa-mir-339-3p,miRNA,TRAMETINIB,DB08911,11707110,262,101,262_101,1
hsa-mir-339-3p,miRNA,VEMURAFENIB,DB08881,42611257,262,148,262_148,1
hsa-mir-339-5p,miRNA,DOXORUBICIN,DB00997,31703,263,89,263_89,1
hsa-mir-339-5p,miRNA,DOCETAXEL,DB01248,148124,263,3,263_3,1
hsa-mir-339-5p,miRNA,VERAPAMIL,DB00661,2520,263,21,263_21,1
hsa-mir-339-5p,miRNA,TAMOXIFEN,DB00675,2733525,263,123,263_123,1
hsa-mir-339-5p,miRNA,CISPLATIN,DB00515,5460033,263,103,263_103,1
hsa-mir-339-5p,miRNA,OXALIPLATIN,DB00526,6857599,263,204,263_204,1
hsa-mir-339-5p,miRNA,FLUOROURACIL,DB00544,3385,263,7,263_7,1
hsa-mir-339-5p,miRNA,GEMCITABINE,DB00441,60750,263,55,263_55,1
hsa-mir-339-5p,miRNA,DEXAMETHASONE,DB01234,5743,263,43,263_43,1
hsa-mir-339-5p,miRNA,PACLITAXEL,DB01229,36314,263,67,263_67,2
hsa-mir-339-5p,miRNA,TAXOL,DB01229,36314,263,67,263_67,2
hsa-mir-33a-5p,miRNA,CAPECITABINE,DB01101,60953,264,48,264_48,1
hsa-mir-33a-5p,miRNA,DOXORUBICIN,DB00997,31703,264,89,264_89,1
hsa-mir-33a-5p,miRNA,VERAPAMIL,DB00661,2520,264,21,264_21,1
hsa-mir-33a-5p,miRNA,CISPLATIN,DB00515,5460033,264,103,264_103,1
hsa-mir-33a-5p,miRNA,VINCRISTINE,DB00541,5978,264,177,264_177,1
hsa-mir-33a-5p,miRNA,PREDNISONE,DB00635,5865,264,34,264_34,1
hsa-mir-33a-5p,miRNA,GEMCITABINE,DB00441,60750,264,55,264_55,1
hsa-mir-33a-5p,miRNA,MITOXANTRONE,DB01204,4212,264,22,264_22,1
hsa-mir-33a-5p,miRNA,FLUOROURACIL,DB00544,3385,264,7,264_7,1
hsa-mir-33a-5p,miRNA,IMATINIB,DB00619,5291,264,41,264_41,1
hsa-mir-33a-5p,miRNA,CELASTROL,,12302620,264,139,264_139,1
hsa-mir-33a-5p,miRNA,AZACITIDINE,DB00928,9444,264,179,264_179,1
hsa-mir-33a-5p,miRNA,DABRAFENIB,DB08912,44462760,264,142,264_142,1
hsa-mir-33b-5p,miRNA,DOXORUBICIN,DB00997,31703,265,89,265_89,1
hsa-mir-33b-5p,miRNA,VERAPAMIL,DB00661,2520,265,21,265_21,1
hsa-mir-33b-5p,miRNA,OXALIPLATIN,DB00526,6857599,265,204,265_204,1
hsa-mir-33b-5p,miRNA,GEMCITABINE,DB00441,60750,265,55,265_55,1
hsa-mir-33b-5p,miRNA,BORTEZOMIB,DB00188,387447,265,17,265_17,1
hsa-mir-33b-5p,miRNA,CISPLATIN,DB00515,5460033,265,103,265_103,1
hsa-mir-33b-5p,miRNA,DOCETAXEL,DB01248,148124,265,3,265_3,1
hsa-mir-33b-5p,miRNA,TAMOXIFEN,DB00675,2733525,265,123,265_123,1
hsa-mir-33b-5p,miRNA,CERITINIB,DB09063,57379345,265,160,265_160,1
hsa-mir-33b-5p,miRNA,DAUNORUBICIN,DB00694,30323,265,88,265_88,1
hsa-mir-340-5p,miRNA,TAMOXIFEN,DB00675,2733525,266,123,266_123,1
hsa-mir-340-5p,miRNA,CISPLATIN,DB00515,5460033,266,103,266_103,1
hsa-mir-340-5p,miRNA,DOCETAXEL,DB01248,148124,266,3,266_3,1
hsa-mir-340-5p,miRNA,SORAFENIB,DB00398,216239,266,74,266_74,1
hsa-mir-340-5p,miRNA,GEMCITABINE,DB00441,60750,266,55,266_55,1
hsa-mir-340-5p,miRNA,BAICALIN,,64982,266,71,266_71,1
hsa-mir-340-5p,miRNA,ABT-737,DB17023,11228183,266,191,266_191,1
hsa-mir-342-3p,miRNA,DOXORUBICIN,DB00997,31703,267,89,267_89,1
hsa-mir-342-3p,miRNA,TAMOXIFEN,DB00675,2733525,267,123,267_123,1
hsa-mir-342-3p,miRNA,CISPLATIN,DB00515,5460033,267,103,267_103,1
hsa-mir-342-3p,miRNA,ETOPOSIDE,DB00773,36462,267,68,267_68,1
hsa-mir-342-3p,miRNA,PACLITAXEL,DB01229,36314,267,67,267_67,1
hsa-mir-342-3p,miRNA,OXALIPLATIN,DB00526,6857599,267,204,267_204,1
hsa-mir-342-3p,miRNA,DOCETAXEL,DB01248,148124,267,3,267_3,1
hsa-mir-342-3p,miRNA,VINCRISTINE,DB00541,5978,267,177,267_177,1
hsa-mir-342-3p,miRNA,DEXAMETHASONE,DB01234,5743,267,43,267_43,1
hsa-mir-342-3p,miRNA,PLATINUM,DB12257,23939,267,188,267_188,1
hsa-mir-342-3p,miRNA,SUNITINIB,DB01268,5329102,267,94,267_94,1
hsa-mir-342-3p,miRNA,TRAMETINIB,DB08911,11707110,267,101,267_101,1
hsa-mir-342-3p,miRNA,VEMURAFENIB,DB08881,42611257,267,148,267_148,1
hsa-mir-342-3p,miRNA,GEMCITABINE,DB00441,60750,267,55,267_55,1
hsa-mir-342-3p,miRNA,FULVESTRANT,DB00947,17756771,267,134,267_134,1
hsa-mir-342-3p,miRNA,SORAFENIB,DB00398,216239,267,74,267_74,1
hsa-mir-342-5p,miRNA,IMATINIB,DB00619,5291,268,41,268_41,1
hsa-mir-342-5p,miRNA,TAMOXIFEN,DB00675,2733525,268,123,268_123,1
hsa-mir-342-5p,miRNA,DOXORUBICIN,DB00997,31703,268,89,268_89,1
hsa-mir-342-5p,miRNA,CURCUMIN,DB11672,969516,268,137,268_137,1
hsa-mir-342-5p,miRNA,CISPLATIN,DB00515,5460033,268,103,268_103,1
hsa-mir-345-5p,miRNA,DOXORUBICIN,DB00997,31703,629,89,629_89,1
hsa-mir-345-5p,miRNA,VERAPAMIL,DB00661,2520,629,21,629_21,1
hsa-mir-345-5p,miRNA,CISPLATIN,DB00515,5460033,629,103,629_103,1
hsa-mir-345-5p,miRNA,SORAFENIB,DB00398,216239,629,74,629_74,1
hsa-mir-345-5p,miRNA,TAMOXIFEN,DB00675,2733525,629,123,629_123,1
hsa-mir-345-5p,miRNA,OXALIPLATIN,DB00526,6857599,629,204,629_204,1
hsa-mir-345-5p,miRNA,GEMCITABINE,DB00441,60750,629,55,629_55,1
hsa-mir-345-5p,miRNA,FLUOROURACIL,DB00544,3385,629,7,629_7,1
hsa-mir-345-5p,miRNA,ETOPOSIDE,DB00773,36462,629,68,629_68,1
hsa-mir-345-5p,miRNA,TENIPOSIDE,DB00444,452548,629,92,629_92,1
hsa-mir-345-5p,miRNA,PACLITAXEL,DB01229,36314,629,67,629_67,1
hsa-mir-345-5p,miRNA,GEFITINIB,DB00317,123631,629,84,629_84,1
hsa-mir-345-5p,miRNA,DABRAFENIB,DB08912,44462760,629,142,629_142,1
hsa-mir-346,miRNA,CISPLATIN,DB00515,5460033,269,103,269_103,1
hsa-mir-346,miRNA,PACLITAXEL,DB01229,36314,269,67,269_67,1
hsa-mir-346,miRNA,FLUOROURACIL,DB00544,3385,269,7,269_7,1
hsa-mir-346,miRNA,GEMCITABINE,DB00441,60750,269,55,269_55,1
hsa-mir-346,miRNA,DOCETAXEL,DB01248,148124,269,3,269_3,1
hsa-mir-346,miRNA,DABRAFENIB,DB08912,44462760,269,142,269_142,1
hsa-mir-346,miRNA,VEMURAFENIB,DB08881,42611257,269,148,269_148,1
hsa-mir-346,miRNA,DOXORUBICIN,DB00997,31703,269,89,269_89,1
hsa-mir-346,miRNA,TAMOXIFEN,DB00675,2733525,269,123,269_123,1
hsa-mir-34a-5p,miRNA,DOXORUBICIN,DB00997,31703,270,89,270_89,1
hsa-mir-34a-5p,miRNA,CAMPTOTHECIN,DB04690,24360,270,186,270_186,1
hsa-mir-34a-5p,miRNA,VERAPAMIL,DB00661,2520,270,21,270_21,1
hsa-mir-34a-5p,miRNA,PACLITAXEL,DB01229,36314,270,67,270_67,1
hsa-mir-34a-5p,miRNA,FLUOROURACIL,DB00544,3385,270,7,270_7,1
hsa-mir-34a-5p,miRNA,CISPLATIN,DB00515,5460033,270,103,270_103,1
hsa-mir-34a-5p,miRNA,MITOMYCIN C,DB00305,5746,270,176,270_176,1
hsa-mir-34a-5p,miRNA,GEMCITABINE,DB00441,60750,270,55,270_55,1
hsa-mir-34a-5p,miRNA,DOCETAXEL,DB01248,148124,270,3,270_3,1
hsa-mir-34a-5p,miRNA,TAMOXIFEN,DB00675,2733525,270,123,270_123,1
hsa-mir-34a-5p,miRNA,VINCRISTINE,DB00541,5978,270,177,270_177,1
hsa-mir-34a-5p,miRNA,CYCLOPAMINE,,442972,270,102,270_102,1
hsa-mir-34a-5p,miRNA,SUNITINIB,DB01268,5329102,270,94,270_94,1
hsa-mir-34a-5p,miRNA,SORAFENIB,DB00398,216239,270,74,270_74,1
hsa-mir-34a-5p,miRNA,ERLOTINIB,DB00530,176870,270,85,270_85,1
hsa-mir-34a-5p,miRNA,OXALIPLATIN,DB00526,6857599,270,204,270_204,1
hsa-mir-34a-5p,miRNA,CAPSAICIN,DB06774,1548943,270,30,270_30,1
hsa-mir-34a-5p,miRNA,GEFITINIB,DB00317,123631,270,84,270_84,1
hsa-mir-34a-5p,miRNA,ETOPOSIDE,DB00773,36462,270,68,270_68,1
hsa-mir-34a-5p,miRNA,PLATINUM,DB12257,23939,270,188,270_188,1
hsa-mir-34a-5p,miRNA,VEMURAFENIB,DB08881,42611257,270,148,270_148,1
hsa-mir-34a-5p,miRNA,CARBOPLATIN,DB00958,38904,270,90,270_90,1
hsa-mir-34a-5p,miRNA,METHOTREXATE,DB00563,126941,270,81,270_81,1
hsa-mir-34a-5p,miRNA,RITONAVIR,DB00503,392622,270,99,270_99,1
hsa-mir-34a-5p,miRNA,LOPINAVIR,DB01601,92727,270,77,270_77,1
hsa-mir-34a-5p,miRNA,DABRAFENIB,DB08912,44462760,270,142,270_142,1
hsa-mir-34a-5p,miRNA,DEXAMETHASONE,DB01234,5743,270,43,270_43,1
hsa-mir-34a-5p,miRNA,LUTEOLIN,DB15584,5280445,270,106,270_106,1
hsa-mir-34a-5p,miRNA,FULVESTRANT,DB00947,17756771,270,134,270_134,1
hsa-mir-34a-5p,miRNA,CERITINIB,DB09063,57379345,270,160,270_160,1
hsa-mir-34a-5p,miRNA,PANOBINOSTAT,DB06603,6918837,270,129,270_129,1
hsa-mir-34a-5p,miRNA,EPIRUBICIN,DB00445,41867,270,73,270_73,1
hsa-mir-34a-5p,miRNA,REGORAFENIB,DB08896,11167602,270,198,270_198,1
hsa-mir-34a-5p,miRNA,TRAMETINIB,DB08911,11707110,270,101,270_101,1
hsa-mir-34a-5p,miRNA,TEMOZOLOMIDE,DB00853,5394,270,174,270_174,1
hsa-mir-34a-5p,miRNA,PLATYCODIN D,,162859,270,65,270_65,1
hsa-mir-34a-5p,miRNA,BORTEZOMIB,DB00188,387447,270,17,270_17,1
hsa-mir-34a-5p,miRNA,LENALIDOMIDE,DB00480,216326,270,70,270_70,1
hsa-mir-34a-5p,miRNA,SEVOFLURANE,DB01236,5206,270,173,270_173,1
hsa-mir-34a-5p,miRNA,CABOZANTINIB,DB08875,25102847,270,143,270_143,1
hsa-mir-34b-3p,miRNA,PACLITAXEL,DB01229,36314,271,67,271_67,1
hsa-mir-34b-3p,miRNA,AZACITIDINE,DB00928,9444,271,179,271_179,1
hsa-mir-34b-3p,miRNA,TEMOZOLOMIDE,DB00853,5394,271,174,271_174,1
hsa-mir-34b-3p,miRNA,CISPLATIN,DB00515,5460033,271,103,271_103,1
hsa-mir-34b-3p,miRNA,DOCETAXEL,DB01248,148124,271,3,271_3,1
hsa-mir-34c-3p,miRNA,TRAMETINIB,DB08911,11707110,272,101,272_101,1
hsa-mir-34c-3p,miRNA,VEMURAFENIB,DB08881,42611257,272,148,272_148,1
hsa-mir-34c-3p,miRNA,CISPLATIN,DB00515,5460033,272,103,272_103,1
hsa-mir-34c-3p,miRNA,ANTHRACYCLINE,DB00694,30323,272,88,272_88,1
hsa-mir-34c-3p,miRNA,CYCLOPHOSPHAMIDE,DB00531,2907,272,16,272_16,1
hsa-mir-34c-3p,miRNA,TAXOL,DB01229,36314,272,67,272_67,1
hsa-mir-34c-3p,miRNA,FLUOROURACIL,DB00544,3385,272,7,272_7,1
hsa-mir-34c-3p,miRNA,METHOTREXATE,DB00563,126941,272,81,272_81,1
hsa-mir-34c-5p,miRNA,DOXORUBICIN,DB00997,31703,273,89,273_89,1
hsa-mir-34c-5p,miRNA,IMATINIB,DB00619,5291,273,41,273_41,1
hsa-mir-34c-5p,miRNA,ERLOTINIB,DB00530,176870,273,85,273_85,1
hsa-mir-34c-5p,miRNA,PACLITAXEL,DB01229,36314,273,67,273_67,1
hsa-mir-34c-5p,miRNA,CISPLATIN,DB00515,5460033,273,103,273_103,1
hsa-mir-34c-5p,miRNA,OXALIPLATIN,DB00526,6857599,273,204,273_204,1
hsa-mir-34c-5p,miRNA,VINORELBINE,DB00361,44424639,273,150,273_150,1
hsa-mir-34c-5p,miRNA,METHOTREXATE,DB00563,126941,273,81,273_81,1
hsa-mir-34c-5p,miRNA,GEMCITABINE,DB00441,60750,273,55,273_55,1
hsa-mir-34c-5p,miRNA,CARBOPLATIN,DB00958,38904,273,90,273_90,1
hsa-mir-34c-5p,miRNA,DOCETAXEL,DB01248,148124,273,3,273_3,1
hsa-mir-34c-5p,miRNA,METFORMIN,DB00331,4091,273,18,273_18,1
hsa-mir-34c-5p,miRNA,TRAMETINIB,DB08911,11707110,273,101,273_101,1
hsa-mir-34c-5p,miRNA,VEMURAFENIB,DB08881,42611257,273,148,273_148,1
hsa-mir-361-3p,miRNA,PLATINUM,DB12257,23939,274,188,274_188,1
hsa-mir-361-3p,miRNA,SORAFENIB,DB00398,216239,274,74,274_74,1
hsa-mir-361-3p,miRNA,FULVESTRANT,DB00947,17756771,274,134,274_134,1
hsa-mir-361-3p,miRNA,TRAMETINIB,DB08911,11707110,274,101,274_101,1
hsa-mir-361-3p,miRNA,VEMURAFENIB,DB08881,42611257,274,148,274_148,1
hsa-mir-361-3p,miRNA,GEMCITABINE,DB00441,60750,274,55,274_55,1
hsa-mir-361-3p,miRNA,ENZALUTAMIDE,DB08899,15951529,274,125,274_125,1
hsa-mir-361-3p,miRNA,CISPLATIN,DB00515,5460033,274,103,274_103,1
hsa-mir-361-5p,miRNA,DOXORUBICIN,DB00997,31703,275,89,275_89,1
hsa-mir-361-5p,miRNA,VERAPAMIL,DB00661,2520,275,21,275_21,1
hsa-mir-361-5p,miRNA,DOCETAXEL,DB01248,148124,275,3,275_3,1
hsa-mir-361-5p,miRNA,METHOTREXATE,DB00563,126941,275,81,275_81,1
hsa-mir-361-5p,miRNA,TAMOXIFEN,DB00675,2733525,275,123,275_123,1
hsa-mir-361-5p,miRNA,OXALIPLATIN,DB00526,6857599,275,204,275_204,1
hsa-mir-361-5p,miRNA,PACLITAXEL,DB01229,36314,275,67,275_67,1
hsa-mir-361-5p,miRNA,FLUOROURACIL,DB00544,3385,275,7,275_7,1
hsa-mir-361-5p,miRNA,GEMCITABINE,DB00441,60750,275,55,275_55,1
hsa-mir-361-5p,miRNA,PLX-4720,DB06999,24180719,275,146,275_146,1
hsa-mir-361-5p,miRNA,CISPLATIN,DB00515,5460033,275,103,275_103,1
hsa-mir-361-5p,miRNA,PLATINUM,DB12257,23939,275,188,275_188,1
hsa-mir-361-5p,miRNA,SORAFENIB,DB00398,216239,275,74,275_74,1
hsa-mir-362-3p,miRNA,CERITINIB,DB09063,57379345,276,160,276_160,1
hsa-mir-362-3p,miRNA,PACLITAXEL,DB01229,36314,276,67,276_67,1
hsa-mir-362-3p,miRNA,SUNITINIB,DB01268,5329102,276,94,276_94,1
hsa-mir-362-3p,miRNA,CISPLATIN,DB00515,5460033,276,103,276_103,1
hsa-mir-362-5p,miRNA,DOXORUBICIN,DB00997,31703,277,89,277_89,1
hsa-mir-362-5p,miRNA,CISPLATIN,DB00515,5460033,277,103,277_103,1
hsa-mir-362-5p,miRNA,SUNITINIB,DB01268,5329102,277,94,277_94,1
hsa-mir-362-5p,miRNA,OXALIPLATIN,DB00526,6857599,277,204,277_204,1
hsa-mir-362-5p,miRNA,FLUOROURACIL,DB00544,3385,277,7,277_7,1
hsa-mir-362-5p,miRNA,GEMCITABINE,DB00441,60750,277,55,277_55,1
hsa-mir-362-5p,miRNA,IMATINIB,DB00619,5291,277,41,277_41,1
hsa-mir-362-5p,miRNA,PLATINUM,DB12257,23939,277,188,277_188,1
hsa-mir-362-5p,miRNA,CELASTROL,,12302620,277,139,277_139,1
hsa-mir-362-5p,miRNA,PACLITAXEL,DB01229,36314,277,67,277_67,1
hsa-mir-362-5p,miRNA,GEFITINIB,DB00317,123631,277,84,277_84,1
hsa-mir-362-5p,miRNA,OSIMERTINIB,DB09330,71496458,277,161,277_161,1
hsa-mir-363-3p,miRNA,PACLITAXEL,DB01229,36314,278,67,278_67,1
hsa-mir-363-3p,miRNA,DOCETAXEL,DB01248,148124,278,3,278_3,1
hsa-mir-363-3p,miRNA,CISPLATIN,DB00515,5460033,278,103,278_103,1
hsa-mir-363-3p,miRNA,TAMOXIFEN,DB00675,2733525,278,123,278_123,1
hsa-mir-363-3p,miRNA,PLX-4720,DB06999,24180719,278,146,278_146,1
hsa-mir-363-3p,miRNA,FLUOROURACIL,DB00544,3385,278,7,278_7,1
hsa-mir-363-3p,miRNA,GEMCITABINE,DB00441,60750,278,55,278_55,1
hsa-mir-363-3p,miRNA,TRAMETINIB,DB08911,11707110,278,101,278_101,1
hsa-mir-363-3p,miRNA,VEMURAFENIB,DB08881,42611257,278,148,278_148,1
hsa-mir-363-3p,miRNA,GEFITINIB,DB00317,123631,278,84,278_84,1
hsa-mir-363-3p,miRNA,RUXOLITINIB,DB08877,25126798,278,144,278_144,1
hsa-mir-365a-3p,miRNA,10-HYDROXYCAMPTOTHECIN,DB12385,97226,279,205,279_205,1
hsa-mir-365a-3p,miRNA,CISPLATIN,DB00515,5460033,279,103,279_103,1
hsa-mir-365a-3p,miRNA,METHOTREXATE,DB00563,126941,279,81,279_81,1
hsa-mir-365a-3p,miRNA,TAMOXIFEN,DB00675,2733525,279,123,279_123,1
hsa-mir-365a-3p,miRNA,FLUOROURACIL,DB00544,3385,279,7,279_7,1
hsa-mir-365a-3p,miRNA,GEMCITABINE,DB00441,60750,279,55,279_55,1
hsa-mir-365a-3p,miRNA,PACLITAXEL,DB01229,36314,279,67,279_67,1
hsa-mir-365a-3p,miRNA,IMATINIB,DB00619,5291,279,41,279_41,1
hsa-mir-365a-3p,miRNA,TAXANE,,9548828,279,124,279_124,1
hsa-mir-365a-3p,miRNA,PLATINUM,DB12257,23939,279,188,279_188,1
hsa-mir-365a-3p,miRNA,VEMURAFENIB,DB08881,42611257,279,148,279_148,1
hsa-mir-365a-3p,miRNA,DOXORUBICIN,DB00997,31703,279,89,279_89,1
hsa-mir-367-3p,miRNA,DOXORUBICIN,DB00997,31703,280,89,280_89,1
hsa-mir-367-3p,miRNA,VERAPAMIL,DB00661,2520,280,21,280_21,1
hsa-mir-367-3p,miRNA,PACLITAXEL,DB01229,36314,280,67,280_67,1
hsa-mir-367-3p,miRNA,MITOXANTRONE,DB01204,4212,280,22,280_22,1
hsa-mir-367-3p,miRNA,SORAFENIB,DB00398,216239,280,74,280_74,1
hsa-mir-369-3p,miRNA,VERAPAMIL,DB00661,2520,281,21,281_21,1
hsa-mir-369-3p,miRNA,DOXORUBICIN,DB00997,31703,281,89,281_89,1
hsa-mir-369-3p,miRNA,GEMCITABINE,DB00441,60750,281,55,281_55,1
hsa-mir-369-3p,miRNA,CISPLATIN,DB00515,5460033,281,103,281_103,1
hsa-mir-369-3p,miRNA,PLATINUM,DB12257,23939,281,188,281_188,1
hsa-mir-369-3p,miRNA,OXALIPLATIN,DB00526,6857599,281,204,281_204,1
hsa-mir-369-3p,miRNA,DOCETAXEL,DB01248,148124,281,3,281_3,1
hsa-mir-369-5p,miRNA,CISPLATIN,DB00515,5460033,282,103,282_103,1
hsa-mir-369-5p,miRNA,CERITINIB,DB09063,57379345,282,160,282_160,1
hsa-mir-369-5p,miRNA,GEMCITABINE,DB00441,60750,282,55,282_55,1
hsa-mir-370-3p,miRNA,CISPLATIN,DB00515,5460033,283,103,283_103,1
hsa-mir-370-3p,miRNA,VERAPAMIL,DB00661,2520,283,21,283_21,1
hsa-mir-370-3p,miRNA,DOXORUBICIN,DB00997,31703,283,89,283_89,1
hsa-mir-370-3p,miRNA,SUNITINIB,DB01268,5329102,283,94,283_94,1
hsa-mir-370-3p,miRNA,HOMOHARRINGTONINE,,285033,283,79,283_79,1
hsa-mir-370-3p,miRNA,FLUOROURACIL,DB00544,3385,283,7,283_7,1
hsa-mir-370-3p,miRNA,GEMCITABINE,DB00441,60750,283,55,283_55,1
hsa-mir-370-3p,miRNA,PLATINUM,DB12257,23939,283,188,283_188,1
hsa-mir-370-3p,miRNA,CELASTROL,,12302620,283,139,283_139,1
hsa-mir-370-3p,miRNA,TEMOZOLOMIDE,DB00853,5394,283,174,283_174,1
hsa-mir-370-3p,miRNA,RUXOLITINIB,DB08877,25126798,283,144,283_144,1
hsa-mir-371a-3p,miRNA,DOCETAXEL,DB01248,148124,284,3,284_3,1
hsa-mir-371a-3p,miRNA,10-HYDROXYCAMPTOTHECIN,DB12385,97226,284,205,284_205,1
hsa-mir-371a-3p,miRNA,CISPLATIN,DB00515,5460033,284,103,284_103,1
hsa-mir-371a-3p,miRNA,OXALIPLATIN,DB00526,6857599,284,204,284_204,1
hsa-mir-371a-3p,miRNA,GEMCITABINE,DB00441,60750,284,55,284_55,1
hsa-mir-371a-3p,miRNA,FLUOROURACIL,DB00544,3385,284,7,284_7,1
hsa-mir-371a-3p,miRNA,DOXORUBICIN,DB00997,31703,284,89,284_89,1
hsa-mir-371a-3p,miRNA,AG-1478,,2051,284,12,284_12,1
hsa-mir-371a-3p,miRNA,TAXOL,DB01229,36314,284,67,284_67,1
hsa-mir-371a-5p,miRNA,GEMCITABINE,DB00441,60750,285,55,285_55,1
hsa-mir-371a-5p,miRNA,PLATINUM,DB12257,23939,285,188,285_188,1
hsa-mir-371a-5p,miRNA,SORAFENIB,DB00398,216239,285,74,285_74,1
hsa-mir-371a-5p,miRNA,IMATINIB,DB00619,5291,285,41,285_41,1
hsa-mir-371a-5p,miRNA,CISPLATIN,DB00515,5460033,285,103,285_103,1
hsa-mir-371a-5p,miRNA,PACLITAXEL,DB01229,36314,285,67,285_67,1
hsa-mir-372-3p,miRNA,10-HYDROXYCAMPTOTHECIN,DB12385,97226,286,205,286_205,1
hsa-mir-372-3p,miRNA,CISPLATIN,DB00515,5460033,286,103,286_103,1
hsa-mir-372-3p,miRNA,FLUOROURACIL,DB00544,3385,286,7,286_7,1
hsa-mir-372-3p,miRNA,OXALIPLATIN,DB00526,6857599,286,204,286_204,1
hsa-mir-372-3p,miRNA,DOXORUBICIN,DB00997,31703,286,89,286_89,1
hsa-mir-372-3p,miRNA,GEMCITABINE,DB00441,60750,286,55,286_55,1
hsa-mir-372-3p,miRNA,SUNITINIB,DB01268,5329102,286,94,286_94,1
hsa-mir-372-3p,miRNA,VEMURAFENIB,DB08881,42611257,286,148,286_148,1
hsa-mir-372-3p,miRNA,TRAMETINIB,DB08911,11707110,286,101,286_101,1
hsa-mir-372-3p,miRNA,TAXANE,,9548828,286,124,286_124,1
hsa-mir-372-3p,miRNA,AG-1478,,2051,286,12,286_12,1
hsa-mir-372-3p,miRNA,TAXOL,DB01229,36314,286,67,286_67,1
hsa-mir-372-3p,miRNA,CELASTROL,,12302620,286,139,286_139,1
hsa-mir-372-3p,miRNA,DOCETAXEL,DB01248,148124,286,3,286_3,1
hsa-mir-373-3p,miRNA,DOXORUBICIN,DB00997,31703,287,89,287_89,1
hsa-mir-373-3p,miRNA,VERAPAMIL,DB00661,2520,287,21,287_21,1
hsa-mir-373-3p,miRNA,10-HYDROXYCAMPTOTHECIN,DB12385,97226,287,205,287_205,1
hsa-mir-373-3p,miRNA,CISPLATIN,DB00515,5460033,287,103,287_103,1
hsa-mir-373-3p,miRNA,CYCLOPAMINE,,442972,287,102,287_102,1
hsa-mir-373-3p,miRNA,PACLITAXEL,DB01229,36314,287,67,287_67,2
hsa-mir-373-3p,miRNA,OXALIPLATIN,DB00526,6857599,287,204,287_204,1
hsa-mir-373-3p,miRNA,GEMCITABINE,DB00441,60750,287,55,287_55,1
hsa-mir-373-3p,miRNA,SUNITINIB,DB01268,5329102,287,94,287_94,1
hsa-mir-373-3p,miRNA,TEMOZOLOMIDE,DB00853,5394,287,174,287_174,1
hsa-mir-373-3p,miRNA,AG-1478,,2051,287,12,287_12,1
hsa-mir-373-3p,miRNA,TAXOL,DB01229,36314,287,67,287_67,2
hsa-mir-374a-5p,miRNA,DOXORUBICIN,DB00997,31703,288,89,288_89,1
hsa-mir-374a-5p,miRNA,TAMOXIFEN,DB00675,2733525,288,123,288_123,1
hsa-mir-374a-5p,miRNA,CISPLATIN,DB00515,5460033,288,103,288_103,1
hsa-mir-374a-5p,miRNA,VINORELBINE,DB00361,44424639,288,150,288_150,1
hsa-mir-374a-5p,miRNA,PACLITAXEL,DB01229,36314,288,67,288_67,1
hsa-mir-374a-5p,miRNA,GEFITINIB,DB00317,123631,288,84,288_84,1
hsa-mir-374a-5p,miRNA,DEXAMETHASONE,DB01234,5743,288,43,288_43,1
hsa-mir-374a-5p,miRNA,PLATINUM,DB12257,23939,288,188,288_188,1
hsa-mir-374a-5p,miRNA,FLUOROURACIL,DB00544,3385,288,7,288_7,1
hsa-mir-374a-5p,miRNA,AZACITIDINE,DB00928,9444,288,179,288_179,1
hsa-mir-374a-5p,miRNA,TRAMETINIB,DB08911,11707110,288,101,288_101,1
hsa-mir-374a-5p,miRNA,VEMURAFENIB,DB08881,42611257,288,148,288_148,1
hsa-mir-374a-5p,miRNA,ETOPOSIDE,DB00773,36462,288,68,288_68,1
hsa-mir-374a-5p,miRNA,OXALIPLATIN,DB00526,6857599,288,204,288_204,1
hsa-mir-374a-5p,miRNA,SORAFENIB,DB00398,216239,288,74,288_74,1
hsa-mir-374b-5p,miRNA,TAMOXIFEN,DB00675,2733525,289,123,289_123,1
hsa-mir-374b-5p,miRNA,CISPLATIN,DB00515,5460033,289,103,289_103,1
hsa-mir-374b-5p,miRNA,GEMCITABINE,DB00441,60750,289,55,289_55,1
hsa-mir-374b-5p,miRNA,PLATINUM,DB12257,23939,289,188,289_188,1
hsa-mir-374b-5p,miRNA,FLUOROURACIL,DB00544,3385,289,7,289_7,1
hsa-mir-374b-5p,miRNA,BLEOMYCIN,DB00290,5360373,289,53,289_53,1
hsa-mir-374b-5p,miRNA,AZACITIDINE,DB00928,9444,289,179,289_179,1
hsa-mir-374b-5p,miRNA,PACLITAXEL,DB01229,36314,289,67,289_67,1
hsa-mir-374b-5p,miRNA,VEMURAFENIB,DB08881,42611257,289,148,289_148,1
hsa-mir-374b-5p,miRNA,TRAMETINIB,DB08911,11707110,289,101,289_101,1
hsa-mir-374b-5p,miRNA,SORAFENIB,DB00398,216239,289,74,289_74,1
hsa-mir-375-3p,miRNA,DOXORUBICIN,DB00997,31703,290,89,290_89,1
hsa-mir-375-3p,miRNA,TAMOXIFEN,DB00675,2733525,290,123,290_123,1
hsa-mir-375-3p,miRNA,RUTHENIUM,,23950,290,189,290_189,1
hsa-mir-375-3p,miRNA,CISPLATIN,DB00515,5460033,290,103,290_103,1
hsa-mir-375-3p,miRNA,PACLITAXEL,DB01229,36314,290,67,290_67,1
hsa-mir-375-3p,miRNA,VINORELBINE,DB00361,44424639,290,150,290_150,1
hsa-mir-375-3p,miRNA,OXALIPLATIN,DB00526,6857599,290,204,290_204,1
hsa-mir-375-3p,miRNA,DOCETAXEL,DB01248,148124,290,3,290_3,1
hsa-mir-375-3p,miRNA,EPIRUBICIN,DB00445,41867,290,73,290_73,1
hsa-mir-375-3p,miRNA,GEFITINIB,DB00317,123631,290,84,290_84,1
hsa-mir-375-3p,miRNA,VANDETANIB,DB05294,3081361,290,93,290_93,1
hsa-mir-375-3p,miRNA,FULVESTRANT,DB00947,17756771,290,134,290_134,1
hsa-mir-375-3p,miRNA,CERITINIB,DB09063,57379345,290,160,290_160,1
hsa-mir-375-3p,miRNA,PANOBINOSTAT,DB06603,6918837,290,129,290_129,1
hsa-mir-375-3p,miRNA,FLUOROURACIL,DB00544,3385,290,7,290_7,1
hsa-mir-375-3p,miRNA,GEMCITABINE,DB00441,60750,290,55,290_55,1
hsa-mir-375-3p,miRNA,SORAFENIB,DB00398,216239,290,74,290_74,1
hsa-mir-375-3p,miRNA,4-HYDROXYTAMOXIFEN,,449459,290,87,290_87,1
hsa-mir-375-3p,miRNA,OSIMERTINIB,DB09330,71496458,290,161,290_161,1
hsa-mir-375-3p,miRNA,CHIDAMIDE,,9800555,290,119,290_119,1
hsa-mir-376a-3p,miRNA,DOXORUBICIN,DB00997,31703,291,89,291_89,1
hsa-mir-376a-3p,miRNA,GEFITINIB,DB00317,123631,291,84,291_84,1
hsa-mir-376a-3p,miRNA,CISPLATIN,DB00515,5460033,291,103,291_103,1
hsa-mir-376a-3p,miRNA,PLATINUM,DB12257,23939,291,188,291_188,1
hsa-mir-376a-3p,miRNA,CELASTROL,,12302620,291,139,291_139,1
hsa-mir-376a-3p,miRNA,TRAMETINIB,DB08911,11707110,291,101,291_101,1
hsa-mir-376a-3p,miRNA,VEMURAFENIB,DB08881,42611257,291,148,291_148,1
hsa-mir-376a-3p,miRNA,BROMOCRIPTINE,DB01200,31101,291,86,291_86,1
hsa-mir-376a-3p,miRNA,OXALIPLATIN,DB00526,6857599,291,204,291_204,1
hsa-mir-376a-3p,miRNA,IMATINIB,DB00619,5291,291,41,291_41,1
hsa-mir-376b-3p,miRNA,PACLITAXEL,DB01229,36314,292,67,292_67,1
hsa-mir-376b-3p,miRNA,DOXORUBICIN,DB00997,31703,292,89,292_89,1
hsa-mir-376b-3p,miRNA,CERITINIB,DB09063,57379345,292,160,292_160,1
hsa-mir-376b-3p,miRNA,SUNITINIB,DB01268,5329102,292,94,292_94,1
hsa-mir-376c-3p,miRNA,DOXORUBICIN,DB00997,31703,293,89,293_89,1
hsa-mir-376c-3p,miRNA,VERAPAMIL,DB00661,2520,293,21,293_21,1
hsa-mir-376c-3p,miRNA,CISPLATIN,DB00515,5460033,293,103,293_103,1
hsa-mir-376c-3p,miRNA,PLATINUM,DB12257,23939,293,188,293_188,1
hsa-mir-376c-3p,miRNA,PACLITAXEL,DB01229,36314,293,67,293_67,1
hsa-mir-376c-3p,miRNA,CERITINIB,DB09063,57379345,293,160,293_160,1
hsa-mir-376c-3p,miRNA,OXALIPLATIN,DB00526,6857599,293,204,293_204,1
hsa-mir-376c-3p,miRNA,IMATINIB,DB00619,5291,293,41,293_41,1
hsa-mir-377-3p,miRNA,GEMCITABINE,DB00441,60750,294,55,294_55,1
hsa-mir-377-3p,miRNA,PACLITAXEL,DB01229,36314,294,67,294_67,1
hsa-mir-377-3p,miRNA,DOXORUBICIN,DB00997,31703,294,89,294_89,1
hsa-mir-377-3p,miRNA,AZACITIDINE,DB00928,9444,294,179,294_179,1
hsa-mir-377-3p,miRNA,PLATINUM,DB12257,23939,294,188,294_188,1
hsa-mir-377-3p,miRNA,CELASTROL,,12302620,294,139,294_139,1
hsa-mir-377-3p,miRNA,CISPLATIN,DB00515,5460033,294,103,294_103,1
hsa-mir-377-3p,miRNA,FLUOROURACIL,DB00544,3385,294,7,294_7,1
hsa-mir-377-3p,miRNA,SUNITINIB,DB01268,5329102,294,94,294_94,1
hsa-mir-377-3p,miRNA,PAZOPANIB,DB06589,10113978,294,133,294_133,1
hsa-mir-378a-3p,miRNA,RIBAVIRIN,DB00811,37542,295,69,295_69,1
hsa-mir-378a-3p,miRNA,TAMOXIFEN,DB00675,2733525,295,123,295_123,1
hsa-mir-378a-3p,miRNA,CISPLATIN,DB00515,5460033,295,103,295_103,1
hsa-mir-378a-3p,miRNA,IMATINIB,DB00619,5291,295,41,295_41,1
hsa-mir-378a-3p,miRNA,CERITINIB,DB09063,57379345,295,160,295_160,1
hsa-mir-378a-3p,miRNA,TEMOZOLOMIDE,DB00853,5394,295,174,295_174,1
hsa-mir-378a-3p,miRNA,ERLOTINIB,DB00530,176870,295,85,295_85,1
hsa-mir-378a-3p,miRNA,SORAFENIB,DB00398,216239,295,74,295_74,1
hsa-mir-378a-3p,miRNA,DABRAFENIB,DB08912,44462760,295,142,295_142,1
hsa-mir-378a-3p,miRNA,VEMURAFENIB,DB08881,42611257,295,148,295_148,1
hsa-mir-378a-3p,miRNA,TRAMETINIB,DB08911,11707110,295,101,295_101,1
hsa-mir-378a-3p,miRNA,DOXORUBICIN,DB00997,31703,295,89,295_89,1
hsa-mir-378a-3p,miRNA,PACLITAXEL,DB01229,36314,295,67,295_67,1
hsa-mir-379-5p,miRNA,DOXORUBICIN,DB00997,31703,296,89,296_89,1
hsa-mir-379-5p,miRNA,VORINOSTAT,DB02546,5311,296,42,296_42,1
hsa-mir-379-5p,miRNA,CISPLATIN,DB00515,5460033,296,103,296_103,1
hsa-mir-379-5p,miRNA,PACLITAXEL,DB01229,36314,296,67,296_67,1
hsa-mir-379-5p,miRNA,FLUOROURACIL,DB00544,3385,296,7,296_7,1
hsa-mir-379-5p,miRNA,DABRAFENIB,DB08912,44462760,296,142,296_142,1
hsa-mir-379-5p,miRNA,VEMURAFENIB,DB08881,42611257,296,148,296_148,1
hsa-mir-379-5p,miRNA,IMATINIB,DB00619,5291,296,41,296_41,1
hsa-mir-379-5p,miRNA,CERITINIB,DB09063,57379345,296,160,296_160,1
hsa-mir-379-5p,miRNA,BROMOCRIPTINE,DB01200,31101,296,86,296_86,1
hsa-mir-379-5p,miRNA,OXALIPLATIN,DB00526,6857599,296,204,296_204,1
hsa-mir-379-5p,miRNA,RUXOLITINIB,DB08877,25126798,296,144,296_144,1
hsa-mir-379-5p,miRNA,SORAFENIB,DB00398,216239,296,74,296_74,1
hsa-mir-380-3p,miRNA,NAVITOCLAX,DB12340,24978538,297,209,297_209,1
hsa-mir-380-3p,miRNA,DOXORUBICIN,DB00997,31703,297,89,297_89,1
hsa-mir-380-3p,miRNA,CERITINIB,DB09063,57379345,297,160,297_160,1
hsa-mir-381-3p,miRNA,DOCETAXEL,DB01248,148124,630,3,630_3,1
hsa-mir-381-3p,miRNA,FLUOROURACIL,DB00544,3385,630,7,630_7,1
hsa-mir-381-3p,miRNA,DOXORUBICIN,DB00997,31703,630,89,630_89,1
hsa-mir-381-3p,miRNA,PACLITAXEL,DB01229,36314,630,67,630_67,1
hsa-mir-381-3p,miRNA,CISPLATIN,DB00515,5460033,630,103,630_103,1
hsa-mir-381-3p,miRNA,CERITINIB,DB09063,57379345,630,160,630_160,1
hsa-mir-381-3p,miRNA,OXALIPLATIN,DB00526,6857599,630,204,630_204,1
hsa-mir-381-3p,miRNA,IMATINIB,DB00619,5291,630,41,630_41,1
hsa-mir-382-5p,miRNA,DOXORUBICIN,DB00997,31703,298,89,298_89,1
hsa-mir-382-5p,miRNA,ETOPOSIDE,DB00773,36462,298,68,298_68,1
hsa-mir-382-5p,miRNA,CISPLATIN,DB00515,5460033,298,103,298_103,1
hsa-mir-382-5p,miRNA,OXALIPLATIN,DB00526,6857599,298,204,298_204,1
hsa-mir-382-5p,miRNA,METHOTREXATE,DB00563,126941,298,81,298_81,1
hsa-mir-382-5p,miRNA,IMATINIB,DB00619,5291,298,41,298_41,1
hsa-mir-382-5p,miRNA,PACLITAXEL,DB01229,36314,298,67,298_67,1
hsa-mir-382-5p,miRNA,DABRAFENIB,DB08912,44462760,298,142,298_142,1
hsa-mir-382-5p,miRNA,VEMURAFENIB,DB08881,42611257,298,148,298_148,1
hsa-mir-382-5p,miRNA,CERITINIB,DB09063,57379345,298,160,298_160,1
hsa-mir-382-5p,miRNA,BROMOCRIPTINE,DB01200,31101,298,86,298_86,1
hsa-mir-382-5p,miRNA,PLATINUM,DB12257,23939,298,188,298_188,1
hsa-mir-382-5p,miRNA,RUXOLITINIB,DB08877,25126798,298,144,298_144,1
hsa-mir-382-5p,miRNA,OSIMERTINIB,DB09330,71496458,298,161,298_161,1
hsa-mir-383-5p,miRNA,VINCRISTINE,DB00541,5978,299,177,299_177,1
hsa-mir-383-5p,miRNA,DAUNORUBICIN,DB00694,30323,299,88,299_88,1
hsa-mir-383-5p,miRNA,PREDNISOLONE,DB00860,5755,299,44,299_44,1
hsa-mir-383-5p,miRNA,CISPLATIN,DB00515,5460033,299,103,299_103,1
hsa-mir-383-5p,miRNA,OXALIPLATIN,DB00526,6857599,299,204,299_204,1
hsa-mir-383-5p,miRNA,DOCETAXEL,DB01248,148124,299,3,299_3,1
hsa-mir-383-5p,miRNA,PACLITAXEL,DB01229,36314,299,67,299_67,1
hsa-mir-383-5p,miRNA,DOXORUBICIN,DB00997,31703,299,89,299_89,1
hsa-mir-383-5p,miRNA,GEMCITABINE,DB00441,60750,299,55,299_55,1
hsa-mir-383-5p,miRNA,FLUOROURACIL,DB00544,3385,299,7,299_7,1
hsa-mir-384,miRNA,CISPLATIN,DB00515,5460033,300,103,300_103,1
hsa-mir-384,miRNA,CURCUMIN,DB11672,969516,300,137,300_137,1
hsa-mir-409-3p,miRNA,OXALIPLATIN,DB00526,6857599,301,204,301_204,1
hsa-mir-409-3p,miRNA,PACLITAXEL,DB01229,36314,301,67,301_67,1
hsa-mir-409-3p,miRNA,CISPLATIN,DB00515,5460033,301,103,301_103,1
hsa-mir-409-3p,miRNA,VEMURAFENIB,DB08881,42611257,301,148,301_148,1
hsa-mir-409-3p,miRNA,DABRAFENIB,DB08912,44462760,301,142,301_142,1
hsa-mir-409-3p,miRNA,DOXORUBICIN,DB00997,31703,301,89,301_89,1
hsa-mir-409-3p,miRNA,CERITINIB,DB09063,57379345,301,160,301_160,1
hsa-mir-409-3p,miRNA,BORTEZOMIB,DB00188,387447,301,17,301_17,1
hsa-mir-409-3p,miRNA,CURCUMIN,DB11672,969516,301,137,301_137,1
hsa-mir-409-3p,miRNA,GEFITINIB,DB00317,123631,301,84,301_84,1
hsa-mir-409-5p,miRNA,PACLITAXEL,DB01229,36314,302,67,302_67,1
hsa-mir-409-5p,miRNA,CERITINIB,DB09063,57379345,302,160,302_160,1
hsa-mir-409-5p,miRNA,PLATINUM,DB12257,23939,302,188,302_188,1
hsa-mir-410-3p,miRNA,DOXORUBICIN,DB00997,31703,303,89,303_89,1
hsa-mir-410-3p,miRNA,VERAPAMIL,DB00661,2520,303,21,303_21,1
hsa-mir-410-3p,miRNA,FLUOROURACIL,DB00544,3385,303,7,303_7,1
hsa-mir-410-3p,miRNA,CISPLATIN,DB00515,5460033,303,103,303_103,1
hsa-mir-410-3p,miRNA,SIROLIMUS,DB00877,5284616,303,114,303_114,1
hsa-mir-410-3p,miRNA,CERITINIB,DB09063,57379345,303,160,303_160,1
hsa-mir-410-3p,miRNA,VEMURAFENIB,DB08881,42611257,303,148,303_148,1
hsa-mir-412-3p,miRNA,VERAPAMIL,DB00661,2520,304,21,304_21,1
hsa-mir-412-3p,miRNA,DOXORUBICIN,DB00997,31703,304,89,304_89,1
hsa-mir-412-3p,miRNA,CISPLATIN,DB00515,5460033,304,103,304_103,1
hsa-mir-412-3p,miRNA,OXALIPLATIN,DB00526,6857599,304,204,304_204,1
hsa-mir-421,miRNA,TAMOXIFEN,DB00675,2733525,305,123,305_123,1
hsa-mir-421,miRNA,CISPLATIN,DB00515,5460033,305,103,305_103,1
hsa-mir-421,miRNA,DOXORUBICIN,DB00997,31703,305,89,305_89,1
hsa-mir-421,miRNA,OXALIPLATIN,DB00526,6857599,305,204,305_204,1
hsa-mir-421,miRNA,GEMCITABINE,DB00441,60750,305,55,305_55,1
hsa-mir-421,miRNA,FLUOROURACIL,DB00544,3385,305,7,305_7,1
hsa-mir-421,miRNA,SORAFENIB,DB00398,216239,305,74,305_74,1
hsa-mir-421,miRNA,CURCUMIN,DB11672,969516,305,137,305_137,1
hsa-mir-421,miRNA,PACLITAXEL,DB01229,36314,305,67,305_67,1
hsa-mir-421,miRNA,BROMOCRIPTINE,DB01200,31101,305,86,305_86,1
hsa-mir-421,miRNA,TEMOZOLOMIDE,DB00853,5394,305,174,305_174,1
hsa-mir-422a,miRNA,CISPLATIN,DB00515,5460033,306,103,306_103,1
hsa-mir-422a,miRNA,DOXORUBICIN,DB00997,31703,306,89,306_89,1
hsa-mir-422a,miRNA,GEMCITABINE,DB00441,60750,306,55,306_55,1
hsa-mir-422a,miRNA,FLUOROURACIL,DB00544,3385,306,7,306_7,1
hsa-mir-422a,miRNA,PACLITAXEL,DB01229,36314,306,67,306_67,1
hsa-mir-422a,miRNA,DAUNORUBICIN,DB00694,30323,306,88,306_88,1
hsa-mir-422a,miRNA,SUNITINIB,DB01268,5329102,306,94,306_94,1
hsa-mir-422a,miRNA,FULVESTRANT,DB00947,17756771,306,134,306_134,1
hsa-mir-422a,miRNA,OXALIPLATIN,DB00526,6857599,306,204,306_204,1
hsa-mir-423-3p,miRNA,TAMOXIFEN,DB00675,2733525,307,123,307_123,1
hsa-mir-423-3p,miRNA,CISPLATIN,DB00515,5460033,307,103,307_103,1
hsa-mir-423-3p,miRNA,OXALIPLATIN,DB00526,6857599,307,204,307_204,1
hsa-mir-423-3p,miRNA,GEMCITABINE,DB00441,60750,307,55,307_55,1
hsa-mir-423-3p,miRNA,FLUOROURACIL,DB00544,3385,307,7,307_7,1
hsa-mir-423-3p,miRNA,GEFITINIB,DB00317,123631,307,84,307_84,1
hsa-mir-423-3p,miRNA,PLATINUM,DB12257,23939,307,188,307_188,1
hsa-mir-423-3p,miRNA,PACLITAXEL,DB01229,36314,307,67,307_67,1
hsa-mir-423-3p,miRNA,DOXORUBICIN,DB00997,31703,307,89,307_89,1
hsa-mir-423-5p,miRNA,CISPLATIN,DB00515,5460033,308,103,308_103,1
hsa-mir-423-5p,miRNA,PLATINUM,DB12257,23939,308,188,308_188,1
hsa-mir-423-5p,miRNA,SORAFENIB,DB00398,216239,308,74,308_74,1
hsa-mir-423-5p,miRNA,TEMOZOLOMIDE,DB00853,5394,308,174,308_174,1
hsa-mir-423-5p,miRNA,EPIRUBICIN,DB00445,41867,308,73,308_73,1
hsa-mir-423-5p,miRNA,VINORELBINE,DB00361,44424639,308,150,308_150,1
hsa-mir-423-5p,miRNA,DOCETAXEL,DB01248,148124,308,3,308_3,1
hsa-mir-423-5p,miRNA,FLUOROURACIL,DB00544,3385,308,7,308_7,1
hsa-mir-423-5p,miRNA,ERLOTINIB,DB00530,176870,308,85,308_85,1
hsa-mir-423-5p,miRNA,PACLITAXEL,DB01229,36314,308,67,308_67,1
hsa-mir-423-5p,miRNA,IMATINIB,DB00619,5291,308,41,308_41,1
hsa-mir-423-5p,miRNA,TAXANE,,9548828,308,124,308_124,1
hsa-mir-424-5p,miRNA,DOXORUBICIN,DB00997,31703,309,89,309_89,1
hsa-mir-424-5p,miRNA,DOCETAXEL,DB01248,148124,309,3,309_3,1
hsa-mir-424-5p,miRNA,10-HYDROXYCAMPTOTHECIN,DB12385,97226,309,205,309_205,1
hsa-mir-424-5p,miRNA,GEMCITABINE,DB00441,60750,309,55,309_55,1
hsa-mir-424-5p,miRNA,CISPLATIN,DB00515,5460033,309,103,309_103,1
hsa-mir-424-5p,miRNA,ETOPOSIDE,DB00773,36462,309,68,309_68,1
hsa-mir-424-5p,miRNA,FLUOROURACIL,DB00544,3385,309,7,309_7,1
hsa-mir-424-5p,miRNA,OXALIPLATIN,DB00526,6857599,309,204,309_204,1
hsa-mir-424-5p,miRNA,VINCRISTINE,DB00541,5978,309,177,309_177,1
hsa-mir-424-5p,miRNA,GEFITINIB,DB00317,123631,309,84,309_84,1
hsa-mir-424-5p,miRNA,IMATINIB,DB00619,5291,309,41,309_41,1
hsa-mir-424-5p,miRNA,TAXANE,,9548828,309,124,309_124,1
hsa-mir-424-5p,miRNA,PLX-4720,DB06999,24180719,309,146,309_146,1
hsa-mir-424-5p,miRNA,PLATINUM,DB12257,23939,309,188,309_188,1
hsa-mir-424-5p,miRNA,SORAFENIB,DB00398,216239,309,74,309_74,1
hsa-mir-424-5p,miRNA,TAMOXIFEN,DB00675,2733525,309,123,309_123,1
hsa-mir-424-5p,miRNA,PACLITAXEL,DB01229,36314,309,67,309_67,2
hsa-mir-424-5p,miRNA,CURCUMIN,DB11672,969516,309,137,309_137,1
hsa-mir-424-5p,miRNA,FULVESTRANT,DB00947,17756771,309,134,309_134,1
hsa-mir-424-5p,miRNA,CERITINIB,DB09063,57379345,309,160,309_160,1
hsa-mir-424-5p,miRNA,TRAMETINIB,DB08911,11707110,309,101,309_101,1
hsa-mir-424-5p,miRNA,VEMURAFENIB,DB08881,42611257,309,148,309_148,1
hsa-mir-424-5p,miRNA,TAXOL,DB01229,36314,309,67,309_67,2
hsa-mir-424-5p,miRNA,DABRAFENIB,DB08912,44462760,309,142,309_142,1
hsa-mir-425-5p,miRNA,TAMOXIFEN,DB00675,2733525,310,123,310_123,1
hsa-mir-425-5p,miRNA,FLUOROURACIL,DB00544,3385,310,7,310_7,1
hsa-mir-425-5p,miRNA,AZACITIDINE,DB00928,9444,310,179,310_179,1
hsa-mir-425-5p,miRNA,PACLITAXEL,DB01229,36314,310,67,310_67,1
hsa-mir-425-5p,miRNA,CISPLATIN,DB00515,5460033,310,103,310_103,1
hsa-mir-425-5p,miRNA,GEMCITABINE,DB00441,60750,310,55,310_55,1
hsa-mir-429,miRNA,DOXORUBICIN,DB00997,31703,311,89,311_89,1
hsa-mir-429,miRNA,VERAPAMIL,DB00661,2520,311,21,311_21,1
hsa-mir-429,miRNA,ETOPOSIDE,DB00773,36462,311,68,311_68,1
hsa-mir-429,miRNA,CISPLATIN,DB00515,5460033,311,103,311_103,1
hsa-mir-429,miRNA,10-HYDROXYCAMPTOTHECIN,DB12385,97226,311,205,311_205,1
hsa-mir-429,miRNA,DOCETAXEL,DB01248,148124,311,3,311_3,1
hsa-mir-429,miRNA,TAMOXIFEN,DB00675,2733525,311,123,311_123,1
hsa-mir-429,miRNA,VINCRISTINE,DB00541,5978,311,177,311_177,1
hsa-mir-429,miRNA,FLUOROURACIL,DB00544,3385,311,7,311_7,1
hsa-mir-429,miRNA,ERLOTINIB,DB00530,176870,311,85,311_85,1
hsa-mir-429,miRNA,"N-[(2R)-2,3-DIHYDROXYPROPOXY]-3,4-DIFLUORO-2-[(2-FLUORO-4-IODOPHENYL)AMINO]BENZAMIDE",,9826528,311,122,311_122,1
hsa-mir-429,miRNA,OXALIPLATIN,DB00526,6857599,311,204,311_204,1
hsa-mir-429,miRNA,GEMCITABINE,DB00441,60750,311,55,311_55,1
hsa-mir-429,miRNA,PACLITAXEL,DB01229,36314,311,67,311_67,1
hsa-mir-429,miRNA,GEFITINIB,DB00317,123631,311,84,311_84,1
hsa-mir-429,miRNA,METFORMIN,DB00331,4091,311,18,311_18,1
hsa-mir-429,miRNA,VEMURAFENIB,DB08881,42611257,311,148,311_148,1
hsa-mir-429,miRNA,TRAMETINIB,DB08911,11707110,311,101,311_101,1
hsa-mir-431-5p,miRNA,DOXORUBICIN,DB00997,31703,312,89,312_89,1
hsa-mir-431-5p,miRNA,DOCETAXEL,DB01248,148124,312,3,312_3,1
hsa-mir-431-5p,miRNA,VERAPAMIL,DB00661,2520,312,21,312_21,1
hsa-mir-431-5p,miRNA,CISPLATIN,DB00515,5460033,312,103,312_103,1
hsa-mir-431-5p,miRNA,MITOTANE,DB00648,4211,312,19,312_19,1
hsa-mir-431-5p,miRNA,PLATINUM,DB12257,23939,312,188,312_188,1
hsa-mir-431-5p,miRNA,SORAFENIB,DB00398,216239,312,74,312_74,1
hsa-mir-432-5p,miRNA,DOXORUBICIN,DB00997,31703,313,89,313_89,1
hsa-mir-432-5p,miRNA,CISPLATIN,DB00515,5460033,313,103,313_103,1
hsa-mir-432-5p,miRNA,DABRAFENIB,DB08912,44462760,313,142,313_142,1
hsa-mir-432-5p,miRNA,VEMURAFENIB,DB08881,42611257,313,148,313_148,1
hsa-mir-432-5p,miRNA,PALBOCICLIB,DB09073,5330286,313,95,313_95,1
hsa-mir-432-5p,miRNA,BROMOCRIPTINE,DB01200,31101,313,86,313_86,1
hsa-mir-432-5p,miRNA,GEMCITABINE,DB00441,60750,313,55,313_55,1
hsa-mir-433-3p,miRNA,DOXORUBICIN,DB00997,31703,314,89,314_89,1
hsa-mir-433-3p,miRNA,PACLITAXEL,DB01229,36314,314,67,314_67,1
hsa-mir-433-3p,miRNA,FLUOROURACIL,DB00544,3385,314,7,314_7,1
hsa-mir-433-3p,miRNA,OXALIPLATIN,DB00526,6857599,314,204,314_204,1
hsa-mir-433-3p,miRNA,CISPLATIN,DB00515,5460033,314,103,314_103,1
hsa-mir-433-3p,miRNA,TEMOZOLOMIDE,DB00853,5394,314,174,314_174,1
hsa-mir-433-3p,miRNA,VEMURAFENIB,DB08881,42611257,314,148,314_148,1
hsa-mir-433-3p,miRNA,TRAMETINIB,DB08911,11707110,314,101,314_101,1
hsa-mir-433-3p,miRNA,GEMCITABINE,DB00441,60750,314,55,314_55,1
hsa-mir-433-3p,miRNA,SORAFENIB,DB00398,216239,314,74,314_74,1
hsa-mir-448,miRNA,DOXORUBICIN,DB00997,31703,315,89,315_89,1
hsa-mir-448,miRNA,VERAPAMIL,DB00661,2520,315,21,315_21,1
hsa-mir-448,miRNA,VEMURAFENIB,DB08881,42611257,315,148,315_148,1
hsa-mir-448,miRNA,TRAMETINIB,DB08911,11707110,315,101,315_101,1
hsa-mir-448,miRNA,CISPLATIN,DB00515,5460033,315,103,315_103,1
hsa-mir-449a,miRNA,CISPLATIN,DB00515,5460033,316,103,316_103,1
hsa-mir-449a,miRNA,CAPSAICIN,DB06774,1548943,316,30,316_30,1
hsa-mir-449a,miRNA,TAMOXIFEN,DB00675,2733525,316,123,316_123,1
hsa-mir-449a,miRNA,GEMCITABINE,DB00441,60750,316,55,316_55,1
hsa-mir-449a,miRNA,CERITINIB,DB09063,57379345,316,160,316_160,1
hsa-mir-449a,miRNA,PANOBINOSTAT,DB06603,6918837,316,129,316_129,1
hsa-mir-449a,miRNA,FLUOROURACIL,DB00544,3385,316,7,316_7,1
hsa-mir-449a,miRNA,GEFITINIB,DB00317,123631,316,84,316_84,1
hsa-mir-449a,miRNA,ERLOTINIB,DB00530,176870,316,85,316_85,1
hsa-mir-449a,miRNA,PLATINUM,DB12257,23939,316,188,316_188,1
hsa-mir-449b-5p,miRNA,GEMCITABINE,DB00441,60750,317,55,317_55,1
hsa-mir-449b-5p,miRNA,OXALIPLATIN,DB00526,6857599,317,204,317_204,1
hsa-mir-449b-5p,miRNA,CERITINIB,DB09063,57379345,317,160,317_160,1
hsa-mir-449b-5p,miRNA,PANOBINOSTAT,DB06603,6918837,317,129,317_129,1
hsa-mir-449b-5p,miRNA,CISPLATIN,DB00515,5460033,317,103,317_103,1
hsa-mir-449b-5p,miRNA,FLUOROURACIL,DB00544,3385,317,7,317_7,1
hsa-mir-449c-5p,miRNA,CISPLATIN,DB00515,5460033,613,103,613_103,1
hsa-mir-449c-5p,miRNA,PLX-4720,DB06999,24180719,613,146,613_146,1
hsa-mir-449c-5p,miRNA,DOXORUBICIN,DB00997,31703,613,89,613_89,1
hsa-mir-449c-5p,miRNA,CURCUMIN,DB11672,969516,613,137,613_137,1
hsa-mir-449c-5p,miRNA,CERITINIB,DB09063,57379345,613,160,613_160,1
hsa-mir-449c-5p,miRNA,PANOBINOSTAT,DB06603,6918837,613,129,613_129,1
hsa-mir-449c-5p,miRNA,OXALIPLATIN,DB00526,6857599,613,204,613_204,1
hsa-mir-449c-5p,miRNA,PACLITAXEL,DB01229,36314,613,67,613_67,1
hsa-mir-449c-5p,miRNA,TOPOTECAN,DB01030,60699,613,50,613_50,1
hsa-mir-450a-5p,miRNA,DOXORUBICIN,DB00997,31703,318,89,318_89,1
hsa-mir-450a-5p,miRNA,VERAPAMIL,DB00661,2520,318,21,318_21,1
hsa-mir-450a-5p,miRNA,TAMOXIFEN,DB00675,2733525,318,123,318_123,1
hsa-mir-450a-5p,miRNA,GEMCITABINE,DB00441,60750,318,55,318_55,1
hsa-mir-450a-5p,miRNA,FLUOROURACIL,DB00544,3385,318,7,318_7,1
hsa-mir-450a-5p,miRNA,IMATINIB,DB00619,5291,318,41,318_41,1
hsa-mir-450a-5p,miRNA,CERITINIB,DB09063,57379345,318,160,318_160,1
hsa-mir-450a-5p,miRNA,SUNITINIB,DB01268,5329102,318,94,318_94,1
hsa-mir-450a-5p,miRNA,CRIZOTINIB,DB08865,11626560,318,197,318_197,1
hsa-mir-450a-5p,miRNA,GEFITINIB,DB00317,123631,318,84,318_84,1
hsa-mir-450a-5p,miRNA,VINCRISTINE,DB00541,5978,318,177,318_177,1
hsa-mir-450a-5p,miRNA,ETOPOSIDE,DB00773,36462,318,68,318_68,1
hsa-mir-450a-5p,miRNA,VINORELBINE,DB00361,44424639,318,150,318_150,1
hsa-mir-450a-5p,miRNA,PACLITAXEL,DB01229,36314,318,67,318_67,1
hsa-mir-450b-5p,miRNA,GEMCITABINE,DB00441,60750,320,55,320_55,1
hsa-mir-450b-5p,miRNA,FLUOROURACIL,DB00544,3385,320,7,320_7,1
hsa-mir-450b-5p,miRNA,CERITINIB,DB09063,57379345,320,160,320_160,1
hsa-mir-450b-5p,miRNA,ETOPOSIDE,DB00773,36462,320,68,320_68,1
hsa-mir-450b-5p,miRNA,DOXORUBICIN,DB00997,31703,320,89,320_89,1
hsa-mir-450b-5p,miRNA,PACLITAXEL,DB01229,36314,320,67,320_67,1
hsa-mir-450b-5p,miRNA,VINORELBINE,DB00361,44424639,320,150,320_150,1
hsa-mir-450b-5p,miRNA,VINCRISTINE,DB00541,5978,320,177,320_177,1
hsa-mir-451a,miRNA,VINBLASTINE,DB00570,442111,321,97,321_97,1
hsa-mir-451a,miRNA,HYDROXYUREA,DB01005,3657,321,8,321_8,1
hsa-mir-451a,miRNA,DOXORUBICIN,DB00997,31703,321,89,321_89,1
hsa-mir-451a,miRNA,VERAPAMIL,DB00661,2520,321,21,321_21,1
hsa-mir-451a,miRNA,CISPLATIN,DB00515,5460033,321,103,321_103,1
hsa-mir-451a,miRNA,TAMOXIFEN,DB00675,2733525,321,123,321_123,1
hsa-mir-451a,miRNA,IRINOTECAN,DB00762,60838,321,56,321_56,1
hsa-mir-451a,miRNA,IMATINIB,DB00619,5291,321,41,321_41,1
hsa-mir-451a,miRNA,DOCETAXEL,DB01248,148124,321,3,321_3,1
hsa-mir-451a,miRNA,PACLITAXEL,DB01229,36314,321,67,321_67,2
hsa-mir-451a,miRNA,PLATINUM,DB12257,23939,321,188,321_188,1
hsa-mir-451a,miRNA,EPIRUBICIN,DB00445,41867,321,73,321_73,1
hsa-mir-451a,miRNA,GILTERITINIB,DB12141,49803313,321,155,321_155,1
hsa-mir-451a,miRNA,QUIZARTINIB,DB12874,24889392,321,149,321_149,1
hsa-mir-451a,miRNA,ARSENIC TRIOXIDE,DB01169,261004,321,32,321_32,1
hsa-mir-451a,miRNA,ANTHRACYCLINE,DB00694,30323,321,88,321_88,1
hsa-mir-451a,miRNA,FLUOROURACIL,DB00544,3385,321,7,321_7,1
hsa-mir-451a,miRNA,CYCLOPHOSPHAMIDE,DB00531,2907,321,16,321_16,1
hsa-mir-451a,miRNA,TAXOL,DB01229,36314,321,67,321_67,2
hsa-mir-451a,miRNA,METHOTREXATE,DB00563,126941,321,81,321_81,1
hsa-mir-452-5p,miRNA,TEMOZOLOMIDE,DB00853,5394,322,174,322_174,1
hsa-mir-452-5p,miRNA,10-HYDROXYCAMPTOTHECIN,DB12385,97226,322,205,322_205,1
hsa-mir-452-5p,miRNA,GEMCITABINE,DB00441,60750,322,55,322_55,1
hsa-mir-452-5p,miRNA,DOCETAXEL,DB01248,148124,322,3,322_3,1
hsa-mir-452-5p,miRNA,CISPLATIN,DB00515,5460033,322,103,322_103,1
hsa-mir-452-5p,miRNA,PACLITAXEL,DB01229,36314,322,67,322_67,1
hsa-mir-452-5p,miRNA,DOXORUBICIN,DB00997,31703,322,89,322_89,1
hsa-mir-452-5p,miRNA,GEFITINIB,DB00317,123631,322,84,322_84,1
hsa-mir-452-5p,miRNA,METHOTREXATE,DB00563,126941,322,81,322_81,1
hsa-mir-452-5p,miRNA,SUNITINIB,DB01268,5329102,322,94,322_94,1
hsa-mir-452-5p,miRNA,BROMOCRIPTINE,DB01200,31101,322,86,322_86,1
hsa-mir-452-5p,miRNA,FLUOROURACIL,DB00544,3385,322,7,322_7,1
hsa-mir-454-3p,miRNA,DOXORUBICIN,DB00997,31703,324,89,324_89,1
hsa-mir-454-3p,miRNA,VERAPAMIL,DB00661,2520,324,21,324_21,1
hsa-mir-454-3p,miRNA,VINCRISTINE,DB00541,5978,324,177,324_177,1
hsa-mir-454-3p,miRNA,DAUNORUBICIN,DB00694,30323,324,88,324_88,1
hsa-mir-454-3p,miRNA,PREDNISOLONE,DB00860,5755,324,44,324_44,1
hsa-mir-454-3p,miRNA,DOCETAXEL,DB01248,148124,324,3,324_3,1
hsa-mir-454-3p,miRNA,FLUOROURACIL,DB00544,3385,324,7,324_7,1
hsa-mir-454-3p,miRNA,GEMCITABINE,DB00441,60750,324,55,324_55,1
hsa-mir-454-3p,miRNA,SUNITINIB,DB01268,5329102,324,94,324_94,1
hsa-mir-454-3p,miRNA,CISPLATIN,DB00515,5460033,324,103,324_103,1
hsa-mir-454-3p,miRNA,MITOXANTRONE,DB01204,4212,324,22,324_22,1
hsa-mir-454-3p,miRNA,CURCUMIN,DB11672,969516,324,137,324_137,1
hsa-mir-454-3p,miRNA,TEMOZOLOMIDE,DB00853,5394,324,174,324_174,1
hsa-mir-454-3p,miRNA,PLATINUM,DB12257,23939,324,188,324_188,1
hsa-mir-454-3p,miRNA,SORAFENIB,DB00398,216239,324,74,324_74,1
hsa-mir-455-3p,miRNA,CISPLATIN,DB00515,5460033,325,103,325_103,1
hsa-mir-455-3p,miRNA,PLATINUM,DB12257,23939,325,188,325_188,1
hsa-mir-455-3p,miRNA,GEMCITABINE,DB00441,60750,325,55,325_55,1
hsa-mir-455-3p,miRNA,SORAFENIB,DB00398,216239,325,74,325_74,1
hsa-mir-455-3p,miRNA,TAMOXIFEN,DB00675,2733525,325,123,325_123,1
hsa-mir-455-3p,miRNA,PACLITAXEL,DB01229,36314,325,67,325_67,1
hsa-mir-455-3p,miRNA,TRAMETINIB,DB08911,11707110,325,101,325_101,1
hsa-mir-455-3p,miRNA,VEMURAFENIB,DB08881,42611257,325,148,325_148,1
hsa-mir-455-3p,miRNA,FLUOROURACIL,DB00544,3385,325,7,325_7,1
hsa-mir-455-3p,miRNA,PROPOFOL,DB00818,4943,325,40,325_40,1
hsa-mir-455-3p,miRNA,OXALIPLATIN,DB00526,6857599,325,204,325_204,1
hsa-mir-455-5p,miRNA,DOXORUBICIN,DB00997,31703,326,89,326_89,1
hsa-mir-455-5p,miRNA,VERAPAMIL,DB00661,2520,326,21,326_21,1
hsa-mir-455-5p,miRNA,TEMOZOLOMIDE,DB00853,5394,326,174,326_174,1
hsa-mir-455-5p,miRNA,CISPLATIN,DB00515,5460033,326,103,326_103,1
hsa-mir-455-5p,miRNA,METHOTREXATE,DB00563,126941,326,81,326_81,1
hsa-mir-455-5p,miRNA,ETOPOSIDE,DB00773,36462,326,68,326_68,1
hsa-mir-455-5p,miRNA,DOCETAXEL,DB01248,148124,326,3,326_3,1
hsa-mir-455-5p,miRNA,PREDNISONE,DB00635,5865,326,34,326_34,1
hsa-mir-455-5p,miRNA,VINCRISTINE,DB00541,5978,326,177,326_177,1
hsa-mir-455-5p,miRNA,FLUOROURACIL,DB00544,3385,326,7,326_7,1
hsa-mir-455-5p,miRNA,GEMCITABINE,DB00441,60750,326,55,326_55,1
hsa-mir-483-3p,miRNA,SORAFENIB,DB00398,216239,327,74,327_74,1
hsa-mir-483-3p,miRNA,CARBOPLATIN,DB00958,38904,327,90,327_90,1
hsa-mir-483-3p,miRNA,DOXORUBICIN,DB00997,31703,327,89,327_89,1
hsa-mir-483-3p,miRNA,OXALIPLATIN,DB00526,6857599,327,204,327_204,1
hsa-mir-483-3p,miRNA,IMATINIB,DB00619,5291,327,41,327_41,1
hsa-mir-483-3p,miRNA,FLUOROURACIL,DB00544,3385,327,7,327_7,1
hsa-mir-483-3p,miRNA,PACLITAXEL,DB01229,36314,327,67,327_67,1
hsa-mir-483-3p,miRNA,GEMCITABINE,DB00441,60750,327,55,327_55,1
hsa-mir-483-3p,miRNA,GEFITINIB,DB00317,123631,327,84,327_84,1
hsa-mir-483-3p,miRNA,CISPLATIN,DB00515,5460033,327,103,327_103,1
hsa-mir-483-3p,miRNA,SUNITINIB,DB01268,5329102,327,94,327_94,1
hsa-mir-483-3p,miRNA,TEMOZOLOMIDE,DB00853,5394,327,174,327_174,1
hsa-mir-483-3p,miRNA,PLATINUM,DB12257,23939,327,188,327_188,1
hsa-mir-483-3p,miRNA,VINCRISTINE,DB00541,5978,327,177,327_177,1
hsa-mir-483-3p,miRNA,VINORELBINE,DB00361,44424639,327,150,327_150,1
hsa-mir-483-3p,miRNA,ETOPOSIDE,DB00773,36462,327,68,327_68,1
hsa-mir-483-5p,miRNA,GEMCITABINE,DB00441,60750,328,55,328_55,1
hsa-mir-483-5p,miRNA,SUNITINIB,DB01268,5329102,328,94,328_94,1
hsa-mir-483-5p,miRNA,CISPLATIN,DB00515,5460033,328,103,328_103,1
hsa-mir-483-5p,miRNA,PLATINUM,DB12257,23939,328,188,328_188,1
hsa-mir-483-5p,miRNA,SORAFENIB,DB00398,216239,328,74,328_74,1
hsa-mir-483-5p,miRNA,PACLITAXEL,DB01229,36314,328,67,328_67,1
hsa-mir-483-5p,miRNA,TAMOXIFEN,DB00675,2733525,328,123,328_123,1
hsa-mir-483-5p,miRNA,TEMOZOLOMIDE,DB00853,5394,328,174,328_174,1
hsa-mir-483-5p,miRNA,FLUOROURACIL,DB00544,3385,328,7,328_7,1
hsa-mir-483-5p,miRNA,DOXORUBICIN,DB00997,31703,328,89,328_89,1
hsa-mir-483-5p,miRNA,ETOPOSIDE,DB00773,36462,328,68,328_68,1
hsa-mir-483-5p,miRNA,VINORELBINE,DB00361,44424639,328,150,328_150,1
hsa-mir-483-5p,miRNA,VINCRISTINE,DB00541,5978,328,177,328_177,1
hsa-mir-484,miRNA,SORAFENIB,DB00398,216239,329,74,329_74,1
hsa-mir-484,miRNA,DOXORUBICIN,DB00997,31703,329,89,329_89,1
hsa-mir-484,miRNA,CISPLATIN,DB00515,5460033,329,103,329_103,1
hsa-mir-484,miRNA,ETOPOSIDE,DB00773,36462,329,68,329_68,1
hsa-mir-484,miRNA,CARBOPLATIN,DB00958,38904,329,90,329_90,1
hsa-mir-484,miRNA,SUNITINIB,DB01268,5329102,329,94,329_94,1
hsa-mir-484,miRNA,GEMCITABINE,DB00441,60750,329,55,329_55,1
hsa-mir-484,miRNA,FLUOROURACIL,DB00544,3385,329,7,329_7,1
hsa-mir-484,miRNA,PACLITAXEL,DB01229,36314,329,67,329_67,1
hsa-mir-484,miRNA,VINCRISTINE,DB00541,5978,329,177,329_177,1
hsa-mir-484,miRNA,TAMOXIFEN,DB00675,2733525,329,123,329_123,1
hsa-mir-485-3p,miRNA,PACLITAXEL,DB01229,36314,330,67,330_67,1
hsa-mir-485-3p,miRNA,CISPLATIN,DB00515,5460033,330,103,330_103,1
hsa-mir-485-3p,miRNA,CERITINIB,DB09063,57379345,330,160,330_160,1
hsa-mir-485-3p,miRNA,TRAMETINIB,DB08911,11707110,330,101,330_101,1
hsa-mir-485-3p,miRNA,VEMURAFENIB,DB08881,42611257,330,148,330_148,1
hsa-mir-485-3p,miRNA,RUXOLITINIB,DB08877,25126798,330,144,330_144,1
hsa-mir-485-3p,miRNA,FLUOROURACIL,DB00544,3385,330,7,330_7,1
hsa-mir-485-5p,miRNA,CISPLATIN,DB00515,5460033,331,103,331_103,1
hsa-mir-485-5p,miRNA,GEMCITABINE,DB00441,60750,331,55,331_55,1
hsa-mir-485-5p,miRNA,CERITINIB,DB09063,57379345,331,160,331_160,1
hsa-mir-485-5p,miRNA,PACLITAXEL,DB01229,36314,331,67,331_67,1
hsa-mir-485-5p,miRNA,FLUOROURACIL,DB00544,3385,331,7,331_7,1
hsa-mir-485-5p,miRNA,DOXORUBICIN,DB00997,31703,331,89,331_89,1
hsa-mir-485-5p,miRNA,METHOTREXATE,DB00563,126941,331,81,331_81,1
hsa-mir-485-5p,miRNA,BROMOCRIPTINE,DB01200,31101,331,86,331_86,1
hsa-mir-486-3p,miRNA,CISPLATIN,DB00515,5460033,332,103,332_103,1
hsa-mir-486-3p,miRNA,PACLITAXEL,DB01229,36314,332,67,332_67,1
hsa-mir-486-3p,miRNA,SUNITINIB,DB01268,5329102,332,94,332_94,1
hsa-mir-486-3p,miRNA,CERITINIB,DB09063,57379345,332,160,332_160,1
hsa-mir-486-3p,miRNA,CRIZOTINIB,DB08865,11626560,332,197,332_197,1
hsa-mir-486-3p,miRNA,GEMCITABINE,DB00441,60750,332,55,332_55,1
hsa-mir-486-3p,miRNA,CYCLOPHOSPHAMIDE,DB00531,2907,332,16,332_16,1
hsa-mir-486-3p,miRNA,SORAFENIB,DB00398,216239,332,74,332_74,1
hsa-mir-487a-3p,miRNA,DOXORUBICIN,DB00997,31703,333,89,333_89,1
hsa-mir-487a-3p,miRNA,MITOXANTRONE,DB01204,4212,333,22,333_22,1
hsa-mir-487a-3p,miRNA,PACLITAXEL,DB01229,36314,333,67,333_67,1
hsa-mir-487a-3p,miRNA,GEMCITABINE,DB00441,60750,333,55,333_55,1
hsa-mir-487a-3p,miRNA,RUXOLITINIB,DB08877,25126798,333,144,333_144,1
hsa-mir-487b-3p,miRNA,DOXORUBICIN,DB00997,31703,334,89,334_89,1
hsa-mir-487b-3p,miRNA,ETOPOSIDE,DB00773,36462,334,68,334_68,1
hsa-mir-487b-3p,miRNA,GEMCITABINE,DB00441,60750,334,55,334_55,1
hsa-mir-487b-3p,miRNA,GEFITINIB,DB00317,123631,334,84,334_84,1
hsa-mir-487b-3p,miRNA,FLUOROURACIL,DB00544,3385,334,7,334_7,1
hsa-mir-487b-3p,miRNA,CISPLATIN,DB00515,5460033,334,103,334_103,1
hsa-mir-487b-3p,miRNA,PACLITAXEL,DB01229,36314,334,67,334_67,1
hsa-mir-487b-3p,miRNA,DABRAFENIB,DB08912,44462760,334,142,334_142,1
hsa-mir-487b-3p,miRNA,VEMURAFENIB,DB08881,42611257,334,148,334_148,1
hsa-mir-487b-3p,miRNA,CERITINIB,DB09063,57379345,334,160,334_160,1
hsa-mir-487b-3p,miRNA,OXALIPLATIN,DB00526,6857599,334,204,334_204,1
hsa-mir-488-3p,miRNA,PACLITAXEL,DB01229,36314,335,67,335_67,1
hsa-mir-488-3p,miRNA,CISPLATIN,DB00515,5460033,335,103,335_103,1
hsa-mir-489-3p,miRNA,DOXORUBICIN,DB00997,31703,336,89,336_89,1
hsa-mir-489-3p,miRNA,TAMOXIFEN,DB00675,2733525,336,123,336_123,1
hsa-mir-489-3p,miRNA,CISPLATIN,DB00515,5460033,336,103,336_103,1
hsa-mir-489-3p,miRNA,PACLITAXEL,DB01229,36314,336,67,336_67,1
hsa-mir-489-3p,miRNA,DOCETAXEL,DB01248,148124,336,3,336_3,1
hsa-mir-489-3p,miRNA,FLUOROURACIL,DB00544,3385,336,7,336_7,1
hsa-mir-489-3p,miRNA,FULVESTRANT,DB00947,17756771,336,134,336_134,1
hsa-mir-489-3p,miRNA,SUNITINIB,DB01268,5329102,336,94,336_94,1
hsa-mir-489-3p,miRNA,GEFITINIB,DB00317,123631,336,84,336_84,1
hsa-mir-489-3p,miRNA,GEMCITABINE,DB00441,60750,336,55,336_55,1
hsa-mir-489-3p,miRNA,OXALIPLATIN,DB00526,6857599,336,204,336_204,1
hsa-mir-489-3p,miRNA,METHOTREXATE,DB00563,126941,336,81,336_81,1
hsa-mir-489-3p,miRNA,TAXANE,,9548828,336,124,336_124,1
hsa-mir-490-3p,miRNA,PACLITAXEL,DB01229,36314,337,67,337_67,1
hsa-mir-490-3p,miRNA,CISPLATIN,DB00515,5460033,337,103,337_103,1
hsa-mir-490-3p,miRNA,PLX-4720,DB06999,24180719,337,146,337_146,1
hsa-mir-490-3p,miRNA,FLUOROURACIL,DB00544,3385,337,7,337_7,1
hsa-mir-490-5p,miRNA,CISPLATIN,DB00515,5460033,338,103,338_103,1
hsa-mir-490-5p,miRNA,GEMCITABINE,DB00441,60750,338,55,338_55,1
hsa-mir-491-3p,miRNA,IMATINIB,DB00619,5291,339,41,339_41,1
hsa-mir-491-3p,miRNA,OXALIPLATIN,DB00526,6857599,339,204,339_204,1
hsa-mir-491-3p,miRNA,DOXORUBICIN,DB00997,31703,339,89,339_89,1
hsa-mir-491-3p,miRNA,VINBLASTINE,DB00570,442111,339,97,339_97,1
hsa-mir-491-5p,miRNA,DOXORUBICIN,DB00997,31703,340,89,340_89,1
hsa-mir-491-5p,miRNA,VERAPAMIL,DB00661,2520,340,21,340_21,1
hsa-mir-491-5p,miRNA,ETOPOSIDE,DB00773,36462,340,68,340_68,1
hsa-mir-491-5p,miRNA,CARBOPLATIN,DB00958,38904,340,90,340_90,1
hsa-mir-491-5p,miRNA,FLUOROURACIL,DB00544,3385,340,7,340_7,1
hsa-mir-491-5p,miRNA,GEMCITABINE,DB00441,60750,340,55,340_55,1
hsa-mir-491-5p,miRNA,CISPLATIN,DB00515,5460033,340,103,340_103,1
hsa-mir-491-5p,miRNA,CURCUMIN,DB11672,969516,340,137,340_137,1
hsa-mir-491-5p,miRNA,PLATINUM,DB12257,23939,340,188,340_188,1
hsa-mir-491-5p,miRNA,DOCETAXEL,DB01248,148124,340,3,340_3,1
hsa-mir-492,miRNA,CISPLATIN,DB00515,5460033,341,103,341_103,1
hsa-mir-492,miRNA,OXALIPLATIN,DB00526,6857599,341,204,341_204,1
hsa-mir-492,miRNA,METAPRISTONE,,10070462,341,136,341_136,1
hsa-mir-493-3p,miRNA,PACLITAXEL,DB01229,36314,342,67,342_67,1
hsa-mir-493-3p,miRNA,IMATINIB,DB00619,5291,342,41,342_41,1
hsa-mir-493-3p,miRNA,TRAMETINIB,DB08911,11707110,342,101,342_101,1
hsa-mir-493-3p,miRNA,VEMURAFENIB,DB08881,42611257,342,148,342_148,1
hsa-mir-494-3p,miRNA,DOXORUBICIN,DB00997,31703,343,89,343_89,1
hsa-mir-494-3p,miRNA,CISPLATIN,DB00515,5460033,343,103,343_103,1
hsa-mir-494-3p,miRNA,FLUOROURACIL,DB00544,3385,343,7,343_7,1
hsa-mir-494-3p,miRNA,VINCRISTINE,DB00541,5978,343,177,343_177,1
hsa-mir-494-3p,miRNA,OXALIPLATIN,DB00526,6857599,343,204,343_204,1
hsa-mir-494-3p,miRNA,GEMCITABINE,DB00441,60750,343,55,343_55,1
hsa-mir-494-3p,miRNA,GEFITINIB,DB00317,123631,343,84,343_84,1
hsa-mir-494-3p,miRNA,SORAFENIB,DB00398,216239,343,74,343_74,1
hsa-mir-494-3p,miRNA,MITOXANTRONE,DB01204,4212,343,22,343_22,1
hsa-mir-494-3p,miRNA,VEMURAFENIB,DB08881,42611257,343,148,343_148,1
hsa-mir-494-3p,miRNA,DASATINIB,DB01254,3062316,343,100,343_100,1
hsa-mir-494-3p,miRNA,PONATINIB,DB08901,24826799,343,140,343_140,1
hsa-mir-494-3p,miRNA,IMATINIB MESYLATE,,123596,343,82,343_82,1
hsa-mir-494-3p,miRNA,TAMOXIFEN,DB00675,2733525,343,123,343_123,1
hsa-mir-494-3p,miRNA,CERITINIB,DB09063,57379345,343,160,343_160,1
hsa-mir-494-3p,miRNA,LAPATINIB,DB01259,208908,343,46,343_46,1
hsa-mir-494-3p,miRNA,PACLITAXEL,DB01229,36314,343,67,343_67,1
hsa-mir-494-3p,miRNA,METHOTREXATE,DB00563,126941,343,81,343_81,1
hsa-mir-495-3p,miRNA,DOXORUBICIN,DB00997,31703,344,89,344_89,1
hsa-mir-495-3p,miRNA,GEMCITABINE,DB00441,60750,344,55,344_55,1
hsa-mir-495-3p,miRNA,CARBOPLATIN,DB00958,38904,344,90,344_90,1
hsa-mir-495-3p,miRNA,CISPLATIN,DB00515,5460033,344,103,344_103,1
hsa-mir-495-3p,miRNA,OXALIPLATIN,DB00526,6857599,344,204,344_204,1
hsa-mir-495-3p,miRNA,CERITINIB,DB09063,57379345,344,160,344_160,1
hsa-mir-495-3p,miRNA,FLUOROURACIL,DB00544,3385,344,7,344_7,1
hsa-mir-495-3p,miRNA,VINCRISTINE,DB00541,5978,344,177,344_177,1
hsa-mir-495-3p,miRNA,PACLITAXEL,DB01229,36314,344,67,344_67,1
hsa-mir-495-3p,miRNA,PIRARUBICIN,DB11616,11296583,344,135,344_135,1
hsa-mir-496,miRNA,DOXORUBICIN,DB00997,31703,345,89,345_89,1
hsa-mir-496,miRNA,VERAPAMIL,DB00661,2520,345,21,345_21,1
hsa-mir-497-5p,miRNA,VERAPAMIL,DB00661,2520,346,21,346_21,1
hsa-mir-497-5p,miRNA,DOXORUBICIN,DB00997,31703,346,89,346_89,1
hsa-mir-497-5p,miRNA,CISPLATIN,DB00515,5460033,346,103,346_103,1
hsa-mir-497-5p,miRNA,VINCRISTINE,DB00541,5978,346,177,346_177,1
hsa-mir-497-5p,miRNA,FLUOROURACIL,DB00544,3385,346,7,346_7,1
hsa-mir-497-5p,miRNA,PACLITAXEL,DB01229,36314,346,67,346_67,1
hsa-mir-497-5p,miRNA,GEMCITABINE,DB00441,60750,346,55,346_55,1
hsa-mir-497-5p,miRNA,TEMOZOLOMIDE,DB00853,5394,346,174,346_174,1
hsa-mir-497-5p,miRNA,ERLOTINIB,DB00530,176870,346,85,346_85,1
hsa-mir-497-5p,miRNA,OXALIPLATIN,DB00526,6857599,346,204,346_204,1
hsa-mir-497-5p,miRNA,GEFITINIB,DB00317,123631,346,84,346_84,1
hsa-mir-497-5p,miRNA,PLATINUM,DB12257,23939,346,188,346_188,1
hsa-mir-497-5p,miRNA,DABRAFENIB,DB08912,44462760,346,142,346_142,1
hsa-mir-497-5p,miRNA,VEMURAFENIB,DB08881,42611257,346,148,346_148,1
hsa-mir-497-5p,miRNA,FULVESTRANT,DB00947,17756771,346,134,346_134,1
hsa-mir-497-5p,miRNA,AZACITIDINE,DB00928,9444,346,179,346_179,1
hsa-mir-497-5p,miRNA,BORTEZOMIB,DB00188,387447,346,17,346_17,1
hsa-mir-498-5p,miRNA,CISPLATIN,DB00515,5460033,347,103,347_103,1
hsa-mir-498-5p,miRNA,DABRAFENIB,DB08912,44462760,347,142,347_142,1
hsa-mir-498-5p,miRNA,VEMURAFENIB,DB08881,42611257,347,148,347_148,1
hsa-mir-498-5p,miRNA,PACLITAXEL,DB01229,36314,347,67,347_67,1
hsa-mir-498-5p,miRNA,IMATINIB,DB00619,5291,347,41,347_41,1
hsa-mir-498-5p,miRNA,TRAMETINIB,DB08911,11707110,347,101,347_101,1
hsa-mir-498-5p,miRNA,GEFITINIB,DB00317,123631,347,84,347_84,1
hsa-mir-498-5p,miRNA,PROPOFOL,DB00818,4943,347,40,347_40,1
hsa-mir-499a-3p,miRNA,TRAMETINIB,DB08911,11707110,348,101,348_101,1
hsa-mir-499a-3p,miRNA,VEMURAFENIB,DB08881,42611257,348,148,348_148,1
hsa-mir-499a-5p,miRNA,DOXORUBICIN,DB00997,31703,349,89,349_89,1
hsa-mir-499a-5p,miRNA,VERAPAMIL,DB00661,2520,349,21,349_21,1
hsa-mir-499a-5p,miRNA,OXALIPLATIN,DB00526,6857599,349,204,349_204,1
hsa-mir-499a-5p,miRNA,MITOXANTRONE,DB01204,4212,349,22,349_22,1
hsa-mir-499a-5p,miRNA,TAMOXIFEN,DB00675,2733525,349,123,349_123,1
hsa-mir-499a-5p,miRNA,SORAFENIB,DB00398,216239,349,74,349_74,1
hsa-mir-500a-5p,miRNA,DOXORUBICIN,DB00997,31703,350,89,350_89,1
hsa-mir-500a-5p,miRNA,FLUOROURACIL,DB00544,3385,350,7,350_7,1
hsa-mir-500a-5p,miRNA,GEMCITABINE,DB00441,60750,350,55,350_55,1
hsa-mir-500a-5p,miRNA,PLATINUM,DB12257,23939,350,188,350_188,1
hsa-mir-500a-5p,miRNA,CISPLATIN,DB00515,5460033,350,103,350_103,1
hsa-mir-500a-5p,miRNA,SORAFENIB,DB00398,216239,350,74,350_74,1
hsa-mir-501-3p,miRNA,CISPLATIN,DB00515,5460033,351,103,351_103,1
hsa-mir-501-3p,miRNA,TAMOXIFEN,DB00675,2733525,351,123,351_123,1
hsa-mir-501-3p,miRNA,VINCRISTINE,DB00541,5978,351,177,351_177,1
hsa-mir-501-3p,miRNA,DOCETAXEL,DB01248,148124,351,3,351_3,1
hsa-mir-503-5p,miRNA,DOXORUBICIN,DB00997,31703,352,89,352_89,1
hsa-mir-503-5p,miRNA,TEMOZOLOMIDE,DB00853,5394,352,174,352_174,1
hsa-mir-503-5p,miRNA,ETOPOSIDE,DB00773,36462,352,68,352_68,1
hsa-mir-503-5p,miRNA,CISPLATIN,DB00515,5460033,352,103,352_103,1
hsa-mir-503-5p,miRNA,FLUOROURACIL,DB00544,3385,352,7,352_7,1
hsa-mir-503-5p,miRNA,GEMCITABINE,DB00441,60750,352,55,352_55,1
hsa-mir-503-5p,miRNA,DOCETAXEL,DB01248,148124,352,3,352_3,1
hsa-mir-503-5p,miRNA,TAXANE,,9548828,352,124,352_124,1
hsa-mir-503-5p,miRNA,PLX-4720,DB06999,24180719,352,146,352_146,1
hsa-mir-503-5p,miRNA,TAMOXIFEN,DB00675,2733525,352,123,352_123,1
hsa-mir-503-5p,miRNA,PACLITAXEL,DB01229,36314,352,67,352_67,2
hsa-mir-503-5p,miRNA,DABRAFENIB,DB08912,44462760,352,142,352_142,1
hsa-mir-503-5p,miRNA,VEMURAFENIB,DB08881,42611257,352,148,352_148,1
hsa-mir-503-5p,miRNA,OXALIPLATIN,DB00526,6857599,352,204,352_204,1
hsa-mir-503-5p,miRNA,TAXOL,DB01229,36314,352,67,352_67,2
hsa-mir-503-5p,miRNA,CERITINIB,DB09063,57379345,352,160,352_160,1
hsa-mir-504-5p,miRNA,OXALIPLATIN,DB00526,6857599,353,204,353_204,1
hsa-mir-504-5p,miRNA,PLX-4720,DB06999,24180719,353,146,353_146,1
hsa-mir-504-5p,miRNA,VEMURAFENIB,DB08881,42611257,353,148,353_148,1
hsa-mir-504-5p,miRNA,DABRAFENIB,DB08912,44462760,353,142,353_142,1
hsa-mir-504-5p,miRNA,CERITINIB,DB09063,57379345,353,160,353_160,1
hsa-mir-504-5p,miRNA,FULVESTRANT,DB00947,17756771,353,134,353_134,1
hsa-mir-505-3p,miRNA,DOXORUBICIN,DB00997,31703,354,89,354_89,1
hsa-mir-505-3p,miRNA,VERAPAMIL,DB00661,2520,354,21,354_21,1
hsa-mir-505-3p,miRNA,GEFITINIB,DB00317,123631,354,84,354_84,1
hsa-mir-505-3p,miRNA,CISPLATIN,DB00515,5460033,354,103,354_103,1
hsa-mir-505-3p,miRNA,FLUOROURACIL,DB00544,3385,354,7,354_7,1
hsa-mir-505-3p,miRNA,OXALIPLATIN,DB00526,6857599,354,204,354_204,1
hsa-mir-505-3p,miRNA,FULVESTRANT,DB00947,17756771,354,134,354_134,1
hsa-mir-505-3p,miRNA,AZACITIDINE,DB00928,9444,354,179,354_179,1
hsa-mir-505-3p,miRNA,METHOTREXATE,DB00563,126941,354,81,354_81,1
hsa-mir-505-3p,miRNA,DABRAFENIB,DB08912,44462760,354,142,354_142,1
hsa-mir-506-3p,miRNA,10-HYDROXYCAMPTOTHECIN,DB12385,97226,355,205,355_205,1
hsa-mir-506-3p,miRNA,CISPLATIN,DB00515,5460033,355,103,355_103,1
hsa-mir-506-3p,miRNA,OLAPARIB,DB09074,23725625,355,151,355_151,1
hsa-mir-506-3p,miRNA,FLUOROURACIL,DB00544,3385,355,7,355_7,1
hsa-mir-506-3p,miRNA,GEMCITABINE,DB00441,60750,355,55,355_55,1
hsa-mir-506-3p,miRNA,OXALIPLATIN,DB00526,6857599,355,204,355_204,1
hsa-mir-506-3p,miRNA,GEFITINIB,DB00317,123631,355,84,355_84,1
hsa-mir-506-3p,miRNA,METHOTREXATE,DB00563,126941,355,81,355_81,1
hsa-mir-506-3p,miRNA,PLATINUM,DB12257,23939,355,188,355_188,1
hsa-mir-506-3p,miRNA,SORAFENIB,DB00398,216239,355,74,355_74,1
hsa-mir-506-3p,miRNA,ERLOTINIB,DB00530,176870,355,85,355_85,1
hsa-mir-507,miRNA,TRAMETINIB,DB08911,11707110,356,101,356_101,1
hsa-mir-507,miRNA,VEMURAFENIB,DB08881,42611257,356,148,356_148,1
hsa-mir-508-3p,miRNA,CISPLATIN,DB00515,5460033,357,103,357_103,1
hsa-mir-508-3p,miRNA,DOXORUBICIN,DB00997,31703,357,89,357_89,1
hsa-mir-508-3p,miRNA,FLUOROURACIL,DB00544,3385,357,7,357_7,1
hsa-mir-508-3p,miRNA,VINCRISTINE,DB00541,5978,357,177,357_177,1
hsa-mir-508-3p,miRNA,GEMCITABINE,DB00441,60750,357,55,357_55,1
hsa-mir-508-3p,miRNA,PONATINIB,DB08901,24826799,357,140,357_140,1
hsa-mir-508-3p,miRNA,IMATINIB,DB00619,5291,357,41,357_41,1
hsa-mir-508-3p,miRNA,DABRAFENIB,DB08912,44462760,357,142,357_142,1
hsa-mir-508-3p,miRNA,DOCETAXEL,DB01248,148124,357,3,357_3,1
hsa-mir-508-5p,miRNA,CISPLATIN,DB00515,5460033,358,103,358_103,1
hsa-mir-508-5p,miRNA,DOXORUBICIN,DB00997,31703,358,89,358_89,1
hsa-mir-508-5p,miRNA,FLUOROURACIL,DB00544,3385,358,7,358_7,1
hsa-mir-508-5p,miRNA,VINCRISTINE,DB00541,5978,358,177,358_177,1
hsa-mir-508-5p,miRNA,DABRAFENIB,DB08912,44462760,358,142,358_142,1
hsa-mir-508-5p,miRNA,VEMURAFENIB,DB08881,42611257,358,148,358_148,1
hsa-mir-509-3-5p,miRNA,DABRAFENIB,DB08912,44462760,359,142,359_142,1
hsa-mir-509-3-5p,miRNA,VEMURAFENIB,DB08881,42611257,359,148,359_148,1
hsa-mir-509-3-5p,miRNA,PLATINUM,DB12257,23939,359,188,359_188,1
hsa-mir-509-3-5p,miRNA,CISPLATIN,DB00515,5460033,359,103,359_103,1
hsa-mir-509-3p,miRNA,CISPLATIN,DB00515,5460033,360,103,360_103,1
hsa-mir-509-3p,miRNA,DOXORUBICIN,DB00997,31703,360,89,360_89,1
hsa-mir-509-3p,miRNA,VERAPAMIL,DB00661,2520,360,21,360_21,1
hsa-mir-509-3p,miRNA,IMATINIB,DB00619,5291,360,41,360_41,1
hsa-mir-509-3p,miRNA,VEMURAFENIB,DB08881,42611257,360,148,360_148,1
hsa-mir-509-3p,miRNA,DABRAFENIB,DB08912,44462760,360,142,360_142,1
hsa-mir-509-3p,miRNA,FLUOROURACIL,DB00544,3385,360,7,360_7,1
hsa-mir-509-3p,miRNA,TRAMETINIB,DB08911,11707110,360,101,360_101,1
hsa-mir-509-3p,miRNA,PLATINUM,DB12257,23939,360,188,360_188,1
hsa-mir-509-5p,miRNA,DABRAFENIB,DB08912,44462760,361,142,361_142,1
hsa-mir-509-5p,miRNA,VEMURAFENIB,DB08881,42611257,361,148,361_148,1
hsa-mir-509-5p,miRNA,GEMCITABINE,DB00441,60750,361,55,361_55,1
hsa-mir-509-5p,miRNA,CISPLATIN,DB00515,5460033,361,103,361_103,1
hsa-mir-509-5p,miRNA,PACLITAXEL,DB01229,36314,361,67,361_67,1
hsa-mir-510-5p,miRNA,TAMOXIFEN,DB00675,2733525,362,123,362_123,1
hsa-mir-510-5p,miRNA,IMATINIB,DB00619,5291,362,41,362_41,1
hsa-mir-510-5p,miRNA,PONATINIB,DB08901,24826799,362,140,362_140,1
hsa-mir-510-5p,miRNA,CISPLATIN,DB00515,5460033,362,103,362_103,1
hsa-mir-510-5p,miRNA,FLUOROURACIL,DB00544,3385,362,7,362_7,1
hsa-mir-510-5p,miRNA,TRAMETINIB,DB08911,11707110,362,101,362_101,1
hsa-mir-510-5p,miRNA,VEMURAFENIB,DB08881,42611257,362,148,362_148,1
hsa-mir-510-5p,miRNA,DABRAFENIB,DB08912,44462760,362,142,362_142,1
hsa-mir-512-3p,miRNA,DABRAFENIB,DB08912,44462760,364,142,364_142,1
hsa-mir-512-3p,miRNA,VEMURAFENIB,DB08881,42611257,364,148,364_148,1
hsa-mir-512-3p,miRNA,PACLITAXEL,DB01229,36314,364,67,364_67,1
hsa-mir-512-3p,miRNA,TRAMETINIB,DB08911,11707110,364,101,364_101,1
hsa-mir-512-3p,miRNA,GEMCITABINE,DB00441,60750,364,55,364_55,1
hsa-mir-512-3p,miRNA,DOCETAXEL,DB01248,148124,364,3,364_3,1
hsa-mir-512-3p,miRNA,EPIRUBICIN,DB00445,41867,364,73,364_73,1
hsa-mir-512-3p,miRNA,METHOTREXATE,DB00563,126941,364,81,364_81,1
hsa-mir-512-3p,miRNA,CISPLATIN,DB00515,5460033,364,103,364_103,1
hsa-mir-512-5p,miRNA,METHOTREXATE,DB00563,126941,365,81,365_81,1
hsa-mir-513a-3p,miRNA,CISPLATIN,DB00515,5460033,366,103,366_103,1
hsa-mir-513a-3p,miRNA,VEMURAFENIB,DB08881,42611257,366,148,366_148,1
hsa-mir-513a-3p,miRNA,TRAMETINIB,DB08911,11707110,366,101,366_101,1
hsa-mir-513a-3p,miRNA,OXALIPLATIN,DB00526,6857599,366,204,366_204,1
hsa-mir-513a-3p,miRNA,METHOTREXATE,DB00563,126941,366,81,366_81,1
hsa-mir-513a-3p,miRNA,DABRAFENIB,DB08912,44462760,366,142,366_142,1
hsa-mir-513a-5p,miRNA,PACLITAXEL,DB01229,36314,367,67,367_67,1
hsa-mir-513a-5p,miRNA,PLATINUM,DB12257,23939,367,188,367_188,1
hsa-mir-513a-5p,miRNA,BORTEZOMIB,DB00188,387447,367,17,367_17,1
hsa-mir-513a-5p,miRNA,DABRAFENIB,DB08912,44462760,367,142,367_142,1
hsa-mir-513a-5p,miRNA,VEMURAFENIB,DB08881,42611257,367,148,367_148,1
hsa-mir-513a-5p,miRNA,ETOPOSIDE,DB00773,36462,367,68,367_68,1
hsa-mir-513a-5p,miRNA,TRAMETINIB,DB08911,11707110,367,101,367_101,1
hsa-mir-513a-5p,miRNA,TEMOZOLOMIDE,DB00853,5394,367,174,367_174,1
hsa-mir-513a-5p,miRNA,CISPLATIN,DB00515,5460033,367,103,367_103,1
hsa-mir-513b-5p,miRNA,VINORELBINE,DB00361,44424639,368,150,368_150,1
hsa-mir-513b-5p,miRNA,VEMURAFENIB,DB08881,42611257,368,148,368_148,1
hsa-mir-513b-5p,miRNA,TRAMETINIB,DB08911,11707110,368,101,368_101,1
hsa-mir-513b-5p,miRNA,CISPLATIN,DB00515,5460033,368,103,368_103,1
hsa-mir-513b-5p,miRNA,PLATINUM,DB12257,23939,368,188,368_188,1
hsa-mir-514a-3p,miRNA,TOPOTECAN,DB01030,60699,369,50,369_50,1
hsa-mir-514a-3p,miRNA,VERAPAMIL,DB00661,2520,369,21,369_21,1
hsa-mir-514a-3p,miRNA,DOXORUBICIN,DB00997,31703,369,89,369_89,1
hsa-mir-514a-3p,miRNA,VEMURAFENIB,DB08881,42611257,369,148,369_148,1
hsa-mir-514a-3p,miRNA,CISPLATIN,DB00515,5460033,369,103,369_103,1
hsa-mir-514a-3p,miRNA,PLATINUM,DB12257,23939,369,188,369_188,1
hsa-mir-515-3p,miRNA,PACLITAXEL,DB01229,36314,370,67,370_67,1
hsa-mir-515-3p,miRNA,OXALIPLATIN,DB00526,6857599,370,204,370_204,1
hsa-mir-515-5p,miRNA,CARBOPLATIN,DB00958,38904,371,90,371_90,1
hsa-mir-515-5p,miRNA,VINCRISTINE,DB00541,5978,371,177,371_177,1
hsa-mir-515-5p,miRNA,CISPLATIN,DB00515,5460033,371,103,371_103,1
hsa-mir-515-5p,miRNA,FLUOROURACIL,DB00544,3385,371,7,371_7,1
hsa-mir-516a-5p,miRNA,PLATINUM,DB12257,23939,373,188,373_188,1
hsa-mir-516a-5p,miRNA,TAMOXIFEN,DB00675,2733525,373,123,373_123,1
hsa-mir-516a-5p,miRNA,CISPLATIN,DB00515,5460033,373,103,373_103,1
hsa-mir-516b-5p,miRNA,CISPLATIN,DB00515,5460033,374,103,374_103,1
hsa-mir-516b-5p,miRNA,VEMURAFENIB,DB08881,42611257,374,148,374_148,1
hsa-mir-516b-5p,miRNA,DABRAFENIB,DB08912,44462760,374,142,374_142,1
hsa-mir-516b-5p,miRNA,TRAMETINIB,DB08911,11707110,374,101,374_101,1
hsa-mir-517a-3p,miRNA,DOXORUBICIN,DB00997,31703,375,89,375_89,1
hsa-mir-517a-3p,miRNA,VERAPAMIL,DB00661,2520,375,21,375_21,1
hsa-mir-517a-3p,miRNA,CISPLATIN,DB00515,5460033,375,103,375_103,1
hsa-mir-517a-3p,miRNA,VINORELBINE,DB00361,44424639,375,150,375_150,1
hsa-mir-517a-3p,miRNA,DABRAFENIB,DB08912,44462760,375,142,375_142,1
hsa-mir-517a-3p,miRNA,VEMURAFENIB,DB08881,42611257,375,148,375_148,1
hsa-mir-517a-3p,miRNA,GEMCITABINE,DB00441,60750,375,55,375_55,1
hsa-mir-517a-3p,miRNA,METHOTREXATE,DB00563,126941,375,81,375_81,1
hsa-mir-517b-3p,miRNA,DOXORUBICIN,DB00997,31703,376,89,376_89,1
hsa-mir-517b-3p,miRNA,VERAPAMIL,DB00661,2520,376,21,376_21,1
hsa-mir-517b-3p,miRNA,CISPLATIN,DB00515,5460033,376,103,376_103,1
hsa-mir-517b-3p,miRNA,VINORELBINE,DB00361,44424639,376,150,376_150,1
hsa-mir-517b-3p,miRNA,DABRAFENIB,DB08912,44462760,376,142,376_142,1
hsa-mir-517b-3p,miRNA,VEMURAFENIB,DB08881,42611257,376,148,376_148,1
hsa-mir-517b-3p,miRNA,PACLITAXEL,DB01229,36314,376,67,376_67,1
hsa-mir-517b-3p,miRNA,GEMCITABINE,DB00441,60750,376,55,376_55,1
hsa-mir-517c-3p,miRNA,VERAPAMIL,DB00661,2520,377,21,377_21,1
hsa-mir-517c-3p,miRNA,DOXORUBICIN,DB00997,31703,377,89,377_89,1
hsa-mir-517c-3p,miRNA,CISPLATIN,DB00515,5460033,377,103,377_103,1
hsa-mir-517c-3p,miRNA,VINORELBINE,DB00361,44424639,377,150,377_150,1
hsa-mir-517c-3p,miRNA,TAMOXIFEN,DB00675,2733525,377,123,377_123,1
hsa-mir-518b,miRNA,GEMCITABINE,DB00441,60750,378,55,378_55,1
hsa-mir-518b,miRNA,CISPLATIN,DB00515,5460033,378,103,378_103,1
hsa-mir-518b,miRNA,TAMOXIFEN,DB00675,2733525,378,123,378_123,1
hsa-mir-518b,miRNA,FLUOROURACIL,DB00544,3385,378,7,378_7,1
hsa-mir-518b,miRNA,VEMURAFENIB,DB08881,42611257,378,148,378_148,1
hsa-mir-518b,miRNA,TRAMETINIB,DB08911,11707110,378,101,378_101,1
hsa-mir-518c-3p,miRNA,CISPLATIN,DB00515,5460033,379,103,379_103,1
hsa-mir-518c-3p,miRNA,TAMOXIFEN,DB00675,2733525,379,123,379_123,1
hsa-mir-518d-3p,miRNA,CISPLATIN,DB00515,5460033,380,103,380_103,1
hsa-mir-518d-3p,miRNA,ETOPOSIDE,DB00773,36462,380,68,380_68,1
hsa-mir-518d-3p,miRNA,TRAMETINIB,DB08911,11707110,380,101,380_101,1
hsa-mir-518d-3p,miRNA,VEMURAFENIB,DB08881,42611257,380,148,380_148,1
hsa-mir-518e-3p,miRNA,CISPLATIN,DB00515,5460033,381,103,381_103,1
hsa-mir-518e-3p,miRNA,TRAMETINIB,DB08911,11707110,381,101,381_101,1
hsa-mir-518e-3p,miRNA,VEMURAFENIB,DB08881,42611257,381,148,381_148,1
hsa-mir-518f-3p,miRNA,CISPLATIN,DB00515,5460033,382,103,382_103,1
hsa-mir-518f-3p,miRNA,ETOPOSIDE,DB00773,36462,382,68,382_68,1
hsa-mir-518f-3p,miRNA,VINORELBINE,DB00361,44424639,382,150,382_150,1
hsa-mir-518f-3p,miRNA,TAMOXIFEN,DB00675,2733525,382,123,382_123,1
hsa-mir-518f-3p,miRNA,GEMCITABINE,DB00441,60750,382,55,382_55,1
hsa-mir-518f-3p,miRNA,ANTHRACYCLINE,DB00694,30323,382,88,382_88,1
hsa-mir-518f-3p,miRNA,FLUOROURACIL,DB00544,3385,382,7,382_7,1
hsa-mir-518f-3p,miRNA,CYCLOPHOSPHAMIDE,DB00531,2907,382,16,382_16,1
hsa-mir-518f-3p,miRNA,METHOTREXATE,DB00563,126941,382,81,382_81,1
hsa-mir-518f-3p,miRNA,TAXOL,DB01229,36314,382,67,382_67,1
hsa-mir-519b-3p,miRNA,DOXORUBICIN,DB00997,31703,383,89,383_89,1
hsa-mir-519b-3p,miRNA,VERAPAMIL,DB00661,2520,383,21,383_21,1
hsa-mir-519b-3p,miRNA,CISPLATIN,DB00515,5460033,383,103,383_103,1
hsa-mir-519b-3p,miRNA,VINORELBINE,DB00361,44424639,383,150,383_150,1
hsa-mir-519b-3p,miRNA,TRAMETINIB,DB08911,11707110,383,101,383_101,1
hsa-mir-519b-3p,miRNA,VEMURAFENIB,DB08881,42611257,383,148,383_148,1
hsa-mir-519c-3p,miRNA,MITOXANTRONE,DB01204,4212,384,22,384_22,1
hsa-mir-519c-3p,miRNA,CISPLATIN,DB00515,5460033,384,103,384_103,1
hsa-mir-519c-3p,miRNA,VINORELBINE,DB00361,44424639,384,150,384_150,1
hsa-mir-519c-3p,miRNA,TAMOXIFEN,DB00675,2733525,384,123,384_123,1
hsa-mir-519c-3p,miRNA,GEMCITABINE,DB00441,60750,384,55,384_55,1
hsa-mir-519d-3p,miRNA,CISPLATIN,DB00515,5460033,385,103,385_103,1
hsa-mir-519d-3p,miRNA,TAMOXIFEN,DB00675,2733525,385,123,385_123,1
hsa-mir-519d-3p,miRNA,GEMCITABINE,DB00441,60750,385,55,385_55,1
hsa-mir-519d-3p,miRNA,IMATINIB,DB00619,5291,385,41,385_41,1
hsa-mir-519d-3p,miRNA,FLUOROURACIL,DB00544,3385,385,7,385_7,1
hsa-mir-519d-3p,miRNA,CARBOPLATIN,DB00958,38904,385,90,385_90,1
hsa-mir-519e-3p,miRNA,TAMOXIFEN,DB00675,2733525,386,123,386_123,1
hsa-mir-519e-3p,miRNA,TRAMETINIB,DB08911,11707110,386,101,386_101,1
hsa-mir-519e-3p,miRNA,VEMURAFENIB,DB08881,42611257,386,148,386_148,1
hsa-mir-520a-3p,miRNA,DOXORUBICIN,DB00997,31703,387,89,387_89,1
hsa-mir-520a-3p,miRNA,VERAPAMIL,DB00661,2520,387,21,387_21,1
hsa-mir-520a-3p,miRNA,CISPLATIN,DB00515,5460033,387,103,387_103,1
hsa-mir-520a-3p,miRNA,FLUOROURACIL,DB00544,3385,387,7,387_7,1
hsa-mir-520a-3p,miRNA,CAPSAICIN,DB06774,1548943,387,30,387_30,1
hsa-mir-520a-3p,miRNA,GEFITINIB,DB00317,123631,387,84,387_84,1
hsa-mir-520a-3p,miRNA,SUNITINIB,DB01268,5329102,387,94,387_94,1
hsa-mir-520a-3p,miRNA,TRAMETINIB,DB08911,11707110,387,101,387_101,1
hsa-mir-520a-3p,miRNA,VEMURAFENIB,DB08881,42611257,387,148,387_148,1
hsa-mir-520a-3p,miRNA,OSIMERTINIB,DB09330,71496458,387,161,387_161,1
hsa-mir-520a-5p,miRNA,IMATINIB,DB00619,5291,388,41,388_41,1
hsa-mir-520a-5p,miRNA,VEMURAFENIB,DB08881,42611257,388,148,388_148,1
hsa-mir-520b-3p,miRNA,VERAPAMIL,DB00661,2520,389,21,389_21,1
hsa-mir-520b-3p,miRNA,DOXORUBICIN,DB00997,31703,389,89,389_89,1
hsa-mir-520b-3p,miRNA,CISPLATIN,DB00515,5460033,389,103,389_103,1
hsa-mir-520b-3p,miRNA,TAMOXIFEN,DB00675,2733525,389,123,389_123,1
hsa-mir-520b-3p,miRNA,AXITINIB,DB06626,6450551,389,98,389_98,1
hsa-mir-520b-3p,miRNA,SUNITINIB,DB01268,5329102,389,94,389_94,1
hsa-mir-520b-3p,miRNA,FLUOROURACIL,DB00544,3385,389,7,389_7,1
hsa-mir-520b-3p,miRNA,PACLITAXEL,DB01229,36314,389,67,389_67,1
hsa-mir-520c-3p,miRNA,DOXORUBICIN,DB00997,31703,390,89,390_89,1
hsa-mir-520c-3p,miRNA,VERAPAMIL,DB00661,2520,390,21,390_21,1
hsa-mir-520c-3p,miRNA,CISPLATIN,DB00515,5460033,390,103,390_103,1
hsa-mir-520c-3p,miRNA,SUNITINIB,DB01268,5329102,390,94,390_94,1
hsa-mir-520d-3p,miRNA,DOXORUBICIN,DB00997,31703,391,89,391_89,1
hsa-mir-520d-3p,miRNA,VERAPAMIL,DB00661,2520,391,21,391_21,1
hsa-mir-520d-3p,miRNA,FLUOROURACIL,DB00544,3385,391,7,391_7,1
hsa-mir-520d-3p,miRNA,SUNITINIB,DB01268,5329102,391,94,391_94,1
hsa-mir-520d-5p,miRNA,CISPLATIN,DB00515,5460033,392,103,392_103,1
hsa-mir-520d-5p,miRNA,FLUOROURACIL,DB00544,3385,392,7,392_7,1
hsa-mir-520e-3p,miRNA,CISPLATIN,DB00515,5460033,393,103,393_103,1
hsa-mir-520e-3p,miRNA,IMATINIB,DB00619,5291,393,41,393_41,1
hsa-mir-520e-3p,miRNA,SUNITINIB,DB01268,5329102,393,94,393_94,1
hsa-mir-520e-3p,miRNA,VEMURAFENIB,DB08881,42611257,393,148,393_148,1
hsa-mir-520e-3p,miRNA,TRAMETINIB,DB08911,11707110,393,101,393_101,1
hsa-mir-520f-3p,miRNA,CISPLATIN,DB00515,5460033,394,103,394_103,1
hsa-mir-520f-3p,miRNA,DOXORUBICIN,DB00997,31703,394,89,394_89,1
hsa-mir-520g-3p,miRNA,DOXORUBICIN,DB00997,31703,395,89,395_89,1
hsa-mir-520g-3p,miRNA,VERAPAMIL,DB00661,2520,395,21,395_21,1
hsa-mir-520g-3p,miRNA,CISPLATIN,DB00515,5460033,395,103,395_103,1
hsa-mir-520g-3p,miRNA,PACLITAXEL,DB01229,36314,395,67,395_67,1
hsa-mir-520g-3p,miRNA,TRAMETINIB,DB08911,11707110,395,101,395_101,1
hsa-mir-520g-3p,miRNA,VEMURAFENIB,DB08881,42611257,395,148,395_148,1
hsa-mir-520g-3p,miRNA,BORTEZOMIB,DB00188,387447,395,17,395_17,1
hsa-mir-521,miRNA,CISPLATIN,DB00515,5460033,396,103,396_103,1
hsa-mir-521,miRNA,TAMOXIFEN,DB00675,2733525,396,123,396_123,1
hsa-mir-522-3p,miRNA,CISPLATIN,DB00515,5460033,397,103,397_103,1
hsa-mir-522-3p,miRNA,TAMOXIFEN,DB00675,2733525,397,123,397_123,1
hsa-mir-522-3p,miRNA,DOXORUBICIN,DB00997,31703,397,89,397_89,1
hsa-mir-522-3p,miRNA,CERITINIB,DB09063,57379345,397,160,397_160,1
hsa-mir-522-3p,miRNA,PACLITAXEL,DB01229,36314,397,67,397_67,1
hsa-mir-522-3p,miRNA,MITOXANTRONE,DB01204,4212,397,22,397_22,1
hsa-mir-523-3p,miRNA,CISPLATIN,DB00515,5460033,398,103,398_103,1
hsa-mir-523-3p,miRNA,ETOPOSIDE,DB00773,36462,398,68,398_68,1
hsa-mir-523-3p,miRNA,DOXORUBICIN,DB00997,31703,398,89,398_89,1
hsa-mir-523-3p,miRNA,DAUNORUBICIN,DB00694,30323,398,88,398_88,1
hsa-mir-524-3p,miRNA,CISPLATIN,DB00515,5460033,399,103,399_103,1
hsa-mir-524-3p,miRNA,TEMOZOLOMIDE,DB00853,5394,399,174,399_174,1
hsa-mir-525-5p,miRNA,CISPLATIN,DB00515,5460033,401,103,401_103,1
hsa-mir-525-5p,miRNA,DABRAFENIB,DB08912,44462760,401,142,401_142,1
hsa-mir-525-5p,miRNA,VEMURAFENIB,DB08881,42611257,401,148,401_148,1
hsa-mir-525-5p,miRNA,IMATINIB,DB00619,5291,401,41,401_41,1
hsa-mir-525-5p,miRNA,GEMCITABINE,DB00441,60750,401,55,401_55,1
hsa-mir-526a-5p,miRNA,DOXORUBICIN,DB00997,31703,402,89,402_89,1
hsa-mir-526b-5p,miRNA,CISPLATIN,DB00515,5460033,403,103,403_103,1
hsa-mir-526b-5p,miRNA,DABRAFENIB,DB08912,44462760,403,142,403_142,1
hsa-mir-526b-5p,miRNA,VEMURAFENIB,DB08881,42611257,403,148,403_148,1
hsa-mir-526b-5p,miRNA,PACLITAXEL,DB01229,36314,403,67,403_67,1
hsa-mir-532-3p,miRNA,PLATINUM,DB12257,23939,404,188,404_188,1
hsa-mir-532-3p,miRNA,IMATINIB,DB00619,5291,404,41,404_41,1
hsa-mir-532-3p,miRNA,CISPLATIN,DB00515,5460033,404,103,404_103,1
hsa-mir-532-3p,miRNA,GEMCITABINE,DB00441,60750,404,55,404_55,1
hsa-mir-532-3p,miRNA,FLUOROURACIL,DB00544,3385,404,7,404_7,1
hsa-mir-532-5p,miRNA,DOXORUBICIN,DB00997,31703,631,89,631_89,1
hsa-mir-532-5p,miRNA,VERAPAMIL,DB00661,2520,631,21,631_21,1
hsa-mir-532-5p,miRNA,DOCETAXEL,DB01248,148124,631,3,631_3,1
hsa-mir-532-5p,miRNA,CISPLATIN,DB00515,5460033,631,103,631_103,1
hsa-mir-532-5p,miRNA,FLUOROURACIL,DB00544,3385,631,7,631_7,1
hsa-mir-532-5p,miRNA,VINCRISTINE,DB00541,5978,631,177,631_177,1
hsa-mir-532-5p,miRNA,GEMCITABINE,DB00441,60750,631,55,631_55,1
hsa-mir-532-5p,miRNA,IMATINIB,DB00619,5291,631,41,631_41,1
hsa-mir-532-5p,miRNA,DEXAMETHASONE,DB01234,5743,631,43,631_43,1
hsa-mir-532-5p,miRNA,PLATINUM,DB12257,23939,631,188,631_188,1
hsa-mir-539-5p,miRNA,VERAPAMIL,DB00661,2520,405,21,405_21,1
hsa-mir-539-5p,miRNA,DOXORUBICIN,DB00997,31703,405,89,405_89,1
hsa-mir-539-5p,miRNA,CISPLATIN,DB00515,5460033,405,103,405_103,1
hsa-mir-539-5p,miRNA,VEMURAFENIB,DB08881,42611257,405,148,405_148,1
hsa-mir-539-5p,miRNA,TRAMETINIB,DB08911,11707110,405,101,405_101,1
hsa-mir-541-3p,miRNA,OXALIPLATIN,DB00526,6857599,406,204,406_204,1
hsa-mir-541-3p,miRNA,SORAFENIB,DB00398,216239,406,74,406_74,1
hsa-mir-542-3p,miRNA,GEMCITABINE,DB00441,60750,407,55,407_55,1
hsa-mir-542-3p,miRNA,TAMOXIFEN,DB00675,2733525,407,123,407_123,1
hsa-mir-542-3p,miRNA,CISPLATIN,DB00515,5460033,407,103,407_103,1
hsa-mir-542-3p,miRNA,PACLITAXEL,DB01229,36314,407,67,407_67,1
hsa-mir-542-3p,miRNA,CERITINIB,DB09063,57379345,407,160,407_160,1
hsa-mir-542-3p,miRNA,PLATINUM,DB12257,23939,407,188,407_188,1
hsa-mir-542-3p,miRNA,DOCETAXEL,DB01248,148124,407,3,407_3,1
hsa-mir-542-3p,miRNA,DOXORUBICIN,DB00997,31703,407,89,407_89,1
hsa-mir-542-3p,miRNA,ETOPOSIDE,DB00773,36462,407,68,407_68,1
hsa-mir-542-3p,miRNA,VINCRISTINE,DB00541,5978,407,177,407_177,1
hsa-mir-542-3p,miRNA,VINORELBINE,DB00361,44424639,407,150,407_150,1
hsa-mir-542-5p,miRNA,TAXANE,,9548828,408,124,408_124,1
hsa-mir-542-5p,miRNA,PLATINUM,DB12257,23939,408,188,408_188,1
hsa-mir-542-5p,miRNA,CISPLATIN,DB00515,5460033,408,103,408_103,1
hsa-mir-542-5p,miRNA,TAMOXIFEN,DB00675,2733525,408,123,408_123,1
hsa-mir-542-5p,miRNA,DABRAFENIB,DB08912,44462760,408,142,408_142,1
hsa-mir-542-5p,miRNA,VEMURAFENIB,DB08881,42611257,408,148,408_148,1
hsa-mir-542-5p,miRNA,CERITINIB,DB09063,57379345,408,160,408_160,1
hsa-mir-542-5p,miRNA,IMATINIB,DB00619,5291,408,41,408_41,1
hsa-mir-542-5p,miRNA,VINORELBINE,DB00361,44424639,408,150,408_150,1
hsa-mir-542-5p,miRNA,DOXORUBICIN,DB00997,31703,408,89,408_89,1
hsa-mir-542-5p,miRNA,ETOPOSIDE,DB00773,36462,408,68,408_68,1
hsa-mir-542-5p,miRNA,VINCRISTINE,DB00541,5978,408,177,408_177,1
hsa-mir-542-5p,miRNA,PACLITAXEL,DB01229,36314,408,67,408_67,1
hsa-mir-543,miRNA,PLX-4720,DB06999,24180719,409,146,409_146,1
hsa-mir-543,miRNA,CERITINIB,DB09063,57379345,409,160,409_160,1
hsa-mir-543,miRNA,FLUOROURACIL,DB00544,3385,409,7,409_7,1
hsa-mir-543,miRNA,OXALIPLATIN,DB00526,6857599,409,204,409_204,1
hsa-mir-543,miRNA,RUXOLITINIB,DB08877,25126798,409,144,409_144,1
hsa-mir-543,miRNA,CISPLATIN,DB00515,5460033,409,103,409_103,1
hsa-mir-544a,miRNA,CISPLATIN,DB00515,5460033,410,103,410_103,1
hsa-mir-545-3p,miRNA,DOXORUBICIN,DB00997,31703,411,89,411_89,1
hsa-mir-545-3p,miRNA,VERAPAMIL,DB00661,2520,411,21,411_21,1
hsa-mir-545-3p,miRNA,CISPLATIN,DB00515,5460033,411,103,411_103,1
hsa-mir-545-3p,miRNA,SUNITINIB,DB01268,5329102,411,94,411_94,1
hsa-mir-545-3p,miRNA,GEMCITABINE,DB00441,60750,411,55,411_55,1
hsa-mir-545-3p,miRNA,IMATINIB,DB00619,5291,411,41,411_41,1
hsa-mir-548a-3p,miRNA,DOXORUBICIN,DB00997,31703,412,89,412_89,1
hsa-mir-548a-3p,miRNA,VERAPAMIL,DB00661,2520,412,21,412_21,1
hsa-mir-548a-3p,miRNA,SORAFENIB,DB00398,216239,412,74,412_74,1
hsa-mir-548a-3p,miRNA,CISPLATIN,DB00515,5460033,412,103,412_103,1
hsa-mir-548b-3p,miRNA,GEFITINIB,DB00317,123631,414,84,414_84,1
hsa-mir-548b-3p,miRNA,GEMCITABINE,DB00441,60750,414,55,414_55,1
hsa-mir-548b-5p,miRNA,SORAFENIB,DB00398,216239,415,74,415_74,1
hsa-mir-548b-5p,miRNA,IMATINIB,DB00619,5291,415,41,415_41,1
hsa-mir-548c-5p,miRNA,IMATINIB,DB00619,5291,416,41,416_41,1
hsa-mir-548d-3p,miRNA,ETOPOSIDE,DB00773,36462,417,68,417_68,1
hsa-mir-548d-3p,miRNA,TEMOZOLOMIDE,DB00853,5394,417,174,417_174,1
hsa-mir-548d-3p,miRNA,JQ1,DB17021,46907787,417,211,417_211,1
hsa-mir-548d-5p,miRNA,SUNITINIB,DB01268,5329102,418,94,418_94,1
hsa-mir-548d-5p,miRNA,VINORELBINE,DB00361,44424639,418,150,418_150,1
hsa-mir-548d-5p,miRNA,DOXORUBICIN,DB00997,31703,418,89,418_89,1
hsa-mir-548d-5p,miRNA,PACLITAXEL,DB01229,36314,418,67,418_67,1
hsa-mir-548d-5p,miRNA,ETOPOSIDE,DB00773,36462,418,68,418_68,1
hsa-mir-548d-5p,miRNA,VINCRISTINE,DB00541,5978,418,177,418_177,1
hsa-mir-548e-3p,miRNA,DOXORUBICIN,DB00997,31703,419,89,419_89,1
hsa-mir-548e-3p,miRNA,IMATINIB,DB00619,5291,419,41,419_41,1
hsa-mir-548e-3p,miRNA,CISPLATIN,DB00515,5460033,419,103,419_103,1
hsa-mir-548f-3p,miRNA,CERITINIB,DB09063,57379345,420,160,420_160,1
hsa-mir-548f-3p,miRNA,VEMURAFENIB,DB08881,42611257,420,148,420_148,1
hsa-mir-548f-3p,miRNA,TRAMETINIB,DB08911,11707110,420,101,420_101,1
hsa-mir-548h-5p,miRNA,DOXORUBICIN,DB00997,31703,422,89,422_89,1
hsa-mir-548i,miRNA,TRAMETINIB,DB08911,11707110,423,101,423_101,1
hsa-mir-548i,miRNA,VEMURAFENIB,DB08881,42611257,423,148,423_148,1
hsa-mir-548j-5p,miRNA,DOXORUBICIN,DB00997,31703,424,89,424_89,1
hsa-mir-548k,miRNA,TAMOXIFEN,DB00675,2733525,425,123,425_123,1
hsa-mir-548l,miRNA,CERITINIB,DB09063,57379345,426,160,426_160,1
hsa-mir-548m,miRNA,OXALIPLATIN,DB00526,6857599,427,204,427_204,1
hsa-mir-548o-3p,miRNA,TRAMETINIB,DB08911,11707110,428,101,428_101,1
hsa-mir-548o-3p,miRNA,VEMURAFENIB,DB08881,42611257,428,148,428_148,1
hsa-mir-548q,miRNA,PLATINUM,DB12257,23939,614,188,614_188,1
hsa-mir-548q,miRNA,CISPLATIN,DB00515,5460033,614,103,614_103,1
hsa-mir-548q,miRNA,PONATINIB,DB08901,24826799,614,140,614_140,1
hsa-mir-548q,miRNA,IMATINIB,DB00619,5291,614,41,614_41,1
hsa-mir-548q,miRNA,FULVESTRANT,DB00947,17756771,614,134,614_134,1
hsa-mir-549a-3p,miRNA,TAMOXIFEN,DB00675,2733525,430,123,430_123,1
hsa-mir-549a-3p,miRNA,GEMCITABINE,DB00441,60750,430,55,430_55,1
hsa-mir-549a-3p,miRNA,DOCETAXEL,DB01248,148124,430,3,430_3,1
hsa-mir-549a-3p,miRNA,SORAFENIB,DB00398,216239,430,74,430_74,1
hsa-mir-550a-5p,miRNA,FLUOROURACIL,DB00544,3385,431,7,431_7,1
hsa-mir-550a-5p,miRNA,IMATINIB,DB00619,5291,431,41,431_41,1
hsa-mir-550a-5p,miRNA,TAMOXIFEN,DB00675,2733525,431,123,431_123,1
hsa-mir-550a-5p,miRNA,OXALIPLATIN,DB00526,6857599,431,204,431_204,1
hsa-mir-550a-5p,miRNA,CISPLATIN,DB00515,5460033,431,103,431_103,1
hsa-mir-551a,miRNA,DOXORUBICIN,DB00997,31703,432,89,432_89,1
hsa-mir-551a,miRNA,CERITINIB,DB09063,57379345,432,160,432_160,1
hsa-mir-551a,miRNA,FLUOROURACIL,DB00544,3385,432,7,432_7,1
hsa-mir-551a,miRNA,GEMCITABINE,DB00441,60750,432,55,432_55,1
hsa-mir-551b-3p,miRNA,SORAFENIB,DB00398,216239,433,74,433_74,1
hsa-mir-551b-3p,miRNA,DOXORUBICIN,DB00997,31703,433,89,433_89,1
hsa-mir-551b-3p,miRNA,CISPLATIN,DB00515,5460033,433,103,433_103,1
hsa-mir-551b-3p,miRNA,TAMOXIFEN,DB00675,2733525,433,123,433_123,1
hsa-mir-551b-3p,miRNA,CERITINIB,DB09063,57379345,433,160,433_160,1
hsa-mir-551b-3p,miRNA,TRAMETINIB,DB08911,11707110,433,101,433_101,1
hsa-mir-551b-3p,miRNA,VEMURAFENIB,DB08881,42611257,433,148,433_148,1
hsa-mir-551b-3p,miRNA,CYCLOPHOSPHAMIDE,DB00531,2907,433,16,433_16,1
hsa-mir-551b-3p,miRNA,GEMCITABINE,DB00441,60750,433,55,433_55,1
hsa-mir-551b-3p,miRNA,DEXAMETHASONE,DB01234,5743,433,43,433_43,1
hsa-mir-551b-3p,miRNA,PACLITAXEL,DB01229,36314,433,67,433_67,1
hsa-mir-553,miRNA,CISPLATIN,DB00515,5460033,434,103,434_103,1
hsa-mir-553,miRNA,DOXORUBICIN,DB00997,31703,434,89,434_89,1
hsa-mir-553,miRNA,VEMURAFENIB,DB08881,42611257,434,148,434_148,1
hsa-mir-554,miRNA,DOXORUBICIN,DB00997,31703,435,89,435_89,1
hsa-mir-554,miRNA,VEMURAFENIB,DB08881,42611257,435,148,435_148,1
hsa-mir-554,miRNA,DABRAFENIB,DB08912,44462760,435,142,435_142,1
hsa-mir-554,miRNA,TRAMETINIB,DB08911,11707110,435,101,435_101,1
hsa-mir-554,miRNA,CISPLATIN,DB00515,5460033,435,103,435_103,1
hsa-mir-555,miRNA,DOXORUBICIN,DB00997,31703,436,89,436_89,1
hsa-mir-555,miRNA,VERAPAMIL,DB00661,2520,436,21,436_21,1
hsa-mir-556-3p,miRNA,CERITINIB,DB09063,57379345,437,160,437_160,1
hsa-mir-556-3p,miRNA,TRAMETINIB,DB08911,11707110,437,101,437_101,1
hsa-mir-556-3p,miRNA,VEMURAFENIB,DB08881,42611257,437,148,437_148,1
hsa-mir-556-5p,miRNA,DOXORUBICIN,DB00997,31703,438,89,438_89,1
hsa-mir-556-5p,miRNA,CERITINIB,DB09063,57379345,438,160,438_160,1
hsa-mir-556-5p,miRNA,CISPLATIN,DB00515,5460033,438,103,438_103,1
hsa-mir-556-5p,miRNA,FLUOROURACIL,DB00544,3385,438,7,438_7,1
hsa-mir-556-5p,miRNA,PACLITAXEL,DB01229,36314,438,67,438_67,1
hsa-mir-557,miRNA,DOXORUBICIN,DB00997,31703,439,89,439_89,1
hsa-mir-557,miRNA,OXALIPLATIN,DB00526,6857599,439,204,439_204,1
hsa-mir-557,miRNA,FLUOROURACIL,DB00544,3385,439,7,439_7,1
hsa-mir-557,miRNA,GEMCITABINE,DB00441,60750,439,55,439_55,1
hsa-mir-557,miRNA,PLATINUM,DB12257,23939,439,188,439_188,1
hsa-mir-557,miRNA,IMATINIB,DB00619,5291,439,41,439_41,1
hsa-mir-558,miRNA,OXALIPLATIN,DB00526,6857599,440,204,440_204,1
hsa-mir-558,miRNA,METHOTREXATE,DB00563,126941,440,81,440_81,1
hsa-mir-559,miRNA,GEFITINIB,DB00317,123631,441,84,441_84,1
hsa-mir-561-3p,miRNA,OXALIPLATIN,DB00526,6857599,442,204,442_204,1
hsa-mir-561-3p,miRNA,TRAMETINIB,DB08911,11707110,442,101,442_101,1
hsa-mir-561-3p,miRNA,VEMURAFENIB,DB08881,42611257,442,148,442_148,1
hsa-mir-562,miRNA,CISPLATIN,DB00515,5460033,443,103,443_103,1
hsa-mir-562,miRNA,FLUOROURACIL,DB00544,3385,443,7,443_7,1
hsa-mir-563,miRNA,DOXORUBICIN,DB00997,31703,444,89,444_89,1
hsa-mir-563,miRNA,VERAPAMIL,DB00661,2520,444,21,444_21,1
hsa-mir-563,miRNA,CISPLATIN,DB00515,5460033,444,103,444_103,1
hsa-mir-563,miRNA,FLUOROURACIL,DB00544,3385,444,7,444_7,1
hsa-mir-564,miRNA,SUNITINIB,DB01268,5329102,445,94,445_94,1
hsa-mir-564,miRNA,CISPLATIN,DB00515,5460033,445,103,445_103,1
hsa-mir-564,miRNA,FLUOROURACIL,DB00544,3385,445,7,445_7,1
hsa-mir-564,miRNA,PACLITAXEL,DB01229,36314,445,67,445_67,1
hsa-mir-564,miRNA,GEFITINIB,DB00317,123631,445,84,445_84,1
hsa-mir-567,miRNA,FLUOROURACIL,DB00544,3385,446,7,446_7,1
hsa-mir-567,miRNA,OXALIPLATIN,DB00526,6857599,446,204,446_204,1
hsa-mir-568,miRNA,DOXORUBICIN,DB00997,31703,447,89,447_89,1
hsa-mir-568,miRNA,VERAPAMIL,DB00661,2520,447,21,447_21,1
hsa-mir-568,miRNA,CISPLATIN,DB00515,5460033,447,103,447_103,1
hsa-mir-568,miRNA,FLUOROURACIL,DB00544,3385,447,7,447_7,1
hsa-mir-569,miRNA,DOXORUBICIN,DB00997,31703,448,89,448_89,1
hsa-mir-569,miRNA,VERAPAMIL,DB00661,2520,448,21,448_21,1
hsa-mir-569,miRNA,TRAMETINIB,DB08911,11707110,448,101,448_101,1
hsa-mir-569,miRNA,VEMURAFENIB,DB08881,42611257,448,148,448_148,1
hsa-mir-570-3p,miRNA,SORAFENIB,DB00398,216239,449,74,449_74,1
hsa-mir-570-3p,miRNA,DOXORUBICIN,DB00997,31703,449,89,449_89,1
hsa-mir-571,miRNA,DOXORUBICIN,DB00997,31703,450,89,450_89,1
hsa-mir-571,miRNA,VERAPAMIL,DB00661,2520,450,21,450_21,1
hsa-mir-572,miRNA,OXALIPLATIN,DB00526,6857599,451,204,451_204,1
hsa-mir-572,miRNA,GEFITINIB,DB00317,123631,451,84,451_84,1
hsa-mir-572,miRNA,PLATINUM,DB12257,23939,451,188,451_188,1
hsa-mir-572,miRNA,VEMURAFENIB,DB08881,42611257,451,148,451_148,1
hsa-mir-572,miRNA,DABRAFENIB,DB08912,44462760,451,142,451_142,1
hsa-mir-572,miRNA,PACLITAXEL,DB01229,36314,451,67,451_67,1
hsa-mir-572,miRNA,FULVESTRANT,DB00947,17756771,451,134,451_134,1
hsa-mir-572,miRNA,DOCETAXEL,DB01248,148124,451,3,451_3,1
hsa-mir-573,miRNA,VEMURAFENIB,DB08881,42611257,452,148,452_148,1
hsa-mir-573,miRNA,TRAMETINIB,DB08911,11707110,452,101,452_101,1
hsa-mir-573,miRNA,TEMOZOLOMIDE,DB00853,5394,452,174,452_174,1
hsa-mir-574-3p,miRNA,DOXORUBICIN,DB00997,31703,453,89,453_89,1
hsa-mir-574-3p,miRNA,CISPLATIN,DB00515,5460033,453,103,453_103,1
hsa-mir-574-3p,miRNA,IMATINIB,DB00619,5291,453,41,453_41,1
hsa-mir-574-3p,miRNA,TAMOXIFEN,DB00675,2733525,453,123,453_123,1
hsa-mir-574-3p,miRNA,PLATINUM,DB12257,23939,453,188,453_188,1
hsa-mir-574-3p,miRNA,DOCETAXEL,DB01248,148124,453,3,453_3,1
hsa-mir-574-3p,miRNA,EPIRUBICIN,DB00445,41867,453,73,453_73,1
hsa-mir-574-3p,miRNA,GEMCITABINE,DB00441,60750,453,55,453_55,1
hsa-mir-574-3p,miRNA,FLUOROURACIL,DB00544,3385,453,7,453_7,1
hsa-mir-574-3p,miRNA,SORAFENIB,DB00398,216239,453,74,453_74,1
hsa-mir-574-3p,miRNA,PACLITAXEL,DB01229,36314,453,67,453_67,1
hsa-mir-574-5p,miRNA,CISPLATIN,DB00515,5460033,454,103,454_103,1
hsa-mir-574-5p,miRNA,PLATINUM,DB12257,23939,454,188,454_188,1
hsa-mir-574-5p,miRNA,MITOXANTRONE,DB01204,4212,454,22,454_22,1
hsa-mir-574-5p,miRNA,DOXORUBICIN,DB00997,31703,454,89,454_89,1
hsa-mir-574-5p,miRNA,GEMCITABINE,DB00441,60750,454,55,454_55,1
hsa-mir-574-5p,miRNA,PACLITAXEL,DB01229,36314,454,67,454_67,1
hsa-mir-576-3p,miRNA,CISPLATIN,DB00515,5460033,455,103,455_103,1
hsa-mir-576-3p,miRNA,GEMCITABINE,DB00441,60750,455,55,455_55,1
hsa-mir-576-5p,miRNA,VERAPAMIL,DB00661,2520,456,21,456_21,1
hsa-mir-576-5p,miRNA,DOXORUBICIN,DB00997,31703,456,89,456_89,1
hsa-mir-576-5p,miRNA,CISPLATIN,DB00515,5460033,456,103,456_103,1
hsa-mir-576-5p,miRNA,OXALIPLATIN,DB00526,6857599,456,204,456_204,1
hsa-mir-576-5p,miRNA,GEMCITABINE,DB00441,60750,456,55,456_55,1
hsa-mir-576-5p,miRNA,TRAMETINIB,DB08911,11707110,456,101,456_101,1
hsa-mir-576-5p,miRNA,VEMURAFENIB,DB08881,42611257,456,148,456_148,1
hsa-mir-576-5p,miRNA,DABRAFENIB,DB08912,44462760,456,142,456_142,1
hsa-mir-577,miRNA,DOXORUBICIN,DB00997,31703,457,89,457_89,1
hsa-mir-577,miRNA,FLUOROURACIL,DB00544,3385,457,7,457_7,1
hsa-mir-577,miRNA,VINORELBINE,DB00361,44424639,457,150,457_150,1
hsa-mir-577,miRNA,PACLITAXEL,DB01229,36314,457,67,457_67,1
hsa-mir-577,miRNA,ETOPOSIDE,DB00773,36462,457,68,457_68,1
hsa-mir-577,miRNA,VINCRISTINE,DB00541,5978,457,177,457_177,1
hsa-mir-578,miRNA,DOXORUBICIN,DB00997,31703,458,89,458_89,1
hsa-mir-578,miRNA,VERAPAMIL,DB00661,2520,458,21,458_21,1
hsa-mir-579-3p,miRNA,GEMCITABINE,DB00441,60750,459,55,459_55,1
hsa-mir-579-3p,miRNA,VEMURAFENIB,DB08881,42611257,459,148,459_148,1
hsa-mir-579-3p,miRNA,CISPLATIN,DB00515,5460033,459,103,459_103,1
hsa-mir-579-3p,miRNA,FLUOROURACIL,DB00544,3385,459,7,459_7,1
hsa-mir-579-3p,miRNA,PACLITAXEL,DB01229,36314,459,67,459_67,1
hsa-mir-580-3p,miRNA,TAMOXIFEN,DB00675,2733525,460,123,460_123,1
hsa-mir-580-3p,miRNA,SUNITINIB,DB01268,5329102,460,94,460_94,1
hsa-mir-580-3p,miRNA,TRAMETINIB,DB08911,11707110,460,101,460_101,1
hsa-mir-580-3p,miRNA,VEMURAFENIB,DB08881,42611257,460,148,460_148,1
hsa-mir-581,miRNA,OXALIPLATIN,DB00526,6857599,461,204,461_204,1
hsa-mir-581,miRNA,CERITINIB,DB09063,57379345,461,160,461_160,1
hsa-mir-581,miRNA,TRAMETINIB,DB08911,11707110,461,101,461_101,1
hsa-mir-581,miRNA,VEMURAFENIB,DB08881,42611257,461,148,461_148,1
hsa-mir-582-3p,miRNA,FULVESTRANT,DB00947,17756771,462,134,462_134,1
hsa-mir-582-3p,miRNA,CERITINIB,DB09063,57379345,462,160,462_160,1
hsa-mir-582-3p,miRNA,BROMOCRIPTINE,DB01200,31101,462,86,462_86,1
hsa-mir-582-3p,miRNA,DOCETAXEL,DB01248,148124,462,3,462_3,1
hsa-mir-582-5p,miRNA,DOXORUBICIN,DB00997,31703,463,89,463_89,1
hsa-mir-582-5p,miRNA,VERAPAMIL,DB00661,2520,463,21,463_21,1
hsa-mir-582-5p,miRNA,NAVITOCLAX,DB12340,24978538,463,209,463_209,1
hsa-mir-582-5p,miRNA,CISPLATIN,DB00515,5460033,463,103,463_103,1
hsa-mir-582-5p,miRNA,SUNITINIB,DB01268,5329102,463,94,463_94,1
hsa-mir-582-5p,miRNA,VINORELBINE,DB00361,44424639,463,150,463_150,1
hsa-mir-582-5p,miRNA,VINCRISTINE,DB00541,5978,463,177,463_177,1
hsa-mir-582-5p,miRNA,SORAFENIB,DB00398,216239,463,74,463_74,1
hsa-mir-582-5p,miRNA,TAMOXIFEN,DB00675,2733525,463,123,463_123,1
hsa-mir-582-5p,miRNA,FULVESTRANT,DB00947,17756771,463,134,463_134,1
hsa-mir-582-5p,miRNA,CERITINIB,DB09063,57379345,463,160,463_160,1
hsa-mir-582-5p,miRNA,FLUOROURACIL,DB00544,3385,463,7,463_7,1
hsa-mir-582-5p,miRNA,TRAMETINIB,DB08911,11707110,463,101,463_101,1
hsa-mir-582-5p,miRNA,VEMURAFENIB,DB08881,42611257,463,148,463_148,1
hsa-mir-582-5p,miRNA,SIROLIMUS,DB00877,5284616,463,114,463_114,1
hsa-mir-582-5p,miRNA,BROMOCRIPTINE,DB01200,31101,463,86,463_86,1
hsa-mir-582-5p,miRNA,OXALIPLATIN,DB00526,6857599,463,204,463_204,1
hsa-mir-583,miRNA,CERITINIB,DB09063,57379345,464,160,464_160,1
hsa-mir-583,miRNA,IMATINIB,DB00619,5291,464,41,464_41,1
hsa-mir-583,miRNA,SUNITINIB,DB01268,5329102,464,94,464_94,1
hsa-mir-584-5p,miRNA,DOXORUBICIN,DB00997,31703,465,89,465_89,1
hsa-mir-584-5p,miRNA,CISPLATIN,DB00515,5460033,465,103,465_103,1
hsa-mir-584-5p,miRNA,TEMOZOLOMIDE,DB00853,5394,465,174,465_174,1
hsa-mir-584-5p,miRNA,CARBOPLATIN,DB00958,38904,465,90,465_90,1
hsa-mir-584-5p,miRNA,VINCRISTINE,DB00541,5978,465,177,465_177,1
hsa-mir-584-5p,miRNA,MITOMYCIN C,DB00305,5746,465,176,465_176,1
hsa-mir-584-5p,miRNA,OXALIPLATIN,DB00526,6857599,465,204,465_204,1
hsa-mir-584-5p,miRNA,GEMCITABINE,DB00441,60750,465,55,465_55,1
hsa-mir-584-5p,miRNA,FLUOROURACIL,DB00544,3385,465,7,465_7,1
hsa-mir-584-5p,miRNA,TAXANE,,9548828,465,124,465_124,1
hsa-mir-584-5p,miRNA,PLX-4720,DB06999,24180719,465,146,465_146,1
hsa-mir-584-5p,miRNA,MITOXANTRONE,DB01204,4212,465,22,465_22,1
hsa-mir-584-5p,miRNA,IMATINIB,DB00619,5291,465,41,465_41,1
hsa-mir-584-5p,miRNA,FULVESTRANT,DB00947,17756771,465,134,465_134,1
hsa-mir-584-5p,miRNA,CERITINIB,DB09063,57379345,465,160,465_160,1
hsa-mir-584-5p,miRNA,SUNITINIB,DB01268,5329102,465,94,465_94,1
hsa-mir-584-5p,miRNA,TRAMETINIB,DB08911,11707110,465,101,465_101,1
hsa-mir-584-5p,miRNA,VEMURAFENIB,DB08881,42611257,465,148,465_148,1
hsa-mir-584-5p,miRNA,PACLITAXEL,DB01229,36314,465,67,465_67,1
hsa-mir-584-5p,miRNA,DABRAFENIB,DB08912,44462760,465,142,465_142,1
hsa-mir-584-5p,miRNA,OSIMERTINIB,DB09330,71496458,465,161,465_161,1
hsa-mir-584-5p,miRNA,DOCETAXEL,DB01248,148124,465,3,465_3,1
hsa-mir-586,miRNA,CERITINIB,DB09063,57379345,466,160,466_160,1
hsa-mir-586,miRNA,DOXORUBICIN,DB00997,31703,466,89,466_89,1
hsa-mir-586,miRNA,VERAPAMIL,DB00661,2520,466,21,466_21,1
hsa-mir-586,miRNA,VINORELBINE,DB00361,44424639,466,150,466_150,1
hsa-mir-586,miRNA,CISPLATIN,DB00515,5460033,466,103,466_103,1
hsa-mir-586,miRNA,FLUOROURACIL,DB00544,3385,466,7,466_7,1
hsa-mir-586,miRNA,PACLITAXEL,DB01229,36314,466,67,466_67,1
hsa-mir-586,miRNA,DOCETAXEL,DB01248,148124,466,3,466_3,1
hsa-mir-586,miRNA,TIPIFARNIB,DB04960,159324,466,62,466_62,1
hsa-mir-587,miRNA,DOXORUBICIN,DB00997,31703,467,89,467_89,1
hsa-mir-587,miRNA,VERAPAMIL,DB00661,2520,467,21,467_21,1
hsa-mir-587,miRNA,OXALIPLATIN,DB00526,6857599,467,204,467_204,1
hsa-mir-587,miRNA,FLUOROURACIL,DB00544,3385,467,7,467_7,1
hsa-mir-588,miRNA,DOXORUBICIN,DB00997,31703,468,89,468_89,1
hsa-mir-588,miRNA,VERAPAMIL,DB00661,2520,468,21,468_21,1
hsa-mir-588,miRNA,CISPLATIN,DB00515,5460033,468,103,468_103,1
hsa-mir-589-5p,miRNA,DOXORUBICIN,DB00997,31703,469,89,469_89,1
hsa-mir-589-5p,miRNA,CERITINIB,DB09063,57379345,469,160,469_160,1
hsa-mir-589-5p,miRNA,SUNITINIB,DB01268,5329102,469,94,469_94,1
hsa-mir-589-5p,miRNA,FLUOROURACIL,DB00544,3385,469,7,469_7,1
hsa-mir-589-5p,miRNA,VINORELBINE,DB00361,44424639,469,150,469_150,1
hsa-mir-589-5p,miRNA,PACLITAXEL,DB01229,36314,469,67,469_67,1
hsa-mir-589-5p,miRNA,ETOPOSIDE,DB00773,36462,469,68,469_68,1
hsa-mir-589-5p,miRNA,VINCRISTINE,DB00541,5978,469,177,469_177,1
hsa-mir-590-3p,miRNA,CISPLATIN,DB00515,5460033,470,103,470_103,1
hsa-mir-590-3p,miRNA,GEMCITABINE,DB00441,60750,470,55,470_55,1
hsa-mir-590-3p,miRNA,DOXORUBICIN,DB00997,31703,470,89,470_89,1
hsa-mir-590-3p,miRNA,PACLITAXEL,DB01229,36314,470,67,470_67,1
hsa-mir-590-3p,miRNA,ETOPOSIDE,DB00773,36462,470,68,470_68,1
hsa-mir-590-3p,miRNA,VINORELBINE,DB00361,44424639,470,150,470_150,1
hsa-mir-590-3p,miRNA,VINCRISTINE,DB00541,5978,470,177,470_177,1
hsa-mir-590-5p,miRNA,DOXORUBICIN,DB00997,31703,471,89,471_89,1
hsa-mir-590-5p,miRNA,VERAPAMIL,DB00661,2520,471,21,471_21,1
hsa-mir-590-5p,miRNA,DOCETAXEL,DB01248,148124,471,3,471_3,1
hsa-mir-590-5p,miRNA,FLUOROURACIL,DB00544,3385,471,7,471_7,1
hsa-mir-590-5p,miRNA,GEMCITABINE,DB00441,60750,471,55,471_55,1
hsa-mir-590-5p,miRNA,CISPLATIN,DB00515,5460033,471,103,471_103,1
hsa-mir-590-5p,miRNA,TAXANE,,9548828,471,124,471_124,1
hsa-mir-590-5p,miRNA,PACLITAXEL,DB01229,36314,471,67,471_67,1
hsa-mir-590-5p,miRNA,DAUNORUBICIN,DB00694,30323,471,88,471_88,1
hsa-mir-590-5p,miRNA,ERLOTINIB,DB00530,176870,471,85,471_85,1
hsa-mir-590-5p,miRNA,VEMURAFENIB,DB08881,42611257,471,148,471_148,1
hsa-mir-590-5p,miRNA,VINORELBINE,DB00361,44424639,471,150,471_150,1
hsa-mir-590-5p,miRNA,ETOPOSIDE,DB00773,36462,471,68,471_68,1
hsa-mir-590-5p,miRNA,VINCRISTINE,DB00541,5978,471,177,471_177,1
hsa-mir-591,miRNA,DOXORUBICIN,DB00997,31703,472,89,472_89,1
hsa-mir-591,miRNA,VERAPAMIL,DB00661,2520,472,21,472_21,1
hsa-mir-591,miRNA,PACLITAXEL,DB01229,36314,472,67,472_67,1
hsa-mir-591,miRNA,OXALIPLATIN,DB00526,6857599,472,204,472_204,1
hsa-mir-591,miRNA,CISPLATIN,DB00515,5460033,472,103,472_103,1
hsa-mir-591,miRNA,SORAFENIB,DB00398,216239,472,74,472_74,1
hsa-mir-592,miRNA,VERAPAMIL,DB00661,2520,473,21,473_21,1
hsa-mir-592,miRNA,DOXORUBICIN,DB00997,31703,473,89,473_89,1
hsa-mir-592,miRNA,CARBOPLATIN,DB00958,38904,473,90,473_90,1
hsa-mir-592,miRNA,CISPLATIN,DB00515,5460033,473,103,473_103,1
hsa-mir-592,miRNA,FLUOROURACIL,DB00544,3385,473,7,473_7,1
hsa-mir-593-3p,miRNA,IMATINIB,DB00619,5291,474,41,474_41,1
hsa-mir-595,miRNA,OXALIPLATIN,DB00526,6857599,475,204,475_204,1
hsa-mir-595,miRNA,IMATINIB,DB00619,5291,475,41,475_41,1
hsa-mir-595,miRNA,CISPLATIN,DB00515,5460033,475,103,475_103,1
hsa-mir-595,miRNA,PACLITAXEL,DB01229,36314,475,67,475_67,1
hsa-mir-595,miRNA,METHOTREXATE,DB00563,126941,475,81,475_81,1
hsa-mir-595,miRNA,DOXORUBICIN,DB00997,31703,475,89,475_89,1
hsa-mir-596,miRNA,IMATINIB,DB00619,5291,476,41,476_41,1
hsa-mir-596,miRNA,VEMURAFENIB,DB08881,42611257,476,148,476_148,1
hsa-mir-596,miRNA,TRAMETINIB,DB08911,11707110,476,101,476_101,1
hsa-mir-596,miRNA,ANLOTINIB,DB11885,25017411,476,215,476_215,1
hsa-mir-597-5p,miRNA,GEMCITABINE,DB00441,60750,477,55,477_55,1
hsa-mir-597-5p,miRNA,CISPLATIN,DB00515,5460033,477,103,477_103,1
hsa-mir-597-5p,miRNA,DOXORUBICIN,DB00997,31703,477,89,477_89,1
hsa-mir-597-5p,miRNA,CERITINIB,DB09063,57379345,477,160,477_160,1
hsa-mir-597-5p,miRNA,SUNITINIB,DB01268,5329102,477,94,477_94,1
hsa-mir-598-3p,miRNA,OXALIPLATIN,DB00526,6857599,478,204,478_204,1
hsa-mir-598-3p,miRNA,DOCETAXEL,DB01248,148124,478,3,478_3,1
hsa-mir-598-3p,miRNA,CISPLATIN,DB00515,5460033,478,103,478_103,1
hsa-mir-598-3p,miRNA,TAMOXIFEN,DB00675,2733525,478,123,478_123,1
hsa-mir-598-3p,miRNA,TRAMETINIB,DB08911,11707110,478,101,478_101,1
hsa-mir-598-3p,miRNA,VEMURAFENIB,DB08881,42611257,478,148,478_148,1
hsa-mir-598-3p,miRNA,PACLITAXEL,DB01229,36314,478,67,478_67,1
hsa-mir-599,miRNA,GEFITINIB,DB00317,123631,479,84,479_84,1
hsa-mir-599,miRNA,TEMOZOLOMIDE,DB00853,5394,479,174,479_174,1
hsa-mir-601,miRNA,DOXORUBICIN,DB00997,31703,481,89,481_89,1
hsa-mir-601,miRNA,VERAPAMIL,DB00661,2520,481,21,481_21,1
hsa-mir-601,miRNA,CISPLATIN,DB00515,5460033,481,103,481_103,1
hsa-mir-601,miRNA,OXALIPLATIN,DB00526,6857599,481,204,481_204,1
hsa-mir-601,miRNA,PLATINUM,DB12257,23939,481,188,481_188,1
hsa-mir-601,miRNA,VEMURAFENIB,DB08881,42611257,481,148,481_148,1
hsa-mir-601,miRNA,DABRAFENIB,DB08912,44462760,481,142,481_142,1
hsa-mir-601,miRNA,TRAMETINIB,DB08911,11707110,481,101,481_101,1
hsa-mir-602,miRNA,GEMCITABINE,DB00441,60750,482,55,482_55,1
hsa-mir-602,miRNA,OXALIPLATIN,DB00526,6857599,482,204,482_204,1
hsa-mir-602,miRNA,DABRAFENIB,DB08912,44462760,482,142,482_142,1
hsa-mir-602,miRNA,VEMURAFENIB,DB08881,42611257,482,148,482_148,1
hsa-mir-602,miRNA,PACLITAXEL,DB01229,36314,482,67,482_67,1
hsa-mir-602,miRNA,FULVESTRANT,DB00947,17756771,482,134,482_134,1
hsa-mir-603,miRNA,CISPLATIN,DB00515,5460033,483,103,483_103,1
hsa-mir-603,miRNA,OXALIPLATIN,DB00526,6857599,483,204,483_204,1
hsa-mir-604,miRNA,IMATINIB,DB00619,5291,632,41,632_41,1
hsa-mir-604,miRNA,CISPLATIN,DB00515,5460033,632,103,632_103,1
hsa-mir-604,miRNA,FLUOROURACIL,DB00544,3385,632,7,632_7,1
hsa-mir-604,miRNA,TRAMETINIB,DB08911,11707110,632,101,632_101,1
hsa-mir-604,miRNA,VEMURAFENIB,DB08881,42611257,632,148,632_148,1
hsa-mir-605-5p,miRNA,VERAPAMIL,DB00661,2520,484,21,484_21,1
hsa-mir-605-5p,miRNA,DOXORUBICIN,DB00997,31703,484,89,484_89,1
hsa-mir-605-5p,miRNA,NAVITOCLAX,DB12340,24978538,484,209,484_209,1
hsa-mir-605-5p,miRNA,GEMCITABINE,DB00441,60750,484,55,484_55,1
hsa-mir-605-5p,miRNA,PACLITAXEL,DB01229,36314,484,67,484_67,1
hsa-mir-605-5p,miRNA,CISPLATIN,DB00515,5460033,484,103,484_103,1
hsa-mir-605-5p,miRNA,FLUOROURACIL,DB00544,3385,484,7,484_7,1
hsa-mir-606,miRNA,DOXORUBICIN,DB00997,31703,485,89,485_89,1
hsa-mir-606,miRNA,VERAPAMIL,DB00661,2520,485,21,485_21,1
hsa-mir-606,miRNA,PACLITAXEL,DB01229,36314,485,67,485_67,1
hsa-mir-608,miRNA,CISPLATIN,DB00515,5460033,487,103,487_103,1
hsa-mir-608,miRNA,IMATINIB,DB00619,5291,487,41,487_41,1
hsa-mir-608,miRNA,GEMCITABINE,DB00441,60750,487,55,487_55,1
hsa-mir-608,miRNA,DOXORUBICIN,DB00997,31703,487,89,487_89,1
hsa-mir-609,miRNA,OXALIPLATIN,DB00526,6857599,488,204,488_204,1
hsa-mir-609,miRNA,SORAFENIB,DB00398,216239,488,74,488_74,1
hsa-mir-610,miRNA,CISPLATIN,DB00515,5460033,489,103,489_103,1
hsa-mir-610,miRNA,PACLITAXEL,DB01229,36314,489,67,489_67,1
hsa-mir-610,miRNA,FLUOROURACIL,DB00544,3385,489,7,489_7,1
hsa-mir-611,miRNA,OXALIPLATIN,DB00526,6857599,490,204,490_204,1
hsa-mir-611,miRNA,TRAMETINIB,DB08911,11707110,490,101,490_101,1
hsa-mir-611,miRNA,VEMURAFENIB,DB08881,42611257,490,148,490_148,1
hsa-mir-612,miRNA,CARBOPLATIN,DB00958,38904,491,90,491_90,1
hsa-mir-612,miRNA,CISPLATIN,DB00515,5460033,491,103,491_103,1
hsa-mir-612,miRNA,DOXORUBICIN,DB00997,31703,491,89,491_89,1
hsa-mir-612,miRNA,MITOMYCIN C,DB00305,5746,491,176,491_176,1
hsa-mir-612,miRNA,VINCRISTINE,DB00541,5978,491,177,491_177,1
hsa-mir-612,miRNA,PACLITAXEL,DB01229,36314,491,67,491_67,1
hsa-mir-612,miRNA,DABRAFENIB,DB08912,44462760,491,142,491_142,1
hsa-mir-613,miRNA,VERAPAMIL,DB00661,2520,492,21,492_21,1
hsa-mir-613,miRNA,DOXORUBICIN,DB00997,31703,492,89,492_89,1
hsa-mir-613,miRNA,OXALIPLATIN,DB00526,6857599,492,204,492_204,1
hsa-mir-613,miRNA,PONATINIB,DB08901,24826799,492,140,492_140,1
hsa-mir-613,miRNA,IMATINIB,DB00619,5291,492,41,492_41,1
hsa-mir-613,miRNA,PACLITAXEL,DB01229,36314,492,67,492_67,1
hsa-mir-613,miRNA,CISPLATIN,DB00515,5460033,492,103,492_103,1
hsa-mir-613,miRNA,SORAFENIB,DB00398,216239,492,74,492_74,1
hsa-mir-613,miRNA,METHOTREXATE,DB00563,126941,492,81,492_81,1
hsa-mir-613,miRNA,DAUNORUBICIN,DB00694,30323,492,88,492_88,1
hsa-mir-614,miRNA,FLUOROURACIL,DB00544,3385,493,7,493_7,1
hsa-mir-614,miRNA,GEMCITABINE,DB00441,60750,493,55,493_55,1
hsa-mir-615-3p,miRNA,DOXORUBICIN,DB00997,31703,494,89,494_89,1
hsa-mir-615-3p,miRNA,METHOTREXATE,DB00563,126941,494,81,494_81,1
hsa-mir-615-3p,miRNA,TAMOXIFEN,DB00675,2733525,494,123,494_123,1
hsa-mir-615-3p,miRNA,CISPLATIN,DB00515,5460033,494,103,494_103,1
hsa-mir-615-3p,miRNA,FLUOROURACIL,DB00544,3385,494,7,494_7,1
hsa-mir-615-3p,miRNA,VINCRISTINE,DB00541,5978,494,177,494_177,1
hsa-mir-615-3p,miRNA,PACLITAXEL,DB01229,36314,494,67,494_67,1
hsa-mir-615-3p,miRNA,GEMCITABINE,DB00441,60750,494,55,494_55,1
hsa-mir-615-3p,miRNA,ETOPOSIDE,DB00773,36462,494,68,494_68,1
hsa-mir-615-3p,miRNA,TENIPOSIDE,DB00444,452548,494,92,494_92,1
hsa-mir-615-3p,miRNA,CERITINIB,DB09063,57379345,494,160,494_160,1
hsa-mir-615-3p,miRNA,VINORELBINE,DB00361,44424639,494,150,494_150,1
hsa-mir-615-5p,miRNA,FLUOROURACIL,DB00544,3385,495,7,495_7,1
hsa-mir-615-5p,miRNA,FULVESTRANT,DB00947,17756771,495,134,495_134,1
hsa-mir-616-3p,miRNA,PACLITAXEL,DB01229,36314,496,67,496_67,1
hsa-mir-617,miRNA,PLATINUM,DB12257,23939,497,188,497_188,1
hsa-mir-617,miRNA,CISPLATIN,DB00515,5460033,497,103,497_103,1
hsa-mir-617,miRNA,FLUOROURACIL,DB00544,3385,497,7,497_7,1
hsa-mir-617,miRNA,VEMURAFENIB,DB08881,42611257,497,148,497_148,1
hsa-mir-617,miRNA,TRAMETINIB,DB08911,11707110,497,101,497_101,1
hsa-mir-617,miRNA,PACLITAXEL,DB01229,36314,497,67,497_67,1
hsa-mir-619-3p,miRNA,OXALIPLATIN,DB00526,6857599,498,204,498_204,1
hsa-mir-619-3p,miRNA,TRAMETINIB,DB08911,11707110,498,101,498_101,1
hsa-mir-619-3p,miRNA,VEMURAFENIB,DB08881,42611257,498,148,498_148,1
hsa-mir-619-3p,miRNA,CISPLATIN,DB00515,5460033,498,103,498_103,1
hsa-mir-620,miRNA,PACLITAXEL,DB01229,36314,499,67,499_67,1
hsa-mir-620,miRNA,DOXORUBICIN,DB00997,31703,499,89,499_89,1
hsa-mir-620,miRNA,GEMCITABINE,DB00441,60750,499,55,499_55,1
hsa-mir-620,miRNA,VEMURAFENIB,DB08881,42611257,499,148,499_148,1
hsa-mir-620,miRNA,CISPLATIN,DB00515,5460033,499,103,499_103,1
hsa-mir-622,miRNA,PACLITAXEL,DB01229,36314,500,67,500_67,1
hsa-mir-622,miRNA,FLUOROURACIL,DB00544,3385,500,7,500_7,1
hsa-mir-622,miRNA,GEMCITABINE,DB00441,60750,500,55,500_55,1
hsa-mir-622,miRNA,PLATINUM,DB12257,23939,500,188,500_188,1
hsa-mir-622,miRNA,SORAFENIB,DB00398,216239,500,74,500_74,1
hsa-mir-622,miRNA,CISPLATIN,DB00515,5460033,500,103,500_103,1
hsa-mir-622,miRNA,SUNITINIB,DB01268,5329102,500,94,500_94,1
hsa-mir-622,miRNA,DABRAFENIB,DB08912,44462760,500,142,500_142,1
hsa-mir-623,miRNA,PLATINUM,DB12257,23939,501,188,501_188,1
hsa-mir-623,miRNA,FLUOROURACIL,DB00544,3385,501,7,501_7,1
hsa-mir-624-3p,miRNA,IMATINIB,DB00619,5291,502,41,502_41,1
hsa-mir-624-3p,miRNA,CISPLATIN,DB00515,5460033,502,103,502_103,1
hsa-mir-625-5p,miRNA,DAUNORUBICIN,DB00694,30323,503,88,503_88,1
hsa-mir-625-5p,miRNA,VINCRISTINE,DB00541,5978,503,177,503_177,1
hsa-mir-625-5p,miRNA,PREDNISOLONE,DB00860,5755,503,44,503_44,1
hsa-mir-625-5p,miRNA,CISPLATIN,DB00515,5460033,503,103,503_103,1
hsa-mir-625-5p,miRNA,TAMOXIFEN,DB00675,2733525,503,123,503_123,1
hsa-mir-625-5p,miRNA,PAROXETINE,DB00715,43815,503,78,503_78,1
hsa-mir-625-5p,miRNA,DOXORUBICIN,DB00997,31703,503,89,503_89,1
hsa-mir-625-5p,miRNA,SORAFENIB,DB00398,216239,503,74,503_74,1
hsa-mir-625-5p,miRNA,IMATINIB,DB00619,5291,503,41,503_41,1
hsa-mir-625-5p,miRNA,PACLITAXEL,DB01229,36314,503,67,503_67,1
hsa-mir-625-5p,miRNA,FLUOROURACIL,DB00544,3385,503,7,503_7,1
hsa-mir-625-5p,miRNA,VEMURAFENIB,DB08881,42611257,503,148,503_148,1
hsa-mir-625-5p,miRNA,DABRAFENIB,DB08912,44462760,503,142,503_142,1
hsa-mir-625-5p,miRNA,TRAMETINIB,DB08911,11707110,503,101,503_101,1
hsa-mir-627-5p,miRNA,SORAFENIB,DB00398,216239,505,74,505_74,1
hsa-mir-627-5p,miRNA,OXALIPLATIN,DB00526,6857599,505,204,505_204,1
hsa-mir-627-5p,miRNA,PACLITAXEL,DB01229,36314,505,67,505_67,1
hsa-mir-627-5p,miRNA,CISPLATIN,DB00515,5460033,505,103,505_103,1
hsa-mir-628-5p,miRNA,SUNITINIB,DB01268,5329102,506,94,506_94,1
hsa-mir-628-5p,miRNA,TRAMETINIB,DB08911,11707110,506,101,506_101,1
hsa-mir-628-5p,miRNA,DABRAFENIB,DB08912,44462760,506,142,506_142,1
hsa-mir-628-5p,miRNA,VEMURAFENIB,DB08881,42611257,506,148,506_148,1
hsa-mir-628-5p,miRNA,VINCRISTINE,DB00541,5978,506,177,506_177,1
hsa-mir-628-5p,miRNA,VINORELBINE,DB00361,44424639,506,150,506_150,1
hsa-mir-628-5p,miRNA,DOXORUBICIN,DB00997,31703,506,89,506_89,1
hsa-mir-628-5p,miRNA,ETOPOSIDE,DB00773,36462,506,68,506_68,1
hsa-mir-628-5p,miRNA,PACLITAXEL,DB01229,36314,506,67,506_67,1
hsa-mir-629-5p,miRNA,CISPLATIN,DB00515,5460033,507,103,507_103,1
hsa-mir-629-5p,miRNA,PACLITAXEL,DB01229,36314,507,67,507_67,1
hsa-mir-629-5p,miRNA,IMATINIB,DB00619,5291,507,41,507_41,1
hsa-mir-629-5p,miRNA,CERITINIB,DB09063,57379345,507,160,507_160,1
hsa-mir-629-5p,miRNA,GEFITINIB,DB00317,123631,507,84,507_84,1
hsa-mir-629-5p,miRNA,FULVESTRANT,DB00947,17756771,507,134,507_134,1
hsa-mir-629-5p,miRNA,TIPIFARNIB,DB04960,159324,507,62,507_62,1
hsa-mir-629-5p,miRNA,BROMOCRIPTINE,DB01200,31101,507,86,507_86,1
hsa-mir-629-5p,miRNA,OXALIPLATIN,DB00526,6857599,507,204,507_204,1
hsa-mir-629-5p,miRNA,TEMOZOLOMIDE,DB00853,5394,507,174,507_174,1
hsa-mir-630,miRNA,OXALIPLATIN,DB00526,6857599,508,204,508_204,1
hsa-mir-630,miRNA,CARBOPLATIN,DB00958,38904,508,90,508_90,1
hsa-mir-630,miRNA,CISPLATIN,DB00515,5460033,508,103,508_103,1
hsa-mir-630,miRNA,DOXORUBICIN,DB00997,31703,508,89,508_89,1
hsa-mir-630,miRNA,VINCRISTINE,DB00541,5978,508,177,508_177,1
hsa-mir-630,miRNA,MITOMYCIN C,DB00305,5746,508,176,508_176,1
hsa-mir-630,miRNA,NERATINIB,DB11828,9915743,508,208,508_208,1
hsa-mir-630,miRNA,LAPATINIB,DB01259,208908,508,46,508_46,1
hsa-mir-630,miRNA,PLATINUM,DB12257,23939,508,188,508_188,1
hsa-mir-630,miRNA,PACLITAXEL,DB01229,36314,508,67,508_67,1
hsa-mir-630,miRNA,VEMURAFENIB,DB08881,42611257,508,148,508_148,1
hsa-mir-630,miRNA,TRAMETINIB,DB08911,11707110,508,101,508_101,1
hsa-mir-631,miRNA,CISPLATIN,DB00515,5460033,509,103,509_103,1
hsa-mir-631,miRNA,OXALIPLATIN,DB00526,6857599,509,204,509_204,1
hsa-mir-631,miRNA,BORTEZOMIB,DB00188,387447,509,17,509_17,1
hsa-mir-631,miRNA,GEMCITABINE,DB00441,60750,509,55,509_55,1
hsa-mir-632,miRNA,METHOTREXATE,DB00563,126941,510,81,510_81,1
hsa-mir-633,miRNA,DOXORUBICIN,DB00997,31703,511,89,511_89,1
hsa-mir-633,miRNA,VERAPAMIL,DB00661,2520,511,21,511_21,1
hsa-mir-633,miRNA,TRAMETINIB,DB08911,11707110,511,101,511_101,1
hsa-mir-633,miRNA,VEMURAFENIB,DB08881,42611257,511,148,511_148,1
hsa-mir-633,miRNA,CISPLATIN,DB00515,5460033,511,103,511_103,1
hsa-mir-634,miRNA,OXALIPLATIN,DB00526,6857599,512,204,512_204,1
hsa-mir-634,miRNA,PACLITAXEL,DB01229,36314,512,67,512_67,1
hsa-mir-634,miRNA,DOXORUBICIN,DB00997,31703,512,89,512_89,1
hsa-mir-634,miRNA,CISPLATIN,DB00515,5460033,512,103,512_103,1
hsa-mir-634,miRNA,FLUOROURACIL,DB00544,3385,512,7,512_7,1
hsa-mir-634,miRNA,CARBOPLATIN,DB00958,38904,512,90,512_90,1
hsa-mir-634,miRNA,TEMOZOLOMIDE,DB00853,5394,512,174,512_174,1
hsa-mir-635,miRNA,DOXORUBICIN,DB00997,31703,513,89,513_89,1
hsa-mir-636,miRNA,ERLOTINIB,DB00530,176870,514,85,514_85,1
hsa-mir-636,miRNA,CISPLATIN,DB00515,5460033,514,103,514_103,1
hsa-mir-636,miRNA,SUNITINIB,DB01268,5329102,514,94,514_94,1
hsa-mir-636,miRNA,SORAFENIB,DB00398,216239,514,74,514_74,1
hsa-mir-636,miRNA,IMATINIB,DB00619,5291,514,41,514_41,1
hsa-mir-636,miRNA,TAMOXIFEN,DB00675,2733525,514,123,514_123,1
hsa-mir-636,miRNA,FLUOROURACIL,DB00544,3385,514,7,514_7,1
hsa-mir-636,miRNA,PACLITAXEL,DB01229,36314,514,67,514_67,1
hsa-mir-637,miRNA,SORAFENIB,DB00398,216239,515,74,515_74,1
hsa-mir-637,miRNA,DOXORUBICIN,DB00997,31703,515,89,515_89,1
hsa-mir-637,miRNA,CISPLATIN,DB00515,5460033,515,103,515_103,1
hsa-mir-637,miRNA,PACLITAXEL,DB01229,36314,515,67,515_67,1
hsa-mir-637,miRNA,FULVESTRANT,DB00947,17756771,515,134,515_134,1
hsa-mir-637,miRNA,TRAMETINIB,DB08911,11707110,515,101,515_101,1
hsa-mir-637,miRNA,VEMURAFENIB,DB08881,42611257,515,148,515_148,1
hsa-mir-637,miRNA,TIVANTINIB,DB12200,11494412,515,51,515_51,1
hsa-mir-637,miRNA,OXALIPLATIN,DB00526,6857599,515,204,515_204,1
hsa-mir-637,miRNA,SEVOFLURANE,DB01236,5206,515,173,515_173,1
hsa-mir-638,miRNA,CISPLATIN,DB00515,5460033,516,103,516_103,1
hsa-mir-638,miRNA,OXALIPLATIN,DB00526,6857599,516,204,516_204,1
hsa-mir-638,miRNA,GEMCITABINE,DB00441,60750,516,55,516_55,1
hsa-mir-638,miRNA,VINCRISTINE,DB00541,5978,516,177,516_177,1
hsa-mir-638,miRNA,BORTEZOMIB,DB00188,387447,516,17,516_17,1
hsa-mir-638,miRNA,GEFITINIB,DB00317,123631,516,84,516_84,1
hsa-mir-638,miRNA,IMATINIB,DB00619,5291,516,41,516_41,1
hsa-mir-638,miRNA,PLATINUM,DB12257,23939,516,188,516_188,1
hsa-mir-638,miRNA,DOCETAXEL,DB01248,148124,516,3,516_3,1
hsa-mir-638,miRNA,PACLITAXEL,DB01229,36314,516,67,516_67,2
hsa-mir-638,miRNA,FULVESTRANT,DB00947,17756771,516,134,516_134,1
hsa-mir-638,miRNA,FLUOROURACIL,DB00544,3385,516,7,516_7,1
hsa-mir-638,miRNA,ANTHRACYCLINE,DB00694,30323,516,88,516_88,1
hsa-mir-638,miRNA,CYCLOPHOSPHAMIDE,DB00531,2907,516,16,516_16,1
hsa-mir-638,miRNA,METHOTREXATE,DB00563,126941,516,81,516_81,1
hsa-mir-638,miRNA,TAXOL,DB01229,36314,516,67,516_67,2
hsa-mir-638,miRNA,PROPOFOL,DB00818,4943,516,40,516_40,1
hsa-mir-639,miRNA,VERAPAMIL,DB00661,2520,517,21,517_21,1
hsa-mir-639,miRNA,DOXORUBICIN,DB00997,31703,517,89,517_89,1
hsa-mir-639,miRNA,CISPLATIN,DB00515,5460033,517,103,517_103,1
hsa-mir-639,miRNA,OXALIPLATIN,DB00526,6857599,517,204,517_204,1
hsa-mir-640,miRNA,PACLITAXEL,DB01229,36314,518,67,518_67,1
hsa-mir-640,miRNA,TRAMETINIB,DB08911,11707110,518,101,518_101,1
hsa-mir-640,miRNA,VEMURAFENIB,DB08881,42611257,518,148,518_148,1
hsa-mir-640,miRNA,MITOXANTRONE,DB01204,4212,518,22,518_22,1
hsa-mir-640,miRNA,SORAFENIB,DB00398,216239,518,74,518_74,1
hsa-mir-641,miRNA,ERLOTINIB,DB00530,176870,519,85,519_85,1
hsa-mir-641,miRNA,GEMCITABINE,DB00441,60750,519,55,519_55,1
hsa-mir-641,miRNA,DOCETAXEL,DB01248,148124,519,3,519_3,1
hsa-mir-642a-5p,miRNA,CISPLATIN,DB00515,5460033,520,103,520_103,1
hsa-mir-642a-5p,miRNA,DOXORUBICIN,DB00997,31703,520,89,520_89,1
hsa-mir-642a-5p,miRNA,CARBOPLATIN,DB00958,38904,520,90,520_90,1
hsa-mir-642a-5p,miRNA,TAMOXIFEN,DB00675,2733525,520,123,520_123,1
hsa-mir-642a-5p,miRNA,IMATINIB,DB00619,5291,520,41,520_41,1
hsa-mir-642a-5p,miRNA,GEFITINIB,DB00317,123631,520,84,520_84,1
hsa-mir-642a-5p,miRNA,OXALIPLATIN,DB00526,6857599,520,204,520_204,1
hsa-mir-643,miRNA,DOXORUBICIN,DB00997,31703,521,89,521_89,1
hsa-mir-643,miRNA,VERAPAMIL,DB00661,2520,521,21,521_21,1
hsa-mir-643,miRNA,GEMCITABINE,DB00441,60750,521,55,521_55,1
hsa-mir-643,miRNA,CISPLATIN,DB00515,5460033,521,103,521_103,1
hsa-mir-644a,miRNA,CISPLATIN,DB00515,5460033,522,103,522_103,1
hsa-mir-644a,miRNA,TAMOXIFEN,DB00675,2733525,522,123,522_123,1
hsa-mir-644a,miRNA,DOXORUBICIN,DB00997,31703,522,89,522_89,1
hsa-mir-644a,miRNA,GEFITINIB,DB00317,123631,522,84,522_84,1
hsa-mir-644a,miRNA,SUNITINIB,DB01268,5329102,522,94,522_94,1
hsa-mir-645,miRNA,CISPLATIN,DB00515,5460033,523,103,523_103,1
hsa-mir-645,miRNA,IMATINIB,DB00619,5291,523,41,523_41,1
hsa-mir-647,miRNA,PACLITAXEL,DB01229,36314,525,67,525_67,1
hsa-mir-647,miRNA,GEMCITABINE,DB00441,60750,525,55,525_55,1
hsa-mir-647,miRNA,PONATINIB,DB08901,24826799,525,140,525_140,1
hsa-mir-647,miRNA,IMATINIB,DB00619,5291,525,41,525_41,1
hsa-mir-647,miRNA,VINCRISTINE,DB00541,5978,525,177,525_177,1
hsa-mir-647,miRNA,TRAMETINIB,DB08911,11707110,525,101,525_101,1
hsa-mir-647,miRNA,VEMURAFENIB,DB08881,42611257,525,148,525_148,1
hsa-mir-648,miRNA,CISPLATIN,DB00515,5460033,526,103,526_103,1
hsa-mir-649,miRNA,VERAPAMIL,DB00661,2520,527,21,527_21,1
hsa-mir-649,miRNA,DOXORUBICIN,DB00997,31703,527,89,527_89,1
hsa-mir-649,miRNA,VEMURAFENIB,DB08881,42611257,527,148,527_148,1
hsa-mir-649,miRNA,TRAMETINIB,DB08911,11707110,527,101,527_101,1
hsa-mir-650,miRNA,DOCETAXEL,DB01248,148124,528,3,528_3,1
hsa-mir-650,miRNA,CISPLATIN,DB00515,5460033,528,103,528_103,1
hsa-mir-651-5p,miRNA,DOXORUBICIN,DB00997,31703,529,89,529_89,1
hsa-mir-651-5p,miRNA,VERAPAMIL,DB00661,2520,529,21,529_21,1
hsa-mir-651-5p,miRNA,CISPLATIN,DB00515,5460033,529,103,529_103,1
hsa-mir-652-3p,miRNA,DOXORUBICIN,DB00997,31703,530,89,530_89,1
hsa-mir-652-3p,miRNA,VERAPAMIL,DB00661,2520,530,21,530_21,1
hsa-mir-652-3p,miRNA,RIBAVIRIN,DB00811,37542,530,69,530_69,1
hsa-mir-652-3p,miRNA,CISPLATIN,DB00515,5460033,530,103,530_103,1
hsa-mir-652-3p,miRNA,TAMOXIFEN,DB00675,2733525,530,123,530_123,1
hsa-mir-652-3p,miRNA,CYTARABINE,DB00987,6253,530,35,530_35,1
hsa-mir-652-3p,miRNA,VINCRISTINE,DB00541,5978,530,177,530_177,1
hsa-mir-652-3p,miRNA,TRAMETINIB,DB08911,11707110,530,101,530_101,1
hsa-mir-652-3p,miRNA,VEMURAFENIB,DB08881,42611257,530,148,530_148,1
hsa-mir-652-3p,miRNA,GEMCITABINE,DB00441,60750,530,55,530_55,1
hsa-mir-652-3p,miRNA,OXALIPLATIN,DB00526,6857599,530,204,530_204,1
hsa-mir-653-5p,miRNA,CARBOPLATIN,DB00958,38904,531,90,531_90,1
hsa-mir-653-5p,miRNA,TAXANE,,9548828,531,124,531_124,1
hsa-mir-654-3p,miRNA,PACLITAXEL,DB01229,36314,532,67,532_67,1
hsa-mir-654-3p,miRNA,CERITINIB,DB09063,57379345,532,160,532_160,1
hsa-mir-654-3p,miRNA,OXALIPLATIN,DB00526,6857599,532,204,532_204,1
hsa-mir-654-3p,miRNA,IMATINIB,DB00619,5291,532,41,532_41,1
hsa-mir-654-5p,miRNA,DOXORUBICIN,DB00997,31703,533,89,533_89,1
hsa-mir-654-5p,miRNA,PACLITAXEL,DB01229,36314,533,67,533_67,1
hsa-mir-654-5p,miRNA,BROMOCRIPTINE,DB01200,31101,533,86,533_86,1
hsa-mir-655-3p,miRNA,DOXORUBICIN,DB00997,31703,534,89,534_89,1
hsa-mir-655-3p,miRNA,VERAPAMIL,DB00661,2520,534,21,534_21,1
hsa-mir-655-3p,miRNA,CISPLATIN,DB00515,5460033,534,103,534_103,1
hsa-mir-655-3p,miRNA,TRAMETINIB,DB08911,11707110,534,101,534_101,1
hsa-mir-655-3p,miRNA,VEMURAFENIB,DB08881,42611257,534,148,534_148,1
hsa-mir-656-3p,miRNA,CISPLATIN,DB00515,5460033,535,103,535_103,1
hsa-mir-656-3p,miRNA,FLUOROURACIL,DB00544,3385,535,7,535_7,1
hsa-mir-657,miRNA,SORAFENIB,DB00398,216239,536,74,536_74,1
hsa-mir-657,miRNA,OXALIPLATIN,DB00526,6857599,536,204,536_204,1
hsa-mir-658,miRNA,OXALIPLATIN,DB00526,6857599,537,204,537_204,1
hsa-mir-658,miRNA,FLUOROURACIL,DB00544,3385,537,7,537_7,1
hsa-mir-658,miRNA,GEMCITABINE,DB00441,60750,537,55,537_55,1
hsa-mir-658,miRNA,IMATINIB,DB00619,5291,537,41,537_41,1
hsa-mir-658,miRNA,CISPLATIN,DB00515,5460033,537,103,537_103,1
hsa-mir-658,miRNA,VINCRISTINE,DB00541,5978,537,177,537_177,1
hsa-mir-658,miRNA,GEFITINIB,DB00317,123631,537,84,537_84,1
hsa-mir-659-3p,miRNA,SUNITINIB,DB01268,5329102,538,94,538_94,1
hsa-mir-659-3p,miRNA,CISPLATIN,DB00515,5460033,538,103,538_103,1
hsa-mir-660-5p,miRNA,DOXORUBICIN,DB00997,31703,539,89,539_89,1
hsa-mir-660-5p,miRNA,VERAPAMIL,DB00661,2520,539,21,539_21,1
hsa-mir-660-5p,miRNA,SORAFENIB,DB00398,216239,539,74,539_74,1
hsa-mir-660-5p,miRNA,OXALIPLATIN,DB00526,6857599,539,204,539_204,1
hsa-mir-660-5p,miRNA,GEMCITABINE,DB00441,60750,539,55,539_55,1
hsa-mir-660-5p,miRNA,FLUOROURACIL,DB00544,3385,539,7,539_7,1
hsa-mir-660-5p,miRNA,BORTEZOMIB,DB00188,387447,539,17,539_17,1
hsa-mir-660-5p,miRNA,GEFITINIB,DB00317,123631,539,84,539_84,1
hsa-mir-660-5p,miRNA,IMATINIB,DB00619,5291,539,41,539_41,1
hsa-mir-660-5p,miRNA,PLX-4720,DB06999,24180719,539,146,539_146,1
hsa-mir-660-5p,miRNA,PLATINUM,DB12257,23939,539,188,539_188,1
hsa-mir-660-5p,miRNA,PACLITAXEL,DB01229,36314,539,67,539_67,1
hsa-mir-660-5p,miRNA,DASATINIB,DB01254,3062316,539,100,539_100,1
hsa-mir-660-5p,miRNA,PONATINIB,DB08901,24826799,539,140,539_140,1
hsa-mir-660-5p,miRNA,IMATINIB MESYLATE,,123596,539,82,539_82,1
hsa-mir-660-5p,miRNA,CISPLATIN,DB00515,5460033,539,103,539_103,1
hsa-mir-661,miRNA,NAVITOCLAX,DB12340,24978538,540,209,540_209,1
hsa-mir-661,miRNA,OXALIPLATIN,DB00526,6857599,540,204,540_204,1
hsa-mir-661,miRNA,TEMOZOLOMIDE,DB00853,5394,540,174,540_174,1
hsa-mir-662,miRNA,VERAPAMIL,DB00661,2520,541,21,541_21,1
hsa-mir-662,miRNA,DOXORUBICIN,DB00997,31703,541,89,541_89,1
hsa-mir-662,miRNA,PLATINUM,DB12257,23939,541,188,541_188,1
hsa-mir-662,miRNA,ETOPOSIDE,DB00773,36462,541,68,541_68,1
hsa-mir-662,miRNA,GEMCITABINE,DB00441,60750,541,55,541_55,1
hsa-mir-663a,miRNA,SORAFENIB,DB00398,216239,542,74,542_74,1
hsa-mir-663a,miRNA,CISPLATIN,DB00515,5460033,542,103,542_103,1
hsa-mir-663a,miRNA,CYCLOPHOSPHAMIDE,DB00531,2907,542,16,542_16,1
hsa-mir-663a,miRNA,DOCETAXEL,DB01248,148124,542,3,542_3,1
hsa-mir-663a,miRNA,OXALIPLATIN,DB00526,6857599,542,204,542_204,1
hsa-mir-663a,miRNA,PACLITAXEL,DB01229,36314,542,67,542_67,1
hsa-mir-663a,miRNA,FLUOROURACIL,DB00544,3385,542,7,542_7,1
hsa-mir-663a,miRNA,GEMCITABINE,DB00441,60750,542,55,542_55,1
hsa-mir-663a,miRNA,IMATINIB,DB00619,5291,542,41,542_41,1
hsa-mir-663a,miRNA,PLATINUM,DB12257,23939,542,188,542_188,1
hsa-mir-663a,miRNA,VEMURAFENIB,DB08881,42611257,542,148,542_148,1
hsa-mir-663a,miRNA,DABRAFENIB,DB08912,44462760,542,142,542_142,1
hsa-mir-663a,miRNA,FULVESTRANT,DB00947,17756771,542,134,542_134,1
hsa-mir-663a,miRNA,PALBOCICLIB,DB09073,5330286,542,95,542_95,1
hsa-mir-663b,miRNA,CISPLATIN,DB00515,5460033,543,103,543_103,1
hsa-mir-663b,miRNA,SORAFENIB,DB00398,216239,543,74,543_74,1
hsa-mir-663b,miRNA,OXALIPLATIN,DB00526,6857599,543,204,543_204,1
hsa-mir-663b,miRNA,TAMOXIFEN,DB00675,2733525,543,123,543_123,1
hsa-mir-663b,miRNA,VEMURAFENIB,DB08881,42611257,543,148,543_148,1
hsa-mir-663b,miRNA,TRAMETINIB,DB08911,11707110,543,101,543_101,1
hsa-mir-663b,miRNA,PACLITAXEL,DB01229,36314,543,67,543_67,1
hsa-mir-664a-3p,miRNA,OXALIPLATIN,DB00526,6857599,544,204,544_204,1
hsa-mir-664a-3p,miRNA,SORAFENIB,DB00398,216239,544,74,544_74,1
hsa-mir-664a-3p,miRNA,CISPLATIN,DB00515,5460033,544,103,544_103,1
hsa-mir-664a-3p,miRNA,IMATINIB,DB00619,5291,544,41,544_41,1
hsa-mir-664a-3p,miRNA,FULVESTRANT,DB00947,17756771,544,134,544_134,1
hsa-mir-664a-3p,miRNA,VEMURAFENIB,DB08881,42611257,544,148,544_148,1
hsa-mir-664a-3p,miRNA,FLUOROURACIL,DB00544,3385,544,7,544_7,1
hsa-mir-665,miRNA,TAMOXIFEN,DB00675,2733525,545,123,545_123,1
hsa-mir-665,miRNA,GEMCITABINE,DB00441,60750,545,55,545_55,1
hsa-mir-665,miRNA,FLUOROURACIL,DB00544,3385,545,7,545_7,1
hsa-mir-665,miRNA,TRAMETINIB,DB08911,11707110,545,101,545_101,1
hsa-mir-665,miRNA,VEMURAFENIB,DB08881,42611257,545,148,545_148,1
hsa-mir-665,miRNA,CISPLATIN,DB00515,5460033,545,103,545_103,1
hsa-mir-665,miRNA,PAEONOL,DB16830,11092,545,180,545_180,1
hsa-mir-668-3p,miRNA,SORAFENIB,DB00398,216239,546,74,546_74,1
hsa-mir-668-3p,miRNA,TEMOZOLOMIDE,DB00853,5394,546,174,546_174,1
hsa-mir-670-5p,miRNA,FLUOROURACIL,DB00544,3385,615,7,615_7,1
hsa-mir-670-5p,miRNA,GEMCITABINE,DB00441,60750,615,55,615_55,1
hsa-mir-670-5p,miRNA,TEMOZOLOMIDE,DB00853,5394,615,174,615_174,1
hsa-mir-671-3p,miRNA,IMATINIB,DB00619,5291,547,41,547_41,1
hsa-mir-671-3p,miRNA,TAMOXIFEN,DB00675,2733525,547,123,547_123,1
hsa-mir-671-3p,miRNA,PACLITAXEL,DB01229,36314,547,67,547_67,1
hsa-mir-671-3p,miRNA,FULVESTRANT,DB00947,17756771,547,134,547_134,1
hsa-mir-671-3p,miRNA,GEMCITABINE,DB00441,60750,547,55,547_55,1
hsa-mir-671-3p,miRNA,SORAFENIB,DB00398,216239,547,74,547_74,1
hsa-mir-671-5p,miRNA,PAROXETINE,DB00715,43815,548,78,548_78,1
hsa-mir-671-5p,miRNA,CARBOPLATIN,DB00958,38904,548,90,548_90,1
hsa-mir-671-5p,miRNA,PACLITAXEL,DB01229,36314,548,67,548_67,1
hsa-mir-671-5p,miRNA,FLUOROURACIL,DB00544,3385,548,7,548_7,1
hsa-mir-671-5p,miRNA,GEMCITABINE,DB00441,60750,548,55,548_55,1
hsa-mir-671-5p,miRNA,TAMOXIFEN,DB00675,2733525,548,123,548_123,1
hsa-mir-671-5p,miRNA,PLATINUM,DB12257,23939,548,188,548_188,1
hsa-mir-671-5p,miRNA,CISPLATIN,DB00515,5460033,548,103,548_103,1
hsa-mir-671-5p,miRNA,EPIRUBICIN,DB00445,41867,548,73,548_73,1
hsa-mir-671-5p,miRNA,MITOXANTRONE,DB01204,4212,548,22,548_22,1
hsa-mir-671-5p,miRNA,DOCETAXEL,DB01248,148124,548,3,548_3,1
hsa-mir-671-5p,miRNA,FULVESTRANT,DB00947,17756771,548,134,548_134,1
hsa-mir-671-5p,miRNA,TEMOZOLOMIDE,DB00853,5394,548,174,548_174,1
hsa-mir-675-5p,miRNA,OXALIPLATIN,DB00526,6857599,549,204,549_204,1
hsa-mir-675-5p,miRNA,CISPLATIN,DB00515,5460033,549,103,549_103,1
hsa-mir-675-5p,miRNA,GEMCITABINE,DB00441,60750,549,55,549_55,1
hsa-mir-675-5p,miRNA,FLUOROURACIL,DB00544,3385,549,7,549_7,1
hsa-mir-675-5p,miRNA,DOXORUBICIN,DB00997,31703,549,89,549_89,1
hsa-mir-675-5p,miRNA,SORAFENIB,DB00398,216239,549,74,549_74,1
hsa-mir-675-5p,miRNA,VINCRISTINE,DB00541,5978,549,177,549_177,1
hsa-mir-675-5p,miRNA,DABRAFENIB,DB08912,44462760,549,142,549_142,1
hsa-mir-675-5p,miRNA,VEMURAFENIB,DB08881,42611257,549,148,549_148,1
hsa-mir-675-5p,miRNA,FULVESTRANT,DB00947,17756771,549,134,549_134,1
hsa-mir-675-5p,miRNA,CERITINIB,DB09063,57379345,549,160,549_160,1
hsa-mir-675-5p,miRNA,SUNITINIB,DB01268,5329102,549,94,549_94,1
hsa-mir-675-5p,miRNA,ETOPOSIDE,DB00773,36462,549,68,549_68,1
hsa-mir-675-5p,miRNA,VINORELBINE,DB00361,44424639,549,150,549_150,1
hsa-mir-675-5p,miRNA,PACLITAXEL,DB01229,36314,549,67,549_67,1
hsa-mir-675-5p,miRNA,IMATINIB,DB00619,5291,549,41,549_41,1
hsa-mir-7-5p,miRNA,DOXORUBICIN,DB00997,31703,633,89,633_89,1
hsa-mir-7-5p,miRNA,ETOPOSIDE,DB00773,36462,633,68,633_68,1
hsa-mir-7-5p,miRNA,CISPLATIN,DB00515,5460033,633,103,633_103,1
hsa-mir-7-5p,miRNA,10-HYDROXYCAMPTOTHECIN,DB12385,97226,633,205,633_205,1
hsa-mir-7-5p,miRNA,DOCETAXEL,DB01248,148124,633,3,633_3,1
hsa-mir-7-5p,miRNA,GEFITINIB,DB00317,123631,633,84,633_84,1
hsa-mir-7-5p,miRNA,TAMOXIFEN,DB00675,2733525,633,123,633_123,1
hsa-mir-7-5p,miRNA,GEMCITABINE,DB00441,60750,633,55,633_55,1
hsa-mir-7-5p,miRNA,OXALIPLATIN,DB00526,6857599,633,204,633_204,1
hsa-mir-7-5p,miRNA,PACLITAXEL,DB01229,36314,633,67,633_67,1
hsa-mir-7-5p,miRNA,VINCRISTINE,DB00541,5978,633,177,633_177,1
hsa-mir-7-5p,miRNA,FLUOROURACIL,DB00544,3385,633,7,633_7,1
hsa-mir-7-5p,miRNA,DEXAMETHASONE,DB01234,5743,633,43,633_43,1
hsa-mir-7-5p,miRNA,PLX-4720,DB06999,24180719,633,146,633_146,1
hsa-mir-7-5p,miRNA,SORAFENIB,DB00398,216239,633,74,633_74,1
hsa-mir-7-5p,miRNA,VEMURAFENIB,DB08881,42611257,633,148,633_148,1
hsa-mir-7-5p,miRNA,FULVESTRANT,DB00947,17756771,633,134,633_134,1
hsa-mir-7-5p,miRNA,TEMOZOLOMIDE,DB00853,5394,633,174,633_174,1
hsa-mir-708-5p,miRNA,CISPLATIN,DB00515,5460033,550,103,550_103,1
hsa-mir-708-5p,miRNA,ETOPOSIDE,DB00773,36462,550,68,550_68,1
hsa-mir-708-5p,miRNA,DOXORUBICIN,DB00997,31703,550,89,550_89,1
hsa-mir-708-5p,miRNA,GEMCITABINE,DB00441,60750,550,55,550_55,1
hsa-mir-708-5p,miRNA,THAPSIGARGIN,,446378,550,1,550_1,1
hsa-mir-708-5p,miRNA,TAMOXIFEN,DB00675,2733525,550,123,550_123,1
hsa-mir-708-5p,miRNA,DABRAFENIB,DB08912,44462760,550,142,550_142,1
hsa-mir-708-5p,miRNA,VEMURAFENIB,DB08881,42611257,550,148,550_148,1
hsa-mir-708-5p,miRNA,PACLITAXEL,DB01229,36314,550,67,550_67,1
hsa-mir-708-5p,miRNA,TRAMETINIB,DB08911,11707110,550,101,550_101,1
hsa-mir-708-5p,miRNA,GEFITINIB,DB00317,123631,550,84,550_84,1
hsa-mir-708-5p,miRNA,PLATINUM,DB12257,23939,550,188,550_188,1
hsa-mir-708-5p,miRNA,CYCLOPHOSPHAMIDE,DB00531,2907,550,16,550_16,1
hsa-mir-708-5p,miRNA,VINCRISTINE,DB00541,5978,550,177,550_177,1
hsa-mir-711,miRNA,IMATINIB,DB00619,5291,616,41,616_41,1
hsa-mir-711,miRNA,PACLITAXEL,DB01229,36314,616,67,616_67,1
hsa-mir-718,miRNA,FLUOROURACIL,DB00544,3385,617,7,617_7,1
hsa-mir-718,miRNA,GEMCITABINE,DB00441,60750,617,55,617_55,1
hsa-mir-718,miRNA,PLATINUM,DB12257,23939,617,188,617_188,1
hsa-mir-718,miRNA,IMATINIB,DB00619,5291,617,41,617_41,1
hsa-mir-718,miRNA,PACLITAXEL,DB01229,36314,617,67,617_67,1
hsa-mir-744-5p,miRNA,TAMOXIFEN,DB00675,2733525,551,123,551_123,1
hsa-mir-744-5p,miRNA,CISPLATIN,DB00515,5460033,551,103,551_103,1
hsa-mir-744-5p,miRNA,CARBOPLATIN,DB00958,38904,551,90,551_90,1
hsa-mir-744-5p,miRNA,GEFITINIB,DB00317,123631,551,84,551_84,1
hsa-mir-744-5p,miRNA,VINORELBINE,DB00361,44424639,551,150,551_150,1
hsa-mir-744-5p,miRNA,EPIRUBICIN,DB00445,41867,551,73,551_73,1
hsa-mir-744-5p,miRNA,ERLOTINIB,DB00530,176870,551,85,551_85,1
hsa-mir-744-5p,miRNA,SUNITINIB,DB01268,5329102,551,94,551_94,1
hsa-mir-744-5p,miRNA,GEMCITABINE,DB00441,60750,551,55,551_55,1
hsa-mir-744-5p,miRNA,SORAFENIB,DB00398,216239,551,74,551_74,1
hsa-mir-744-5p,miRNA,OXALIPLATIN,DB00526,6857599,551,204,551_204,1
hsa-mir-744-5p,miRNA,BORTEZOMIB,DB00188,387447,551,17,551_17,1
hsa-mir-758-3p,miRNA,DOXORUBICIN,DB00997,31703,552,89,552_89,1
hsa-mir-758-3p,miRNA,VERAPAMIL,DB00661,2520,552,21,552_21,1
hsa-mir-758-3p,miRNA,ETOPOSIDE,DB00773,36462,552,68,552_68,1
hsa-mir-758-3p,miRNA,CERITINIB,DB09063,57379345,552,160,552_160,1
hsa-mir-758-3p,miRNA,CISPLATIN,DB00515,5460033,552,103,552_103,1
hsa-mir-760,miRNA,VERAPAMIL,DB00661,2520,553,21,553_21,1
hsa-mir-760,miRNA,DOXORUBICIN,DB00997,31703,553,89,553_89,1
hsa-mir-760,miRNA,CISPLATIN,DB00515,5460033,553,103,553_103,1
hsa-mir-760,miRNA,OXALIPLATIN,DB00526,6857599,553,204,553_204,1
hsa-mir-760,miRNA,PLX-4720,DB06999,24180719,553,146,553_146,1
hsa-mir-760,miRNA,PLATINUM,DB12257,23939,553,188,553_188,1
hsa-mir-760,miRNA,TAMOXIFEN,DB00675,2733525,553,123,553_123,1
hsa-mir-760,miRNA,DABRAFENIB,DB08912,44462760,553,142,553_142,1
hsa-mir-760,miRNA,VEMURAFENIB,DB08881,42611257,553,148,553_148,1
hsa-mir-760,miRNA,GEMCITABINE,DB00441,60750,553,55,553_55,1
hsa-mir-760,miRNA,OSIMERTINIB,DB09330,71496458,553,161,553_161,1
hsa-mir-761,miRNA,IMATINIB,DB00619,5291,619,41,619_41,1
hsa-mir-761,miRNA,FLUOROURACIL,DB00544,3385,619,7,619_7,1
hsa-mir-761,miRNA,CISPLATIN,DB00515,5460033,619,103,619_103,1
hsa-mir-761,miRNA,TRAMETINIB,DB08911,11707110,619,101,619_101,1
hsa-mir-761,miRNA,VEMURAFENIB,DB08881,42611257,619,148,619_148,1
hsa-mir-762,miRNA,CISPLATIN,DB00515,5460033,620,103,620_103,1
hsa-mir-762,miRNA,FLUOROURACIL,DB00544,3385,620,7,620_7,1
hsa-mir-762,miRNA,GEMCITABINE,DB00441,60750,620,55,620_55,1
hsa-mir-762,miRNA,BORTEZOMIB,DB00188,387447,620,17,620_17,1
hsa-mir-762,miRNA,GEFITINIB,DB00317,123631,620,84,620_84,1
hsa-mir-762,miRNA,IMATINIB,DB00619,5291,620,41,620_41,1
hsa-mir-762,miRNA,PLATINUM,DB12257,23939,620,188,620_188,1
hsa-mir-762,miRNA,VEMURAFENIB,DB08881,42611257,620,148,620_148,1
hsa-mir-762,miRNA,DABRAFENIB,DB08912,44462760,620,142,620_142,1
hsa-mir-762,miRNA,PACLITAXEL,DB01229,36314,620,67,620_67,1
hsa-mir-762,miRNA,FULVESTRANT,DB00947,17756771,620,134,620_134,1
hsa-mir-764,miRNA,IMATINIB,DB00619,5291,621,41,621_41,1
hsa-mir-764,miRNA,VEMURAFENIB,DB08881,42611257,621,148,621_148,1
hsa-mir-764,miRNA,TRAMETINIB,DB08911,11707110,621,101,621_101,1
hsa-mir-765,miRNA,CISPLATIN,DB00515,5460033,554,103,554_103,1
hsa-mir-765,miRNA,DOXORUBICIN,DB00997,31703,554,89,554_89,1
hsa-mir-765,miRNA,VERAPAMIL,DB00661,2520,554,21,554_21,1
hsa-mir-765,miRNA,GEMCITABINE,DB00441,60750,554,55,554_55,1
hsa-mir-765,miRNA,OXALIPLATIN,DB00526,6857599,554,204,554_204,1
hsa-mir-765,miRNA,PLATINUM,DB12257,23939,554,188,554_188,1
hsa-mir-766-3p,miRNA,CISPLATIN,DB00515,5460033,555,103,555_103,1
hsa-mir-766-3p,miRNA,DOXORUBICIN,DB00997,31703,555,89,555_89,1
hsa-mir-766-3p,miRNA,FLUOROURACIL,DB00544,3385,555,7,555_7,1
hsa-mir-766-3p,miRNA,VINCRISTINE,DB00541,5978,555,177,555_177,1
hsa-mir-766-3p,miRNA,OXALIPLATIN,DB00526,6857599,555,204,555_204,1
hsa-mir-766-3p,miRNA,GEMCITABINE,DB00441,60750,555,55,555_55,1
hsa-mir-766-3p,miRNA,GEFITINIB,DB00317,123631,555,84,555_84,1
hsa-mir-766-3p,miRNA,IMATINIB,DB00619,5291,555,41,555_41,1
hsa-mir-766-3p,miRNA,PONATINIB,DB08901,24826799,555,140,555_140,1
hsa-mir-766-3p,miRNA,VEMURAFENIB,DB08881,42611257,555,148,555_148,1
hsa-mir-766-3p,miRNA,TRAMETINIB,DB08911,11707110,555,101,555_101,1
hsa-mir-766-3p,miRNA,TEMOZOLOMIDE,DB00853,5394,555,174,555_174,1
hsa-mir-766-3p,miRNA,PACLITAXEL,DB01229,36314,555,67,555_67,1
hsa-mir-766-3p,miRNA,BORTEZOMIB,DB00188,387447,555,17,555_17,1
hsa-mir-767-3p,miRNA,TRAMETINIB,DB08911,11707110,556,101,556_101,1
hsa-mir-767-3p,miRNA,VEMURAFENIB,DB08881,42611257,556,148,556_148,1
hsa-mir-767-3p,miRNA,CISPLATIN,DB00515,5460033,556,103,556_103,1
hsa-mir-767-3p,miRNA,GEFITINIB,DB00317,123631,556,84,556_84,1
hsa-mir-767-3p,miRNA,DOCETAXEL,DB01248,148124,556,3,556_3,1
hsa-mir-767-5p,miRNA,VEMURAFENIB,DB08881,42611257,557,148,557_148,1
hsa-mir-767-5p,miRNA,DABRAFENIB,DB08912,44462760,557,142,557_142,1
hsa-mir-767-5p,miRNA,IMATINIB,DB00619,5291,557,41,557_41,1
hsa-mir-767-5p,miRNA,CERITINIB,DB09063,57379345,557,160,557_160,1
hsa-mir-767-5p,miRNA,CISPLATIN,DB00515,5460033,557,103,557_103,1
hsa-mir-767-5p,miRNA,GEFITINIB,DB00317,123631,557,84,557_84,1
hsa-mir-767-5p,miRNA,PACLITAXEL,DB01229,36314,557,67,557_67,1
hsa-mir-767-5p,miRNA,TRAMETINIB,DB08911,11707110,557,101,557_101,1
hsa-mir-767-5p,miRNA,DOCETAXEL,DB01248,148124,557,3,557_3,1
hsa-mir-769-3p,miRNA,PLATINUM,DB12257,23939,558,188,558_188,1
hsa-mir-769-3p,miRNA,GEFITINIB,DB00317,123631,558,84,558_84,1
hsa-mir-769-3p,miRNA,ERLOTINIB,DB00530,176870,558,85,558_85,1
hsa-mir-769-3p,miRNA,GEMCITABINE,DB00441,60750,558,55,558_55,1
hsa-mir-769-3p,miRNA,METHOTREXATE,DB00563,126941,558,81,558_81,1
hsa-mir-769-5p,miRNA,TAMOXIFEN,DB00675,2733525,559,123,559_123,1
hsa-mir-769-5p,miRNA,PACLITAXEL,DB01229,36314,559,67,559_67,1
hsa-mir-769-5p,miRNA,GEMCITABINE,DB00441,60750,559,55,559_55,1
hsa-mir-769-5p,miRNA,OSIMERTINIB,DB09330,71496458,559,161,559_161,1
hsa-mir-770-5p,miRNA,CISPLATIN,DB00515,5460033,560,103,560_103,1
hsa-mir-770-5p,miRNA,METHOTREXATE,DB00563,126941,560,81,560_81,1
hsa-mir-802,miRNA,PACLITAXEL,DB01229,36314,561,67,561_67,1
hsa-mir-802,miRNA,DOXORUBICIN,DB00997,31703,561,89,561_89,1
hsa-mir-802,miRNA,PALBOCICLIB,DB09073,5330286,561,95,561_95,1
hsa-mir-873-5p,miRNA,GEMCITABINE,DB00441,60750,562,55,562_55,1
hsa-mir-873-5p,miRNA,FLUOROURACIL,DB00544,3385,562,7,562_7,1
hsa-mir-873-5p,miRNA,TAMOXIFEN,DB00675,2733525,562,123,562_123,1
hsa-mir-873-5p,miRNA,CISPLATIN,DB00515,5460033,562,103,562_103,1
hsa-mir-873-5p,miRNA,PACLITAXEL,DB01229,36314,562,67,562_67,1
hsa-mir-873-5p,miRNA,CERITINIB,DB09063,57379345,562,160,562_160,1
hsa-mir-873-5p,miRNA,GEFITINIB,DB00317,123631,562,84,562_84,1
hsa-mir-873-5p,miRNA,DOXORUBICIN,DB00997,31703,562,89,562_89,1
hsa-mir-873-5p,miRNA,TEMOZOLOMIDE,DB00853,5394,562,174,562_174,1
hsa-mir-873-5p,miRNA,GENISTEIN,DB01645,5280961,562,108,562_108,1
hsa-mir-874-3p,miRNA,GEMCITABINE,DB00441,60750,563,55,563_55,1
hsa-mir-874-3p,miRNA,FLUOROURACIL,DB00544,3385,563,7,563_7,1
hsa-mir-874-3p,miRNA,SORAFENIB,DB00398,216239,563,74,563_74,1
hsa-mir-874-3p,miRNA,CISPLATIN,DB00515,5460033,563,103,563_103,1
hsa-mir-874-3p,miRNA,VEMURAFENIB,DB08881,42611257,563,148,563_148,1
hsa-mir-874-3p,miRNA,DABRAFENIB,DB08912,44462760,563,142,563_142,1
hsa-mir-874-3p,miRNA,IMATINIB,DB00619,5291,563,41,563_41,1
hsa-mir-874-3p,miRNA,CERITINIB,DB09063,57379345,563,160,563_160,1
hsa-mir-874-3p,miRNA,PACLITAXEL,DB01229,36314,563,67,563_67,1
hsa-mir-874-3p,miRNA,TRAMETINIB,DB08911,11707110,563,101,563_101,1
hsa-mir-874-3p,miRNA,PALBOCICLIB,DB09073,5330286,563,95,563_95,1
hsa-mir-874-3p,miRNA,DOCETAXEL,DB01248,148124,563,3,563_3,1
hsa-mir-875-3p,miRNA,CISPLATIN,DB00515,5460033,564,103,564_103,1
hsa-mir-875-3p,miRNA,DOXORUBICIN,DB00997,31703,564,89,564_89,1
hsa-mir-875-3p,miRNA,PACLITAXEL,DB01229,36314,564,67,564_67,1
hsa-mir-875-5p,miRNA,CISPLATIN,DB00515,5460033,565,103,565_103,1
hsa-mir-875-5p,miRNA,FLUOROURACIL,DB00544,3385,565,7,565_7,1
hsa-mir-876-3p,miRNA,CERITINIB,DB09063,57379345,566,160,566_160,1
hsa-mir-876-3p,miRNA,CISPLATIN,DB00515,5460033,566,103,566_103,1
hsa-mir-877-5p,miRNA,DOXORUBICIN,DB00997,31703,568,89,568_89,1
hsa-mir-877-5p,miRNA,CISPLATIN,DB00515,5460033,568,103,568_103,1
hsa-mir-877-5p,miRNA,FLUOROURACIL,DB00544,3385,568,7,568_7,1
hsa-mir-877-5p,miRNA,VINCRISTINE,DB00541,5978,568,177,568_177,1
hsa-mir-877-5p,miRNA,OXALIPLATIN,DB00526,6857599,568,204,568_204,1
hsa-mir-877-5p,miRNA,PLATINUM,DB12257,23939,568,188,568_188,1
hsa-mir-877-5p,miRNA,IMATINIB,DB00619,5291,568,41,568_41,1
hsa-mir-877-5p,miRNA,FULVESTRANT,DB00947,17756771,568,134,568_134,1
hsa-mir-877-5p,miRNA,TAMOXIFEN,DB00675,2733525,568,123,568_123,1
hsa-mir-885-3p,miRNA,PACLITAXEL,DB01229,36314,569,67,569_67,1
hsa-mir-885-3p,miRNA,FULVESTRANT,DB00947,17756771,569,134,569_134,1
hsa-mir-885-3p,miRNA,DOCETAXEL,DB01248,148124,569,3,569_3,1
hsa-mir-885-3p,miRNA,CISPLATIN,DB00515,5460033,569,103,569_103,1
hsa-mir-885-3p,miRNA,METHOTREXATE,DB00563,126941,569,81,569_81,1
hsa-mir-885-3p,miRNA,DOXORUBICIN,DB00997,31703,569,89,569_89,1
hsa-mir-885-5p,miRNA,TAMOXIFEN,DB00675,2733525,570,123,570_123,1
hsa-mir-885-5p,miRNA,SUNITINIB,DB01268,5329102,570,94,570_94,1
hsa-mir-885-5p,miRNA,DOCETAXEL,DB01248,148124,570,3,570_3,1
hsa-mir-885-5p,miRNA,CISPLATIN,DB00515,5460033,570,103,570_103,1
hsa-mir-885-5p,miRNA,FLUOROURACIL,DB00544,3385,570,7,570_7,1
hsa-mir-887-3p,miRNA,FLUOROURACIL,DB00544,3385,571,7,571_7,1
hsa-mir-887-3p,miRNA,GEMCITABINE,DB00441,60750,571,55,571_55,1
hsa-mir-887-3p,miRNA,FULVESTRANT,DB00947,17756771,571,134,571_134,1
hsa-mir-887-3p,miRNA,CERITINIB,DB09063,57379345,571,160,571_160,1
hsa-mir-887-3p,miRNA,CISPLATIN,DB00515,5460033,571,103,571_103,1
hsa-mir-888-5p,miRNA,DOXORUBICIN,DB00997,31703,572,89,572_89,1
hsa-mir-888-5p,miRNA,VERAPAMIL,DB00661,2520,572,21,572_21,1
hsa-mir-888-5p,miRNA,SUNITINIB,DB01268,5329102,572,94,572_94,1
hsa-mir-888-5p,miRNA,IMATINIB,DB00619,5291,572,41,572_41,1
hsa-mir-889-3p,miRNA,DOXORUBICIN,DB00997,31703,573,89,573_89,1
hsa-mir-889-3p,miRNA,CERITINIB,DB09063,57379345,573,160,573_160,1
hsa-mir-889-3p,miRNA,OXALIPLATIN,DB00526,6857599,573,204,573_204,1
hsa-mir-891a-5p,miRNA,TAMOXIFEN,DB00675,2733525,575,123,575_123,1
hsa-mir-891a-5p,miRNA,CISPLATIN,DB00515,5460033,575,103,575_103,1
hsa-mir-891a-5p,miRNA,CERITINIB,DB09063,57379345,575,160,575_160,1
hsa-mir-891b,miRNA,DOXORUBICIN,DB00997,31703,634,89,634_89,1
hsa-mir-891b,miRNA,N-METHYL-N-NITRO-N-NITROSOGUANIDINE,,9562060,634,127,634_127,1
hsa-mir-892a,miRNA,TRAMETINIB,DB08911,11707110,576,101,576_101,1
hsa-mir-892a,miRNA,VEMURAFENIB,DB08881,42611257,576,148,576_148,1
hsa-mir-892b,miRNA,SORAFENIB,DB00398,216239,577,74,577_74,1
hsa-mir-892b,miRNA,NAVITOCLAX,DB12340,24978538,577,209,577_209,1
hsa-mir-892b,miRNA,OXALIPLATIN,DB00526,6857599,577,204,577_204,1
hsa-mir-892b,miRNA,DOXORUBICIN,DB00997,31703,577,89,577_89,1
hsa-mir-892b,miRNA,PLATINUM,DB12257,23939,577,188,577_188,1
hsa-mir-892b,miRNA,CISPLATIN,DB00515,5460033,577,103,577_103,1
hsa-mir-9-5p,miRNA,DOXORUBICIN,DB00997,31703,578,89,578_89,1
hsa-mir-9-5p,miRNA,ETOPOSIDE,DB00773,36462,578,68,578_68,1
hsa-mir-9-5p,miRNA,IMATINIB,DB00619,5291,578,41,578_41,1
hsa-mir-9-5p,miRNA,DAUNORUBICIN,DB00694,30323,578,88,578_88,1
hsa-mir-9-5p,miRNA,PREDNISOLONE,DB00860,5755,578,44,578_44,1
hsa-mir-9-5p,miRNA,VINCRISTINE,DB00541,5978,578,177,578_177,1
hsa-mir-9-5p,miRNA,GEMCITABINE,DB00441,60750,578,55,578_55,1
hsa-mir-9-5p,miRNA,PACLITAXEL,DB01229,36314,578,67,578_67,1
hsa-mir-9-5p,miRNA,TEMOZOLOMIDE,DB00853,5394,578,174,578_174,1
hsa-mir-9-5p,miRNA,CISPLATIN,DB00515,5460033,578,103,578_103,1
hsa-mir-9-5p,miRNA,RUCAPARIB PHOSPHATE,,9931953,578,194,578_194,1
hsa-mir-9-5p,miRNA,DOCETAXEL,DB01248,148124,578,3,578_3,1
hsa-mir-9-5p,miRNA,DEXAMETHASONE,DB01234,5743,578,43,578_43,1
hsa-mir-9-5p,miRNA,TAMOXIFEN,DB00675,2733525,578,123,578_123,1
hsa-mir-9-5p,miRNA,"[5-[2,4-BIS((3S)-3-METHYLMORPHOLIN-4-YL)PYRIDO[2,3-D]PYRIMIDIN-7-YL]-2-METHOXYPHENYL]METHANOL",,25262965,578,213,578_213,1
hsa-mir-9-5p,miRNA,SUNITINIB,DB01268,5329102,578,94,578_94,1
hsa-mir-9-5p,miRNA,TRAMETINIB,DB08911,11707110,578,101,578_101,1
hsa-mir-9-5p,miRNA,VEMURAFENIB,DB08881,42611257,578,148,578_148,1
hsa-mir-9-5p,miRNA,ALKANNIN,,72521,578,15,578_15,1
hsa-mir-9-5p,miRNA,PLATINUM,DB12257,23939,578,188,578_188,1
hsa-mir-9-5p,miRNA,GEFITINIB,DB00317,123631,578,84,578_84,1
hsa-mir-9-5p,miRNA,REGORAFENIB,DB08896,11167602,578,198,578_198,1
hsa-mir-9-5p,miRNA,FLUOROURACIL,DB00544,3385,578,7,578_7,1
hsa-mir-921,miRNA,FLUOROURACIL,DB00544,3385,579,7,579_7,1
hsa-mir-921,miRNA,GEMCITABINE,DB00441,60750,579,55,579_55,1
hsa-mir-922,miRNA,PACLITAXEL,DB01229,36314,580,67,580_67,1
hsa-mir-922,miRNA,DOXORUBICIN,DB00997,31703,580,89,580_89,1
hsa-mir-922,miRNA,IMATINIB,DB00619,5291,580,41,580_41,1
hsa-mir-922,miRNA,PONATINIB,DB08901,24826799,580,140,580_140,1
hsa-mir-924,miRNA,DOXORUBICIN,DB00997,31703,581,89,581_89,1
hsa-mir-924,miRNA,TRAMETINIB,DB08911,11707110,581,101,581_101,1
hsa-mir-924,miRNA,VEMURAFENIB,DB08881,42611257,581,148,581_148,1
hsa-mir-92a-3p,miRNA,DOXORUBICIN,DB00997,31703,582,89,582_89,1
hsa-mir-92a-3p,miRNA,VERAPAMIL,DB00661,2520,582,21,582_21,1
hsa-mir-92a-3p,miRNA,CISPLATIN,DB00515,5460033,582,103,582_103,1
hsa-mir-92a-3p,miRNA,OXALIPLATIN,DB00526,6857599,582,204,582_204,1
hsa-mir-92a-3p,miRNA,FLUOROURACIL,DB00544,3385,582,7,582_7,1
hsa-mir-92a-3p,miRNA,GEFITINIB,DB00317,123631,582,84,582_84,1
hsa-mir-92a-3p,miRNA,TAXANE,,9548828,582,124,582_124,1
hsa-mir-92a-3p,miRNA,DEXAMETHASONE,DB01234,5743,582,43,582_43,1
hsa-mir-92a-3p,miRNA,TAMOXIFEN,DB00675,2733525,582,123,582_123,1
hsa-mir-92a-3p,miRNA,PLATINUM,DB12257,23939,582,188,582_188,1
hsa-mir-92a-3p,miRNA,DELTAMETHRIN,DB13600,40585,582,75,582_75,1
hsa-mir-92a-3p,miRNA,DAUNORUBICIN,DB00694,30323,582,88,582_88,1
hsa-mir-92a-3p,miRNA,PACLITAXEL,DB01229,36314,582,67,582_67,1
hsa-mir-92a-3p,miRNA,TRAMETINIB,DB08911,11707110,582,101,582_101,1
hsa-mir-92a-3p,miRNA,VEMURAFENIB,DB08881,42611257,582,148,582_148,1
hsa-mir-92a-3p,miRNA,PROGESTERONE,DB00396,5994,582,178,582_178,1
hsa-mir-92a-3p,miRNA,ETOPOSIDE,DB00773,36462,582,68,582_68,1
hsa-mir-92a-3p,miRNA,VINORELBINE,DB00361,44424639,582,150,582_150,1
hsa-mir-92a-3p,miRNA,VINCRISTINE,DB00541,5978,582,177,582_177,1
hsa-mir-92a-3p,miRNA,TEMOZOLOMIDE,DB00853,5394,582,174,582_174,1
hsa-mir-92b-3p,miRNA,CISPLATIN,DB00515,5460033,583,103,583_103,1
hsa-mir-92b-3p,miRNA,OXALIPLATIN,DB00526,6857599,583,204,583_204,1
hsa-mir-92b-3p,miRNA,FLUOROURACIL,DB00544,3385,583,7,583_7,1
hsa-mir-92b-3p,miRNA,GEMCITABINE,DB00441,60750,583,55,583_55,1
hsa-mir-92b-3p,miRNA,BORTEZOMIB,DB00188,387447,583,17,583_17,1
hsa-mir-92b-3p,miRNA,DOXORUBICIN,DB00997,31703,583,89,583_89,1
hsa-mir-92b-3p,miRNA,VINCRISTINE,DB00541,5978,583,177,583_177,1
hsa-mir-92b-3p,miRNA,PACLITAXEL,DB01229,36314,583,67,583_67,1
hsa-mir-92b-3p,miRNA,IMATINIB,DB00619,5291,583,41,583_41,1
hsa-mir-92b-3p,miRNA,CERITINIB,DB09063,57379345,583,160,583_160,1
hsa-mir-92b-3p,miRNA,GEFITINIB,DB00317,123631,583,84,583_84,1
hsa-mir-92b-3p,miRNA,SORAFENIB,DB00398,216239,583,74,583_74,1
hsa-mir-92b-3p,miRNA,VINORELBINE,DB00361,44424639,583,150,583_150,1
hsa-mir-92b-3p,miRNA,ETOPOSIDE,DB00773,36462,583,68,583_68,1
hsa-mir-92b-3p,miRNA,TEMOZOLOMIDE,DB00853,5394,583,174,583_174,1
hsa-mir-93-5p,miRNA,DOXORUBICIN,DB00997,31703,584,89,584_89,1
hsa-mir-93-5p,miRNA,VERAPAMIL,DB00661,2520,584,21,584_21,1
hsa-mir-93-5p,miRNA,CISPLATIN,DB00515,5460033,584,103,584_103,1
hsa-mir-93-5p,miRNA,FLUOROURACIL,DB00544,3385,584,7,584_7,1
hsa-mir-93-5p,miRNA,VINCRISTINE,DB00541,5978,584,177,584_177,1
hsa-mir-93-5p,miRNA,OXALIPLATIN,DB00526,6857599,584,204,584_204,1
hsa-mir-93-5p,miRNA,TAMOXIFEN,DB00675,2733525,584,123,584_123,1
hsa-mir-93-5p,miRNA,SORAFENIB,DB00398,216239,584,74,584_74,1
hsa-mir-93-5p,miRNA,TEMOZOLOMIDE,DB00853,5394,584,174,584_174,1
hsa-mir-93-5p,miRNA,DAUNORUBICIN,DB00694,30323,584,88,584_88,1
hsa-mir-93-5p,miRNA,CERITINIB,DB09063,57379345,584,160,584_160,1
hsa-mir-93-5p,miRNA,PANOBINOSTAT,DB06603,6918837,584,129,584_129,1
hsa-mir-93-5p,miRNA,PACLITAXEL,DB01229,36314,584,67,584_67,1
hsa-mir-93-5p,miRNA,GEFITINIB,DB00317,123631,584,84,584_84,1
hsa-mir-93-5p,miRNA,DABRAFENIB,DB08912,44462760,584,142,584_142,1
hsa-mir-93-5p,miRNA,GEMCITABINE,DB00441,60750,584,55,584_55,1
hsa-mir-93-5p,miRNA,PLATINUM,DB12257,23939,584,188,584_188,1
hsa-mir-933,miRNA,CISPLATIN,DB00515,5460033,585,103,585_103,1
hsa-mir-933,miRNA,CERITINIB,DB09063,57379345,585,160,585_160,1
hsa-mir-933,miRNA,SUNITINIB,DB01268,5329102,585,94,585_94,1
hsa-mir-933,miRNA,PACLITAXEL,DB01229,36314,585,67,585_67,1
hsa-mir-933,miRNA,DOXORUBICIN,DB00997,31703,585,89,585_89,1
hsa-mir-933,miRNA,TEMOZOLOMIDE,DB00853,5394,585,174,585_174,1
hsa-mir-934,miRNA,DOXORUBICIN,DB00997,31703,586,89,586_89,1
hsa-mir-934,miRNA,GEMCITABINE,DB00441,60750,586,55,586_55,1
hsa-mir-934,miRNA,VEMURAFENIB,DB08881,42611257,586,148,586_148,1
hsa-mir-935,miRNA,CISPLATIN,DB00515,5460033,587,103,587_103,1
hsa-mir-935,miRNA,NAVITOCLAX,DB12340,24978538,587,209,587_209,1
hsa-mir-935,miRNA,OXALIPLATIN,DB00526,6857599,587,204,587_204,1
hsa-mir-935,miRNA,TAMOXIFEN,DB00675,2733525,587,123,587_123,1
hsa-mir-935,miRNA,GEMCITABINE,DB00441,60750,587,55,587_55,1
hsa-mir-935,miRNA,FLUOROURACIL,DB00544,3385,587,7,587_7,1
hsa-mir-935,miRNA,DOXORUBICIN,DB00997,31703,587,89,587_89,1
hsa-mir-935,miRNA,DABRAFENIB,DB08912,44462760,587,142,587_142,1
hsa-mir-935,miRNA,VEMURAFENIB,DB08881,42611257,587,148,587_148,1
hsa-mir-935,miRNA,PACLITAXEL,DB01229,36314,587,67,587_67,1
hsa-mir-935,miRNA,FULVESTRANT,DB00947,17756771,587,134,587_134,1
hsa-mir-935,miRNA,TRAMETINIB,DB08911,11707110,587,101,587_101,1
hsa-mir-936,miRNA,CISPLATIN,DB00515,5460033,588,103,588_103,1
hsa-mir-936,miRNA,OXALIPLATIN,DB00526,6857599,588,204,588_204,1
hsa-mir-936,miRNA,GEMCITABINE,DB00441,60750,588,55,588_55,1
hsa-mir-936,miRNA,DOXORUBICIN,DB00997,31703,588,89,588_89,1
hsa-mir-937-3p,miRNA,IMATINIB,DB00619,5291,589,41,589_41,1
hsa-mir-938,miRNA,PACLITAXEL,DB01229,36314,590,67,590_67,1
hsa-mir-939-5p,miRNA,TAMOXIFEN,DB00675,2733525,591,123,591_123,1
hsa-mir-939-5p,miRNA,OXALIPLATIN,DB00526,6857599,591,204,591_204,1
hsa-mir-939-5p,miRNA,GEMCITABINE,DB00441,60750,591,55,591_55,1
hsa-mir-939-5p,miRNA,FLUOROURACIL,DB00544,3385,591,7,591_7,1
hsa-mir-939-5p,miRNA,BORTEZOMIB,DB00188,387447,591,17,591_17,1
hsa-mir-939-5p,miRNA,IMATINIB,DB00619,5291,591,41,591_41,1
hsa-mir-939-5p,miRNA,PLATINUM,DB12257,23939,591,188,591_188,1
hsa-mir-939-5p,miRNA,PACLITAXEL,DB01229,36314,591,67,591_67,1
hsa-mir-939-5p,miRNA,CISPLATIN,DB00515,5460033,591,103,591_103,1
hsa-mir-944,miRNA,CERITINIB,DB09063,57379345,593,160,593_160,1
hsa-mir-944,miRNA,CISPLATIN,DB00515,5460033,593,103,593_103,1
hsa-mir-944,miRNA,DOXORUBICIN,DB00997,31703,593,89,593_89,1
hsa-mir-944,miRNA,GEFITINIB,DB00317,123631,593,84,593_84,1
hsa-mir-95-3p,miRNA,PACLITAXEL,DB01229,36314,594,67,594_67,1
hsa-mir-95-3p,miRNA,DOCETAXEL,DB01248,148124,594,3,594_3,1
hsa-mir-95-3p,miRNA,TAMOXIFEN,DB00675,2733525,594,123,594_123,1
hsa-mir-95-3p,miRNA,CERITINIB,DB09063,57379345,594,160,594_160,1
hsa-mir-95-3p,miRNA,FLUOROURACIL,DB00544,3385,594,7,594_7,1
hsa-mir-95-3p,miRNA,OXALIPLATIN,DB00526,6857599,594,204,594_204,1
hsa-mir-95-3p,miRNA,SORAFENIB,DB00398,216239,594,74,594_74,1
hsa-mir-95-3p,miRNA,GEFITINIB,DB00317,123631,594,84,594_84,1
hsa-mir-95-3p,miRNA,CISPLATIN,DB00515,5460033,594,103,594_103,1
hsa-mir-95-3p,miRNA,ETOPOSIDE,DB00773,36462,594,68,594_68,1
hsa-mir-95-3p,miRNA,DOXORUBICIN,DB00997,31703,594,89,594_89,1
hsa-mir-95-3p,miRNA,VINORELBINE,DB00361,44424639,594,150,594_150,1
hsa-mir-95-3p,miRNA,VINCRISTINE,DB00541,5978,594,177,594_177,1
hsa-mir-96-5p,miRNA,DOXORUBICIN,DB00997,31703,595,89,595_89,1
hsa-mir-96-5p,miRNA,VERAPAMIL,DB00661,2520,595,21,595_21,1
hsa-mir-96-5p,miRNA,IMATINIB,DB00619,5291,595,41,595_41,1
hsa-mir-96-5p,miRNA,CISPLATIN,DB00515,5460033,595,103,595_103,1
hsa-mir-96-5p,miRNA,TAMOXIFEN,DB00675,2733525,595,123,595_123,1
hsa-mir-96-5p,miRNA,FLUOROURACIL,DB00544,3385,595,7,595_7,1
hsa-mir-96-5p,miRNA,DOCETAXEL,DB01248,148124,595,3,595_3,1
hsa-mir-96-5p,miRNA,GEMCITABINE,DB00441,60750,595,55,595_55,1
hsa-mir-96-5p,miRNA,TAXANE,,9548828,595,124,595_124,1
hsa-mir-96-5p,miRNA,PACLITAXEL,DB01229,36314,595,67,595_67,1
hsa-mir-96-5p,miRNA,PLX-4720,DB06999,24180719,595,146,595_146,1
hsa-mir-96-5p,miRNA,SORAFENIB,DB00398,216239,595,74,595_74,1
hsa-mir-96-5p,miRNA,OXALIPLATIN,DB00526,6857599,595,204,595_204,1
hsa-mir-96-5p,miRNA,FULVESTRANT,DB00947,17756771,595,134,595_134,1
hsa-mir-96-5p,miRNA,TRAMETINIB,DB08911,11707110,595,101,595_101,1
hsa-mir-96-5p,miRNA,VEMURAFENIB,DB08881,42611257,595,148,595_148,1
hsa-mir-96-5p,miRNA,CYTARABINE,DB00987,6253,595,35,595_35,1
hsa-mir-96-5p,miRNA,GEFITINIB,DB00317,123631,595,84,595_84,1
hsa-mir-98-5p,miRNA,DOCETAXEL,DB01248,148124,596,3,596_3,1
hsa-mir-98-5p,miRNA,DOXORUBICIN,DB00997,31703,596,89,596_89,1
hsa-mir-98-5p,miRNA,10-HYDROXYCAMPTOTHECIN,DB12385,97226,596,205,596_205,1
hsa-mir-98-5p,miRNA,CISPLATIN,DB00515,5460033,596,103,596_103,1
hsa-mir-98-5p,miRNA,GEMCITABINE,DB00441,60750,596,55,596_55,1
hsa-mir-98-5p,miRNA,FLUOROURACIL,DB00544,3385,596,7,596_7,1
hsa-mir-98-5p,miRNA,DEXAMETHASONE,DB01234,5743,596,43,596_43,1
hsa-mir-98-5p,miRNA,TAMOXIFEN,DB00675,2733525,596,123,596_123,1
hsa-mir-98-5p,miRNA,PLATINUM,DB12257,23939,596,188,596_188,1
hsa-mir-98-5p,miRNA,MITOXANTRONE,DB01204,4212,596,22,596_22,1
hsa-mir-98-5p,miRNA,STREPTOMYCIN,DB01082,19649,596,184,596_184,1
hsa-mir-98-5p,miRNA,FULVESTRANT,DB00947,17756771,596,134,596_134,1
hsa-mir-98-5p,miRNA,GEFITINIB,DB00317,123631,596,84,596_84,1
hsa-mir-98-5p,miRNA,BROMOCRIPTINE,DB01200,31101,596,86,596_86,1
hsa-mir-98-5p,miRNA,SORAFENIB,DB00398,216239,596,74,596_74,1
hsa-mir-98-5p,miRNA,PACLITAXEL,DB01229,36314,596,67,596_67,1
hsa-mir-98-5p,miRNA,DABRAFENIB,DB08912,44462760,596,142,596_142,1
hsa-mir-99a-5p,miRNA,DOXORUBICIN,DB00997,31703,597,89,597_89,1
hsa-mir-99a-5p,miRNA,VERAPAMIL,DB00661,2520,597,21,597_21,1
hsa-mir-99a-5p,miRNA,DAUNORUBICIN,DB00694,30323,597,88,597_88,1
hsa-mir-99a-5p,miRNA,PREDNISOLONE,DB00860,5755,597,44,597_44,1
hsa-mir-99a-5p,miRNA,VINCRISTINE,DB00541,5978,597,177,597_177,1
hsa-mir-99a-5p,miRNA,CISPLATIN,DB00515,5460033,597,103,597_103,1
hsa-mir-99a-5p,miRNA,OXALIPLATIN,DB00526,6857599,597,204,597_204,1
hsa-mir-99a-5p,miRNA,FLUOROURACIL,DB00544,3385,597,7,597_7,1
hsa-mir-99a-5p,miRNA,DOCETAXEL,DB01248,148124,597,3,597_3,1
hsa-mir-99a-5p,miRNA,GEMCITABINE,DB00441,60750,597,55,597_55,1
hsa-mir-99a-5p,miRNA,GEFITINIB,DB00317,123631,597,84,597_84,1
hsa-mir-99a-5p,miRNA,TAXANE,,9548828,597,124,597_124,1
hsa-mir-99a-5p,miRNA,DEXAMETHASONE,DB01234,5743,597,43,597_43,1
hsa-mir-99a-5p,miRNA,PLX-4720,DB06999,24180719,597,146,597_146,1
hsa-mir-99a-5p,miRNA,PLATINUM,DB12257,23939,597,188,597_188,1
hsa-mir-99a-5p,miRNA,DABRAFENIB,DB08912,44462760,597,142,597_142,1
hsa-mir-99a-5p,miRNA,VEMURAFENIB,DB08881,42611257,597,148,597_148,1
hsa-mir-99a-5p,miRNA,PACLITAXEL,DB01229,36314,597,67,597_67,1
hsa-mir-99a-5p,miRNA,IMATINIB,DB00619,5291,597,41,597_41,1
hsa-mir-99a-5p,miRNA,FULVESTRANT,DB00947,17756771,597,134,597_134,1
hsa-mir-99a-5p,miRNA,CRIZOTINIB,DB08865,11626560,597,197,597_197,1
hsa-mir-99a-5p,miRNA,LORLATINIB,DB12130,71731823,597,167,597_167,1
hsa-mir-99a-5p,miRNA,TEMOZOLOMIDE,DB00853,5394,597,174,597_174,1
hsa-mir-99a-5p,miRNA,SORAFENIB,DB00398,216239,597,74,597_74,1
hsa-mir-99a-5p,miRNA,OSIMERTINIB,DB09330,71496458,597,161,597_161,1
hsa-mir-99b-5p,miRNA,DOXORUBICIN,DB00997,31703,598,89,598_89,1
hsa-mir-99b-5p,miRNA,CISPLATIN,DB00515,5460033,598,103,598_103,1
hsa-mir-99b-5p,miRNA,SORAFENIB,DB00398,216239,598,74,598_74,1
hsa-mir-99b-5p,miRNA,10-HYDROXYCAMPTOTHECIN,DB12385,97226,598,205,598_205,1
hsa-mir-99b-5p,miRNA,TAMOXIFEN,DB00675,2733525,598,123,598_123,1
hsa-mir-99b-5p,miRNA,GEMCITABINE,DB00441,60750,598,55,598_55,1
hsa-mir-99b-5p,miRNA,OXALIPLATIN,DB00526,6857599,598,204,598_204,1
hsa-mir-99b-5p,miRNA,PACLITAXEL,DB01229,36314,598,67,598_67,1
hsa-mir-99b-5p,miRNA,DOCETAXEL,DB01248,148124,598,3,598_3,1
hsa-mir-99b-5p,miRNA,VINCRISTINE,DB00541,5978,598,177,598_177,1
hsa-mir-99b-5p,miRNA,FLUOROURACIL,DB00544,3385,598,7,598_7,1
hsa-mir-99b-5p,miRNA,PLATINUM,DB12257,23939,598,188,598_188,1
hsa-mir-99b-5p,miRNA,AZACITIDINE,DB00928,9444,598,179,598_179,1
hsa-mir-99b-5p,miRNA,IMATINIB,DB00619,5291,598,41,598_41,1
hsa-mir-99b-5p,miRNA,CRIZOTINIB,DB08865,11626560,598,197,598_197,1
hsa-mir-99b-5p,miRNA,LORLATINIB,DB12130,71731823,598,167,598_167,1
hsa-mir-99b-5p,miRNA,CYCLOPHOSPHAMIDE,DB00531,2907,598,16,598_16,1
hsa-mir-99b-5p,miRNA,PAZOPANIB,DB06589,10113978,598,133,598_133,1
