ncRNA_Name,ncRNA_Type,Drug_Name,DrugBank_ID,CID
HSA-IET-7D-5P,miRNA,PACLITAXEL,DB01229,36314
HSA-LET-7,miRNA,TAXANE,NA,9548828
HSA-LET-7,miRNA,VINBLASTINE,DB00570,442111
HSA-LET-7,miRNA,SIROLIMUS,DB00877,5284616
HSA-LET-7,miRNA,PACLITAXEL,DB01229,36314
HSA-LET-7,miRNA,GEMCITABINE,DB00441,60750
HSA-LET-7,miRNA,CISPLATIN,DB00515,5460033
HSA-LET-7A-1,miRNA,CERITINIB,DB09063,57379345
HSA-LET-7A-1,miRNA,DABRAFENIB,DB08912,44462760
HSA-LET-7A-2,miRNA,TAMOXIFEN,DB00675,2733525
HSA-LET-7A-2,miRNA,DABRAFENIB,DB08912,44462760
HSA-LET-7A-2-3P,miRNA,OXALIPLATIN,DB00526,6857599
HSA-LET-7A-3,miRNA,DABRAFENIB,DB08912,44462760
HSA-LET-7A-3P,miRNA,GEMCITABINE,DB00441,60750
HSA-LET-7A-3P,miRNA,DOCETAXEL,DB01248,148124
HSA-LET-7A-5P,miRNA,DOXORUBICIN,DB00997,31703
HSA-LET-7A-5P,miRNA,CAPECITABINE,DB01101,60953
HSA-LET-7A-5P,miRNA,PACLITAXEL,DB01229,36314
HSA-LET-7A-5P,miRNA,GEMCITABINE,DB00441,60750
HSA-LET-7A-5P,miRNA,IMATINIB,DB00619,5291
HSA-LET-7A-5P,miRNA,CYTARABINE,DB00987,6253
HSA-LET-7A-5P,miRNA,OXALIPLATIN,DB00526,6857599
HSA-LET-7A-5P,miRNA,CISPLATIN,DB00515,5460033
HSA-LET-7A-5P,miRNA,EPIRUBICIN,DB00445,41867
HSA-LET-7A-5P,miRNA,TAMOXIFEN,DB00675,2733525
HSA-LET-7A-5P,miRNA,PLX-4720,DB06999,24180719
HSA-LET-7A-5P,miRNA,PLATINUM,DB12257,23939
HSA-LET-7A-5P,miRNA,DOCETAXEL,DB01248,148124
HSA-LET-7A-5P,miRNA,BORTEZOMIB,DB00188,387447
HSA-LET-7A-5P,miRNA,FLUOROURACIL,DB00544,3385
HSA-LET-7A-5P,miRNA,GEFITINIB,DB00317,123631
HSA-LET-7A-5P,miRNA,OSIMERTINIB,DB09330,71496458
HSA-LET-7A2,miRNA,OXALIPLATIN,DB00526,6857599
HSA-LET-7B,miRNA,DOXORUBICIN,DB00997,31703
HSA-LET-7B,miRNA,GEMCITABINE,DB00441,60750
HSA-LET-7B,miRNA,IMATINIB,DB00619,5291
HSA-LET-7B,miRNA,TAMOXIFEN,DB00675,2733525
HSA-LET-7B,miRNA,FLUOROURACIL,DB00544,3385
HSA-LET-7B,miRNA,CISPLATIN,DB00515,5460033
HSA-LET-7B,miRNA,PAROXETINE,DB00715,43815
HSA-LET-7B,miRNA,PACLITAXEL,DB01229,36314
HSA-LET-7B,miRNA,EPIRUBICIN,DB00445,41867
HSA-LET-7B,miRNA,SORAFENIB,DB00398,216239
HSA-LET-7B,miRNA,PLX-4720,DB06999,24180719
HSA-LET-7B,miRNA,GEFITINIB,DB00317,123631
HSA-LET-7B,miRNA,FULVESTRANT,DB00947,17756771
HSA-LET-7B,miRNA,VINCRISTINE,DB00541,5978
HSA-LET-7B,miRNA,TEMOZOLOMIDE,DB00853,5394
HSA-LET-7B,miRNA,REGORAFENIB,DB08896,11167602
HSA-LET-7B,miRNA,DABRAFENIB,DB08912,44462760
HSA-LET-7B,miRNA,OSIMERTINIB,DB09330,71496458
HSA-LET-7B-3P,miRNA,CISPLATIN,DB00515,5460033
HSA-LET-7B-5P,miRNA,TAMOXIFEN,DB00675,2733525
HSA-LET-7B-5P,miRNA,PLATINUM,DB12257,23939
HSA-LET-7B-5P,miRNA,CISPLATIN,DB00515,5460033
HSA-LET-7B-5P,miRNA,DABRAFENIB,DB08912,44462760
HSA-LET-7B-5P,miRNA,VEMURAFENIB,DB08881,42611257
HSA-LET-7B-5P,miRNA,PACLITAXEL,DB01229,36314
HSA-LET-7B-5P,miRNA,GEFITINIB,DB00317,123631
HSA-LET-7B-5P,miRNA,FLUOROURACIL,DB00544,3385
HSA-LET-7B-5P,miRNA,IMATINIB,DB00619,5291
HSA-LET-7B-5P,miRNA,SORAFENIB,DB00398,216239
HSA-LET-7C,miRNA,GEMCITABINE,DB00441,60750
HSA-LET-7C,miRNA,CISPLATIN,DB00515,5460033
HSA-LET-7C,miRNA,DAUNORUBICIN,DB00694,30323
HSA-LET-7C,miRNA,PREDNISOLONE,DB00860,5755
HSA-LET-7C,miRNA,VINCRISTINE,DB00541,5978
HSA-LET-7C,miRNA,FLUOROURACIL,DB00544,3385
HSA-LET-7C,miRNA,PAROXETINE,DB00715,43815
HSA-LET-7C,miRNA,DOXORUBICIN,DB00997,31703
HSA-LET-7C,miRNA,DOCETAXEL,DB01248,148124
HSA-LET-7C,miRNA,OXALIPLATIN,DB00526,6857599
HSA-LET-7C,miRNA,ERLOTINIB,DB00530,176870
HSA-LET-7C,miRNA,GEFITINIB,DB00317,123631
HSA-LET-7C,miRNA,SORAFENIB,DB00398,216239
HSA-LET-7C,miRNA,PLX-4720,DB06999,24180719
HSA-LET-7C,miRNA,PLATINUM,DB12257,23939
HSA-LET-7C,miRNA,IMATINIB,DB00619,5291
HSA-LET-7C,miRNA,AZACITIDINE,DB00928,9444
HSA-LET-7C,miRNA,TAMOXIFEN,DB00675,2733525
HSA-LET-7C,miRNA,PACLITAXEL,DB01229,36314
HSA-LET-7C,miRNA,TEMOZOLOMIDE,DB00853,5394
HSA-LET-7C,miRNA,OSIMERTINIB,DB09330,71496458
HSA-LET-7C,miRNA,DABRAFENIB,DB08912,44462760
HSA-LET-7C-3P,miRNA,TEMOZOLOMIDE,DB00853,5394
HSA-LET-7C-5P,miRNA,TAMOXIFEN,DB00675,2733525
HSA-LET-7C-5P,miRNA,PACLITAXEL,DB01229,36314
HSA-LET-7C-5P,miRNA,FLUOROURACIL,DB00544,3385
HSA-LET-7C-5P,miRNA,TAXANE,NA,9548828
HSA-LET-7C-5P,miRNA,CISPLATIN,DB00515,5460033
HSA-LET-7D,miRNA,DOXORUBICIN,DB00997,31703
HSA-LET-7D,miRNA,GEMCITABINE,DB00441,60750
HSA-LET-7D,miRNA,CISPLATIN,DB00515,5460033
HSA-LET-7D,miRNA,IMATINIB,DB00619,5291
HSA-LET-7D,miRNA,PACLITAXEL,DB01229,36314
HSA-LET-7D,miRNA,OXALIPLATIN,DB00526,6857599
HSA-LET-7D,miRNA,FLUOROURACIL,DB00544,3385
HSA-LET-7D,miRNA,MITOXANTRONE,DB01204,4212
HSA-LET-7D,miRNA,GEFITINIB,DB00317,123631
HSA-LET-7D,miRNA,FULVESTRANT,DB00947,17756771
HSA-LET-7D,miRNA,TAMOXIFEN,DB00675,2733525
HSA-LET-7D,miRNA,DABRAFENIB,DB08912,44462760
HSA-LET-7D,miRNA,OSIMERTINIB,DB09330,71496458
HSA-LET-7D-3P,miRNA,PAROXETINE,DB00715,43815
HSA-LET-7D-3P,miRNA,BORTEZOMIB,DB00188,387447
HSA-LET-7D-3P,miRNA,CISPLATIN,DB00515,5460033
HSA-LET-7D-3P,miRNA,DABRAFENIB,DB08912,44462760
HSA-LET-7D-3P,miRNA,VEMURAFENIB,DB08881,42611257
HSA-LET-7D-3P,miRNA,GEMCITABINE,DB00441,60750
HSA-LET-7D-5P,miRNA,CISPLATIN,DB00515,5460033
HSA-LET-7D-5P,miRNA,TAMOXIFEN,DB00675,2733525
HSA-LET-7D-5P,miRNA,PLATINUM,DB12257,23939
HSA-LET-7D-5P,miRNA,IMATINIB,DB00619,5291
HSA-LET-7D-5P,miRNA,PACLITAXEL,DB01229,36314
HSA-LET-7D-5P,miRNA,TRAMETINIB,DB08911,11707110
HSA-LET-7D-5P,miRNA,VEMURAFENIB,DB08881,42611257
HSA-LET-7D-5P,miRNA,TIVANTINIB,DB12200,11494412
HSA-LET-7D-V2,miRNA,OXALIPLATIN,DB00526,6857599
HSA-LET-7E,miRNA,CISPLATIN,DB00515,5460033
HSA-LET-7E,miRNA,DOXORUBICIN,DB00997,31703
HSA-LET-7E,miRNA,VERAPAMIL,DB00661,2520
HSA-LET-7E,miRNA,FLUOROURACIL,DB00544,3385
HSA-LET-7E,miRNA,OXALIPLATIN,DB00526,6857599
HSA-LET-7E,miRNA,PACLITAXEL,DB01229,36314
HSA-LET-7E,miRNA,VINCRISTINE,DB00541,5978
HSA-LET-7E,miRNA,GEFITINIB,DB00317,123631
HSA-LET-7E,miRNA,IMATINIB,DB00619,5291
HSA-LET-7E,miRNA,PLX-4720,DB06999,24180719
HSA-LET-7E,miRNA,DAUNORUBICIN,DB00694,30323
HSA-LET-7E,miRNA,TAMOXIFEN,DB00675,2733525
HSA-LET-7E,miRNA,FULVESTRANT,DB00947,17756771
HSA-LET-7E,miRNA,VEMURAFENIB,DB08881,42611257
HSA-LET-7E,miRNA,REGORAFENIB,DB08896,11167602
HSA-LET-7E-3P,miRNA,DOXORUBICIN,DB00997,31703
HSA-LET-7E-3P,miRNA,VERAPAMIL,DB00661,2520
HSA-LET-7E-3P,miRNA,OXALIPLATIN,DB00526,6857599
HSA-LET-7E-3P,miRNA,CISPLATIN,DB00515,5460033
HSA-LET-7E-5P,miRNA,PLATINUM,DB12257,23939
HSA-LET-7E-5P,miRNA,PACLITAXEL,DB01229,36314
HSA-LET-7E-5P,miRNA,IMATINIB,DB00619,5291
HSA-LET-7E-5P,miRNA,GEMCITABINE,DB00441,60750
HSA-LET-7E-5P,miRNA,CISPLATIN,DB00515,5460033
HSA-LET-7F-1,miRNA,CISPLATIN,DB00515,5460033
HSA-LET-7F-1,miRNA,TAMOXIFEN,DB00675,2733525
HSA-LET-7F-1,miRNA,DABRAFENIB,DB08912,44462760
HSA-LET-7F-1-3P,miRNA,FLUOROURACIL,DB00544,3385
HSA-LET-7F-1-3P,miRNA,GEMCITABINE,DB00441,60750
HSA-LET-7F-1-3P,miRNA,CISPLATIN,DB00515,5460033
HSA-LET-7F-2,miRNA,DABRAFENIB,DB08912,44462760
HSA-LET-7F-2-3P,miRNA,GEMCITABINE,DB00441,60750
HSA-LET-7F-2-3P,miRNA,CISPLATIN,DB00515,5460033
HSA-LET-7F-5P,miRNA,DOXORUBICIN,DB00997,31703
HSA-LET-7F-5P,miRNA,VERAPAMIL,DB00661,2520
HSA-LET-7F-5P,miRNA,GEMCITABINE,DB00441,60750
HSA-LET-7F-5P,miRNA,CISPLATIN,DB00515,5460033
HSA-LET-7F-5P,miRNA,IMATINIB,DB00619,5291
HSA-LET-7F-5P,miRNA,TAMOXIFEN,DB00675,2733525
HSA-LET-7F-5P,miRNA,PLATINUM,DB12257,23939
HSA-LET-7F-5P,miRNA,FLUOROURACIL,DB00544,3385
HSA-LET-7F-5P,miRNA,AZACITIDINE,DB00928,9444
HSA-LET-7F-5P,miRNA,PACLITAXEL,DB01229,36314
HSA-LET-7F-5P,miRNA,TRAMETINIB,DB08911,11707110
HSA-LET-7F-5P,miRNA,VEMURAFENIB,DB08881,42611257
HSA-LET-7F-5P,miRNA,GEFITINIB,DB00317,123631
HSA-LET-7F-5P,miRNA,OXALIPLATIN,DB00526,6857599
HSA-LET-7F-5P,miRNA,DOCETAXEL,DB01248,148124
HSA-LET-7G,miRNA,DOXORUBICIN,DB00997,31703
HSA-LET-7G,miRNA,VERAPAMIL,DB00661,2520
HSA-LET-7G,miRNA,CISPLATIN,DB00515,5460033
HSA-LET-7G,miRNA,10-HYDROXYCAMPTOTHECIN,DB12385,97226
HSA-LET-7G,miRNA,FLUOROURACIL,DB00544,3385
HSA-LET-7G,miRNA,PACLITAXEL,DB01229,36314
HSA-LET-7G,miRNA,OXALIPLATIN,DB00526,6857599
HSA-LET-7G,miRNA,GEFITINIB,DB00317,123631
HSA-LET-7G-5P,miRNA,TAMOXIFEN,DB00675,2733525
HSA-LET-7G-5P,miRNA,PACLITAXEL,DB01229,36314
HSA-LET-7G-5P,miRNA,PLATINUM,DB12257,23939
HSA-LET-7G-5P,miRNA,CISPLATIN,DB00515,5460033
HSA-LET-7G-5P,miRNA,TRAMETINIB,DB08911,11707110
HSA-LET-7G-5P,miRNA,VEMURAFENIB,DB08881,42611257
HSA-LET-7G-5P,miRNA,TEMOZOLOMIDE,DB00853,5394
HSA-LET-7G-5P,miRNA,OXALIPLATIN,DB00526,6857599
HSA-LET-7G-5P,miRNA,DOCETAXEL,DB01248,148124
HSA-LET-7I,miRNA,DOXORUBICIN,DB00997,31703
HSA-LET-7I,miRNA,CISPLATIN,DB00515,5460033
HSA-LET-7I,miRNA,VERAPAMIL,DB00661,2520
HSA-LET-7I,miRNA,IMATINIB,DB00619,5291
HSA-LET-7I,miRNA,TAMOXIFEN,DB00675,2733525
HSA-LET-7I,miRNA,PACLITAXEL,DB01229,36314
HSA-LET-7I,miRNA,GEMCITABINE,DB00441,60750
HSA-LET-7I,miRNA,OXALIPLATIN,DB00526,6857599
HSA-LET-7I,miRNA,FLUOROURACIL,DB00544,3385
HSA-LET-7I,miRNA,TAXANE,NA,9548828
HSA-LET-7I,miRNA,DABRAFENIB,DB08912,44462760
HSA-LET-7I,miRNA,GEFITINIB,DB00317,123631
HSA-LET-7I,miRNA,OLAPARIB,DB09074,23725625
HSA-LET-7I-3P,miRNA,TAMOXIFEN,DB00675,2733525
HSA-LET-7I-3P,miRNA,CISPLATIN,DB00515,5460033
HSA-LET-7I-3P,miRNA,GEFITINIB,DB00317,123631
HSA-LET-7I-3P,miRNA,GEMCITABINE,DB00441,60750
HSA-LET-7I-5P,miRNA,TAMOXIFEN,DB00675,2733525
HSA-LET-7I-5P,miRNA,PLATINUM,DB12257,23939
HSA-LET-7I-5P,miRNA,CISPLATIN,DB00515,5460033
HSA-LET-7I-5P,miRNA,DABRAFENIB,DB08912,44462760
HSA-LET-7I-5P,miRNA,VEMURAFENIB,DB08881,42611257
HSA-LET-7I-5P,miRNA,PACLITAXEL,DB01229,36314
HSA-LET-7I-5P,miRNA,GEMCITABINE,DB00441,60750
HSA-LET-7I-5P,miRNA,IMATINIB,DB00619,5291
HSA-LET-7I-5P,miRNA,ERLOTINIB,DB00530,176870
HSA-LET-7I-5P,miRNA,GEFITINIB,DB00317,123631
HSA-LET-7I-5P,miRNA,OXALIPLATIN,DB00526,6857599
HSA-MIR-010A,miRNA,CISPLATIN,DB00515,5460033
HSA-MIR-016B,miRNA,CISPLATIN,DB00515,5460033
HSA-MIR-019B,miRNA,CISPLATIN,DB00515,5460033
HSA-MIR-020,miRNA,CISPLATIN,DB00515,5460033
HSA-MIR-023A,miRNA,CISPLATIN,DB00515,5460033
HSA-MIR-023B,miRNA,CISPLATIN,DB00515,5460033
HSA-MIR-026A,miRNA,CISPLATIN,DB00515,5460033
HSA-MIR-029C,miRNA,CISPLATIN,DB00515,5460033
HSA-MIR-092,miRNA,CISPLATIN,DB00515,5460033
HSA-MIR-093,miRNA,CISPLATIN,DB00515,5460033
HSA-MIR-099,miRNA,CISPLATIN,DB00515,5460033
HSA-MIR-1-3P,miRNA,DOXORUBICIN,DB00997,31703
HSA-MIR-1-3P,miRNA,VERAPAMIL,DB00661,2520
HSA-MIR-1-3P,miRNA,IMATINIB,DB00619,5291
HSA-MIR-1-3P,miRNA,CYCLOPAMINE,NA,442972
HSA-MIR-1-3P,miRNA,PACLITAXEL,DB01229,36314
HSA-MIR-1-3P,miRNA,OXALIPLATIN,DB00526,6857599
HSA-MIR-1-3P,miRNA,CISPLATIN,DB00515,5460033
HSA-MIR-1-3P,miRNA,MITOXANTRONE,DB01204,4212
HSA-MIR-1-3P,miRNA,GEMCITABINE,DB00441,60750
HSA-MIR-1-3P,miRNA,GEFITINIB,DB00317,123631
HSA-MIR-1-3P,miRNA,CYFLUMETOFEN,NA,11496052
HSA-MIR-1-3P,miRNA,FULVESTRANT,DB00947,17756771
HSA-MIR-1-3P,miRNA,VINCRISTINE,DB00541,5978
HSA-MIR-1-3P,miRNA,VEMURAFENIB,DB08881,42611257
HSA-MIR-1-3P,miRNA,BROMOCRIPTINE,DB01200,31101
HSA-MIR-1-3P,miRNA,SORAFENIB,DB00398,216239
HSA-MIR-1-3P,miRNA,ETOPOSIDE,DB00773,36462
HSA-MIR-1-3P,miRNA,VINORELBINE,DB00361,44424639
HSA-MIR-100-3P,miRNA,CISPLATIN,DB00515,5460033
HSA-MIR-100-3P,miRNA,TAXANE,NA,9548828
HSA-MIR-100-3P,miRNA,IMATINIB,DB00619,5291
HSA-MIR-100-3P,miRNA,PONATINIB,DB08901,24826799
HSA-MIR-100-3P,miRNA,DOCETAXEL,DB01248,148124
HSA-MIR-100-5P,miRNA,DOXORUBICIN,DB00997,31703
HSA-MIR-100-5P,miRNA,CISPLATIN,DB00515,5460033
HSA-MIR-100-5P,miRNA,VERAPAMIL,DB00661,2520
HSA-MIR-100-5P,miRNA,SORAFENIB,DB00398,216239
HSA-MIR-100-5P,miRNA,PACLITAXEL,DB01229,36314
HSA-MIR-100-5P,miRNA,VINCRISTINE,DB00541,5978
HSA-MIR-100-5P,miRNA,DAUNORUBICIN,DB00694,30323
HSA-MIR-100-5P,miRNA,PREDNISOLONE,DB00860,5755
HSA-MIR-100-5P,miRNA,DOCETAXEL,DB01248,148124
HSA-MIR-100-5P,miRNA,TAMOXIFEN,DB00675,2733525
HSA-MIR-100-5P,miRNA,GEMCITABINE,DB00441,60750
HSA-MIR-100-5P,miRNA,OXALIPLATIN,DB00526,6857599
HSA-MIR-100-5P,miRNA,ETOPOSIDE,DB00773,36462
HSA-MIR-100-5P,miRNA,GEFITINIB,DB00317,123631
HSA-MIR-100-5P,miRNA,DEXAMETHASONE,DB01234,5743
HSA-MIR-100-5P,miRNA,PLX-4720,DB06999,24180719
HSA-MIR-100-5P,miRNA,PLATINUM,DB12257,23939
HSA-MIR-100-5P,miRNA,MITOXANTRONE,DB01204,4212
HSA-MIR-100-5P,miRNA,VEMURAFENIB,DB08881,42611257
HSA-MIR-100-5P,miRNA,DABRAFENIB,DB08912,44462760
HSA-MIR-100-5P,miRNA,TRAMETINIB,DB08911,11707110
HSA-MIR-100-5P,miRNA,CRIZOTINIB,DB08865,11626560
HSA-MIR-100-5P,miRNA,LORLATINIB,DB12130,71731823
HSA-MIR-100-5P,miRNA,FULVESTRANT,DB00947,17756771
HSA-MIR-100-5P,miRNA,FLUOROURACIL,DB00544,3385
HSA-MIR-100-5P,miRNA,BROMOCRIPTINE,DB01200,31101
HSA-MIR-100-5P,miRNA,METHOTREXATE,DB00563,126941
HSA-MIR-100-5P,miRNA,RUXOLITINIB,DB08877,25126798
HSA-MIR-100-5P,miRNA,VINORELBINE,DB00361,44424639
HSA-MIR-100*,miRNA,IMATINIB,DB00619,5291
HSA-MIR-101-3P,miRNA,NAVITOCLAX,DB12340,24978538
HSA-MIR-101-3P,miRNA,DOCETAXEL,DB01248,148124
HSA-MIR-101-3P,miRNA,CISPLATIN,DB00515,5460033
HSA-MIR-101-3P,miRNA,DOXORUBICIN,DB00997,31703
HSA-MIR-101-3P,miRNA,FLUOROURACIL,DB00544,3385
HSA-MIR-101-3P,miRNA,PACLITAXEL,DB01229,36314
HSA-MIR-101-3P,miRNA,SIROLIMUS,DB00877,5284616
HSA-MIR-101-3P,miRNA,GEMCITABINE,DB00441,60750
HSA-MIR-101-3P,miRNA,BORTEZOMIB,DB00188,387447
HSA-MIR-101-3P,miRNA,TAMOXIFEN,DB00675,2733525
HSA-MIR-101-3P,miRNA,PLATINUM,DB12257,23939
HSA-MIR-101-3P,miRNA,VINCRISTINE,DB00541,5978
HSA-MIR-101-3P,miRNA,SORAFENIB,DB00398,216239
HSA-MIR-101-3P,miRNA,IMATINIB,DB00619,5291
HSA-MIR-101-3P,miRNA,TEMOZOLOMIDE,DB00853,5394
HSA-MIR-101-3P,miRNA,AZACITIDINE,DB00928,9444
HSA-MIR-101-3P,miRNA,MITOXANTRONE,DB01204,4212
HSA-MIR-101-3P,miRNA,OXALIPLATIN,DB00526,6857599
HSA-MIR-101-3P,miRNA,GEFITINIB,DB00317,123631
HSA-MIR-101-5P,miRNA,DOXORUBICIN,DB00997,31703
HSA-MIR-101-5P,miRNA,VERAPAMIL,DB00661,2520
HSA-MIR-102,miRNA,OXALIPLATIN,DB00526,6857599
HSA-MIR-103A-2,miRNA,CERITINIB,DB09063,57379345
HSA-MIR-103A-2-5P,miRNA,PACLITAXEL,DB01229,36314
HSA-MIR-103A-2-5P,miRNA,SORAFENIB,DB00398,216239
HSA-MIR-103A-3P,miRNA,DOXORUBICIN,DB00997,31703
HSA-MIR-103A-3P,miRNA,TAMOXIFEN,DB00675,2733525
HSA-MIR-103A-3P,miRNA,FLUOROURACIL,DB00544,3385
HSA-MIR-103A-3P,miRNA,CAMPTOTHECIN,DB04690,24360
HSA-MIR-103A-3P,miRNA,CISPLATIN,DB00515,5460033
HSA-MIR-103A-3P,miRNA,ETOPOSIDE,DB00773,36462
HSA-MIR-103A-3P,miRNA,OLAPARIB,DB09074,23725625
HSA-MIR-103A-3P,miRNA,OXALIPLATIN,DB00526,6857599
HSA-MIR-103A-3P,miRNA,IMATINIB,DB00619,5291
HSA-MIR-103A-3P,miRNA,PLATINUM,DB12257,23939
HSA-MIR-103A-3P,miRNA,DEXAMETHASONE,DB01234,5743
HSA-MIR-103A-3P,miRNA,GEFITINIB,DB00317,123631
HSA-MIR-103A-3P,miRNA,PACLITAXEL,DB01229,36314
HSA-MIR-103A-3P,miRNA,SORAFENIB,DB00398,216239
HSA-MIR-103A-3P,miRNA,ANTHRACYCLINE,DB00694,30323
HSA-MIR-103A-3P,miRNA,CYCLOPHOSPHAMIDE,DB00531,2907
HSA-MIR-103A-3P,miRNA,METHOTREXATE,DB00563,126941
HSA-MIR-103A-3P,miRNA,TAXOL,DB01229,36314
HSA-MIR-103B,miRNA,CISPLATIN,DB00515,5460033
HSA-MIR-103B,miRNA,TAMOXIFEN,DB00675,2733525
HSA-MIR-105-1,miRNA,CISPLATIN,DB00515,5460033
HSA-MIR-105-3P,miRNA,DOCETAXEL,DB01248,148124
HSA-MIR-105-5P,miRNA,NAVITOCLAX,DB12340,24978538
HSA-MIR-105-5P,miRNA,TAMOXIFEN,DB00675,2733525
HSA-MIR-105-5P,miRNA,DOCETAXEL,DB01248,148124
HSA-MIR-105-5P,miRNA,SORAFENIB,DB00398,216239
HSA-MIR-105-5P,miRNA,CISPLATIN,DB00515,5460033
HSA-MIR-105-5P,miRNA,DABRAFENIB,DB08912,44462760
HSA-MIR-105-5P,miRNA,VEMURAFENIB,DB08881,42611257
HSA-MIR-105-5P,miRNA,FLUOROURACIL,DB00544,3385
HSA-MIR-105-5P,miRNA,GEFITINIB,DB00317,123631
HSA-MIR-105-5P,miRNA,PACLITAXEL,DB01229,36314
HSA-MIR-105-5P,miRNA,PROPOFOL,DB00818,4943
HSA-MIR-106,miRNA,PACLITAXEL,DB01229,36314
HSA-MIR-106-5P,miRNA,CISPLATIN,DB00515,5460033
HSA-MIR-106A-3P,miRNA,DOCETAXEL,DB01248,148124
HSA-MIR-106A-3P,miRNA,PACLITAXEL,DB01229,36314
HSA-MIR-106A-3P,miRNA,APATINIB,NA,11315474
HSA-MIR-106A-5P,miRNA,DOXORUBICIN,DB00997,31703
HSA-MIR-106A-5P,miRNA,CISPLATIN,DB00515,5460033
HSA-MIR-106A-5P,miRNA,TAMOXIFEN,DB00675,2733525
HSA-MIR-106A-5P,miRNA,ETOPOSIDE,DB00773,36462
HSA-MIR-106A-5P,miRNA,PACLITAXEL,DB01229,36314
HSA-MIR-106A-5P,miRNA,VINCRISTINE,DB00541,5978
HSA-MIR-106A-5P,miRNA,GEMCITABINE,DB00441,60750
HSA-MIR-106A-5P,miRNA,OXALIPLATIN,DB00526,6857599
HSA-MIR-106A-5P,miRNA,FLUOROURACIL,DB00544,3385
HSA-MIR-106A-5P,miRNA,GEFITINIB,DB00317,123631
HSA-MIR-106A-5P,miRNA,DASATINIB,DB01254,3062316
HSA-MIR-106A-5P,miRNA,DAUNORUBICIN,DB00694,30323
HSA-MIR-106A-5P,miRNA,TEMOZOLOMIDE,DB00853,5394
HSA-MIR-106A-5P+HSA-MIR-17-5P,miRNA,VEMURAFENIB,DB08881,42611257
HSA-MIR-106A-5P+HSA-MIR-17-5P,miRNA,TRAMETINIB,DB08911,11707110
HSA-MIR-106B,miRNA,CERITINIB,DB09063,57379345
HSA-MIR-106B,miRNA,CISPLATIN,DB00515,5460033
HSA-MIR-106B-25,miRNA,PACLITAXEL,DB01229,36314
HSA-MIR-106B-25,miRNA,ETOPOSIDE,DB00773,36462
HSA-MIR-106B-25,miRNA,COLCHICINE,DB01394,2833
HSA-MIR-106B-25,miRNA,CYCLOSPORINE,DB00091,5284373
HSA-MIR-106B-3P,miRNA,TEMOZOLOMIDE,DB00853,5394
HSA-MIR-106B-3P,miRNA,CARBOPLATIN,DB00958,38904
HSA-MIR-106B-3P,miRNA,CERITINIB,DB09063,57379345
HSA-MIR-106B-3P,miRNA,CISPLATIN,DB00515,5460033
HSA-MIR-106B-5P,miRNA,DOXORUBICIN,DB00997,31703
HSA-MIR-106B-5P,miRNA,SORAFENIB,DB00398,216239
HSA-MIR-106B-5P,miRNA,PACLITAXEL,DB01229,36314
HSA-MIR-106B-5P,miRNA,CISPLATIN,DB00515,5460033
HSA-MIR-106B-5P,miRNA,FLUOROURACIL,DB00544,3385
HSA-MIR-106B-5P,miRNA,OXALIPLATIN,DB00526,6857599
HSA-MIR-106B-5P,miRNA,TAMOXIFEN,DB00675,2733525
HSA-MIR-106B-5P,miRNA,AXITINIB,DB06626,6450551
HSA-MIR-106B-5P,miRNA,NUTLIN-3,DB17039,216345
HSA-MIR-106B-5P,miRNA,DAUNORUBICIN,DB00694,30323
HSA-MIR-106B-5P,miRNA,GEFITINIB,DB00317,123631
HSA-MIR-106B-5P,miRNA,GEMCITABINE,DB00441,60750
HSA-MIR-106B-5P,miRNA,TEMOZOLOMIDE,DB00853,5394
HSA-MIR-106B-PRE,miRNA,IMATINIB,DB00619,5291
HSA-MIR-107,miRNA,CERITINIB,DB09063,57379345
HSA-MIR-107,miRNA,DOXORUBICIN,DB00997,31703
HSA-MIR-107,miRNA,PACLITAXEL,DB01229,36314
HSA-MIR-107,miRNA,TAMOXIFEN,DB00675,2733525
HSA-MIR-107,miRNA,FLUOROURACIL,DB00544,3385
HSA-MIR-107,miRNA,CAMPTOTHECIN,DB04690,24360
HSA-MIR-107,miRNA,CISPLATIN,DB00515,5460033
HSA-MIR-107,miRNA,ETOPOSIDE,DB00773,36462
HSA-MIR-107,miRNA,OLAPARIB,DB09074,23725625
HSA-MIR-107,miRNA,OXALIPLATIN,DB00526,6857599
HSA-MIR-107,miRNA,IMATINIB,DB00619,5291
HSA-MIR-107,miRNA,PLATINUM,DB12257,23939
HSA-MIR-107,miRNA,TRAMETINIB,DB08911,11707110
HSA-MIR-107,miRNA,VEMURAFENIB,DB08881,42611257
HSA-MIR-107,miRNA,PARTHENOLIDE,DB13063,6473881
HSA-MIR-107,miRNA,TAXOL,DB01229,36314
HSA-MIR-107,miRNA,SORAFENIB,DB00398,216239
HSA-MIR-107,miRNA,APICIDIN,NA,6918328
HSA-MIR-107,miRNA,VORINOSTAT,DB02546,5311
HSA-MIR-108-5P,miRNA,SORAFENIB,DB00398,216239
HSA-MIR-108A,miRNA,DOXORUBICIN,DB00997,31703
HSA-MIR-10A,miRNA,CISPLATIN,DB00515,5460033
HSA-MIR-10A,miRNA,CERITINIB,DB09063,57379345
HSA-MIR-10A-3P,miRNA,TEMOZOLOMIDE,DB00853,5394
HSA-MIR-10A-3P,miRNA,CISPLATIN,DB00515,5460033
HSA-MIR-10A-3P,miRNA,OXALIPLATIN,DB00526,6857599
HSA-MIR-10A-3P,miRNA,DOXORUBICIN,DB00997,31703
HSA-MIR-10A-3P,miRNA,CERITINIB,DB09063,57379345
HSA-MIR-10A-3P,miRNA,GEMCITABINE,DB00441,60750
HSA-MIR-10A-5P,miRNA,DOXORUBICIN,DB00997,31703
HSA-MIR-10A-5P,miRNA,VERAPAMIL,DB00661,2520
HSA-MIR-10A-5P,miRNA,CISPLATIN,DB00515,5460033
HSA-MIR-10A-5P,miRNA,IMATINIB,DB00619,5291
HSA-MIR-10A-5P,miRNA,TAMOXIFEN,DB00675,2733525
HSA-MIR-10A-5P,miRNA,CYCLOPAMINE,NA,442972
HSA-MIR-10A-5P,miRNA,PACLITAXEL,DB01229,36314
HSA-MIR-10A-5P,miRNA,GEMCITABINE,DB00441,60750
HSA-MIR-10A-5P,miRNA,VINORELBINE,DB00361,44424639
HSA-MIR-10A-5P,miRNA,CYTARABINE,DB00987,6253
HSA-MIR-10A-5P,miRNA,SORAFENIB,DB00398,216239
HSA-MIR-10A-5P,miRNA,GEFITINIB,DB00317,123631
HSA-MIR-10A-5P,miRNA,TEMOZOLOMIDE,DB00853,5394
HSA-MIR-10A-5P,miRNA,CERITINIB,DB09063,57379345
HSA-MIR-10A-5P,miRNA,FLUOROURACIL,DB00544,3385
HSA-MIR-10A-5P,miRNA,PLATINUM,DB12257,23939
HSA-MIR-10A-5P,miRNA,OXALIPLATIN,DB00526,6857599
HSA-MIR-10B,miRNA,CERITINIB,DB09063,57379345
HSA-MIR-10B-3P,miRNA,CISPLATIN,DB00515,5460033
HSA-MIR-10B-3P,miRNA,VINCRISTINE,DB00541,5978
HSA-MIR-10B-3P,miRNA,FLUOROURACIL,DB00544,3385
HSA-MIR-10B-3P,miRNA,PLATINUM,DB12257,23939
HSA-MIR-10B-3P,miRNA,AZACITIDINE,DB00928,9444
HSA-MIR-10B-3P,miRNA,CERITINIB,DB09063,57379345
HSA-MIR-10B-3P,miRNA,GEMCITABINE,DB00441,60750
HSA-MIR-10B-3P,miRNA,VINORELBINE,DB00361,44424639
HSA-MIR-10B-3P,miRNA,DOXORUBICIN,DB00997,31703
HSA-MIR-10B-3P,miRNA,ETOPOSIDE,DB00773,36462
HSA-MIR-10B-3P,miRNA,PACLITAXEL,DB01229,36314
HSA-MIR-10B-5P,miRNA,DOXORUBICIN,DB00997,31703
HSA-MIR-10B-5P,miRNA,VERAPAMIL,DB00661,2520
HSA-MIR-10B-5P,miRNA,CISPLATIN,DB00515,5460033
HSA-MIR-10B-5P,miRNA,FLUOROURACIL,DB00544,3385
HSA-MIR-10B-5P,miRNA,CYCLOPAMINE,NA,442972
HSA-MIR-10B-5P,miRNA,PACLITAXEL,DB01229,36314
HSA-MIR-10B-5P,miRNA,GEMCITABINE,DB00441,60750
HSA-MIR-10B-5P,miRNA,OXALIPLATIN,DB00526,6857599
HSA-MIR-10B-5P,miRNA,GEFITINIB,DB00317,123631
HSA-MIR-10B-5P,miRNA,CYTARABINE,DB00987,6253
HSA-MIR-10B-5P,miRNA,TAXANE,NA,9548828
HSA-MIR-10B-5P,miRNA,TAMOXIFEN,DB00675,2733525
HSA-MIR-10B-5P,miRNA,SORAFENIB,DB00398,216239
HSA-MIR-10B-5P,miRNA,PLATINUM,DB12257,23939
HSA-MIR-10B-5P,miRNA,HYALURONAN,DB08818,24759
HSA-MIR-10B-5P,miRNA,AZACITIDINE,DB00928,9444
HSA-MIR-10B-5P,miRNA,CERITINIB,DB09063,57379345
HSA-MIR-10B-5P,miRNA,TRAMETINIB,DB08911,11707110
HSA-MIR-10B-5P,miRNA,VEMURAFENIB,DB08881,42611257
HSA-MIR-10B-5P,miRNA,ETOPOSIDE,DB00773,36462
HSA-MIR-10B-5P,miRNA,VINORELBINE,DB00361,44424639
HSA-MIR-10B-5P,miRNA,VINCRISTINE,DB00541,5978
HSA-MIR-11,miRNA,SORAFENIB,DB00398,216239
HSA-MIR-11-5P,miRNA,SORAFENIB,DB00398,216239
HSA-MIR-1178-3P,miRNA,OXALIPLATIN,DB00526,6857599
HSA-MIR-1178-3P,miRNA,TRAMETINIB,DB08911,11707110
HSA-MIR-1178-3P,miRNA,VEMURAFENIB,DB08881,42611257
HSA-MIR-1179,miRNA,OXALIPLATIN,DB00526,6857599
HSA-MIR-1180,miRNA,CISPLATIN,DB00515,5460033
HSA-MIR-1180-3P,miRNA,PACLITAXEL,DB01229,36314
HSA-MIR-1180-3P,miRNA,CISPLATIN,DB00515,5460033
HSA-MIR-1180-3P,miRNA,FLUOROURACIL,DB00544,3385
HSA-MIR-1180-3P,miRNA,GEMCITABINE,DB00441,60750
HSA-MIR-1180-3P,miRNA,DABRAFENIB,DB08912,44462760
HSA-MIR-1181,miRNA,OXALIPLATIN,DB00526,6857599
HSA-MIR-1181,miRNA,PLATINUM,DB12257,23939
HSA-MIR-1181,miRNA,SORAFENIB,DB00398,216239
HSA-MIR-1181,miRNA,PACLITAXEL,DB01229,36314
HSA-MIR-1181,miRNA,CISPLATIN,DB00515,5460033
HSA-MIR-1182,miRNA,CISPLATIN,DB00515,5460033
HSA-MIR-1182,miRNA,OXALIPLATIN,DB00526,6857599
HSA-MIR-1182,miRNA,PLATINUM,DB12257,23939
HSA-MIR-1182,miRNA,GEMCITABINE,DB00441,60750
HSA-MIR-1182,miRNA,TRAMETINIB,DB08911,11707110
HSA-MIR-1182,miRNA,VEMURAFENIB,DB08881,42611257
HSA-MIR-1182,miRNA,DOCETAXEL,DB01248,148124
HSA-MIR-1183,miRNA,CISPLATIN,DB00515,5460033
HSA-MIR-1183,miRNA,OXALIPLATIN,DB00526,6857599
HSA-MIR-1183,miRNA,PLATINUM,DB12257,23939
HSA-MIR-1183,miRNA,TRAMETINIB,DB08911,11707110
HSA-MIR-1183,miRNA,VEMURAFENIB,DB08881,42611257
HSA-MIR-1185-1,miRNA,CERITINIB,DB09063,57379345
HSA-MIR-1185-1-3P,miRNA,PLATINUM,DB12257,23939
HSA-MIR-1185-1-3P,miRNA,CERITINIB,DB09063,57379345
HSA-MIR-1185-2-3P,miRNA,PLATINUM,DB12257,23939
HSA-MIR-1185-2-3P,miRNA,CISPLATIN,DB00515,5460033
HSA-MIR-1185-2-3P,miRNA,DOXORUBICIN,DB00997,31703
HSA-MIR-1185-2-3P,miRNA,METHOTREXATE,DB00563,126941
HSA-MIR-1197,miRNA,PACLITAXEL,DB01229,36314
HSA-MIR-1200,miRNA,PACLITAXEL,DB01229,36314
HSA-MIR-1200,miRNA,OXALIPLATIN,DB00526,6857599
HSA-MIR-1200,miRNA,IMATINIB,DB00619,5291
HSA-MIR-1200,miRNA,TEMOZOLOMIDE,DB00853,5394
HSA-MIR-1201,miRNA,TAMOXIFEN,DB00675,2733525
HSA-MIR-1202,miRNA,OXALIPLATIN,DB00526,6857599
HSA-MIR-1202,miRNA,FLUOROURACIL,DB00544,3385
HSA-MIR-1202,miRNA,GEMCITABINE,DB00441,60750
HSA-MIR-1202,miRNA,BORTEZOMIB,DB00188,387447
HSA-MIR-1202,miRNA,PLATINUM,DB12257,23939
HSA-MIR-1202,miRNA,MITOXANTRONE,DB01204,4212
HSA-MIR-1202,miRNA,SORAFENIB,DB00398,216239
HSA-MIR-1202,miRNA,PACLITAXEL,DB01229,36314
HSA-MIR-1202,miRNA,FULVESTRANT,DB00947,17756771
HSA-MIR-1202,miRNA,TAMOXIFEN,DB00675,2733525
HSA-MIR-1202,miRNA,AZACITIDINE,DB00928,9444
HSA-MIR-1202,miRNA,CISPLATIN,DB00515,5460033
HSA-MIR-1203,miRNA,TEMOZOLOMIDE,DB00853,5394
HSA-MIR-1204,miRNA,PACLITAXEL,DB01229,36314
HSA-MIR-1204,miRNA,VEMURAFENIB,DB08881,42611257
HSA-MIR-1204,miRNA,TRAMETINIB,DB08911,11707110
HSA-MIR-1204,miRNA,GEMCITABINE,DB00441,60750
HSA-MIR-1205,miRNA,DOCETAXEL,DB01248,148124
HSA-MIR-1206,miRNA,OXALIPLATIN,DB00526,6857599
HSA-MIR-1206,miRNA,GEMCITABINE,DB00441,60750
HSA-MIR-1207,miRNA,OXALIPLATIN,DB00526,6857599
HSA-MIR-1207,miRNA,VINCRISTINE,DB00541,5978
HSA-MIR-1207,miRNA,BORTEZOMIB,DB00188,387447
HSA-MIR-1207,miRNA,IMATINIB,DB00619,5291
HSA-MIR-1207,miRNA,CISPLATIN,DB00515,5460033
HSA-MIR-1207-3P,miRNA,TRAMETINIB,DB08911,11707110
HSA-MIR-1207-3P,miRNA,VEMURAFENIB,DB08881,42611257
HSA-MIR-1207-3P,miRNA,GEMCITABINE,DB00441,60750
HSA-MIR-1207-5P,miRNA,PLATINUM,DB12257,23939
HSA-MIR-1207-5P,miRNA,SORAFENIB,DB00398,216239
HSA-MIR-1207-5P,miRNA,CISPLATIN,DB00515,5460033
HSA-MIR-1207-5P,miRNA,FULVESTRANT,DB00947,17756771
HSA-MIR-1207-5P,miRNA,GEMCITABINE,DB00441,60750
HSA-MIR-1207-5P,miRNA,TAXOL,DB01229,36314
HSA-MIR-1208,miRNA,FULVESTRANT,DB00947,17756771
HSA-MIR-1208,miRNA,SUNITINIB,DB01268,5329102
HSA-MIR-1208,miRNA,CISPLATIN,DB00515,5460033
HSA-MIR-12136,miRNA,ERLOTINIB,DB00530,176870
HSA-MIR-122-3P,miRNA,OXALIPLATIN,DB00526,6857599
HSA-MIR-122-3P,miRNA,GEMCITABINE,DB00441,60750
HSA-MIR-122-5P,miRNA,DOXORUBICIN,DB00997,31703
HSA-MIR-122-5P,miRNA,SORAFENIB,DB00398,216239
HSA-MIR-122-5P,miRNA,CISPLATIN,DB00515,5460033
HSA-MIR-122-5P,miRNA,VINCRISTINE,DB00541,5978
HSA-MIR-122-5P,miRNA,BORTEZOMIB,DB00188,387447
HSA-MIR-122-5P,miRNA,FLUOROURACIL,DB00544,3385
HSA-MIR-122-5P,miRNA,OXALIPLATIN,DB00526,6857599
HSA-MIR-122-5P,miRNA,GEFITINIB,DB00317,123631
HSA-MIR-122-5P,miRNA,TAXOL,DB01229,36314
HSA-MIR-122-5P,miRNA,FULVESTRANT,DB00947,17756771
HSA-MIR-122-5P,miRNA,BROMOCRIPTINE,DB01200,31101
HSA-MIR-1224,miRNA,CISPLATIN,DB00515,5460033
HSA-MIR-1224,miRNA,DOXORUBICIN,DB00997,31703
HSA-MIR-1224,miRNA,FLUOROURACIL,DB00544,3385
HSA-MIR-1224,miRNA,VINCRISTINE,DB00541,5978
HSA-MIR-1224,miRNA,OXALIPLATIN,DB00526,6857599
HSA-MIR-1224,miRNA,IMATINIB,DB00619,5291
HSA-MIR-1224-3P,miRNA,PACLITAXEL,DB01229,36314
HSA-MIR-1224-3P,miRNA,BORTEZOMIB,DB00188,387447
HSA-MIR-1224-5P,miRNA,PLATINUM,DB12257,23939
HSA-MIR-1224-5P,miRNA,CISPLATIN,DB00515,5460033
HSA-MIR-1224-5P,miRNA,DABRAFENIB,DB08912,44462760
HSA-MIR-1224-5P,miRNA,VEMURAFENIB,DB08881,42611257
HSA-MIR-1224-5P,miRNA,PACLITAXEL,DB01229,36314
HSA-MIR-1224-5P,miRNA,TAMOXIFEN,DB00675,2733525
HSA-MIR-1224-5P,miRNA,GEFITINIB,DB00317,123631
HSA-MIR-1224-5P,miRNA,FLUOROURACIL,DB00544,3385
HSA-MIR-1225,miRNA,OXALIPLATIN,DB00526,6857599
HSA-MIR-1225,miRNA,IMATINIB,DB00619,5291
HSA-MIR-1225,miRNA,SORAFENIB,DB00398,216239
HSA-MIR-1225-3P,miRNA,CERITINIB,DB09063,57379345
HSA-MIR-1225-5P,miRNA,PLATINUM,DB12257,23939
HSA-MIR-1225-5P,miRNA,MITOXANTRONE,DB01204,4212
HSA-MIR-1225-5P,miRNA,SORAFENIB,DB00398,216239
HSA-MIR-1225-5P,miRNA,DABRAFENIB,DB08912,44462760
HSA-MIR-1225-5P,miRNA,VEMURAFENIB,DB08881,42611257
HSA-MIR-1225-5P,miRNA,PACLITAXEL,DB01229,36314
HSA-MIR-1225-5P,miRNA,FULVESTRANT,DB00947,17756771
HSA-MIR-1225-5P,miRNA,GEMCITABINE,DB00441,60750
HSA-MIR-1225A,miRNA,CISPLATIN,DB00515,5460033
HSA-MIR-1226,miRNA,SORAFENIB,DB00398,216239
HSA-MIR-1226-3P,miRNA,FLUOROURACIL,DB00544,3385
HSA-MIR-1226-3P,miRNA,GEMCITABINE,DB00441,60750
HSA-MIR-1226-3P,miRNA,DOXORUBICIN,DB00997,31703
HSA-MIR-1226-3P,miRNA,IMATINIB,DB00619,5291
HSA-MIR-1226-3P,miRNA,CISPLATIN,DB00515,5460033
HSA-MIR-1226-3P,miRNA,TAMOXIFEN,DB00675,2733525
HSA-MIR-1226-3P,miRNA,SORAFENIB,DB00398,216239
HSA-MIR-1226-3P,miRNA,OXALIPLATIN,DB00526,6857599
HSA-MIR-1226-5P,miRNA,DOXORUBICIN,DB00997,31703
HSA-MIR-1226-5P,miRNA,PLATINUM,DB12257,23939
HSA-MIR-1227-5P,miRNA,PLATINUM,DB12257,23939
HSA-MIR-1227-5P,miRNA,VEMURAFENIB,DB08881,42611257
HSA-MIR-1227-5P,miRNA,DABRAFENIB,DB08912,44462760
HSA-MIR-1227-5P,miRNA,DOXORUBICIN,DB00997,31703
HSA-MIR-1227-5P,miRNA,CURCUMIN,DB11672,969516
HSA-MIR-1227-5P,miRNA,PACLITAXEL,DB01229,36314
HSA-MIR-1228,miRNA,CISPLATIN,DB00515,5460033
HSA-MIR-1228-3P,miRNA,FLUOROURACIL,DB00544,3385
HSA-MIR-1228-3P,miRNA,GEMCITABINE,DB00441,60750
HSA-MIR-1228-3P,miRNA,IMATINIB,DB00619,5291
HSA-MIR-1228-3P,miRNA,PLATINUM,DB12257,23939
HSA-MIR-1228-3P,miRNA,GEFITINIB,DB00317,123631
HSA-MIR-1228-3P,miRNA,PONATINIB,DB08901,24826799
HSA-MIR-1228-3P,miRNA,TAMOXIFEN,DB00675,2733525
HSA-MIR-1228-3P,miRNA,FULVESTRANT,DB00947,17756771
HSA-MIR-1228-3P,miRNA,CISPLATIN,DB00515,5460033
HSA-MIR-1228-5P,miRNA,CISPLATIN,DB00515,5460033
HSA-MIR-1228-5P,miRNA,FLUOROURACIL,DB00544,3385
HSA-MIR-1228-5P,miRNA,GEMCITABINE,DB00441,60750
HSA-MIR-1228-5P,miRNA,DOXORUBICIN,DB00997,31703
HSA-MIR-1228-5P,miRNA,DABRAFENIB,DB08912,44462760
HSA-MIR-1228-5P,miRNA,VEMURAFENIB,DB08881,42611257
HSA-MIR-1228-5P,miRNA,PACLITAXEL,DB01229,36314
HSA-MIR-1229-3P,miRNA,CISPLATIN,DB00515,5460033
HSA-MIR-1229-3P,miRNA,DOXORUBICIN,DB00997,31703
HSA-MIR-1229-3P,miRNA,FLUOROURACIL,DB00544,3385
HSA-MIR-1229-3P,miRNA,VINCRISTINE,DB00541,5978
HSA-MIR-1229-3P,miRNA,OXALIPLATIN,DB00526,6857599
HSA-MIR-1229-3P,miRNA,SORAFENIB,DB00398,216239
HSA-MIR-1229-3P,miRNA,TRAMETINIB,DB08911,11707110
HSA-MIR-1229-3P,miRNA,VEMURAFENIB,DB08881,42611257
HSA-MIR-1229-5P,miRNA,PLATINUM,DB12257,23939
HSA-MIR-1229-5P,miRNA,PACLITAXEL,DB01229,36314
HSA-MIR-1229-5P,miRNA,FLUOROURACIL,DB00544,3385
HSA-MIR-1229-5P,miRNA,CISPLATIN,DB00515,5460033
HSA-MIR-122B-3P,miRNA,BROMOCRIPTINE,DB01200,31101
HSA-MIR-122B-5P,miRNA,CISPLATIN,DB00515,5460033
HSA-MIR-123-A,miRNA,OXALIPLATIN,DB00526,6857599
HSA-MIR-1231,miRNA,CISPLATIN,DB00515,5460033
HSA-MIR-1231,miRNA,DABRAFENIB,DB08912,44462760
HSA-MIR-1231,miRNA,VEMURAFENIB,DB08881,42611257
HSA-MIR-1231,miRNA,PACLITAXEL,DB01229,36314
HSA-MIR-1231,miRNA,DOXORUBICIN,DB00997,31703
HSA-MIR-1231,miRNA,FULVESTRANT,DB00947,17756771
HSA-MIR-1231,miRNA,TAMOXIFEN,DB00675,2733525
HSA-MIR-1231,miRNA,GEMCITABINE,DB00441,60750
HSA-MIR-1233-3P,miRNA,NAVITOCLAX,DB12340,24978538
HSA-MIR-1233-3P,miRNA,OXALIPLATIN,DB00526,6857599
HSA-MIR-1233-3P,miRNA,DOXORUBICIN,DB00997,31703
HSA-MIR-1233-3P,miRNA,TAMOXIFEN,DB00675,2733525
HSA-MIR-1233-3P,miRNA,FULVESTRANT,DB00947,17756771
HSA-MIR-1233-5P,miRNA,PACLITAXEL,DB01229,36314
HSA-MIR-1233-5P,miRNA,CISPLATIN,DB00515,5460033
HSA-MIR-1233-5P,miRNA,ANTHRACYCLINE,DB00694,30323
HSA-MIR-1233-5P,miRNA,FLUOROURACIL,DB00544,3385
HSA-MIR-1233-5P,miRNA,CYCLOPHOSPHAMIDE,DB00531,2907
HSA-MIR-1233-5P,miRNA,TAXOL,DB01229,36314
HSA-MIR-1233-5P,miRNA,METHOTREXATE,DB00563,126941
HSA-MIR-1234,miRNA,CERITINIB,DB09063,57379345
HSA-MIR-1234-3P,miRNA,FLUOROURACIL,DB00544,3385
HSA-MIR-1234-3P,miRNA,GEMCITABINE,DB00441,60750
HSA-MIR-1234-3P,miRNA,DOXORUBICIN,DB00997,31703
HSA-MIR-1234-3P,miRNA,TAMOXIFEN,DB00675,2733525
HSA-MIR-1234-3P,miRNA,CERITINIB,DB09063,57379345
HSA-MIR-1234-3P,miRNA,TRAMETINIB,DB08911,11707110
HSA-MIR-1234-3P,miRNA,VEMURAFENIB,DB08881,42611257
HSA-MIR-1234-3P,miRNA,CISPLATIN,DB00515,5460033
HSA-MIR-1234-5P,miRNA,PLATINUM,DB12257,23939
HSA-MIR-1234-5P,miRNA,ANTHRACYCLINE,DB00694,30323
HSA-MIR-1234-5P,miRNA,CYCLOPHOSPHAMIDE,DB00531,2907
HSA-MIR-1234-5P,miRNA,FLUOROURACIL,DB00544,3385
HSA-MIR-1234-5P,miRNA,TAXOL,DB01229,36314
HSA-MIR-1234-5P,miRNA,METHOTREXATE,DB00563,126941
HSA-MIR-1236-3P,miRNA,OXALIPLATIN,DB00526,6857599
HSA-MIR-1236-3P,miRNA,VINCRISTINE,DB00541,5978
HSA-MIR-1236-3P,miRNA,DOXORUBICIN,DB00997,31703
HSA-MIR-1236-3P,miRNA,PREDNISONE,DB00635,5865
HSA-MIR-1236-3P,miRNA,FLUOROURACIL,DB00544,3385
HSA-MIR-1236-3P,miRNA,GEMCITABINE,DB00441,60750
HSA-MIR-1236-3P,miRNA,CISPLATIN,DB00515,5460033
HSA-MIR-1236-3P,miRNA,DOCETAXEL,DB01248,148124
HSA-MIR-1236-5P,miRNA,PLATINUM,DB12257,23939
HSA-MIR-1236-5P,miRNA,CISPLATIN,DB00515,5460033
HSA-MIR-1237-3P,miRNA,FLUOROURACIL,DB00544,3385
HSA-MIR-1237-3P,miRNA,GEMCITABINE,DB00441,60750
HSA-MIR-1237-3P,miRNA,CISPLATIN,DB00515,5460033
HSA-MIR-1237-5P,miRNA,VEMURAFENIB,DB08881,42611257
HSA-MIR-1237-5P,miRNA,DABRAFENIB,DB08912,44462760
HSA-MIR-1237-5P,miRNA,PACLITAXEL,DB01229,36314
HSA-MIR-1238-3P,miRNA,CISPLATIN,DB00515,5460033
HSA-MIR-1238-3P,miRNA,DOXORUBICIN,DB00997,31703
HSA-MIR-1238-3P,miRNA,FLUOROURACIL,DB00544,3385
HSA-MIR-1238-3P,miRNA,VINCRISTINE,DB00541,5978
HSA-MIR-1238-3P,miRNA,OXALIPLATIN,DB00526,6857599
HSA-MIR-1238-3P,miRNA,PALBOCICLIB,DB09073,5330286
HSA-MIR-1238-3P,miRNA,TEMOZOLOMIDE,DB00853,5394
HSA-MIR-124-3,miRNA,CISPLATIN,DB00515,5460033
HSA-MIR-124-3P,miRNA,PAROXETINE,DB00715,43815
HSA-MIR-124-3P,miRNA,DOXORUBICIN,DB00997,31703
HSA-MIR-124-3P,miRNA,VINBLASTINE,DB00570,442111
HSA-MIR-124-3P,miRNA,CAMPTOTHECIN,DB04690,24360
HSA-MIR-124-3P,miRNA,ETOPOSIDE,DB00773,36462
HSA-MIR-124-3P,miRNA,FLUOROURACIL,DB00544,3385
HSA-MIR-124-3P,miRNA,TEMOZOLOMIDE,DB00853,5394
HSA-MIR-124-3P,miRNA,CISPLATIN,DB00515,5460033
HSA-MIR-124-3P,miRNA,ENZALUTAMIDE,DB08899,15951529
HSA-MIR-124-3P,miRNA,GEFITINIB,DB00317,123631
HSA-MIR-124-3P,miRNA,PREDNISONE,DB00635,5865
HSA-MIR-124-3P,miRNA,GEMCITABINE,DB00441,60750
HSA-MIR-124-3P,miRNA,ERLOTINIB,DB00530,176870
HSA-MIR-124-3P,miRNA,CARBOPLATIN,DB00958,38904
HSA-MIR-124-3P,miRNA,SORAFENIB,DB00398,216239
HSA-MIR-124-3P,miRNA,DOCETAXEL,DB01248,148124
HSA-MIR-124-5P,miRNA,PACLITAXEL,DB01229,36314
HSA-MIR-124-5P,miRNA,CISPLATIN,DB00515,5460033
HSA-MIR-1243,miRNA,DOXORUBICIN,DB00997,31703
HSA-MIR-1243,miRNA,GEMCITABINE,DB00441,60750
HSA-MIR-1243,miRNA,PALBOCICLIB,DB09073,5330286
HSA-MIR-1244,miRNA,CISPLATIN,DB00515,5460033
HSA-MIR-1244,miRNA,FULVESTRANT,DB00947,17756771
HSA-MIR-1244,miRNA,TAMOXIFEN,DB00675,2733525
HSA-MIR-1244,miRNA,GEMCITABINE,DB00441,60750
HSA-MIR-1245A,miRNA,TRAMETINIB,DB08911,11707110
HSA-MIR-1245A,miRNA,VEMURAFENIB,DB08881,42611257
HSA-MIR-1245B-3P,miRNA,TRAMETINIB,DB08911,11707110
HSA-MIR-1245B-3P,miRNA,VEMURAFENIB,DB08881,42611257
HSA-MIR-1245B-5P,miRNA,PACLITAXEL,DB01229,36314
HSA-MIR-1246,miRNA,CISPLATIN,DB00515,5460033
HSA-MIR-1246,miRNA,GEMCITABINE,DB00441,60750
HSA-MIR-1246,miRNA,OXALIPLATIN,DB00526,6857599
HSA-MIR-1246,miRNA,PACLITAXEL,DB01229,36314
HSA-MIR-1246,miRNA,DOXORUBICIN,DB00997,31703
HSA-MIR-1246,miRNA,VINCRISTINE,DB00541,5978
HSA-MIR-1246,miRNA,FLUOROURACIL,DB00544,3385
HSA-MIR-1246,miRNA,BORTEZOMIB,DB00188,387447
HSA-MIR-1246,miRNA,MITOXANTRONE,DB01204,4212
HSA-MIR-1246,miRNA,DOCETAXEL,DB01248,148124
HSA-MIR-1246,miRNA,SORAFENIB,DB00398,216239
HSA-MIR-1246,miRNA,EPIRUBICIN,DB00445,41867
HSA-MIR-1246,miRNA,VINORELBINE,DB00361,44424639
HSA-MIR-1246,miRNA,PLX-4720,DB06999,24180719
HSA-MIR-1246,miRNA,DABRAFENIB,DB08912,44462760
HSA-MIR-1246,miRNA,VEMURAFENIB,DB08881,42611257
HSA-MIR-1246,miRNA,TRAMETINIB,DB08911,11707110
HSA-MIR-1246,miRNA,ERLOTINIB,DB00530,176870
HSA-MIR-1246,miRNA,TEMOZOLOMIDE,DB00853,5394
HSA-MIR-1247,miRNA,CERITINIB,DB09063,57379345
HSA-MIR-1247,miRNA,CISPLATIN,DB00515,5460033
HSA-MIR-1247,miRNA,SORAFENIB,DB00398,216239
HSA-MIR-1247-3P,miRNA,GEMCITABINE,DB00441,60750
HSA-MIR-1247-3P,miRNA,GEFITINIB,DB00317,123631
HSA-MIR-1247-3P,miRNA,YUANHUADINE,NA,6440572
HSA-MIR-1247-3P,miRNA,CISPLATIN,DB00515,5460033
HSA-MIR-1247-3P,miRNA,OXALIPLATIN,DB00526,6857599
HSA-MIR-1247-5P,miRNA,OXALIPLATIN,DB00526,6857599
HSA-MIR-1247-5P,miRNA,GEMCITABINE,DB00441,60750
HSA-MIR-1247-5P,miRNA,VINCRISTINE,DB00541,5978
HSA-MIR-1247-5P,miRNA,CERITINIB,DB09063,57379345
HSA-MIR-1247-5P,miRNA,SUNITINIB,DB01268,5329102
HSA-MIR-1247-5P,miRNA,CISPLATIN,DB00515,5460033
HSA-MIR-1247-5P,miRNA,GEFITINIB,DB00317,123631
HSA-MIR-1248,miRNA,GEMCITABINE,DB00441,60750
HSA-MIR-1248,miRNA,TAMOXIFEN,DB00675,2733525
HSA-MIR-1248,miRNA,FLUOROURACIL,DB00544,3385
HSA-MIR-1248,miRNA,PALBOCICLIB,DB09073,5330286
HSA-MIR-1248,miRNA,DOCETAXEL,DB01248,148124
HSA-MIR-1249-3P,miRNA,GEMCITABINE,DB00441,60750
HSA-MIR-1249-3P,miRNA,FLUOROURACIL,DB00544,3385
HSA-MIR-1249-3P,miRNA,IMATINIB,DB00619,5291
HSA-MIR-1249-3P,miRNA,PLATINUM,DB12257,23939
HSA-MIR-1249-3P,miRNA,CISPLATIN,DB00515,5460033
HSA-MIR-1249-3P,miRNA,PONATINIB,DB08901,24826799
HSA-MIR-124A-3P,miRNA,CELASTROL,NA,12302620
HSA-MIR-124A-3P,miRNA,DOCETAXEL,DB01248,148124
HSA-MIR-124A-3P,miRNA,DOXORUBICIN,DB00997,31703
HSA-MIR-124A-3P,miRNA,TAXOL,DB01229,36314
HSA-MIR-124C,miRNA,GEFITINIB,DB00317,123631
HSA-MIR-125,miRNA,DOCETAXEL,DB01248,148124
HSA-MIR-125,miRNA,GEFITINIB,DB00317,123631
HSA-MIR-125-1,miRNA,DOXORUBICIN,DB00997,31703
HSA-MIR-1250-5P,miRNA,SUNITINIB,DB01268,5329102
HSA-MIR-1250-5P,miRNA,PACLITAXEL,DB01229,36314
HSA-MIR-1250-5P,miRNA,OXALIPLATIN,DB00526,6857599
HSA-MIR-1252,miRNA,CERITINIB,DB09063,57379345
HSA-MIR-1252-5P,miRNA,CERITINIB,DB09063,57379345
HSA-MIR-1252-5P,miRNA,DABRAFENIB,DB08912,44462760
HSA-MIR-1252-5P,miRNA,TRAMETINIB,DB08911,11707110
HSA-MIR-1252-5P,miRNA,VEMURAFENIB,DB08881,42611257
HSA-MIR-1253,miRNA,DOXORUBICIN,DB00997,31703
HSA-MIR-1253,miRNA,TRAMETINIB,DB08911,11707110
HSA-MIR-1253,miRNA,VEMURAFENIB,DB08881,42611257
HSA-MIR-1253,miRNA,PACLITAXEL,DB01229,36314
HSA-MIR-1254,miRNA,SORAFENIB,DB00398,216239
HSA-MIR-1254,miRNA,DOXORUBICIN,DB00997,31703
HSA-MIR-1254,miRNA,TAMOXIFEN,DB00675,2733525
HSA-MIR-1254,miRNA,OXALIPLATIN,DB00526,6857599
HSA-MIR-1255A,miRNA,DOXORUBICIN,DB00997,31703
HSA-MIR-1255A,miRNA,TRAMETINIB,DB08911,11707110
HSA-MIR-1255A,miRNA,VEMURAFENIB,DB08881,42611257
HSA-MIR-1255A,miRNA,PALBOCICLIB,DB09073,5330286
HSA-MIR-1255B-2,miRNA,DOXORUBICIN,DB00997,31703
HSA-MIR-1255B-5P,miRNA,OXALIPLATIN,DB00526,6857599
HSA-MIR-1255B-5P,miRNA,GEMCITABINE,DB00441,60750
HSA-MIR-1255B-5P,miRNA,PALBOCICLIB,DB09073,5330286
HSA-MIR-1255B-5P,miRNA,TRAMETINIB,DB08911,11707110
HSA-MIR-1255B-5P,miRNA,DABRAFENIB,DB08912,44462760
HSA-MIR-1255B-5P,miRNA,VEMURAFENIB,DB08881,42611257
HSA-MIR-1255B1,miRNA,OXALIPLATIN,DB00526,6857599
HSA-MIR-1256,miRNA,DOXORUBICIN,DB00997,31703
HSA-MIR-1256,miRNA,PREDNISONE,DB00635,5865
HSA-MIR-1256,miRNA,VINCRISTINE,DB00541,5978
HSA-MIR-1257,miRNA,OXALIPLATIN,DB00526,6857599
HSA-MIR-1258,miRNA,OXALIPLATIN,DB00526,6857599
HSA-MIR-1258,miRNA,CISPLATIN,DB00515,5460033
HSA-MIR-1258,miRNA,IMATINIB,DB00619,5291
HSA-MIR-1259,miRNA,TAMOXIFEN,DB00675,2733525
HSA-MIR-125A-3P,miRNA,TAXANE,NA,9548828
HSA-MIR-125A-3P,miRNA,PLATINUM,DB12257,23939
HSA-MIR-125A-3P,miRNA,DOCETAXEL,DB01248,148124
HSA-MIR-125A-3P,miRNA,TAMOXIFEN,DB00675,2733525
HSA-MIR-125A-3P,miRNA,GEMCITABINE,DB00441,60750
HSA-MIR-125A-3P,miRNA,SUNITINIB,DB01268,5329102
HSA-MIR-125A-3P,miRNA,FLUOROURACIL,DB00544,3385
HSA-MIR-125A-3P,miRNA,OXALIPLATIN,DB00526,6857599
HSA-MIR-125A-3P,miRNA,CISPLATIN,DB00515,5460033
HSA-MIR-125A-5P,miRNA,DOXORUBICIN,DB00997,31703
HSA-MIR-125A-5P,miRNA,PACLITAXEL,DB01229,36314
HSA-MIR-125A-5P,miRNA,GEMCITABINE,DB00441,60750
HSA-MIR-125A-5P,miRNA,DOCETAXEL,DB01248,148124
HSA-MIR-125A-5P,miRNA,TAMOXIFEN,DB00675,2733525
HSA-MIR-125A-5P,miRNA,CISPLATIN,DB00515,5460033
HSA-MIR-125A-5P,miRNA,VINCRISTINE,DB00541,5978
HSA-MIR-125A-5P,miRNA,IMATINIB,DB00619,5291
HSA-MIR-125A-5P,miRNA,FLUOROURACIL,DB00544,3385
HSA-MIR-125A-5P,miRNA,PLATINUM,DB12257,23939
HSA-MIR-125A-5P,miRNA,AZACITIDINE,DB00928,9444
HSA-MIR-125A-5P,miRNA,VEMURAFENIB,DB08881,42611257
HSA-MIR-125A-5P,miRNA,DAUNORUBICIN,DB00694,30323
HSA-MIR-125A-5P,miRNA,BROMOCRIPTINE,DB01200,31101
HSA-MIR-125A-5P,miRNA,UBENIMEX,DB03424,72172
HSA-MIR-125A-5P,miRNA,SORAFENIB,DB00398,216239
HSA-MIR-125B-1,miRNA,DOXORUBICIN,DB00997,31703
HSA-MIR-125B-1,miRNA,ETOPOSIDE,DB00773,36462
HSA-MIR-125B-1,miRNA,VINCRISTINE,DB00541,5978
HSA-MIR-125B-1,miRNA,DABRAFENIB,DB08912,44462760
HSA-MIR-125B-1-3P,miRNA,DOXORUBICIN,DB00997,31703
HSA-MIR-125B-1-3P,miRNA,VERAPAMIL,DB00661,2520
HSA-MIR-125B-1-3P,miRNA,CISPLATIN,DB00515,5460033
HSA-MIR-125B-1-3P,miRNA,CURCUMIN,DB11672,969516
HSA-MIR-125B-1-3P,miRNA,MITOXANTRONE,DB01204,4212
HSA-MIR-125B-1-3P,miRNA,GEMCITABINE,DB00441,60750
HSA-MIR-125B-2,miRNA,CERITINIB,DB09063,57379345
HSA-MIR-125B-2,miRNA,METHOTREXATE,DB00563,126941
HSA-MIR-125B-2,miRNA,IMATINIB,DB00619,5291
HSA-MIR-125B-2,miRNA,DOXORUBICIN,DB00997,31703
HSA-MIR-125B-2,miRNA,DABRAFENIB,DB08912,44462760
HSA-MIR-125B-2-3P,miRNA,PLATINUM,DB12257,23939
HSA-MIR-125B-2-3P,miRNA,CISPLATIN,DB00515,5460033
HSA-MIR-125B-2-3P,miRNA,VEMURAFENIB,DB08881,42611257
HSA-MIR-125B-2-3P,miRNA,DABRAFENIB,DB08912,44462760
HSA-MIR-125B-2-3P,miRNA,CERITINIB,DB09063,57379345
HSA-MIR-125B-2-3P,miRNA,FLUOROURACIL,DB00544,3385
HSA-MIR-125B-2-3P,miRNA,OXALIPLATIN,DB00526,6857599
HSA-MIR-125B-5P,miRNA,DOXORUBICIN,DB00997,31703
HSA-MIR-125B-5P,miRNA,PACLITAXEL,DB01229,36314
HSA-MIR-125B-5P,miRNA,DAUNORUBICIN,DB00694,30323
HSA-MIR-125B-5P,miRNA,PREDNISOLONE,DB00860,5755
HSA-MIR-125B-5P,miRNA,VINCRISTINE,DB00541,5978
HSA-MIR-125B-5P,miRNA,CISPLATIN,DB00515,5460033
HSA-MIR-125B-5P,miRNA,TEMOZOLOMIDE,DB00853,5394
HSA-MIR-125B-5P,miRNA,TRETINOIN,DB00755,5538
HSA-MIR-125B-5P,miRNA,TAMOXIFEN,DB00675,2733525
HSA-MIR-125B-5P,miRNA,FLUOROURACIL,DB00544,3385
HSA-MIR-125B-5P,miRNA,CYCLOPAMINE,NA,442972
HSA-MIR-125B-5P,miRNA,GEMCITABINE,DB00441,60750
HSA-MIR-125B-5P,miRNA,ETOPOSIDE,DB00773,36462
HSA-MIR-125B-5P,miRNA,MAFOSFAMIDE,DB12083,76968809
HSA-MIR-125B-5P,miRNA,BORTEZOMIB,DB00188,387447
HSA-MIR-125B-5P,miRNA,DEXAMETHASONE,DB01234,5743
HSA-MIR-125B-5P,miRNA,OXALIPLATIN,DB00526,6857599
HSA-MIR-125B-5P,miRNA,GEFITINIB,DB00317,123631
HSA-MIR-125B-5P,miRNA,DOCETAXEL,DB01248,148124
HSA-MIR-125B-5P,miRNA,PLATINUM,DB12257,23939
HSA-MIR-125B-5P,miRNA,VEMURAFENIB,DB08881,42611257
HSA-MIR-125B-5P,miRNA,SORAFENIB,DB00398,216239
HSA-MIR-125B-5P,miRNA,CALCITRIOL,DB00136,5280453
HSA-MIR-125B-5P,miRNA,TACALCITOL,DB13689,5283734
HSA-MIR-125B-5P,miRNA,BROMOCRIPTINE,DB01200,31101
HSA-MIR-125B-5P,miRNA,SUNITINIB,DB01268,5329102
HSA-MIR-125B-5P,miRNA,TRAMETINIB,DB08911,11707110
HSA-MIR-125B-5P,miRNA,DABRAFENIB,DB08912,44462760
HSA-MIR-125B-5P,miRNA,IMATINIB,DB00619,5291
HSA-MIR-126-3P,miRNA,PACLITAXEL,DB01229,36314
HSA-MIR-126-3P,miRNA,CISPLATIN,DB00515,5460033
HSA-MIR-126-3P,miRNA,DOXORUBICIN,DB00997,31703
HSA-MIR-126-3P,miRNA,DAUNORUBICIN,DB00694,30323
HSA-MIR-126-3P,miRNA,PREDNISOLONE,DB00860,5755
HSA-MIR-126-3P,miRNA,VINCRISTINE,DB00541,5978
HSA-MIR-126-3P,miRNA,10-HYDROXYCAMPTOTHECIN,DB12385,97226
HSA-MIR-126-3P,miRNA,DOCETAXEL,DB01248,148124
HSA-MIR-126-3P,miRNA,TAMOXIFEN,DB00675,2733525
HSA-MIR-126-3P,miRNA,CYCLOPAMINE,NA,442972
HSA-MIR-126-3P,miRNA,OXALIPLATIN,DB00526,6857599
HSA-MIR-126-3P,miRNA,BLEOMYCIN,DB00290,5360373
HSA-MIR-126-3P,miRNA,GEFITINIB,DB00317,123631
HSA-MIR-126-3P,miRNA,EPIGALLOCATECHIN GALLATE,DB12116,65064
HSA-MIR-126-3P,miRNA,GEMCITABINE,DB00441,60750
HSA-MIR-126-3P,miRNA,CYTARABINE,DB00987,6253
HSA-MIR-126-3P,miRNA,PLATINUM,DB12257,23939
HSA-MIR-126-3P,miRNA,SORAFENIB,DB00398,216239
HSA-MIR-126-3P,miRNA,AZACITIDINE,DB00928,9444
HSA-MIR-126-3P,miRNA,FLUOROURACIL,DB00544,3385
HSA-MIR-126-3P,miRNA,DABRAFENIB,DB08912,44462760
HSA-MIR-126-3P,miRNA,VEMURAFENIB,DB08881,42611257
HSA-MIR-126-3P,miRNA,ALPELISIB,DB12015,56649450
HSA-MIR-126-3P,miRNA,RIBOCICLIB,DB11730,44631912
HSA-MIR-126-3P,miRNA,GSK1070916,NA,46885626
HSA-MIR-126-3P,miRNA,LORLATINIB,DB12130,71731823
HSA-MIR-126-3P,miRNA,TEMOZOLOMIDE,DB00853,5394
HSA-MIR-126-3P,miRNA,TRAMETINIB,DB08911,11707110
HSA-MIR-126-3P,miRNA,ETOPOSIDE,DB00773,36462
HSA-MIR-126-3P,miRNA,VINORELBINE,DB00361,44424639
HSA-MIR-126-5P,miRNA,SORAFENIB,DB00398,216239
HSA-MIR-126-5P,miRNA,DAUNORUBICIN,DB00694,30323
HSA-MIR-126-5P,miRNA,PREDNISOLONE,DB00860,5755
HSA-MIR-126-5P,miRNA,VINCRISTINE,DB00541,5978
HSA-MIR-126-5P,miRNA,OXALIPLATIN,DB00526,6857599
HSA-MIR-126-5P,miRNA,GEMCITABINE,DB00441,60750
HSA-MIR-126-5P,miRNA,CYTARABINE,DB00987,6253
HSA-MIR-126-5P,miRNA,TAMOXIFEN,DB00675,2733525
HSA-MIR-126-5P,miRNA,AZACITIDINE,DB00928,9444
HSA-MIR-126-5P,miRNA,CISPLATIN,DB00515,5460033
HSA-MIR-126-5P,miRNA,ETOPOSIDE,DB00773,36462
HSA-MIR-126-5P,miRNA,DOXORUBICIN,DB00997,31703
HSA-MIR-126-5P,miRNA,VINORELBINE,DB00361,44424639
HSA-MIR-126-5P,miRNA,PACLITAXEL,DB01229,36314
HSA-MIR-1260A,miRNA,CERITINIB,DB09063,57379345
HSA-MIR-1260A,miRNA,FLUOROURACIL,DB00544,3385
HSA-MIR-1260A,miRNA,GEMCITABINE,DB00441,60750
HSA-MIR-1260A,miRNA,SORAFENIB,DB00398,216239
HSA-MIR-1260A,miRNA,PLATINUM,DB12257,23939
HSA-MIR-1260A,miRNA,CISPLATIN,DB00515,5460033
HSA-MIR-1260A,miRNA,FULVESTRANT,DB00947,17756771
HSA-MIR-1260A,miRNA,TAMOXIFEN,DB00675,2733525
HSA-MIR-1260A,miRNA,AZACITIDINE,DB00928,9444
HSA-MIR-1260A,miRNA,PACLITAXEL,DB01229,36314
HSA-MIR-1260A,miRNA,VINORELBINE,DB00361,44424639
HSA-MIR-1260A,miRNA,DOXORUBICIN,DB00997,31703
HSA-MIR-1260A,miRNA,ETOPOSIDE,DB00773,36462
HSA-MIR-1260A,miRNA,VINCRISTINE,DB00541,5978
HSA-MIR-1260B,miRNA,GEMCITABINE,DB00441,60750
HSA-MIR-1260B,miRNA,FLUOROURACIL,DB00544,3385
HSA-MIR-1260B,miRNA,PLATINUM,DB12257,23939
HSA-MIR-1260B,miRNA,IMATINIB,DB00619,5291
HSA-MIR-1260B,miRNA,PACLITAXEL,DB01229,36314
HSA-MIR-1260B,miRNA,PALBOCICLIB,DB09073,5330286
HSA-MIR-1260B,miRNA,TEMOZOLOMIDE,DB00853,5394
HSA-MIR-1260B,miRNA,DOCETAXEL,DB01248,148124
HSA-MIR-1261,miRNA,GEMCITABINE,DB00441,60750
HSA-MIR-1262,miRNA,GEFITINIB,DB00317,123631
HSA-MIR-1264,miRNA,PACLITAXEL,DB01229,36314
HSA-MIR-1264,miRNA,OXALIPLATIN,DB00526,6857599
HSA-MIR-1265,miRNA,PACLITAXEL,DB01229,36314
HSA-MIR-1265,miRNA,OXALIPLATIN,DB00526,6857599
HSA-MIR-1265,miRNA,DOXORUBICIN,DB00997,31703
HSA-MIR-1265,miRNA,FLUOROURACIL,DB00544,3385
HSA-MIR-1266,miRNA,CERITINIB,DB09063,57379345
HSA-MIR-1266-5P,miRNA,CERITINIB,DB09063,57379345
HSA-MIR-1266-5P,miRNA,DABRAFENIB,DB08912,44462760
HSA-MIR-1266-5P,miRNA,GEMCITABINE,DB00441,60750
HSA-MIR-1267,miRNA,OXALIPLATIN,DB00526,6857599
HSA-MIR-1267,miRNA,DOCETAXEL,DB01248,148124
HSA-MIR-1268A,miRNA,OXALIPLATIN,DB00526,6857599
HSA-MIR-1268A,miRNA,PACLITAXEL,DB01229,36314
HSA-MIR-1268A,miRNA,GEMCITABINE,DB00441,60750
HSA-MIR-1268A,miRNA,FLUOROURACIL,DB00544,3385
HSA-MIR-1268A,miRNA,IMATINIB,DB00619,5291
HSA-MIR-1268A,miRNA,CISPLATIN,DB00515,5460033
HSA-MIR-1268A,miRNA,PLATINUM,DB12257,23939
HSA-MIR-1268A,miRNA,DOCETAXEL,DB01248,148124
HSA-MIR-1268A,miRNA,VINORELBINE,DB00361,44424639
HSA-MIR-1268A,miRNA,TEMOZOLOMIDE,DB00853,5394
HSA-MIR-1268A,miRNA,TRAMETINIB,DB08911,11707110
HSA-MIR-1268A,miRNA,VEMURAFENIB,DB08881,42611257
HSA-MIR-1268A,miRNA,DOXORUBICIN,DB00997,31703
HSA-MIR-1268A,miRNA,ETOPOSIDE,DB00773,36462
HSA-MIR-1268A,miRNA,VINCRISTINE,DB00541,5978
HSA-MIR-1268B,miRNA,PLATINUM,DB12257,23939
HSA-MIR-1268B,miRNA,CISPLATIN,DB00515,5460033
HSA-MIR-1268B,miRNA,DOXORUBICIN,DB00997,31703
HSA-MIR-1268B,miRNA,ERLOTINIB,DB00530,176870
HSA-MIR-1268B,miRNA,ANTHRACYCLINE,DB00694,30323
HSA-MIR-1268B,miRNA,CYCLOPHOSPHAMIDE,DB00531,2907
HSA-MIR-1268B,miRNA,FLUOROURACIL,DB00544,3385
HSA-MIR-1268B,miRNA,TAXOL,DB01229,36314
HSA-MIR-1268B,miRNA,METHOTREXATE,DB00563,126941
HSA-MIR-1268B,miRNA,PACLITAXEL,DB01229,36314
HSA-MIR-1268B,miRNA,ETOPOSIDE,DB00773,36462
HSA-MIR-1268B,miRNA,VINORELBINE,DB00361,44424639
HSA-MIR-1268B,miRNA,VINCRISTINE,DB00541,5978
HSA-MIR-1269A,miRNA,DOXORUBICIN,DB00997,31703
HSA-MIR-1269A,miRNA,VEMURAFENIB,DB08881,42611257
HSA-MIR-1269A,miRNA,DABRAFENIB,DB08912,44462760
HSA-MIR-1269A,miRNA,IMATINIB,DB00619,5291
HSA-MIR-1269A,miRNA,SUNITINIB,DB01268,5329102
HSA-MIR-1269A,miRNA,CISPLATIN,DB00515,5460033
HSA-MIR-1269B,miRNA,DOXORUBICIN,DB00997,31703
HSA-MIR-1269B,miRNA,VEMURAFENIB,DB08881,42611257
HSA-MIR-1269B,miRNA,TRAMETINIB,DB08911,11707110
HSA-MIR-1269B,miRNA,CISPLATIN,DB00515,5460033
HSA-MIR-127-3P,miRNA,DOXORUBICIN,DB00997,31703
HSA-MIR-127-3P,miRNA,CISPLATIN,DB00515,5460033
HSA-MIR-127-3P,miRNA,OXALIPLATIN,DB00526,6857599
HSA-MIR-127-3P,miRNA,PACLITAXEL,DB01229,36314
HSA-MIR-127-3P,miRNA,GEFITINIB,DB00317,123631
HSA-MIR-127-3P,miRNA,PLATINUM,DB12257,23939
HSA-MIR-127-3P,miRNA,VEMURAFENIB,DB08881,42611257
HSA-MIR-127-3P,miRNA,DABRAFENIB,DB08912,44462760
HSA-MIR-127-3P,miRNA,CRIZOTINIB,DB08865,11626560
HSA-MIR-127-3P,miRNA,FULVESTRANT,DB00947,17756771
HSA-MIR-127-3P,miRNA,RUXOLITINIB,DB08877,25126798
HSA-MIR-127-5P,miRNA,CISPLATIN,DB00515,5460033
HSA-MIR-1270,miRNA,OXALIPLATIN,DB00526,6857599
HSA-MIR-1270,miRNA,DABRAFENIB,DB08912,44462760
HSA-MIR-1271,miRNA,CERITINIB,DB09063,57379345
HSA-MIR-1271-3P,miRNA,DOCETAXEL,DB01248,148124
HSA-MIR-1271-5P,miRNA,CISPLATIN,DB00515,5460033
HSA-MIR-1271-5P,miRNA,TAMOXIFEN,DB00675,2733525
HSA-MIR-1271-5P,miRNA,CERITINIB,DB09063,57379345
HSA-MIR-1271-5P,miRNA,PANOBINOSTAT,DB06603,6918837
HSA-MIR-1271-5P,miRNA,TEMOZOLOMIDE,DB00853,5394
HSA-MIR-1271-5P,miRNA,TOPOTECAN,DB01030,60699
HSA-MIR-1271-5P,miRNA,PACLITAXEL,DB01229,36314
HSA-MIR-1271-5P,miRNA,DOCETAXEL,DB01248,148124
HSA-MIR-1272,miRNA,CISPLATIN,DB00515,5460033
HSA-MIR-1273,miRNA,OXALIPLATIN,DB00526,6857599
HSA-MIR-1273A,miRNA,PALBOCICLIB,DB09073,5330286
HSA-MIR-1273A,miRNA,CISPLATIN,DB00515,5460033
HSA-MIR-1273C,miRNA,GEMCITABINE,DB00441,60750
HSA-MIR-1273C,miRNA,FLUOROURACIL,DB00544,3385
HSA-MIR-1273D,miRNA,CISPLATIN,DB00515,5460033
HSA-MIR-1273D,miRNA,DOXORUBICIN,DB00997,31703
HSA-MIR-1273D,miRNA,FLUOROURACIL,DB00544,3385
HSA-MIR-1273D,miRNA,VINCRISTINE,DB00541,5978
HSA-MIR-1273D,miRNA,PLATINUM,DB12257,23939
HSA-MIR-1273G,miRNA,DOXORUBICIN,DB00997,31703
HSA-MIR-1273G,miRNA,VINCRISTINE,DB00541,5978
HSA-MIR-1273G-3P,miRNA,FLUOROURACIL,DB00544,3385
HSA-MIR-1273G-3P,miRNA,CISPLATIN,DB00515,5460033
HSA-MIR-1273G-5P,miRNA,TRAMETINIB,DB08911,11707110
HSA-MIR-1273G-5P,miRNA,VEMURAFENIB,DB08881,42611257
HSA-MIR-1273H-5P,miRNA,PACLITAXEL,DB01229,36314
HSA-MIR-1274A,miRNA,SORAFENIB,DB00398,216239
HSA-MIR-1274A,miRNA,OXALIPLATIN,DB00526,6857599
HSA-MIR-1274A,miRNA,EPIRUBICIN,DB00445,41867
HSA-MIR-1274A,miRNA,PACLITAXEL,DB01229,36314
HSA-MIR-1274B,miRNA,SORAFENIB,DB00398,216239
HSA-MIR-1274B,miRNA,OXALIPLATIN,DB00526,6857599
HSA-MIR-1275,miRNA,OXALIPLATIN,DB00526,6857599
HSA-MIR-1275,miRNA,GEMCITABINE,DB00441,60750
HSA-MIR-1275,miRNA,CISPLATIN,DB00515,5460033
HSA-MIR-1275,miRNA,PACLITAXEL,DB01229,36314
HSA-MIR-1275,miRNA,FLUOROURACIL,DB00544,3385
HSA-MIR-1275,miRNA,PLATINUM,DB12257,23939
HSA-MIR-1275,miRNA,IMATINIB,DB00619,5291
HSA-MIR-1275,miRNA,FULVESTRANT,DB00947,17756771
HSA-MIR-1276,miRNA,FULVESTRANT,DB00947,17756771
HSA-MIR-1277-3P,miRNA,DOXORUBICIN,DB00997,31703
HSA-MIR-1277-3P,miRNA,PACLITAXEL,DB01229,36314
HSA-MIR-1277-3P,miRNA,PONATINIB,DB08901,24826799
HSA-MIR-1277-3P,miRNA,IMATINIB,DB00619,5291
HSA-MIR-1278,miRNA,TRAMETINIB,DB08911,11707110
HSA-MIR-1278,miRNA,VEMURAFENIB,DB08881,42611257
HSA-MIR-1278,miRNA,CISPLATIN,DB00515,5460033
HSA-MIR-1279,miRNA,TRAMETINIB,DB08911,11707110
HSA-MIR-1279,miRNA,VEMURAFENIB,DB08881,42611257
HSA-MIR-128-2,miRNA,CISPLATIN,DB00515,5460033
HSA-MIR-128-2,miRNA,DOXORUBICIN,DB00997,31703
HSA-MIR-128-2,miRNA,FLUOROURACIL,DB00544,3385
HSA-MIR-128-2,miRNA,CERITINIB,DB09063,57379345
HSA-MIR-128-2-5P,miRNA,GEMCITABINE,DB00441,60750
HSA-MIR-128-3P,miRNA,PACLITAXEL,DB01229,36314
HSA-MIR-128-3P,miRNA,DOXORUBICIN,DB00997,31703
HSA-MIR-128-3P,miRNA,VERAPAMIL,DB00661,2520
HSA-MIR-128-3P,miRNA,ANASTROZOLE,DB01217,2187
HSA-MIR-128-3P,miRNA,EXEMESTANE,DB00990,60198
HSA-MIR-128-3P,miRNA,LETROZOLE,DB01006,3902
HSA-MIR-128-3P,miRNA,TAMOXIFEN,DB00675,2733525
HSA-MIR-128-3P,miRNA,IMATINIB,DB00619,5291
HSA-MIR-128-3P,miRNA,ETOPOSIDE,DB00773,36462
HSA-MIR-128-3P,miRNA,OXALIPLATIN,DB00526,6857599
HSA-MIR-128-3P,miRNA,TEMOZOLOMIDE,DB00853,5394
HSA-MIR-128-3P,miRNA,CISPLATIN,DB00515,5460033
HSA-MIR-128-3P,miRNA,PLX-4720,DB06999,24180719
HSA-MIR-128-3P,miRNA,PLATINUM,DB12257,23939
HSA-MIR-128-3P,miRNA,GEMCITABINE,DB00441,60750
HSA-MIR-128-3P,miRNA,FLUOROURACIL,DB00544,3385
HSA-MIR-128-3P,miRNA,AZACITIDINE,DB00928,9444
HSA-MIR-128-3P,miRNA,SORAFENIB,DB00398,216239
HSA-MIR-128-3P,miRNA,GEFITINIB,DB00317,123631
HSA-MIR-128-5P,miRNA,PACLITAXEL,DB01229,36314
HSA-MIR-1280,miRNA,SORAFENIB,DB00398,216239
HSA-MIR-1280,miRNA,IMATINIB,DB00619,5291
HSA-MIR-1280,miRNA,FLUOROURACIL,DB00544,3385
HSA-MIR-1280,miRNA,GEMCITABINE,DB00441,60750
HSA-MIR-1280,miRNA,MITOXANTRONE,DB01204,4212
HSA-MIR-1280,miRNA,VEMURAFENIB,DB08881,42611257
HSA-MIR-1280,miRNA,PACLITAXEL,DB01229,36314
HSA-MIR-1281,miRNA,TAMOXIFEN,DB00675,2733525
HSA-MIR-1281,miRNA,OXALIPLATIN,DB00526,6857599
HSA-MIR-1281,miRNA,CURCUMIN,DB11672,969516
HSA-MIR-1281,miRNA,DOXORUBICIN,DB00997,31703
HSA-MIR-1281,miRNA,CISPLATIN,DB00515,5460033
HSA-MIR-1283,miRNA,CISPLATIN,DB00515,5460033
HSA-MIR-1283-2,miRNA,CERITINIB,DB09063,57379345
HSA-MIR-1284,miRNA,CERITINIB,DB09063,57379345
HSA-MIR-1284,miRNA,SORAFENIB,DB00398,216239
HSA-MIR-1284,miRNA,VINCRISTINE,DB00541,5978
HSA-MIR-1284,miRNA,CISPLATIN,DB00515,5460033
HSA-MIR-1285-1,miRNA,OXALIPLATIN,DB00526,6857599
HSA-MIR-1285-3P,miRNA,OXALIPLATIN,DB00526,6857599
HSA-MIR-1285-3P,miRNA,FLUOROURACIL,DB00544,3385
HSA-MIR-1285-3P,miRNA,GEMCITABINE,DB00441,60750
HSA-MIR-1285-3P,miRNA,IMATINIB,DB00619,5291
HSA-MIR-1285-3P,miRNA,PALBOCICLIB,DB09073,5330286
HSA-MIR-1285-3P,miRNA,PLATINUM,DB12257,23939
HSA-MIR-1285-3P,miRNA,PACLITAXEL,DB01229,36314
HSA-MIR-1285-5P,miRNA,CISPLATIN,DB00515,5460033
HSA-MIR-1287-5P,miRNA,OXALIPLATIN,DB00526,6857599
HSA-MIR-1287-5P,miRNA,PACLITAXEL,DB01229,36314
HSA-MIR-1287-5P,miRNA,GEMCITABINE,DB00441,60750
HSA-MIR-1287-5P,miRNA,PLX-4720,DB06999,24180719
HSA-MIR-1287-5P,miRNA,MITOXANTRONE,DB01204,4212
HSA-MIR-1287-5P,miRNA,DABRAFENIB,DB08912,44462760
HSA-MIR-1287-5P,miRNA,VEMURAFENIB,DB08881,42611257
HSA-MIR-1287-5P,miRNA,GEFITINIB,DB00317,123631
HSA-MIR-1287-5P,miRNA,YUANHUADINE,NA,6440572
HSA-MIR-1288-3P,miRNA,FLUOROURACIL,DB00544,3385
HSA-MIR-1288-3P,miRNA,GEMCITABINE,DB00441,60750
HSA-MIR-1288-3P,miRNA,PLATINUM,DB12257,23939
HSA-MIR-1288-3P,miRNA,SORAFENIB,DB00398,216239
HSA-MIR-1288-3P,miRNA,IMATINIB,DB00619,5291
HSA-MIR-1288-3P,miRNA,CERITINIB,DB09063,57379345
HSA-MIR-1288-3P,miRNA,CISPLATIN,DB00515,5460033
HSA-MIR-1289,miRNA,TRAMETINIB,DB08911,11707110
HSA-MIR-1289,miRNA,VEMURAFENIB,DB08881,42611257
HSA-MIR-128B,miRNA,DOXORUBICIN,DB00997,31703
HSA-MIR-128B,miRNA,VERAPAMIL,DB00661,2520
HSA-MIR-129-1,miRNA,CERITINIB,DB09063,57379345
HSA-MIR-129-1-3P,miRNA,GEMCITABINE,DB00441,60750
HSA-MIR-129-1-3P,miRNA,OXALIPLATIN,DB00526,6857599
HSA-MIR-129-1-3P,miRNA,VEMURAFENIB,DB08881,42611257
HSA-MIR-129-1-3P,miRNA,DOXORUBICIN,DB00997,31703
HSA-MIR-129-1-3P,miRNA,CERITINIB,DB09063,57379345
HSA-MIR-129-1-3P,miRNA,CISPLATIN,DB00515,5460033
HSA-MIR-129-2,miRNA,CERITINIB,DB09063,57379345
HSA-MIR-129-2-3P,miRNA,DOCETAXEL,DB01248,148124
HSA-MIR-129-2-3P,miRNA,CERITINIB,DB09063,57379345
HSA-MIR-129-2-3P,miRNA,PACLITAXEL,DB01229,36314
HSA-MIR-129-2-3P,miRNA,CISPLATIN,DB00515,5460033
HSA-MIR-129-5P,miRNA,DOCETAXEL,DB01248,148124
HSA-MIR-129-5P,miRNA,ETOPOSIDE,DB00773,36462
HSA-MIR-129-5P,miRNA,CISPLATIN,DB00515,5460033
HSA-MIR-129-5P,miRNA,VINCRISTINE,DB00541,5978
HSA-MIR-129-5P,miRNA,DOXORUBICIN,DB00997,31703
HSA-MIR-129-5P,miRNA,FLUOROURACIL,DB00544,3385
HSA-MIR-129-5P,miRNA,PACLITAXEL,DB01229,36314
HSA-MIR-129-5P,miRNA,PREDNISONE,DB00635,5865
HSA-MIR-129-5P,miRNA,BORTEZOMIB,DB00188,387447
HSA-MIR-129-5P,miRNA,DECITABINE,DB01262,451668
HSA-MIR-129-5P,miRNA,GEMCITABINE,DB00441,60750
HSA-MIR-129-5P,miRNA,CYCLOPHOSPHAMIDE,DB00531,2907
HSA-MIR-129-5P,miRNA,OXALIPLATIN,DB00526,6857599
HSA-MIR-129-5P,miRNA,TAXOL,DB01229,36314
HSA-MIR-129-5P,miRNA,APATINIB,NA,11315474
HSA-MIR-129-5P,miRNA,VORINOSTAT,DB02546,5311
HSA-MIR-129-5P,miRNA,VEMURAFENIB,DB08881,42611257
HSA-MIR-129-5P,miRNA,TEMOZOLOMIDE,DB00853,5394
HSA-MIR-129-5P,miRNA,SORAFENIB,DB00398,216239
HSA-MIR-129-5P,miRNA,OSIMERTINIB,DB09330,71496458
HSA-MIR-1290,miRNA,CISPLATIN,DB00515,5460033
HSA-MIR-1290,miRNA,GEMCITABINE,DB00441,60750
HSA-MIR-1290,miRNA,OXALIPLATIN,DB00526,6857599
HSA-MIR-1290,miRNA,PACLITAXEL,DB01229,36314
HSA-MIR-1290,miRNA,FLUOROURACIL,DB00544,3385
HSA-MIR-1290,miRNA,EPIRUBICIN,DB00445,41867
HSA-MIR-1290,miRNA,BORTEZOMIB,DB00188,387447
HSA-MIR-1290,miRNA,SORAFENIB,DB00398,216239
HSA-MIR-1290,miRNA,PLATINUM,DB12257,23939
HSA-MIR-1290,miRNA,DOXORUBICIN,DB00997,31703
HSA-MIR-1290,miRNA,FULVESTRANT,DB00947,17756771
HSA-MIR-1290,miRNA,SEVOFLURANE,DB01236,5206
HSA-MIR-1291,miRNA,DOXORUBICIN,DB00997,31703
HSA-MIR-1291,miRNA,PACLITAXEL,DB01229,36314
HSA-MIR-1291,miRNA,SORAFENIB,DB00398,216239
HSA-MIR-1291,miRNA,PLX-4720,DB06999,24180719
HSA-MIR-1291,miRNA,FLUOROURACIL,DB00544,3385
HSA-MIR-1291-5P,miRNA,CISPLATIN,DB00515,5460033
HSA-MIR-1292,miRNA,CERITINIB,DB09063,57379345
HSA-MIR-1292-5P,miRNA,OXALIPLATIN,DB00526,6857599
HSA-MIR-1292-5P,miRNA,FLUOROURACIL,DB00544,3385
HSA-MIR-1292-5P,miRNA,FULVESTRANT,DB00947,17756771
HSA-MIR-1292-5P,miRNA,CERITINIB,DB09063,57379345
HSA-MIR-1292-5P,miRNA,CISPLATIN,DB00515,5460033
HSA-MIR-1293,miRNA,CERITINIB,DB09063,57379345
HSA-MIR-1293,miRNA,DOXORUBICIN,DB00997,31703
HSA-MIR-1293,miRNA,OXALIPLATIN,DB00526,6857599
HSA-MIR-1293,miRNA,PLX-4720,DB06999,24180719
HSA-MIR-1293,miRNA,IMATINIB,DB00619,5291
HSA-MIR-1293,miRNA,CISPLATIN,DB00515,5460033
HSA-MIR-1293,miRNA,TRAMETINIB,DB08911,11707110
HSA-MIR-1293,miRNA,VEMURAFENIB,DB08881,42611257
HSA-MIR-1294,miRNA,CISPLATIN,DB00515,5460033
HSA-MIR-1294,miRNA,ARSENIC TRIOXIDE,DB01169,261004
HSA-MIR-1294,miRNA,TEMOZOLOMIDE,DB00853,5394
HSA-MIR-1295A,miRNA,SORAFENIB,DB00398,216239
HSA-MIR-1295A,miRNA,DOXORUBICIN,DB00997,31703
HSA-MIR-1295B-5P,miRNA,TEMOZOLOMIDE,DB00853,5394
HSA-MIR-1296,miRNA,CISPLATIN,DB00515,5460033
HSA-MIR-1296-5P,miRNA,PACLITAXEL,DB01229,36314
HSA-MIR-1296-5P,miRNA,CISPLATIN,DB00515,5460033
HSA-MIR-1296-5P,miRNA,FLUOROURACIL,DB00544,3385
HSA-MIR-1296-5P,miRNA,TAMOXIFEN,DB00675,2733525
HSA-MIR-1296-5P,miRNA,FULVESTRANT,DB00947,17756771
HSA-MIR-1296-5P,miRNA,GEMCITABINE,DB00441,60750
HSA-MIR-1297,miRNA,OXALIPLATIN,DB00526,6857599
HSA-MIR-1297,miRNA,CISPLATIN,DB00515,5460033
HSA-MIR-1298-5P,miRNA,CISPLATIN,DB00515,5460033
HSA-MIR-1299,miRNA,CISPLATIN,DB00515,5460033
HSA-MIR-1299,miRNA,OXALIPLATIN,DB00526,6857599
HSA-MIR-1299,miRNA,DOXORUBICIN,DB00997,31703
HSA-MIR-1299,miRNA,IMATINIB,DB00619,5291
HSA-MIR-1299,miRNA,BROMOCRIPTINE,DB01200,31101
HSA-MIR-130,miRNA,FLUOROURACIL,DB00544,3385
HSA-MIR-130,miRNA,OXALIPLATIN,DB00526,6857599
HSA-MIR-1300,miRNA,OXALIPLATIN,DB00526,6857599
HSA-MIR-1301,miRNA,CISPLATIN,DB00515,5460033
HSA-MIR-1301-3P,miRNA,OXALIPLATIN,DB00526,6857599
HSA-MIR-1301-3P,miRNA,GEMCITABINE,DB00441,60750
HSA-MIR-1301-3P,miRNA,PLX-4720,DB06999,24180719
HSA-MIR-1301-3P,miRNA,IMATINIB,DB00619,5291
HSA-MIR-1301-3P,miRNA,CISPLATIN,DB00515,5460033
HSA-MIR-1301-3P,miRNA,DABRAFENIB,DB08912,44462760
HSA-MIR-1301-3P,miRNA,VEMURAFENIB,DB08881,42611257
HSA-MIR-1301-3P,miRNA,FLUOROURACIL,DB00544,3385
HSA-MIR-1301-3P,miRNA,TRAMETINIB,DB08911,11707110
HSA-MIR-1301-3P,miRNA,EPIRUBICIN,DB00445,41867
HSA-MIR-1302,miRNA,TRAMETINIB,DB08911,11707110
HSA-MIR-1302,miRNA,VEMURAFENIB,DB08881,42611257
HSA-MIR-1303,miRNA,OXALIPLATIN,DB00526,6857599
HSA-MIR-1303,miRNA,IMATINIB,DB00619,5291
HSA-MIR-1303,miRNA,FULVESTRANT,DB00947,17756771
HSA-MIR-1303,miRNA,ETOPOSIDE,DB00773,36462
HSA-MIR-1303,miRNA,DOXORUBICIN,DB00997,31703
HSA-MIR-1303,miRNA,VINORELBINE,DB00361,44424639
HSA-MIR-1303,miRNA,VINCRISTINE,DB00541,5978
HSA-MIR-1303,miRNA,PACLITAXEL,DB01229,36314
HSA-MIR-1304-3P,miRNA,CISPLATIN,DB00515,5460033
HSA-MIR-1304-5P,miRNA,OXALIPLATIN,DB00526,6857599
HSA-MIR-1304-5P,miRNA,CERITINIB,DB09063,57379345
HSA-MIR-1304-5P,miRNA,VEMURAFENIB,DB08881,42611257
HSA-MIR-1304-5P,miRNA,TRAMETINIB,DB08911,11707110
HSA-MIR-1304-5P,miRNA,GEMCITABINE,DB00441,60750
HSA-MIR-1305,miRNA,CERITINIB,DB09063,57379345
HSA-MIR-1305,miRNA,PLATINUM,DB12257,23939
HSA-MIR-1305,miRNA,SUNITINIB,DB01268,5329102
HSA-MIR-1306-3P,miRNA,OXALIPLATIN,DB00526,6857599
HSA-MIR-1306-3P,miRNA,CISPLATIN,DB00515,5460033
HSA-MIR-1306-5P,miRNA,IMATINIB,DB00619,5291
HSA-MIR-1307,miRNA,CISPLATIN,DB00515,5460033
HSA-MIR-1307-3P,miRNA,FLUOROURACIL,DB00544,3385
HSA-MIR-1307-3P,miRNA,GEMCITABINE,DB00441,60750
HSA-MIR-1307-3P,miRNA,TAMOXIFEN,DB00675,2733525
HSA-MIR-1307-3P,miRNA,CISPLATIN,DB00515,5460033
HSA-MIR-1307-3P,miRNA,PACLITAXEL,DB01229,36314
HSA-MIR-1307-3P,miRNA,CAPECITABINE,DB01101,60953
HSA-MIR-1307-3P,miRNA,BROMOCRIPTINE,DB01200,31101
HSA-MIR-1307-3P,miRNA,ERLOTINIB,DB00530,176870
HSA-MIR-1307-3P,miRNA,DABRAFENIB,DB08912,44462760
HSA-MIR-1307-5P,miRNA,TAMOXIFEN,DB00675,2733525
HSA-MIR-1308,miRNA,SUNITINIB,DB01268,5329102
HSA-MIR-1308,miRNA,OXALIPLATIN,DB00526,6857599
HSA-MIR-1308,miRNA,CISPLATIN,DB00515,5460033
HSA-MIR-130A-3P,miRNA,DOXORUBICIN,DB00997,31703
HSA-MIR-130A-3P,miRNA,PACLITAXEL,DB01229,36314
HSA-MIR-130A-3P,miRNA,SORAFENIB,DB00398,216239
HSA-MIR-130A-3P,miRNA,DOCETAXEL,DB01248,148124
HSA-MIR-130A-3P,miRNA,CISPLATIN,DB00515,5460033
HSA-MIR-130A-3P,miRNA,GEMCITABINE,DB00441,60750
HSA-MIR-130A-3P,miRNA,OXALIPLATIN,DB00526,6857599
HSA-MIR-130A-3P,miRNA,GEFITINIB,DB00317,123631
HSA-MIR-130A-3P,miRNA,FLUOROURACIL,DB00544,3385
HSA-MIR-130A-3P,miRNA,TAXANE,NA,9548828
HSA-MIR-130A-3P,miRNA,IMATINIB,DB00619,5291
HSA-MIR-130A-3P,miRNA,PLATINUM,DB12257,23939
HSA-MIR-130A-3P,miRNA,TEMOZOLOMIDE,DB00853,5394
HSA-MIR-130A-3P,miRNA,DABRAFENIB,DB08912,44462760
HSA-MIR-130A-3P,miRNA,VEMURAFENIB,DB08881,42611257
HSA-MIR-130A-3P,miRNA,TRAMETINIB,DB08911,11707110
HSA-MIR-130A-3P,miRNA,MITOMYCIN C,DB00305,5746
HSA-MIR-130A-3P,miRNA,METHOTREXATE,DB00563,126941
HSA-MIR-130A-3P,miRNA,EPIRUBICIN,DB00445,41867
HSA-MIR-130A-3P,miRNA,BORTEZOMIB,DB00188,387447
HSA-MIR-130A-3P,miRNA,VINCRISTINE,DB00541,5978
HSA-MIR-130A-5P,miRNA,CERITINIB,DB09063,57379345
HSA-MIR-130B,miRNA,CISPLATIN,DB00515,5460033
HSA-MIR-130B,miRNA,IMATINIB,DB00619,5291
HSA-MIR-130B-3P,miRNA,PACLITAXEL,DB01229,36314
HSA-MIR-130B-3P,miRNA,SORAFENIB,DB00398,216239
HSA-MIR-130B-3P,miRNA,CISPLATIN,DB00515,5460033
HSA-MIR-130B-3P,miRNA,FLUOROURACIL,DB00544,3385
HSA-MIR-130B-3P,miRNA,GEMCITABINE,DB00441,60750
HSA-MIR-130B-3P,miRNA,IMATINIB,DB00619,5291
HSA-MIR-130B-3P,miRNA,PLATINUM,DB12257,23939
HSA-MIR-130B-3P,miRNA,MITOXANTRONE,DB01204,4212
HSA-MIR-130B-3P,miRNA,TAMOXIFEN,DB00675,2733525
HSA-MIR-130B-3P,miRNA,DOXORUBICIN,DB00997,31703
HSA-MIR-130B-3P,miRNA,TRAMETINIB,DB08911,11707110
HSA-MIR-130B-3P,miRNA,VEMURAFENIB,DB08881,42611257
HSA-MIR-130B-3P,miRNA,SUNITINIB,DB01268,5329102
HSA-MIR-130B-3P,miRNA,OXALIPLATIN,DB00526,6857599
HSA-MIR-130B-3P,miRNA,DEXAMETHASONE,DB01234,5743
HSA-MIR-130B-5P,miRNA,DOXORUBICIN,DB00997,31703
HSA-MIR-130B-5P,miRNA,VERAPAMIL,DB00661,2520
HSA-MIR-130B-5P,miRNA,PACLITAXEL,DB01229,36314
HSA-MIR-130B-5P,miRNA,CISPLATIN,DB00515,5460033
HSA-MIR-130B-5P,miRNA,GEMCITABINE,DB00441,60750
HSA-MIR-130B-5P,miRNA,TAXOL,DB01229,36314
HSA-MIR-130B-5P,miRNA,NEFERINE,NA,71531543
HSA-MIR-132,miRNA,CISPLATIN,DB00515,5460033
HSA-MIR-132-3P,miRNA,DOXORUBICIN,DB00997,31703
HSA-MIR-132-3P,miRNA,VERAPAMIL,DB00661,2520
HSA-MIR-132-3P,miRNA,CISPLATIN,DB00515,5460033
HSA-MIR-132-3P,miRNA,TEMOZOLOMIDE,DB00853,5394
HSA-MIR-132-3P,miRNA,IMATINIB,DB00619,5291
HSA-MIR-132-3P,miRNA,10-HYDROXYCAMPTOTHECIN,DB12385,97226
HSA-MIR-132-3P,miRNA,PAROXETINE,DB00715,43815
HSA-MIR-132-3P,miRNA,PACLITAXEL,DB01229,36314
HSA-MIR-132-3P,miRNA,FLUOROURACIL,DB00544,3385
HSA-MIR-132-3P,miRNA,GEMCITABINE,DB00441,60750
HSA-MIR-132-3P,miRNA,GEFITINIB,DB00317,123631
HSA-MIR-132-3P,miRNA,PLX-4720,DB06999,24180719
HSA-MIR-132-3P,miRNA,PLATINUM,DB12257,23939
HSA-MIR-132-3P,miRNA,TAMOXIFEN,DB00675,2733525
HSA-MIR-132-3P,miRNA,CERITINIB,DB09063,57379345
HSA-MIR-132-3P,miRNA,PANOBINOSTAT,DB06603,6918837
HSA-MIR-132-3P,miRNA,TRAMETINIB,DB08911,11707110
HSA-MIR-132-3P,miRNA,VEMURAFENIB,DB08881,42611257
HSA-MIR-132-3P,miRNA,SORAFENIB,DB00398,216239
HSA-MIR-132-3P,miRNA,ETOPOSIDE,DB00773,36462
HSA-MIR-132-5P,miRNA,CISPLATIN,DB00515,5460033
HSA-MIR-1321,miRNA,OXALIPLATIN,DB00526,6857599
HSA-MIR-1321,miRNA,CISPLATIN,DB00515,5460033
HSA-MIR-1321,miRNA,IMATINIB,DB00619,5291
HSA-MIR-1323,miRNA,OXALIPLATIN,DB00526,6857599
HSA-MIR-1323,miRNA,DABRAFENIB,DB08912,44462760
HSA-MIR-1323,miRNA,VEMURAFENIB,DB08881,42611257
HSA-MIR-1323,miRNA,PONATINIB,DB08901,24826799
HSA-MIR-1323,miRNA,IMATINIB,DB00619,5291
HSA-MIR-1323,miRNA,GEMCITABINE,DB00441,60750
HSA-MIR-1325,miRNA,IMATINIB,DB00619,5291
HSA-MIR-133A-3P,miRNA,DOXORUBICIN,DB00997,31703
HSA-MIR-133A-3P,miRNA,CISPLATIN,DB00515,5460033
HSA-MIR-133A-3P,miRNA,PACLITAXEL,DB01229,36314
HSA-MIR-133A-3P,miRNA,SUNITINIB,DB01268,5329102
HSA-MIR-133A-3P,miRNA,FLUOROURACIL,DB00544,3385
HSA-MIR-133A-3P,miRNA,GEMCITABINE,DB00441,60750
HSA-MIR-133A-3P,miRNA,BROMOCRIPTINE,DB01200,31101
HSA-MIR-133A-3P,miRNA,GEFITINIB,DB00317,123631
HSA-MIR-133A-3P,miRNA,ETOPOSIDE,DB00773,36462
HSA-MIR-133A-3P,miRNA,VINORELBINE,DB00361,44424639
HSA-MIR-133A-3P,miRNA,VINCRISTINE,DB00541,5978
HSA-MIR-133A-5P,miRNA,SUNITINIB,DB01268,5329102
HSA-MIR-133B,miRNA,SORAFENIB,DB00398,216239
HSA-MIR-133B,miRNA,DOXORUBICIN,DB00997,31703
HSA-MIR-133B,miRNA,CISPLATIN,DB00515,5460033
HSA-MIR-133B,miRNA,GEFITINIB,DB00317,123631
HSA-MIR-133B,miRNA,FLUOROURACIL,DB00544,3385
HSA-MIR-133B,miRNA,VINCRISTINE,DB00541,5978
HSA-MIR-133B,miRNA,PACLITAXEL,DB01229,36314
HSA-MIR-133B,miRNA,GEMCITABINE,DB00441,60750
HSA-MIR-133B,miRNA,DOCETAXEL,DB01248,148124
HSA-MIR-133B,miRNA,ERLOTINIB,DB00530,176870
HSA-MIR-133B,miRNA,OXALIPLATIN,DB00526,6857599
HSA-MIR-134,miRNA,CERITINIB,DB09063,57379345
HSA-MIR-134-5P,miRNA,DOXORUBICIN,DB00997,31703
HSA-MIR-134-5P,miRNA,GEMCITABINE,DB00441,60750
HSA-MIR-134-5P,miRNA,PACLITAXEL,DB01229,36314
HSA-MIR-134-5P,miRNA,GEFITINIB,DB00317,123631
HSA-MIR-134-5P,miRNA,IMATINIB,DB00619,5291
HSA-MIR-134-5P,miRNA,CISPLATIN,DB00515,5460033
HSA-MIR-134-5P,miRNA,PU-H71,NA,9549213
HSA-MIR-134-5P,miRNA,TANESPIMYCIN,DB05134,5458730
HSA-MIR-134-5P,miRNA,PLATINUM,DB12257,23939
HSA-MIR-134-5P,miRNA,CERITINIB,DB09063,57379345
HSA-MIR-134-5P,miRNA,FLUOROURACIL,DB00544,3385
HSA-MIR-134-5P,miRNA,TRAMETINIB,DB08911,11707110
HSA-MIR-134-5P,miRNA,VEMURAFENIB,DB08881,42611257
HSA-MIR-134-5P,miRNA,BROMOCRIPTINE,DB01200,31101
HSA-MIR-134-5P,miRNA,RUXOLITINIB,DB08877,25126798
HSA-MIR-134-5P,miRNA,OSIMERTINIB,DB09330,71496458
HSA-MIR-1343-3P,miRNA,GEMCITABINE,DB00441,60750
HSA-MIR-1343-3P,miRNA,FLUOROURACIL,DB00544,3385
HSA-MIR-1343-5P,miRNA,DABRAFENIB,DB08912,44462760
HSA-MIR-1343-5P,miRNA,VEMURAFENIB,DB08881,42611257
HSA-MIR-1343-5P,miRNA,PACLITAXEL,DB01229,36314
HSA-MIR-134A-5P,miRNA,SORAFENIB,DB00398,216239
HSA-MIR-135,miRNA,DOXORUBICIN,DB00997,31703
HSA-MIR-135,miRNA,FLUOROURACIL,DB00544,3385
HSA-MIR-135,miRNA,Y15,NA,78260
HSA-MIR-135,miRNA,GEFITINIB,DB00317,123631
HSA-MIR-135-5P,miRNA,ESTRADIOL,DB00783,5757
HSA-MIR-135A-3P,miRNA,PLATINUM,DB12257,23939
HSA-MIR-135A-3P,miRNA,CISPLATIN,DB00515,5460033
HSA-MIR-135A-3P,miRNA,PACLITAXEL,DB01229,36314
HSA-MIR-135A-3P,miRNA,DABRAFENIB,DB08912,44462760
HSA-MIR-135A-3P,miRNA,VEMURAFENIB,DB08881,42611257
HSA-MIR-135A-5P,miRNA,DOXORUBICIN,DB00997,31703
HSA-MIR-135A-5P,miRNA,VERAPAMIL,DB00661,2520
HSA-MIR-135A-5P,miRNA,SORAFENIB,DB00398,216239
HSA-MIR-135A-5P,miRNA,PACLITAXEL,DB01229,36314
HSA-MIR-135A-5P,miRNA,CISPLATIN,DB00515,5460033
HSA-MIR-135A-5P,miRNA,ETOPOSIDE,DB00773,36462
HSA-MIR-135A-5P,miRNA,OXALIPLATIN,DB00526,6857599
HSA-MIR-135A-5P,miRNA,DOCETAXEL,DB01248,148124
HSA-MIR-135A-5P,miRNA,MITOXANTRONE,DB01204,4212
HSA-MIR-135A-5P,miRNA,TAMOXIFEN,DB00675,2733525
HSA-MIR-135A-5P,miRNA,GEMCITABINE,DB00441,60750
HSA-MIR-135A-5P,miRNA,GEFITINIB,DB00317,123631
HSA-MIR-135A-5P,miRNA,FLUOROURACIL,DB00544,3385
HSA-MIR-135A-5P,miRNA,PLATINUM,DB12257,23939
HSA-MIR-135A-5P,miRNA,BORTEZOMIB,DB00188,387447
HSA-MIR-135B-3P,miRNA,CISPLATIN,DB00515,5460033
HSA-MIR-135B-3P,miRNA,OXALIPLATIN,DB00526,6857599
HSA-MIR-135B-5P,miRNA,DOXORUBICIN,DB00997,31703
HSA-MIR-135B-5P,miRNA,VERAPAMIL,DB00661,2520
HSA-MIR-135B-5P,miRNA,IMATINIB,DB00619,5291
HSA-MIR-135B-5P,miRNA,CISPLATIN,DB00515,5460033
HSA-MIR-135B-5P,miRNA,ERLOTINIB,DB00530,176870
HSA-MIR-135B-5P,miRNA,"N-[(2R)-2,3-DIHYDROXYPROPOXY]-3,4-DIFLUORO-2-[(2-FLUORO-4-IODOPHENYL)AMINO]BENZAMIDE",NA,9826528
HSA-MIR-135B-5P,miRNA,DOCETAXEL,DB01248,148124
HSA-MIR-135B-5P,miRNA,TAXANE,NA,9548828
HSA-MIR-135B-5P,miRNA,PACLITAXEL,DB01229,36314
HSA-MIR-135B-5P,miRNA,MITOXANTRONE,DB01204,4212
HSA-MIR-135B-5P,miRNA,TAMOXIFEN,DB00675,2733525
HSA-MIR-135B-5P,miRNA,ETOPOSIDE,DB00773,36462
HSA-MIR-135B-5P,miRNA,TENIPOSIDE,DB00444,452548
HSA-MIR-135B-5P,miRNA,FLUOROURACIL,DB00544,3385
HSA-MIR-135B-5P,miRNA,GEMCITABINE,DB00441,60750
HSA-MIR-135B-5P,miRNA,CRIZOTINIB,DB08865,11626560
HSA-MIR-135B-5P,miRNA,OXALIPLATIN,DB00526,6857599
HSA-MIR-135B-5P,miRNA,PLATINUM,DB12257,23939
HSA-MIR-135B-5P,miRNA,GEFITINIB,DB00317,123631
HSA-MIR-136-3P,miRNA,CISPLATIN,DB00515,5460033
HSA-MIR-136-3P,miRNA,IMATINIB,DB00619,5291
HSA-MIR-136-5P,miRNA,SORAFENIB,DB00398,216239
HSA-MIR-136-5P,miRNA,CISPLATIN,DB00515,5460033
HSA-MIR-136-5P,miRNA,PACLITAXEL,DB01229,36314
HSA-MIR-136-5P,miRNA,DOCETAXEL,DB01248,148124
HSA-MIR-137,miRNA,CISPLATIN,DB00515,5460033
HSA-MIR-137,miRNA,CERITINIB,DB09063,57379345
HSA-MIR-137-3P,miRNA,PACLITAXEL,DB01229,36314
HSA-MIR-137-3P,miRNA,DOXORUBICIN,DB00997,31703
HSA-MIR-137-3P,miRNA,VINCRISTINE,DB00541,5978
HSA-MIR-137-3P,miRNA,CISPLATIN,DB00515,5460033
HSA-MIR-137-3P,miRNA,DEXAMETHASONE,DB01234,5743
HSA-MIR-137-3P,miRNA,BORTEZOMIB,DB00188,387447
HSA-MIR-137-3P,miRNA,EPIRUBICIN,DB00445,41867
HSA-MIR-137-3P,miRNA,OXALIPLATIN,DB00526,6857599
HSA-MIR-137-3P,miRNA,SORAFENIB,DB00398,216239
HSA-MIR-137-3P,miRNA,ERASTIN,NA,11214940
HSA-MIR-137-3P,miRNA,TAMOXIFEN,DB00675,2733525
HSA-MIR-137-3P,miRNA,FULVESTRANT,DB00947,17756771
HSA-MIR-137-3P,miRNA,TEMOZOLOMIDE,DB00853,5394
HSA-MIR-137-3P,miRNA,GEFITINIB,DB00317,123631
HSA-MIR-137-3P,miRNA,TRAMETINIB,DB08911,11707110
HSA-MIR-137-3P,miRNA,VEMURAFENIB,DB08881,42611257
HSA-MIR-137-3P,miRNA,DABRAFENIB,DB08912,44462760
HSA-MIR-138-1,miRNA,FULVESTRANT,DB00947,17756771
HSA-MIR-138-1,miRNA,TAMOXIFEN,DB00675,2733525
HSA-MIR-138-1,miRNA,CERITINIB,DB09063,57379345
HSA-MIR-138-1,miRNA,TAXANE,NA,9548828
HSA-MIR-138-1-3P,miRNA,OXALIPLATIN,DB00526,6857599
HSA-MIR-138-1-3P,miRNA,DOXORUBICIN,DB00997,31703
HSA-MIR-138-1-3P,miRNA,PREDNISONE,DB00635,5865
HSA-MIR-138-1-3P,miRNA,VINCRISTINE,DB00541,5978
HSA-MIR-138-1-3P,miRNA,FLUOROURACIL,DB00544,3385
HSA-MIR-138-1-3P,miRNA,CERITINIB,DB09063,57379345
HSA-MIR-138-1-3P,miRNA,GEMCITABINE,DB00441,60750
HSA-MIR-138-1-3P,miRNA,CISPLATIN,DB00515,5460033
HSA-MIR-138-1-3P,miRNA,SORAFENIB,DB00398,216239
HSA-MIR-138-2,miRNA,CERITINIB,DB09063,57379345
HSA-MIR-138-2,miRNA,TAXANE,NA,9548828
HSA-MIR-138-2-3P,miRNA,IMATINIB,DB00619,5291
HSA-MIR-138-2-3P,miRNA,ERLOTINIB,DB00530,176870
HSA-MIR-138-2-3P,miRNA,GEFITINIB,DB00317,123631
HSA-MIR-138-2-3P,miRNA,CISPLATIN,DB00515,5460033
HSA-MIR-138-5P,miRNA,VINCRISTINE,DB00541,5978
HSA-MIR-138-5P,miRNA,DOCETAXEL,DB01248,148124
HSA-MIR-138-5P,miRNA,CISPLATIN,DB00515,5460033
HSA-MIR-138-5P,miRNA,CYCLOPAMINE,NA,442972
HSA-MIR-138-5P,miRNA,PACLITAXEL,DB01229,36314
HSA-MIR-138-5P,miRNA,DOXORUBICIN,DB00997,31703
HSA-MIR-138-5P,miRNA,FLUOROURACIL,DB00544,3385
HSA-MIR-138-5P,miRNA,Y15,NA,78260
HSA-MIR-138-5P,miRNA,GEMCITABINE,DB00441,60750
HSA-MIR-138-5P,miRNA,GEFITINIB,DB00317,123631
HSA-MIR-138-5P,miRNA,PHA-665752,NA,10461815
HSA-MIR-138-5P,miRNA,TEMOZOLOMIDE,DB00853,5394
HSA-MIR-138-5P,miRNA,EPIRUBICIN,DB00445,41867
HSA-MIR-138-5P,miRNA,VINORELBINE,DB00361,44424639
HSA-MIR-138-5P,miRNA,TEMSIROLIMUS,DB06287,54608508
HSA-MIR-138-5P,miRNA,CERITINIB,DB09063,57379345
HSA-MIR-138-5P,miRNA,BORTEZOMIB,DB00188,387447
HSA-MIR-138-5P,miRNA,PHENYTOIN,DB00252,1775
HSA-MIR-138-5P,miRNA,CYCLOPHOSPHAMIDE,DB00531,2907
HSA-MIR-138-5P,miRNA,OXALIPLATIN,DB00526,6857599
HSA-MIR-138-5P,miRNA,ETOPOSIDE,DB00773,36462
HSA-MIR-138-5P,miRNA,CURCUMIN,DB11672,969516
HSA-MIR-138-5P,miRNA,TAXOL,DB01229,36314
HSA-MIR-139,miRNA,CISPLATIN,DB00515,5460033
HSA-MIR-139-3P,miRNA,PLATINUM,DB12257,23939
HSA-MIR-139-3P,miRNA,GEFITINIB,DB00317,123631
HSA-MIR-139-3P,miRNA,IMATINIB,DB00619,5291
HSA-MIR-139-3P,miRNA,TRAMETINIB,DB08911,11707110
HSA-MIR-139-3P,miRNA,VEMURAFENIB,DB08881,42611257
HSA-MIR-139-3P,miRNA,OXALIPLATIN,DB00526,6857599
HSA-MIR-139-3P,miRNA,GEMCITABINE,DB00441,60750
HSA-MIR-139-3P,miRNA,CISPLATIN,DB00515,5460033
HSA-MIR-139-5P,miRNA,SUNITINIB,DB01268,5329102
HSA-MIR-139-5P,miRNA,DOXORUBICIN,DB00997,31703
HSA-MIR-139-5P,miRNA,ERLOTINIB,DB00530,176870
HSA-MIR-139-5P,miRNA,"N-[(2R)-2,3-DIHYDROXYPROPOXY]-3,4-DIFLUORO-2-[(2-FLUORO-4-IODOPHENYL)AMINO]BENZAMIDE",NA,9826528
HSA-MIR-139-5P,miRNA,PACLITAXEL,DB01229,36314
HSA-MIR-139-5P,miRNA,CISPLATIN,DB00515,5460033
HSA-MIR-139-5P,miRNA,GEMCITABINE,DB00441,60750
HSA-MIR-139-5P,miRNA,IMATINIB,DB00619,5291
HSA-MIR-139-5P,miRNA,DOCETAXEL,DB01248,148124
HSA-MIR-139-5P,miRNA,FLUOROURACIL,DB00544,3385
HSA-MIR-139-5P,miRNA,OXALIPLATIN,DB00526,6857599
HSA-MIR-139-5P,miRNA,VINCRISTINE,DB00541,5978
HSA-MIR-139-5P,miRNA,EPIRUBICIN,DB00445,41867
HSA-MIR-139-5P,miRNA,DABRAFENIB,DB08912,44462760
HSA-MIR-139-5P,miRNA,VEMURAFENIB,DB08881,42611257
HSA-MIR-139-5P,miRNA,DAUNORUBICIN,DB00694,30323
HSA-MIR-139-5P,miRNA,PLATINUM,DB12257,23939
HSA-MIR-139-5P,miRNA,GEFITINIB,DB00317,123631
HSA-MIR-139-5P,miRNA,YUANHUADINE,NA,6440572
HSA-MIR-139-5P,miRNA,RUXOLITINIB,DB08877,25126798
HSA-MIR-139-5P,miRNA,ETOPOSIDE,DB00773,36462
HSA-MIR-139-5P,miRNA,VINORELBINE,DB00361,44424639
HSA-MIR-140,miRNA,CISPLATIN,DB00515,5460033
HSA-MIR-140-3P,miRNA,CISPLATIN,DB00515,5460033
HSA-MIR-140-3P,miRNA,PLATINUM,DB12257,23939
HSA-MIR-140-3P,miRNA,SORAFENIB,DB00398,216239
HSA-MIR-140-3P,miRNA,VINORELBINE,DB00361,44424639
HSA-MIR-140-3P,miRNA,EPIRUBICIN,DB00445,41867
HSA-MIR-140-3P,miRNA,FLUOROURACIL,DB00544,3385
HSA-MIR-140-3P,miRNA,GEFITINIB,DB00317,123631
HSA-MIR-140-3P,miRNA,OXALIPLATIN,DB00526,6857599
HSA-MIR-140-5P,miRNA,DOXORUBICIN,DB00997,31703
HSA-MIR-140-5P,miRNA,VERAPAMIL,DB00661,2520
HSA-MIR-140-5P,miRNA,FLUOROURACIL,DB00544,3385
HSA-MIR-140-5P,miRNA,METHOTREXATE,DB00563,126941
HSA-MIR-140-5P,miRNA,PACLITAXEL,DB01229,36314
HSA-MIR-140-5P,miRNA,IMATINIB,DB00619,5291
HSA-MIR-140-5P,miRNA,ERLOTINIB,DB00530,176870
HSA-MIR-140-5P,miRNA,GEMCITABINE,DB00441,60750
HSA-MIR-140-5P,miRNA,GEFITINIB,DB00317,123631
HSA-MIR-140-5P,miRNA,PLATINUM,DB12257,23939
HSA-MIR-140-5P,miRNA,MITOXANTRONE,DB01204,4212
HSA-MIR-140-5P,miRNA,SORAFENIB,DB00398,216239
HSA-MIR-140-5P,miRNA,CISPLATIN,DB00515,5460033
HSA-MIR-140-5P,miRNA,DABRAFENIB,DB08912,44462760
HSA-MIR-140-5P,miRNA,VEMURAFENIB,DB08881,42611257
HSA-MIR-140-5P,miRNA,DAUNORUBICIN,DB00694,30323
HSA-MIR-140-5P,miRNA,FULVESTRANT,DB00947,17756771
HSA-MIR-140-5P,miRNA,TEMOZOLOMIDE,DB00853,5394
HSA-MIR-140-5P,miRNA,CAMPTOTHECIN,DB04690,24360
HSA-MIR-140A-5P,miRNA,OSIMERTINIB,DB09330,71496458
HSA-MIR-141-3P,miRNA,DOXORUBICIN,DB00997,31703
HSA-MIR-141-3P,miRNA,VERAPAMIL,DB00661,2520
HSA-MIR-141-3P,miRNA,CISPLATIN,DB00515,5460033
HSA-MIR-141-3P,miRNA,VINCRISTINE,DB00541,5978
HSA-MIR-141-3P,miRNA,DAUNORUBICIN,DB00694,30323
HSA-MIR-141-3P,miRNA,PREDNISOLONE,DB00860,5755
HSA-MIR-141-3P,miRNA,10-HYDROXYCAMPTOTHECIN,DB12385,97226
HSA-MIR-141-3P,miRNA,DOCETAXEL,DB01248,148124
HSA-MIR-141-3P,miRNA,TAMOXIFEN,DB00675,2733525
HSA-MIR-141-3P,miRNA,ERLOTINIB,DB00530,176870
HSA-MIR-141-3P,miRNA,FLUOROURACIL,DB00544,3385
HSA-MIR-141-3P,miRNA,SUNITINIB,DB01268,5329102
HSA-MIR-141-3P,miRNA,"N-[(2R)-2,3-DIHYDROXYPROPOXY]-3,4-DIFLUORO-2-[(2-FLUORO-4-IODOPHENYL)AMINO]BENZAMIDE",NA,9826528
HSA-MIR-141-3P,miRNA,GEMCITABINE,DB00441,60750
HSA-MIR-141-3P,miRNA,PACLITAXEL,DB01229,36314
HSA-MIR-141-3P,miRNA,OXALIPLATIN,DB00526,6857599
HSA-MIR-141-3P,miRNA,EPOXOMICIN,NA,11226684
HSA-MIR-141-3P,miRNA,CARBOPLATIN,DB00958,38904
HSA-MIR-141-3P,miRNA,PLATINUM,DB12257,23939
HSA-MIR-141-3P,miRNA,NINTEDANIB,DB09079,9809715
HSA-MIR-141-3P,miRNA,GEFITINIB,DB00317,123631
HSA-MIR-141-3P,miRNA,METFORMIN,DB00331,4091
HSA-MIR-141-3P,miRNA,ANTHRACYCLINE,DB00694,30323
HSA-MIR-141-3P,miRNA,CYCLOPHOSPHAMIDE,DB00531,2907
HSA-MIR-141-3P,miRNA,TAXOL,DB01229,36314
HSA-MIR-141-3P,miRNA,METHOTREXATE,DB00563,126941
HSA-MIR-141-5P,miRNA,DOXORUBICIN,DB00997,31703
HSA-MIR-141-5P,miRNA,VERAPAMIL,DB00661,2520
HSA-MIR-141-5P,miRNA,FLUOROURACIL,DB00544,3385
HSA-MIR-141-5P,miRNA,GEMCITABINE,DB00441,60750
HSA-MIR-141-5P,miRNA,TAMOXIFEN,DB00675,2733525
HSA-MIR-141-5P,miRNA,CISPLATIN,DB00515,5460033
HSA-MIR-141-5P,miRNA,GEFITINIB,DB00317,123631
HSA-MIR-142,miRNA,DOXORUBICIN,DB00997,31703
HSA-MIR-142,miRNA,VERAPAMIL,DB00661,2520
HSA-MIR-142,miRNA,GEMCITABINE,DB00441,60750
HSA-MIR-142,miRNA,DEXAMETHASONE,DB01234,5743
HSA-MIR-142,miRNA,CISPLATIN,DB00515,5460033
HSA-MIR-142,miRNA,FLUOROURACIL,DB00544,3385
HSA-MIR-142,miRNA,OXALIPLATIN,DB00526,6857599
HSA-MIR-142,miRNA,GEFITINIB,DB00317,123631
HSA-MIR-142,miRNA,CERITINIB,DB09063,57379345
HSA-MIR-142,miRNA,PACLITAXEL,DB01229,36314
HSA-MIR-142-3P,miRNA,PLATINUM,DB12257,23939
HSA-MIR-142-3P,miRNA,MITOXANTRONE,DB01204,4212
HSA-MIR-142-3P,miRNA,TAMOXIFEN,DB00675,2733525
HSA-MIR-142-3P,miRNA,CISPLATIN,DB00515,5460033
HSA-MIR-142-3P,miRNA,DOXORUBICIN,DB00997,31703
HSA-MIR-142-3P,miRNA,TRETINOIN,DB00755,5538
HSA-MIR-142-3P,miRNA,DAUNORUBICIN,DB00694,30323
HSA-MIR-142-3P,miRNA,SORAFENIB,DB00398,216239
HSA-MIR-142-3P,miRNA,CERITINIB,DB09063,57379345
HSA-MIR-142-3P,miRNA,PANOBINOSTAT,DB06603,6918837
HSA-MIR-142-3P,miRNA,DEXAMETHASONE,DB01234,5743
HSA-MIR-142-3P,miRNA,FLUOROURACIL,DB00544,3385
HSA-MIR-142-3P,miRNA,IMATINIB,DB00619,5291
HSA-MIR-142-5P,miRNA,PACLITAXEL,DB01229,36314
HSA-MIR-142-5P,miRNA,IMATINIB,DB00619,5291
HSA-MIR-142-5P,miRNA,CERITINIB,DB09063,57379345
HSA-MIR-142-5P,miRNA,CISPLATIN,DB00515,5460033
HSA-MIR-142-5P,miRNA,BROMOCRIPTINE,DB01200,31101
HSA-MIR-142-5P,miRNA,GEFITINIB,DB00317,123631
HSA-MIR-142-5P,miRNA,OXALIPLATIN,DB00526,6857599
HSA-MIR-142-5P,miRNA,TEMOZOLOMIDE,DB00853,5394
HSA-MIR-142-5P,miRNA,ANTHRACYCLINE,DB00694,30323
HSA-MIR-142-5P,miRNA,FLUOROURACIL,DB00544,3385
HSA-MIR-142-5P,miRNA,CYCLOPHOSPHAMIDE,DB00531,2907
HSA-MIR-142-5P,miRNA,METHOTREXATE,DB00563,126941
HSA-MIR-142-5P,miRNA,TAXOL,DB01229,36314
HSA-MIR-142-5P,miRNA,BERBERINE,DB04115,2353
HSA-MIR-142-5P,miRNA,CRIZOTINIB,DB08865,11626560
HSA-MIR-142-5P,miRNA,SORAFENIB,DB00398,216239
HSA-MIR-142A-5P,miRNA,PREDNISONE,DB00635,5865
HSA-MIR-143-3P,miRNA,FLUOROURACIL,DB00544,3385
HSA-MIR-143-3P,miRNA,DOXORUBICIN,DB00997,31703
HSA-MIR-143-3P,miRNA,RIBAVIRIN,DB00811,37542
HSA-MIR-143-3P,miRNA,DOCETAXEL,DB01248,148124
HSA-MIR-143-3P,miRNA,GEMCITABINE,DB00441,60750
HSA-MIR-143-3P,miRNA,OXALIPLATIN,DB00526,6857599
HSA-MIR-143-3P,miRNA,PACLITAXEL,DB01229,36314
HSA-MIR-143-3P,miRNA,GEFITINIB,DB00317,123631
HSA-MIR-143-3P,miRNA,IMATINIB,DB00619,5291
HSA-MIR-143-3P,miRNA,CISPLATIN,DB00515,5460033
HSA-MIR-143-3P,miRNA,QUERCETIN,DB04216,5280343
HSA-MIR-143-3P,miRNA,PLATINUM,DB12257,23939
HSA-MIR-143-3P,miRNA,TAMOXIFEN,DB00675,2733525
HSA-MIR-143-3P,miRNA,TAXOL,DB01229,36314
HSA-MIR-143-3P,miRNA,TRAMETINIB,DB08911,11707110
HSA-MIR-143-3P,miRNA,VEMURAFENIB,DB08881,42611257
HSA-MIR-143-3P,miRNA,ERLOTINIB,DB00530,176870
HSA-MIR-143-3P,miRNA,BORTEZOMIB,DB00188,387447
HSA-MIR-143-3P,miRNA,CYTARABINE,DB00987,6253
HSA-MIR-143-3P,miRNA,ETOPOSIDE,DB00773,36462
HSA-MIR-143-3P,miRNA,VINORELBINE,DB00361,44424639
HSA-MIR-143-3P,miRNA,VINCRISTINE,DB00541,5978
HSA-MIR-143-3P,miRNA,SORAFENIB,DB00398,216239
HSA-MIR-143-5P,miRNA,DOXORUBICIN,DB00997,31703
HSA-MIR-143-5P,miRNA,VERAPAMIL,DB00661,2520
HSA-MIR-143-5P,miRNA,PACLITAXEL,DB01229,36314
HSA-MIR-143-5P,miRNA,FULVESTRANT,DB00947,17756771
HSA-MIR-144-3P,miRNA,CYCLOPAMINE,NA,442972
HSA-MIR-144-3P,miRNA,PACLITAXEL,DB01229,36314
HSA-MIR-144-3P,miRNA,IMATINIB,DB00619,5291
HSA-MIR-144-3P,miRNA,TEMOZOLOMIDE,DB00853,5394
HSA-MIR-144-3P,miRNA,CISPLATIN,DB00515,5460033
HSA-MIR-144-3P,miRNA,SUNITINIB,DB01268,5329102
HSA-MIR-144-3P,miRNA,GEMCITABINE,DB00441,60750
HSA-MIR-144-3P,miRNA,CERITINIB,DB09063,57379345
HSA-MIR-144-3P,miRNA,PANOBINOSTAT,DB06603,6918837
HSA-MIR-144-3P,miRNA,FLUOROURACIL,DB00544,3385
HSA-MIR-144-3P,miRNA,DOXORUBICIN,DB00997,31703
HSA-MIR-144-3P,miRNA,OXALIPLATIN,DB00526,6857599
HSA-MIR-144-3P,miRNA,PAZOPANIB,DB06589,10113978
HSA-MIR-144-5P,miRNA,CISPLATIN,DB00515,5460033
HSA-MIR-144-5P,miRNA,GEMCITABINE,DB00441,60750
HSA-MIR-144-5P,miRNA,OXALIPLATIN,DB00526,6857599
HSA-MIR-145,miRNA,IMATINIB,DB00619,5291
HSA-MIR-145-3P,miRNA,PACLITAXEL,DB01229,36314
HSA-MIR-145-3P,miRNA,CISPLATIN,DB00515,5460033
HSA-MIR-145-5P,miRNA,DOXORUBICIN,DB00997,31703
HSA-MIR-145-5P,miRNA,VERAPAMIL,DB00661,2520
HSA-MIR-145-5P,miRNA,RIBAVIRIN,DB00811,37542
HSA-MIR-145-5P,miRNA,CISPLATIN,DB00515,5460033
HSA-MIR-145-5P,miRNA,FLUOROURACIL,DB00544,3385
HSA-MIR-145-5P,miRNA,TEMOZOLOMIDE,DB00853,5394
HSA-MIR-145-5P,miRNA,MITOMYCIN C,DB00305,5746
HSA-MIR-145-5P,miRNA,SUNITINIB,DB01268,5329102
HSA-MIR-145-5P,miRNA,VEMURAFENIB,DB08881,42611257
HSA-MIR-145-5P,miRNA,OXALIPLATIN,DB00526,6857599
HSA-MIR-145-5P,miRNA,PACLITAXEL,DB01229,36314
HSA-MIR-145-5P,miRNA,SN-38,NA,104842
HSA-MIR-145-5P,miRNA,GEFITINIB,DB00317,123631
HSA-MIR-145-5P,miRNA,DOCETAXEL,DB01248,148124
HSA-MIR-145-5P,miRNA,PLATINUM,DB12257,23939
HSA-MIR-145-5P,miRNA,VINCRISTINE,DB00541,5978
HSA-MIR-145-5P,miRNA,ARECOLINE,DB04365,2230
HSA-MIR-145-5P,miRNA,GEMCITABINE,DB00441,60750
HSA-MIR-145-5P,miRNA,TAMOXIFEN,DB00675,2733525
HSA-MIR-145-5P,miRNA,TRAMETINIB,DB08911,11707110
HSA-MIR-145-5P,miRNA,BROMOCRIPTINE,DB01200,31101
HSA-MIR-145-5P,miRNA,PALBOCICLIB,DB09073,5330286
HSA-MIR-145-5P,miRNA,FULVESTRANT,DB00947,17756771
HSA-MIR-145-5P,miRNA,PEMETREXED,DB00642,446556
HSA-MIR-145-5P,miRNA,TOPOTECAN,DB01030,60699
HSA-MIR-145-5P,miRNA,SORAFENIB,DB00398,216239
HSA-MIR-145-5P,miRNA,DEXAMETHASONE,DB01234,5743
HSA-MIR-145-5P,miRNA,METHOTREXATE,DB00563,126941
HSA-MIR-146-5P,miRNA,CISPLATIN,DB00515,5460033
HSA-MIR-1468,miRNA,CERITINIB,DB09063,57379345
HSA-MIR-1468-3P,miRNA,OSIMERTINIB,DB09330,71496458
HSA-MIR-1468-5P,miRNA,OXALIPLATIN,DB00526,6857599
HSA-MIR-1468-5P,miRNA,GEMCITABINE,DB00441,60750
HSA-MIR-1468-5P,miRNA,CERITINIB,DB09063,57379345
HSA-MIR-1468-5P,miRNA,TEMOZOLOMIDE,DB00853,5394
HSA-MIR-1468-5P,miRNA,DOCETAXEL,DB01248,148124
HSA-MIR-1469,miRNA,CISPLATIN,DB00515,5460033
HSA-MIR-1469,miRNA,FLUOROURACIL,DB00544,3385
HSA-MIR-1469,miRNA,GEMCITABINE,DB00441,60750
HSA-MIR-1469,miRNA,BORTEZOMIB,DB00188,387447
HSA-MIR-1469,miRNA,PLATINUM,DB12257,23939
HSA-MIR-1469,miRNA,VEMURAFENIB,DB08881,42611257
HSA-MIR-1469,miRNA,DABRAFENIB,DB08912,44462760
HSA-MIR-1469,miRNA,DOXORUBICIN,DB00997,31703
HSA-MIR-1469,miRNA,CURCUMIN,DB11672,969516
HSA-MIR-1469,miRNA,PACLITAXEL,DB01229,36314
HSA-MIR-1469,miRNA,ERLOTINIB,DB00530,176870
HSA-MIR-1469,miRNA,GEFITINIB,DB00317,123631
HSA-MIR-1469,miRNA,FULVESTRANT,DB00947,17756771
HSA-MIR-1469,miRNA,GENISTEIN,DB01645,5280961
HSA-MIR-146A,miRNA,CERITINIB,DB09063,57379345
HSA-MIR-146A,miRNA,CISPLATIN,DB00515,5460033
HSA-MIR-146A-3P,miRNA,GEMCITABINE,DB00441,60750
HSA-MIR-146A-5P,miRNA,VERAPAMIL,DB00661,2520
HSA-MIR-146A-5P,miRNA,DOXORUBICIN,DB00997,31703
HSA-MIR-146A-5P,miRNA,CISPLATIN,DB00515,5460033
HSA-MIR-146A-5P,miRNA,SORAFENIB,DB00398,216239
HSA-MIR-146A-5P,miRNA,PACLITAXEL,DB01229,36314
HSA-MIR-146A-5P,miRNA,CYCLOPAMINE,NA,442972
HSA-MIR-146A-5P,miRNA,GEMCITABINE,DB00441,60750
HSA-MIR-146A-5P,miRNA,CAPECITABINE,DB01101,60953
HSA-MIR-146A-5P,miRNA,FLUOROURACIL,DB00544,3385
HSA-MIR-146A-5P,miRNA,CARBOPLATIN,DB00958,38904
HSA-MIR-146A-5P,miRNA,MITOMYCIN C,DB00305,5746
HSA-MIR-146A-5P,miRNA,VINCRISTINE,DB00541,5978
HSA-MIR-146A-5P,miRNA,AFATINIB,DB08916,10184653
HSA-MIR-146A-5P,miRNA,ERLOTINIB,DB00530,176870
HSA-MIR-146A-5P,miRNA,GEFITINIB,DB00317,123631
HSA-MIR-146A-5P,miRNA,IMATINIB,DB00619,5291
HSA-MIR-146A-5P,miRNA,DOCETAXEL,DB01248,148124
HSA-MIR-146A-5P,miRNA,CYTARABINE,DB00987,6253
HSA-MIR-146A-5P,miRNA,TAXANE,NA,9548828
HSA-MIR-146A-5P,miRNA,TAMOXIFEN,DB00675,2733525
HSA-MIR-146A-5P,miRNA,PLX-4720,DB06999,24180719
HSA-MIR-146A-5P,miRNA,PLATINUM,DB12257,23939
HSA-MIR-146A-5P,miRNA,DAUNORUBICIN,DB00694,30323
HSA-MIR-146A-5P,miRNA,MITOXANTRONE,DB01204,4212
HSA-MIR-146A-5P,miRNA,IRINOTECAN,DB00762,60838
HSA-MIR-146A-5P,miRNA,CERITINIB,DB09063,57379345
HSA-MIR-146A-5P,miRNA,FULVESTRANT,DB00947,17756771
HSA-MIR-146A-5P,miRNA,DABRAFENIB,DB08912,44462760
HSA-MIR-146A-5P,miRNA,CYCLOPHOSPHAMIDE,DB00531,2907
HSA-MIR-146A-5P,miRNA,VEMURAFENIB,DB08881,42611257
HSA-MIR-146A-5P,miRNA,TRAMETINIB,DB08911,11707110
HSA-MIR-146A-5P,miRNA,OSIMERTINIB,DB09330,71496458
HSA-MIR-146B,miRNA,PAROXETINE,DB00715,43815
HSA-MIR-146B-3P,miRNA,IMATINIB,DB00619,5291
HSA-MIR-146B-5P,miRNA,DOXORUBICIN,DB00997,31703
HSA-MIR-146B-5P,miRNA,VERAPAMIL,DB00661,2520
HSA-MIR-146B-5P,miRNA,SORAFENIB,DB00398,216239
HSA-MIR-146B-5P,miRNA,PACLITAXEL,DB01229,36314
HSA-MIR-146B-5P,miRNA,GEMCITABINE,DB00441,60750
HSA-MIR-146B-5P,miRNA,CARBOPLATIN,DB00958,38904
HSA-MIR-146B-5P,miRNA,CISPLATIN,DB00515,5460033
HSA-MIR-146B-5P,miRNA,VINCRISTINE,DB00541,5978
HSA-MIR-146B-5P,miRNA,MITOMYCIN C,DB00305,5746
HSA-MIR-146B-5P,miRNA,DOCETAXEL,DB01248,148124
HSA-MIR-146B-5P,miRNA,IMATINIB,DB00619,5291
HSA-MIR-146B-5P,miRNA,TAMOXIFEN,DB00675,2733525
HSA-MIR-146B-5P,miRNA,METHOTREXATE,DB00563,126941
HSA-MIR-146B-5P,miRNA,PLATINUM,DB12257,23939
HSA-MIR-146B-5P,miRNA,ETOPOSIDE,DB00773,36462
HSA-MIR-146B-5P,miRNA,TENIPOSIDE,DB00444,452548
HSA-MIR-146B-5P,miRNA,DAUNORUBICIN,DB00694,30323
HSA-MIR-146B-5P,miRNA,TEMOZOLOMIDE,DB00853,5394
HSA-MIR-146B-5P,miRNA,FULVESTRANT,DB00947,17756771
HSA-MIR-146B-5P,miRNA,GEFITINIB,DB00317,123631
HSA-MIR-146B-5P,miRNA,DABRAFENIB,DB08912,44462760
HSA-MIR-1470,miRNA,CISPLATIN,DB00515,5460033
HSA-MIR-1470,miRNA,TRAMETINIB,DB08911,11707110
HSA-MIR-1470,miRNA,VEMURAFENIB,DB08881,42611257
HSA-MIR-1471,miRNA,PLATINUM,DB12257,23939
HSA-MIR-147A,miRNA,PACLITAXEL,DB01229,36314
HSA-MIR-147A,miRNA,CISPLATIN,DB00515,5460033
HSA-MIR-147A,miRNA,OXALIPLATIN,DB00526,6857599
HSA-MIR-147A,miRNA,GEFITINIB,DB00317,123631
HSA-MIR-147B-3P,miRNA,GEMCITABINE,DB00441,60750
HSA-MIR-147B-3P,miRNA,FLUOROURACIL,DB00544,3385
HSA-MIR-147B-3P,miRNA,CERITINIB,DB09063,57379345
HSA-MIR-147B-3P,miRNA,GEFITINIB,DB00317,123631
HSA-MIR-148-5P,miRNA,SORAFENIB,DB00398,216239
HSA-MIR-148A,miRNA,CISPLATIN,DB00515,5460033
HSA-MIR-148A,miRNA,FLUOROURACIL,DB00544,3385
HSA-MIR-148A-3,miRNA,VINORELBINE,DB00361,44424639
HSA-MIR-148A-3,miRNA,DOXORUBICIN,DB00997,31703
HSA-MIR-148A-3,miRNA,ETOPOSIDE,DB00773,36462
HSA-MIR-148A-3,miRNA,VINCRISTINE,DB00541,5978
HSA-MIR-148A-3,miRNA,PACLITAXEL,DB01229,36314
HSA-MIR-148A-3P,miRNA,DOXORUBICIN,DB00997,31703
HSA-MIR-148A-3P,miRNA,VERAPAMIL,DB00661,2520
HSA-MIR-148A-3P,miRNA,PACLITAXEL,DB01229,36314
HSA-MIR-148A-3P,miRNA,IMATINIB,DB00619,5291
HSA-MIR-148A-3P,miRNA,CISPLATIN,DB00515,5460033
HSA-MIR-148A-3P,miRNA,FLUOROURACIL,DB00544,3385
HSA-MIR-148A-3P,miRNA,VINCRISTINE,DB00541,5978
HSA-MIR-148A-3P,miRNA,DOCETAXEL,DB01248,148124
HSA-MIR-148A-3P,miRNA,GEFITINIB,DB00317,123631
HSA-MIR-148A-3P,miRNA,TAXANE,NA,9548828
HSA-MIR-148A-3P,miRNA,TAMOXIFEN,DB00675,2733525
HSA-MIR-148A-3P,miRNA,PLATINUM,DB12257,23939
HSA-MIR-148A-3P,miRNA,GEMCITABINE,DB00441,60750
HSA-MIR-148A-3P,miRNA,TRAMETINIB,DB08911,11707110
HSA-MIR-148A-3P,miRNA,VEMURAFENIB,DB08881,42611257
HSA-MIR-148A-3P,miRNA,FULVESTRANT,DB00947,17756771
HSA-MIR-148A-3P,miRNA,BROMOCRIPTINE,DB01200,31101
HSA-MIR-148A-3P,miRNA,CYCLOPHOSPHAMIDE,DB00531,2907
HSA-MIR-148A-3P,miRNA,RHAMNETIN,DB16772,5281691
HSA-MIR-148A-3P,miRNA,DABRAFENIB,DB08912,44462760
HSA-MIR-148A-5P,miRNA,PAROXETINE,DB00715,43815
HSA-MIR-148A-5P,miRNA,GEMCITABINE,DB00441,60750
HSA-MIR-148A-5P,miRNA,CYCLOPHOSPHAMIDE,DB00531,2907
HSA-MIR-148A-5P,miRNA,GEFITINIB,DB00317,123631
HSA-MIR-148A-5P,miRNA,OXALIPLATIN,DB00526,6857599
HSA-MIR-148A-5P,miRNA,VINORELBINE,DB00361,44424639
HSA-MIR-148A-5P,miRNA,DOXORUBICIN,DB00997,31703
HSA-MIR-148A-5P,miRNA,ETOPOSIDE,DB00773,36462
HSA-MIR-148A-5P,miRNA,VINCRISTINE,DB00541,5978
HSA-MIR-148A-5P,miRNA,PACLITAXEL,DB01229,36314
HSA-MIR-148B-3P,miRNA,SORAFENIB,DB00398,216239
HSA-MIR-148B-3P,miRNA,IMATINIB,DB00619,5291
HSA-MIR-148B-3P,miRNA,TAMOXIFEN,DB00675,2733525
HSA-MIR-148B-3P,miRNA,CISPLATIN,DB00515,5460033
HSA-MIR-148B-3P,miRNA,FLUOROURACIL,DB00544,3385
HSA-MIR-148B-3P,miRNA,GEMCITABINE,DB00441,60750
HSA-MIR-148B-3P,miRNA,MITOXANTRONE,DB01204,4212
HSA-MIR-148B-3P,miRNA,PACLITAXEL,DB01229,36314
HSA-MIR-148B-3P,miRNA,AZACITIDINE,DB00928,9444
HSA-MIR-148B-3P,miRNA,DOXORUBICIN,DB00997,31703
HSA-MIR-148B-3P,miRNA,VINCRISTINE,DB00541,5978
HSA-MIR-148B-3P,miRNA,CYCLOPHOSPHAMIDE,DB00531,2907
HSA-MIR-148B-3P,miRNA,PREDNISONE,DB00635,5865
HSA-MIR-148B-5P,miRNA,NAVITOCLAX,DB12340,24978538
HSA-MIR-148B-5P,miRNA,OXALIPLATIN,DB00526,6857599
HSA-MIR-149,miRNA,TAMOXIFEN,DB00675,2733525
HSA-MIR-149,miRNA,CISPLATIN,DB00515,5460033
HSA-MIR-149,miRNA,FLUOROURACIL,DB00544,3385
HSA-MIR-149-3P,miRNA,CISPLATIN,DB00515,5460033
HSA-MIR-149-3P,miRNA,BORTEZOMIB,DB00188,387447
HSA-MIR-149-3P,miRNA,PLATINUM,DB12257,23939
HSA-MIR-149-3P,miRNA,DOCETAXEL,DB01248,148124
HSA-MIR-149-3P,miRNA,VINORELBINE,DB00361,44424639
HSA-MIR-149-3P,miRNA,DABRAFENIB,DB08912,44462760
HSA-MIR-149-3P,miRNA,VEMURAFENIB,DB08881,42611257
HSA-MIR-149-3P,miRNA,PACLITAXEL,DB01229,36314
HSA-MIR-149-3P,miRNA,IMATINIB,DB00619,5291
HSA-MIR-149-3P,miRNA,GEMCITABINE,DB00441,60750
HSA-MIR-149-3P,miRNA,FLUOROURACIL,DB00544,3385
HSA-MIR-149-5P,miRNA,DOXORUBICIN,DB00997,31703
HSA-MIR-149-5P,miRNA,DOCETAXEL,DB01248,148124
HSA-MIR-149-5P,miRNA,METHOTREXATE,DB00563,126941
HSA-MIR-149-5P,miRNA,TAMOXIFEN,DB00675,2733525
HSA-MIR-149-5P,miRNA,TEMOZOLOMIDE,DB00853,5394
HSA-MIR-149-5P,miRNA,FLUOROURACIL,DB00544,3385
HSA-MIR-149-5P,miRNA,GEMCITABINE,DB00441,60750
HSA-MIR-149-5P,miRNA,PACLITAXEL,DB01229,36314
HSA-MIR-149-5P,miRNA,CISPLATIN,DB00515,5460033
HSA-MIR-149-5P,miRNA,PLATINUM,DB12257,23939
HSA-MIR-149-5P,miRNA,DEXAMETHASONE,DB01234,5743
HSA-MIR-149-5P,miRNA,METHYLPREDNISOLONE,DB00959,6741
HSA-MIR-149-5P,miRNA,GEFITINIB,DB00317,123631
HSA-MIR-149-5P,miRNA,IRINOTECAN,DB00762,60838
HSA-MIR-149-5P,miRNA,FULVESTRANT,DB00947,17756771
HSA-MIR-149-5P,miRNA,CHLORANTRANILIPROLE,NA,11271640
HSA-MIR-149-5P,miRNA,LORLATINIB,DB12130,71731823
HSA-MIR-15,miRNA,CISPLATIN,DB00515,5460033
HSA-MIR-15,miRNA,GEMCITABINE,DB00441,60750
HSA-MIR-150-3P,miRNA,PLATINUM,DB12257,23939
HSA-MIR-150-3P,miRNA,DABRAFENIB,DB08912,44462760
HSA-MIR-150-3P,miRNA,VEMURAFENIB,DB08881,42611257
HSA-MIR-150-3P,miRNA,PACLITAXEL,DB01229,36314
HSA-MIR-150-5P,miRNA,IMATINIB,DB00619,5291
HSA-MIR-150-5P,miRNA,ETOPOSIDE,DB00773,36462
HSA-MIR-150-5P,miRNA,SUNITINIB,DB01268,5329102
HSA-MIR-150-5P,miRNA,CISPLATIN,DB00515,5460033
HSA-MIR-150-5P,miRNA,OXALIPLATIN,DB00526,6857599
HSA-MIR-150-5P,miRNA,DOXORUBICIN,DB00997,31703
HSA-MIR-150-5P,miRNA,CRIZOTINIB,DB08865,11626560
HSA-MIR-150-5P,miRNA,PLATINUM,DB12257,23939
HSA-MIR-150-5P,miRNA,PACLITAXEL,DB01229,36314
HSA-MIR-150-5P,miRNA,GEMCITABINE,DB00441,60750
HSA-MIR-150-5P,miRNA,FULVESTRANT,DB00947,17756771
HSA-MIR-150-5P,miRNA,GEFITINIB,DB00317,123631
HSA-MIR-150-5P,miRNA,ANTHRACYCLINE,DB00694,30323
HSA-MIR-150-5P,miRNA,CYCLOPHOSPHAMIDE,DB00531,2907
HSA-MIR-150-5P,miRNA,FLUOROURACIL,DB00544,3385
HSA-MIR-150-5P,miRNA,TAXOL,DB01229,36314
HSA-MIR-150-5P,miRNA,METHOTREXATE,DB00563,126941
HSA-MIR-150A-5P,miRNA,PREDNISONE,DB00635,5865
HSA-MIR-151A,miRNA,CISPLATIN,DB00515,5460033
HSA-MIR-151A,miRNA,TEMOZOLOMIDE,DB00853,5394
HSA-MIR-151A-3P,miRNA,DOXORUBICIN,DB00997,31703
HSA-MIR-151A-3P,miRNA,VERAPAMIL,DB00661,2520
HSA-MIR-151A-3P,miRNA,DOCETAXEL,DB01248,148124
HSA-MIR-151A-3P,miRNA,TAMOXIFEN,DB00675,2733525
HSA-MIR-151A-3P,miRNA,PAROXETINE,DB00715,43815
HSA-MIR-151A-3P,miRNA,GEMCITABINE,DB00441,60750
HSA-MIR-151A-3P,miRNA,OXALIPLATIN,DB00526,6857599
HSA-MIR-151A-3P,miRNA,IMATINIB,DB00619,5291
HSA-MIR-151A-3P,miRNA,CISPLATIN,DB00515,5460033
HSA-MIR-151A-3P,miRNA,PLATINUM,DB12257,23939
HSA-MIR-151A-3P,miRNA,PACLITAXEL,DB01229,36314
HSA-MIR-151A-3P,miRNA,RUXOLITINIB,DB08877,25126798
HSA-MIR-151A-3P,miRNA,CYCLOPHOSPHAMIDE,DB00531,2907
HSA-MIR-151A-3P,miRNA,METHOTREXATE,DB00563,126941
HSA-MIR-151A-3P,miRNA,BORTEZOMIB,DB00188,387447
HSA-MIR-151A-5P,miRNA,CISPLATIN,DB00515,5460033
HSA-MIR-151A-5P,miRNA,PLATINUM,DB12257,23939
HSA-MIR-151A-5P,miRNA,SORAFENIB,DB00398,216239
HSA-MIR-151A-5P,miRNA,FLUOROURACIL,DB00544,3385
HSA-MIR-151A-5P,miRNA,IMATINIB,DB00619,5291
HSA-MIR-151A-5P,miRNA,CERITINIB,DB09063,57379345
HSA-MIR-151A-5P,miRNA,OXALIPLATIN,DB00526,6857599
HSA-MIR-151A-5P,miRNA,ERLOTINIB,DB00530,176870
HSA-MIR-151A-5P,miRNA,CYCLOPHOSPHAMIDE,DB00531,2907
HSA-MIR-151A-5P,miRNA,DOCETAXEL,DB01248,148124
HSA-MIR-151B,miRNA,PLATINUM,DB12257,23939
HSA-MIR-151B,miRNA,PACLITAXEL,DB01229,36314
HSA-MIR-151B,miRNA,TRAMETINIB,DB08911,11707110
HSA-MIR-151B,miRNA,VEMURAFENIB,DB08881,42611257
HSA-MIR-151B,miRNA,RUXOLITINIB,DB08877,25126798
HSA-MIR-152,miRNA,CISPLATIN,DB00515,5460033
HSA-MIR-152-3P,miRNA,DOXORUBICIN,DB00997,31703
HSA-MIR-152-3P,miRNA,CISPLATIN,DB00515,5460033
HSA-MIR-152-3P,miRNA,GEMCITABINE,DB00441,60750
HSA-MIR-152-3P,miRNA,DOCETAXEL,DB01248,148124
HSA-MIR-152-3P,miRNA,PLATINUM,DB12257,23939
HSA-MIR-152-3P,miRNA,TAMOXIFEN,DB00675,2733525
HSA-MIR-152-3P,miRNA,PACLITAXEL,DB01229,36314
HSA-MIR-152-3P,miRNA,TRAMETINIB,DB08911,11707110
HSA-MIR-152-3P,miRNA,VEMURAFENIB,DB08881,42611257
HSA-MIR-152-3P,miRNA,CYCLOPHOSPHAMIDE,DB00531,2907
HSA-MIR-152-3P,miRNA,GEFITINIB,DB00317,123631
HSA-MIR-152-5P,miRNA,TEMOZOLOMIDE,DB00853,5394
HSA-MIR-153-1,miRNA,CERITINIB,DB09063,57379345
HSA-MIR-153-2,miRNA,OXALIPLATIN,DB00526,6857599
HSA-MIR-153-3P,miRNA,DOXORUBICIN,DB00997,31703
HSA-MIR-153-3P,miRNA,VERAPAMIL,DB00661,2520
HSA-MIR-153-3P,miRNA,NAVITOCLAX,DB12340,24978538
HSA-MIR-153-3P,miRNA,ARSENIC TRIOXIDE,DB01169,261004
HSA-MIR-153-3P,miRNA,CISPLATIN,DB00515,5460033
HSA-MIR-153-3P,miRNA,OXALIPLATIN,DB00526,6857599
HSA-MIR-153-3P,miRNA,GEMCITABINE,DB00441,60750
HSA-MIR-153-3P,miRNA,CABAZITAXEL,DB06772,9854073
HSA-MIR-153-3P,miRNA,GEFITINIB,DB00317,123631
HSA-MIR-153-3P,miRNA,DACARBAZINE,DB00851,5351166
HSA-MIR-153-5P,miRNA,OXALIPLATIN,DB00526,6857599
HSA-MIR-1537,miRNA,CERITINIB,DB09063,57379345
HSA-MIR-1538,miRNA,DOXORUBICIN,DB00997,31703
HSA-MIR-1538,miRNA,GEMCITABINE,DB00441,60750
HSA-MIR-1539,miRNA,DOXORUBICIN,DB00997,31703
HSA-MIR-1539,miRNA,PACLITAXEL,DB01229,36314
HSA-MIR-1539,miRNA,CISPLATIN,DB00515,5460033
HSA-MIR-154-3P,miRNA,DOXORUBICIN,DB00997,31703
HSA-MIR-154-3P,miRNA,VERAPAMIL,DB00661,2520
HSA-MIR-154-3P,miRNA,OXALIPLATIN,DB00526,6857599
HSA-MIR-154-5P,miRNA,PACLITAXEL,DB01229,36314
HSA-MIR-154-5P,miRNA,DOXORUBICIN,DB00997,31703
HSA-MIR-154-5P,miRNA,GEMCITABINE,DB00441,60750
HSA-MIR-155-3P,miRNA,CISPLATIN,DB00515,5460033
HSA-MIR-155-3P,miRNA,OXALIPLATIN,DB00526,6857599
HSA-MIR-155-3P,miRNA,PACLITAXEL,DB01229,36314
HSA-MIR-155-3P,miRNA,TEMOZOLOMIDE,DB00853,5394
HSA-MIR-155-5P,miRNA,DOXORUBICIN,DB00997,31703
HSA-MIR-155-5P,miRNA,VERAPAMIL,DB00661,2520
HSA-MIR-155-5P,miRNA,ETOPOSIDE,DB00773,36462
HSA-MIR-155-5P,miRNA,PACLITAXEL,DB01229,36314
HSA-MIR-155-5P,miRNA,IMATINIB,DB00619,5291
HSA-MIR-155-5P,miRNA,CYCLOPAMINE,NA,442972
HSA-MIR-155-5P,miRNA,CISPLATIN,DB00515,5460033
HSA-MIR-155-5P,miRNA,FULVESTRANT,DB00947,17756771
HSA-MIR-155-5P,miRNA,TAMOXIFEN,DB00675,2733525
HSA-MIR-155-5P,miRNA,ERLOTINIB,DB00530,176870
HSA-MIR-155-5P,miRNA,"N-[(2R)-2,3-DIHYDROXYPROPOXY]-3,4-DIFLUORO-2-[(2-FLUORO-4-IODOPHENYL)AMINO]BENZAMIDE",NA,9826528
HSA-MIR-155-5P,miRNA,FLUOROURACIL,DB00544,3385
HSA-MIR-155-5P,miRNA,GEMCITABINE,DB00441,60750
HSA-MIR-155-5P,miRNA,OXALIPLATIN,DB00526,6857599
HSA-MIR-155-5P,miRNA,VINCRISTINE,DB00541,5978
HSA-MIR-155-5P,miRNA,GEFITINIB,DB00317,123631
HSA-MIR-155-5P,miRNA,TEMOZOLOMIDE,DB00853,5394
HSA-MIR-155-5P,miRNA,DOCETAXEL,DB01248,148124
HSA-MIR-155-5P,miRNA,SUNITINIB,DB01268,5329102
HSA-MIR-155-5P,miRNA,BUFALIN,NA,9547215
HSA-MIR-155-5P,miRNA,PLX-4720,DB06999,24180719
HSA-MIR-155-5P,miRNA,ARSENIC TRIOXIDE,DB01169,261004
HSA-MIR-155-5P,miRNA,METHOTREXATE,DB00563,126941
HSA-MIR-155-5P,miRNA,DECITABINE,DB01262,451668
HSA-MIR-155-5P,miRNA,VINORELBINE,DB00361,44424639
HSA-MIR-155-5P,miRNA,SCHIZANDRIN A,NA,23915
HSA-MIR-155-5P,miRNA,BORTEZOMIB,DB00188,387447
HSA-MIR-155-5P,miRNA,DABRAFENIB,DB08912,44462760
HSA-MIR-155.,miRNA,CISPLATIN,DB00515,5460033
HSA-MIR-155P-5P,miRNA,CISPLATIN,DB00515,5460033
HSA-MIR-1587,miRNA,PLATINUM,DB12257,23939
HSA-MIR-1587,miRNA,VEMURAFENIB,DB08881,42611257
HSA-MIR-1587,miRNA,DABRAFENIB,DB08912,44462760
HSA-MIR-1587,miRNA,PACLITAXEL,DB01229,36314
HSA-MIR-1587,miRNA,FULVESTRANT,DB00947,17756771
HSA-MIR-1587,miRNA,TAMOXIFEN,DB00675,2733525
HSA-MIR-1587,miRNA,CISPLATIN,DB00515,5460033
HSA-MIR-15A-3P,miRNA,DOXORUBICIN,DB00997,31703
HSA-MIR-15A-3P,miRNA,VERAPAMIL,DB00661,2520
HSA-MIR-15A-3P,miRNA,FLUOROURACIL,DB00544,3385
HSA-MIR-15A-3P,miRNA,AZACITIDINE,DB00928,9444
HSA-MIR-15A-5P,miRNA,DOXORUBICIN,DB00997,31703
HSA-MIR-15A-5P,miRNA,IMATINIB,DB00619,5291
HSA-MIR-15A-5P,miRNA,TAMOXIFEN,DB00675,2733525
HSA-MIR-15A-5P,miRNA,DEXAMETHASONE,DB01234,5743
HSA-MIR-15A-5P,miRNA,MELPHALAN,DB01042,460612
HSA-MIR-15A-5P,miRNA,FLUOROURACIL,DB00544,3385
HSA-MIR-15A-5P,miRNA,CISPLATIN,DB00515,5460033
HSA-MIR-15A-5P,miRNA,BORTEZOMIB,DB00188,387447
HSA-MIR-15A-5P,miRNA,PACLITAXEL,DB01229,36314
HSA-MIR-15A-5P,miRNA,GEMCITABINE,DB00441,60750
HSA-MIR-15A-5P,miRNA,OXALIPLATIN,DB00526,6857599
HSA-MIR-15A-5P,miRNA,CARBOPLATIN,DB00958,38904
HSA-MIR-15A-5P,miRNA,MITOMYCIN C,DB00305,5746
HSA-MIR-15A-5P,miRNA,DOCETAXEL,DB01248,148124
HSA-MIR-15A-5P,miRNA,VINCRISTINE,DB00541,5978
HSA-MIR-15A-5P,miRNA,PLATINUM,DB12257,23939
HSA-MIR-15A-5P,miRNA,DABRAFENIB,DB08912,44462760
HSA-MIR-15A-5P,miRNA,VEMURAFENIB,DB08881,42611257
HSA-MIR-15A-5P,miRNA,TAXOL,DB01229,36314
HSA-MIR-15A-5P,miRNA,TRAMETINIB,DB08911,11707110
HSA-MIR-15A-5P,miRNA,DAUNORUBICIN,DB00694,30323
HSA-MIR-15A-5P,miRNA,ETOPOSIDE,DB00773,36462
HSA-MIR-15A-5P,miRNA,VINORELBINE,DB00361,44424639
HSA-MIR-15A-5P,miRNA,PIRARUBICIN,DB11616,11296583
HSA-MIR-15B-3P,miRNA,DOXORUBICIN,DB00997,31703
HSA-MIR-15B-3P,miRNA,VERAPAMIL,DB00661,2520
HSA-MIR-15B-3P,miRNA,GEMCITABINE,DB00441,60750
HSA-MIR-15B-5P,miRNA,VINCRISTINE,DB00541,5978
HSA-MIR-15B-5P,miRNA,DOXORUBICIN,DB00997,31703
HSA-MIR-15B-5P,miRNA,PACLITAXEL,DB01229,36314
HSA-MIR-15B-5P,miRNA,CISPLATIN,DB00515,5460033
HSA-MIR-15B-5P,miRNA,FLUOROURACIL,DB00544,3385
HSA-MIR-15B-5P,miRNA,OXALIPLATIN,DB00526,6857599
HSA-MIR-15B-5P,miRNA,GEMCITABINE,DB00441,60750
HSA-MIR-15B-5P,miRNA,IMATINIB,DB00619,5291
HSA-MIR-15B-5P,miRNA,TAMOXIFEN,DB00675,2733525
HSA-MIR-15B-5P,miRNA,AZACITIDINE,DB00928,9444
HSA-MIR-15B-5P,miRNA,TRAMETINIB,DB08911,11707110
HSA-MIR-15B-5P,miRNA,VEMURAFENIB,DB08881,42611257
HSA-MIR-15B-5P,miRNA,SUNITINIB,DB01268,5329102
HSA-MIR-15B-5P,miRNA,GEFITINIB,DB00317,123631
HSA-MIR-15B-5P,miRNA,DABRAFENIB,DB08912,44462760
HSA-MIR-15B-5P,miRNA,APITOLISIB,DB12180,25254071
HSA-MIR-16-1,miRNA,DOXORUBICIN,DB00997,31703
HSA-MIR-16-1-3P,miRNA,GEFITINIB,DB00317,123631
HSA-MIR-16-1-3P,miRNA,ERLOTINIB,DB00530,176870
HSA-MIR-16-1-3P,miRNA,VINORELBINE,DB00361,44424639
HSA-MIR-16-1-3P,miRNA,DOXORUBICIN,DB00997,31703
HSA-MIR-16-1-3P,miRNA,ETOPOSIDE,DB00773,36462
HSA-MIR-16-1-3P,miRNA,VINCRISTINE,DB00541,5978
HSA-MIR-16-1-3P,miRNA,PACLITAXEL,DB01229,36314
HSA-MIR-16-2-3P,miRNA,OXALIPLATIN,DB00526,6857599
HSA-MIR-16-2-3P,miRNA,MITOXANTRONE,DB01204,4212
HSA-MIR-16-2-3P,miRNA,CISPLATIN,DB00515,5460033
HSA-MIR-16-2-3P,miRNA,DOXORUBICIN,DB00997,31703
HSA-MIR-16-2-3P,miRNA,PACLITAXEL,DB01229,36314
HSA-MIR-16-2-3P,miRNA,BORTEZOMIB,DB00188,387447
HSA-MIR-16-5P,miRNA,VINCRISTINE,DB00541,5978
HSA-MIR-16-5P,miRNA,DOXORUBICIN,DB00997,31703
HSA-MIR-16-5P,miRNA,VERAPAMIL,DB00661,2520
HSA-MIR-16-5P,miRNA,GENISTEIN,DB01645,5280961
HSA-MIR-16-5P,miRNA,NUTLIN-3,DB17039,216345
HSA-MIR-16-5P,miRNA,PACLITAXEL,DB01229,36314
HSA-MIR-16-5P,miRNA,TAMOXIFEN,DB00675,2733525
HSA-MIR-16-5P,miRNA,DOCETAXEL,DB01248,148124
HSA-MIR-16-5P,miRNA,BORTEZOMIB,DB00188,387447
HSA-MIR-16-5P,miRNA,CISPLATIN,DB00515,5460033
HSA-MIR-16-5P,miRNA,MELPHALAN,DB01042,460612
HSA-MIR-16-5P,miRNA,GEMCITABINE,DB00441,60750
HSA-MIR-16-5P,miRNA,OXALIPLATIN,DB00526,6857599
HSA-MIR-16-5P,miRNA,PEMETREXED,DB00642,446556
HSA-MIR-16-5P,miRNA,IMATINIB,DB00619,5291
HSA-MIR-16-5P,miRNA,CARBOPLATIN,DB00958,38904
HSA-MIR-16-5P,miRNA,MITOMYCIN C,DB00305,5746
HSA-MIR-16-5P,miRNA,PLATINUM,DB12257,23939
HSA-MIR-16-5P,miRNA,TEMOZOLOMIDE,DB00853,5394
HSA-MIR-16-5P,miRNA,LAPATINIB,DB01259,208908
HSA-MIR-16-5P,miRNA,FLUOROURACIL,DB00544,3385
HSA-MIR-16-5P,miRNA,DAUNORUBICIN,DB00694,30323
HSA-MIR-16-5P,miRNA,TRAMETINIB,DB08911,11707110
HSA-MIR-16-5P,miRNA,VEMURAFENIB,DB08881,42611257
HSA-MIR-16-5P,miRNA,VINORELBINE,DB00361,44424639
HSA-MIR-16-5P,miRNA,ETOPOSIDE,DB00773,36462
HSA-MIR-1669,miRNA,IMATINIB,DB00619,5291
HSA-MIR-17,miRNA,CISPLATIN,DB00515,5460033
HSA-MIR-17-3P,miRNA,PACLITAXEL,DB01229,36314
HSA-MIR-17-3P,miRNA,FLUOROURACIL,DB00544,3385
HSA-MIR-17-3P,miRNA,GEMCITABINE,DB00441,60750
HSA-MIR-17-3P,miRNA,DOXORUBICIN,DB00997,31703
HSA-MIR-17-3P,miRNA,TAXANE,NA,9548828
HSA-MIR-17-3P,miRNA,PLX-4720,DB06999,24180719
HSA-MIR-17-3P,miRNA,SUNITINIB,DB01268,5329102
HSA-MIR-17-3P,miRNA,DABRAFENIB,DB08912,44462760
HSA-MIR-17-5P,miRNA,DOXORUBICIN,DB00997,31703
HSA-MIR-17-5P,miRNA,ETOPOSIDE,DB00773,36462
HSA-MIR-17-5P,miRNA,PACLITAXEL,DB01229,36314
HSA-MIR-17-5P,miRNA,SELUMETINIB,DB11689,10127622
HSA-MIR-17-5P,miRNA,TAMOXIFEN,DB00675,2733525
HSA-MIR-17-5P,miRNA,CISPLATIN,DB00515,5460033
HSA-MIR-17-5P,miRNA,CYCLOPAMINE,NA,442972
HSA-MIR-17-5P,miRNA,DOCETAXEL,DB01248,148124
HSA-MIR-17-5P,miRNA,SIROLIMUS,DB00877,5284616
HSA-MIR-17-5P,miRNA,TEMOZOLOMIDE,DB00853,5394
HSA-MIR-17-5P,miRNA,DASATINIB,DB01254,3062316
HSA-MIR-17-5P,miRNA,IMATINIB,DB00619,5291
HSA-MIR-17-5P,miRNA,NILOTINIB,DB04868,644241
HSA-MIR-17-5P,miRNA,GEMCITABINE,DB00441,60750
HSA-MIR-17-5P,miRNA,OXALIPLATIN,DB00526,6857599
HSA-MIR-17-5P,miRNA,FLUOROURACIL,DB00544,3385
HSA-MIR-17-5P,miRNA,IRINOTECAN,DB00762,60838
HSA-MIR-17-5P,miRNA,TAXANE,NA,9548828
HSA-MIR-17-5P,miRNA,DEXAMETHASONE,DB01234,5743
HSA-MIR-17-5P,miRNA,SORAFENIB,DB00398,216239
HSA-MIR-17-5P,miRNA,BORTEZOMIB,DB00188,387447
HSA-MIR-17-5P,miRNA,VEMURAFENIB,DB08881,42611257
HSA-MIR-17-5P,miRNA,ERLOTINIB,DB00530,176870
HSA-MIR-17-5P,miRNA,TAXOL,DB01229,36314
HSA-MIR-17-5P,miRNA,AXITINIB,DB06626,6450551
HSA-MIR-17-5P,miRNA,NUTLIN-3,DB17039,216345
HSA-MIR-17-5P,miRNA,GEFITINIB,DB00317,123631
HSA-MIR-17-5P,miRNA,DAUNORUBICIN,DB00694,30323
HSA-MIR-17-5P,miRNA,FULVESTRANT,DB00947,17756771
HSA-MIR-17-5P,miRNA,MITOMYCIN C,DB00305,5746
HSA-MIR-17-5P,miRNA,APITOLISIB,DB12180,25254071
HSA-MIR-17-92,miRNA,ETOPOSIDE,DB00773,36462
HSA-MIR-17-92,miRNA,DOXORUBICIN,DB00997,31703
HSA-MIR-17-92,miRNA,TOPOTECAN,DB01030,60699
HSA-MIR-17-92,miRNA,SIROLIMUS,DB00877,5284616
HSA-MIR-17-92,miRNA,STAUROSPORINE,DB02010,5459111
HSA-MIR-17-92,miRNA,GEMCITABINE,DB00441,60750
HSA-MIR-17-92,miRNA,CISPLATIN,DB00515,5460033
HSA-MIR-17-92,miRNA,DAUNORUBICIN,DB00694,30323
HSA-MIR-17-92,miRNA,EVEROLIMUS,DB01590,6442177
HSA-MIR-17?92,miRNA,PHENFORMIN,DB00914,8249
HSA-MIR-17?92,miRNA,IM156,NA,154573779
HSA-MIR-171,miRNA,TAMOXIFEN,DB00675,2733525
HSA-MIR-1725-5P,miRNA,IMATINIB,DB00619,5291
HSA-MIR-179-3P,miRNA,SORAFENIB,DB00398,216239
HSA-MIR-1803,miRNA,IMATINIB,DB00619,5291
HSA-MIR-181,miRNA,TAMOXIFEN,DB00675,2733525
HSA-MIR-181,miRNA,TEMOZOLOMIDE,DB00853,5394
HSA-MIR-181,miRNA,GEFITINIB,DB00317,123631
HSA-MIR-181,miRNA,OXALIPLATIN,DB00526,6857599
HSA-MIR-181,miRNA,CISPLATIN,DB00515,5460033
HSA-MIR-181A-1,miRNA,DABRAFENIB,DB08912,44462760
HSA-MIR-181A-2,miRNA,GEMCITABINE,DB00441,60750
HSA-MIR-181A-2,miRNA,CISPLATIN,DB00515,5460033
HSA-MIR-181A-2,miRNA,CERITINIB,DB09063,57379345
HSA-MIR-181A-2-3P,miRNA,OXALIPLATIN,DB00526,6857599
HSA-MIR-181A-2-3P,miRNA,PACLITAXEL,DB01229,36314
HSA-MIR-181A-2-3P,miRNA,GEMCITABINE,DB00441,60750
HSA-MIR-181A-2-3P,miRNA,FLUOROURACIL,DB00544,3385
HSA-MIR-181A-2-3P,miRNA,CISPLATIN,DB00515,5460033
HSA-MIR-181A-2-3P,miRNA,CERITINIB,DB09063,57379345
HSA-MIR-181A-2-3P,miRNA,DOXORUBICIN,DB00997,31703
HSA-MIR-181A-2-3P,miRNA,VINORELBINE,DB00361,44424639
HSA-MIR-181A-2-3P,miRNA,ETOPOSIDE,DB00773,36462
HSA-MIR-181A-2-3P,miRNA,VINCRISTINE,DB00541,5978
HSA-MIR-181A-3P,miRNA,TAMOXIFEN,DB00675,2733525
HSA-MIR-181A-3P,miRNA,PACLITAXEL,DB01229,36314
HSA-MIR-181A-3P,miRNA,DOXORUBICIN,DB00997,31703
HSA-MIR-181A-3P,miRNA,VERAPAMIL,DB00661,2520
HSA-MIR-181A-3P,miRNA,CISPLATIN,DB00515,5460033
HSA-MIR-181A-3P,miRNA,SUNITINIB,DB01268,5329102
HSA-MIR-181A-3P,miRNA,FLUOROURACIL,DB00544,3385
HSA-MIR-181A-3P,miRNA,GEMCITABINE,DB00441,60750
HSA-MIR-181A-3P,miRNA,GEFITINIB,DB00317,123631
HSA-MIR-181A-3P,miRNA,YUANHUADINE,NA,6440572
HSA-MIR-181A-3P,miRNA,OXALIPLATIN,DB00526,6857599
HSA-MIR-181A-5P,miRNA,DOXORUBICIN,DB00997,31703
HSA-MIR-181A-5P,miRNA,VERAPAMIL,DB00661,2520
HSA-MIR-181A-5P,miRNA,SORAFENIB,DB00398,216239
HSA-MIR-181A-5P,miRNA,FLUDARABINE,DB01073,657237
HSA-MIR-181A-5P,miRNA,IMATINIB,DB00619,5291
HSA-MIR-181A-5P,miRNA,CISPLATIN,DB00515,5460033
HSA-MIR-181A-5P,miRNA,CYTARABINE,DB00987,6253
HSA-MIR-181A-5P,miRNA,DEXAMETHASONE,DB01234,5743
HSA-MIR-181A-5P,miRNA,DAUNORUBICIN,DB00694,30323
HSA-MIR-181A-5P,miRNA,FLUOROURACIL,DB00544,3385
HSA-MIR-181A-5P,miRNA,TRICHOSTATIN A,DB04297,444732
HSA-MIR-181A-5P,miRNA,CARBOPLATIN,DB00958,38904
HSA-MIR-181A-5P,miRNA,VINCRISTINE,DB00541,5978
HSA-MIR-181A-5P,miRNA,MITOMYCIN C,DB00305,5746
HSA-MIR-181A-5P,miRNA,MITOXANTRONE,DB01204,4212
HSA-MIR-181A-5P,miRNA,OXALIPLATIN,DB00526,6857599
HSA-MIR-181A-5P,miRNA,DOCETAXEL,DB01248,148124
HSA-MIR-181A-5P,miRNA,CAMPTOTHECIN,DB04690,24360
HSA-MIR-181A-5P,miRNA,TAXANE,NA,9548828
HSA-MIR-181A-5P,miRNA,TAMOXIFEN,DB00675,2733525
HSA-MIR-181A-5P,miRNA,PACLITAXEL,DB01229,36314
HSA-MIR-181A-5P,miRNA,PLATINUM,DB12257,23939
HSA-MIR-181A-5P,miRNA,TEMOZOLOMIDE,DB00853,5394
HSA-MIR-181A-5P,miRNA,GEMCITABINE,DB00441,60750
HSA-MIR-181A-5P,miRNA,GEFITINIB,DB00317,123631
HSA-MIR-181A-5P,miRNA,AMG51,NA,11858109
HSA-MIR-181A-5P,miRNA,GSK1070916,NA,46885626
HSA-MIR-181A-5P,miRNA,XL765,DB05241,49867926
HSA-MIR-181A-5P,miRNA,PALBOCICLIB,DB09073,5330286
HSA-MIR-181A-5P,miRNA,TOPOTECAN,DB01030,60699
HSA-MIR-181A-5P,miRNA,CARMUSTINE,DB00262,2578
HSA-MIR-181A-5P,miRNA,SIROLIMUS,DB00877,5284616
HSA-MIR-181A-5P,miRNA,METFORMIN,DB00331,4091
HSA-MIR-181A-5P,miRNA,BORTEZOMIB,DB00188,387447
HSA-MIR-181A-5P,miRNA,VINORELBINE,DB00361,44424639
HSA-MIR-181A-5P,miRNA,ETOPOSIDE,DB00773,36462
HSA-MIR-181A-5P,miRNA,PREDNISONE,DB00635,5865
HSA-MIR-181B-1,miRNA,DABRAFENIB,DB08912,44462760
HSA-MIR-181B-2-3P,miRNA,DOXORUBICIN,DB00997,31703
HSA-MIR-181B-5P,miRNA,DOXORUBICIN,DB00997,31703
HSA-MIR-181B-5P,miRNA,GEMCITABINE,DB00441,60750
HSA-MIR-181B-5P,miRNA,SORAFENIB,DB00398,216239
HSA-MIR-181B-5P,miRNA,CISPLATIN,DB00515,5460033
HSA-MIR-181B-5P,miRNA,VINCRISTINE,DB00541,5978
HSA-MIR-181B-5P,miRNA,IMATINIB,DB00619,5291
HSA-MIR-181B-5P,miRNA,DOCETAXEL,DB01248,148124
HSA-MIR-181B-5P,miRNA,FLUDARABINE,DB01073,657237
HSA-MIR-181B-5P,miRNA,OXALIPLATIN,DB00526,6857599
HSA-MIR-181B-5P,miRNA,TEMOZOLOMIDE,DB00853,5394
HSA-MIR-181B-5P,miRNA,CYTARABINE,DB00987,6253
HSA-MIR-181B-5P,miRNA,TENIPOSIDE,DB00444,452548
HSA-MIR-181B-5P,miRNA,TAXANE,NA,9548828
HSA-MIR-181B-5P,miRNA,TAMOXIFEN,DB00675,2733525
HSA-MIR-181B-5P,miRNA,PACLITAXEL,DB01229,36314
HSA-MIR-181B-5P,miRNA,PLATINUM,DB12257,23939
HSA-MIR-181B-5P,miRNA,MITOXANTRONE,DB01204,4212
HSA-MIR-181B-5P,miRNA,FLUOROURACIL,DB00544,3385
HSA-MIR-181B-5P,miRNA,PALBOCICLIB,DB09073,5330286
HSA-MIR-181B-5P,miRNA,RUXOLITINIB,DB08877,25126798
HSA-MIR-181B-5P,miRNA,TOPOTECAN,DB01030,60699
HSA-MIR-181B-5P,miRNA,METFORMIN,DB00331,4091
HSA-MIR-181B-5P,miRNA,SIROLIMUS,DB00877,5284616
HSA-MIR-181B-5P,miRNA,CELASTROL,NA,12302620
HSA-MIR-181B-5P,miRNA,TAXOL,DB01229,36314
HSA-MIR-181B-5P,miRNA,VINORELBINE,DB00361,44424639
HSA-MIR-181B-5P,miRNA,ETOPOSIDE,DB00773,36462
HSA-MIR-181C,miRNA,CISPLATIN,DB00515,5460033
HSA-MIR-181C,miRNA,FLUOROURACIL,DB00544,3385
HSA-MIR-181C-3P,miRNA,PAROXETINE,DB00715,43815
HSA-MIR-181C-3P,miRNA,CISPLATIN,DB00515,5460033
HSA-MIR-181C-3P,miRNA,TAMOXIFEN,DB00675,2733525
HSA-MIR-181C-3P,miRNA,DOXORUBICIN,DB00997,31703
HSA-MIR-181C-3P,miRNA,SUNITINIB,DB01268,5329102
HSA-MIR-181C-3P,miRNA,METFORMIN,DB00331,4091
HSA-MIR-181C-3P,miRNA,SIROLIMUS,DB00877,5284616
HSA-MIR-181C-5P,miRNA,DOXORUBICIN,DB00997,31703
HSA-MIR-181C-5P,miRNA,VERAPAMIL,DB00661,2520
HSA-MIR-181C-5P,miRNA,IMATINIB,DB00619,5291
HSA-MIR-181C-5P,miRNA,GEMCITABINE,DB00441,60750
HSA-MIR-181C-5P,miRNA,PACLITAXEL,DB01229,36314
HSA-MIR-181C-5P,miRNA,FLUOROURACIL,DB00544,3385
HSA-MIR-181C-5P,miRNA,TAMOXIFEN,DB00675,2733525
HSA-MIR-181C-5P,miRNA,CURCUMIN,DB11672,969516
HSA-MIR-181C-5P,miRNA,CISPLATIN,DB00515,5460033
HSA-MIR-181C-5P,miRNA,FULVESTRANT,DB00947,17756771
HSA-MIR-181C-5P,miRNA,GEFITINIB,DB00317,123631
HSA-MIR-181C-5P,miRNA,CRIZOTINIB,DB08865,11626560
HSA-MIR-181C-5P,miRNA,PLATINUM,DB12257,23939
HSA-MIR-181C-5P,miRNA,RUXOLITINIB,DB08877,25126798
HSA-MIR-181D,miRNA,CISPLATIN,DB00515,5460033
HSA-MIR-181D-5P,miRNA,DOXORUBICIN,DB00997,31703
HSA-MIR-181D-5P,miRNA,VERAPAMIL,DB00661,2520
HSA-MIR-181D-5P,miRNA,CISPLATIN,DB00515,5460033
HSA-MIR-181D-5P,miRNA,IMATINIB,DB00619,5291
HSA-MIR-181D-5P,miRNA,DOCETAXEL,DB01248,148124
HSA-MIR-181D-5P,miRNA,CARBOPLATIN,DB00958,38904
HSA-MIR-181D-5P,miRNA,VINCRISTINE,DB00541,5978
HSA-MIR-181D-5P,miRNA,MITOMYCIN C,DB00305,5746
HSA-MIR-181D-5P,miRNA,OXALIPLATIN,DB00526,6857599
HSA-MIR-181D-5P,miRNA,TAMOXIFEN,DB00675,2733525
HSA-MIR-181D-5P,miRNA,FLUOROURACIL,DB00544,3385
HSA-MIR-181D-5P,miRNA,GEMCITABINE,DB00441,60750
HSA-MIR-181D-5P,miRNA,PLATINUM,DB12257,23939
HSA-MIR-181D-5P,miRNA,PACLITAXEL,DB01229,36314
HSA-MIR-181D-5P,miRNA,GEFITINIB,DB00317,123631
HSA-MIR-181D-5P,miRNA,RUXOLITINIB,DB08877,25126798
HSA-MIR-181D-5P,miRNA,ETOPOSIDE,DB00773,36462
HSA-MIR-181D-5P,miRNA,VINORELBINE,DB00361,44424639
HSA-MIR-182-3P,miRNA,VERAPAMIL,DB00661,2520
HSA-MIR-182-3P,miRNA,DOXORUBICIN,DB00997,31703
HSA-MIR-182-5P,miRNA,DOXORUBICIN,DB00997,31703
HSA-MIR-182-5P,miRNA,PACLITAXEL,DB01229,36314
HSA-MIR-182-5P,miRNA,OLAPARIB,DB09074,23725625
HSA-MIR-182-5P,miRNA,CISPLATIN,DB00515,5460033
HSA-MIR-182-5P,miRNA,TAMOXIFEN,DB00675,2733525
HSA-MIR-182-5P,miRNA,OXALIPLATIN,DB00526,6857599
HSA-MIR-182-5P,miRNA,TEMOZOLOMIDE,DB00853,5394
HSA-MIR-182-5P,miRNA,VEMURAFENIB,DB08881,42611257
HSA-MIR-182-5P,miRNA,DABRAFENIB,DB08912,44462760
HSA-MIR-182-5P,miRNA,CORTISONE,DB14681,222786
HSA-MIR-182-5P,miRNA,FLUOROURACIL,DB00544,3385
HSA-MIR-182-5P,miRNA,GEMCITABINE,DB00441,60750
HSA-MIR-182-5P,miRNA,TRAMETINIB,DB08911,11707110
HSA-MIR-182-5P,miRNA,FULVESTRANT,DB00947,17756771
HSA-MIR-182-5P,miRNA,VELIPARIB,DB07232,11960529
HSA-MIR-182-5P,miRNA,SERDEMETAN,DB12027,11609586
HSA-MIR-182-5P,miRNA,TAXOL,DB01229,36314
HSA-MIR-182-5P,miRNA,RUXOLITINIB,DB08877,25126798
HSA-MIR-182-5P,miRNA,ERLOTINIB,DB00530,176870
HSA-MIR-182-5P,miRNA,ANTHRACYCLINE,DB00694,30323
HSA-MIR-182-5P,miRNA,CYCLOPHOSPHAMIDE,DB00531,2907
HSA-MIR-182-5P,miRNA,METHOTREXATE,DB00563,126941
HSA-MIR-182-5P,miRNA,ESTRADIOL,DB00783,5757
HSA-MIR-1825,miRNA,SUNITINIB,DB01268,5329102
HSA-MIR-1825,miRNA,GEMCITABINE,DB00441,60750
HSA-MIR-1825,miRNA,FLUOROURACIL,DB00544,3385
HSA-MIR-1825,miRNA,FULVESTRANT,DB00947,17756771
HSA-MIR-1825,miRNA,TAMOXIFEN,DB00675,2733525
HSA-MIR-1825,miRNA,ANTHRACYCLINE,DB00694,30323
HSA-MIR-1825,miRNA,CYCLOPHOSPHAMIDE,DB00531,2907
HSA-MIR-1825,miRNA,TAXOL,DB01229,36314
HSA-MIR-1825,miRNA,METHOTREXATE,DB00563,126941
HSA-MIR-1825,miRNA,CISPLATIN,DB00515,5460033
HSA-MIR-1826,miRNA,GEMCITABINE,DB00441,60750
HSA-MIR-1826,miRNA,OXALIPLATIN,DB00526,6857599
HSA-MIR-1826,miRNA,MITOXANTRONE,DB01204,4212
HSA-MIR-183,miRNA,CISPLATIN,DB00515,5460033
HSA-MIR-183-3P,miRNA,CISPLATIN,DB00515,5460033
HSA-MIR-183-3P,miRNA,FLUOROURACIL,DB00544,3385
HSA-MIR-183-5P,miRNA,DOXORUBICIN,DB00997,31703
HSA-MIR-183-5P,miRNA,IMATINIB,DB00619,5291
HSA-MIR-183-5P,miRNA,CISPLATIN,DB00515,5460033
HSA-MIR-183-5P,miRNA,TAMOXIFEN,DB00675,2733525
HSA-MIR-183-5P,miRNA,FLUOROURACIL,DB00544,3385
HSA-MIR-183-5P,miRNA,VEMURAFENIB,DB08881,42611257
HSA-MIR-183-5P,miRNA,DABRAFENIB,DB08912,44462760
HSA-MIR-183-5P,miRNA,PACLITAXEL,DB01229,36314
HSA-MIR-183-5P,miRNA,GEMCITABINE,DB00441,60750
HSA-MIR-183-5P,miRNA,PLATINUM,DB12257,23939
HSA-MIR-183-5P,miRNA,RUXOLITINIB,DB08877,25126798
HSA-MIR-183-5P,miRNA,ONVANSERTIB,DB15110,49792852
HSA-MIR-184,miRNA,CERITINIB,DB09063,57379345
HSA-MIR-184,miRNA,ETOPOSIDE,DB00773,36462
HSA-MIR-184,miRNA,OXALIPLATIN,DB00526,6857599
HSA-MIR-184,miRNA,DOXORUBICIN,DB00997,31703
HSA-MIR-184,miRNA,PLX-4720,DB06999,24180719
HSA-MIR-184,miRNA,CISPLATIN,DB00515,5460033
HSA-MIR-184,miRNA,DABRAFENIB,DB08912,44462760
HSA-MIR-184,miRNA,VEMURAFENIB,DB08881,42611257
HSA-MIR-184,miRNA,PANOBINOSTAT,DB06603,6918837
HSA-MIR-184,miRNA,OSIMERTINIB,DB09330,71496458
HSA-MIR-185-3P,miRNA,TAMOXIFEN,DB00675,2733525
HSA-MIR-185-3P,miRNA,PANOBINOSTAT,DB06603,6918837
HSA-MIR-185-3P,miRNA,FLUOROURACIL,DB00544,3385
HSA-MIR-185-5P,miRNA,DOXORUBICIN,DB00997,31703
HSA-MIR-185-5P,miRNA,GEMCITABINE,DB00441,60750
HSA-MIR-185-5P,miRNA,CISPLATIN,DB00515,5460033
HSA-MIR-185-5P,miRNA,OXALIPLATIN,DB00526,6857599
HSA-MIR-185-5P,miRNA,FLUOROURACIL,DB00544,3385
HSA-MIR-185-5P,miRNA,TAMOXIFEN,DB00675,2733525
HSA-MIR-185-5P,miRNA,PLX-4720,DB06999,24180719
HSA-MIR-185-5P,miRNA,PLATINUM,DB12257,23939
HSA-MIR-185-5P,miRNA,PACLITAXEL,DB01229,36314
HSA-MIR-185-5P,miRNA,TRAMETINIB,DB08911,11707110
HSA-MIR-185-5P,miRNA,VEMURAFENIB,DB08881,42611257
HSA-MIR-185-5P,miRNA,IMATINIB,DB00619,5291
HSA-MIR-186-3P,miRNA,CISPLATIN,DB00515,5460033
HSA-MIR-186-3P,miRNA,CARBOPLATIN,DB00958,38904
HSA-MIR-186-3P,miRNA,DOXORUBICIN,DB00997,31703
HSA-MIR-186-3P,miRNA,VINCRISTINE,DB00541,5978
HSA-MIR-186-3P,miRNA,MITOMYCIN C,DB00305,5746
HSA-MIR-186-3P,miRNA,OXALIPLATIN,DB00526,6857599
HSA-MIR-186-5P,miRNA,DOXORUBICIN,DB00997,31703
HSA-MIR-186-5P,miRNA,VERAPAMIL,DB00661,2520
HSA-MIR-186-5P,miRNA,CISPLATIN,DB00515,5460033
HSA-MIR-186-5P,miRNA,TAMOXIFEN,DB00675,2733525
HSA-MIR-186-5P,miRNA,PACLITAXEL,DB01229,36314
HSA-MIR-186-5P,miRNA,SORAFENIB,DB00398,216239
HSA-MIR-186-5P,miRNA,METHOTREXATE,DB00563,126941
HSA-MIR-186-5P,miRNA,DAUNORUBICIN,DB00694,30323
HSA-MIR-186-5P,miRNA,GEMCITABINE,DB00441,60750
HSA-MIR-186-5P,miRNA,IMATINIB,DB00619,5291
HSA-MIR-186-5P,miRNA,DECITABINE,DB01262,451668
HSA-MIR-186-5P,miRNA,PALBOCICLIB,DB09073,5330286
HSA-MIR-186-5P,miRNA,TEMOZOLOMIDE,DB00853,5394
HSA-MIR-186-5P,miRNA,FLUOROURACIL,DB00544,3385
HSA-MIR-187,miRNA,CERITINIB,DB09063,57379345
HSA-MIR-187-3P,miRNA,DOXORUBICIN,DB00997,31703
HSA-MIR-187-3P,miRNA,ETOPOSIDE,DB00773,36462
HSA-MIR-187-3P,miRNA,BORTEZOMIB,DB00188,387447
HSA-MIR-187-3P,miRNA,CISPLATIN,DB00515,5460033
HSA-MIR-187-3P,miRNA,GEMCITABINE,DB00441,60750
HSA-MIR-187-3P,miRNA,CYCLOPHOSPHAMIDE,DB00531,2907
HSA-MIR-187-3P,miRNA,PACLITAXEL,DB01229,36314
HSA-MIR-187-3P,miRNA,VINCRISTINE,DB00541,5978
HSA-MIR-187-3P,miRNA,PREDNISONE,DB00635,5865
HSA-MIR-187-3P,miRNA,VINBLASTINE,DB00570,442111
HSA-MIR-187-3P,miRNA,VEMURAFENIB,DB08881,42611257
HSA-MIR-187-3P,miRNA,DABRAFENIB,DB08912,44462760
HSA-MIR-187-3P,miRNA,CERITINIB,DB09063,57379345
HSA-MIR-187-3P,miRNA,TRAMETINIB,DB08911,11707110
HSA-MIR-187-5P,miRNA,FLUOROURACIL,DB00544,3385
HSA-MIR-187-5P,miRNA,GEMCITABINE,DB00441,60750
HSA-MIR-187-5P,miRNA,DABRAFENIB,DB08912,44462760
HSA-MIR-187-5P,miRNA,VEMURAFENIB,DB08881,42611257
HSA-MIR-187-5P,miRNA,DOCETAXEL,DB01248,148124
HSA-MIR-187-5P,miRNA,PACLITAXEL,DB01229,36314
HSA-MIR-188,miRNA,CISPLATIN,DB00515,5460033
HSA-MIR-188-3P,miRNA,SORAFENIB,DB00398,216239
HSA-MIR-188-5P,miRNA,CISPLATIN,DB00515,5460033
HSA-MIR-188-5P,miRNA,PACLITAXEL,DB01229,36314
HSA-MIR-188-5P,miRNA,FLUOROURACIL,DB00544,3385
HSA-MIR-188-5P,miRNA,GEMCITABINE,DB00441,60750
HSA-MIR-188-5P,miRNA,IMATINIB,DB00619,5291
HSA-MIR-188-5P,miRNA,DOXORUBICIN,DB00997,31703
HSA-MIR-188-5P,miRNA,ETOPOSIDE,DB00773,36462
HSA-MIR-188-5P,miRNA,PLATINUM,DB12257,23939
HSA-MIR-188-5P,miRNA,SORAFENIB,DB00398,216239
HSA-MIR-188-5P,miRNA,DABRAFENIB,DB08912,44462760
HSA-MIR-188-5P,miRNA,VEMURAFENIB,DB08881,42611257
HSA-MIR-18A,miRNA,IMATINIB,DB00619,5291
HSA-MIR-18A-3P,miRNA,PACLITAXEL,DB01229,36314
HSA-MIR-18A-3P,miRNA,DABRAFENIB,DB08912,44462760
HSA-MIR-18A-3P,miRNA,VEMURAFENIB,DB08881,42611257
HSA-MIR-18A-3P,miRNA,GEMCITABINE,DB00441,60750
HSA-MIR-18A-5P,miRNA,DOXORUBICIN,DB00997,31703
HSA-MIR-18A-5P,miRNA,VERAPAMIL,DB00661,2520
HSA-MIR-18A-5P,miRNA,RIBAVIRIN,DB00811,37542
HSA-MIR-18A-5P,miRNA,TAMOXIFEN,DB00675,2733525
HSA-MIR-18A-5P,miRNA,CYCLOPAMINE,NA,442972
HSA-MIR-18A-5P,miRNA,PACLITAXEL,DB01229,36314
HSA-MIR-18A-5P,miRNA,CISPLATIN,DB00515,5460033
HSA-MIR-18A-5P,miRNA,GEMCITABINE,DB00441,60750
HSA-MIR-18A-5P,miRNA,FLUOROURACIL,DB00544,3385
HSA-MIR-18A-5P,miRNA,SORAFENIB,DB00398,216239
HSA-MIR-18A-5P,miRNA,VEMURAFENIB,DB08881,42611257
HSA-MIR-18A-5P,miRNA,DABRAFENIB,DB08912,44462760
HSA-MIR-18A-5P,miRNA,SUNITINIB,DB01268,5329102
HSA-MIR-18A-5P,miRNA,FULVESTRANT,DB00947,17756771
HSA-MIR-18A-5P,miRNA,TRAMETINIB,DB08911,11707110
HSA-MIR-18A-5P,miRNA,TIVANTINIB,DB12200,11494412
HSA-MIR-18A-5P,miRNA,DEXAMETHASONE,DB01234,5743
HSA-MIR-18A-5P,miRNA,GEFITINIB,DB00317,123631
HSA-MIR-18B-5P,miRNA,DOXORUBICIN,DB00997,31703
HSA-MIR-18B-5P,miRNA,IMATINIB,DB00619,5291
HSA-MIR-18B-5P,miRNA,TAMOXIFEN,DB00675,2733525
HSA-MIR-18B-5P,miRNA,CISPLATIN,DB00515,5460033
HSA-MIR-18B-5P,miRNA,GEMCITABINE,DB00441,60750
HSA-MIR-18B-5P,miRNA,FLUOROURACIL,DB00544,3385
HSA-MIR-18B-5P,miRNA,SORAFENIB,DB00398,216239
HSA-MIR-18B-5P,miRNA,DABRAFENIB,DB08912,44462760
HSA-MIR-18B-5P,miRNA,VEMURAFENIB,DB08881,42611257
HSA-MIR-18B-5P,miRNA,PACLITAXEL,DB01229,36314
HSA-MIR-18B-5P,miRNA,TRAMETINIB,DB08911,11707110
HSA-MIR-18B-5P,miRNA,OXALIPLATIN,DB00526,6857599
HSA-MIR-19,miRNA,ETOPOSIDE,DB00773,36462
HSA-MIR-19,miRNA,MITOXANTRONE,DB01204,4212
HSA-MIR-19,miRNA,PACLITAXEL,DB01229,36314
HSA-MIR-19,miRNA,SIROLIMUS,DB00877,5284616
HSA-MIR-1908-5P,miRNA,CISPLATIN,DB00515,5460033
HSA-MIR-1908-5P,miRNA,CARBOPLATIN,DB00958,38904
HSA-MIR-1908-5P,miRNA,DOXORUBICIN,DB00997,31703
HSA-MIR-1908-5P,miRNA,VINCRISTINE,DB00541,5978
HSA-MIR-1908-5P,miRNA,MITOMYCIN C,DB00305,5746
HSA-MIR-1908-5P,miRNA,OXALIPLATIN,DB00526,6857599
HSA-MIR-1908-5P,miRNA,VINORELBINE,DB00361,44424639
HSA-MIR-1908-5P,miRNA,PACLITAXEL,DB01229,36314
HSA-MIR-1908-5P,miRNA,FLUOROURACIL,DB00544,3385
HSA-MIR-1908-5P,miRNA,GEMCITABINE,DB00441,60750
HSA-MIR-1908-5P,miRNA,BORTEZOMIB,DB00188,387447
HSA-MIR-1908-5P,miRNA,TAMOXIFEN,DB00675,2733525
HSA-MIR-1908-5P,miRNA,VEMURAFENIB,DB08881,42611257
HSA-MIR-1908-5P,miRNA,DABRAFENIB,DB08912,44462760
HSA-MIR-1908-5P,miRNA,FULVESTRANT,DB00947,17756771
HSA-MIR-1909,miRNA,CERITINIB,DB09063,57379345
HSA-MIR-1909-3P,miRNA,OXALIPLATIN,DB00526,6857599
HSA-MIR-1909-3P,miRNA,FLUOROURACIL,DB00544,3385
HSA-MIR-1909-3P,miRNA,VEMURAFENIB,DB08881,42611257
HSA-MIR-1909-3P,miRNA,DABRAFENIB,DB08912,44462760
HSA-MIR-1909-3P,miRNA,PACLITAXEL,DB01229,36314
HSA-MIR-1909-3P,miRNA,FULVESTRANT,DB00947,17756771
HSA-MIR-1909-3P,miRNA,TAMOXIFEN,DB00675,2733525
HSA-MIR-1909-3P,miRNA,CERITINIB,DB09063,57379345
HSA-MIR-1909-3P,miRNA,CISPLATIN,DB00515,5460033
HSA-MIR-1909-5P,miRNA,CERITINIB,DB09063,57379345
HSA-MIR-190A,miRNA,CERITINIB,DB09063,57379345
HSA-MIR-190A-5P,miRNA,DOXORUBICIN,DB00997,31703
HSA-MIR-190A-5P,miRNA,VERAPAMIL,DB00661,2520
HSA-MIR-190A-5P,miRNA,CISPLATIN,DB00515,5460033
HSA-MIR-190A-5P,miRNA,FLUOROURACIL,DB00544,3385
HSA-MIR-190A-5P,miRNA,VINCRISTINE,DB00541,5978
HSA-MIR-190A-5P,miRNA,TAMOXIFEN,DB00675,2733525
HSA-MIR-190A-5P,miRNA,IMATINIB,DB00619,5291
HSA-MIR-190A-5P,miRNA,CERITINIB,DB09063,57379345
HSA-MIR-190A-5P,miRNA,SUNITINIB,DB01268,5329102
HSA-MIR-190A-5P,miRNA,OXALIPLATIN,DB00526,6857599
HSA-MIR-190B-5P,miRNA,DOCETAXEL,DB01248,148124
HSA-MIR-190B-5P,miRNA,GEMCITABINE,DB00441,60750
HSA-MIR-190B-5P,miRNA,TAMOXIFEN,DB00675,2733525
HSA-MIR-191,miRNA,CERITINIB,DB09063,57379345
HSA-MIR-191-3P,miRNA,DOXORUBICIN,DB00997,31703
HSA-MIR-191-3P,miRNA,PREDNISONE,DB00635,5865
HSA-MIR-191-3P,miRNA,VINCRISTINE,DB00541,5978
HSA-MIR-191-3P,miRNA,TAMOXIFEN,DB00675,2733525
HSA-MIR-191-3P,miRNA,GEMCITABINE,DB00441,60750
HSA-MIR-191-3P,miRNA,CISPLATIN,DB00515,5460033
HSA-MIR-191-5P,miRNA,DOXORUBICIN,DB00997,31703
HSA-MIR-191-5P,miRNA,OXALIPLATIN,DB00526,6857599
HSA-MIR-191-5P,miRNA,FLUOROURACIL,DB00544,3385
HSA-MIR-191-5P,miRNA,DOCETAXEL,DB01248,148124
HSA-MIR-191-5P,miRNA,GEMCITABINE,DB00441,60750
HSA-MIR-191-5P,miRNA,CISPLATIN,DB00515,5460033
HSA-MIR-191-5P,miRNA,DEXAMETHASONE,DB01234,5743
HSA-MIR-191-5P,miRNA,TAMOXIFEN,DB00675,2733525
HSA-MIR-191-5P,miRNA,PACLITAXEL,DB01229,36314
HSA-MIR-191-5P,miRNA,FULVESTRANT,DB00947,17756771
HSA-MIR-191-5P,miRNA,CERITINIB,DB09063,57379345
HSA-MIR-191-5P,miRNA,PANOBINOSTAT,DB06603,6918837
HSA-MIR-191-5P,miRNA,BORTEZOMIB,DB00188,387447
HSA-MIR-1910,miRNA,CISPLATIN,DB00515,5460033
HSA-MIR-1910,miRNA,CERITINIB,DB09063,57379345
HSA-MIR-1910-3P,miRNA,GEMCITABINE,DB00441,60750
HSA-MIR-1910-5P,miRNA,OXALIPLATIN,DB00526,6857599
HSA-MIR-1910-5P,miRNA,VEMURAFENIB,DB08881,42611257
HSA-MIR-1910-5P,miRNA,DABRAFENIB,DB08912,44462760
HSA-MIR-1910-5P,miRNA,CURCUMIN,DB11672,969516
HSA-MIR-1910-5P,miRNA,DOXORUBICIN,DB00997,31703
HSA-MIR-1910-5P,miRNA,PONATINIB,DB08901,24826799
HSA-MIR-1910-5P,miRNA,IMATINIB,DB00619,5291
HSA-MIR-1910-5P,miRNA,TAMOXIFEN,DB00675,2733525
HSA-MIR-1910-5P,miRNA,CERITINIB,DB09063,57379345
HSA-MIR-1910-5P,miRNA,PACLITAXEL,DB01229,36314
HSA-MIR-1911-3P,miRNA,DOXORUBICIN,DB00997,31703
HSA-MIR-1911-3P,miRNA,PACLITAXEL,DB01229,36314
HSA-MIR-1911-5P,miRNA,DOXORUBICIN,DB00997,31703
HSA-MIR-1913,miRNA,FLUOROURACIL,DB00544,3385
HSA-MIR-1913,miRNA,GEMCITABINE,DB00441,60750
HSA-MIR-1913,miRNA,CISPLATIN,DB00515,5460033
HSA-MIR-1913,miRNA,CERITINIB,DB09063,57379345
HSA-MIR-1914-3P,miRNA,FLUOROURACIL,DB00544,3385
HSA-MIR-1914-3P,miRNA,GEMCITABINE,DB00441,60750
HSA-MIR-1914-3P,miRNA,PLATINUM,DB12257,23939
HSA-MIR-1914-3P,miRNA,SORAFENIB,DB00398,216239
HSA-MIR-1914-3P,miRNA,CAPECITABINE,DB01101,60953
HSA-MIR-1914-3P,miRNA,OXALIPLATIN,DB00526,6857599
HSA-MIR-1914-5P,miRNA,FULVESTRANT,DB00947,17756771
HSA-MIR-1914-5P,miRNA,TRAMETINIB,DB08911,11707110
HSA-MIR-1914-5P,miRNA,VEMURAFENIB,DB08881,42611257
HSA-MIR-1914-5P,miRNA,SORAFENIB,DB00398,216239
HSA-MIR-1915-3P,miRNA,DOXORUBICIN,DB00997,31703
HSA-MIR-1915-3P,miRNA,FLUOROURACIL,DB00544,3385
HSA-MIR-1915-3P,miRNA,VINCRISTINE,DB00541,5978
HSA-MIR-1915-3P,miRNA,MITOMYCIN C,DB00305,5746
HSA-MIR-1915-3P,miRNA,OXALIPLATIN,DB00526,6857599
HSA-MIR-1915-3P,miRNA,CARBOPLATIN,DB00958,38904
HSA-MIR-1915-3P,miRNA,CISPLATIN,DB00515,5460033
HSA-MIR-1915-3P,miRNA,GEMCITABINE,DB00441,60750
HSA-MIR-1915-3P,miRNA,BORTEZOMIB,DB00188,387447
HSA-MIR-1915-3P,miRNA,IMATINIB,DB00619,5291
HSA-MIR-1915-3P,miRNA,PLATINUM,DB12257,23939
HSA-MIR-1915-3P,miRNA,CAPECITABINE,DB01101,60953
HSA-MIR-1915-3P,miRNA,VEMURAFENIB,DB08881,42611257
HSA-MIR-1915-3P,miRNA,DABRAFENIB,DB08912,44462760
HSA-MIR-1915-3P,miRNA,CURCUMIN,DB11672,969516
HSA-MIR-1915-3P,miRNA,PACLITAXEL,DB01229,36314
HSA-MIR-1915-3P,miRNA,FULVESTRANT,DB00947,17756771
HSA-MIR-1915-3P,miRNA,TRAMETINIB,DB08911,11707110
HSA-MIR-1915-5P,miRNA,DOXORUBICIN,DB00997,31703
HSA-MIR-191A-5P,miRNA,PREDNISONE,DB00635,5865
HSA-MIR-192,miRNA,TAMOXIFEN,DB00675,2733525
HSA-MIR-192,miRNA,CISPLATIN,DB00515,5460033
HSA-MIR-192,miRNA,CERITINIB,DB09063,57379345
HSA-MIR-192-3P,miRNA,VERAPAMIL,DB00661,2520
HSA-MIR-192-3P,miRNA,DOXORUBICIN,DB00997,31703
HSA-MIR-192-3P,miRNA,GEMCITABINE,DB00441,60750
HSA-MIR-192-3P,miRNA,PACLITAXEL,DB01229,36314
HSA-MIR-192-3P,miRNA,FLUOROURACIL,DB00544,3385
HSA-MIR-192-3P,miRNA,CISPLATIN,DB00515,5460033
HSA-MIR-192-5P,miRNA,DOXORUBICIN,DB00997,31703
HSA-MIR-192-5P,miRNA,DOCETAXEL,DB01248,148124
HSA-MIR-192-5P,miRNA,SORAFENIB,DB00398,216239
HSA-MIR-192-5P,miRNA,CISPLATIN,DB00515,5460033
HSA-MIR-192-5P,miRNA,PAROXETINE,DB00715,43815
HSA-MIR-192-5P,miRNA,SUNITINIB,DB01268,5329102
HSA-MIR-192-5P,miRNA,OXALIPLATIN,DB00526,6857599
HSA-MIR-192-5P,miRNA,PACLITAXEL,DB01229,36314
HSA-MIR-192-5P,miRNA,BORTEZOMIB,DB00188,387447
HSA-MIR-192-5P,miRNA,FLUOROURACIL,DB00544,3385
HSA-MIR-192-5P,miRNA,GEMCITABINE,DB00441,60750
HSA-MIR-192-5P,miRNA,PLX-4720,DB06999,24180719
HSA-MIR-192-5P,miRNA,IMATINIB,DB00619,5291
HSA-MIR-192-5P,miRNA,DABRAFENIB,DB08912,44462760
HSA-MIR-192-5P,miRNA,VEMURAFENIB,DB08881,42611257
HSA-MIR-192-5P,miRNA,ETOPOSIDE,DB00773,36462
HSA-MIR-192-5P,miRNA,CERITINIB,DB09063,57379345
HSA-MIR-192-5P,miRNA,PANOBINOSTAT,DB06603,6918837
HSA-MIR-192-5P,miRNA,TRAMETINIB,DB08911,11707110
HSA-MIR-192-5P,miRNA,GEFITINIB,DB00317,123631
HSA-MIR-192-5P,miRNA,CURCUMIN,DB11672,969516
HSA-MIR-192-5P,miRNA,METHOTREXATE,DB00563,126941
HSA-MIR-192-5P,miRNA,VINORELBINE,DB00361,44424639
HSA-MIR-192-5P,miRNA,VINCRISTINE,DB00541,5978
HSA-MIR-192-5P,miRNA,PLATINUM,DB12257,23939
HSA-MIR-193-3P,miRNA,FLUOROURACIL,DB00544,3385
HSA-MIR-193-5P,miRNA,DOXORUBICIN,DB00997,31703
HSA-MIR-193A,miRNA,CISPLATIN,DB00515,5460033
HSA-MIR-193A,miRNA,CERITINIB,DB09063,57379345
HSA-MIR-193A,miRNA,SORAFENIB,DB00398,216239
HSA-MIR-193A-3P,miRNA,DOXORUBICIN,DB00997,31703
HSA-MIR-193A-3P,miRNA,VERAPAMIL,DB00661,2520
HSA-MIR-193A-3P,miRNA,TEMOZOLOMIDE,DB00853,5394
HSA-MIR-193A-3P,miRNA,NAVITOCLAX,DB12340,24978538
HSA-MIR-193A-3P,miRNA,CISPLATIN,DB00515,5460033
HSA-MIR-193A-3P,miRNA,TAMOXIFEN,DB00675,2733525
HSA-MIR-193A-3P,miRNA,FLUOROURACIL,DB00544,3385
HSA-MIR-193A-3P,miRNA,PAROXETINE,DB00715,43815
HSA-MIR-193A-3P,miRNA,SUNITINIB,DB01268,5329102
HSA-MIR-193A-3P,miRNA,OXALIPLATIN,DB00526,6857599
HSA-MIR-193A-3P,miRNA,GEMCITABINE,DB00441,60750
HSA-MIR-193A-3P,miRNA,PACLITAXEL,DB01229,36314
HSA-MIR-193A-3P,miRNA,EPIRUBICIN HYDROCHLORIDE,NA,65348
HSA-MIR-193A-3P,miRNA,PIRARUBICIN,DB11616,11296583
HSA-MIR-193A-3P,miRNA,PLATINUM,DB12257,23939
HSA-MIR-193A-3P,miRNA,DOCETAXEL,DB01248,148124
HSA-MIR-193A-3P,miRNA,VINORELBINE,DB00361,44424639
HSA-MIR-193A-3P,miRNA,DABRAFENIB,DB08912,44462760
HSA-MIR-193A-3P,miRNA,VEMURAFENIB,DB08881,42611257
HSA-MIR-193A-3P,miRNA,CERITINIB,DB09063,57379345
HSA-MIR-193A-3P,miRNA,GEFITINIB,DB00317,123631
HSA-MIR-193A-3P,miRNA,YUANHUADINE,NA,6440572
HSA-MIR-193A-3P,miRNA,IMATINIB,DB00619,5291
HSA-MIR-193A-3P,miRNA,4-ACETYLANTROQUINONOL B,NA,112500518
HSA-MIR-193A-5P,miRNA,CISPLATIN,DB00515,5460033
HSA-MIR-193A-5P,miRNA,PLATINUM,DB12257,23939
HSA-MIR-193A-5P,miRNA,DABRAFENIB,DB08912,44462760
HSA-MIR-193A-5P,miRNA,VEMURAFENIB,DB08881,42611257
HSA-MIR-193A-5P,miRNA,TEMOZOLOMIDE,DB00853,5394
HSA-MIR-193A-5P,miRNA,DOCETAXEL,DB01248,148124
HSA-MIR-193A-5P,miRNA,CERITINIB,DB09063,57379345
HSA-MIR-193A-5P,miRNA,PACLITAXEL,DB01229,36314
HSA-MIR-193A-5P,miRNA,GEMCITABINE,DB00441,60750
HSA-MIR-193A-5P,miRNA,FLUOROURACIL,DB00544,3385
HSA-MIR-193A-5P,miRNA,OXALIPLATIN,DB00526,6857599
HSA-MIR-193A-5P,miRNA,ESTRADIOL,DB00783,5757
HSA-MIR-193A-P,miRNA,FULVESTRANT,DB00947,17756771
HSA-MIR-193B,miRNA,CERITINIB,DB09063,57379345
HSA-MIR-193B-3P,miRNA,DOXORUBICIN,DB00997,31703
HSA-MIR-193B-3P,miRNA,SORAFENIB,DB00398,216239
HSA-MIR-193B-3P,miRNA,CISPLATIN,DB00515,5460033
HSA-MIR-193B-3P,miRNA,METHOTREXATE,DB00563,126941
HSA-MIR-193B-3P,miRNA,ABT-737,DB17023,11228183
HSA-MIR-193B-3P,miRNA,TAMOXIFEN,DB00675,2733525
HSA-MIR-193B-3P,miRNA,CARBOPLATIN,DB00958,38904
HSA-MIR-193B-3P,miRNA,CYCLOPAMINE,NA,442972
HSA-MIR-193B-3P,miRNA,PACLITAXEL,DB01229,36314
HSA-MIR-193B-3P,miRNA,OXALIPLATIN,DB00526,6857599
HSA-MIR-193B-3P,miRNA,IMATINIB,DB00619,5291
HSA-MIR-193B-3P,miRNA,FLUOROURACIL,DB00544,3385
HSA-MIR-193B-3P,miRNA,DOCETAXEL,DB01248,148124
HSA-MIR-193B-3P,miRNA,PLATINUM,DB12257,23939
HSA-MIR-193B-3P,miRNA,PLX-4720,DB06999,24180719
HSA-MIR-193B-3P,miRNA,CERITINIB,DB09063,57379345
HSA-MIR-193B-3P,miRNA,TEMOZOLOMIDE,DB00853,5394
HSA-MIR-193B-3P,miRNA,GEMCITABINE,DB00441,60750
HSA-MIR-193B-3P,miRNA,GEFITINIB,DB00317,123631
HSA-MIR-193B-5P,miRNA,TEMOZOLOMIDE,DB00853,5394
HSA-MIR-193B-5P,miRNA,CARBOPLATIN,DB00958,38904
HSA-MIR-193B-5P,miRNA,CISPLATIN,DB00515,5460033
HSA-MIR-193B-5P,miRNA,DOXORUBICIN,DB00997,31703
HSA-MIR-193B-5P,miRNA,VINCRISTINE,DB00541,5978
HSA-MIR-193B-5P,miRNA,MITOMYCIN C,DB00305,5746
HSA-MIR-193B-5P,miRNA,PACLITAXEL,DB01229,36314
HSA-MIR-193B-5P,miRNA,FLUOROURACIL,DB00544,3385
HSA-MIR-193B-5P,miRNA,GEMCITABINE,DB00441,60750
HSA-MIR-193B-5P,miRNA,CERITINIB,DB09063,57379345
HSA-MIR-193B-5P,miRNA,CYCLOPHOSPHAMIDE,DB00531,2907
HSA-MIR-194-1,miRNA,CERITINIB,DB09063,57379345
HSA-MIR-194-3P,miRNA,CERITINIB,DB09063,57379345
HSA-MIR-194-3P,miRNA,FLUOROURACIL,DB00544,3385
HSA-MIR-194-3P,miRNA,GEMCITABINE,DB00441,60750
HSA-MIR-194-3P,miRNA,CISPLATIN,DB00515,5460033
HSA-MIR-194-5P,miRNA,DOXORUBICIN,DB00997,31703
HSA-MIR-194-5P,miRNA,DOCETAXEL,DB01248,148124
HSA-MIR-194-5P,miRNA,CISPLATIN,DB00515,5460033
HSA-MIR-194-5P,miRNA,PAROXETINE,DB00715,43815
HSA-MIR-194-5P,miRNA,CARBOPLATIN,DB00958,38904
HSA-MIR-194-5P,miRNA,VINCRISTINE,DB00541,5978
HSA-MIR-194-5P,miRNA,MITOMYCIN C,DB00305,5746
HSA-MIR-194-5P,miRNA,GEMCITABINE,DB00441,60750
HSA-MIR-194-5P,miRNA,EPIRUBICIN,DB00445,41867
HSA-MIR-194-5P,miRNA,PACLITAXEL,DB01229,36314
HSA-MIR-194-5P,miRNA,FLUOROURACIL,DB00544,3385
HSA-MIR-194-5P,miRNA,DABRAFENIB,DB08912,44462760
HSA-MIR-194-5P,miRNA,VEMURAFENIB,DB08881,42611257
HSA-MIR-194-5P,miRNA,SUNITINIB,DB01268,5329102
HSA-MIR-194-5P,miRNA,CERITINIB,DB09063,57379345
HSA-MIR-194-5P,miRNA,PANOBINOSTAT,DB06603,6918837
HSA-MIR-194-5P,miRNA,TRAMETINIB,DB08911,11707110
HSA-MIR-194-5P,miRNA,GEFITINIB,DB00317,123631
HSA-MIR-194-5P,miRNA,SORAFENIB,DB00398,216239
HSA-MIR-195,miRNA,TAMOXIFEN,DB00675,2733525
HSA-MIR-195-3P,miRNA,CISPLATIN,DB00515,5460033
HSA-MIR-195-5P,miRNA,DOXORUBICIN,DB00997,31703
HSA-MIR-195-5P,miRNA,TEMOZOLOMIDE,DB00853,5394
HSA-MIR-195-5P,miRNA,DOCETAXEL,DB01248,148124
HSA-MIR-195-5P,miRNA,FLUOROURACIL,DB00544,3385
HSA-MIR-195-5P,miRNA,CISPLATIN,DB00515,5460033
HSA-MIR-195-5P,miRNA,PACLITAXEL,DB01229,36314
HSA-MIR-195-5P,miRNA,GEMCITABINE,DB00441,60750
HSA-MIR-195-5P,miRNA,OXALIPLATIN,DB00526,6857599
HSA-MIR-195-5P,miRNA,IMATINIB,DB00619,5291
HSA-MIR-195-5P,miRNA,PREDNISOLONE,DB00860,5755
HSA-MIR-195-5P,miRNA,SORAFENIB,DB00398,216239
HSA-MIR-195-5P,miRNA,PLATINUM,DB12257,23939
HSA-MIR-195-5P,miRNA,VEMURAFENIB,DB08881,42611257
HSA-MIR-195-5P,miRNA,DABRAFENIB,DB08912,44462760
HSA-MIR-195-5P,miRNA,FULVESTRANT,DB00947,17756771
HSA-MIR-195-5P,miRNA,AZACITIDINE,DB00928,9444
HSA-MIR-195-5P,miRNA,ERIBULIN,DB08871,73425383
HSA-MIR-195-5P,miRNA,GEFITINIB,DB00317,123631
HSA-MIR-195-PRE,miRNA,IMATINIB,DB00619,5291
HSA-MIR-195A-5P,miRNA,CISPLATIN,DB00515,5460033
HSA-MIR-196,miRNA,CISPLATIN,DB00515,5460033
HSA-MIR-196A-2,miRNA,CERITINIB,DB09063,57379345
HSA-MIR-196A-2,miRNA,DABRAFENIB,DB08912,44462760
HSA-MIR-196A-3P,miRNA,TAMOXIFEN,DB00675,2733525
HSA-MIR-196A-3P,miRNA,CISPLATIN,DB00515,5460033
HSA-MIR-196A-3P,miRNA,CERITINIB,DB09063,57379345
HSA-MIR-196A-3P,miRNA,ETOPOSIDE,DB00773,36462
HSA-MIR-196A-3P,miRNA,DOXORUBICIN,DB00997,31703
HSA-MIR-196A-3P,miRNA,VINORELBINE,DB00361,44424639
HSA-MIR-196A-3P,miRNA,VINCRISTINE,DB00541,5978
HSA-MIR-196A-3P,miRNA,PACLITAXEL,DB01229,36314
HSA-MIR-196A-5P,miRNA,CISPLATIN,DB00515,5460033
HSA-MIR-196A-5P,miRNA,DOXORUBICIN,DB00997,31703
HSA-MIR-196A-5P,miRNA,VERAPAMIL,DB00661,2520
HSA-MIR-196A-5P,miRNA,SORAFENIB,DB00398,216239
HSA-MIR-196A-5P,miRNA,IMATINIB,DB00619,5291
HSA-MIR-196A-5P,miRNA,10-HYDROXYCAMPTOTHECIN,DB12385,97226
HSA-MIR-196A-5P,miRNA,TAMOXIFEN,DB00675,2733525
HSA-MIR-196A-5P,miRNA,FULVESTRANT,DB00947,17756771
HSA-MIR-196A-5P,miRNA,DOCETAXEL,DB01248,148124
HSA-MIR-196A-5P,miRNA,OXALIPLATIN,DB00526,6857599
HSA-MIR-196A-5P,miRNA,VEMURAFENIB,DB08881,42611257
HSA-MIR-196A-5P,miRNA,DABRAFENIB,DB08912,44462760
HSA-MIR-196A-5P,miRNA,CERITINIB,DB09063,57379345
HSA-MIR-196A-5P,miRNA,GEFITINIB,DB00317,123631
HSA-MIR-196A-5P,miRNA,YUANHUADINE,NA,6440572
HSA-MIR-196A-5P,miRNA,PACLITAXEL,DB01229,36314
HSA-MIR-196A-5P,miRNA,TRAMETINIB,DB08911,11707110
HSA-MIR-196A-5P,miRNA,GEMCITABINE,DB00441,60750
HSA-MIR-196A1,miRNA,OXALIPLATIN,DB00526,6857599
HSA-MIR-196B,miRNA,CISPLATIN,DB00515,5460033
HSA-MIR-196B,miRNA,SORAFENIB,DB00398,216239
HSA-MIR-196B-3P,miRNA,DOCETAXEL,DB01248,148124
HSA-MIR-196B-5P,miRNA,DOXORUBICIN,DB00997,31703
HSA-MIR-196B-5P,miRNA,VERAPAMIL,DB00661,2520
HSA-MIR-196B-5P,miRNA,10-HYDROXYCAMPTOTHECIN,DB12385,97226
HSA-MIR-196B-5P,miRNA,CAPECITABINE,DB01101,60953
HSA-MIR-196B-5P,miRNA,FLUOROURACIL,DB00544,3385
HSA-MIR-196B-5P,miRNA,OXALIPLATIN,DB00526,6857599
HSA-MIR-196B-5P,miRNA,DOCETAXEL,DB01248,148124
HSA-MIR-196B-5P,miRNA,GEMCITABINE,DB00441,60750
HSA-MIR-196B-5P,miRNA,ETOPOSIDE,DB00773,36462
HSA-MIR-196B-5P,miRNA,SUNITINIB,DB01268,5329102
HSA-MIR-196B-5P,miRNA,CISPLATIN,DB00515,5460033
HSA-MIR-196B-5P,miRNA,PACLITAXEL,DB01229,36314
HSA-MIR-196B-5P,miRNA,TAMOXIFEN,DB00675,2733525
HSA-MIR-196B-5P,miRNA,TENIPOSIDE,DB00444,452548
HSA-MIR-196B-5P,miRNA,TRAMETINIB,DB08911,11707110
HSA-MIR-196B-5P,miRNA,VEMURAFENIB,DB08881,42611257
HSA-MIR-196B-5P,miRNA,TEMOZOLOMIDE,DB00853,5394
HSA-MIR-196B-5P,miRNA,DABRAFENIB,DB08912,44462760
HSA-MIR-197,miRNA,CISPLATIN,DB00515,5460033
HSA-MIR-197-3P,miRNA,PACLITAXEL,DB01229,36314
HSA-MIR-197-3P,miRNA,ETOPOSIDE,DB00773,36462
HSA-MIR-197-3P,miRNA,DOCETAXEL,DB01248,148124
HSA-MIR-197-3P,miRNA,TAMOXIFEN,DB00675,2733525
HSA-MIR-197-3P,miRNA,ERLOTINIB,DB00530,176870
HSA-MIR-197-3P,miRNA,CISPLATIN,DB00515,5460033
HSA-MIR-197-3P,miRNA,DOXORUBICIN,DB00997,31703
HSA-MIR-197-3P,miRNA,FLUOROURACIL,DB00544,3385
HSA-MIR-197-3P,miRNA,VINCRISTINE,DB00541,5978
HSA-MIR-197-3P,miRNA,OXALIPLATIN,DB00526,6857599
HSA-MIR-197-3P,miRNA,VINORELBINE,DB00361,44424639
HSA-MIR-197-3P,miRNA,TAXOL,DB01229,36314
HSA-MIR-197-3P,miRNA,PLATINUM,DB12257,23939
HSA-MIR-197-3P,miRNA,MITOXANTRONE,DB01204,4212
HSA-MIR-197-3P,miRNA,EPIRUBICIN,DB00445,41867
HSA-MIR-197-3P,miRNA,SUNITINIB,DB01268,5329102
HSA-MIR-197-3P,miRNA,TRAMETINIB,DB08911,11707110
HSA-MIR-197-3P,miRNA,VEMURAFENIB,DB08881,42611257
HSA-MIR-197-3P,miRNA,GEFITINIB,DB00317,123631
HSA-MIR-197-3P,miRNA,GEMCITABINE,DB00441,60750
HSA-MIR-197-3P,miRNA,DABRAFENIB,DB08912,44462760
HSA-MIR-197-3P,miRNA,CELASTROL,NA,12302620
HSA-MIR-197-3P,miRNA,BORTEZOMIB,DB00188,387447
HSA-MIR-197-5P,miRNA,PLATINUM,DB12257,23939
HSA-MIR-197-5P,miRNA,CISPLATIN,DB00515,5460033
HSA-MIR-197-5P,miRNA,PACLITAXEL,DB01229,36314
HSA-MIR-1972,miRNA,FLUOROURACIL,DB00544,3385
HSA-MIR-1972,miRNA,GEMCITABINE,DB00441,60750
HSA-MIR-1972,miRNA,DABRAFENIB,DB08912,44462760
HSA-MIR-1972,miRNA,VEMURAFENIB,DB08881,42611257
HSA-MIR-1972,miRNA,DOXORUBICIN,DB00997,31703
HSA-MIR-1972,miRNA,CURCUMIN,DB11672,969516
HSA-MIR-1972,miRNA,FULVESTRANT,DB00947,17756771
HSA-MIR-1972,miRNA,TRAMETINIB,DB08911,11707110
HSA-MIR-1972,miRNA,CISPLATIN,DB00515,5460033
HSA-MIR-1972,miRNA,APICIDIN,NA,6918328
HSA-MIR-1972,miRNA,VORINOSTAT,DB02546,5311
HSA-MIR-1973,miRNA,CISPLATIN,DB00515,5460033
HSA-MIR-1973,miRNA,PACLITAXEL,DB01229,36314
HSA-MIR-1973,miRNA,IMATINIB,DB00619,5291
HSA-MIR-1973,miRNA,VEMURAFENIB,DB08881,42611257
HSA-MIR-1973,miRNA,TRAMETINIB,DB08911,11707110
HSA-MIR-1973,miRNA,PALBOCICLIB,DB09073,5330286
HSA-MIR-1973,miRNA,GEMCITABINE,DB00441,60750
HSA-MIR-1975,miRNA,CISPLATIN,DB00515,5460033
HSA-MIR-1976,miRNA,FLUOROURACIL,DB00544,3385
HSA-MIR-1976,miRNA,GEMCITABINE,DB00441,60750
HSA-MIR-1976,miRNA,DOXORUBICIN,DB00997,31703
HSA-MIR-1976,miRNA,TRAMETINIB,DB08911,11707110
HSA-MIR-1976,miRNA,VEMURAFENIB,DB08881,42611257
HSA-MIR-1979,miRNA,CISPLATIN,DB00515,5460033
HSA-MIR-1979,miRNA,TAMOXIFEN,DB00675,2733525
HSA-MIR-198,miRNA,CAPECITABINE,DB01101,60953
HSA-MIR-198,miRNA,CISPLATIN,DB00515,5460033
HSA-MIR-198,miRNA,ETOPOSIDE,DB00773,36462
HSA-MIR-198,miRNA,OXALIPLATIN,DB00526,6857599
HSA-MIR-198,miRNA,PLATINUM,DB12257,23939
HSA-MIR-198,miRNA,TAMOXIFEN,DB00675,2733525
HSA-MIR-198,miRNA,FLUOROURACIL,DB00544,3385
HSA-MIR-198,miRNA,TEMOZOLOMIDE,DB00853,5394
HSA-MIR-199,miRNA,CISPLATIN,DB00515,5460033
HSA-MIR-199,miRNA,DOXORUBICIN,DB00997,31703
HSA-MIR-199,miRNA,FLUOROURACIL,DB00544,3385
HSA-MIR-199A-1,miRNA,DABRAFENIB,DB08912,44462760
HSA-MIR-199A-2,miRNA,DABRAFENIB,DB08912,44462760
HSA-MIR-199A-3P,miRNA,DOXORUBICIN,DB00997,31703
HSA-MIR-199A-3P,miRNA,PLATINUM,DB12257,23939
HSA-MIR-199A-3P,miRNA,CISPLATIN,DB00515,5460033
HSA-MIR-199A-3P,miRNA,DABRAFENIB,DB08912,44462760
HSA-MIR-199A-3P,miRNA,VEMURAFENIB,DB08881,42611257
HSA-MIR-199A-3P,miRNA,AZACITIDINE,DB00928,9444
HSA-MIR-199A-3P,miRNA,CARBOPLATIN,DB00958,38904
HSA-MIR-199A-3P,miRNA,TAXOL,DB01229,36314
HSA-MIR-199A-3P+HSA-MIR-199B-3P,miRNA,TRAMETINIB,DB08911,11707110
HSA-MIR-199A-3P+HSA-MIR-199B-3P,miRNA,VEMURAFENIB,DB08881,42611257
HSA-MIR-199A-5P,miRNA,DOXORUBICIN,DB00997,31703
HSA-MIR-199A-5P,miRNA,PACLITAXEL,DB01229,36314
HSA-MIR-199A-5P,miRNA,VERAPAMIL,DB00661,2520
HSA-MIR-199A-5P,miRNA,DOCETAXEL,DB01248,148124
HSA-MIR-199A-5P,miRNA,CISPLATIN,DB00515,5460033
HSA-MIR-199A-5P,miRNA,TRICHOSTATIN A,DB04297,444732
HSA-MIR-199A-5P,miRNA,SUNITINIB,DB01268,5329102
HSA-MIR-199A-5P,miRNA,VINORELBINE,DB00361,44424639
HSA-MIR-199A-5P,miRNA,TAMOXIFEN,DB00675,2733525
HSA-MIR-199A-5P,miRNA,VINCRISTINE,DB00541,5978
HSA-MIR-199A-5P,miRNA,PLATINUM,DB12257,23939
HSA-MIR-199A-5P,miRNA,IMATINIB,DB00619,5291
HSA-MIR-199A-5P,miRNA,GEMCITABINE,DB00441,60750
HSA-MIR-199A-5P,miRNA,SORAFENIB,DB00398,216239
HSA-MIR-199A-5P,miRNA,FLUOROURACIL,DB00544,3385
HSA-MIR-199A-5P,miRNA,TEMOZOLOMIDE,DB00853,5394
HSA-MIR-199A-5P,miRNA,METHOTREXATE,DB00563,126941
HSA-MIR-199A-5P,miRNA,SN-38,NA,104842
HSA-MIR-199A-5P,miRNA,TOPOTECAN,DB01030,60699
HSA-MIR-199A-5P,miRNA,OXALIPLATIN,DB00526,6857599
HSA-MIR-199A-5P,miRNA,CELASTROL,NA,12302620
HSA-MIR-199A-5P,miRNA,TAXOL,DB01229,36314
HSA-MIR-199B-3P,miRNA,CISPLATIN,DB00515,5460033
HSA-MIR-199B-3P,miRNA,VEMURAFENIB,DB08881,42611257
HSA-MIR-199B-3P,miRNA,DABRAFENIB,DB08912,44462760
HSA-MIR-199B-3P,miRNA,PLATINUM,DB12257,23939
HSA-MIR-199B-3P,miRNA,DOXORUBICIN,DB00997,31703
HSA-MIR-199B-3P,miRNA,TEMOZOLOMIDE,DB00853,5394
HSA-MIR-199B-5P,miRNA,DOXORUBICIN,DB00997,31703
HSA-MIR-199B-5P,miRNA,VERAPAMIL,DB00661,2520
HSA-MIR-199B-5P,miRNA,CISPLATIN,DB00515,5460033
HSA-MIR-199B-5P,miRNA,OXALIPLATIN,DB00526,6857599
HSA-MIR-199B-5P,miRNA,VINORELBINE,DB00361,44424639
HSA-MIR-199B-5P,miRNA,IMATINIB,DB00619,5291
HSA-MIR-199B-5P,miRNA,PLATINUM,DB12257,23939
HSA-MIR-199B-5P,miRNA,TAMOXIFEN,DB00675,2733525
HSA-MIR-199B-5P,miRNA,TRAMETINIB,DB08911,11707110
HSA-MIR-199B-5P,miRNA,VEMURAFENIB,DB08881,42611257
HSA-MIR-199B-5P,miRNA,PACLITAXEL,DB01229,36314
HSA-MIR-199B-5P,miRNA,SORAFENIB,DB00398,216239
HSA-MIR-199B-5P,miRNA,GEMCITABINE,DB00441,60750
HSA-MIR-199B-5P,miRNA,FLUOROURACIL,DB00544,3385
HSA-MIR-199B-5P,miRNA,DABRAFENIB,DB08912,44462760
HSA-MIR-199B*,miRNA,DAUNORUBICIN,DB00694,30323
HSA-MIR-199B*,miRNA,VINCRISTINE,DB00541,5978
HSA-MIR-199B*,miRNA,PREDNISOLONE,DB00860,5755
HSA-MIR-19A-3P,miRNA,DOXORUBICIN,DB00997,31703
HSA-MIR-19A-3P,miRNA,VERAPAMIL,DB00661,2520
HSA-MIR-19A-3P,miRNA,CISPLATIN,DB00515,5460033
HSA-MIR-19A-3P,miRNA,TAMOXIFEN,DB00675,2733525
HSA-MIR-19A-3P,miRNA,VINCRISTINE,DB00541,5978
HSA-MIR-19A-3P,miRNA,CARBOPLATIN,DB00958,38904
HSA-MIR-19A-3P,miRNA,GEMCITABINE,DB00441,60750
HSA-MIR-19A-3P,miRNA,PACLITAXEL,DB01229,36314
HSA-MIR-19A-3P,miRNA,EPIRUBICIN,DB00445,41867
HSA-MIR-19A-3P,miRNA,BORTEZOMIB,DB00188,387447
HSA-MIR-19A-3P,miRNA,DEXAMETHASONE,DB01234,5743
HSA-MIR-19A-3P,miRNA,PLATINUM,DB12257,23939
HSA-MIR-19A-3P,miRNA,VEMURAFENIB,DB08881,42611257
HSA-MIR-19A-3P,miRNA,DABRAFENIB,DB08912,44462760
HSA-MIR-19A-3P,miRNA,GEFITINIB,DB00317,123631
HSA-MIR-19A-3P,miRNA,FULVESTRANT,DB00947,17756771
HSA-MIR-19A-3P,miRNA,FLUOROURACIL,DB00544,3385
HSA-MIR-19A-3P,miRNA,SORAFENIB,DB00398,216239
HSA-MIR-19A-3P,miRNA,TRAMETINIB,DB08911,11707110
HSA-MIR-19A-3P,miRNA,OXALIPLATIN,DB00526,6857599
HSA-MIR-19A-3P,miRNA,METFORMIN,DB00331,4091
HSA-MIR-19A-3P,miRNA,TEMOZOLOMIDE,DB00853,5394
HSA-MIR-19A-5P,miRNA,IMATINIB,DB00619,5291
HSA-MIR-19A-5P,miRNA,FLUOROURACIL,DB00544,3385
HSA-MIR-19A-5P,miRNA,OXALIPLATIN,DB00526,6857599
HSA-MIR-19B-1,miRNA,CISPLATIN,DB00515,5460033
HSA-MIR-19B-1,miRNA,TAXANE,NA,9548828
HSA-MIR-19B-1,miRNA,SORAFENIB,DB00398,216239
HSA-MIR-19B-1-5P,miRNA,DOXORUBICIN,DB00997,31703
HSA-MIR-19B-1-5P,miRNA,VERAPAMIL,DB00661,2520
HSA-MIR-19B-1-5P,miRNA,FLUOROURACIL,DB00544,3385
HSA-MIR-19B-1-5P,miRNA,GEMCITABINE,DB00441,60750
HSA-MIR-19B-1-5P,miRNA,SORAFENIB,DB00398,216239
HSA-MIR-19B-1-5P,miRNA,IMATINIB,DB00619,5291
HSA-MIR-19B-1-5P,miRNA,PONATINIB,DB08901,24826799
HSA-MIR-19B-1-5P,miRNA,ETOPOSIDE,DB00773,36462
HSA-MIR-19B-1-5P,miRNA,VINORELBINE,DB00361,44424639
HSA-MIR-19B-1-5P,miRNA,VINCRISTINE,DB00541,5978
HSA-MIR-19B-1-5P,miRNA,PACLITAXEL,DB01229,36314
HSA-MIR-19B-3P,miRNA,DOXORUBICIN,DB00997,31703
HSA-MIR-19B-3P,miRNA,VERAPAMIL,DB00661,2520
HSA-MIR-19B-3P,miRNA,ETOPOSIDE,DB00773,36462
HSA-MIR-19B-3P,miRNA,CISPLATIN,DB00515,5460033
HSA-MIR-19B-3P,miRNA,10-HYDROXYCAMPTOTHECIN,DB12385,97226
HSA-MIR-19B-3P,miRNA,TAMOXIFEN,DB00675,2733525
HSA-MIR-19B-3P,miRNA,FLUOROURACIL,DB00544,3385
HSA-MIR-19B-3P,miRNA,VINCRISTINE,DB00541,5978
HSA-MIR-19B-3P,miRNA,GEMCITABINE,DB00441,60750
HSA-MIR-19B-3P,miRNA,PACLITAXEL,DB01229,36314
HSA-MIR-19B-3P,miRNA,TAXANE,NA,9548828
HSA-MIR-19B-3P,miRNA,DEXAMETHASONE,DB01234,5743
HSA-MIR-19B-3P,miRNA,PLATINUM,DB12257,23939
HSA-MIR-19B-3P,miRNA,VEMURAFENIB,DB08881,42611257
HSA-MIR-19B-3P,miRNA,OXALIPLATIN,DB00526,6857599
HSA-MIR-19B-3P,miRNA,DAUNORUBICIN,DB00694,30323
HSA-MIR-19B-3P,miRNA,SARACATINIB,DB11805,10302451
HSA-MIR-19B-3P,miRNA,TRAMETINIB,DB08911,11707110
HSA-MIR-19B-3P,miRNA,TEMOZOLOMIDE,DB00853,5394
HSA-MIR-19B-3P,miRNA,SORAFENIB,DB00398,216239
HSA-MIR-19B-3P,miRNA,BORTEZOMIB,DB00188,387447
HSA-MIR-19B-3P,miRNA,APITOLISIB,DB12180,25254071
HSA-MIR-19C,miRNA,GEMCITABINE,DB00441,60750
HSA-MIR-1B-1,miRNA,CISPLATIN,DB00515,5460033
HSA-MIR-200,miRNA,TAMOXIFEN,DB00675,2733525
HSA-MIR-200,miRNA,GEMCITABINE,DB00441,60750
HSA-MIR-200,miRNA,ERLOTINIB,DB00530,176870
HSA-MIR-200,miRNA,CARBOPLATIN,DB00958,38904
HSA-MIR-200,miRNA,PACLITAXEL,DB01229,36314
HSA-MIR-200,miRNA,CYCLOPHOSPHAMIDE,DB00531,2907
HSA-MIR-200,miRNA,GEFITINIB,DB00317,123631
HSA-MIR-200,miRNA,SELUMETINIB,DB11689,10127622
HSA-MIR-200-5P,miRNA,ESTRADIOL,DB00783,5757
HSA-MIR-200A-3P,miRNA,DOXORUBICIN,DB00997,31703
HSA-MIR-200A-3P,miRNA,VERAPAMIL,DB00661,2520
HSA-MIR-200A-3P,miRNA,CISPLATIN,DB00515,5460033
HSA-MIR-200A-3P,miRNA,10-HYDROXYCAMPTOTHECIN,DB12385,97226
HSA-MIR-200A-3P,miRNA,TAMOXIFEN,DB00675,2733525
HSA-MIR-200A-3P,miRNA,CURCUMIN,DB11672,969516
HSA-MIR-200A-3P,miRNA,PACLITAXEL,DB01229,36314
HSA-MIR-200A-3P,miRNA,ERLOTINIB,DB00530,176870
HSA-MIR-200A-3P,miRNA,"N-[(2R)-2,3-DIHYDROXYPROPOXY]-3,4-DIFLUORO-2-[(2-FLUORO-4-IODOPHENYL)AMINO]BENZAMIDE",NA,9826528
HSA-MIR-200A-3P,miRNA,OXALIPLATIN,DB00526,6857599
HSA-MIR-200A-3P,miRNA,GEMCITABINE,DB00441,60750
HSA-MIR-200A-3P,miRNA,DOCETAXEL,DB01248,148124
HSA-MIR-200A-3P,miRNA,FLUOROURACIL,DB00544,3385
HSA-MIR-200A-3P,miRNA,VINCRISTINE,DB00541,5978
HSA-MIR-200A-3P,miRNA,EPOXOMICIN,NA,11226684
HSA-MIR-200A-3P,miRNA,GEFITINIB,DB00317,123631
HSA-MIR-200A-3P,miRNA,NINTEDANIB,DB09079,9809715
HSA-MIR-200A-3P,miRNA,SU11274,NA,9549297
HSA-MIR-200A-3P,miRNA,METFORMIN,DB00331,4091
HSA-MIR-200A-3P,miRNA,SUNITINIB,DB01268,5329102
HSA-MIR-200A-3P,miRNA,OSIMERTINIB,DB09330,71496458
HSA-MIR-200A-5P,miRNA,DOXORUBICIN,DB00997,31703
HSA-MIR-200A-5P,miRNA,CISPLATIN,DB00515,5460033
HSA-MIR-200A-5P,miRNA,FLUOROURACIL,DB00544,3385
HSA-MIR-200A-5P,miRNA,GEMCITABINE,DB00441,60750
HSA-MIR-200A-PRE,miRNA,PONATINIB,DB08901,24826799
HSA-MIR-200A-PRE,miRNA,IMATINIB,DB00619,5291
HSA-MIR-200B-3P,miRNA,GEMCITABINE,DB00441,60750
HSA-MIR-200B-3P,miRNA,DOXORUBICIN,DB00997,31703
HSA-MIR-200B-3P,miRNA,DOCETAXEL,DB01248,148124
HSA-MIR-200B-3P,miRNA,CISPLATIN,DB00515,5460033
HSA-MIR-200B-3P,miRNA,10-HYDROXYCAMPTOTHECIN,DB12385,97226
HSA-MIR-200B-3P,miRNA,TAMOXIFEN,DB00675,2733525
HSA-MIR-200B-3P,miRNA,VINCRISTINE,DB00541,5978
HSA-MIR-200B-3P,miRNA,ERLOTINIB,DB00530,176870
HSA-MIR-200B-3P,miRNA,FULVESTRANT,DB00947,17756771
HSA-MIR-200B-3P,miRNA,CURCUMIN,DB11672,969516
HSA-MIR-200B-3P,miRNA,"N-[(2R)-2,3-DIHYDROXYPROPOXY]-3,4-DIFLUORO-2-[(2-FLUORO-4-IODOPHENYL)AMINO]BENZAMIDE",NA,9826528
HSA-MIR-200B-3P,miRNA,OXALIPLATIN,DB00526,6857599
HSA-MIR-200B-3P,miRNA,FLUOROURACIL,DB00544,3385
HSA-MIR-200B-3P,miRNA,CELASTROL,NA,12302620
HSA-MIR-200B-3P,miRNA,ETOPOSIDE,DB00773,36462
HSA-MIR-200B-3P,miRNA,PACLITAXEL,DB01229,36314
HSA-MIR-200B-3P,miRNA,EPOXOMICIN,NA,11226684
HSA-MIR-200B-3P,miRNA,PLATINUM,DB12257,23939
HSA-MIR-200B-3P,miRNA,NINTEDANIB,DB09079,9809715
HSA-MIR-200B-3P,miRNA,GEFITINIB,DB00317,123631
HSA-MIR-200B-3P,miRNA,TAXANE,NA,9548828
HSA-MIR-200B-5P,miRNA,PACLITAXEL,DB01229,36314
HSA-MIR-200B-5P,miRNA,GEMCITABINE,DB00441,60750
HSA-MIR-200B-5P,miRNA,FLUOROURACIL,DB00544,3385
HSA-MIR-200B-5P,miRNA,CISPLATIN,DB00515,5460033
HSA-MIR-200C,miRNA,CISPLATIN,DB00515,5460033
HSA-MIR-200C,miRNA,SORAFENIB,DB00398,216239
HSA-MIR-200C-3P,miRNA,DOXORUBICIN,DB00997,31703
HSA-MIR-200C-3P,miRNA,VERAPAMIL,DB00661,2520
HSA-MIR-200C-3P,miRNA,EPOTHILONE B,NA,57336519
HSA-MIR-200C-3P,miRNA,VINCRISTINE,DB00541,5978
HSA-MIR-200C-3P,miRNA,PACLITAXEL,DB01229,36314
HSA-MIR-200C-3P,miRNA,GEMCITABINE,DB00441,60750
HSA-MIR-200C-3P,miRNA,CISPLATIN,DB00515,5460033
HSA-MIR-200C-3P,miRNA,FLUOROURACIL,DB00544,3385
HSA-MIR-200C-3P,miRNA,DAUNORUBICIN,DB00694,30323
HSA-MIR-200C-3P,miRNA,PREDNISOLONE,DB00860,5755
HSA-MIR-200C-3P,miRNA,10-HYDROXYCAMPTOTHECIN,DB12385,97226
HSA-MIR-200C-3P,miRNA,TAMOXIFEN,DB00675,2733525
HSA-MIR-200C-3P,miRNA,ERLOTINIB,DB00530,176870
HSA-MIR-200C-3P,miRNA,CYCLOPAMINE,NA,442972
HSA-MIR-200C-3P,miRNA,U0126,NA,3006531
HSA-MIR-200C-3P,miRNA,PLX-4720,DB06999,24180719
HSA-MIR-200C-3P,miRNA,DOCETAXEL,DB01248,148124
HSA-MIR-200C-3P,miRNA,FULVESTRANT,DB00947,17756771
HSA-MIR-200C-3P,miRNA,"N-[(2R)-2,3-DIHYDROXYPROPOXY]-3,4-DIFLUORO-2-[(2-FLUORO-4-IODOPHENYL)AMINO]BENZAMIDE",NA,9826528
HSA-MIR-200C-3P,miRNA,OXALIPLATIN,DB00526,6857599
HSA-MIR-200C-3P,miRNA,SORAFENIB,DB00398,216239
HSA-MIR-200C-3P,miRNA,IMATINIB,DB00619,5291
HSA-MIR-200C-3P,miRNA,TETRAHYDROPALMATINE,DB12093,72301
HSA-MIR-200C-3P,miRNA,GEFITINIB,DB00317,123631
HSA-MIR-200C-3P,miRNA,EPOXOMICIN,NA,11226684
HSA-MIR-200C-3P,miRNA,CARBOPLATIN,DB00958,38904
HSA-MIR-200C-3P,miRNA,DEXAMETHASONE,DB01234,5743
HSA-MIR-200C-3P,miRNA,PLATINUM,DB12257,23939
HSA-MIR-200C-3P,miRNA,NINTEDANIB,DB09079,9809715
HSA-MIR-200C-3P,miRNA,METHOTREXATE,DB00563,126941
HSA-MIR-200C-3P,miRNA,CRIZOTINIB,DB08865,11626560
HSA-MIR-200C-3P,miRNA,TAXANE,NA,9548828
HSA-MIR-200C-3P,miRNA,DABRAFENIB,DB08912,44462760
HSA-MIR-200C-3P,miRNA,VEMURAFENIB,DB08881,42611257
HSA-MIR-200C-3P,miRNA,BI853520,NA,46207957
HSA-MIR-200C-3P,miRNA,OLAPARIB,DB09074,23725625
HSA-MIR-200C-3P,miRNA,ANTHRACYCLINE,DB00694,30323
HSA-MIR-200C-3P,miRNA,TAXOL,DB01229,36314
HSA-MIR-200C-3P,miRNA,CYCLOPHOSPHAMIDE,DB00531,2907
HSA-MIR-200C-3P,miRNA,OSIMERTINIB,DB09330,71496458
HSA-MIR-200C-5P,miRNA,VINORELBINE,DB00361,44424639
HSA-MIR-200C-5P,miRNA,FLUOROURACIL,DB00544,3385
HSA-MIR-200C-5P,miRNA,GEMCITABINE,DB00441,60750
HSA-MIR-200C-5P,miRNA,GEFITINIB,DB00317,123631
HSA-MIR-202-3P,miRNA,CISPLATIN,DB00515,5460033
HSA-MIR-202-3P,miRNA,ETOPOSIDE,DB00773,36462
HSA-MIR-202-3P,miRNA,BORTEZOMIB,DB00188,387447
HSA-MIR-202-3P,miRNA,DOXORUBICIN,DB00997,31703
HSA-MIR-202-3P,miRNA,PLATINUM,DB12257,23939
HSA-MIR-202-3P,miRNA,IMATINIB,DB00619,5291
HSA-MIR-202-3P,miRNA,TRAMETINIB,DB08911,11707110
HSA-MIR-202-3P,miRNA,VEMURAFENIB,DB08881,42611257
HSA-MIR-202-3P,miRNA,FLUOROURACIL,DB00544,3385
HSA-MIR-202-5P,miRNA,OXALIPLATIN,DB00526,6857599
HSA-MIR-202-5P,miRNA,DOXORUBICIN,DB00997,31703
HSA-MIR-202-5P,miRNA,IMATINIB,DB00619,5291
HSA-MIR-202-5P,miRNA,CISPLATIN,DB00515,5460033
HSA-MIR-203A-3P,miRNA,DOXORUBICIN,DB00997,31703
HSA-MIR-203A-3P,miRNA,TAMOXIFEN,DB00675,2733525
HSA-MIR-203A-3P,miRNA,DAUNORUBICIN,DB00694,30323
HSA-MIR-203A-3P,miRNA,PREDNISOLONE,DB00860,5755
HSA-MIR-203A-3P,miRNA,VINCRISTINE,DB00541,5978
HSA-MIR-203A-3P,miRNA,PACLITAXEL,DB01229,36314
HSA-MIR-203A-3P,miRNA,DOCETAXEL,DB01248,148124
HSA-MIR-203A-3P,miRNA,CISPLATIN,DB00515,5460033
HSA-MIR-203A-3P,miRNA,IMATINIB,DB00619,5291
HSA-MIR-203A-3P,miRNA,FLUOROURACIL,DB00544,3385
HSA-MIR-203A-3P,miRNA,GEMCITABINE,DB00441,60750
HSA-MIR-203A-3P,miRNA,OXALIPLATIN,DB00526,6857599
HSA-MIR-203A-3P,miRNA,AG-1478,NA,2051
HSA-MIR-203A-3P,miRNA,CANERTINIB HCL,NA,156413
HSA-MIR-203A-3P,miRNA,TEMOZOLOMIDE,DB00853,5394
HSA-MIR-203A-3P,miRNA,CURCUMIN,DB11672,969516
HSA-MIR-203A-3P,miRNA,FULVESTRANT,DB00947,17756771
HSA-MIR-203A-3P,miRNA,SUNITINIB,DB01268,5329102
HSA-MIR-203A-3P,miRNA,GEFITINIB,DB00317,123631
HSA-MIR-203A-3P,miRNA,METHOTREXATE,DB00563,126941
HSA-MIR-203A-3P,miRNA,OSIMERTINIB,DB09330,71496458
HSA-MIR-203A-3P,miRNA,APITOLISIB,DB12180,25254071
HSA-MIR-203B-3P,miRNA,GEMCITABINE,DB00441,60750
HSA-MIR-203B-3P,miRNA,FLUOROURACIL,DB00544,3385
HSA-MIR-203B-5P,miRNA,OSIMERTINIB,DB09330,71496458
HSA-MIR-204,miRNA,CERITINIB,DB09063,57379345
HSA-MIR-204-3P,miRNA,VEMURAFENIB,DB08881,42611257
HSA-MIR-204-3P,miRNA,DABRAFENIB,DB08912,44462760
HSA-MIR-204-3P,miRNA,DOCETAXEL,DB01248,148124
HSA-MIR-204-5P,miRNA,PACLITAXEL,DB01229,36314
HSA-MIR-204-5P,miRNA,GEMCITABINE,DB00441,60750
HSA-MIR-204-5P,miRNA,CISPLATIN,DB00515,5460033
HSA-MIR-204-5P,miRNA,FLUOROURACIL,DB00544,3385
HSA-MIR-204-5P,miRNA,OXALIPLATIN,DB00526,6857599
HSA-MIR-204-5P,miRNA,CYCLOPHOSPHAMIDE,DB00531,2907
HSA-MIR-204-5P,miRNA,EPIRUBICIN,DB00445,41867
HSA-MIR-204-5P,miRNA,DOXORUBICIN,DB00997,31703
HSA-MIR-204-5P,miRNA,ETOPOSIDE,DB00773,36462
HSA-MIR-204-5P,miRNA,SUNITINIB,DB01268,5329102
HSA-MIR-204-5P,miRNA,PLATINUM,DB12257,23939
HSA-MIR-204-5P,miRNA,DOCETAXEL,DB01248,148124
HSA-MIR-204-5P,miRNA,DABRAFENIB,DB08912,44462760
HSA-MIR-204-5P,miRNA,VEMURAFENIB,DB08881,42611257
HSA-MIR-204-5P,miRNA,PONATINIB,DB08901,24826799
HSA-MIR-204-5P,miRNA,IMATINIB,DB00619,5291
HSA-MIR-204-5P,miRNA,CERITINIB,DB09063,57379345
HSA-MIR-204-5P,miRNA,TRAMETINIB,DB08911,11707110
HSA-MIR-204-5P,miRNA,SORAFENIB,DB00398,216239
HSA-MIR-204-5P,miRNA,SIROLIMUS,DB00877,5284616
HSA-MIR-204-5P,miRNA,ARSENIC TRIOXIDE,DB01169,261004
HSA-MIR-204-5P,miRNA,METHOTREXATE,DB00563,126941
HSA-MIR-204-5P,miRNA,TEMOZOLOMIDE,DB00853,5394
HSA-MIR-205,miRNA,CERITINIB,DB09063,57379345
HSA-MIR-205,miRNA,SORAFENIB,DB00398,216239
HSA-MIR-205-3P,miRNA,FLUOROURACIL,DB00544,3385
HSA-MIR-205-3P,miRNA,OXALIPLATIN,DB00526,6857599
HSA-MIR-205-3P,miRNA,SORAFENIB,DB00398,216239
HSA-MIR-205-5P,miRNA,DOXORUBICIN,DB00997,31703
HSA-MIR-205-5P,miRNA,GEFITINIB,DB00317,123631
HSA-MIR-205-5P,miRNA,LAPATINIB,DB01259,208908
HSA-MIR-205-5P,miRNA,VERAPAMIL,DB00661,2520
HSA-MIR-205-5P,miRNA,CISPLATIN,DB00515,5460033
HSA-MIR-205-5P,miRNA,DOCETAXEL,DB01248,148124
HSA-MIR-205-5P,miRNA,ERLOTINIB,DB00530,176870
HSA-MIR-205-5P,miRNA,GEMCITABINE,DB00441,60750
HSA-MIR-205-5P,miRNA,OXALIPLATIN,DB00526,6857599
HSA-MIR-205-5P,miRNA,FLUOROURACIL,DB00544,3385
HSA-MIR-205-5P,miRNA,EPIRUBICIN,DB00445,41867
HSA-MIR-205-5P,miRNA,PACLITAXEL,DB01229,36314
HSA-MIR-205-5P,miRNA,CARBOPLATIN,DB00958,38904
HSA-MIR-205-5P,miRNA,PROGESTERONE,DB00396,5994
HSA-MIR-205-5P,miRNA,CERITINIB,DB09063,57379345
HSA-MIR-205-5P,miRNA,VEMURAFENIB,DB08881,42611257
HSA-MIR-206,miRNA,DOXORUBICIN,DB00997,31703
HSA-MIR-206,miRNA,VERAPAMIL,DB00661,2520
HSA-MIR-206,miRNA,CISPLATIN,DB00515,5460033
HSA-MIR-206,miRNA,SORAFENIB,DB00398,216239
HSA-MIR-206,miRNA,PAROXETINE,DB00715,43815
HSA-MIR-206,miRNA,OXALIPLATIN,DB00526,6857599
HSA-MIR-206,miRNA,FLUOROURACIL,DB00544,3385
HSA-MIR-206,miRNA,TAMOXIFEN,DB00675,2733525
HSA-MIR-206,miRNA,LEVOTHROID,NA,23666112
HSA-MIR-206,miRNA,GEFITINIB,DB00317,123631
HSA-MIR-206,miRNA,PLATINUM,DB12257,23939
HSA-MIR-206,miRNA,CURCUMIN,DB11672,969516
HSA-MIR-206,miRNA,APITOLISIB,DB12180,25254071
HSA-MIR-208A-3P,miRNA,GEMCITABINE,DB00441,60750
HSA-MIR-208A-3P,miRNA,VEMURAFENIB,DB08881,42611257
HSA-MIR-208A-5P,miRNA,CISPLATIN,DB00515,5460033
HSA-MIR-208B-3P,miRNA,PACLITAXEL,DB01229,36314
HSA-MIR-208B-3P,miRNA,CISPLATIN,DB00515,5460033
HSA-MIR-208B-3P,miRNA,OXALIPLATIN,DB00526,6857599
HSA-MIR-20A,miRNA,CISPLATIN,DB00515,5460033
HSA-MIR-20A-3P,miRNA,DOXORUBICIN,DB00997,31703
HSA-MIR-20A-3P,miRNA,IMATINIB,DB00619,5291
HSA-MIR-20A-3P,miRNA,FLUOROURACIL,DB00544,3385
HSA-MIR-20A-3P,miRNA,CISPLATIN,DB00515,5460033
HSA-MIR-20A-5P,miRNA,DOXORUBICIN,DB00997,31703
HSA-MIR-20A-5P,miRNA,FLUOROURACIL,DB00544,3385
HSA-MIR-20A-5P,miRNA,TENIPOSIDE,DB00444,452548
HSA-MIR-20A-5P,miRNA,OXALIPLATIN,DB00526,6857599
HSA-MIR-20A-5P,miRNA,CISPLATIN,DB00515,5460033
HSA-MIR-20A-5P,miRNA,TAMOXIFEN,DB00675,2733525
HSA-MIR-20A-5P,miRNA,DOCETAXEL,DB01248,148124
HSA-MIR-20A-5P,miRNA,GEMCITABINE,DB00441,60750
HSA-MIR-20A-5P,miRNA,PACLITAXEL,DB01229,36314
HSA-MIR-20A-5P,miRNA,ETOPOSIDE,DB00773,36462
HSA-MIR-20A-5P,miRNA,TAXANE,NA,9548828
HSA-MIR-20A-5P,miRNA,DEXAMETHASONE,DB01234,5743
HSA-MIR-20A-5P,miRNA,SORAFENIB,DB00398,216239
HSA-MIR-20A-5P,miRNA,BORTEZOMIB,DB00188,387447
HSA-MIR-20A-5P,miRNA,VEMURAFENIB,DB08881,42611257
HSA-MIR-20A-5P,miRNA,CARBOPLATIN,DB00958,38904
HSA-MIR-20A-5P,miRNA,METHOTREXATE,DB00563,126941
HSA-MIR-20A-5P,miRNA,DAUNORUBICIN,DB00694,30323
HSA-MIR-20A-5P,miRNA,VINCRISTINE,DB00541,5978
HSA-MIR-20A-5P,miRNA,GEFITINIB,DB00317,123631
HSA-MIR-20A-5P,miRNA,DABRAFENIB,DB08912,44462760
HSA-MIR-20A-5P,miRNA,APITOLISIB,DB12180,25254071
HSA-MIR-20A-5P,miRNA,TEMOZOLOMIDE,DB00853,5394
HSA-MIR-20B-3P,miRNA,TAMOXIFEN,DB00675,2733525
HSA-MIR-20B-3P,miRNA,PAROXETINE,DB00715,43815
HSA-MIR-20B-3P,miRNA,PACLITAXEL,DB01229,36314
HSA-MIR-20B-3P,miRNA,DOXORUBICIN,DB00997,31703
HSA-MIR-20B-3P,miRNA,BORTEZOMIB,DB00188,387447
HSA-MIR-20B-3P,miRNA,CISPLATIN,DB00515,5460033
HSA-MIR-20B-3P,miRNA,DOCETAXEL,DB01248,148124
HSA-MIR-20B-5P,miRNA,DOXORUBICIN,DB00997,31703
HSA-MIR-20B-5P,miRNA,PACLITAXEL,DB01229,36314
HSA-MIR-20B-5P,miRNA,CISPLATIN,DB00515,5460033
HSA-MIR-20B-5P,miRNA,FLUOROURACIL,DB00544,3385
HSA-MIR-20B-5P,miRNA,GEMCITABINE,DB00441,60750
HSA-MIR-20B-5P,miRNA,OXALIPLATIN,DB00526,6857599
HSA-MIR-20B-5P,miRNA,DOCETAXEL,DB01248,148124
HSA-MIR-20B-5P,miRNA,TAXANE,NA,9548828
HSA-MIR-20B-5P,miRNA,DEXAMETHASONE,DB01234,5743
HSA-MIR-20B-5P,miRNA,PLATINUM,DB12257,23939
HSA-MIR-20B-5P,miRNA,SORAFENIB,DB00398,216239
HSA-MIR-20B-5P,miRNA,VEMURAFENIB,DB08881,42611257
HSA-MIR-20B-5P,miRNA,TAMOXIFEN,DB00675,2733525
HSA-MIR-20B-5P,miRNA,TAXOL,DB01229,36314
HSA-MIR-20B-5P,miRNA,DABRAFENIB,DB08912,44462760
HSA-MIR-20B-5P,miRNA,IMATINIB,DB00619,5291
HSA-MIR-20B-5P,miRNA,SUNITINIB,DB01268,5329102
HSA-MIR-20B-5P,miRNA,GEFITINIB,DB00317,123631
HSA-MIR-20B-5P,miRNA,OLAPARIB,DB09074,23725625
HSA-MIR-20B-5P,miRNA,TEMOZOLOMIDE,DB00853,5394
HSA-MIR-21-3P,miRNA,TAMOXIFEN,DB00675,2733525
HSA-MIR-21-3P,miRNA,PAROXETINE,DB00715,43815
HSA-MIR-21-3P,miRNA,GEMCITABINE,DB00441,60750
HSA-MIR-21-3P,miRNA,FLUOROURACIL,DB00544,3385
HSA-MIR-21-3P,miRNA,DOXORUBICIN,DB00997,31703
HSA-MIR-21-3P,miRNA,CISPLATIN,DB00515,5460033
HSA-MIR-21-3P,miRNA,TAXANE,NA,9548828
HSA-MIR-21-3P,miRNA,MITOXANTRONE,DB01204,4212
HSA-MIR-21-3P,miRNA,DABRAFENIB,DB08912,44462760
HSA-MIR-21-3P,miRNA,VEMURAFENIB,DB08881,42611257
HSA-MIR-21-3P,miRNA,FULVESTRANT,DB00947,17756771
HSA-MIR-21-3P,miRNA,VINCRISTINE,DB00541,5978
HSA-MIR-21-3P,miRNA,PACLITAXEL,DB01229,36314
HSA-MIR-21-3P,miRNA,DOCETAXEL,DB01248,148124
HSA-MIR-21-3P,miRNA,PLATINUM,DB12257,23939
HSA-MIR-21-5P,miRNA,GEMCITABINE,DB00441,60750
HSA-MIR-21-5P,miRNA,TAMOXIFEN,DB00675,2733525
HSA-MIR-21-5P,miRNA,PACLITAXEL,DB01229,36314
HSA-MIR-21-5P,miRNA,CISPLATIN,DB00515,5460033
HSA-MIR-21-5P,miRNA,HYDROGEN PEROXIDE,DB11091,784
HSA-MIR-21-5P,miRNA,VERAPAMIL,DB00661,2520
HSA-MIR-21-5P,miRNA,DOXORUBICIN,DB00997,31703
HSA-MIR-21-5P,miRNA,TENIPOSIDE,DB00444,452548
HSA-MIR-21-5P,miRNA,ARSENIC TRIOXIDE,DB01169,261004
HSA-MIR-21-5P,miRNA,FLUOROURACIL,DB00544,3385
HSA-MIR-21-5P,miRNA,DOCETAXEL,DB01248,148124
HSA-MIR-21-5P,miRNA,TEMOZOLOMIDE,DB00853,5394
HSA-MIR-21-5P,miRNA,CYTARABINE,DB00987,6253
HSA-MIR-21-5P,miRNA,IMATINIB,DB00619,5291
HSA-MIR-21-5P,miRNA,SP600125,NA,8515
HSA-MIR-21-5P,miRNA,DAUNORUBICIN,DB00694,30323
HSA-MIR-21-5P,miRNA,CYCLOPHOSPHAMIDE,DB00531,2907
HSA-MIR-21-5P,miRNA,VINCRISTINE,DB00541,5978
HSA-MIR-21-5P,miRNA,PREDNISONE,DB00635,5865
HSA-MIR-21-5P,miRNA,ETOPOSIDE,DB00773,36462
HSA-MIR-21-5P,miRNA,OXALIPLATIN,DB00526,6857599
HSA-MIR-21-5P,miRNA,ERLOTINIB,DB00530,176870
HSA-MIR-21-5P,miRNA,GEFITINIB,DB00317,123631
HSA-MIR-21-5P,miRNA,BORTEZOMIB,DB00188,387447
HSA-MIR-21-5P,miRNA,DIBENZIODOLIUM,NA,3101
HSA-MIR-21-5P,miRNA,SUNITINIB,DB01268,5329102
HSA-MIR-21-5P,miRNA,TAXANE,NA,9548828
HSA-MIR-21-5P,miRNA,BETULINIC ACID,DB12480,64971
HSA-MIR-21-5P,miRNA,SORAFENIB,DB00398,216239
HSA-MIR-21-5P,miRNA,PLX-4720,DB06999,24180719
HSA-MIR-21-5P,miRNA,VEMURAFENIB,DB08881,42611257
HSA-MIR-21-5P,miRNA,FULVESTRANT,DB00947,17756771
HSA-MIR-21-5P,miRNA,PINGYANGMYCIN,NA,84046
HSA-MIR-21-5P,miRNA,CURCUMIN,DB11672,969516
HSA-MIR-21-5P,miRNA,DOVITINIB,DB05928,9977819
HSA-MIR-21-5P,miRNA,CARMUSTINE,DB00262,2578
HSA-MIR-21-5P,miRNA,SIMVASTATIN,DB00641,54454
HSA-MIR-21-5P,miRNA,TRAMETINIB,DB08911,11707110
HSA-MIR-21-5P,miRNA,CERITINIB,DB09063,57379345
HSA-MIR-21-5P,miRNA,CRIZOTINIB,DB08865,11626560
HSA-MIR-21-5P,miRNA,SN-38,NA,104842
HSA-MIR-21-5P,miRNA,RUXOLITINIB,DB08877,25126798
HSA-MIR-21-5P,miRNA,ENZALUTAMIDE,DB08899,15951529
HSA-MIR-21-5P,miRNA,PLATINUM,DB12257,23939
HSA-MIR-210,miRNA,CISPLATIN,DB00515,5460033
HSA-MIR-210,miRNA,CERITINIB,DB09063,57379345
HSA-MIR-210-3P,miRNA,DOXORUBICIN,DB00997,31703
HSA-MIR-210-3P,miRNA,TEMOZOLOMIDE,DB00853,5394
HSA-MIR-210-3P,miRNA,IMATINIB,DB00619,5291
HSA-MIR-210-3P,miRNA,METHOTREXATE,DB00563,126941
HSA-MIR-210-3P,miRNA,CISPLATIN,DB00515,5460033
HSA-MIR-210-3P,miRNA,VINCRISTINE,DB00541,5978
HSA-MIR-210-3P,miRNA,FLUOROURACIL,DB00544,3385
HSA-MIR-210-3P,miRNA,PACLITAXEL,DB01229,36314
HSA-MIR-210-3P,miRNA,DOCETAXEL,DB01248,148124
HSA-MIR-210-3P,miRNA,ASPARAGINATE,NA,5460875
HSA-MIR-210-3P,miRNA,DEXAMETHASONE,DB01234,5743
HSA-MIR-210-3P,miRNA,DAUNORUBICIN,DB00694,30323
HSA-MIR-210-3P,miRNA,GEMCITABINE,DB00441,60750
HSA-MIR-210-3P,miRNA,TAXANE,NA,9548828
HSA-MIR-210-3P,miRNA,PLATINUM,DB12257,23939
HSA-MIR-210-3P,miRNA,TRAMETINIB,DB08911,11707110
HSA-MIR-210-3P,miRNA,TAMOXIFEN,DB00675,2733525
HSA-MIR-210-3P,miRNA,EPIRUBICIN,DB00445,41867
HSA-MIR-210-3P,miRNA,VINORELBINE,DB00361,44424639
HSA-MIR-210-3P,miRNA,1'-ACETOXYCHAVICOL ACETATE,NA,119104
HSA-MIR-210-3P,miRNA,DABRAFENIB,DB08912,44462760
HSA-MIR-210-3P,miRNA,VEMURAFENIB,DB08881,42611257
HSA-MIR-210-3P,miRNA,VINBLASTINE,DB00570,442111
HSA-MIR-210-3P,miRNA,FULVESTRANT,DB00947,17756771
HSA-MIR-210-3P,miRNA,CERITINIB,DB09063,57379345
HSA-MIR-210-3P,miRNA,PALBOCICLIB,DB09073,5330286
HSA-MIR-210-3P,miRNA,SUNITINIB,DB01268,5329102
HSA-MIR-210-3P,miRNA,SORAFENIB,DB00398,216239
HSA-MIR-210-5P,miRNA,VEMURAFENIB,DB08881,42611257
HSA-MIR-210-5P,miRNA,CERITINIB,DB09063,57379345
HSA-MIR-210-5P,miRNA,SORAFENIB,DB00398,216239
HSA-MIR-211-3P,miRNA,CISPLATIN,DB00515,5460033
HSA-MIR-211-5P,miRNA,TEMOZOLOMIDE,DB00853,5394
HSA-MIR-211-5P,miRNA,GEMCITABINE,DB00441,60750
HSA-MIR-211-5P,miRNA,DOXORUBICIN,DB00997,31703
HSA-MIR-211-5P,miRNA,VEMURAFENIB,DB08881,42611257
HSA-MIR-211-5P,miRNA,CISPLATIN,DB00515,5460033
HSA-MIR-211-5P,miRNA,TRAMETINIB,DB08911,11707110
HSA-MIR-211-5P,miRNA,PLATINUM,DB12257,23939
HSA-MIR-211-5P,miRNA,LIGUSTRAZINE,NA,14296
HSA-MIR-2110,miRNA,CISPLATIN,DB00515,5460033
HSA-MIR-2110,miRNA,GEMCITABINE,DB00441,60750
HSA-MIR-2113,miRNA,GEMCITABINE,DB00441,60750
HSA-MIR-2114-3P,miRNA,IMATINIB,DB00619,5291
HSA-MIR-2114-5P,miRNA,PACLITAXEL,DB01229,36314
HSA-MIR-2114-5P,miRNA,CERITINIB,DB09063,57379345
HSA-MIR-2114-5P,miRNA,TEMOZOLOMIDE,DB00853,5394
HSA-MIR-2115-3P,miRNA,IMATINIB,DB00619,5291
HSA-MIR-2116,miRNA,CERITINIB,DB09063,57379345
HSA-MIR-2116-3P,miRNA,CERITINIB,DB09063,57379345
HSA-MIR-2116-3P,miRNA,CISPLATIN,DB00515,5460033
HSA-MIR-2116-5P,miRNA,DOXORUBICIN,DB00997,31703
HSA-MIR-2116-5P,miRNA,FULVESTRANT,DB00947,17756771
HSA-MIR-2117,miRNA,IMATINIB,DB00619,5291
HSA-MIR-212,miRNA,CISPLATIN,DB00515,5460033
HSA-MIR-212,miRNA,CERITINIB,DB09063,57379345
HSA-MIR-212-3P,miRNA,DOXORUBICIN,DB00997,31703
HSA-MIR-212-3P,miRNA,DOCETAXEL,DB01248,148124
HSA-MIR-212-3P,miRNA,IMATINIB,DB00619,5291
HSA-MIR-212-3P,miRNA,PAROXETINE,DB00715,43815
HSA-MIR-212-3P,miRNA,PLATINUM,DB12257,23939
HSA-MIR-212-3P,miRNA,CELASTROL,NA,12302620
HSA-MIR-212-3P,miRNA,TAMOXIFEN,DB00675,2733525
HSA-MIR-212-3P,miRNA,CISPLATIN,DB00515,5460033
HSA-MIR-212-3P,miRNA,PACLITAXEL,DB01229,36314
HSA-MIR-212-3P,miRNA,CERITINIB,DB09063,57379345
HSA-MIR-212-3P,miRNA,GEFITINIB,DB00317,123631
HSA-MIR-212-5P,miRNA,CERITINIB,DB09063,57379345
HSA-MIR-212-5P,miRNA,CISPLATIN,DB00515,5460033
HSA-MIR-212-5P,miRNA,OXALIPLATIN,DB00526,6857599
HSA-MIR-214,miRNA,CISPLATIN,DB00515,5460033
HSA-MIR-214-3P,miRNA,CISPLATIN,DB00515,5460033
HSA-MIR-214-3P,miRNA,DOXORUBICIN,DB00997,31703
HSA-MIR-214-3P,miRNA,GEFITINIB,DB00317,123631
HSA-MIR-214-3P,miRNA,GEMCITABINE,DB00441,60750
HSA-MIR-214-3P,miRNA,PACLITAXEL,DB01229,36314
HSA-MIR-214-3P,miRNA,OXALIPLATIN,DB00526,6857599
HSA-MIR-214-3P,miRNA,IMATINIB,DB00619,5291
HSA-MIR-214-3P,miRNA,SUNITINIB,DB01268,5329102
HSA-MIR-214-3P,miRNA,PLATINUM,DB12257,23939
HSA-MIR-214-3P,miRNA,FULVESTRANT,DB00947,17756771
HSA-MIR-214-3P,miRNA,TAMOXIFEN,DB00675,2733525
HSA-MIR-214-3P,miRNA,ERLOTINIB,DB00530,176870
HSA-MIR-214-3P,miRNA,FLUOROURACIL,DB00544,3385
HSA-MIR-214-3P,miRNA,IBRUTINIB,DB09053,24821094
HSA-MIR-214-3P,miRNA,VEMURAFENIB,DB08881,42611257
HSA-MIR-214-3P,miRNA,CARBOPLATIN,DB00958,38904
HSA-MIR-214-3P,miRNA,VINCRISTINE,DB00541,5978
HSA-MIR-214-3P,miRNA,SORAFENIB,DB00398,216239
HSA-MIR-214-3P,miRNA,ANTHRACYCLINE,DB00694,30323
HSA-MIR-214-3P,miRNA,CYCLOPHOSPHAMIDE,DB00531,2907
HSA-MIR-214-3P,miRNA,METHOTREXATE,DB00563,126941
HSA-MIR-214-3P,miRNA,TAXOL,DB01229,36314
HSA-MIR-214-5P,miRNA,DOXORUBICIN,DB00997,31703
HSA-MIR-214-5P,miRNA,VERAPAMIL,DB00661,2520
HSA-MIR-214-5P,miRNA,PREDNISONE,DB00635,5865
HSA-MIR-214-5P,miRNA,VINCRISTINE,DB00541,5978
HSA-MIR-214-5P,miRNA,CISPLATIN,DB00515,5460033
HSA-MIR-214-PRE,miRNA,IMATINIB,DB00619,5291
HSA-MIR-215,miRNA,CERITINIB,DB09063,57379345
HSA-MIR-215-3P,miRNA,FLUOROURACIL,DB00544,3385
HSA-MIR-215-5P,miRNA,DOXORUBICIN,DB00997,31703
HSA-MIR-215-5P,miRNA,RALTITREXED,DB00293,135400182
HSA-MIR-215-5P,miRNA,METHOTREXATE,DB00563,126941
HSA-MIR-215-5P,miRNA,CISPLATIN,DB00515,5460033
HSA-MIR-215-5P,miRNA,CAPECITABINE,DB01101,60953
HSA-MIR-215-5P,miRNA,FLUOROURACIL,DB00544,3385
HSA-MIR-215-5P,miRNA,OXALIPLATIN,DB00526,6857599
HSA-MIR-215-5P,miRNA,TAMOXIFEN,DB00675,2733525
HSA-MIR-215-5P,miRNA,VINCRISTINE,DB00541,5978
HSA-MIR-215-5P,miRNA,PACLITAXEL,DB01229,36314
HSA-MIR-215-5P,miRNA,CERITINIB,DB09063,57379345
HSA-MIR-215-5P,miRNA,VEMURAFENIB,DB08881,42611257
HSA-MIR-215-5P,miRNA,TRAMETINIB,DB08911,11707110
HSA-MIR-215-5P,miRNA,GEFITINIB,DB00317,123631
HSA-MIR-215-5P,miRNA,FULVESTRANT,DB00947,17756771
HSA-MIR-215-5P,miRNA,GEMCITABINE,DB00441,60750
HSA-MIR-215-5P,miRNA,BORTEZOMIB,DB00188,387447
HSA-MIR-215-5P,miRNA,ETOPOSIDE,DB00773,36462
HSA-MIR-215-5P,miRNA,VINORELBINE,DB00361,44424639
HSA-MIR-215-5P,miRNA,SORAFENIB,DB00398,216239
HSA-MIR-216-3P,miRNA,SORAFENIB,DB00398,216239
HSA-MIR-216A-5P,miRNA,CISPLATIN,DB00515,5460033
HSA-MIR-216A-5P,miRNA,DOXORUBICIN,DB00997,31703
HSA-MIR-216A-5P,miRNA,VERAPAMIL,DB00661,2520
HSA-MIR-216A-5P,miRNA,SORAFENIB,DB00398,216239
HSA-MIR-216A-5P,miRNA,FLUOROURACIL,DB00544,3385
HSA-MIR-216A-5P,miRNA,OXALIPLATIN,DB00526,6857599
HSA-MIR-216B-5P,miRNA,DOXORUBICIN,DB00997,31703
HSA-MIR-216B-5P,miRNA,VERAPAMIL,DB00661,2520
HSA-MIR-216B-5P,miRNA,CISPLATIN,DB00515,5460033
HSA-MIR-216B-5P,miRNA,OXALIPLATIN,DB00526,6857599
HSA-MIR-216B-5P,miRNA,VEMURAFENIB,DB08881,42611257
HSA-MIR-216B-5P,miRNA,PACLITAXEL,DB01229,36314
HSA-MIR-216B-5P,miRNA,CARBOPLATIN,DB00958,38904
HSA-MIR-217,miRNA,CISPLATIN,DB00515,5460033
HSA-MIR-217-5P,miRNA,DOXORUBICIN,DB00997,31703
HSA-MIR-217-5P,miRNA,SORAFENIB,DB00398,216239
HSA-MIR-217-5P,miRNA,CARBOPLATIN,DB00958,38904
HSA-MIR-217-5P,miRNA,DASATINIB,DB01254,3062316
HSA-MIR-217-5P,miRNA,CELASTROL,NA,12302620
HSA-MIR-217-5P,miRNA,PACLITAXEL,DB01229,36314
HSA-MIR-217-5P,miRNA,CISPLATIN,DB00515,5460033
HSA-MIR-217-5P,miRNA,ETOPOSIDE,DB00773,36462
HSA-MIR-217-5P,miRNA,LAPATINIB,DB01259,208908
HSA-MIR-217-5P,miRNA,TAMOXIFEN,DB00675,2733525
HSA-MIR-217-5P,miRNA,GEFITINIB,DB00317,123631
HSA-MIR-217-5P,miRNA,TAXOL,DB01229,36314
HSA-MIR-217-5P,miRNA,DOCETAXEL,DB01248,148124
HSA-MIR-217-5P,miRNA,FLUOROURACIL,DB00544,3385
HSA-MIR-217-5P,miRNA,OXALIPLATIN,DB00526,6857599
HSA-MIR-217-5P,miRNA,GEMCITABINE,DB00441,60750
HSA-MIR-218-1-3P,miRNA,NAVITOCLAX,DB12340,24978538
HSA-MIR-218-1-3P,miRNA,DOCETAXEL,DB01248,148124
HSA-MIR-218-2,miRNA,BETA-LAPACHONE,NA,3885
HSA-MIR-218-2-3P,miRNA,CISPLATIN,DB00515,5460033
HSA-MIR-218-5P,miRNA,PACLITAXEL,DB01229,36314
HSA-MIR-218-5P,miRNA,CISPLATIN,DB00515,5460033
HSA-MIR-218-5P,miRNA,ETOPOSIDE,DB00773,36462
HSA-MIR-218-5P,miRNA,IMATINIB,DB00619,5291
HSA-MIR-218-5P,miRNA,FLUOROURACIL,DB00544,3385
HSA-MIR-218-5P,miRNA,GEMCITABINE,DB00441,60750
HSA-MIR-218-5P,miRNA,DOXORUBICIN,DB00997,31703
HSA-MIR-218-5P,miRNA,TAXOL,DB01229,36314
HSA-MIR-218-5P,miRNA,SIROLIMUS,DB00877,5284616
HSA-MIR-218-5P,miRNA,CARBOPLATIN,DB00958,38904
HSA-MIR-218-5P,miRNA,OXALIPLATIN,DB00526,6857599
HSA-MIR-218-5P,miRNA,VINCRISTINE,DB00541,5978
HSA-MIR-218-5P,miRNA,TAMOXIFEN,DB00675,2733525
HSA-MIR-218-5P,miRNA,PONATINIB,DB08901,24826799
HSA-MIR-218-5P,miRNA,TRAMETINIB,DB08911,11707110
HSA-MIR-218-5P,miRNA,VEMURAFENIB,DB08881,42611257
HSA-MIR-218-5P,miRNA,GEFITINIB,DB00317,123631
HSA-MIR-218-5P,miRNA,DABRAFENIB,DB08912,44462760
HSA-MIR-218-5P,miRNA,TEMOZOLOMIDE,DB00853,5394
HSA-MIR-218-5P,miRNA,ESTRADIOL,DB00783,5757
HSA-MIR-219A-1,miRNA,OXALIPLATIN,DB00526,6857599
HSA-MIR-219A-1-3P,miRNA,SORAFENIB,DB00398,216239
HSA-MIR-219A-1-3P,miRNA,CISPLATIN,DB00515,5460033
HSA-MIR-219A-2,miRNA,PACLITAXEL,DB01229,36314
HSA-MIR-219A-2-3P,miRNA,IMATINIB,DB00619,5291
HSA-MIR-219A-5P,miRNA,VERAPAMIL,DB00661,2520
HSA-MIR-219A-5P,miRNA,DOXORUBICIN,DB00997,31703
HSA-MIR-219A-5P,miRNA,FLUOROURACIL,DB00544,3385
HSA-MIR-219A-5P,miRNA,OXALIPLATIN,DB00526,6857599
HSA-MIR-219A-5P,miRNA,CISPLATIN,DB00515,5460033
HSA-MIR-219A-5P,miRNA,SORAFENIB,DB00398,216239
HSA-MIR-219B,miRNA,PACLITAXEL,DB01229,36314
HSA-MIR-219B-5P,miRNA,IMATINIB,DB00619,5291
HSA-MIR-219B-5P,miRNA,TEMOZOLOMIDE,DB00853,5394
HSA-MIR-219B-5P,miRNA,GEMCITABINE,DB00441,60750
HSA-MIR-22,miRNA,CISPLATIN,DB00515,5460033
HSA-MIR-22-3P,miRNA,DOXORUBICIN,DB00997,31703
HSA-MIR-22-3P,miRNA,CISPLATIN,DB00515,5460033
HSA-MIR-22-3P,miRNA,PACLITAXEL,DB01229,36314
HSA-MIR-22-3P,miRNA,CARBOPLATIN,DB00958,38904
HSA-MIR-22-3P,miRNA,VINCRISTINE,DB00541,5978
HSA-MIR-22-3P,miRNA,MITOMYCIN C,DB00305,5746
HSA-MIR-22-3P,miRNA,FLUOROURACIL,DB00544,3385
HSA-MIR-22-3P,miRNA,PEMETREXED,DB00642,446556
HSA-MIR-22-3P,miRNA,GEMCITABINE,DB00441,60750
HSA-MIR-22-3P,miRNA,GEFITINIB,DB00317,123631
HSA-MIR-22-3P,miRNA,TAMOXIFEN,DB00675,2733525
HSA-MIR-22-3P,miRNA,PLATINUM,DB12257,23939
HSA-MIR-22-3P,miRNA,SORAFENIB,DB00398,216239
HSA-MIR-22-3P,miRNA,TAXOL,DB01229,36314
HSA-MIR-22-3P,miRNA,OXALIPLATIN,DB00526,6857599
HSA-MIR-22-3P,miRNA,EPIRUBICIN HYDROCHLORIDE,NA,65348
HSA-MIR-22-3P,miRNA,CATALPOL,NA,91520
HSA-MIR-22-3P,miRNA,ERLOTINIB,DB00530,176870
HSA-MIR-22-3P,miRNA,TEMOZOLOMIDE,DB00853,5394
HSA-MIR-22-5P,miRNA,GEMCITABINE,DB00441,60750
HSA-MIR-22-5P,miRNA,FLUOROURACIL,DB00544,3385
HSA-MIR-22-5P,miRNA,SORAFENIB,DB00398,216239
HSA-MIR-22-5P,miRNA,BORTEZOMIB,DB00188,387447
HSA-MIR-220,miRNA,VERAPAMIL,DB00661,2520
HSA-MIR-220,miRNA,DOXORUBICIN,DB00997,31703
HSA-MIR-220,miRNA,CELASTROL,NA,12302620
HSA-MIR-220B,miRNA,TAMOXIFEN,DB00675,2733525
HSA-MIR-221,miRNA,TAMOXIFEN,DB00675,2733525
HSA-MIR-221,miRNA,CISPLATIN,DB00515,5460033
HSA-MIR-221,miRNA,CERITINIB,DB09063,57379345
HSA-MIR-221-3P,miRNA,DOXORUBICIN,DB00997,31703
HSA-MIR-221-3P,miRNA,TAMOXIFEN,DB00675,2733525
HSA-MIR-221-3P,miRNA,STANOLONE,DB02901,10635
HSA-MIR-221-3P,miRNA,VERAPAMIL,DB00661,2520
HSA-MIR-221-3P,miRNA,CISPLATIN,DB00515,5460033
HSA-MIR-221-3P,miRNA,PACLITAXEL,DB01229,36314
HSA-MIR-221-3P,miRNA,FLUDARABINE,DB01073,657237
HSA-MIR-221-3P,miRNA,FULVESTRANT,DB00947,17756771
HSA-MIR-221-3P,miRNA,OXALIPLATIN,DB00526,6857599
HSA-MIR-221-3P,miRNA,AGRO100,DB04998,145994598
HSA-MIR-221-3P,miRNA,GEMCITABINE,DB00441,60750
HSA-MIR-221-3P,miRNA,GEFITINIB,DB00317,123631
HSA-MIR-221-3P,miRNA,CARMUSTINE,DB00262,2578
HSA-MIR-221-3P,miRNA,VINCRISTINE,DB00541,5978
HSA-MIR-221-3P,miRNA,FLUOROURACIL,DB00544,3385
HSA-MIR-221-3P,miRNA,DEXAMETHASONE,DB01234,5743
HSA-MIR-221-3P,miRNA,MELPHALAN,DB01042,460612
HSA-MIR-221-3P,miRNA,VEMURAFENIB,DB08881,42611257
HSA-MIR-221-3P,miRNA,IMATINIB,DB00619,5291
HSA-MIR-221-3P,miRNA,TEMOZOLOMIDE,DB00853,5394
HSA-MIR-221-3P,miRNA,SORAFENIB,DB00398,216239
HSA-MIR-221-3P,miRNA,CERITINIB,DB09063,57379345
HSA-MIR-221-3P,miRNA,TRAMETINIB,DB08911,11707110
HSA-MIR-221-3P,miRNA,CYCLOPHOSPHAMIDE,DB00531,2907
HSA-MIR-221-3P,miRNA,DABRAFENIB,DB08912,44462760
HSA-MIR-221-3P,miRNA,VALPROIC ACID,DB00313,3121
HSA-MIR-221-5P,miRNA,GEMCITABINE,DB00441,60750
HSA-MIR-221-5P,miRNA,FLUOROURACIL,DB00544,3385
HSA-MIR-221-5P,miRNA,CISPLATIN,DB00515,5460033
HSA-MIR-221-5P,miRNA,DABRAFENIB,DB08912,44462760
HSA-MIR-221-5P,miRNA,VEMURAFENIB,DB08881,42611257
HSA-MIR-221-5P,miRNA,PACLITAXEL,DB01229,36314
HSA-MIR-221-5P,miRNA,CERITINIB,DB09063,57379345
HSA-MIR-221-5P,miRNA,DOCETAXEL,DB01248,148124
HSA-MIR-222,miRNA,TAMOXIFEN,DB00675,2733525
HSA-MIR-222,miRNA,CISPLATIN,DB00515,5460033
HSA-MIR-222,miRNA,CERITINIB,DB09063,57379345
HSA-MIR-222-3P,miRNA,DOXORUBICIN,DB00997,31703
HSA-MIR-222-3P,miRNA,TAMOXIFEN,DB00675,2733525
HSA-MIR-222-3P,miRNA,STANOLONE,DB02901,10635
HSA-MIR-222-3P,miRNA,CISPLATIN,DB00515,5460033
HSA-MIR-222-3P,miRNA,PACLITAXEL,DB01229,36314
HSA-MIR-222-3P,miRNA,FULVESTRANT,DB00947,17756771
HSA-MIR-222-3P,miRNA,OXALIPLATIN,DB00526,6857599
HSA-MIR-222-3P,miRNA,VINCRISTINE,DB00541,5978
HSA-MIR-222-3P,miRNA,FLUOROURACIL,DB00544,3385
HSA-MIR-222-3P,miRNA,AGRO100,DB04998,145994598
HSA-MIR-222-3P,miRNA,GEMCITABINE,DB00441,60750
HSA-MIR-222-3P,miRNA,DOCETAXEL,DB01248,148124
HSA-MIR-222-3P,miRNA,GEFITINIB,DB00317,123631
HSA-MIR-222-3P,miRNA,SORAFENIB,DB00398,216239
HSA-MIR-222-3P,miRNA,DEXAMETHASONE,DB01234,5743
HSA-MIR-222-3P,miRNA,MELPHALAN,DB01042,460612
HSA-MIR-222-3P,miRNA,PLATINUM,DB12257,23939
HSA-MIR-222-3P,miRNA,DAUNORUBICIN,DB00694,30323
HSA-MIR-222-3P,miRNA,CERITINIB,DB09063,57379345
HSA-MIR-222-3P,miRNA,SUNITINIB,DB01268,5329102
HSA-MIR-222-3P,miRNA,TRAMETINIB,DB08911,11707110
HSA-MIR-222-3P,miRNA,VEMURAFENIB,DB08881,42611257
HSA-MIR-222-3P,miRNA,CYCLOPHOSPHAMIDE,DB00531,2907
HSA-MIR-222-3P,miRNA,DABRAFENIB,DB08912,44462760
HSA-MIR-222-3P,miRNA,PAZOPANIB,DB06589,10113978
HSA-MIR-222-5P,miRNA,FLUOROURACIL,DB00544,3385
HSA-MIR-222-5P,miRNA,GEMCITABINE,DB00441,60750
HSA-MIR-222-5P,miRNA,OXALIPLATIN,DB00526,6857599
HSA-MIR-222-5P,miRNA,CISPLATIN,DB00515,5460033
HSA-MIR-222-5P,miRNA,DOXORUBICIN,DB00997,31703
HSA-MIR-222-5P,miRNA,CURCUMIN,DB11672,969516
HSA-MIR-222-5P,miRNA,PACLITAXEL,DB01229,36314
HSA-MIR-222-5P,miRNA,CERITINIB,DB09063,57379345
HSA-MIR-222-5P,miRNA,SUNITINIB,DB01268,5329102
HSA-MIR-222-5P,miRNA,GEFITINIB,DB00317,123631
HSA-MIR-222-5P,miRNA,FULVESTRANT,DB00947,17756771
HSA-MIR-222-5P,miRNA,DOCETAXEL,DB01248,148124
HSA-MIR-222-PRE,miRNA,IMATINIB,DB00619,5291
HSA-MIR-223,miRNA,IMATINIB,DB00619,5291
HSA-MIR-223-3P,miRNA,CISPLATIN,DB00515,5460033
HSA-MIR-223-3P,miRNA,CLOPIDOGREL,DB00758,60606
HSA-MIR-223-3P,miRNA,FLUOROURACIL,DB00544,3385
HSA-MIR-223-3P,miRNA,DOXORUBICIN,DB00997,31703
HSA-MIR-223-3P,miRNA,MITOMYCIN C,DB00305,5746
HSA-MIR-223-3P,miRNA,PACLITAXEL,DB01229,36314
HSA-MIR-223-3P,miRNA,PRAZIQUANTEL,DB01058,4891
HSA-MIR-223-3P,miRNA,DAPT,NA,5311272
HSA-MIR-223-3P,miRNA,GEMCITABINE,DB00441,60750
HSA-MIR-223-3P,miRNA,IMATINIB,DB00619,5291
HSA-MIR-223-3P,miRNA,ERLOTINIB,DB00530,176870
HSA-MIR-223-3P,miRNA,DOCETAXEL,DB01248,148124
HSA-MIR-223-3P,miRNA,TEMOZOLOMIDE,DB00853,5394
HSA-MIR-223-3P,miRNA,SUNITINIB,DB01268,5329102
HSA-MIR-223-3P,miRNA,SORAFENIB,DB00398,216239
HSA-MIR-223-3P,miRNA,PALBOCICLIB,DB09073,5330286
HSA-MIR-223-3P,miRNA,VINCRISTINE,DB00541,5978
HSA-MIR-223-3P,miRNA,OXALIPLATIN,DB00526,6857599
HSA-MIR-223-3P,miRNA,RUXOLITINIB,DB08877,25126798
HSA-MIR-224-3P,miRNA,PACLITAXEL,DB01229,36314
HSA-MIR-224-3P,miRNA,GEMCITABINE,DB00441,60750
HSA-MIR-224-3P,miRNA,FLUOROURACIL,DB00544,3385
HSA-MIR-224-3P,miRNA,DOXORUBICIN,DB00997,31703
HSA-MIR-224-3P,miRNA,CISPLATIN,DB00515,5460033
HSA-MIR-224-3P,miRNA,TEMOZOLOMIDE,DB00853,5394
HSA-MIR-224-5P,miRNA,DOXORUBICIN,DB00997,31703
HSA-MIR-224-5P,miRNA,SORAFENIB,DB00398,216239
HSA-MIR-224-5P,miRNA,10-HYDROXYCAMPTOTHECIN,DB12385,97226
HSA-MIR-224-5P,miRNA,CISPLATIN,DB00515,5460033
HSA-MIR-224-5P,miRNA,METHOTREXATE,DB00563,126941
HSA-MIR-224-5P,miRNA,ERLOTINIB,DB00530,176870
HSA-MIR-224-5P,miRNA,OXALIPLATIN,DB00526,6857599
HSA-MIR-224-5P,miRNA,PACLITAXEL,DB01229,36314
HSA-MIR-224-5P,miRNA,VINCRISTINE,DB00541,5978
HSA-MIR-224-5P,miRNA,PREDNISONE,DB00635,5865
HSA-MIR-224-5P,miRNA,GEFITINIB,DB00317,123631
HSA-MIR-224-5P,miRNA,GEMCITABINE,DB00441,60750
HSA-MIR-224-5P,miRNA,FLUOROURACIL,DB00544,3385
HSA-MIR-224-5P,miRNA,MITOXANTRONE,DB01204,4212
HSA-MIR-224-5P,miRNA,IMATINIB,DB00619,5291
HSA-MIR-224-5P,miRNA,BROMOCRIPTINE,DB01200,31101
HSA-MIR-224-5P,miRNA,DABRAFENIB,DB08912,44462760
HSA-MIR-224-5P,miRNA,CELASTROL,NA,12302620
HSA-MIR-224-5P,miRNA,DOCETAXEL,DB01248,148124
HSA-MIR-224-5P,miRNA,TAXOL,DB01229,36314
HSA-MIR-2276,miRNA,CERITINIB,DB09063,57379345
HSA-MIR-2276-3P,miRNA,PLATINUM,DB12257,23939
HSA-MIR-2276-3P,miRNA,TAMOXIFEN,DB00675,2733525
HSA-MIR-2276-3P,miRNA,CERITINIB,DB09063,57379345
HSA-MIR-2276-5P,miRNA,CERITINIB,DB09063,57379345
HSA-MIR-2277-3P,miRNA,DOXORUBICIN,DB00997,31703
HSA-MIR-2277-3P,miRNA,PACLITAXEL,DB01229,36314
HSA-MIR-2277-3P,miRNA,PLX-4720,DB06999,24180719
HSA-MIR-2277-3P,miRNA,FULVESTRANT,DB00947,17756771
HSA-MIR-2277-5P,miRNA,IMATINIB,DB00619,5291
HSA-MIR-2278,miRNA,PACLITAXEL,DB01229,36314
HSA-MIR-2278,miRNA,IMATINIB,DB00619,5291
HSA-MIR-23,miRNA,TAMOXIFEN,DB00675,2733525
HSA-MIR-23,miRNA,ERLOTINIB,DB00530,176870
HSA-MIR-233,miRNA,SORAFENIB,DB00398,216239
HSA-MIR-2355-3P,miRNA,CISPLATIN,DB00515,5460033
HSA-MIR-2355-5P,miRNA,GEMCITABINE,DB00441,60750
HSA-MIR-2355-5P,miRNA,FLUOROURACIL,DB00544,3385
HSA-MIR-2355-5P,miRNA,IMATINIB,DB00619,5291
HSA-MIR-2355-5P,miRNA,CISPLATIN,DB00515,5460033
HSA-MIR-2355-5P,miRNA,GEFITINIB,DB00317,123631
HSA-MIR-2355-5P,miRNA,TEMOZOLOMIDE,DB00853,5394
HSA-MIR-2355*,miRNA,IMATINIB,DB00619,5291
HSA-MIR-2392,miRNA,PLATINUM,DB12257,23939
HSA-MIR-2392,miRNA,IMATINIB,DB00619,5291
HSA-MIR-2392,miRNA,FLUOROURACIL,DB00544,3385
HSA-MIR-2392,miRNA,CISPLATIN,DB00515,5460033
HSA-MIR-2392,miRNA,PACLITAXEL,DB01229,36314
HSA-MIR-23A,miRNA,CISPLATIN,DB00515,5460033
HSA-MIR-23A-3P,miRNA,DOXORUBICIN,DB00997,31703
HSA-MIR-23A-3P,miRNA,CISPLATIN,DB00515,5460033
HSA-MIR-23A-3P,miRNA,CARBOPLATIN,DB00958,38904
HSA-MIR-23A-3P,miRNA,VINCRISTINE,DB00541,5978
HSA-MIR-23A-3P,miRNA,MITOMYCIN C,DB00305,5746
HSA-MIR-23A-3P,miRNA,ETOPOSIDE,DB00773,36462
HSA-MIR-23A-3P,miRNA,FLUOROURACIL,DB00544,3385
HSA-MIR-23A-3P,miRNA,OXALIPLATIN,DB00526,6857599
HSA-MIR-23A-3P,miRNA,PLX-4720,DB06999,24180719
HSA-MIR-23A-3P,miRNA,PLATINUM,DB12257,23939
HSA-MIR-23A-3P,miRNA,PACLITAXEL,DB01229,36314
HSA-MIR-23A-3P,miRNA,GEMCITABINE,DB00441,60750
HSA-MIR-23A-3P,miRNA,FULVESTRANT,DB00947,17756771
HSA-MIR-23A-3P,miRNA,AZACITIDINE,DB00928,9444
HSA-MIR-23A-3P,miRNA,VEMURAFENIB,DB08881,42611257
HSA-MIR-23A-3P,miRNA,TRAMETINIB,DB08911,11707110
HSA-MIR-23A-3P,miRNA,TEMOZOLOMIDE,DB00853,5394
HSA-MIR-23A-3P,miRNA,SIROLIMUS,DB00877,5284616
HSA-MIR-23A-3P,miRNA,ANTHRACYCLINE,DB00694,30323
HSA-MIR-23A-3P,miRNA,CYCLOPHOSPHAMIDE,DB00531,2907
HSA-MIR-23A-3P,miRNA,METHOTREXATE,DB00563,126941
HSA-MIR-23A-3P,miRNA,TAXOL,DB01229,36314
HSA-MIR-23A-3P,miRNA,SORAFENIB,DB00398,216239
HSA-MIR-23A-5P,miRNA,DABRAFENIB,DB08912,44462760
HSA-MIR-23A-5P,miRNA,VEMURAFENIB,DB08881,42611257
HSA-MIR-23A-5P,miRNA,PALBOCICLIB,DB09073,5330286
HSA-MIR-23A-5P,miRNA,ARSENIC TRIOXIDE,DB01169,261004
HSA-MIR-23B,miRNA,CISPLATIN,DB00515,5460033
HSA-MIR-23B,miRNA,SORAFENIB,DB00398,216239
HSA-MIR-23B-3P,miRNA,DOXORUBICIN,DB00997,31703
HSA-MIR-23B-3P,miRNA,PACLITAXEL,DB01229,36314
HSA-MIR-23B-3P,miRNA,ETOPOSIDE,DB00773,36462
HSA-MIR-23B-3P,miRNA,CYCLOPAMINE,NA,442972
HSA-MIR-23B-3P,miRNA,TEMOZOLOMIDE,DB00853,5394
HSA-MIR-23B-3P,miRNA,VINORELBINE,DB00361,44424639
HSA-MIR-23B-3P,miRNA,VINCRISTINE,DB00541,5978
HSA-MIR-23B-3P,miRNA,OXALIPLATIN,DB00526,6857599
HSA-MIR-23B-3P,miRNA,CISPLATIN,DB00515,5460033
HSA-MIR-23B-3P,miRNA,FLUOROURACIL,DB00544,3385
HSA-MIR-23B-3P,miRNA,PLX-4720,DB06999,24180719
HSA-MIR-23B-3P,miRNA,PLATINUM,DB12257,23939
HSA-MIR-23B-3P,miRNA,TAMOXIFEN,DB00675,2733525
HSA-MIR-23B-3P,miRNA,SUNITINIB,DB01268,5329102
HSA-MIR-23B-3P,miRNA,GEMCITABINE,DB00441,60750
HSA-MIR-23B-3P,miRNA,LENVATINIB,DB09078,9823820
HSA-MIR-23B-3P,miRNA,ANTHRACYCLINE,DB00694,30323
HSA-MIR-23B-3P,miRNA,CYCLOPHOSPHAMIDE,DB00531,2907
HSA-MIR-23B-3P,miRNA,TAXOL,DB01229,36314
HSA-MIR-23B-3P,miRNA,METHOTREXATE,DB00563,126941
HSA-MIR-23B-5P,miRNA,DOXORUBICIN,DB00997,31703
HSA-MIR-23B-5P,miRNA,CISPLATIN,DB00515,5460033
HSA-MIR-23B-5P,miRNA,DABRAFENIB,DB08912,44462760
HSA-MIR-23B-5P,miRNA,VEMURAFENIB,DB08881,42611257
HSA-MIR-23B-5P,miRNA,OXALIPLATIN,DB00526,6857599
HSA-MIR-23B-5P,miRNA,TEMOZOLOMIDE,DB00853,5394
HSA-MIR-23B-PRE,miRNA,IMATINIB,DB00619,5291
HSA-MIR-23C,miRNA,PACLITAXEL,DB01229,36314
HSA-MIR-23C,miRNA,CISPLATIN,DB00515,5460033
HSA-MIR-23C,miRNA,GEMCITABINE,DB00441,60750
HSA-MIR-24-1,miRNA,GEFITINIB,DB00317,123631
HSA-MIR-24-1,miRNA,SORAFENIB,DB00398,216239
HSA-MIR-24-1-5P,miRNA,TAMOXIFEN,DB00675,2733525
HSA-MIR-24-1-5P,miRNA,FLUOROURACIL,DB00544,3385
HSA-MIR-24-1-5P,miRNA,OXALIPLATIN,DB00526,6857599
HSA-MIR-24-1-PRE,miRNA,IMATINIB,DB00619,5291
HSA-MIR-24-2,miRNA,PLX-4720,DB06999,24180719
HSA-MIR-24-2,miRNA,DABRAFENIB,DB08912,44462760
HSA-MIR-24-2-5P,miRNA,GEMCITABINE,DB00441,60750
HSA-MIR-24-2-5P,miRNA,TAMOXIFEN,DB00675,2733525
HSA-MIR-24-2-5P,miRNA,CISPLATIN,DB00515,5460033
HSA-MIR-24-2-5P,miRNA,OXALIPLATIN,DB00526,6857599
HSA-MIR-24-2-5P,miRNA,GEFITINIB,DB00317,123631
HSA-MIR-24-3P,miRNA,METHOTREXATE,DB00563,126941
HSA-MIR-24-3P,miRNA,TAMOXIFEN,DB00675,2733525
HSA-MIR-24-3P,miRNA,DOCETAXEL,DB01248,148124
HSA-MIR-24-3P,miRNA,FLUOROURACIL,DB00544,3385
HSA-MIR-24-3P,miRNA,CISPLATIN,DB00515,5460033
HSA-MIR-24-3P,miRNA,ETOPOSIDE,DB00773,36462
HSA-MIR-24-3P,miRNA,OXALIPLATIN,DB00526,6857599
HSA-MIR-24-3P,miRNA,PLATINUM,DB12257,23939
HSA-MIR-24-3P,miRNA,MITOXANTRONE,DB01204,4212
HSA-MIR-24-3P,miRNA,PACLITAXEL,DB01229,36314
HSA-MIR-24-3P,miRNA,GEMCITABINE,DB00441,60750
HSA-MIR-24-3P,miRNA,AZACITIDINE,DB00928,9444
HSA-MIR-24-3P,miRNA,TRAMETINIB,DB08911,11707110
HSA-MIR-24-3P,miRNA,VEMURAFENIB,DB08881,42611257
HSA-MIR-24-3P,miRNA,VINCRISTINE,DB00541,5978
HSA-MIR-24-3P,miRNA,CYTARABINE,DB00987,6253
HSA-MIR-24-3P,miRNA,ANTHRACYCLINE,DB00694,30323
HSA-MIR-24-3P,miRNA,CYCLOPHOSPHAMIDE,DB00531,2907
HSA-MIR-24-3P,miRNA,TAXOL,DB01229,36314
HSA-MIR-24-3P,miRNA,TEMOZOLOMIDE,DB00853,5394
HSA-MIR-246-5P,miRNA,SORAFENIB,DB00398,216239
HSA-MIR-2467,miRNA,FLUOROURACIL,DB00544,3385
HSA-MIR-2467,miRNA,GEMCITABINE,DB00441,60750
HSA-MIR-2467-3P,miRNA,CISPLATIN,DB00515,5460033
HSA-MIR-25-3P,miRNA,DOXORUBICIN,DB00997,31703
HSA-MIR-25-3P,miRNA,VERAPAMIL,DB00661,2520
HSA-MIR-25-3P,miRNA,FLUOROURACIL,DB00544,3385
HSA-MIR-25-3P,miRNA,CISPLATIN,DB00515,5460033
HSA-MIR-25-3P,miRNA,OXALIPLATIN,DB00526,6857599
HSA-MIR-25-3P,miRNA,DOCETAXEL,DB01248,148124
HSA-MIR-25-3P,miRNA,EPIRUBICIN,DB00445,41867
HSA-MIR-25-3P,miRNA,GEMCITABINE,DB00441,60750
HSA-MIR-25-3P,miRNA,IMATINIB,DB00619,5291
HSA-MIR-25-3P,miRNA,PACLITAXEL,DB01229,36314
HSA-MIR-25-3P,miRNA,PLATINUM,DB12257,23939
HSA-MIR-25-3P,miRNA,DAUNORUBICIN,DB00694,30323
HSA-MIR-25-3P,miRNA,VEMURAFENIB,DB08881,42611257
HSA-MIR-25-3P,miRNA,TEMOZOLOMIDE,DB00853,5394
HSA-MIR-25-3P,miRNA,GEFITINIB,DB00317,123631
HSA-MIR-25-3P,miRNA,DEXAMETHASONE,DB01234,5743
HSA-MIR-25-3P,miRNA,SORAFENIB,DB00398,216239
HSA-MIR-25-5P,miRNA,CISPLATIN,DB00515,5460033
HSA-MIR-25-5P,miRNA,FLUOROURACIL,DB00544,3385
HSA-MIR-25-5P,miRNA,VINCRISTINE,DB00541,5978
HSA-MIR-25-5P,miRNA,GEMCITABINE,DB00441,60750
HSA-MIR-25-5P,miRNA,DOXORUBICIN,DB00997,31703
HSA-MIR-25-5P,miRNA,VEMURAFENIB,DB08881,42611257
HSA-MIR-25-5P,miRNA,DABRAFENIB,DB08912,44462760
HSA-MIR-25-5P,miRNA,IMATINIB,DB00619,5291
HSA-MIR-25-5P,miRNA,PONATINIB,DB08901,24826799
HSA-MIR-25-5P,miRNA,RUXOLITINIB,DB08877,25126798
HSA-MIR-25A,miRNA,SORAFENIB,DB00398,216239
HSA-MIR-25A-5P,miRNA,CISPLATIN,DB00515,5460033
HSA-MIR-25B-5P,miRNA,CISPLATIN,DB00515,5460033
HSA-MIR-2682-5P,miRNA,DOXORUBICIN,DB00997,31703
HSA-MIR-2682-5P,miRNA,GEFITINIB,DB00317,123631
HSA-MIR-26A-1,miRNA,IMATINIB,DB00619,5291
HSA-MIR-26A-1-3P,miRNA,GEMCITABINE,DB00441,60750
HSA-MIR-26A-1-3P,miRNA,CISPLATIN,DB00515,5460033
HSA-MIR-26A-1-3P,miRNA,SUNITINIB,DB01268,5329102
HSA-MIR-26A-1-3P,miRNA,DOCETAXEL,DB01248,148124
HSA-MIR-26A-2,miRNA,CERITINIB,DB09063,57379345
HSA-MIR-26A-2-3P,miRNA,CERITINIB,DB09063,57379345
HSA-MIR-26A-5P,miRNA,DOXORUBICIN,DB00997,31703
HSA-MIR-26A-5P,miRNA,VERAPAMIL,DB00661,2520
HSA-MIR-26A-5P,miRNA,DOCETAXEL,DB01248,148124
HSA-MIR-26A-5P,miRNA,FLUOROURACIL,DB00544,3385
HSA-MIR-26A-5P,miRNA,PACLITAXEL,DB01229,36314
HSA-MIR-26A-5P,miRNA,OXALIPLATIN,DB00526,6857599
HSA-MIR-26A-5P,miRNA,IMATINIB,DB00619,5291
HSA-MIR-26A-5P,miRNA,CISPLATIN,DB00515,5460033
HSA-MIR-26A-5P,miRNA,PLATINUM,DB12257,23939
HSA-MIR-26A-5P,miRNA,MITOXANTRONE,DB01204,4212
HSA-MIR-26A-5P,miRNA,GEFITINIB,DB00317,123631
HSA-MIR-26A-5P,miRNA,TAMOXIFEN,DB00675,2733525
HSA-MIR-26A-5P,miRNA,DAUNORUBICIN,DB00694,30323
HSA-MIR-26A-5P,miRNA,TEMOZOLOMIDE,DB00853,5394
HSA-MIR-26A-5P,miRNA,DABRAFENIB,DB08912,44462760
HSA-MIR-26A-5P,miRNA,BORTEZOMIB,DB00188,387447
HSA-MIR-26A-5P,miRNA,MELPHALAN,DB01042,460612
HSA-MIR-26A-5P,miRNA,GEMCITABINE,DB00441,60750
HSA-MIR-26A-MM1,miRNA,VERAPAMIL,DB00661,2520
HSA-MIR-26A-MM1,miRNA,DOXORUBICIN,DB00997,31703
HSA-MIR-26B-3P,miRNA,IMATINIB,DB00619,5291
HSA-MIR-26B-3P,miRNA,FULVESTRANT,DB00947,17756771
HSA-MIR-26B-5P,miRNA,ETOPOSIDE,DB00773,36462
HSA-MIR-26B-5P,miRNA,FLUOROURACIL,DB00544,3385
HSA-MIR-26B-5P,miRNA,CISPLATIN,DB00515,5460033
HSA-MIR-26B-5P,miRNA,CARBOPLATIN,DB00958,38904
HSA-MIR-26B-5P,miRNA,VINCRISTINE,DB00541,5978
HSA-MIR-26B-5P,miRNA,DOXORUBICIN,DB00997,31703
HSA-MIR-26B-5P,miRNA,MITOMYCIN C,DB00305,5746
HSA-MIR-26B-5P,miRNA,OXALIPLATIN,DB00526,6857599
HSA-MIR-26B-5P,miRNA,DOCETAXEL,DB01248,148124
HSA-MIR-26B-5P,miRNA,PLATINUM,DB12257,23939
HSA-MIR-26B-5P,miRNA,TAMOXIFEN,DB00675,2733525
HSA-MIR-26B-5P,miRNA,TEMOZOLOMIDE,DB00853,5394
HSA-MIR-26B-5P,miRNA,DAUNORUBICIN,DB00694,30323
HSA-MIR-26B-5P,miRNA,PACLITAXEL,DB01229,36314
HSA-MIR-26B-5P,miRNA,IMATINIB,DB00619,5291
HSA-MIR-26B-5P,miRNA,AZACITIDINE,DB00928,9444
HSA-MIR-26B-5P,miRNA,TRAMETINIB,DB08911,11707110
HSA-MIR-26B-5P,miRNA,VEMURAFENIB,DB08881,42611257
HSA-MIR-26B-5P,miRNA,GEMCITABINE,DB00441,60750
HSA-MIR-26B-5P,miRNA,SORAFENIB,DB00398,216239
HSA-MIR-27,miRNA,TAMOXIFEN,DB00675,2733525
HSA-MIR-27,miRNA,GEFITINIB,DB00317,123631
HSA-MIR-275,miRNA,VINCRISTINE,DB00541,5978
HSA-MIR-275,miRNA,OXALIPLATIN,DB00526,6857599
HSA-MIR-276-3P,miRNA,CISPLATIN,DB00515,5460033
HSA-MIR-27A,miRNA,CISPLATIN,DB00515,5460033
HSA-MIR-27A-3P,miRNA,HYDROXYUREA,DB01005,3657
HSA-MIR-27A-3P,miRNA,VINBLASTINE,DB00570,442111
HSA-MIR-27A-3P,miRNA,DOXORUBICIN,DB00997,31703
HSA-MIR-27A-3P,miRNA,CISPLATIN,DB00515,5460033
HSA-MIR-27A-3P,miRNA,VINCRISTINE,DB00541,5978
HSA-MIR-27A-3P,miRNA,FLUOROURACIL,DB00544,3385
HSA-MIR-27A-3P,miRNA,PACLITAXEL,DB01229,36314
HSA-MIR-27A-3P,miRNA,10-HYDROXYCAMPTOTHECIN,DB12385,97226
HSA-MIR-27A-3P,miRNA,GEMCITABINE,DB00441,60750
HSA-MIR-27A-3P,miRNA,OXALIPLATIN,DB00526,6857599
HSA-MIR-27A-3P,miRNA,DOCETAXEL,DB01248,148124
HSA-MIR-27A-3P,miRNA,BORTEZOMIB,DB00188,387447
HSA-MIR-27A-3P,miRNA,PLX-4720,DB06999,24180719
HSA-MIR-27A-3P,miRNA,PLATINUM,DB12257,23939
HSA-MIR-27A-3P,miRNA,VEMURAFENIB,DB08881,42611257
HSA-MIR-27A-3P,miRNA,ETOPOSIDE,DB00773,36462
HSA-MIR-27A-3P,miRNA,TAMOXIFEN,DB00675,2733525
HSA-MIR-27A-3P,miRNA,FULVESTRANT,DB00947,17756771
HSA-MIR-27A-3P,miRNA,QUISINOSTAT,DB12985,11538455
HSA-MIR-27A-3P,miRNA,DABRAFENIB,DB08912,44462760
HSA-MIR-27A-3P,miRNA,TAXOL,DB01229,36314
HSA-MIR-27A-3P,miRNA,SORAFENIB,DB00398,216239
HSA-MIR-27A-3P,miRNA,PROPRANOLOL,DB00571,4946
HSA-MIR-27A-3P,miRNA,GEFITINIB,DB00317,123631
HSA-MIR-27A-3P,miRNA,TEMOZOLOMIDE,DB00853,5394
HSA-MIR-27A-5P,miRNA,DABRAFENIB,DB08912,44462760
HSA-MIR-27A-5P,miRNA,VEMURAFENIB,DB08881,42611257
HSA-MIR-27A-5P,miRNA,IMATINIB,DB00619,5291
HSA-MIR-27A-5P,miRNA,GEMCITABINE,DB00441,60750
HSA-MIR-27A-5P,miRNA,FLUOROURACIL,DB00544,3385
HSA-MIR-27A-5P,miRNA,OXALIPLATIN,DB00526,6857599
HSA-MIR-27A-5P,miRNA,DOXORUBICIN,DB00997,31703
HSA-MIR-27B,miRNA,TAMOXIFEN,DB00675,2733525
HSA-MIR-27B-3P,miRNA,DOXORUBICIN,DB00997,31703
HSA-MIR-27B-3P,miRNA,CYCLOPHOSPHAMIDE,DB00531,2907
HSA-MIR-27B-3P,miRNA,IMATINIB,DB00619,5291
HSA-MIR-27B-3P,miRNA,RIBAVIRIN,DB00811,37542
HSA-MIR-27B-3P,miRNA,CISPLATIN,DB00515,5460033
HSA-MIR-27B-3P,miRNA,METHOTREXATE,DB00563,126941
HSA-MIR-27B-3P,miRNA,CARBOPLATIN,DB00958,38904
HSA-MIR-27B-3P,miRNA,MITOMYCIN C,DB00305,5746
HSA-MIR-27B-3P,miRNA,VINCRISTINE,DB00541,5978
HSA-MIR-27B-3P,miRNA,OXALIPLATIN,DB00526,6857599
HSA-MIR-27B-3P,miRNA,PACLITAXEL,DB01229,36314
HSA-MIR-27B-3P,miRNA,GEMCITABINE,DB00441,60750
HSA-MIR-27B-3P,miRNA,FLUOROURACIL,DB00544,3385
HSA-MIR-27B-3P,miRNA,EPIRUBICIN,DB00445,41867
HSA-MIR-27B-3P,miRNA,ETOPOSIDE,DB00773,36462
HSA-MIR-27B-3P,miRNA,SORAFENIB,DB00398,216239
HSA-MIR-27B-3P,miRNA,GEFITINIB,DB00317,123631
HSA-MIR-27B-3P,miRNA,DOCETAXEL,DB01248,148124
HSA-MIR-27B-3P,miRNA,PLX-4720,DB06999,24180719
HSA-MIR-27B-3P,miRNA,PLATINUM,DB12257,23939
HSA-MIR-27B-3P,miRNA,TAMOXIFEN,DB00675,2733525
HSA-MIR-27B-3P,miRNA,SUNITINIB,DB01268,5329102
HSA-MIR-27B-3P,miRNA,FULVESTRANT,DB00947,17756771
HSA-MIR-27B-3P,miRNA,TRAMETINIB,DB08911,11707110
HSA-MIR-27B-3P,miRNA,VEMURAFENIB,DB08881,42611257
HSA-MIR-27B-3P,miRNA,DABRAFENIB,DB08912,44462760
HSA-MIR-27B-3P,miRNA,TAXANE,NA,9548828
HSA-MIR-27B-5P,miRNA,OXALIPLATIN,DB00526,6857599
HSA-MIR-27B-5P,miRNA,CISPLATIN,DB00515,5460033
HSA-MIR-27B-PRE,miRNA,IMATINIB,DB00619,5291
HSA-MIR-28,miRNA,CISPLATIN,DB00515,5460033
HSA-MIR-28-3P,miRNA,CISPLATIN,DB00515,5460033
HSA-MIR-28-3P,miRNA,PACLITAXEL,DB01229,36314
HSA-MIR-28-3P,miRNA,OXALIPLATIN,DB00526,6857599
HSA-MIR-28-5P,miRNA,DOXORUBICIN,DB00997,31703
HSA-MIR-28-5P,miRNA,VERAPAMIL,DB00661,2520
HSA-MIR-28-5P,miRNA,PACLITAXEL,DB01229,36314
HSA-MIR-28-5P,miRNA,GEMCITABINE,DB00441,60750
HSA-MIR-28-5P,miRNA,EPIRUBICIN,DB00445,41867
HSA-MIR-28-5P,miRNA,TAXANE,NA,9548828
HSA-MIR-28-5P,miRNA,CISPLATIN,DB00515,5460033
HSA-MIR-28-5P,miRNA,PLATINUM,DB12257,23939
HSA-MIR-286-3P,miRNA,SORAFENIB,DB00398,216239
HSA-MIR-2861,miRNA,CISPLATIN,DB00515,5460033
HSA-MIR-2861,miRNA,GEMCITABINE,DB00441,60750
HSA-MIR-2861,miRNA,FLUOROURACIL,DB00544,3385
HSA-MIR-2861,miRNA,BORTEZOMIB,DB00188,387447
HSA-MIR-2861,miRNA,PLATINUM,DB12257,23939
HSA-MIR-2861,miRNA,DOXORUBICIN,DB00997,31703
HSA-MIR-2861,miRNA,CURCUMIN,DB11672,969516
HSA-MIR-2861,miRNA,FULVESTRANT,DB00947,17756771
HSA-MIR-2861,miRNA,PACLITAXEL,DB01229,36314
HSA-MIR-28A,miRNA,DOXORUBICIN,DB00997,31703
HSA-MIR-29,miRNA,CISPLATIN,DB00515,5460033
HSA-MIR-29,miRNA,SINOMENINE,DB16892,5459308
HSA-MIR-294,miRNA,CISPLATIN,DB00515,5460033
HSA-MIR-295,miRNA,DOXORUBICIN,DB00997,31703
HSA-MIR-296-3P,miRNA,CISPLATIN,DB00515,5460033
HSA-MIR-296-3P,miRNA,PACLITAXEL,DB01229,36314
HSA-MIR-296-3P,miRNA,FLUOROURACIL,DB00544,3385
HSA-MIR-296-3P,miRNA,VEMURAFENIB,DB08881,42611257
HSA-MIR-296-3P,miRNA,DABRAFENIB,DB08912,44462760
HSA-MIR-296-3P,miRNA,SUNITINIB,DB01268,5329102
HSA-MIR-296-3P,miRNA,PLATINUM,DB12257,23939
HSA-MIR-296-5P,miRNA,CISPLATIN,DB00515,5460033
HSA-MIR-296-5P,miRNA,VINCRISTINE,DB00541,5978
HSA-MIR-296-5P,miRNA,FLUOROURACIL,DB00544,3385
HSA-MIR-296-5P,miRNA,DOXORUBICIN,DB00997,31703
HSA-MIR-296-5P,miRNA,CAPECITABINE,DB01101,60953
HSA-MIR-296-5P,miRNA,SUNITINIB,DB01268,5329102
HSA-MIR-296-5P,miRNA,IMATINIB,DB00619,5291
HSA-MIR-296-5P,miRNA,PACLITAXEL,DB01229,36314
HSA-MIR-296-5P,miRNA,PLATINUM,DB12257,23939
HSA-MIR-296-5P,miRNA,GEMCITABINE,DB00441,60750
HSA-MIR-297,miRNA,DOXORUBICIN,DB00997,31703
HSA-MIR-297,miRNA,MITOMYCIN C,DB00305,5746
HSA-MIR-297,miRNA,OXALIPLATIN,DB00526,6857599
HSA-MIR-297,miRNA,VINCRISTINE,DB00541,5978
HSA-MIR-297,miRNA,CISPLATIN,DB00515,5460033
HSA-MIR-297,miRNA,PACLITAXEL,DB01229,36314
HSA-MIR-298,miRNA,DOXORUBICIN,DB00997,31703
HSA-MIR-298,miRNA,ETOPOSIDE,DB00773,36462
HSA-MIR-298,miRNA,PLATINUM,DB12257,23939
HSA-MIR-298,miRNA,IMATINIB,DB00619,5291
HSA-MIR-298,miRNA,PHENYTOIN,DB00252,1775
HSA-MIR-298,miRNA,CISPLATIN,DB00515,5460033
HSA-MIR-299-3P,miRNA,DOXORUBICIN,DB00997,31703
HSA-MIR-299-3P,miRNA,VERAPAMIL,DB00661,2520
HSA-MIR-299-3P,miRNA,GEFITINIB,DB00317,123631
HSA-MIR-299-3P,miRNA,PACLITAXEL,DB01229,36314
HSA-MIR-299-3P,miRNA,PLATINUM,DB12257,23939
HSA-MIR-299-3P,miRNA,FLUOROURACIL,DB00544,3385
HSA-MIR-299-3P,miRNA,CISPLATIN,DB00515,5460033
HSA-MIR-299-3P,miRNA,DOCETAXEL,DB01248,148124
HSA-MIR-299-5P,miRNA,CISPLATIN,DB00515,5460033
HSA-MIR-299-5P,miRNA,TEMOZOLOMIDE,DB00853,5394
HSA-MIR-29A,miRNA,CISPLATIN,DB00515,5460033
HSA-MIR-29A,miRNA,SORAFENIB,DB00398,216239
HSA-MIR-29A-3P,miRNA,DOXORUBICIN,DB00997,31703
HSA-MIR-29A-3P,miRNA,ETOPOSIDE,DB00773,36462
HSA-MIR-29A-3P,miRNA,CISPLATIN,DB00515,5460033
HSA-MIR-29A-3P,miRNA,PACLITAXEL,DB01229,36314
HSA-MIR-29A-3P,miRNA,FLUDARABINE,DB01073,657237
HSA-MIR-29A-3P,miRNA,SUNITINIB,DB01268,5329102
HSA-MIR-29A-3P,miRNA,GEMCITABINE,DB00441,60750
HSA-MIR-29A-3P,miRNA,DOCETAXEL,DB01248,148124
HSA-MIR-29A-3P,miRNA,OXALIPLATIN,DB00526,6857599
HSA-MIR-29A-3P,miRNA,TAXANE,NA,9548828
HSA-MIR-29A-3P,miRNA,TAMOXIFEN,DB00675,2733525
HSA-MIR-29A-3P,miRNA,PLATINUM,DB12257,23939
HSA-MIR-29A-3P,miRNA,MITOXANTRONE,DB01204,4212
HSA-MIR-29A-3P,miRNA,SORAFENIB,DB00398,216239
HSA-MIR-29A-3P,miRNA,IMATINIB MESYLATE,NA,123596
HSA-MIR-29A-3P,miRNA,DASATINIB,DB01254,3062316
HSA-MIR-29A-3P,miRNA,PONATINIB,DB08901,24826799
HSA-MIR-29A-3P,miRNA,DAUNORUBICIN,DB00694,30323
HSA-MIR-29A-3P,miRNA,TAXOL,DB01229,36314
HSA-MIR-29A-3P,miRNA,METHOTREXATE,DB00563,126941
HSA-MIR-29A-3P,miRNA,CRIZOTINIB,DB08865,11626560
HSA-MIR-29A-3P,miRNA,LORLATINIB,DB12130,71731823
HSA-MIR-29A-3P,miRNA,FLUOROURACIL,DB00544,3385
HSA-MIR-29A-3P,miRNA,TOPOTECAN,DB01030,60699
HSA-MIR-29A-3P,miRNA,DABRAFENIB,DB08912,44462760
HSA-MIR-29A-3P,miRNA,TEMOZOLOMIDE,DB00853,5394
HSA-MIR-29A-5P,miRNA,DOXORUBICIN,DB00997,31703
HSA-MIR-29A-5P,miRNA,VERAPAMIL,DB00661,2520
HSA-MIR-29A-5P,miRNA,FLUOROURACIL,DB00544,3385
HSA-MIR-29A-5P,miRNA,GEMCITABINE,DB00441,60750
HSA-MIR-29A-5P,miRNA,MITOXANTRONE,DB01204,4212
HSA-MIR-29A-5P,miRNA,SORAFENIB,DB00398,216239
HSA-MIR-29A-5P,miRNA,IMATINIB,DB00619,5291
HSA-MIR-29A-5P,miRNA,FULVESTRANT,DB00947,17756771
HSA-MIR-29B,miRNA,SORAFENIB,DB00398,216239
HSA-MIR-29B-1,miRNA,NAVITOCLAX,DB12340,24978538
HSA-MIR-29B-1,miRNA,CISPLATIN,DB00515,5460033
HSA-MIR-29B-1,miRNA,DOXORUBICIN,DB00997,31703
HSA-MIR-29B-1,miRNA,TAMOXIFEN,DB00675,2733525
HSA-MIR-29B-1,miRNA,PACLITAXEL,DB01229,36314
HSA-MIR-29B-1,miRNA,FULVESTRANT,DB00947,17756771
HSA-MIR-29B-1,miRNA,SORAFENIB,DB00398,216239
HSA-MIR-29B-1-5P,miRNA,OXALIPLATIN,DB00526,6857599
HSA-MIR-29B-1-5P,miRNA,FLUOROURACIL,DB00544,3385
HSA-MIR-29B-1-5P,miRNA,GEMCITABINE,DB00441,60750
HSA-MIR-29B-1-5P,miRNA,TAXANE,NA,9548828
HSA-MIR-29B-1-5P,miRNA,SORAFENIB,DB00398,216239
HSA-MIR-29B-1-5P,miRNA,TAMOXIFEN,DB00675,2733525
HSA-MIR-29B-1-5P,miRNA,CISPLATIN,DB00515,5460033
HSA-MIR-29B-1-5P,miRNA,VEMURAFENIB,DB08881,42611257
HSA-MIR-29B-1-5P,miRNA,DABRAFENIB,DB08912,44462760
HSA-MIR-29B-1-5P,miRNA,PACLITAXEL,DB01229,36314
HSA-MIR-29B-1-5P,miRNA,CURCUMIN,DB11672,969516
HSA-MIR-29B-1-5P,miRNA,DOXORUBICIN,DB00997,31703
HSA-MIR-29B-1-5P,miRNA,SUNITINIB,DB01268,5329102
HSA-MIR-29B-1-5P,miRNA,PONATINIB,DB08901,24826799
HSA-MIR-29B-1-5P,miRNA,IMATINIB,DB00619,5291
HSA-MIR-29B-1-5P,miRNA,METHOTREXATE,DB00563,126941
HSA-MIR-29B-2,miRNA,FULVESTRANT,DB00947,17756771
HSA-MIR-29B-2,miRNA,CERITINIB,DB09063,57379345
HSA-MIR-29B-2,miRNA,PANOBINOSTAT,DB06603,6918837
HSA-MIR-29B-2,miRNA,SORAFENIB,DB00398,216239
HSA-MIR-29B-2-5P,miRNA,NAVITOCLAX,DB12340,24978538
HSA-MIR-29B-2-5P,miRNA,CAPECITABINE,DB01101,60953
HSA-MIR-29B-2-5P,miRNA,FLUOROURACIL,DB00544,3385
HSA-MIR-29B-2-5P,miRNA,DOXORUBICIN,DB00997,31703
HSA-MIR-29B-2-5P,miRNA,VINCRISTINE,DB00541,5978
HSA-MIR-29B-2-5P,miRNA,PREDNISONE,DB00635,5865
HSA-MIR-29B-2-5P,miRNA,CERITINIB,DB09063,57379345
HSA-MIR-29B-2-5P,miRNA,GEFITINIB,DB00317,123631
HSA-MIR-29B-3P,miRNA,DOXORUBICIN,DB00997,31703
HSA-MIR-29B-3P,miRNA,ETOPOSIDE,DB00773,36462
HSA-MIR-29B-3P,miRNA,CISPLATIN,DB00515,5460033
HSA-MIR-29B-3P,miRNA,PACLITAXEL,DB01229,36314
HSA-MIR-29B-3P,miRNA,IMATINIB,DB00619,5291
HSA-MIR-29B-3P,miRNA,TAMOXIFEN,DB00675,2733525
HSA-MIR-29B-3P,miRNA,CYCLOPAMINE,NA,442972
HSA-MIR-29B-3P,miRNA,DECITABINE,DB01262,451668
HSA-MIR-29B-3P,miRNA,GEMCITABINE,DB00441,60750
HSA-MIR-29B-3P,miRNA,OXALIPLATIN,DB00526,6857599
HSA-MIR-29B-3P,miRNA,ETHANOL,DB00898,702
HSA-MIR-29B-3P,miRNA,FLUOROURACIL,DB00544,3385
HSA-MIR-29B-3P,miRNA,BORTEZOMIB,DB00188,387447
HSA-MIR-29B-3P,miRNA,CARFILZOMIB,DB08889,11556711
HSA-MIR-29B-3P,miRNA,IXAZOMIB,DB09570,25183872
HSA-MIR-29B-3P,miRNA,TAXANE,NA,9548828
HSA-MIR-29B-3P,miRNA,PLATINUM,DB12257,23939
HSA-MIR-29B-3P,miRNA,SORAFENIB,DB00398,216239
HSA-MIR-29B-3P,miRNA,VEMURAFENIB,DB08881,42611257
HSA-MIR-29B-3P,miRNA,DABRAFENIB,DB08912,44462760
HSA-MIR-29B-3P,miRNA,CURCUMIN,DB11672,969516
HSA-MIR-29B-3P,miRNA,METHOTREXATE,DB00563,126941
HSA-MIR-29B-3P,miRNA,CRIZOTINIB,DB08865,11626560
HSA-MIR-29B-3P,miRNA,LORLATINIB,DB12130,71731823
HSA-MIR-29B-3P,miRNA,FULVESTRANT,DB00947,17756771
HSA-MIR-29B-3P,miRNA,TEMOZOLOMIDE,DB00853,5394
HSA-MIR-29B-3P,miRNA,PALBOCICLIB,DB09073,5330286
HSA-MIR-29C,miRNA,CERITINIB,DB09063,57379345
HSA-MIR-29C-3P,miRNA,DOXORUBICIN,DB00997,31703
HSA-MIR-29C-3P,miRNA,VERAPAMIL,DB00661,2520
HSA-MIR-29C-3P,miRNA,ETOPOSIDE,DB00773,36462
HSA-MIR-29C-3P,miRNA,FLUOROURACIL,DB00544,3385
HSA-MIR-29C-3P,miRNA,CISPLATIN,DB00515,5460033
HSA-MIR-29C-3P,miRNA,PACLITAXEL,DB01229,36314
HSA-MIR-29C-3P,miRNA,GEMCITABINE,DB00441,60750
HSA-MIR-29C-3P,miRNA,DOCETAXEL,DB01248,148124
HSA-MIR-29C-3P,miRNA,OXALIPLATIN,DB00526,6857599
HSA-MIR-29C-3P,miRNA,IMATINIB,DB00619,5291
HSA-MIR-29C-3P,miRNA,BORTEZOMIB,DB00188,387447
HSA-MIR-29C-3P,miRNA,SUNITINIB,DB01268,5329102
HSA-MIR-29C-3P,miRNA,TEMOZOLOMIDE,DB00853,5394
HSA-MIR-29C-3P,miRNA,PLATINUM,DB12257,23939
HSA-MIR-29C-3P,miRNA,CURCUMIN,DB11672,969516
HSA-MIR-29C-3P,miRNA,TAMOXIFEN,DB00675,2733525
HSA-MIR-29C-3P,miRNA,CERITINIB,DB09063,57379345
HSA-MIR-29C-3P,miRNA,GEFITINIB,DB00317,123631
HSA-MIR-29C-3P,miRNA,METHOTREXATE,DB00563,126941
HSA-MIR-29C-3P,miRNA,CRIZOTINIB,DB08865,11626560
HSA-MIR-29C-3P,miRNA,LORLATINIB,DB12130,71731823
HSA-MIR-29C-3P,miRNA,BROMOCRIPTINE,DB01200,31101
HSA-MIR-29C-5P,miRNA,AZACITIDINE,DB00928,9444
HSA-MIR-29C-5P,miRNA,CERITINIB,DB09063,57379345
HSA-MIR-29C-5P,miRNA,BROMOCRIPTINE,DB01200,31101
HSA-MIR-2B-3P,miRNA,CHLORANTRANILIPROLE,NA,11271640
HSA-MIR-30,miRNA,DOXORUBICIN,DB00997,31703
HSA-MIR-30,miRNA,LAPATINIB,DB01259,208908
HSA-MIR-30-5P,miRNA,FLUOROURACIL,DB00544,3385
HSA-MIR-30-5P,miRNA,DOXORUBICIN,DB00997,31703
HSA-MIR-300,miRNA,CISPLATIN,DB00515,5460033
HSA-MIR-300,miRNA,CARBOPLATIN,DB00958,38904
HSA-MIR-300,miRNA,DOXORUBICIN,DB00997,31703
HSA-MIR-300,miRNA,VINCRISTINE,DB00541,5978
HSA-MIR-300,miRNA,MITOMYCIN C,DB00305,5746
HSA-MIR-300,miRNA,TAMOXIFEN,DB00675,2733525
HSA-MIR-300,miRNA,TRAMETINIB,DB08911,11707110
HSA-MIR-300,miRNA,VEMURAFENIB,DB08881,42611257
HSA-MIR-301A-3P,miRNA,DOXORUBICIN,DB00997,31703
HSA-MIR-301A-3P,miRNA,ERLOTINIB,DB00530,176870
HSA-MIR-301A-3P,miRNA,GEMCITABINE,DB00441,60750
HSA-MIR-301A-3P,miRNA,OXALIPLATIN,DB00526,6857599
HSA-MIR-301A-3P,miRNA,DOCETAXEL,DB01248,148124
HSA-MIR-301A-3P,miRNA,FLUOROURACIL,DB00544,3385
HSA-MIR-301A-3P,miRNA,BORTEZOMIB,DB00188,387447
HSA-MIR-301A-3P,miRNA,IMATINIB,DB00619,5291
HSA-MIR-301A-3P,miRNA,CISPLATIN,DB00515,5460033
HSA-MIR-301A-3P,miRNA,TAXANE,NA,9548828
HSA-MIR-301A-3P,miRNA,PACLITAXEL,DB01229,36314
HSA-MIR-301A-3P,miRNA,VEMURAFENIB,DB08881,42611257
HSA-MIR-301A-3P,miRNA,DABRAFENIB,DB08912,44462760
HSA-MIR-301A-3P,miRNA,LEVETIRACETAM,DB01202,5284583
HSA-MIR-301A-3P,miRNA,TAMOXIFEN,DB00675,2733525
HSA-MIR-301A-3P,miRNA,TRAMETINIB,DB08911,11707110
HSA-MIR-301A-3P,miRNA,TEMOZOLOMIDE,DB00853,5394
HSA-MIR-301A-3P,miRNA,SORAFENIB,DB00398,216239
HSA-MIR-301A-5P,miRNA,FLUOROURACIL,DB00544,3385
HSA-MIR-301B-3P,miRNA,DOXORUBICIN,DB00997,31703
HSA-MIR-301B-3P,miRNA,VERAPAMIL,DB00661,2520
HSA-MIR-301B-3P,miRNA,DOCETAXEL,DB01248,148124
HSA-MIR-301B-3P,miRNA,GEMCITABINE,DB00441,60750
HSA-MIR-301B-3P,miRNA,FLUOROURACIL,DB00544,3385
HSA-MIR-301B-3P,miRNA,PACLITAXEL,DB01229,36314
HSA-MIR-302,miRNA,CISPLATIN,DB00515,5460033
HSA-MIR-302,miRNA,SORAFENIB,DB00398,216239
HSA-MIR-302A,miRNA,CISPLATIN,DB00515,5460033
HSA-MIR-302A-3P,miRNA,DOXORUBICIN,DB00997,31703
HSA-MIR-302A-3P,miRNA,VERAPAMIL,DB00661,2520
HSA-MIR-302A-3P,miRNA,CISPLATIN,DB00515,5460033
HSA-MIR-302A-3P,miRNA,MITOXANTRONE,DB01204,4212
HSA-MIR-302A-3P,miRNA,AXITINIB,DB06626,6450551
HSA-MIR-302A-3P,miRNA,SUNITINIB,DB01268,5329102
HSA-MIR-302A-3P,miRNA,IMATINIB,DB00619,5291
HSA-MIR-302A-3P,miRNA,PACLITAXEL,DB01229,36314
HSA-MIR-302A-3P,miRNA,METHOTREXATE,DB00563,126941
HSA-MIR-302A-3P,miRNA,TEMOZOLOMIDE,DB00853,5394
HSA-MIR-302A-3P,miRNA,PAZOPANIB,DB06589,10113978
HSA-MIR-302A-5P,miRNA,PALBOCICLIB,DB09073,5330286
HSA-MIR-302B-3P,miRNA,CISPLATIN,DB00515,5460033
HSA-MIR-302B-3P,miRNA,DOXORUBICIN,DB00997,31703
HSA-MIR-302B-3P,miRNA,MITOXANTRONE,DB01204,4212
HSA-MIR-302B-3P,miRNA,SUNITINIB,DB01268,5329102
HSA-MIR-302B-5P,miRNA,PACLITAXEL,DB01229,36314
HSA-MIR-302B-5P,miRNA,CELASTROL,NA,12302620
HSA-MIR-302B-5P,miRNA,DOCETAXEL,DB01248,148124
HSA-MIR-302B-5P,miRNA,DOXORUBICIN,DB00997,31703
HSA-MIR-302B-5P,miRNA,TAXOL,DB01229,36314
HSA-MIR-302C-3P,miRNA,VERAPAMIL,DB00661,2520
HSA-MIR-302C-3P,miRNA,DOXORUBICIN,DB00997,31703
HSA-MIR-302C-3P,miRNA,CISPLATIN,DB00515,5460033
HSA-MIR-302C-3P,miRNA,SUNITINIB,DB01268,5329102
HSA-MIR-302C-3P,miRNA,MITOXANTRONE,DB01204,4212
HSA-MIR-302C-3P,miRNA,FLUOROURACIL,DB00544,3385
HSA-MIR-302C-3P,miRNA,TEMOZOLOMIDE,DB00853,5394
HSA-MIR-302C-5P,miRNA,DOXORUBICIN,DB00997,31703
HSA-MIR-302C-5P,miRNA,VERAPAMIL,DB00661,2520
HSA-MIR-302C-5P,miRNA,IMATINIB,DB00619,5291
HSA-MIR-302C-5P,miRNA,OXALIPLATIN,DB00526,6857599
HSA-MIR-302D-3P,miRNA,CISPLATIN,DB00515,5460033
HSA-MIR-302D-3P,miRNA,CARBOPLATIN,DB00958,38904
HSA-MIR-302D-3P,miRNA,MITOXANTRONE,DB01204,4212
HSA-MIR-302D-3P,miRNA,CELASTROL,NA,12302620
HSA-MIR-302D-3P,miRNA,SUNITINIB,DB01268,5329102
HSA-MIR-302D-3P,miRNA,VEMURAFENIB,DB08881,42611257
HSA-MIR-302D-3P,miRNA,METHOTREXATE,DB00563,126941
HSA-MIR-302D-5P,miRNA,PONATINIB,DB08901,24826799
HSA-MIR-302D-5P,miRNA,IMATINIB,DB00619,5291
HSA-MIR-302E,miRNA,SUNITINIB,DB01268,5329102
HSA-MIR-302F,miRNA,SORAFENIB,DB00398,216239
HSA-MIR-3064,miRNA,GEMCITABINE,DB00441,60750
HSA-MIR-3064,miRNA,FLUOROURACIL,DB00544,3385
HSA-MIR-3064-3P,miRNA,OSIMERTINIB,DB09330,71496458
HSA-MIR-3065,miRNA,PACLITAXEL,DB01229,36314
HSA-MIR-3065,miRNA,GEMCITABINE,DB00441,60750
HSA-MIR-3065,miRNA,FLUOROURACIL,DB00544,3385
HSA-MIR-3065-3P,miRNA,GEMCITABINE,DB00441,60750
HSA-MIR-3065-3P,miRNA,OXALIPLATIN,DB00526,6857599
HSA-MIR-3065-3P,miRNA,CISPLATIN,DB00515,5460033
HSA-MIR-3065-5P,miRNA,TAMOXIFEN,DB00675,2733525
HSA-MIR-3065-5P,miRNA,GEMCITABINE,DB00441,60750
HSA-MIR-3065-5P,miRNA,CISPLATIN,DB00515,5460033
HSA-MIR-3074-3P,miRNA,PACLITAXEL,DB01229,36314
HSA-MIR-30A,miRNA,CERITINIB,DB09063,57379345
HSA-MIR-30A,miRNA,SORAFENIB,DB00398,216239
HSA-MIR-30A,miRNA,IMATINIB,DB00619,5291
HSA-MIR-30A-3P,miRNA,DOXORUBICIN,DB00997,31703
HSA-MIR-30A-3P,miRNA,VERAPAMIL,DB00661,2520
HSA-MIR-30A-3P,miRNA,PACLITAXEL,DB01229,36314
HSA-MIR-30A-3P,miRNA,SUNITINIB,DB01268,5329102
HSA-MIR-30A-3P,miRNA,SORAFENIB,DB00398,216239
HSA-MIR-30A-3P,miRNA,CISPLATIN,DB00515,5460033
HSA-MIR-30A-3P,miRNA,TAXOL,DB01229,36314
HSA-MIR-30A-3P,miRNA,IMATINIB,DB00619,5291
HSA-MIR-30A-3P,miRNA,GEMCITABINE,DB00441,60750
HSA-MIR-30A-3P,miRNA,CERITINIB,DB09063,57379345
HSA-MIR-30A-3P,miRNA,GEFITINIB,DB00317,123631
HSA-MIR-30A-3P,miRNA,OXALIPLATIN,DB00526,6857599
HSA-MIR-30A-3P,miRNA,METHOTREXATE,DB00563,126941
HSA-MIR-30A-3P,miRNA,OSIMERTINIB,DB09330,71496458
HSA-MIR-30A-5P,miRNA,DOXORUBICIN,DB00997,31703
HSA-MIR-30A-5P,miRNA,PACLITAXEL,DB01229,36314
HSA-MIR-30A-5P,miRNA,DOCETAXEL,DB01248,148124
HSA-MIR-30A-5P,miRNA,CISPLATIN,DB00515,5460033
HSA-MIR-30A-5P,miRNA,IMATINIB,DB00619,5291
HSA-MIR-30A-5P,miRNA,GEMCITABINE,DB00441,60750
HSA-MIR-30A-5P,miRNA,OXALIPLATIN,DB00526,6857599
HSA-MIR-30A-5P,miRNA,FLUOROURACIL,DB00544,3385
HSA-MIR-30A-5P,miRNA,SORAFENIB,DB00398,216239
HSA-MIR-30A-5P,miRNA,SUNITINIB,DB01268,5329102
HSA-MIR-30A-5P,miRNA,TAMOXIFEN,DB00675,2733525
HSA-MIR-30A-5P,miRNA,PLATINUM,DB12257,23939
HSA-MIR-30A-5P,miRNA,GEFITINIB,DB00317,123631
HSA-MIR-30A-5P,miRNA,ETOPOSIDE,DB00773,36462
HSA-MIR-30A-5P,miRNA,CERITINIB,DB09063,57379345
HSA-MIR-30A-5P,miRNA,MITOMYCIN C,DB00305,5746
HSA-MIR-30A-5P,miRNA,CYCLOPHOSPHAMIDE,DB00531,2907
HSA-MIR-30A-5P,miRNA,PEMETREXED,DB00642,446556
HSA-MIR-30A-5P,miRNA,DABRAFENIB,DB08912,44462760
HSA-MIR-30A-5P,miRNA,TEMOZOLOMIDE,DB00853,5394
HSA-MIR-30A-5P,miRNA,PREDNISONE,DB00635,5865
HSA-MIR-30B,miRNA,SORAFENIB,DB00398,216239
HSA-MIR-30B-3P,miRNA,DOXORUBICIN,DB00997,31703
HSA-MIR-30B-3P,miRNA,VERAPAMIL,DB00661,2520
HSA-MIR-30B-3P,miRNA,PAROXETINE,DB00715,43815
HSA-MIR-30B-3P,miRNA,SUNITINIB,DB01268,5329102
HSA-MIR-30B-3P,miRNA,OXALIPLATIN,DB00526,6857599
HSA-MIR-30B-3P,miRNA,IMATINIB,DB00619,5291
HSA-MIR-30B-3P,miRNA,CISPLATIN,DB00515,5460033
HSA-MIR-30B-3P,miRNA,TEMOZOLOMIDE,DB00853,5394
HSA-MIR-30B-5P,miRNA,PACLITAXEL,DB01229,36314
HSA-MIR-30B-5P,miRNA,CISPLATIN,DB00515,5460033
HSA-MIR-30B-5P,miRNA,DOXORUBICIN,DB00997,31703
HSA-MIR-30B-5P,miRNA,FLUOROURACIL,DB00544,3385
HSA-MIR-30B-5P,miRNA,PAROXETINE,DB00715,43815
HSA-MIR-30B-5P,miRNA,CARBOPLATIN,DB00958,38904
HSA-MIR-30B-5P,miRNA,VINCRISTINE,DB00541,5978
HSA-MIR-30B-5P,miRNA,MITOMYCIN C,DB00305,5746
HSA-MIR-30B-5P,miRNA,OXALIPLATIN,DB00526,6857599
HSA-MIR-30B-5P,miRNA,ERLOTINIB,DB00530,176870
HSA-MIR-30B-5P,miRNA,GEFITINIB,DB00317,123631
HSA-MIR-30B-5P,miRNA,IMATINIB,DB00619,5291
HSA-MIR-30B-5P,miRNA,PLX-4720,DB06999,24180719
HSA-MIR-30B-5P,miRNA,PLATINUM,DB12257,23939
HSA-MIR-30B-5P,miRNA,TAMOXIFEN,DB00675,2733525
HSA-MIR-30B-5P,miRNA,GEMCITABINE,DB00441,60750
HSA-MIR-30B-5P,miRNA,DAUNORUBICIN,DB00694,30323
HSA-MIR-30B-5P,miRNA,FULVESTRANT,DB00947,17756771
HSA-MIR-30B-5P,miRNA,DABRAFENIB,DB08912,44462760
HSA-MIR-30C-1,miRNA,DOXORUBICIN,DB00997,31703
HSA-MIR-30C-1,miRNA,DABRAFENIB,DB08912,44462760
HSA-MIR-30C-1-3P,miRNA,GEMCITABINE,DB00441,60750
HSA-MIR-30C-1-3P,miRNA,IMATINIB,DB00619,5291
HSA-MIR-30C-2,miRNA,CERITINIB,DB09063,57379345
HSA-MIR-30C-2,miRNA,DABRAFENIB,DB08912,44462760
HSA-MIR-30C-2-3P,miRNA,GEMCITABINE,DB00441,60750
HSA-MIR-30C-2-3P,miRNA,OXALIPLATIN,DB00526,6857599
HSA-MIR-30C-2-3P,miRNA,CISPLATIN,DB00515,5460033
HSA-MIR-30C-2-3P,miRNA,PACLITAXEL,DB01229,36314
HSA-MIR-30C-2-3P,miRNA,IMATINIB,DB00619,5291
HSA-MIR-30C-2-3P,miRNA,CERITINIB,DB09063,57379345
HSA-MIR-30C-2-3P,miRNA,GEFITINIB,DB00317,123631
HSA-MIR-30C-3P,miRNA,GEMCITABINE,DB00441,60750
HSA-MIR-30C-5P,miRNA,PACLITAXEL,DB01229,36314
HSA-MIR-30C-5P,miRNA,CYCLOPAMINE,NA,442972
HSA-MIR-30C-5P,miRNA,CARBOPLATIN,DB00958,38904
HSA-MIR-30C-5P,miRNA,CISPLATIN,DB00515,5460033
HSA-MIR-30C-5P,miRNA,DOXORUBICIN,DB00997,31703
HSA-MIR-30C-5P,miRNA,VINCRISTINE,DB00541,5978
HSA-MIR-30C-5P,miRNA,MITOMYCIN C,DB00305,5746
HSA-MIR-30C-5P,miRNA,OXALIPLATIN,DB00526,6857599
HSA-MIR-30C-5P,miRNA,GEFITINIB,DB00317,123631
HSA-MIR-30C-5P,miRNA,IMATINIB,DB00619,5291
HSA-MIR-30C-5P,miRNA,TAMOXIFEN,DB00675,2733525
HSA-MIR-30C-5P,miRNA,PLATINUM,DB12257,23939
HSA-MIR-30C-5P,miRNA,MITOXANTRONE,DB01204,4212
HSA-MIR-30C-5P,miRNA,FLUOROURACIL,DB00544,3385
HSA-MIR-30C-5P,miRNA,ETOPOSIDE,DB00773,36462
HSA-MIR-30C-5P,miRNA,BORTEZOMIB,DB00188,387447
HSA-MIR-30C-5P,miRNA,OLAPARIB,DB09074,23725625
HSA-MIR-30D-3P,miRNA,VERAPAMIL,DB00661,2520
HSA-MIR-30D-3P,miRNA,DOXORUBICIN,DB00997,31703
HSA-MIR-30D-3P,miRNA,CISPLATIN,DB00515,5460033
HSA-MIR-30D-5P,miRNA,ETOPOSIDE,DB00773,36462
HSA-MIR-30D-5P,miRNA,CISPLATIN,DB00515,5460033
HSA-MIR-30D-5P,miRNA,DOCETAXEL,DB01248,148124
HSA-MIR-30D-5P,miRNA,DOXORUBICIN,DB00997,31703
HSA-MIR-30D-5P,miRNA,FLUOROURACIL,DB00544,3385
HSA-MIR-30D-5P,miRNA,PAROXETINE,DB00715,43815
HSA-MIR-30D-5P,miRNA,TRICHOSTATIN A,DB04297,444732
HSA-MIR-30D-5P,miRNA,OXALIPLATIN,DB00526,6857599
HSA-MIR-30D-5P,miRNA,GEMCITABINE,DB00441,60750
HSA-MIR-30D-5P,miRNA,SUNITINIB,DB01268,5329102
HSA-MIR-30D-5P,miRNA,PLX-4720,DB06999,24180719
HSA-MIR-30D-5P,miRNA,PLATINUM,DB12257,23939
HSA-MIR-30D-5P,miRNA,CELASTROL,NA,12302620
HSA-MIR-30D-5P,miRNA,TAMOXIFEN,DB00675,2733525
HSA-MIR-30D-5P,miRNA,PACLITAXEL,DB01229,36314
HSA-MIR-30D-5P,miRNA,DABRAFENIB,DB08912,44462760
HSA-MIR-30D-5P,miRNA,TEMOZOLOMIDE,DB00853,5394
HSA-MIR-30E,miRNA,TAMOXIFEN,DB00675,2733525
HSA-MIR-30E,miRNA,SORAFENIB,DB00398,216239
HSA-MIR-30E-3P,miRNA,DOXORUBICIN,DB00997,31703
HSA-MIR-30E-3P,miRNA,VERAPAMIL,DB00661,2520
HSA-MIR-30E-3P,miRNA,SUNITINIB,DB01268,5329102
HSA-MIR-30E-3P,miRNA,TAMOXIFEN,DB00675,2733525
HSA-MIR-30E-3P,miRNA,VEMURAFENIB,DB08881,42611257
HSA-MIR-30E-3P,miRNA,DABRAFENIB,DB08912,44462760
HSA-MIR-30E-3P,miRNA,PACLITAXEL,DB01229,36314
HSA-MIR-30E-3P,miRNA,FLUOROURACIL,DB00544,3385
HSA-MIR-30E-3P,miRNA,ERLOTINIB,DB00530,176870
HSA-MIR-30E-3P,miRNA,CISPLATIN,DB00515,5460033
HSA-MIR-30E-3P,miRNA,TEMOZOLOMIDE,DB00853,5394
HSA-MIR-30E-5P,miRNA,DOXORUBICIN,DB00997,31703
HSA-MIR-30E-5P,miRNA,VERAPAMIL,DB00661,2520
HSA-MIR-30E-5P,miRNA,CISPLATIN,DB00515,5460033
HSA-MIR-30E-5P,miRNA,OXALIPLATIN,DB00526,6857599
HSA-MIR-30E-5P,miRNA,DOCETAXEL,DB01248,148124
HSA-MIR-30E-5P,miRNA,FLUOROURACIL,DB00544,3385
HSA-MIR-30E-5P,miRNA,GEMCITABINE,DB00441,60750
HSA-MIR-30E-5P,miRNA,BORTEZOMIB,DB00188,387447
HSA-MIR-30E-5P,miRNA,IMATINIB,DB00619,5291
HSA-MIR-30E-5P,miRNA,SUNITINIB,DB01268,5329102
HSA-MIR-30E-5P,miRNA,PLATINUM,DB12257,23939
HSA-MIR-30E-5P,miRNA,GEFITINIB,DB00317,123631
HSA-MIR-30E-5P,miRNA,PACLITAXEL,DB01229,36314
HSA-MIR-30E-5P,miRNA,FULVESTRANT,DB00947,17756771
HSA-MIR-30E-5P,miRNA,TAMOXIFEN,DB00675,2733525
HSA-MIR-30E-5P,miRNA,DABRAFENIB,DB08912,44462760
HSA-MIR-31,miRNA,TAMOXIFEN,DB00675,2733525
HSA-MIR-31,miRNA,SORAFENIB,DB00398,216239
HSA-MIR-31,miRNA,CISPLATIN,DB00515,5460033
HSA-MIR-31-3P,miRNA,DOXORUBICIN,DB00997,31703
HSA-MIR-31-3P,miRNA,VERAPAMIL,DB00661,2520
HSA-MIR-31-3P,miRNA,PACLITAXEL,DB01229,36314
HSA-MIR-31-3P,miRNA,FLUOROURACIL,DB00544,3385
HSA-MIR-31-3P,miRNA,GEMCITABINE,DB00441,60750
HSA-MIR-31-3P,miRNA,CISPLATIN,DB00515,5460033
HSA-MIR-31-3P,miRNA,DABRAFENIB,DB08912,44462760
HSA-MIR-31-3P,miRNA,VEMURAFENIB,DB08881,42611257
HSA-MIR-31-3P,miRNA,GEFITINIB,DB00317,123631
HSA-MIR-31-3P,miRNA,FULVESTRANT,DB00947,17756771
HSA-MIR-31-5P,miRNA,DOXORUBICIN,DB00997,31703
HSA-MIR-31-5P,miRNA,VERAPAMIL,DB00661,2520
HSA-MIR-31-5P,miRNA,10-HYDROXYCAMPTOTHECIN,DB12385,97226
HSA-MIR-31-5P,miRNA,CISPLATIN,DB00515,5460033
HSA-MIR-31-5P,miRNA,DOCETAXEL,DB01248,148124
HSA-MIR-31-5P,miRNA,FLUOROURACIL,DB00544,3385
HSA-MIR-31-5P,miRNA,ETOPOSIDE,DB00773,36462
HSA-MIR-31-5P,miRNA,SUNITINIB,DB01268,5329102
HSA-MIR-31-5P,miRNA,STAUROSPORINE,DB02010,5459111
HSA-MIR-31-5P,miRNA,VINCRISTINE,DB00541,5978
HSA-MIR-31-5P,miRNA,OXALIPLATIN,DB00526,6857599
HSA-MIR-31-5P,miRNA,GEFITINIB,DB00317,123631
HSA-MIR-31-5P,miRNA,TAXANE,NA,9548828
HSA-MIR-31-5P,miRNA,TEMOZOLOMIDE,DB00853,5394
HSA-MIR-31-5P,miRNA,GEMCITABINE,DB00441,60750
HSA-MIR-31-5P,miRNA,MITOMYCIN C,DB00305,5746
HSA-MIR-31-5P,miRNA,PACLITAXEL,DB01229,36314
HSA-MIR-31-5P,miRNA,TAMOXIFEN,DB00675,2733525
HSA-MIR-31-5P,miRNA,DACARBAZINE,DB00851,5351166
HSA-MIR-31-5P,miRNA,SORAFENIB,DB00398,216239
HSA-MIR-31-5P,miRNA,TOPOTECAN,DB01030,60699
HSA-MIR-31-5P,miRNA,DABRAFENIB,DB08912,44462760
HSA-MIR-3115,miRNA,DOXORUBICIN,DB00997,31703
HSA-MIR-3116,miRNA,TEMOZOLOMIDE,DB00853,5394
HSA-MIR-3117-3P,miRNA,DOXORUBICIN,DB00997,31703
HSA-MIR-3117-3P,miRNA,PONATINIB,DB08901,24826799
HSA-MIR-3117-3P,miRNA,IMATINIB,DB00619,5291
HSA-MIR-3119,miRNA,IMATINIB,DB00619,5291
HSA-MIR-3119-2,miRNA,DOXORUBICIN,DB00997,31703
HSA-MIR-3120-3P,miRNA,DOXORUBICIN,DB00997,31703
HSA-MIR-3122,miRNA,DOXORUBICIN,DB00997,31703
HSA-MIR-3123,miRNA,DOXORUBICIN,DB00997,31703
HSA-MIR-3124,miRNA,CERITINIB,DB09063,57379345
HSA-MIR-3124-5P,miRNA,VEMURAFENIB,DB08881,42611257
HSA-MIR-3124-5P,miRNA,DABRAFENIB,DB08912,44462760
HSA-MIR-3124-5P,miRNA,DOXORUBICIN,DB00997,31703
HSA-MIR-3124-5P,miRNA,TAMOXIFEN,DB00675,2733525
HSA-MIR-3124-5P,miRNA,CERITINIB,DB09063,57379345
HSA-MIR-3125,miRNA,PLATINUM,DB12257,23939
HSA-MIR-3126,miRNA,FLUOROURACIL,DB00544,3385
HSA-MIR-3126,miRNA,GEMCITABINE,DB00441,60750
HSA-MIR-3126-3P,miRNA,ANTHRACYCLINE,DB00694,30323
HSA-MIR-3126-3P,miRNA,FLUOROURACIL,DB00544,3385
HSA-MIR-3126-3P,miRNA,CYCLOPHOSPHAMIDE,DB00531,2907
HSA-MIR-3126-3P,miRNA,TAXOL,DB01229,36314
HSA-MIR-3126-3P,miRNA,METHOTREXATE,DB00563,126941
HSA-MIR-3126-5P,miRNA,CERITINIB,DB09063,57379345
HSA-MIR-3126-5P,miRNA,GEFITINIB,DB00317,123631
HSA-MIR-3127,miRNA,CERITINIB,DB09063,57379345
HSA-MIR-3127-5P,miRNA,PACLITAXEL,DB01229,36314
HSA-MIR-3127-5P,miRNA,DASATINIB,DB01254,3062316
HSA-MIR-3127-5P,miRNA,PLATINUM,DB12257,23939
HSA-MIR-3127-5P,miRNA,IMATINIB,DB00619,5291
HSA-MIR-3127-5P,miRNA,CERITINIB,DB09063,57379345
HSA-MIR-3127-5P,miRNA,CISPLATIN,DB00515,5460033
HSA-MIR-3128,miRNA,CERITINIB,DB09063,57379345
HSA-MIR-3128,miRNA,TAMOXIFEN,DB00675,2733525
HSA-MIR-3129-5P,miRNA,DOXORUBICIN,DB00997,31703
HSA-MIR-3129-5P,miRNA,TEMOZOLOMIDE,DB00853,5394
HSA-MIR-3130,miRNA,GEMCITABINE,DB00441,60750
HSA-MIR-3130,miRNA,FLUOROURACIL,DB00544,3385
HSA-MIR-3130-5P,miRNA,PACLITAXEL,DB01229,36314
HSA-MIR-3131,miRNA,CISPLATIN,DB00515,5460033
HSA-MIR-3131,miRNA,DOXORUBICIN,DB00997,31703
HSA-MIR-3131,miRNA,FLUOROURACIL,DB00544,3385
HSA-MIR-3131,miRNA,VINCRISTINE,DB00541,5978
HSA-MIR-3131,miRNA,GEMCITABINE,DB00441,60750
HSA-MIR-3131,miRNA,PONATINIB,DB08901,24826799
HSA-MIR-3131,miRNA,IMATINIB,DB00619,5291
HSA-MIR-3132,miRNA,PLATINUM,DB12257,23939
HSA-MIR-3133,miRNA,IMATINIB,DB00619,5291
HSA-MIR-3135A,miRNA,CISPLATIN,DB00515,5460033
HSA-MIR-3135B,miRNA,TAMOXIFEN,DB00675,2733525
HSA-MIR-3135B,miRNA,PLATINUM,DB12257,23939
HSA-MIR-3135B,miRNA,FULVESTRANT,DB00947,17756771
HSA-MIR-3135B,miRNA,GEFITINIB,DB00317,123631
HSA-MIR-3135B,miRNA,FLUOROURACIL,DB00544,3385
HSA-MIR-3135B,miRNA,GEMCITABINE,DB00441,60750
HSA-MIR-3135B,miRNA,PACLITAXEL,DB01229,36314
HSA-MIR-3136-3P,miRNA,PACLITAXEL,DB01229,36314
HSA-MIR-3136-5P,miRNA,DABRAFENIB,DB08912,44462760
HSA-MIR-3136-5P,miRNA,VEMURAFENIB,DB08881,42611257
HSA-MIR-3137,miRNA,PLATINUM,DB12257,23939
HSA-MIR-3137,miRNA,TAMOXIFEN,DB00675,2733525
HSA-MIR-3137,miRNA,GEMCITABINE,DB00441,60750
HSA-MIR-3138,miRNA,CISPLATIN,DB00515,5460033
HSA-MIR-3138,miRNA,CERITINIB,DB09063,57379345
HSA-MIR-3138,miRNA,PLATINUM,DB12257,23939
HSA-MIR-3138,miRNA,FLUOROURACIL,DB00544,3385
HSA-MIR-3139,miRNA,CERITINIB,DB09063,57379345
HSA-MIR-3139,miRNA,GEMCITABINE,DB00441,60750
HSA-MIR-3141,miRNA,GEMCITABINE,DB00441,60750
HSA-MIR-3141,miRNA,FLUOROURACIL,DB00544,3385
HSA-MIR-3141,miRNA,CISPLATIN,DB00515,5460033
HSA-MIR-3141,miRNA,PLATINUM,DB12257,23939
HSA-MIR-3141,miRNA,VINCRISTINE,DB00541,5978
HSA-MIR-3141,miRNA,PACLITAXEL,DB01229,36314
HSA-MIR-3141,miRNA,FULVESTRANT,DB00947,17756771
HSA-MIR-3141,miRNA,TAMOXIFEN,DB00675,2733525
HSA-MIR-3142,miRNA,DOXORUBICIN,DB00997,31703
HSA-MIR-3143,miRNA,DOCETAXEL,DB01248,148124
HSA-MIR-3144,miRNA,PACLITAXEL,DB01229,36314
HSA-MIR-3144-5P,miRNA,OSIMERTINIB,DB09330,71496458
HSA-MIR-3145,miRNA,CERITINIB,DB09063,57379345
HSA-MIR-3145-3P,miRNA,CERITINIB,DB09063,57379345
HSA-MIR-3145-5P,miRNA,CERITINIB,DB09063,57379345
HSA-MIR-3145A-3P,miRNA,IMATINIB,DB00619,5291
HSA-MIR-3146,miRNA,PACLITAXEL,DB01229,36314
HSA-MIR-3146,miRNA,GEMCITABINE,DB00441,60750
HSA-MIR-3147,miRNA,CISPLATIN,DB00515,5460033
HSA-MIR-3147,miRNA,GEMCITABINE,DB00441,60750
HSA-MIR-3147,miRNA,FLUOROURACIL,DB00544,3385
HSA-MIR-3147,miRNA,PLATINUM,DB12257,23939
HSA-MIR-3147,miRNA,TRAMETINIB,DB08911,11707110
HSA-MIR-3147,miRNA,VEMURAFENIB,DB08881,42611257
HSA-MIR-3147,miRNA,DABRAFENIB,DB08912,44462760
HSA-MIR-3149,miRNA,CISPLATIN,DB00515,5460033
HSA-MIR-3149,miRNA,DOXORUBICIN,DB00997,31703
HSA-MIR-3149,miRNA,FLUOROURACIL,DB00544,3385
HSA-MIR-3149,miRNA,VINCRISTINE,DB00541,5978
HSA-MIR-3150B-3P,miRNA,PACLITAXEL,DB01229,36314
HSA-MIR-3150B-3P,miRNA,FLUOROURACIL,DB00544,3385
HSA-MIR-3150B-5P,miRNA,DOXORUBICIN,DB00997,31703
HSA-MIR-3151-3P,miRNA,CISPLATIN,DB00515,5460033
HSA-MIR-3151-5P,miRNA,PLATINUM,DB12257,23939
HSA-MIR-3153,miRNA,CERITINIB,DB09063,57379345
HSA-MIR-3153,miRNA,PACLITAXEL,DB01229,36314
HSA-MIR-3153,miRNA,FLUOROURACIL,DB00544,3385
HSA-MIR-3153,miRNA,ERLOTINIB,DB00530,176870
HSA-MIR-3153,miRNA,GEFITINIB,DB00317,123631
HSA-MIR-3154,miRNA,CISPLATIN,DB00515,5460033
HSA-MIR-3154,miRNA,FLUOROURACIL,DB00544,3385
HSA-MIR-3154,miRNA,GEMCITABINE,DB00441,60750
HSA-MIR-3154,miRNA,PLATINUM,DB12257,23939
HSA-MIR-3156-5P,miRNA,PLATINUM,DB12257,23939
HSA-MIR-3156-5P,miRNA,CAPECITABINE,DB01101,60953
HSA-MIR-3156-5P,miRNA,OXALIPLATIN,DB00526,6857599
HSA-MIR-3156-5P,miRNA,CISPLATIN,DB00515,5460033
HSA-MIR-3157-3P,miRNA,IMATINIB,DB00619,5291
HSA-MIR-3157-5P,miRNA,CERITINIB,DB09063,57379345
HSA-MIR-3157-5P,miRNA,PACLITAXEL,DB01229,36314
HSA-MIR-3158-3P,miRNA,OXALIPLATIN,DB00526,6857599
HSA-MIR-3158-5P,miRNA,PLATINUM,DB12257,23939
HSA-MIR-3158-5P,miRNA,PALBOCICLIB,DB09073,5330286
HSA-MIR-3158-5P,miRNA,GEMCITABINE,DB00441,60750
HSA-MIR-3160-1,miRNA,DABRAFENIB,DB08912,44462760
HSA-MIR-3161,miRNA,PACLITAXEL,DB01229,36314
HSA-MIR-3162,miRNA,CISPLATIN,DB00515,5460033
HSA-MIR-3162-3P,miRNA,CISPLATIN,DB00515,5460033
HSA-MIR-3162-5P,miRNA,CISPLATIN,DB00515,5460033
HSA-MIR-3162-5P,miRNA,DOXORUBICIN,DB00997,31703
HSA-MIR-3162-5P,miRNA,FLUOROURACIL,DB00544,3385
HSA-MIR-3162-5P,miRNA,VINCRISTINE,DB00541,5978
HSA-MIR-3162-5P,miRNA,PLATINUM,DB12257,23939
HSA-MIR-3162-5P,miRNA,CURCUMIN,DB11672,969516
HSA-MIR-3162-5P,miRNA,PACLITAXEL,DB01229,36314
HSA-MIR-3162-5P,miRNA,AZACITIDINE,DB00928,9444
HSA-MIR-3163,miRNA,PACLITAXEL,DB01229,36314
HSA-MIR-3163,miRNA,CARBOPLATIN,DB00958,38904
HSA-MIR-3163,miRNA,CISPLATIN,DB00515,5460033
HSA-MIR-3163,miRNA,ETOPOSIDE,DB00773,36462
HSA-MIR-3163,miRNA,DOXORUBICIN,DB00997,31703
HSA-MIR-3163,miRNA,VINCRISTINE,DB00541,5978
HSA-MIR-3163,miRNA,GEFITINIB,DB00317,123631
HSA-MIR-3163,miRNA,YUANHUADINE,NA,6440572
HSA-MIR-3164,miRNA,PACLITAXEL,DB01229,36314
HSA-MIR-3164,miRNA,CERITINIB,DB09063,57379345
HSA-MIR-3165,miRNA,IMATINIB,DB00619,5291
HSA-MIR-3165,miRNA,PONATINIB,DB08901,24826799
HSA-MIR-3167,miRNA,PACLITAXEL,DB01229,36314
HSA-MIR-3167-5P,miRNA,FLUOROURACIL,DB00544,3385
HSA-MIR-3168,miRNA,PACLITAXEL,DB01229,36314
HSA-MIR-3172,miRNA,CISPLATIN,DB00515,5460033
HSA-MIR-3173-3P,miRNA,PACLITAXEL,DB01229,36314
HSA-MIR-3173-3P,miRNA,GEMCITABINE,DB00441,60750
HSA-MIR-3173-3P,miRNA,FLUOROURACIL,DB00544,3385
HSA-MIR-3173-5P,miRNA,CERITINIB,DB09063,57379345
HSA-MIR-3173*,miRNA,IMATINIB,DB00619,5291
HSA-MIR-3174,miRNA,DOXORUBICIN,DB00997,31703
HSA-MIR-3175,miRNA,CISPLATIN,DB00515,5460033
HSA-MIR-3175,miRNA,CERITINIB,DB09063,57379345
HSA-MIR-3175,miRNA,FLUOROURACIL,DB00544,3385
HSA-MIR-3175,miRNA,VEMURAFENIB,DB08881,42611257
HSA-MIR-3175,miRNA,DABRAFENIB,DB08912,44462760
HSA-MIR-3175,miRNA,TEMOZOLOMIDE,DB00853,5394
HSA-MIR-3176,miRNA,PACLITAXEL,DB01229,36314
HSA-MIR-3176,miRNA,CISPLATIN,DB00515,5460033
HSA-MIR-3176,miRNA,CERITINIB,DB09063,57379345
HSA-MIR-3177-3P,miRNA,GEMCITABINE,DB00441,60750
HSA-MIR-3177-3P,miRNA,FLUOROURACIL,DB00544,3385
HSA-MIR-3177-3P,miRNA,CISPLATIN,DB00515,5460033
HSA-MIR-3178,miRNA,CISPLATIN,DB00515,5460033
HSA-MIR-3178,miRNA,FLUOROURACIL,DB00544,3385
HSA-MIR-3178,miRNA,GEMCITABINE,DB00441,60750
HSA-MIR-3178,miRNA,TAMOXIFEN,DB00675,2733525
HSA-MIR-3178,miRNA,DOCETAXEL,DB01248,148124
HSA-MIR-3178,miRNA,EPIRUBICIN,DB00445,41867
HSA-MIR-3178,miRNA,VINORELBINE,DB00361,44424639
HSA-MIR-3178,miRNA,DABRAFENIB,DB08912,44462760
HSA-MIR-3178,miRNA,VEMURAFENIB,DB08881,42611257
HSA-MIR-3178,miRNA,FULVESTRANT,DB00947,17756771
HSA-MIR-3178,miRNA,PALBOCICLIB,DB09073,5330286
HSA-MIR-3179,miRNA,GEMCITABINE,DB00441,60750
HSA-MIR-3180,miRNA,FLUOROURACIL,DB00544,3385
HSA-MIR-3180,miRNA,GEMCITABINE,DB00441,60750
HSA-MIR-3180,miRNA,DABRAFENIB,DB08912,44462760
HSA-MIR-3180,miRNA,VEMURAFENIB,DB08881,42611257
HSA-MIR-3180,miRNA,PACLITAXEL,DB01229,36314
HSA-MIR-3180,miRNA,FULVESTRANT,DB00947,17756771
HSA-MIR-3180,miRNA,CISPLATIN,DB00515,5460033
HSA-MIR-3180-3P,miRNA,DABRAFENIB,DB08912,44462760
HSA-MIR-3180-3P,miRNA,VEMURAFENIB,DB08881,42611257
HSA-MIR-3180-3P,miRNA,PACLITAXEL,DB01229,36314
HSA-MIR-3180-3P,miRNA,FULVESTRANT,DB00947,17756771
HSA-MIR-3180-3P,miRNA,TAMOXIFEN,DB00675,2733525
HSA-MIR-3180-3P,miRNA,CISPLATIN,DB00515,5460033
HSA-MIR-3180-5P,miRNA,PACLITAXEL,DB01229,36314
HSA-MIR-3180-5P,miRNA,DOCETAXEL,DB01248,148124
HSA-MIR-3181,miRNA,CERITINIB,DB09063,57379345
HSA-MIR-3181,miRNA,FULVESTRANT,DB00947,17756771
HSA-MIR-3182,miRNA,TRAMETINIB,DB08911,11707110
HSA-MIR-3182,miRNA,VEMURAFENIB,DB08881,42611257
HSA-MIR-3182,miRNA,GEMCITABINE,DB00441,60750
HSA-MIR-3183,miRNA,CARBOPLATIN,DB00958,38904
HSA-MIR-3183,miRNA,CISPLATIN,DB00515,5460033
HSA-MIR-3183,miRNA,DOXORUBICIN,DB00997,31703
HSA-MIR-3183,miRNA,VINCRISTINE,DB00541,5978
HSA-MIR-3183,miRNA,MITOMYCIN C,DB00305,5746
HSA-MIR-3183,miRNA,PACLITAXEL,DB01229,36314
HSA-MIR-3184-3P,miRNA,ERLOTINIB,DB00530,176870
HSA-MIR-3184-5P,miRNA,GEMCITABINE,DB00441,60750
HSA-MIR-3184-5P,miRNA,FLUOROURACIL,DB00544,3385
HSA-MIR-3184-5P,miRNA,IMATINIB,DB00619,5291
HSA-MIR-3184-5P,miRNA,PONATINIB,DB08901,24826799
HSA-MIR-3185,miRNA,BORTEZOMIB,DB00188,387447
HSA-MIR-3185,miRNA,DABRAFENIB,DB08912,44462760
HSA-MIR-3185,miRNA,VEMURAFENIB,DB08881,42611257
HSA-MIR-3185,miRNA,DOXORUBICIN,DB00997,31703
HSA-MIR-3185,miRNA,CURCUMIN,DB11672,969516
HSA-MIR-3185,miRNA,PACLITAXEL,DB01229,36314
HSA-MIR-3185,miRNA,FULVESTRANT,DB00947,17756771
HSA-MIR-3185,miRNA,GEFITINIB,DB00317,123631
HSA-MIR-3185,miRNA,GEMCITABINE,DB00441,60750
HSA-MIR-3186,miRNA,DOXORUBICIN,DB00997,31703
HSA-MIR-3186,miRNA,GEMCITABINE,DB00441,60750
HSA-MIR-3186,miRNA,FLUOROURACIL,DB00544,3385
HSA-MIR-3186,miRNA,CERITINIB,DB09063,57379345
HSA-MIR-3186-3P,miRNA,CERITINIB,DB09063,57379345
HSA-MIR-3186-5P,miRNA,CERITINIB,DB09063,57379345
HSA-MIR-3187-3P,miRNA,GEMCITABINE,DB00441,60750
HSA-MIR-3187-3P,miRNA,FLUOROURACIL,DB00544,3385
HSA-MIR-3187-3P,miRNA,PLX-4720,DB06999,24180719
HSA-MIR-3187-3P,miRNA,PACLITAXEL,DB01229,36314
HSA-MIR-3187-3P,miRNA,IMATINIB,DB00619,5291
HSA-MIR-3187-5P,miRNA,FULVESTRANT,DB00947,17756771
HSA-MIR-3187-5P,miRNA,TAMOXIFEN,DB00675,2733525
HSA-MIR-3188,miRNA,FLUOROURACIL,DB00544,3385
HSA-MIR-3188,miRNA,GEMCITABINE,DB00441,60750
HSA-MIR-3188,miRNA,PLATINUM,DB12257,23939
HSA-MIR-3188,miRNA,DABRAFENIB,DB08912,44462760
HSA-MIR-3188,miRNA,VEMURAFENIB,DB08881,42611257
HSA-MIR-3188,miRNA,CURCUMIN,DB11672,969516
HSA-MIR-3188,miRNA,DOXORUBICIN,DB00997,31703
HSA-MIR-3188,miRNA,PACLITAXEL,DB01229,36314
HSA-MIR-3188,miRNA,FULVESTRANT,DB00947,17756771
HSA-MIR-3189-3P,miRNA,GEMCITABINE,DB00441,60750
HSA-MIR-3189-3P,miRNA,PACLITAXEL,DB01229,36314
HSA-MIR-3189-3P,miRNA,DOCETAXEL,DB01248,148124
HSA-MIR-3190-5P,miRNA,FLUOROURACIL,DB00544,3385
HSA-MIR-3193,miRNA,CERITINIB,DB09063,57379345
HSA-MIR-3193,miRNA,GEMCITABINE,DB00441,60750
HSA-MIR-3193,miRNA,FLUOROURACIL,DB00544,3385
HSA-MIR-3194,miRNA,CERITINIB,DB09063,57379345
HSA-MIR-3194-3P,miRNA,CERITINIB,DB09063,57379345
HSA-MIR-3194-3P,miRNA,CISPLATIN,DB00515,5460033
HSA-MIR-3194-5P,miRNA,GEMCITABINE,DB00441,60750
HSA-MIR-3194-5P,miRNA,FLUOROURACIL,DB00544,3385
HSA-MIR-3194-5P,miRNA,PLATINUM,DB12257,23939
HSA-MIR-3194-5P,miRNA,CERITINIB,DB09063,57379345
HSA-MIR-3194-5P,miRNA,CISPLATIN,DB00515,5460033
HSA-MIR-3194-5P,miRNA,TEMOZOLOMIDE,DB00853,5394
HSA-MIR-3194-5P,miRNA,ESTRADIOL,DB00783,5757
HSA-MIR-3195,miRNA,GEMCITABINE,DB00441,60750
HSA-MIR-3195,miRNA,FLUOROURACIL,DB00544,3385
HSA-MIR-3195,miRNA,CISPLATIN,DB00515,5460033
HSA-MIR-3195,miRNA,PLATINUM,DB12257,23939
HSA-MIR-3195,miRNA,DABRAFENIB,DB08912,44462760
HSA-MIR-3195,miRNA,VEMURAFENIB,DB08881,42611257
HSA-MIR-3195,miRNA,FULVESTRANT,DB00947,17756771
HSA-MIR-3195,miRNA,TAMOXIFEN,DB00675,2733525
HSA-MIR-3195,miRNA,TRAMETINIB,DB08911,11707110
HSA-MIR-3195,miRNA,PACLITAXEL,DB01229,36314
HSA-MIR-3196,miRNA,CISPLATIN,DB00515,5460033
HSA-MIR-3196,miRNA,PACLITAXEL,DB01229,36314
HSA-MIR-3196,miRNA,BORTEZOMIB,DB00188,387447
HSA-MIR-3196,miRNA,PLATINUM,DB12257,23939
HSA-MIR-3196,miRNA,IMATINIB,DB00619,5291
HSA-MIR-3196,miRNA,DABRAFENIB,DB08912,44462760
HSA-MIR-3196,miRNA,VEMURAFENIB,DB08881,42611257
HSA-MIR-3196,miRNA,GEFITINIB,DB00317,123631
HSA-MIR-3196,miRNA,ERLOTINIB,DB00530,176870
HSA-MIR-3196,miRNA,FULVESTRANT,DB00947,17756771
HSA-MIR-3196,miRNA,TAMOXIFEN,DB00675,2733525
HSA-MIR-3197,miRNA,IMATINIB,DB00619,5291
HSA-MIR-3197,miRNA,DABRAFENIB,DB08912,44462760
HSA-MIR-3197,miRNA,VEMURAFENIB,DB08881,42611257
HSA-MIR-3197,miRNA,FULVESTRANT,DB00947,17756771
HSA-MIR-3198,miRNA,PACLITAXEL,DB01229,36314
HSA-MIR-3198,miRNA,PLATINUM,DB12257,23939
HSA-MIR-3198,miRNA,CISPLATIN,DB00515,5460033
HSA-MIR-32-3P,miRNA,OXALIPLATIN,DB00526,6857599
HSA-MIR-32-3P,miRNA,MITOXANTRONE,DB01204,4212
HSA-MIR-32-5P,miRNA,TAMOXIFEN,DB00675,2733525
HSA-MIR-32-5P,miRNA,DOXORUBICIN,DB00997,31703
HSA-MIR-32-5P,miRNA,VERAPAMIL,DB00661,2520
HSA-MIR-32-5P,miRNA,CYTARABINE,DB00987,6253
HSA-MIR-32-5P,miRNA,GEMCITABINE,DB00441,60750
HSA-MIR-32-5P,miRNA,CISPLATIN,DB00515,5460033
HSA-MIR-32-5P,miRNA,FLUOROURACIL,DB00544,3385
HSA-MIR-32-5P,miRNA,VINCRISTINE,DB00541,5978
HSA-MIR-32-5P,miRNA,OXALIPLATIN,DB00526,6857599
HSA-MIR-32-5P,miRNA,PACLITAXEL,DB01229,36314
HSA-MIR-32-5P,miRNA,SORAFENIB,DB00398,216239
HSA-MIR-32-5P,miRNA,AZACITIDINE,DB00928,9444
HSA-MIR-32-5P,miRNA,TRAMETINIB,DB08911,11707110
HSA-MIR-32-5P,miRNA,VEMURAFENIB,DB08881,42611257
HSA-MIR-32-5P,miRNA,BROMOCRIPTINE,DB01200,31101
HSA-MIR-32-5P,miRNA,PLATINUM,DB12257,23939
HSA-MIR-32-5P,miRNA,GEFITINIB,DB00317,123631
HSA-MIR-3200,miRNA,TAMOXIFEN,DB00675,2733525
HSA-MIR-3200,miRNA,CISPLATIN,DB00515,5460033
HSA-MIR-3200,miRNA,CERITINIB,DB09063,57379345
HSA-MIR-3200-3P,miRNA,FLUOROURACIL,DB00544,3385
HSA-MIR-3200-3P,miRNA,GEMCITABINE,DB00441,60750
HSA-MIR-3200-3P,miRNA,PLX-4720,DB06999,24180719
HSA-MIR-3200-3P,miRNA,CERITINIB,DB09063,57379345
HSA-MIR-3200-5P,miRNA,GEMCITABINE,DB00441,60750
HSA-MIR-3201,miRNA,TAMOXIFEN,DB00675,2733525
HSA-MIR-3202,miRNA,CISPLATIN,DB00515,5460033
HSA-MIR-320A,miRNA,CISPLATIN,DB00515,5460033
HSA-MIR-320A-3P,miRNA,DOXORUBICIN,DB00997,31703
HSA-MIR-320A-3P,miRNA,VERAPAMIL,DB00661,2520
HSA-MIR-320A-3P,miRNA,ETOPOSIDE,DB00773,36462
HSA-MIR-320A-3P,miRNA,METHOTREXATE,DB00563,126941
HSA-MIR-320A-3P,miRNA,CISPLATIN,DB00515,5460033
HSA-MIR-320A-3P,miRNA,PACLITAXEL,DB01229,36314
HSA-MIR-320A-3P,miRNA,OXALIPLATIN,DB00526,6857599
HSA-MIR-320A-3P,miRNA,IMATINIB,DB00619,5291
HSA-MIR-320A-3P,miRNA,FLUOROURACIL,DB00544,3385
HSA-MIR-320A-3P,miRNA,TAMOXIFEN,DB00675,2733525
HSA-MIR-320A-3P,miRNA,PLX-4720,DB06999,24180719
HSA-MIR-320A-3P,miRNA,PLATINUM,DB12257,23939
HSA-MIR-320A-3P,miRNA,MITOXANTRONE,DB01204,4212
HSA-MIR-320A-3P,miRNA,GEMCITABINE,DB00441,60750
HSA-MIR-320A-3P,miRNA,PROPOFOL,DB00818,4943
HSA-MIR-320A-3P,miRNA,ANTHRACYCLINE,DB00694,30323
HSA-MIR-320A-3P,miRNA,CURCUMIN,DB11672,969516
HSA-MIR-320B,miRNA,OXALIPLATIN,DB00526,6857599
HSA-MIR-320B,miRNA,CISPLATIN,DB00515,5460033
HSA-MIR-320B,miRNA,PLATINUM,DB12257,23939
HSA-MIR-320B,miRNA,PACLITAXEL,DB01229,36314
HSA-MIR-320B,miRNA,CERITINIB,DB09063,57379345
HSA-MIR-320B,miRNA,FLUOROURACIL,DB00544,3385
HSA-MIR-320B,miRNA,DOXORUBICIN,DB00997,31703
HSA-MIR-320B-1,miRNA,DOXORUBICIN,DB00997,31703
HSA-MIR-320C,miRNA,GEMCITABINE,DB00441,60750
HSA-MIR-320C,miRNA,OXALIPLATIN,DB00526,6857599
HSA-MIR-320C,miRNA,CISPLATIN,DB00515,5460033
HSA-MIR-320C,miRNA,FLUOROURACIL,DB00544,3385
HSA-MIR-320C,miRNA,PACLITAXEL,DB01229,36314
HSA-MIR-320D,miRNA,CISPLATIN,DB00515,5460033
HSA-MIR-320D,miRNA,OXALIPLATIN,DB00526,6857599
HSA-MIR-320D,miRNA,DOCETAXEL,DB01248,148124
HSA-MIR-320D,miRNA,DOXORUBICIN,DB00997,31703
HSA-MIR-320D,miRNA,PLATINUM,DB12257,23939
HSA-MIR-320D,miRNA,PACLITAXEL,DB01229,36314
HSA-MIR-320D,miRNA,FLUOROURACIL,DB00544,3385
HSA-MIR-320E,miRNA,CERITINIB,DB09063,57379345
HSA-MIR-320E,miRNA,CISPLATIN,DB00515,5460033
HSA-MIR-320E,miRNA,PLATINUM,DB12257,23939
HSA-MIR-320E,miRNA,FLUOROURACIL,DB00544,3385
HSA-MIR-320E,miRNA,IMATINIB,DB00619,5291
HSA-MIR-320E,miRNA,PONATINIB,DB08901,24826799
HSA-MIR-320E,miRNA,TRAMETINIB,DB08911,11707110
HSA-MIR-320E,miRNA,VEMURAFENIB,DB08881,42611257
HSA-MIR-320E,miRNA,PACLITAXEL,DB01229,36314
HSA-MIR-321,miRNA,PACLITAXEL,DB01229,36314
HSA-MIR-321*,miRNA,CISPLATIN,DB00515,5460033
HSA-MIR-323A,miRNA,CERITINIB,DB09063,57379345
HSA-MIR-323A-3P,miRNA,DOXORUBICIN,DB00997,31703
HSA-MIR-323A-3P,miRNA,FLUOROURACIL,DB00544,3385
HSA-MIR-323A-3P,miRNA,GEMCITABINE,DB00441,60750
HSA-MIR-323A-3P,miRNA,DOCETAXEL,DB01248,148124
HSA-MIR-323A-3P,miRNA,CERITINIB,DB09063,57379345
HSA-MIR-323A-3P,miRNA,OXALIPLATIN,DB00526,6857599
HSA-MIR-323A-3P,miRNA,METHOTREXATE,DB00563,126941
HSA-MIR-323A-3P,miRNA,OSIMERTINIB,DB09330,71496458
HSA-MIR-323A-5P,miRNA,CISPLATIN,DB00515,5460033
HSA-MIR-323B,miRNA,CERITINIB,DB09063,57379345
HSA-MIR-323B-3P,miRNA,CERITINIB,DB09063,57379345
HSA-MIR-323B-5P,miRNA,DOXORUBICIN,DB00997,31703
HSA-MIR-323B-5P,miRNA,VERAPAMIL,DB00661,2520
HSA-MIR-323B-5P,miRNA,GEMCITABINE,DB00441,60750
HSA-MIR-323B-5P,miRNA,OXALIPLATIN,DB00526,6857599
HSA-MIR-323B*,miRNA,IMATINIB,DB00619,5291
HSA-MIR-324,miRNA,DOXORUBICIN,DB00997,31703
HSA-MIR-324,miRNA,TAMOXIFEN,DB00675,2733525
HSA-MIR-324,miRNA,OXALIPLATIN,DB00526,6857599
HSA-MIR-324,miRNA,FLUOROURACIL,DB00544,3385
HSA-MIR-324,miRNA,GEMCITABINE,DB00441,60750
HSA-MIR-324,miRNA,IMATINIB,DB00619,5291
HSA-MIR-324,miRNA,DEXAMETHASONE,DB01234,5743
HSA-MIR-324,miRNA,CISPLATIN,DB00515,5460033
HSA-MIR-324-3P,miRNA,SUNITINIB,DB01268,5329102
HSA-MIR-324-3P,miRNA,TAMOXIFEN,DB00675,2733525
HSA-MIR-324-3P,miRNA,PLATINUM,DB12257,23939
HSA-MIR-324-3P,miRNA,CELASTROL,NA,12302620
HSA-MIR-324-3P,miRNA,CISPLATIN,DB00515,5460033
HSA-MIR-324-5P,miRNA,TAMOXIFEN,DB00675,2733525
HSA-MIR-324-5P,miRNA,CISPLATIN,DB00515,5460033
HSA-MIR-324-5P,miRNA,PLATINUM,DB12257,23939
HSA-MIR-324-5P,miRNA,SORAFENIB,DB00398,216239
HSA-MIR-324-5P,miRNA,PACLITAXEL,DB01229,36314
HSA-MIR-324-5P,miRNA,BORTEZOMIB,DB00188,387447
HSA-MIR-324-5P,miRNA,FLUOROURACIL,DB00544,3385
HSA-MIR-324-5P,miRNA,GEMCITABINE,DB00441,60750
HSA-MIR-325,miRNA,IMATINIB,DB00619,5291
HSA-MIR-325,miRNA,OXALIPLATIN,DB00526,6857599
HSA-MIR-325,miRNA,CISPLATIN,DB00515,5460033
HSA-MIR-325,miRNA,OSIMERTINIB,DB09330,71496458
HSA-MIR-325-3P,miRNA,DOXORUBICIN,DB00997,31703
HSA-MIR-325-3P,miRNA,SORAFENIB,DB00398,216239
HSA-MIR-326,miRNA,CISPLATIN,DB00515,5460033
HSA-MIR-326,miRNA,ETOPOSIDE,DB00773,36462
HSA-MIR-326,miRNA,DOXORUBICIN,DB00997,31703
HSA-MIR-326,miRNA,OXALIPLATIN,DB00526,6857599
HSA-MIR-326,miRNA,CELASTROL,NA,12302620
HSA-MIR-326,miRNA,PACLITAXEL,DB01229,36314
HSA-MIR-326,miRNA,FLUOROURACIL,DB00544,3385
HSA-MIR-326,miRNA,CURCUMIN,DB11672,969516
HSA-MIR-326,miRNA,CERITINIB,DB09063,57379345
HSA-MIR-326,miRNA,PANOBINOSTAT,DB06603,6918837
HSA-MIR-326,miRNA,VEMURAFENIB,DB08881,42611257
HSA-MIR-326,miRNA,TRAMETINIB,DB08911,11707110
HSA-MIR-326,miRNA,GEMCITABINE,DB00441,60750
HSA-MIR-326,miRNA,CYTARABINE,DB00987,6253
HSA-MIR-326,miRNA,DEXAMETHASONE,DB01234,5743
HSA-MIR-326,miRNA,METHOTREXATE,DB00563,126941
HSA-MIR-326,miRNA,VINCRISTINE,DB00541,5978
HSA-MIR-328-3P,miRNA,DOXORUBICIN,DB00997,31703
HSA-MIR-328-3P,miRNA,MITOXANTRONE,DB01204,4212
HSA-MIR-328-3P,miRNA,10-HYDROXYCAMPTOTHECIN,DB12385,97226
HSA-MIR-328-3P,miRNA,FLUOROURACIL,DB00544,3385
HSA-MIR-328-3P,miRNA,PAROXETINE,DB00715,43815
HSA-MIR-328-3P,miRNA,OXALIPLATIN,DB00526,6857599
HSA-MIR-328-3P,miRNA,CISPLATIN,DB00515,5460033
HSA-MIR-328-3P,miRNA,HYDROGEN PEROXIDE,DB11091,784
HSA-MIR-328-3P,miRNA,GEMCITABINE,DB00441,60750
HSA-MIR-328-3P,miRNA,SORAFENIB,DB00398,216239
HSA-MIR-328-3P,miRNA,PLX-4720,DB06999,24180719
HSA-MIR-328-3P,miRNA,DOCETAXEL,DB01248,148124
HSA-MIR-328-3P,miRNA,CELASTROL,NA,12302620
HSA-MIR-328-3P,miRNA,DABRAFENIB,DB08912,44462760
HSA-MIR-328-3P,miRNA,VEMURAFENIB,DB08881,42611257
HSA-MIR-328-3P,miRNA,PACLITAXEL,DB01229,36314
HSA-MIR-328-3P,miRNA,TAMOXIFEN,DB00675,2733525
HSA-MIR-328-3P,miRNA,BORTEZOMIB,DB00188,387447
HSA-MIR-328-5P,miRNA,DABRAFENIB,DB08912,44462760
HSA-MIR-328-5P,miRNA,VEMURAFENIB,DB08881,42611257
HSA-MIR-328-5P,miRNA,PACLITAXEL,DB01229,36314
HSA-MIR-328-5P,miRNA,CISPLATIN,DB00515,5460033
HSA-MIR-329-3P,miRNA,DOXORUBICIN,DB00997,31703
HSA-MIR-329-3P,miRNA,CISPLATIN,DB00515,5460033
HSA-MIR-329-3P,miRNA,FLUOROURACIL,DB00544,3385
HSA-MIR-329-3P,miRNA,OXALIPLATIN,DB00526,6857599
HSA-MIR-329-3P,miRNA,METHOTREXATE,DB00563,126941
HSA-MIR-33-PRE,miRNA,PONATINIB,DB08901,24826799
HSA-MIR-33-PRE,miRNA,IMATINIB,DB00619,5291
HSA-MIR-330-3P,miRNA,PACLITAXEL,DB01229,36314
HSA-MIR-330-3P,miRNA,VERAPAMIL,DB00661,2520
HSA-MIR-330-3P,miRNA,DOXORUBICIN,DB00997,31703
HSA-MIR-330-3P,miRNA,GEMCITABINE,DB00441,60750
HSA-MIR-330-3P,miRNA,ETOPOSIDE,DB00773,36462
HSA-MIR-330-3P,miRNA,TAMOXIFEN,DB00675,2733525
HSA-MIR-330-3P,miRNA,FLUOROURACIL,DB00544,3385
HSA-MIR-330-3P,miRNA,CISPLATIN,DB00515,5460033
HSA-MIR-330-3P,miRNA,GEFITINIB,DB00317,123631
HSA-MIR-330-3P,miRNA,OXALIPLATIN,DB00526,6857599
HSA-MIR-330-3P,miRNA,TEMOZOLOMIDE,DB00853,5394
HSA-MIR-330-5P,miRNA,GEMCITABINE,DB00441,60750
HSA-MIR-331-3P,miRNA,DOXORUBICIN,DB00997,31703
HSA-MIR-331-3P,miRNA,PACLITAXEL,DB01229,36314
HSA-MIR-331-3P,miRNA,VERAPAMIL,DB00661,2520
HSA-MIR-331-3P,miRNA,TAMOXIFEN,DB00675,2733525
HSA-MIR-331-3P,miRNA,CISPLATIN,DB00515,5460033
HSA-MIR-331-3P,miRNA,FLUOROURACIL,DB00544,3385
HSA-MIR-331-3P,miRNA,PLX-4720,DB06999,24180719
HSA-MIR-331-3P,miRNA,PLATINUM,DB12257,23939
HSA-MIR-331-3P,miRNA,MITOXANTRONE,DB01204,4212
HSA-MIR-331-3P,miRNA,GEMCITABINE,DB00441,60750
HSA-MIR-331-3P,miRNA,BROMOCRIPTINE,DB01200,31101
HSA-MIR-331-3P,miRNA,SORAFENIB,DB00398,216239
HSA-MIR-331-3P,miRNA,CORTISONE,DB14681,222786
HSA-MIR-331-3P,miRNA,METHYLPREDNISOLONE,DB00959,6741
HSA-MIR-331-5P,miRNA,DOXORUBICIN,DB00997,31703
HSA-MIR-331-5P,miRNA,CURCUMIN,DB11672,969516
HSA-MIR-331-5P,miRNA,IMATINIB,DB00619,5291
HSA-MIR-331-PRE,miRNA,PONATINIB,DB08901,24826799
HSA-MIR-331-PRE,miRNA,IMATINIB,DB00619,5291
HSA-MIR-335-3P,miRNA,CISPLATIN,DB00515,5460033
HSA-MIR-335-3P,miRNA,OXALIPLATIN,DB00526,6857599
HSA-MIR-335-3P,miRNA,TAMOXIFEN,DB00675,2733525
HSA-MIR-335-3P,miRNA,IMATINIB,DB00619,5291
HSA-MIR-335-3P,miRNA,FULVESTRANT,DB00947,17756771
HSA-MIR-335-3P,miRNA,BROMOCRIPTINE,DB01200,31101
HSA-MIR-335-3P,miRNA,GEFITINIB,DB00317,123631
HSA-MIR-335-3P,miRNA,DOCETAXEL,DB01248,148124
HSA-MIR-335-5P,miRNA,PACLITAXEL,DB01229,36314
HSA-MIR-335-5P,miRNA,DAUNORUBICIN,DB00694,30323
HSA-MIR-335-5P,miRNA,VINCRISTINE,DB00541,5978
HSA-MIR-335-5P,miRNA,PREDNISOLONE,DB00860,5755
HSA-MIR-335-5P,miRNA,CISPLATIN,DB00515,5460033
HSA-MIR-335-5P,miRNA,DOXORUBICIN,DB00997,31703
HSA-MIR-335-5P,miRNA,IMATINIB,DB00619,5291
HSA-MIR-335-5P,miRNA,CELASTROL,NA,12302620
HSA-MIR-335-5P,miRNA,TAXOL,DB01229,36314
HSA-MIR-335-5P,miRNA,PLX-4720,DB06999,24180719
HSA-MIR-335-5P,miRNA,TAMOXIFEN,DB00675,2733525
HSA-MIR-335-5P,miRNA,GEFITINIB,DB00317,123631
HSA-MIR-335-5P,miRNA,YUANHUADINE,NA,6440572
HSA-MIR-335-5P,miRNA,SORAFENIB,DB00398,216239
HSA-MIR-335-5P,miRNA,GEMCITABINE,DB00441,60750
HSA-MIR-335-5P,miRNA,FLUOROURACIL,DB00544,3385
HSA-MIR-335-5P,miRNA,TOPOTECAN,DB01030,60699
HSA-MIR-335-5P,miRNA,TAXANE,NA,9548828
HSA-MIR-336,miRNA,OXALIPLATIN,DB00526,6857599
HSA-MIR-336,miRNA,VINCRISTINE,DB00541,5978
HSA-MIR-337-3P,miRNA,DOCETAXEL,DB01248,148124
HSA-MIR-337-3P,miRNA,PACLITAXEL,DB01229,36314
HSA-MIR-337-3P,miRNA,CISPLATIN,DB00515,5460033
HSA-MIR-337-3P,miRNA,DOXORUBICIN,DB00997,31703
HSA-MIR-337-3P,miRNA,METHOTREXATE,DB00563,126941
HSA-MIR-337*,miRNA,IMATINIB,DB00619,5291
HSA-MIR-338,miRNA,CISPLATIN,DB00515,5460033
HSA-MIR-338-3P,miRNA,10-HYDROXYCAMPTOTHECIN,DB12385,97226
HSA-MIR-338-3P,miRNA,OXALIPLATIN,DB00526,6857599
HSA-MIR-338-3P,miRNA,CISPLATIN,DB00515,5460033
HSA-MIR-338-3P,miRNA,DOXORUBICIN,DB00997,31703
HSA-MIR-338-3P,miRNA,PACLITAXEL,DB01229,36314
HSA-MIR-338-3P,miRNA,FLUOROURACIL,DB00544,3385
HSA-MIR-338-3P,miRNA,GEMCITABINE,DB00441,60750
HSA-MIR-338-3P,miRNA,SORAFENIB,DB00398,216239
HSA-MIR-338-3P,miRNA,CELASTROL,NA,12302620
HSA-MIR-338-3P,miRNA,IMATINIB,DB00619,5291
HSA-MIR-338-3P,miRNA,REGORAFENIB,DB08896,11167602
HSA-MIR-338-3P,miRNA,SUNITINIB,DB01268,5329102
HSA-MIR-338-3P,miRNA,GEFITINIB,DB00317,123631
HSA-MIR-338-3P,miRNA,TAE226,NA,9934347
HSA-MIR-338-3P,miRNA,DOCETAXEL,DB01248,148124
HSA-MIR-338-3P,miRNA,METHOTREXATE,DB00563,126941
HSA-MIR-338-5P,miRNA,CISPLATIN,DB00515,5460033
HSA-MIR-338-5P,miRNA,OXALIPLATIN,DB00526,6857599
HSA-MIR-338-5P,miRNA,IMATINIB,DB00619,5291
HSA-MIR-338-5P,miRNA,DOXORUBICIN,DB00997,31703
HSA-MIR-338-5P,miRNA,VINBLASTINE,DB00570,442111
HSA-MIR-339,miRNA,IMATINIB,DB00619,5291
HSA-MIR-339-3P,miRNA,TAMOXIFEN,DB00675,2733525
HSA-MIR-339-3P,miRNA,TRAMETINIB,DB08911,11707110
HSA-MIR-339-3P,miRNA,VEMURAFENIB,DB08881,42611257
HSA-MIR-339-5P,miRNA,DOXORUBICIN,DB00997,31703
HSA-MIR-339-5P,miRNA,DOCETAXEL,DB01248,148124
HSA-MIR-339-5P,miRNA,VERAPAMIL,DB00661,2520
HSA-MIR-339-5P,miRNA,TAMOXIFEN,DB00675,2733525
HSA-MIR-339-5P,miRNA,CISPLATIN,DB00515,5460033
HSA-MIR-339-5P,miRNA,OXALIPLATIN,DB00526,6857599
HSA-MIR-339-5P,miRNA,FLUOROURACIL,DB00544,3385
HSA-MIR-339-5P,miRNA,GEMCITABINE,DB00441,60750
HSA-MIR-339-5P,miRNA,DEXAMETHASONE,DB01234,5743
HSA-MIR-339-5P,miRNA,PACLITAXEL,DB01229,36314
HSA-MIR-339-5P,miRNA,TAXOL,DB01229,36314
HSA-MIR-33A-3P,miRNA,DOXORUBICIN,DB00997,31703
HSA-MIR-33A-3P,miRNA,VERAPAMIL,DB00661,2520
HSA-MIR-33A-3P,miRNA,CISPLATIN,DB00515,5460033
HSA-MIR-33A-3P,miRNA,FLUOROURACIL,DB00544,3385
HSA-MIR-33A-3P,miRNA,GEMCITABINE,DB00441,60750
HSA-MIR-33A-3P,miRNA,TAMOXIFEN,DB00675,2733525
HSA-MIR-33A-5P,miRNA,CAPECITABINE,DB01101,60953
HSA-MIR-33A-5P,miRNA,DOXORUBICIN,DB00997,31703
HSA-MIR-33A-5P,miRNA,VERAPAMIL,DB00661,2520
HSA-MIR-33A-5P,miRNA,CISPLATIN,DB00515,5460033
HSA-MIR-33A-5P,miRNA,VINCRISTINE,DB00541,5978
HSA-MIR-33A-5P,miRNA,PREDNISONE,DB00635,5865
HSA-MIR-33A-5P,miRNA,GEMCITABINE,DB00441,60750
HSA-MIR-33A-5P,miRNA,MITOXANTRONE,DB01204,4212
HSA-MIR-33A-5P,miRNA,FLUOROURACIL,DB00544,3385
HSA-MIR-33A-5P,miRNA,IMATINIB,DB00619,5291
HSA-MIR-33A-5P,miRNA,CELASTROL,NA,12302620
HSA-MIR-33A-5P,miRNA,AZACITIDINE,DB00928,9444
HSA-MIR-33A-5P,miRNA,DABRAFENIB,DB08912,44462760
HSA-MIR-33B,miRNA,CERITINIB,DB09063,57379345
HSA-MIR-33B-3P,miRNA,OXALIPLATIN,DB00526,6857599
HSA-MIR-33B-3P,miRNA,GEMCITABINE,DB00441,60750
HSA-MIR-33B-3P,miRNA,CAPECITABINE,DB01101,60953
HSA-MIR-33B-3P,miRNA,TAMOXIFEN,DB00675,2733525
HSA-MIR-33B-3P,miRNA,CISPLATIN,DB00515,5460033
HSA-MIR-33B-3P,miRNA,CERITINIB,DB09063,57379345
HSA-MIR-33B-5P,miRNA,DOXORUBICIN,DB00997,31703
HSA-MIR-33B-5P,miRNA,VERAPAMIL,DB00661,2520
HSA-MIR-33B-5P,miRNA,OXALIPLATIN,DB00526,6857599
HSA-MIR-33B-5P,miRNA,GEMCITABINE,DB00441,60750
HSA-MIR-33B-5P,miRNA,BORTEZOMIB,DB00188,387447
HSA-MIR-33B-5P,miRNA,CISPLATIN,DB00515,5460033
HSA-MIR-33B-5P,miRNA,DOCETAXEL,DB01248,148124
HSA-MIR-33B-5P,miRNA,TAMOXIFEN,DB00675,2733525
HSA-MIR-33B-5P,miRNA,CERITINIB,DB09063,57379345
HSA-MIR-33B-5P,miRNA,DAUNORUBICIN,DB00694,30323
HSA-MIR-34,miRNA,CISPLATIN,DB00515,5460033
HSA-MIR-34,miRNA,GEMCITABINE,DB00441,60750
HSA-MIR-34,miRNA,DOCETAXEL,DB01248,148124
HSA-MIR-34,miRNA,DOXORUBICIN,DB00997,31703
HSA-MIR-34,miRNA,DOXYCYCLINE,DB00254,54671203
HSA-MIR-34,miRNA,FLUOROURACIL,DB00544,3385
HSA-MIR-34,miRNA,PACLITAXEL,DB01229,36314
HSA-MIR-34-A,miRNA,SORAFENIB,DB00398,216239
HSA-MIR-340,miRNA,IMATINIB,DB00619,5291
HSA-MIR-340,miRNA,DOCETAXEL,DB01248,148124
HSA-MIR-340,miRNA,CISPLATIN,DB00515,5460033
HSA-MIR-340,miRNA,PLX-4720,DB06999,24180719
HSA-MIR-340,miRNA,OXALIPLATIN,DB00526,6857599
HSA-MIR-340-3P,miRNA,CISPLATIN,DB00515,5460033
HSA-MIR-340-3P,miRNA,AZACITIDINE,DB00928,9444
HSA-MIR-340-3P,miRNA,BROMOCRIPTINE,DB01200,31101
HSA-MIR-340-3P,miRNA,IMATINIB,DB00619,5291
HSA-MIR-340-3P,miRNA,SORAFENIB,DB00398,216239
HSA-MIR-340-5P,miRNA,TAMOXIFEN,DB00675,2733525
HSA-MIR-340-5P,miRNA,CISPLATIN,DB00515,5460033
HSA-MIR-340-5P,miRNA,DOCETAXEL,DB01248,148124
HSA-MIR-340-5P,miRNA,SORAFENIB,DB00398,216239
HSA-MIR-340-5P,miRNA,GEMCITABINE,DB00441,60750
HSA-MIR-340-5P,miRNA,BAICALIN,NA,64982
HSA-MIR-340-5P,miRNA,ABT-737,DB17023,11228183
HSA-MIR-340-PRE,miRNA,IMATINIB,DB00619,5291
HSA-MIR-342,miRNA,CISPLATIN,DB00515,5460033
HSA-MIR-342,miRNA,IMATINIB,DB00619,5291
HSA-MIR-342-3P,miRNA,DOXORUBICIN,DB00997,31703
HSA-MIR-342-3P,miRNA,TAMOXIFEN,DB00675,2733525
HSA-MIR-342-3P,miRNA,CISPLATIN,DB00515,5460033
HSA-MIR-342-3P,miRNA,ETOPOSIDE,DB00773,36462
HSA-MIR-342-3P,miRNA,PACLITAXEL,DB01229,36314
HSA-MIR-342-3P,miRNA,OXALIPLATIN,DB00526,6857599
HSA-MIR-342-3P,miRNA,DOCETAXEL,DB01248,148124
HSA-MIR-342-3P,miRNA,VINCRISTINE,DB00541,5978
HSA-MIR-342-3P,miRNA,DEXAMETHASONE,DB01234,5743
HSA-MIR-342-3P,miRNA,PLATINUM,DB12257,23939
HSA-MIR-342-3P,miRNA,SUNITINIB,DB01268,5329102
HSA-MIR-342-3P,miRNA,TRAMETINIB,DB08911,11707110
HSA-MIR-342-3P,miRNA,VEMURAFENIB,DB08881,42611257
HSA-MIR-342-3P,miRNA,GEMCITABINE,DB00441,60750
HSA-MIR-342-3P,miRNA,FULVESTRANT,DB00947,17756771
HSA-MIR-342-3P,miRNA,SORAFENIB,DB00398,216239
HSA-MIR-342-5P,miRNA,IMATINIB,DB00619,5291
HSA-MIR-342-5P,miRNA,TAMOXIFEN,DB00675,2733525
HSA-MIR-342-5P,miRNA,DOXORUBICIN,DB00997,31703
HSA-MIR-342-5P,miRNA,CURCUMIN,DB11672,969516
HSA-MIR-342-5P,miRNA,CISPLATIN,DB00515,5460033
HSA-MIR-345,miRNA,CISPLATIN,DB00515,5460033
HSA-MIR-345,miRNA,IMATINIB,DB00619,5291
HSA-MIR-345-3P,miRNA,PLATINUM,DB12257,23939
HSA-MIR-345-3P,miRNA,DOXORUBICIN,DB00997,31703
HSA-MIR-345-5P,miRNA,DOXORUBICIN,DB00997,31703
HSA-MIR-345-5P,miRNA,VERAPAMIL,DB00661,2520
HSA-MIR-345-5P,miRNA,CISPLATIN,DB00515,5460033
HSA-MIR-345-5P,miRNA,SORAFENIB,DB00398,216239
HSA-MIR-345-5P,miRNA,TAMOXIFEN,DB00675,2733525
HSA-MIR-345-5P,miRNA,OXALIPLATIN,DB00526,6857599
HSA-MIR-345-5P,miRNA,GEMCITABINE,DB00441,60750
HSA-MIR-345-5P,miRNA,FLUOROURACIL,DB00544,3385
HSA-MIR-345-5P,miRNA,ETOPOSIDE,DB00773,36462
HSA-MIR-345-5P,miRNA,TENIPOSIDE,DB00444,452548
HSA-MIR-345-5P,miRNA,PACLITAXEL,DB01229,36314
HSA-MIR-345-5P,miRNA,GEFITINIB,DB00317,123631
HSA-MIR-345-5P,miRNA,DABRAFENIB,DB08912,44462760
HSA-MIR-345-PRE,miRNA,IMATINIB,DB00619,5291
HSA-MIR-346,miRNA,CISPLATIN,DB00515,5460033
HSA-MIR-346,miRNA,PACLITAXEL,DB01229,36314
HSA-MIR-346,miRNA,FLUOROURACIL,DB00544,3385
HSA-MIR-346,miRNA,GEMCITABINE,DB00441,60750
HSA-MIR-346,miRNA,DOCETAXEL,DB01248,148124
HSA-MIR-346,miRNA,DABRAFENIB,DB08912,44462760
HSA-MIR-346,miRNA,VEMURAFENIB,DB08881,42611257
HSA-MIR-346,miRNA,DOXORUBICIN,DB00997,31703
HSA-MIR-346,miRNA,TAMOXIFEN,DB00675,2733525
HSA-MIR-34A,miRNA,CERITINIB,DB09063,57379345
HSA-MIR-34A-3P,miRNA,IMATINIB,DB00619,5291
HSA-MIR-34A-3P,miRNA,CERITINIB,DB09063,57379345
HSA-MIR-34A-3P,miRNA,GEMCITABINE,DB00441,60750
HSA-MIR-34A-5P,miRNA,DOXORUBICIN,DB00997,31703
HSA-MIR-34A-5P,miRNA,CAMPTOTHECIN,DB04690,24360
HSA-MIR-34A-5P,miRNA,VERAPAMIL,DB00661,2520
HSA-MIR-34A-5P,miRNA,PACLITAXEL,DB01229,36314
HSA-MIR-34A-5P,miRNA,FLUOROURACIL,DB00544,3385
HSA-MIR-34A-5P,miRNA,CISPLATIN,DB00515,5460033
HSA-MIR-34A-5P,miRNA,MITOMYCIN C,DB00305,5746
HSA-MIR-34A-5P,miRNA,GEMCITABINE,DB00441,60750
HSA-MIR-34A-5P,miRNA,DOCETAXEL,DB01248,148124
HSA-MIR-34A-5P,miRNA,TAMOXIFEN,DB00675,2733525
HSA-MIR-34A-5P,miRNA,VINCRISTINE,DB00541,5978
HSA-MIR-34A-5P,miRNA,CYCLOPAMINE,NA,442972
HSA-MIR-34A-5P,miRNA,SUNITINIB,DB01268,5329102
HSA-MIR-34A-5P,miRNA,SORAFENIB,DB00398,216239
HSA-MIR-34A-5P,miRNA,ERLOTINIB,DB00530,176870
HSA-MIR-34A-5P,miRNA,OXALIPLATIN,DB00526,6857599
HSA-MIR-34A-5P,miRNA,CAPSAICIN,DB06774,1548943
HSA-MIR-34A-5P,miRNA,GEFITINIB,DB00317,123631
HSA-MIR-34A-5P,miRNA,ETOPOSIDE,DB00773,36462
HSA-MIR-34A-5P,miRNA,PLATINUM,DB12257,23939
HSA-MIR-34A-5P,miRNA,VEMURAFENIB,DB08881,42611257
HSA-MIR-34A-5P,miRNA,CARBOPLATIN,DB00958,38904
HSA-MIR-34A-5P,miRNA,METHOTREXATE,DB00563,126941
HSA-MIR-34A-5P,miRNA,RITONAVIR,DB00503,392622
HSA-MIR-34A-5P,miRNA,LOPINAVIR,DB01601,92727
HSA-MIR-34A-5P,miRNA,DABRAFENIB,DB08912,44462760
HSA-MIR-34A-5P,miRNA,DEXAMETHASONE,DB01234,5743
HSA-MIR-34A-5P,miRNA,LUTEOLIN,DB15584,5280445
HSA-MIR-34A-5P,miRNA,FULVESTRANT,DB00947,17756771
HSA-MIR-34A-5P,miRNA,CERITINIB,DB09063,57379345
HSA-MIR-34A-5P,miRNA,PANOBINOSTAT,DB06603,6918837
HSA-MIR-34A-5P,miRNA,EPIRUBICIN,DB00445,41867
HSA-MIR-34A-5P,miRNA,REGORAFENIB,DB08896,11167602
HSA-MIR-34A-5P,miRNA,TRAMETINIB,DB08911,11707110
HSA-MIR-34A-5P,miRNA,TEMOZOLOMIDE,DB00853,5394
HSA-MIR-34A-5P,miRNA,PLATYCODIN D,NA,162859
HSA-MIR-34A-5P,miRNA,BORTEZOMIB,DB00188,387447
HSA-MIR-34A-5P,miRNA,LENALIDOMIDE,DB00480,216326
HSA-MIR-34A-5P,miRNA,SEVOFLURANE,DB01236,5206
HSA-MIR-34A-5P,miRNA,CABOZANTINIB,DB08875,25102847
HSA-MIR-34B,miRNA,CERITINIB,DB09063,57379345
HSA-MIR-34B,miRNA,DOCETAXEL,DB01248,148124
HSA-MIR-34B,miRNA,DOXORUBICIN,DB00997,31703
HSA-MIR-34B,miRNA,VERAPAMIL,DB00661,2520
HSA-MIR-34B,miRNA,RIBAVIRIN,DB00811,37542
HSA-MIR-34B,miRNA,OXALIPLATIN,DB00526,6857599
HSA-MIR-34B,miRNA,GEFITINIB,DB00317,123631
HSA-MIR-34B,miRNA,METFORMIN,DB00331,4091
HSA-MIR-34B,miRNA,PACLITAXEL,DB01229,36314
HSA-MIR-34B,miRNA,SORAFENIB,DB00398,216239
HSA-MIR-34B-3P,miRNA,PACLITAXEL,DB01229,36314
HSA-MIR-34B-3P,miRNA,AZACITIDINE,DB00928,9444
HSA-MIR-34B-3P,miRNA,TEMOZOLOMIDE,DB00853,5394
HSA-MIR-34B-3P,miRNA,CISPLATIN,DB00515,5460033
HSA-MIR-34B-3P,miRNA,DOCETAXEL,DB01248,148124
HSA-MIR-34B-5P,miRNA,SORAFENIB,DB00398,216239
HSA-MIR-34B-5P,miRNA,CISPLATIN,DB00515,5460033
HSA-MIR-34C-3P,miRNA,TRAMETINIB,DB08911,11707110
HSA-MIR-34C-3P,miRNA,VEMURAFENIB,DB08881,42611257
HSA-MIR-34C-3P,miRNA,CISPLATIN,DB00515,5460033
HSA-MIR-34C-3P,miRNA,ANTHRACYCLINE,DB00694,30323
HSA-MIR-34C-3P,miRNA,CYCLOPHOSPHAMIDE,DB00531,2907
HSA-MIR-34C-3P,miRNA,TAXOL,DB01229,36314
HSA-MIR-34C-3P,miRNA,FLUOROURACIL,DB00544,3385
HSA-MIR-34C-3P,miRNA,METHOTREXATE,DB00563,126941
HSA-MIR-34C-5P,miRNA,DOXORUBICIN,DB00997,31703
HSA-MIR-34C-5P,miRNA,IMATINIB,DB00619,5291
HSA-MIR-34C-5P,miRNA,ERLOTINIB,DB00530,176870
HSA-MIR-34C-5P,miRNA,PACLITAXEL,DB01229,36314
HSA-MIR-34C-5P,miRNA,CISPLATIN,DB00515,5460033
HSA-MIR-34C-5P,miRNA,OXALIPLATIN,DB00526,6857599
HSA-MIR-34C-5P,miRNA,VINORELBINE,DB00361,44424639
HSA-MIR-34C-5P,miRNA,METHOTREXATE,DB00563,126941
HSA-MIR-34C-5P,miRNA,GEMCITABINE,DB00441,60750
HSA-MIR-34C-5P,miRNA,CARBOPLATIN,DB00958,38904
HSA-MIR-34C-5P,miRNA,DOCETAXEL,DB01248,148124
HSA-MIR-34C-5P,miRNA,METFORMIN,DB00331,4091
HSA-MIR-34C-5P,miRNA,TRAMETINIB,DB08911,11707110
HSA-MIR-34C-5P,miRNA,VEMURAFENIB,DB08881,42611257
HSA-MIR-3529-3P,miRNA,ERLOTINIB,DB00530,176870
HSA-MIR-355,miRNA,DOXORUBICIN,DB00997,31703
HSA-MIR-35615,miRNA,CISPLATIN,DB00515,5460033
HSA-MIR-3605-5P,miRNA,DABRAFENIB,DB08912,44462760
HSA-MIR-3607,miRNA,IMATINIB,DB00619,5291
HSA-MIR-3607,miRNA,CISPLATIN,DB00515,5460033
HSA-MIR-3607,miRNA,FLUOROURACIL,DB00544,3385
HSA-MIR-3607,miRNA,GEMCITABINE,DB00441,60750
HSA-MIR-3607,miRNA,PLX-4720,DB06999,24180719
HSA-MIR-3607-3P,miRNA,PACLITAXEL,DB01229,36314
HSA-MIR-3607-3P,miRNA,IMATINIB,DB00619,5291
HSA-MIR-3607-3P,miRNA,ANTHRACYCLINE,DB00694,30323
HSA-MIR-3607-3P,miRNA,CYCLOPHOSPHAMIDE,DB00531,2907
HSA-MIR-3607-3P,miRNA,FLUOROURACIL,DB00544,3385
HSA-MIR-3607-3P,miRNA,TAXOL,DB01229,36314
HSA-MIR-3607-3P,miRNA,METHOTREXATE,DB00563,126941
HSA-MIR-3607-5P,miRNA,FULVESTRANT,DB00947,17756771
HSA-MIR-3607-5P,miRNA,ANTHRACYCLINE,DB00694,30323
HSA-MIR-3607-5P,miRNA,FLUOROURACIL,DB00544,3385
HSA-MIR-3607-5P,miRNA,CYCLOPHOSPHAMIDE,DB00531,2907
HSA-MIR-3607-5P,miRNA,TAXOL,DB01229,36314
HSA-MIR-3607-5P,miRNA,METHOTREXATE,DB00563,126941
HSA-MIR-3607-5P,miRNA,TEMOZOLOMIDE,DB00853,5394
HSA-MIR-3609,miRNA,DABRAFENIB,DB08912,44462760
HSA-MIR-3609,miRNA,VEMURAFENIB,DB08881,42611257
HSA-MIR-3609,miRNA,DOXORUBICIN,DB00997,31703
HSA-MIR-3609,miRNA,CISPLATIN,DB00515,5460033
HSA-MIR-3609,miRNA,GEMCITABINE,DB00441,60750
HSA-MIR-361,miRNA,CISPLATIN,DB00515,5460033
HSA-MIR-361-3P,miRNA,PLATINUM,DB12257,23939
HSA-MIR-361-3P,miRNA,SORAFENIB,DB00398,216239
HSA-MIR-361-3P,miRNA,FULVESTRANT,DB00947,17756771
HSA-MIR-361-3P,miRNA,TRAMETINIB,DB08911,11707110
HSA-MIR-361-3P,miRNA,VEMURAFENIB,DB08881,42611257
HSA-MIR-361-3P,miRNA,GEMCITABINE,DB00441,60750
HSA-MIR-361-3P,miRNA,ENZALUTAMIDE,DB08899,15951529
HSA-MIR-361-3P,miRNA,CISPLATIN,DB00515,5460033
HSA-MIR-361-5P,miRNA,DOXORUBICIN,DB00997,31703
HSA-MIR-361-5P,miRNA,VERAPAMIL,DB00661,2520
HSA-MIR-361-5P,miRNA,DOCETAXEL,DB01248,148124
HSA-MIR-361-5P,miRNA,METHOTREXATE,DB00563,126941
HSA-MIR-361-5P,miRNA,TAMOXIFEN,DB00675,2733525
HSA-MIR-361-5P,miRNA,OXALIPLATIN,DB00526,6857599
HSA-MIR-361-5P,miRNA,PACLITAXEL,DB01229,36314
HSA-MIR-361-5P,miRNA,FLUOROURACIL,DB00544,3385
HSA-MIR-361-5P,miRNA,GEMCITABINE,DB00441,60750
HSA-MIR-361-5P,miRNA,PLX-4720,DB06999,24180719
HSA-MIR-361-5P,miRNA,CISPLATIN,DB00515,5460033
HSA-MIR-361-5P,miRNA,PLATINUM,DB12257,23939
HSA-MIR-361-5P,miRNA,SORAFENIB,DB00398,216239
HSA-MIR-3610,miRNA,PLATINUM,DB12257,23939
HSA-MIR-3610,miRNA,GEFITINIB,DB00317,123631
HSA-MIR-3610,miRNA,YUANHUADINE,NA,6440572
HSA-MIR-3611,miRNA,GEMCITABINE,DB00441,60750
HSA-MIR-3613-3P,miRNA,FULVESTRANT,DB00947,17756771
HSA-MIR-3613-3P,miRNA,VEMURAFENIB,DB08881,42611257
HSA-MIR-3613-3P,miRNA,RUXOLITINIB,DB08877,25126798
HSA-MIR-3613-5P,miRNA,VINORELBINE,DB00361,44424639
HSA-MIR-3613-5P,miRNA,DOCETAXEL,DB01248,148124
HSA-MIR-3613-5P,miRNA,EPIRUBICIN,DB00445,41867
HSA-MIR-3613-5P,miRNA,GEFITINIB,DB00317,123631
HSA-MIR-3613-5P,miRNA,ANTHRACYCLINE,DB00694,30323
HSA-MIR-3613-5P,miRNA,FLUOROURACIL,DB00544,3385
HSA-MIR-3613-5P,miRNA,CYCLOPHOSPHAMIDE,DB00531,2907
HSA-MIR-3613-5P,miRNA,TAXOL,DB01229,36314
HSA-MIR-3613-5P,miRNA,METHOTREXATE,DB00563,126941
HSA-MIR-3614,miRNA,CERITINIB,DB09063,57379345
HSA-MIR-3614-5P,miRNA,CERITINIB,DB09063,57379345
HSA-MIR-3614-5P,miRNA,GEMCITABINE,DB00441,60750
HSA-MIR-3614-5P,miRNA,CISPLATIN,DB00515,5460033
HSA-MIR-3615,miRNA,IMATINIB,DB00619,5291
HSA-MIR-3615,miRNA,BROMOCRIPTINE,DB01200,31101
HSA-MIR-3615,miRNA,OXALIPLATIN,DB00526,6857599
HSA-MIR-3617-3P,miRNA,APICIDIN,NA,6918328
HSA-MIR-3617-3P,miRNA,VORINOSTAT,DB02546,5311
HSA-MIR-3617-5P,miRNA,PLX-4720,DB06999,24180719
HSA-MIR-3617-5P,miRNA,CERITINIB,DB09063,57379345
HSA-MIR-3617-5P,miRNA,GEMCITABINE,DB00441,60750
HSA-MIR-3617-5P,miRNA,DOCETAXEL,DB01248,148124
HSA-MIR-3618,miRNA,CERITINIB,DB09063,57379345
HSA-MIR-3619-3P,miRNA,PACLITAXEL,DB01229,36314
HSA-MIR-3619-5P,miRNA,FLUOROURACIL,DB00544,3385
HSA-MIR-3619-5P,miRNA,GEMCITABINE,DB00441,60750
HSA-MIR-3619-5P,miRNA,CISPLATIN,DB00515,5460033
HSA-MIR-362-3P,miRNA,CERITINIB,DB09063,57379345
HSA-MIR-362-3P,miRNA,PACLITAXEL,DB01229,36314
HSA-MIR-362-3P,miRNA,SUNITINIB,DB01268,5329102
HSA-MIR-362-3P,miRNA,CISPLATIN,DB00515,5460033
HSA-MIR-362-5P,miRNA,DOXORUBICIN,DB00997,31703
HSA-MIR-362-5P,miRNA,CISPLATIN,DB00515,5460033
HSA-MIR-362-5P,miRNA,SUNITINIB,DB01268,5329102
HSA-MIR-362-5P,miRNA,OXALIPLATIN,DB00526,6857599
HSA-MIR-362-5P,miRNA,FLUOROURACIL,DB00544,3385
HSA-MIR-362-5P,miRNA,GEMCITABINE,DB00441,60750
HSA-MIR-362-5P,miRNA,IMATINIB,DB00619,5291
HSA-MIR-362-5P,miRNA,PLATINUM,DB12257,23939
HSA-MIR-362-5P,miRNA,CELASTROL,NA,12302620
HSA-MIR-362-5P,miRNA,PACLITAXEL,DB01229,36314
HSA-MIR-362-5P,miRNA,GEFITINIB,DB00317,123631
HSA-MIR-362-5P,miRNA,OSIMERTINIB,DB09330,71496458
HSA-MIR-3620-3P,miRNA,FLUOROURACIL,DB00544,3385
HSA-MIR-3620-3P,miRNA,GEMCITABINE,DB00441,60750
HSA-MIR-3620-5P,miRNA,PLATINUM,DB12257,23939
HSA-MIR-3620-5P,miRNA,PACLITAXEL,DB01229,36314
HSA-MIR-3621,miRNA,GEMCITABINE,DB00441,60750
HSA-MIR-3621,miRNA,FLUOROURACIL,DB00544,3385
HSA-MIR-3621,miRNA,CISPLATIN,DB00515,5460033
HSA-MIR-3621,miRNA,PLATINUM,DB12257,23939
HSA-MIR-3621,miRNA,IMATINIB,DB00619,5291
HSA-MIR-3621,miRNA,VEMURAFENIB,DB08881,42611257
HSA-MIR-3621,miRNA,DABRAFENIB,DB08912,44462760
HSA-MIR-3621,miRNA,PACLITAXEL,DB01229,36314
HSA-MIR-3621,miRNA,FULVESTRANT,DB00947,17756771
HSA-MIR-3621,miRNA,TAMOXIFEN,DB00675,2733525
HSA-MIR-3622A,miRNA,DOXORUBICIN,DB00997,31703
HSA-MIR-3622A-5P,miRNA,PACLITAXEL,DB01229,36314
HSA-MIR-3622B-5P,miRNA,PLATINUM,DB12257,23939
HSA-MIR-3622B-5P,miRNA,DOCETAXEL,DB01248,148124
HSA-MIR-3622B-5P,miRNA,TEMOZOLOMIDE,DB00853,5394
HSA-MIR-363,miRNA,PAROXETINE,DB00715,43815
HSA-MIR-363-3P,miRNA,PACLITAXEL,DB01229,36314
HSA-MIR-363-3P,miRNA,DOCETAXEL,DB01248,148124
HSA-MIR-363-3P,miRNA,CISPLATIN,DB00515,5460033
HSA-MIR-363-3P,miRNA,TAMOXIFEN,DB00675,2733525
HSA-MIR-363-3P,miRNA,PLX-4720,DB06999,24180719
HSA-MIR-363-3P,miRNA,FLUOROURACIL,DB00544,3385
HSA-MIR-363-3P,miRNA,GEMCITABINE,DB00441,60750
HSA-MIR-363-3P,miRNA,TRAMETINIB,DB08911,11707110
HSA-MIR-363-3P,miRNA,VEMURAFENIB,DB08881,42611257
HSA-MIR-363-3P,miRNA,GEFITINIB,DB00317,123631
HSA-MIR-363-3P,miRNA,RUXOLITINIB,DB08877,25126798
HSA-MIR-363-5P,miRNA,CISPLATIN,DB00515,5460033
HSA-MIR-363-5P,miRNA,FLUOROURACIL,DB00544,3385
HSA-MIR-363-5P,miRNA,PAROXETINE,DB00715,43815
HSA-MIR-363-5P,miRNA,OXALIPLATIN,DB00526,6857599
HSA-MIR-363-5P,miRNA,VINORELBINE,DB00361,44424639
HSA-MIR-363-5P,miRNA,VEMURAFENIB,DB08881,42611257
HSA-MIR-363-5P,miRNA,DABRAFENIB,DB08912,44462760
HSA-MIR-3646,miRNA,PLATINUM,DB12257,23939
HSA-MIR-3646,miRNA,DOCETAXEL,DB01248,148124
HSA-MIR-3647,miRNA,GEMCITABINE,DB00441,60750
HSA-MIR-3647,miRNA,FLUOROURACIL,DB00544,3385
HSA-MIR-3648,miRNA,PLATINUM,DB12257,23939
HSA-MIR-3648,miRNA,DABRAFENIB,DB08912,44462760
HSA-MIR-3648,miRNA,VEMURAFENIB,DB08881,42611257
HSA-MIR-3648,miRNA,FULVESTRANT,DB00947,17756771
HSA-MIR-3648-1,miRNA,CERITINIB,DB09063,57379345
HSA-MIR-3651,miRNA,CISPLATIN,DB00515,5460033
HSA-MIR-3651,miRNA,PLX-4720,DB06999,24180719
HSA-MIR-3651,miRNA,DOCETAXEL,DB01248,148124
HSA-MIR-3652,miRNA,PLATINUM,DB12257,23939
HSA-MIR-3652,miRNA,GEFITINIB,DB00317,123631
HSA-MIR-3652,miRNA,CISPLATIN,DB00515,5460033
HSA-MIR-3653,miRNA,CISPLATIN,DB00515,5460033
HSA-MIR-3653,miRNA,FLUOROURACIL,DB00544,3385
HSA-MIR-3653,miRNA,GEMCITABINE,DB00441,60750
HSA-MIR-3653,miRNA,PLX-4720,DB06999,24180719
HSA-MIR-3653,miRNA,PLATINUM,DB12257,23939
HSA-MIR-3653-5P,miRNA,DOCETAXEL,DB01248,148124
HSA-MIR-3654,miRNA,DOXORUBICIN,DB00997,31703
HSA-MIR-3654,miRNA,PLATINUM,DB12257,23939
HSA-MIR-3654,miRNA,PACLITAXEL,DB01229,36314
HSA-MIR-3655,miRNA,IMATINIB,DB00619,5291
HSA-MIR-3656,miRNA,PLATINUM,DB12257,23939
HSA-MIR-3656,miRNA,CISPLATIN,DB00515,5460033
HSA-MIR-3656,miRNA,DABRAFENIB,DB08912,44462760
HSA-MIR-3656,miRNA,VEMURAFENIB,DB08881,42611257
HSA-MIR-3656,miRNA,GEMCITABINE,DB00441,60750
HSA-MIR-3656,miRNA,PACLITAXEL,DB01229,36314
HSA-MIR-3656,miRNA,IMATINIB,DB00619,5291
HSA-MIR-3656,miRNA,FULVESTRANT,DB00947,17756771
HSA-MIR-3658,miRNA,DOCETAXEL,DB01248,148124
HSA-MIR-3659,miRNA,DOXORUBICIN,DB00997,31703
HSA-MIR-3659,miRNA,CISPLATIN,DB00515,5460033
HSA-MIR-365A,miRNA,DOXORUBICIN,DB00997,31703
HSA-MIR-365A,miRNA,OXALIPLATIN,DB00526,6857599
HSA-MIR-365A,miRNA,CERITINIB,DB09063,57379345
HSA-MIR-365A,miRNA,PACLITAXEL,DB01229,36314
HSA-MIR-365A,miRNA,CISPLATIN,DB00515,5460033
HSA-MIR-365A-3P,miRNA,10-HYDROXYCAMPTOTHECIN,DB12385,97226
HSA-MIR-365A-3P,miRNA,CISPLATIN,DB00515,5460033
HSA-MIR-365A-3P,miRNA,METHOTREXATE,DB00563,126941
HSA-MIR-365A-3P,miRNA,TAMOXIFEN,DB00675,2733525
HSA-MIR-365A-3P,miRNA,FLUOROURACIL,DB00544,3385
HSA-MIR-365A-3P,miRNA,GEMCITABINE,DB00441,60750
HSA-MIR-365A-3P,miRNA,PACLITAXEL,DB01229,36314
HSA-MIR-365A-3P,miRNA,IMATINIB,DB00619,5291
HSA-MIR-365A-3P,miRNA,TAXANE,NA,9548828
HSA-MIR-365A-3P,miRNA,PLATINUM,DB12257,23939
HSA-MIR-365A-3P,miRNA,VEMURAFENIB,DB08881,42611257
HSA-MIR-365A-3P,miRNA,DOXORUBICIN,DB00997,31703
HSA-MIR-365A-5P,miRNA,CERITINIB,DB09063,57379345
HSA-MIR-365B,miRNA,DOXORUBICIN,DB00997,31703
HSA-MIR-365B,miRNA,CERITINIB,DB09063,57379345
HSA-MIR-365B-5P,miRNA,IMATINIB,DB00619,5291
HSA-MIR-365B-5P,miRNA,CERITINIB,DB09063,57379345
HSA-MIR-365B-5P,miRNA,GEMCITABINE,DB00441,60750
HSA-MIR-3660,miRNA,CERITINIB,DB09063,57379345
HSA-MIR-3660,miRNA,DOXORUBICIN,DB00997,31703
HSA-MIR-3661,miRNA,CERITINIB,DB09063,57379345
HSA-MIR-3661,miRNA,IMATINIB,DB00619,5291
HSA-MIR-3662,miRNA,GEMCITABINE,DB00441,60750
HSA-MIR-3663,miRNA,CERITINIB,DB09063,57379345
HSA-MIR-3663-3P,miRNA,PLATINUM,DB12257,23939
HSA-MIR-3663-3P,miRNA,VEMURAFENIB,DB08881,42611257
HSA-MIR-3663-3P,miRNA,DABRAFENIB,DB08912,44462760
HSA-MIR-3663-3P,miRNA,CURCUMIN,DB11672,969516
HSA-MIR-3663-3P,miRNA,DOXORUBICIN,DB00997,31703
HSA-MIR-3663-3P,miRNA,FULVESTRANT,DB00947,17756771
HSA-MIR-3663-3P,miRNA,CERITINIB,DB09063,57379345
HSA-MIR-3663-3P,miRNA,GEFITINIB,DB00317,123631
HSA-MIR-3663-3P,miRNA,YUANHUADINE,NA,6440572
HSA-MIR-3663-3P,miRNA,PACLITAXEL,DB01229,36314
HSA-MIR-3663-3P,miRNA,GEMCITABINE,DB00441,60750
HSA-MIR-3663-3P,miRNA,CISPLATIN,DB00515,5460033
HSA-MIR-3664,miRNA,CERITINIB,DB09063,57379345
HSA-MIR-3664-3P,miRNA,CERITINIB,DB09063,57379345
HSA-MIR-3664-5P,miRNA,OXALIPLATIN,DB00526,6857599
HSA-MIR-3665,miRNA,GEMCITABINE,DB00441,60750
HSA-MIR-3665,miRNA,FLUOROURACIL,DB00544,3385
HSA-MIR-3665,miRNA,PLATINUM,DB12257,23939
HSA-MIR-3665,miRNA,FULVESTRANT,DB00947,17756771
HSA-MIR-3665,miRNA,CISPLATIN,DB00515,5460033
HSA-MIR-367-3P,miRNA,DOXORUBICIN,DB00997,31703
HSA-MIR-367-3P,miRNA,VERAPAMIL,DB00661,2520
HSA-MIR-367-3P,miRNA,PACLITAXEL,DB01229,36314
HSA-MIR-367-3P,miRNA,MITOXANTRONE,DB01204,4212
HSA-MIR-367-3P,miRNA,SORAFENIB,DB00398,216239
HSA-MIR-367-5P,miRNA,METHOTREXATE,DB00563,126941
HSA-MIR-3673,miRNA,PACLITAXEL,DB01229,36314
HSA-MIR-3674,miRNA,DOXORUBICIN,DB00997,31703
HSA-MIR-3675,miRNA,DOXORUBICIN,DB00997,31703
HSA-MIR-3675-3P,miRNA,IMATINIB,DB00619,5291
HSA-MIR-3675-3P,miRNA,VEMURAFENIB,DB08881,42611257
HSA-MIR-3676,miRNA,FLUOROURACIL,DB00544,3385
HSA-MIR-3676,miRNA,GEMCITABINE,DB00441,60750
HSA-MIR-3676,miRNA,CAPECITABINE,DB01101,60953
HSA-MIR-3676,miRNA,OXALIPLATIN,DB00526,6857599
HSA-MIR-3676,miRNA,CISPLATIN,DB00515,5460033
HSA-MIR-3676-3P,miRNA,GEMCITABINE,DB00441,60750
HSA-MIR-3676-3P,miRNA,PLATINUM,DB12257,23939
HSA-MIR-3676-3P,miRNA,TRAMETINIB,DB08911,11707110
HSA-MIR-3676-3P,miRNA,VEMURAFENIB,DB08881,42611257
HSA-MIR-3676-5P,miRNA,PLATINUM,DB12257,23939
HSA-MIR-3676-5P,miRNA,FLUOROURACIL,DB00544,3385
HSA-MIR-3676-5P,miRNA,CISPLATIN,DB00515,5460033
HSA-MIR-3679,miRNA,DOXORUBICIN,DB00997,31703
HSA-MIR-3679-3P,miRNA,IMATINIB,DB00619,5291
HSA-MIR-3679-3P,miRNA,VEMURAFENIB,DB08881,42611257
HSA-MIR-3679-5P,miRNA,PLATINUM,DB12257,23939
HSA-MIR-3679-5P,miRNA,DOXORUBICIN,DB00997,31703
HSA-MIR-3679-5P,miRNA,CURCUMIN,DB11672,969516
HSA-MIR-3679-5P,miRNA,OSIMERTINIB,DB09330,71496458
HSA-MIR-3679-5P,miRNA,ETOPOSIDE,DB00773,36462
HSA-MIR-3679-5P,miRNA,PACLITAXEL,DB01229,36314
HSA-MIR-3679-5P,miRNA,VINORELBINE,DB00361,44424639
HSA-MIR-3679-5P,miRNA,VINCRISTINE,DB00541,5978
HSA-MIR-3681,miRNA,CERITINIB,DB09063,57379345
HSA-MIR-3681-3P,miRNA,DOXORUBICIN,DB00997,31703
HSA-MIR-3681-3P,miRNA,PACLITAXEL,DB01229,36314
HSA-MIR-3681-5P,miRNA,DOXORUBICIN,DB00997,31703
HSA-MIR-3681-5P,miRNA,CERITINIB,DB09063,57379345
HSA-MIR-3682-3P,miRNA,GEMCITABINE,DB00441,60750
HSA-MIR-3682-3P,miRNA,FLUOROURACIL,DB00544,3385
HSA-MIR-3682-3P,miRNA,PLATINUM,DB12257,23939
HSA-MIR-3682-3P,miRNA,VEMURAFENIB,DB08881,42611257
HSA-MIR-3682-3P,miRNA,DABRAFENIB,DB08912,44462760
HSA-MIR-3682-3P,miRNA,GEFITINIB,DB00317,123631
HSA-MIR-3682-3P,miRNA,CISPLATIN,DB00515,5460033
HSA-MIR-3687,miRNA,DOXORUBICIN,DB00997,31703
HSA-MIR-3687,miRNA,GEMCITABINE,DB00441,60750
HSA-MIR-3687,miRNA,FLUOROURACIL,DB00544,3385
HSA-MIR-3687,miRNA,CISPLATIN,DB00515,5460033
HSA-MIR-3687,miRNA,VINCRISTINE,DB00541,5978
HSA-MIR-3687,miRNA,FULVESTRANT,DB00947,17756771
HSA-MIR-3687,miRNA,CERITINIB,DB09063,57379345
HSA-MIR-3688-5P,miRNA,IMATINIB,DB00619,5291
HSA-MIR-369,miRNA,CERITINIB,DB09063,57379345
HSA-MIR-369-3P,miRNA,VERAPAMIL,DB00661,2520
HSA-MIR-369-3P,miRNA,DOXORUBICIN,DB00997,31703
HSA-MIR-369-3P,miRNA,GEMCITABINE,DB00441,60750
HSA-MIR-369-3P,miRNA,CISPLATIN,DB00515,5460033
HSA-MIR-369-3P,miRNA,PLATINUM,DB12257,23939
HSA-MIR-369-3P,miRNA,OXALIPLATIN,DB00526,6857599
HSA-MIR-369-3P,miRNA,DOCETAXEL,DB01248,148124
HSA-MIR-369-5P,miRNA,CISPLATIN,DB00515,5460033
HSA-MIR-369-5P,miRNA,CERITINIB,DB09063,57379345
HSA-MIR-369-5P,miRNA,GEMCITABINE,DB00441,60750
HSA-MIR-3691-5P,miRNA,GEMCITABINE,DB00441,60750
HSA-MIR-3692-5P,miRNA,PLATINUM,DB12257,23939
HSA-MIR-370-3P,miRNA,CISPLATIN,DB00515,5460033
HSA-MIR-370-3P,miRNA,VERAPAMIL,DB00661,2520
HSA-MIR-370-3P,miRNA,DOXORUBICIN,DB00997,31703
HSA-MIR-370-3P,miRNA,SUNITINIB,DB01268,5329102
HSA-MIR-370-3P,miRNA,HOMOHARRINGTONINE,NA,285033
HSA-MIR-370-3P,miRNA,FLUOROURACIL,DB00544,3385
HSA-MIR-370-3P,miRNA,GEMCITABINE,DB00441,60750
HSA-MIR-370-3P,miRNA,PLATINUM,DB12257,23939
HSA-MIR-370-3P,miRNA,CELASTROL,NA,12302620
HSA-MIR-370-3P,miRNA,TEMOZOLOMIDE,DB00853,5394
HSA-MIR-370-3P,miRNA,RUXOLITINIB,DB08877,25126798
HSA-MIR-370-5P,miRNA,GEMCITABINE,DB00441,60750
HSA-MIR-370-5P,miRNA,TEMOZOLOMIDE,DB00853,5394
HSA-MIR-370-PRE,miRNA,IMATINIB,DB00619,5291
HSA-MIR-371A,miRNA,GEMCITABINE,DB00441,60750
HSA-MIR-371A-3P,miRNA,DOCETAXEL,DB01248,148124
HSA-MIR-371A-3P,miRNA,10-HYDROXYCAMPTOTHECIN,DB12385,97226
HSA-MIR-371A-3P,miRNA,CISPLATIN,DB00515,5460033
HSA-MIR-371A-3P,miRNA,OXALIPLATIN,DB00526,6857599
HSA-MIR-371A-3P,miRNA,GEMCITABINE,DB00441,60750
HSA-MIR-371A-3P,miRNA,FLUOROURACIL,DB00544,3385
HSA-MIR-371A-3P,miRNA,DOXORUBICIN,DB00997,31703
HSA-MIR-371A-3P,miRNA,AG-1478,NA,2051
HSA-MIR-371A-3P,miRNA,TAXOL,DB01229,36314
HSA-MIR-371A-5P,miRNA,GEMCITABINE,DB00441,60750
HSA-MIR-371A-5P,miRNA,PLATINUM,DB12257,23939
HSA-MIR-371A-5P,miRNA,SORAFENIB,DB00398,216239
HSA-MIR-371A-5P,miRNA,IMATINIB,DB00619,5291
HSA-MIR-371A-5P,miRNA,CISPLATIN,DB00515,5460033
HSA-MIR-371A-5P,miRNA,PACLITAXEL,DB01229,36314
HSA-MIR-371B,miRNA,GEMCITABINE,DB00441,60750
HSA-MIR-371B-3P,miRNA,GEMCITABINE,DB00441,60750
HSA-MIR-371B-5P,miRNA,PACLITAXEL,DB01229,36314
HSA-MIR-371B-5P,miRNA,TAMOXIFEN,DB00675,2733525
HSA-MIR-371B-5P,miRNA,FULVESTRANT,DB00947,17756771
HSA-MIR-371B-5P,miRNA,GEFITINIB,DB00317,123631
HSA-MIR-372-3P,miRNA,10-HYDROXYCAMPTOTHECIN,DB12385,97226
HSA-MIR-372-3P,miRNA,CISPLATIN,DB00515,5460033
HSA-MIR-372-3P,miRNA,FLUOROURACIL,DB00544,3385
HSA-MIR-372-3P,miRNA,OXALIPLATIN,DB00526,6857599
HSA-MIR-372-3P,miRNA,DOXORUBICIN,DB00997,31703
HSA-MIR-372-3P,miRNA,GEMCITABINE,DB00441,60750
HSA-MIR-372-3P,miRNA,SUNITINIB,DB01268,5329102
HSA-MIR-372-3P,miRNA,VEMURAFENIB,DB08881,42611257
HSA-MIR-372-3P,miRNA,TRAMETINIB,DB08911,11707110
HSA-MIR-372-3P,miRNA,TAXANE,NA,9548828
HSA-MIR-372-3P,miRNA,AG-1478,NA,2051
HSA-MIR-372-3P,miRNA,TAXOL,DB01229,36314
HSA-MIR-372-3P,miRNA,CELASTROL,NA,12302620
HSA-MIR-372-3P,miRNA,DOCETAXEL,DB01248,148124
HSA-MIR-372-5P,miRNA,GEFITINIB,DB00317,123631
HSA-MIR-372-5P,miRNA,ERLOTINIB,DB00530,176870
HSA-MIR-372-5P,miRNA,CISPLATIN,DB00515,5460033
HSA-MIR-373-3P,miRNA,DOXORUBICIN,DB00997,31703
HSA-MIR-373-3P,miRNA,VERAPAMIL,DB00661,2520
HSA-MIR-373-3P,miRNA,10-HYDROXYCAMPTOTHECIN,DB12385,97226
HSA-MIR-373-3P,miRNA,CISPLATIN,DB00515,5460033
HSA-MIR-373-3P,miRNA,CYCLOPAMINE,NA,442972
HSA-MIR-373-3P,miRNA,PACLITAXEL,DB01229,36314
HSA-MIR-373-3P,miRNA,OXALIPLATIN,DB00526,6857599
HSA-MIR-373-3P,miRNA,GEMCITABINE,DB00441,60750
HSA-MIR-373-3P,miRNA,SUNITINIB,DB01268,5329102
HSA-MIR-373-3P,miRNA,TEMOZOLOMIDE,DB00853,5394
HSA-MIR-373-3P,miRNA,AG-1478,NA,2051
HSA-MIR-373-3P,miRNA,TAXOL,DB01229,36314
HSA-MIR-373-5P,miRNA,DOXORUBICIN,DB00997,31703
HSA-MIR-373-5P,miRNA,VERAPAMIL,DB00661,2520
HSA-MIR-373-5P,miRNA,CISPLATIN,DB00515,5460033
HSA-MIR-373-5P,miRNA,PACLITAXEL,DB01229,36314
HSA-MIR-373-5P,miRNA,FLUOROURACIL,DB00544,3385
HSA-MIR-373-5P,miRNA,GEMCITABINE,DB00441,60750
HSA-MIR-373-5P,miRNA,PLATINUM,DB12257,23939
HSA-MIR-373-5P,miRNA,ERLOTINIB,DB00530,176870
HSA-MIR-374-5P,miRNA,DAUNORUBICIN,DB00694,30323
HSA-MIR-374A,miRNA,CISPLATIN,DB00515,5460033
HSA-MIR-374A-3P,miRNA,DOXORUBICIN,DB00997,31703
HSA-MIR-374A-3P,miRNA,VERAPAMIL,DB00661,2520
HSA-MIR-374A-3P,miRNA,TAMOXIFEN,DB00675,2733525
HSA-MIR-374A-3P,miRNA,IMATINIB,DB00619,5291
HSA-MIR-374A-3P,miRNA,PLATINUM,DB12257,23939
HSA-MIR-374A-5P,miRNA,DOXORUBICIN,DB00997,31703
HSA-MIR-374A-5P,miRNA,TAMOXIFEN,DB00675,2733525
HSA-MIR-374A-5P,miRNA,CISPLATIN,DB00515,5460033
HSA-MIR-374A-5P,miRNA,VINORELBINE,DB00361,44424639
HSA-MIR-374A-5P,miRNA,PACLITAXEL,DB01229,36314
HSA-MIR-374A-5P,miRNA,GEFITINIB,DB00317,123631
HSA-MIR-374A-5P,miRNA,DEXAMETHASONE,DB01234,5743
HSA-MIR-374A-5P,miRNA,PLATINUM,DB12257,23939
HSA-MIR-374A-5P,miRNA,FLUOROURACIL,DB00544,3385
HSA-MIR-374A-5P,miRNA,AZACITIDINE,DB00928,9444
HSA-MIR-374A-5P,miRNA,TRAMETINIB,DB08911,11707110
HSA-MIR-374A-5P,miRNA,VEMURAFENIB,DB08881,42611257
HSA-MIR-374A-5P,miRNA,ETOPOSIDE,DB00773,36462
HSA-MIR-374A-5P,miRNA,OXALIPLATIN,DB00526,6857599
HSA-MIR-374A-5P,miRNA,SORAFENIB,DB00398,216239
HSA-MIR-374B-3P,miRNA,CISPLATIN,DB00515,5460033
HSA-MIR-374B-5P,miRNA,TAMOXIFEN,DB00675,2733525
HSA-MIR-374B-5P,miRNA,CISPLATIN,DB00515,5460033
HSA-MIR-374B-5P,miRNA,GEMCITABINE,DB00441,60750
HSA-MIR-374B-5P,miRNA,PLATINUM,DB12257,23939
HSA-MIR-374B-5P,miRNA,NINTEDANIB,DB09079,9809715
HSA-MIR-374B-5P,miRNA,FLUOROURACIL,DB00544,3385
HSA-MIR-374B-5P,miRNA,BLEOMYCIN,DB00290,5360373
HSA-MIR-374B-5P,miRNA,AZACITIDINE,DB00928,9444
HSA-MIR-374B-5P,miRNA,PACLITAXEL,DB01229,36314
HSA-MIR-374B-5P,miRNA,VEMURAFENIB,DB08881,42611257
HSA-MIR-374B-5P,miRNA,TRAMETINIB,DB08911,11707110
HSA-MIR-374B-5P,miRNA,SORAFENIB,DB00398,216239
HSA-MIR-374C-5P,miRNA,CISPLATIN,DB00515,5460033
HSA-MIR-375,miRNA,TAMOXIFEN,DB00675,2733525
HSA-MIR-375-3P,miRNA,DOXORUBICIN,DB00997,31703
HSA-MIR-375-3P,miRNA,TAMOXIFEN,DB00675,2733525
HSA-MIR-375-3P,miRNA,RUTHENIUM,NA,23950
HSA-MIR-375-3P,miRNA,CISPLATIN,DB00515,5460033
HSA-MIR-375-3P,miRNA,PACLITAXEL,DB01229,36314
HSA-MIR-375-3P,miRNA,VINORELBINE,DB00361,44424639
HSA-MIR-375-3P,miRNA,OXALIPLATIN,DB00526,6857599
HSA-MIR-375-3P,miRNA,DOCETAXEL,DB01248,148124
HSA-MIR-375-3P,miRNA,EPIRUBICIN,DB00445,41867
HSA-MIR-375-3P,miRNA,GEFITINIB,DB00317,123631
HSA-MIR-375-3P,miRNA,VANDETANIB,DB05294,3081361
HSA-MIR-375-3P,miRNA,FULVESTRANT,DB00947,17756771
HSA-MIR-375-3P,miRNA,CERITINIB,DB09063,57379345
HSA-MIR-375-3P,miRNA,PANOBINOSTAT,DB06603,6918837
HSA-MIR-375-3P,miRNA,FLUOROURACIL,DB00544,3385
HSA-MIR-375-3P,miRNA,GEMCITABINE,DB00441,60750
HSA-MIR-375-3P,miRNA,SORAFENIB,DB00398,216239
HSA-MIR-375-3P,miRNA,4-HYDROXYTAMOXIFEN,NA,449459
HSA-MIR-375-3P,miRNA,OSIMERTINIB,DB09330,71496458
HSA-MIR-375-3P,miRNA,CHIDAMIDE,NA,9800555
HSA-MIR-376A-1,miRNA,CERITINIB,DB09063,57379345
HSA-MIR-376A-3P,miRNA,DOXORUBICIN,DB00997,31703
HSA-MIR-376A-3P,miRNA,GEFITINIB,DB00317,123631
HSA-MIR-376A-3P,miRNA,CISPLATIN,DB00515,5460033
HSA-MIR-376A-3P,miRNA,PLATINUM,DB12257,23939
HSA-MIR-376A-3P,miRNA,CELASTROL,NA,12302620
HSA-MIR-376A-3P,miRNA,TRAMETINIB,DB08911,11707110
HSA-MIR-376A-3P,miRNA,VEMURAFENIB,DB08881,42611257
HSA-MIR-376A-3P,miRNA,BROMOCRIPTINE,DB01200,31101
HSA-MIR-376A-3P,miRNA,OXALIPLATIN,DB00526,6857599
HSA-MIR-376A-3P,miRNA,IMATINIB,DB00619,5291
HSA-MIR-376A-5P,miRNA,PACLITAXEL,DB01229,36314
HSA-MIR-376A-5P,miRNA,CERITINIB,DB09063,57379345
HSA-MIR-376A-5P,miRNA,CISPLATIN,DB00515,5460033
HSA-MIR-376A-5P,miRNA,FLUOROURACIL,DB00544,3385
HSA-MIR-376A-5P,miRNA,SORAFENIB,DB00398,216239
HSA-MIR-376B,miRNA,CERITINIB,DB09063,57379345
HSA-MIR-376B-3P,miRNA,PACLITAXEL,DB01229,36314
HSA-MIR-376B-3P,miRNA,DOXORUBICIN,DB00997,31703
HSA-MIR-376B-3P,miRNA,CERITINIB,DB09063,57379345
HSA-MIR-376B-3P,miRNA,SUNITINIB,DB01268,5329102
HSA-MIR-376C,miRNA,CERITINIB,DB09063,57379345
HSA-MIR-376C-3P,miRNA,DOXORUBICIN,DB00997,31703
HSA-MIR-376C-3P,miRNA,VERAPAMIL,DB00661,2520
HSA-MIR-376C-3P,miRNA,CISPLATIN,DB00515,5460033
HSA-MIR-376C-3P,miRNA,PLATINUM,DB12257,23939
HSA-MIR-376C-3P,miRNA,PACLITAXEL,DB01229,36314
HSA-MIR-376C-3P,miRNA,CERITINIB,DB09063,57379345
HSA-MIR-376C-3P,miRNA,OXALIPLATIN,DB00526,6857599
HSA-MIR-376C-3P,miRNA,IMATINIB,DB00619,5291
HSA-MIR-377-3P,miRNA,GEMCITABINE,DB00441,60750
HSA-MIR-377-3P,miRNA,PACLITAXEL,DB01229,36314
HSA-MIR-377-3P,miRNA,DOXORUBICIN,DB00997,31703
HSA-MIR-377-3P,miRNA,AZACITIDINE,DB00928,9444
HSA-MIR-377-3P,miRNA,PLATINUM,DB12257,23939
HSA-MIR-377-3P,miRNA,CELASTROL,NA,12302620
HSA-MIR-377-3P,miRNA,CISPLATIN,DB00515,5460033
HSA-MIR-377-3P,miRNA,FLUOROURACIL,DB00544,3385
HSA-MIR-377-3P,miRNA,SUNITINIB,DB01268,5329102
HSA-MIR-377-3P,miRNA,PAZOPANIB,DB06589,10113978
HSA-MIR-378,miRNA,DOXORUBICIN,DB00997,31703
HSA-MIR-378,miRNA,RIBAVIRIN,DB00811,37542
HSA-MIR-378,miRNA,TAMOXIFEN,DB00675,2733525
HSA-MIR-378,miRNA,CISPLATIN,DB00515,5460033
HSA-MIR-378,miRNA,EPIRUBICIN,DB00445,41867
HSA-MIR-378,miRNA,METHOTREXATE,DB00563,126941
HSA-MIR-378,miRNA,FLUOROURACIL,DB00544,3385
HSA-MIR-378,miRNA,GEMCITABINE,DB00441,60750
HSA-MIR-378A,miRNA,DOXORUBICIN,DB00997,31703
HSA-MIR-378A,miRNA,VINCRISTINE,DB00541,5978
HSA-MIR-378A,miRNA,FLUOROURACIL,DB00544,3385
HSA-MIR-378A,miRNA,GEMCITABINE,DB00441,60750
HSA-MIR-378A,miRNA,CISPLATIN,DB00515,5460033
HSA-MIR-378A,miRNA,SORAFENIB,DB00398,216239
HSA-MIR-378A,miRNA,CERITINIB,DB09063,57379345
HSA-MIR-378A-3P,miRNA,RIBAVIRIN,DB00811,37542
HSA-MIR-378A-3P,miRNA,TAMOXIFEN,DB00675,2733525
HSA-MIR-378A-3P,miRNA,CISPLATIN,DB00515,5460033
HSA-MIR-378A-3P,miRNA,IMATINIB,DB00619,5291
HSA-MIR-378A-3P,miRNA,CERITINIB,DB09063,57379345
HSA-MIR-378A-3P,miRNA,TEMOZOLOMIDE,DB00853,5394
HSA-MIR-378A-3P,miRNA,ERLOTINIB,DB00530,176870
HSA-MIR-378A-3P,miRNA,SORAFENIB,DB00398,216239
HSA-MIR-378A-3P,miRNA,DABRAFENIB,DB08912,44462760
HSA-MIR-378A-3P,miRNA,VEMURAFENIB,DB08881,42611257
HSA-MIR-378A-3P,miRNA,TRAMETINIB,DB08911,11707110
HSA-MIR-378A-3P,miRNA,DOXORUBICIN,DB00997,31703
HSA-MIR-378A-3P,miRNA,PACLITAXEL,DB01229,36314
HSA-MIR-378A-3P+HSA-MIR-378I,miRNA,TRAMETINIB,DB08911,11707110
HSA-MIR-378A-3P+HSA-MIR-378I,miRNA,VEMURAFENIB,DB08881,42611257
HSA-MIR-378A-5P,miRNA,PAROXETINE,DB00715,43815
HSA-MIR-378A-5P,miRNA,GEMCITABINE,DB00441,60750
HSA-MIR-378A-5P,miRNA,PACLITAXEL,DB01229,36314
HSA-MIR-378A-5P,miRNA,PLATINUM,DB12257,23939
HSA-MIR-378A-5P,miRNA,CERITINIB,DB09063,57379345
HSA-MIR-378A-5P,miRNA,VINCRISTINE,DB00541,5978
HSA-MIR-378A-5P,miRNA,TEMOZOLOMIDE,DB00853,5394
HSA-MIR-378A-5P,miRNA,SORAFENIB,DB00398,216239
HSA-MIR-378A-5P,miRNA,OXALIPLATIN,DB00526,6857599
HSA-MIR-378A-5P,miRNA,CISPLATIN,DB00515,5460033
HSA-MIR-378B,miRNA,CISPLATIN,DB00515,5460033
HSA-MIR-378B,miRNA,TRAMETINIB,DB08911,11707110
HSA-MIR-378B,miRNA,VEMURAFENIB,DB08881,42611257
HSA-MIR-378C,miRNA,TAMOXIFEN,DB00675,2733525
HSA-MIR-378C,miRNA,CISPLATIN,DB00515,5460033
HSA-MIR-378C,miRNA,FLUOROURACIL,DB00544,3385
HSA-MIR-378C,miRNA,GEMCITABINE,DB00441,60750
HSA-MIR-378C,miRNA,IMATINIB,DB00619,5291
HSA-MIR-378C,miRNA,PALBOCICLIB,DB09073,5330286
HSA-MIR-378C,miRNA,DOXORUBICIN,DB00997,31703
HSA-MIR-378C,miRNA,PACLITAXEL,DB01229,36314
HSA-MIR-378D,miRNA,GEMCITABINE,DB00441,60750
HSA-MIR-378D,miRNA,FLUOROURACIL,DB00544,3385
HSA-MIR-378D,miRNA,PACLITAXEL,DB01229,36314
HSA-MIR-378D,miRNA,RUXOLITINIB,DB08877,25126798
HSA-MIR-378D,miRNA,DOXORUBICIN,DB00997,31703
HSA-MIR-378E,miRNA,FLUOROURACIL,DB00544,3385
HSA-MIR-378E,miRNA,GEMCITABINE,DB00441,60750
HSA-MIR-378E,miRNA,OSIMERTINIB,DB09330,71496458
HSA-MIR-378F,miRNA,GEMCITABINE,DB00441,60750
HSA-MIR-378F,miRNA,FLUOROURACIL,DB00544,3385
HSA-MIR-378F,miRNA,DOXORUBICIN,DB00997,31703
HSA-MIR-378F,miRNA,OXALIPLATIN,DB00526,6857599
HSA-MIR-378F,miRNA,ERLOTINIB,DB00530,176870
HSA-MIR-378G,miRNA,FLUOROURACIL,DB00544,3385
HSA-MIR-378G,miRNA,GEMCITABINE,DB00441,60750
HSA-MIR-378G,miRNA,VEMURAFENIB,DB08881,42611257
HSA-MIR-378G,miRNA,DABRAFENIB,DB08912,44462760
HSA-MIR-378G,miRNA,TRAMETINIB,DB08911,11707110
HSA-MIR-378H,miRNA,TAMOXIFEN,DB00675,2733525
HSA-MIR-378I,miRNA,GEMCITABINE,DB00441,60750
HSA-MIR-378I,miRNA,FLUOROURACIL,DB00544,3385
HSA-MIR-378I,miRNA,DABRAFENIB,DB08912,44462760
HSA-MIR-378I,miRNA,VEMURAFENIB,DB08881,42611257
HSA-MIR-378I,miRNA,CERITINIB,DB09063,57379345
HSA-MIR-378I,miRNA,OXALIPLATIN,DB00526,6857599
HSA-MIR-378I,miRNA,TRAMETINIB,DB08911,11707110
HSA-MIR-379,miRNA,CERITINIB,DB09063,57379345
HSA-MIR-379-5P,miRNA,DOXORUBICIN,DB00997,31703
HSA-MIR-379-5P,miRNA,VORINOSTAT,DB02546,5311
HSA-MIR-379-5P,miRNA,CISPLATIN,DB00515,5460033
HSA-MIR-379-5P,miRNA,PACLITAXEL,DB01229,36314
HSA-MIR-379-5P,miRNA,FLUOROURACIL,DB00544,3385
HSA-MIR-379-5P,miRNA,DABRAFENIB,DB08912,44462760
HSA-MIR-379-5P,miRNA,VEMURAFENIB,DB08881,42611257
HSA-MIR-379-5P,miRNA,IMATINIB,DB00619,5291
HSA-MIR-379-5P,miRNA,CERITINIB,DB09063,57379345
HSA-MIR-379-5P,miRNA,BROMOCRIPTINE,DB01200,31101
HSA-MIR-379-5P,miRNA,OXALIPLATIN,DB00526,6857599
HSA-MIR-379-5P,miRNA,RUXOLITINIB,DB08877,25126798
HSA-MIR-379-5P,miRNA,SORAFENIB,DB00398,216239
HSA-MIR-379-PRE,miRNA,PONATINIB,DB08901,24826799
HSA-MIR-379-PRE,miRNA,IMATINIB,DB00619,5291
HSA-MIR-380,miRNA,CERITINIB,DB09063,57379345
HSA-MIR-380-3P,miRNA,NAVITOCLAX,DB12340,24978538
HSA-MIR-380-3P,miRNA,DOXORUBICIN,DB00997,31703
HSA-MIR-380-3P,miRNA,CERITINIB,DB09063,57379345
HSA-MIR-380-5P,miRNA,CISPLATIN,DB00515,5460033
HSA-MIR-381,miRNA,CERITINIB,DB09063,57379345
HSA-MIR-381-3P,miRNA,DOCETAXEL,DB01248,148124
HSA-MIR-381-3P,miRNA,FLUOROURACIL,DB00544,3385
HSA-MIR-381-3P,miRNA,DOXORUBICIN,DB00997,31703
HSA-MIR-381-3P,miRNA,PACLITAXEL,DB01229,36314
HSA-MIR-381-3P,miRNA,CISPLATIN,DB00515,5460033
HSA-MIR-381-3P,miRNA,CERITINIB,DB09063,57379345
HSA-MIR-381-3P,miRNA,OXALIPLATIN,DB00526,6857599
HSA-MIR-381-3P,miRNA,IMATINIB,DB00619,5291
HSA-MIR-382,miRNA,CERITINIB,DB09063,57379345
HSA-MIR-382-3P,miRNA,OXALIPLATIN,DB00526,6857599
HSA-MIR-382-5P,miRNA,DOXORUBICIN,DB00997,31703
HSA-MIR-382-5P,miRNA,ETOPOSIDE,DB00773,36462
HSA-MIR-382-5P,miRNA,CISPLATIN,DB00515,5460033
HSA-MIR-382-5P,miRNA,OXALIPLATIN,DB00526,6857599
HSA-MIR-382-5P,miRNA,METHOTREXATE,DB00563,126941
HSA-MIR-382-5P,miRNA,IMATINIB,DB00619,5291
HSA-MIR-382-5P,miRNA,PACLITAXEL,DB01229,36314
HSA-MIR-382-5P,miRNA,DABRAFENIB,DB08912,44462760
HSA-MIR-382-5P,miRNA,VEMURAFENIB,DB08881,42611257
HSA-MIR-382-5P,miRNA,CERITINIB,DB09063,57379345
HSA-MIR-382-5P,miRNA,BROMOCRIPTINE,DB01200,31101
HSA-MIR-382-5P,miRNA,PLATINUM,DB12257,23939
HSA-MIR-382-5P,miRNA,RUXOLITINIB,DB08877,25126798
HSA-MIR-382-5P,miRNA,OSIMERTINIB,DB09330,71496458
HSA-MIR-383-5P,miRNA,VINCRISTINE,DB00541,5978
HSA-MIR-383-5P,miRNA,DAUNORUBICIN,DB00694,30323
HSA-MIR-383-5P,miRNA,PREDNISOLONE,DB00860,5755
HSA-MIR-383-5P,miRNA,CISPLATIN,DB00515,5460033
HSA-MIR-383-5P,miRNA,OXALIPLATIN,DB00526,6857599
HSA-MIR-383-5P,miRNA,DOCETAXEL,DB01248,148124
HSA-MIR-383-5P,miRNA,PACLITAXEL,DB01229,36314
HSA-MIR-383-5P,miRNA,DOXORUBICIN,DB00997,31703
HSA-MIR-383-5P,miRNA,GEMCITABINE,DB00441,60750
HSA-MIR-383-5P,miRNA,FLUOROURACIL,DB00544,3385
HSA-MIR-383*,miRNA,DOXORUBICIN,DB00997,31703
HSA-MIR-384,miRNA,CISPLATIN,DB00515,5460033
HSA-MIR-384,miRNA,CURCUMIN,DB11672,969516
HSA-MIR-3907,miRNA,IMATINIB,DB00619,5291
HSA-MIR-3907,miRNA,CISPLATIN,DB00515,5460033
HSA-MIR-3907,miRNA,GEFITINIB,DB00317,123631
HSA-MIR-3907,miRNA,YUANHUADINE,NA,6440572
HSA-MIR-3909,miRNA,GEMCITABINE,DB00441,60750
HSA-MIR-3910,miRNA,DOXORUBICIN,DB00997,31703
HSA-MIR-3910,miRNA,FULVESTRANT,DB00947,17756771
HSA-MIR-3910,miRNA,TAMOXIFEN,DB00675,2733525
HSA-MIR-3911,miRNA,CERITINIB,DB09063,57379345
HSA-MIR-3911,miRNA,PLATINUM,DB12257,23939
HSA-MIR-3911,miRNA,DABRAFENIB,DB08912,44462760
HSA-MIR-3911,miRNA,VEMURAFENIB,DB08881,42611257
HSA-MIR-3911,miRNA,FULVESTRANT,DB00947,17756771
HSA-MIR-3913-5P,miRNA,IMATINIB,DB00619,5291
HSA-MIR-3913-5P,miRNA,CISPLATIN,DB00515,5460033
HSA-MIR-3913-5P,miRNA,OSIMERTINIB,DB09330,71496458
HSA-MIR-3915,miRNA,PACLITAXEL,DB01229,36314
HSA-MIR-3917,miRNA,GEMCITABINE,DB00441,60750
HSA-MIR-3917,miRNA,FLUOROURACIL,DB00544,3385
HSA-MIR-3917,miRNA,PLX-4720,DB06999,24180719
HSA-MIR-3917,miRNA,PLATINUM,DB12257,23939
HSA-MIR-3918,miRNA,ETOPOSIDE,DB00773,36462
HSA-MIR-3919,miRNA,GEMCITABINE,DB00441,60750
HSA-MIR-3921,miRNA,FULVESTRANT,DB00947,17756771
HSA-MIR-3921,miRNA,CISPLATIN,DB00515,5460033
HSA-MIR-3922,miRNA,CERITINIB,DB09063,57379345
HSA-MIR-3922-3P,miRNA,CERITINIB,DB09063,57379345
HSA-MIR-3925-3P,miRNA,DOXORUBICIN,DB00997,31703
HSA-MIR-3925-3P,miRNA,CERITINIB,DB09063,57379345
HSA-MIR-3925-3P,miRNA,PALBOCICLIB,DB09073,5330286
HSA-MIR-3927-3P,miRNA,CISPLATIN,DB00515,5460033
HSA-MIR-3928-3P,miRNA,TAMOXIFEN,DB00675,2733525
HSA-MIR-3928-5P,miRNA,DOCETAXEL,DB01248,148124
HSA-MIR-3929,miRNA,GEMCITABINE,DB00441,60750
HSA-MIR-3929,miRNA,DABRAFENIB,DB08912,44462760
HSA-MIR-3934,miRNA,CERITINIB,DB09063,57379345
HSA-MIR-3934-3P,miRNA,CERITINIB,DB09063,57379345
HSA-MIR-3934-5P,miRNA,PLATINUM,DB12257,23939
HSA-MIR-3934-5P,miRNA,CERITINIB,DB09063,57379345
HSA-MIR-3934-5P,miRNA,CISPLATIN,DB00515,5460033
HSA-MIR-3935,miRNA,CERITINIB,DB09063,57379345
HSA-MIR-3935,miRNA,VEMURAFENIB,DB08881,42611257
HSA-MIR-3935,miRNA,DABRAFENIB,DB08912,44462760
HSA-MIR-3935,miRNA,TAMOXIFEN,DB00675,2733525
HSA-MIR-3936,miRNA,CERITINIB,DB09063,57379345
HSA-MIR-3937,miRNA,FLUOROURACIL,DB00544,3385
HSA-MIR-3937,miRNA,GEMCITABINE,DB00441,60750
HSA-MIR-3937,miRNA,PLATINUM,DB12257,23939
HSA-MIR-3937,miRNA,DABRAFENIB,DB08912,44462760
HSA-MIR-3937,miRNA,VEMURAFENIB,DB08881,42611257
HSA-MIR-3937,miRNA,PACLITAXEL,DB01229,36314
HSA-MIR-3937,miRNA,FULVESTRANT,DB00947,17756771
HSA-MIR-3937,miRNA,TAMOXIFEN,DB00675,2733525
HSA-MIR-3940-3P,miRNA,GEMCITABINE,DB00441,60750
HSA-MIR-3940-3P,miRNA,FLUOROURACIL,DB00544,3385
HSA-MIR-3940-5P,miRNA,PLATINUM,DB12257,23939
HSA-MIR-3940-5P,miRNA,DABRAFENIB,DB08912,44462760
HSA-MIR-3940-5P,miRNA,VEMURAFENIB,DB08881,42611257
HSA-MIR-3940-5P,miRNA,PACLITAXEL,DB01229,36314
HSA-MIR-3940-5P,miRNA,FULVESTRANT,DB00947,17756771
HSA-MIR-3940-5P,miRNA,PALBOCICLIB,DB09073,5330286
HSA-MIR-3941,miRNA,TAXANE,NA,9548828
HSA-MIR-3942-3P,miRNA,OSIMERTINIB,DB09330,71496458
HSA-MIR-3944-3P,miRNA,TAMOXIFEN,DB00675,2733525
HSA-MIR-3945,miRNA,PLATINUM,DB12257,23939
HSA-MIR-3960,miRNA,GEMCITABINE,DB00441,60750
HSA-MIR-3960,miRNA,FLUOROURACIL,DB00544,3385
HSA-MIR-3960,miRNA,PLATINUM,DB12257,23939
HSA-MIR-3960,miRNA,VEMURAFENIB,DB08881,42611257
HSA-MIR-3960,miRNA,PACLITAXEL,DB01229,36314
HSA-MIR-3960,miRNA,TAMOXIFEN,DB00675,2733525
HSA-MIR-3960,miRNA,ERLOTINIB,DB00530,176870
HSA-MIR-3960,miRNA,CISPLATIN,DB00515,5460033
HSA-MIR-3978,miRNA,DOCETAXEL,DB01248,148124
HSA-MIR-409,miRNA,DOXORUBICIN,DB00997,31703
HSA-MIR-409,miRNA,PLX-4720,DB06999,24180719
HSA-MIR-409,miRNA,CERITINIB,DB09063,57379345
HSA-MIR-409,miRNA,GEMCITABINE,DB00441,60750
HSA-MIR-409-3P,miRNA,OXALIPLATIN,DB00526,6857599
HSA-MIR-409-3P,miRNA,PACLITAXEL,DB01229,36314
HSA-MIR-409-3P,miRNA,CISPLATIN,DB00515,5460033
HSA-MIR-409-3P,miRNA,VEMURAFENIB,DB08881,42611257
HSA-MIR-409-3P,miRNA,DABRAFENIB,DB08912,44462760
HSA-MIR-409-3P,miRNA,DOXORUBICIN,DB00997,31703
HSA-MIR-409-3P,miRNA,CERITINIB,DB09063,57379345
HSA-MIR-409-3P,miRNA,BORTEZOMIB,DB00188,387447
HSA-MIR-409-3P,miRNA,CURCUMIN,DB11672,969516
HSA-MIR-409-3P,miRNA,GEFITINIB,DB00317,123631
HSA-MIR-409-5P,miRNA,PACLITAXEL,DB01229,36314
HSA-MIR-409-5P,miRNA,CERITINIB,DB09063,57379345
HSA-MIR-409-5P,miRNA,PLATINUM,DB12257,23939
HSA-MIR-410,miRNA,CERITINIB,DB09063,57379345
HSA-MIR-410-3P,miRNA,DOXORUBICIN,DB00997,31703
HSA-MIR-410-3P,miRNA,VERAPAMIL,DB00661,2520
HSA-MIR-410-3P,miRNA,FLUOROURACIL,DB00544,3385
HSA-MIR-410-3P,miRNA,CISPLATIN,DB00515,5460033
HSA-MIR-410-3P,miRNA,SIROLIMUS,DB00877,5284616
HSA-MIR-410-3P,miRNA,CERITINIB,DB09063,57379345
HSA-MIR-410-3P,miRNA,VEMURAFENIB,DB08881,42611257
HSA-MIR-411,miRNA,CERITINIB,DB09063,57379345
HSA-MIR-411-3P,miRNA,IMATINIB,DB00619,5291
HSA-MIR-411-5P,miRNA,DOXORUBICIN,DB00997,31703
HSA-MIR-411-5P,miRNA,PACLITAXEL,DB01229,36314
HSA-MIR-411-5P,miRNA,VORINOSTAT,DB02546,5311
HSA-MIR-411-5P,miRNA,CISPLATIN,DB00515,5460033
HSA-MIR-411-5P,miRNA,CERITINIB,DB09063,57379345
HSA-MIR-411-5P,miRNA,BROMOCRIPTINE,DB01200,31101
HSA-MIR-411-5P,miRNA,OXALIPLATIN,DB00526,6857599
HSA-MIR-411-5P,miRNA,IMATINIB,DB00619,5291
HSA-MIR-411-5P,miRNA,DOCETAXEL,DB01248,148124
HSA-MIR-412-3P,miRNA,VERAPAMIL,DB00661,2520
HSA-MIR-412-3P,miRNA,DOXORUBICIN,DB00997,31703
HSA-MIR-412-3P,miRNA,CISPLATIN,DB00515,5460033
HSA-MIR-412-3P,miRNA,OXALIPLATIN,DB00526,6857599
HSA-MIR-419,miRNA,DOXORUBICIN,DB00997,31703
HSA-MIR-421,miRNA,TAMOXIFEN,DB00675,2733525
HSA-MIR-421,miRNA,CISPLATIN,DB00515,5460033
HSA-MIR-421,miRNA,DOXORUBICIN,DB00997,31703
HSA-MIR-421,miRNA,OXALIPLATIN,DB00526,6857599
HSA-MIR-421,miRNA,GEMCITABINE,DB00441,60750
HSA-MIR-421,miRNA,FLUOROURACIL,DB00544,3385
HSA-MIR-421,miRNA,SORAFENIB,DB00398,216239
HSA-MIR-421,miRNA,CURCUMIN,DB11672,969516
HSA-MIR-421,miRNA,PACLITAXEL,DB01229,36314
HSA-MIR-421,miRNA,BROMOCRIPTINE,DB01200,31101
HSA-MIR-421,miRNA,TEMOZOLOMIDE,DB00853,5394
HSA-MIR-422A,miRNA,CISPLATIN,DB00515,5460033
HSA-MIR-422A,miRNA,DOXORUBICIN,DB00997,31703
HSA-MIR-422A,miRNA,GEMCITABINE,DB00441,60750
HSA-MIR-422A,miRNA,FLUOROURACIL,DB00544,3385
HSA-MIR-422A,miRNA,PACLITAXEL,DB01229,36314
HSA-MIR-422A,miRNA,DAUNORUBICIN,DB00694,30323
HSA-MIR-422A,miRNA,SUNITINIB,DB01268,5329102
HSA-MIR-422A,miRNA,FULVESTRANT,DB00947,17756771
HSA-MIR-422A,miRNA,OXALIPLATIN,DB00526,6857599
HSA-MIR-422A-PRE,miRNA,IMATINIB,DB00619,5291
HSA-MIR-423,miRNA,CISPLATIN,DB00515,5460033
HSA-MIR-423-3P,miRNA,TAMOXIFEN,DB00675,2733525
HSA-MIR-423-3P,miRNA,CISPLATIN,DB00515,5460033
HSA-MIR-423-3P,miRNA,OXALIPLATIN,DB00526,6857599
HSA-MIR-423-3P,miRNA,GEMCITABINE,DB00441,60750
HSA-MIR-423-3P,miRNA,FLUOROURACIL,DB00544,3385
HSA-MIR-423-3P,miRNA,GEFITINIB,DB00317,123631
HSA-MIR-423-3P,miRNA,PLATINUM,DB12257,23939
HSA-MIR-423-3P,miRNA,PACLITAXEL,DB01229,36314
HSA-MIR-423-3P,miRNA,DOXORUBICIN,DB00997,31703
HSA-MIR-423-5P,miRNA,CISPLATIN,DB00515,5460033
HSA-MIR-423-5P,miRNA,PLATINUM,DB12257,23939
HSA-MIR-423-5P,miRNA,SORAFENIB,DB00398,216239
HSA-MIR-423-5P,miRNA,TEMOZOLOMIDE,DB00853,5394
HSA-MIR-423-5P,miRNA,EPIRUBICIN,DB00445,41867
HSA-MIR-423-5P,miRNA,VINORELBINE,DB00361,44424639
HSA-MIR-423-5P,miRNA,DOCETAXEL,DB01248,148124
HSA-MIR-423-5P,miRNA,FLUOROURACIL,DB00544,3385
HSA-MIR-423-5P,miRNA,ERLOTINIB,DB00530,176870
HSA-MIR-423-5P,miRNA,PACLITAXEL,DB01229,36314
HSA-MIR-423-5P,miRNA,IMATINIB,DB00619,5291
HSA-MIR-423-5P,miRNA,TAXANE,NA,9548828
HSA-MIR-424,miRNA,CISPLATIN,DB00515,5460033
HSA-MIR-424,miRNA,CERITINIB,DB09063,57379345
HSA-MIR-424,miRNA,FLUOROURACIL,DB00544,3385
HSA-MIR-424-3P,miRNA,CISPLATIN,DB00515,5460033
HSA-MIR-424-3P,miRNA,FLUOROURACIL,DB00544,3385
HSA-MIR-424-3P,miRNA,VINCRISTINE,DB00541,5978
HSA-MIR-424-3P,miRNA,PACLITAXEL,DB01229,36314
HSA-MIR-424-3P,miRNA,GEMCITABINE,DB00441,60750
HSA-MIR-424-3P,miRNA,DABRAFENIB,DB08912,44462760
HSA-MIR-424-3P,miRNA,VEMURAFENIB,DB08881,42611257
HSA-MIR-424-3P,miRNA,CERITINIB,DB09063,57379345
HSA-MIR-424-3P,miRNA,FULVESTRANT,DB00947,17756771
HSA-MIR-424-3P,miRNA,DOCETAXEL,DB01248,148124
HSA-MIR-424-5P,miRNA,DOXORUBICIN,DB00997,31703
HSA-MIR-424-5P,miRNA,DOCETAXEL,DB01248,148124
HSA-MIR-424-5P,miRNA,10-HYDROXYCAMPTOTHECIN,DB12385,97226
HSA-MIR-424-5P,miRNA,GEMCITABINE,DB00441,60750
HSA-MIR-424-5P,miRNA,CISPLATIN,DB00515,5460033
HSA-MIR-424-5P,miRNA,ETOPOSIDE,DB00773,36462
HSA-MIR-424-5P,miRNA,FLUOROURACIL,DB00544,3385
HSA-MIR-424-5P,miRNA,OXALIPLATIN,DB00526,6857599
HSA-MIR-424-5P,miRNA,VINCRISTINE,DB00541,5978
HSA-MIR-424-5P,miRNA,GEFITINIB,DB00317,123631
HSA-MIR-424-5P,miRNA,IMATINIB,DB00619,5291
HSA-MIR-424-5P,miRNA,TAXANE,NA,9548828
HSA-MIR-424-5P,miRNA,PLX-4720,DB06999,24180719
HSA-MIR-424-5P,miRNA,PLATINUM,DB12257,23939
HSA-MIR-424-5P,miRNA,SORAFENIB,DB00398,216239
HSA-MIR-424-5P,miRNA,TAMOXIFEN,DB00675,2733525
HSA-MIR-424-5P,miRNA,PACLITAXEL,DB01229,36314
HSA-MIR-424-5P,miRNA,CURCUMIN,DB11672,969516
HSA-MIR-424-5P,miRNA,FULVESTRANT,DB00947,17756771
HSA-MIR-424-5P,miRNA,CERITINIB,DB09063,57379345
HSA-MIR-424-5P,miRNA,TRAMETINIB,DB08911,11707110
HSA-MIR-424-5P,miRNA,VEMURAFENIB,DB08881,42611257
HSA-MIR-424-5P,miRNA,TAXOL,DB01229,36314
HSA-MIR-424-5P,miRNA,DABRAFENIB,DB08912,44462760
HSA-MIR-425,miRNA,DOXORUBICIN,DB00997,31703
HSA-MIR-425,miRNA,VERAPAMIL,DB00661,2520
HSA-MIR-425,miRNA,TAMOXIFEN,DB00675,2733525
HSA-MIR-425,miRNA,FLUOROURACIL,DB00544,3385
HSA-MIR-425,miRNA,OXALIPLATIN,DB00526,6857599
HSA-MIR-425,miRNA,VINCRISTINE,DB00541,5978
HSA-MIR-425,miRNA,SORAFENIB,DB00398,216239
HSA-MIR-425,miRNA,GEMCITABINE,DB00441,60750
HSA-MIR-425,miRNA,TAXANE,NA,9548828
HSA-MIR-425,miRNA,PLX-4720,DB06999,24180719
HSA-MIR-425-3P,miRNA,SORAFENIB,DB00398,216239
HSA-MIR-425-3P,miRNA,PAROXETINE,DB00715,43815
HSA-MIR-425-3P,miRNA,GEMCITABINE,DB00441,60750
HSA-MIR-425-3P,miRNA,FLUOROURACIL,DB00544,3385
HSA-MIR-425-3P,miRNA,CERITINIB,DB09063,57379345
HSA-MIR-425-3P,miRNA,CISPLATIN,DB00515,5460033
HSA-MIR-425-5P,miRNA,TAMOXIFEN,DB00675,2733525
HSA-MIR-425-5P,miRNA,FLUOROURACIL,DB00544,3385
HSA-MIR-425-5P,miRNA,AZACITIDINE,DB00928,9444
HSA-MIR-425-5P,miRNA,PACLITAXEL,DB01229,36314
HSA-MIR-425-5P,miRNA,CISPLATIN,DB00515,5460033
HSA-MIR-425-5P,miRNA,GEMCITABINE,DB00441,60750
HSA-MIR-4251,miRNA,IMATINIB,DB00619,5291
HSA-MIR-4251,miRNA,DOXORUBICIN,DB00997,31703
HSA-MIR-4252,miRNA,DOXORUBICIN,DB00997,31703
HSA-MIR-4252,miRNA,FLUOROURACIL,DB00544,3385
HSA-MIR-4252,miRNA,PACLITAXEL,DB01229,36314
HSA-MIR-4253,miRNA,PLATINUM,DB12257,23939
HSA-MIR-4253,miRNA,CISPLATIN,DB00515,5460033
HSA-MIR-4255,miRNA,DOXORUBICIN,DB00997,31703
HSA-MIR-4257,miRNA,CISPLATIN,DB00515,5460033
HSA-MIR-4257,miRNA,GEMCITABINE,DB00441,60750
HSA-MIR-4257,miRNA,FLUOROURACIL,DB00544,3385
HSA-MIR-4257,miRNA,PLATINUM,DB12257,23939
HSA-MIR-4257,miRNA,DOXORUBICIN,DB00997,31703
HSA-MIR-4258,miRNA,CARBOPLATIN,DB00958,38904
HSA-MIR-4258,miRNA,CISPLATIN,DB00515,5460033
HSA-MIR-4258,miRNA,DOXORUBICIN,DB00997,31703
HSA-MIR-4258,miRNA,MITOMYCIN C,DB00305,5746
HSA-MIR-4258,miRNA,VINCRISTINE,DB00541,5978
HSA-MIR-4258,miRNA,FLUOROURACIL,DB00544,3385
HSA-MIR-4258,miRNA,GEMCITABINE,DB00441,60750
HSA-MIR-4258,miRNA,DOCETAXEL,DB01248,148124
HSA-MIR-4258,miRNA,EPIRUBICIN,DB00445,41867
HSA-MIR-4259,miRNA,CISPLATIN,DB00515,5460033
HSA-MIR-4259,miRNA,FLUOROURACIL,DB00544,3385
HSA-MIR-4259,miRNA,PACLITAXEL,DB01229,36314
HSA-MIR-4259,miRNA,IMATINIB,DB00619,5291
HSA-MIR-4259,miRNA,TEMOZOLOMIDE,DB00853,5394
HSA-MIR-426-5P,miRNA,CISPLATIN,DB00515,5460033
HSA-MIR-4261,miRNA,GEMCITABINE,DB00441,60750
HSA-MIR-4261,miRNA,FLUOROURACIL,DB00544,3385
HSA-MIR-4261,miRNA,CISPLATIN,DB00515,5460033
HSA-MIR-4262,miRNA,PACLITAXEL,DB01229,36314
HSA-MIR-4268,miRNA,VEMURAFENIB,DB08881,42611257
HSA-MIR-4269,miRNA,DOXORUBICIN,DB00997,31703
HSA-MIR-4270,miRNA,PLATINUM,DB12257,23939
HSA-MIR-4270,miRNA,FULVESTRANT,DB00947,17756771
HSA-MIR-4270,miRNA,CISPLATIN,DB00515,5460033
HSA-MIR-4271,miRNA,CISPLATIN,DB00515,5460033
HSA-MIR-4271,miRNA,PLATINUM,DB12257,23939
HSA-MIR-4271,miRNA,FLUOROURACIL,DB00544,3385
HSA-MIR-4271,miRNA,PACLITAXEL,DB01229,36314
HSA-MIR-4271,miRNA,ANLOTINIB,DB11885,25017411
HSA-MIR-4271,miRNA,GEFITINIB,DB00317,123631
HSA-MIR-4271,miRNA,ICOTINIB,DB11737,22024915
HSA-MIR-4271,miRNA,ERLOTINIB,DB00530,176870
HSA-MIR-4273,miRNA,PALBOCICLIB,DB09073,5330286
HSA-MIR-4274,miRNA,PLATINUM,DB12257,23939
HSA-MIR-4274,miRNA,IMATINIB,DB00619,5291
HSA-MIR-4275,miRNA,DOXORUBICIN,DB00997,31703
HSA-MIR-4277,miRNA,PACLITAXEL,DB01229,36314
HSA-MIR-4279,miRNA,GEMCITABINE,DB00441,60750
HSA-MIR-4279,miRNA,FLUOROURACIL,DB00544,3385
HSA-MIR-4279,miRNA,TAMOXIFEN,DB00675,2733525
HSA-MIR-4279,miRNA,CISPLATIN,DB00515,5460033
HSA-MIR-4279,miRNA,ANTHRACYCLINE,DB00694,30323
HSA-MIR-4279,miRNA,CYCLOPHOSPHAMIDE,DB00531,2907
HSA-MIR-4279,miRNA,TAXOL,DB01229,36314
HSA-MIR-4279,miRNA,METHOTREXATE,DB00563,126941
HSA-MIR-4281,miRNA,CISPLATIN,DB00515,5460033
HSA-MIR-4281,miRNA,PLATINUM,DB12257,23939
HSA-MIR-4281,miRNA,VEMURAFENIB,DB08881,42611257
HSA-MIR-4281,miRNA,PACLITAXEL,DB01229,36314
HSA-MIR-4284,miRNA,CISPLATIN,DB00515,5460033
HSA-MIR-4284,miRNA,PACLITAXEL,DB01229,36314
HSA-MIR-4284,miRNA,FLUOROURACIL,DB00544,3385
HSA-MIR-4284,miRNA,GEMCITABINE,DB00441,60750
HSA-MIR-4284,miRNA,DOXORUBICIN,DB00997,31703
HSA-MIR-4284,miRNA,DOCETAXEL,DB01248,148124
HSA-MIR-4284,miRNA,DABRAFENIB,DB08912,44462760
HSA-MIR-4284,miRNA,VEMURAFENIB,DB08881,42611257
HSA-MIR-4285,miRNA,CARBOPLATIN,DB00958,38904
HSA-MIR-4285,miRNA,CISPLATIN,DB00515,5460033
HSA-MIR-4285,miRNA,DOXORUBICIN,DB00997,31703
HSA-MIR-4285,miRNA,MITOMYCIN C,DB00305,5746
HSA-MIR-4285,miRNA,VINCRISTINE,DB00541,5978
HSA-MIR-4285,miRNA,PONATINIB,DB08901,24826799
HSA-MIR-4285,miRNA,IMATINIB,DB00619,5291
HSA-MIR-4286,miRNA,CISPLATIN,DB00515,5460033
HSA-MIR-4286,miRNA,FLUOROURACIL,DB00544,3385
HSA-MIR-4286,miRNA,GEMCITABINE,DB00441,60750
HSA-MIR-4286,miRNA,PLATINUM,DB12257,23939
HSA-MIR-4286,miRNA,VEMURAFENIB,DB08881,42611257
HSA-MIR-4286,miRNA,TRAMETINIB,DB08911,11707110
HSA-MIR-4286,miRNA,PACLITAXEL,DB01229,36314
HSA-MIR-4286,miRNA,ETOPOSIDE,DB00773,36462
HSA-MIR-4286,miRNA,DOXORUBICIN,DB00997,31703
HSA-MIR-4286,miRNA,VINORELBINE,DB00361,44424639
HSA-MIR-4286,miRNA,VINCRISTINE,DB00541,5978
HSA-MIR-4288,miRNA,PACLITAXEL,DB01229,36314
HSA-MIR-4288,miRNA,FLUOROURACIL,DB00544,3385
HSA-MIR-4288,miRNA,GEMCITABINE,DB00441,60750
HSA-MIR-4289,miRNA,CISPLATIN,DB00515,5460033
HSA-MIR-429,miRNA,DOXORUBICIN,DB00997,31703
HSA-MIR-429,miRNA,VERAPAMIL,DB00661,2520
HSA-MIR-429,miRNA,ETOPOSIDE,DB00773,36462
HSA-MIR-429,miRNA,CISPLATIN,DB00515,5460033
HSA-MIR-429,miRNA,10-HYDROXYCAMPTOTHECIN,DB12385,97226
HSA-MIR-429,miRNA,DOCETAXEL,DB01248,148124
HSA-MIR-429,miRNA,TAMOXIFEN,DB00675,2733525
HSA-MIR-429,miRNA,VINCRISTINE,DB00541,5978
HSA-MIR-429,miRNA,FLUOROURACIL,DB00544,3385
HSA-MIR-429,miRNA,ERLOTINIB,DB00530,176870
HSA-MIR-429,miRNA,"N-[(2R)-2,3-DIHYDROXYPROPOXY]-3,4-DIFLUORO-2-[(2-FLUORO-4-IODOPHENYL)AMINO]BENZAMIDE",NA,9826528
HSA-MIR-429,miRNA,OXALIPLATIN,DB00526,6857599
HSA-MIR-429,miRNA,GEMCITABINE,DB00441,60750
HSA-MIR-429,miRNA,NINTEDANIB,DB09079,9809715
HSA-MIR-429,miRNA,PACLITAXEL,DB01229,36314
HSA-MIR-429,miRNA,GEFITINIB,DB00317,123631
HSA-MIR-429,miRNA,METFORMIN,DB00331,4091
HSA-MIR-429,miRNA,VEMURAFENIB,DB08881,42611257
HSA-MIR-429,miRNA,TRAMETINIB,DB08911,11707110
HSA-MIR-429-3P,miRNA,TAMOXIFEN,DB00675,2733525
HSA-MIR-4290,miRNA,IMATINIB,DB00619,5291
HSA-MIR-4290,miRNA,CISPLATIN,DB00515,5460033
HSA-MIR-4291,miRNA,PLATINUM,DB12257,23939
HSA-MIR-4291,miRNA,PACLITAXEL,DB01229,36314
HSA-MIR-4291,miRNA,DOXORUBICIN,DB00997,31703
HSA-MIR-4291,miRNA,CISPLATIN,DB00515,5460033
HSA-MIR-4292,miRNA,GEMCITABINE,DB00441,60750
HSA-MIR-4293,miRNA,PACLITAXEL,DB01229,36314
HSA-MIR-4294,miRNA,GEMCITABINE,DB00441,60750
HSA-MIR-4294,miRNA,PONATINIB,DB08901,24826799
HSA-MIR-4294,miRNA,IMATINIB,DB00619,5291
HSA-MIR-4297,miRNA,CISPLATIN,DB00515,5460033
HSA-MIR-4298,miRNA,CISPLATIN,DB00515,5460033
HSA-MIR-4298,miRNA,PLATINUM,DB12257,23939
HSA-MIR-4298,miRNA,DOCETAXEL,DB01248,148124
HSA-MIR-4298,miRNA,VINORELBINE,DB00361,44424639
HSA-MIR-4298,miRNA,VEMURAFENIB,DB08881,42611257
HSA-MIR-4298,miRNA,DABRAFENIB,DB08912,44462760
HSA-MIR-4298,miRNA,FULVESTRANT,DB00947,17756771
HSA-MIR-4298,miRNA,OXALIPLATIN,DB00526,6857599
HSA-MIR-4299,miRNA,CISPLATIN,DB00515,5460033
HSA-MIR-4301,miRNA,CISPLATIN,DB00515,5460033
HSA-MIR-4301,miRNA,IMATINIB,DB00619,5291
HSA-MIR-4303,miRNA,IMATINIB,DB00619,5291
HSA-MIR-4304,miRNA,GEMCITABINE,DB00441,60750
HSA-MIR-4306,miRNA,TAMOXIFEN,DB00675,2733525
HSA-MIR-4306,miRNA,FLUOROURACIL,DB00544,3385
HSA-MIR-4306,miRNA,CISPLATIN,DB00515,5460033
HSA-MIR-4308,miRNA,IMATINIB,DB00619,5291
HSA-MIR-431-3P,miRNA,SORAFENIB,DB00398,216239
HSA-MIR-431-3P,miRNA,DOXORUBICIN,DB00997,31703
HSA-MIR-431-3P,miRNA,SUNITINIB,DB01268,5329102
HSA-MIR-431-5P,miRNA,DOXORUBICIN,DB00997,31703
HSA-MIR-431-5P,miRNA,DOCETAXEL,DB01248,148124
HSA-MIR-431-5P,miRNA,VERAPAMIL,DB00661,2520
HSA-MIR-431-5P,miRNA,CISPLATIN,DB00515,5460033
HSA-MIR-431-5P,miRNA,MITOTANE,DB00648,4211
HSA-MIR-431-5P,miRNA,PLATINUM,DB12257,23939
HSA-MIR-431-5P,miRNA,SORAFENIB,DB00398,216239
HSA-MIR-4310,miRNA,PACLITAXEL,DB01229,36314
HSA-MIR-4311,miRNA,CARBOPLATIN,DB00958,38904
HSA-MIR-4311,miRNA,CISPLATIN,DB00515,5460033
HSA-MIR-4311,miRNA,DOXORUBICIN,DB00997,31703
HSA-MIR-4311,miRNA,MITOMYCIN C,DB00305,5746
HSA-MIR-4311,miRNA,VINCRISTINE,DB00541,5978
HSA-MIR-4312,miRNA,VEMURAFENIB,DB08881,42611257
HSA-MIR-4313,miRNA,IMATINIB,DB00619,5291
HSA-MIR-4313,miRNA,TAMOXIFEN,DB00675,2733525
HSA-MIR-4313,miRNA,CISPLATIN,DB00515,5460033
HSA-MIR-4314,miRNA,GEMCITABINE,DB00441,60750
HSA-MIR-4315,miRNA,PAROXETINE,DB00715,43815
HSA-MIR-4315,miRNA,PACLITAXEL,DB01229,36314
HSA-MIR-4317,miRNA,GEMCITABINE,DB00441,60750
HSA-MIR-4317,miRNA,AZACITIDINE,DB00928,9444
HSA-MIR-4319,miRNA,GEMCITABINE,DB00441,60750
HSA-MIR-4319,miRNA,FLUOROURACIL,DB00544,3385
HSA-MIR-432-3P,miRNA,VINORELBINE,DB00361,44424639
HSA-MIR-432-3P,miRNA,CISPLATIN,DB00515,5460033
HSA-MIR-432-5P,miRNA,DOXORUBICIN,DB00997,31703
HSA-MIR-432-5P,miRNA,CISPLATIN,DB00515,5460033
HSA-MIR-432-5P,miRNA,DABRAFENIB,DB08912,44462760
HSA-MIR-432-5P,miRNA,VEMURAFENIB,DB08881,42611257
HSA-MIR-432-5P,miRNA,PALBOCICLIB,DB09073,5330286
HSA-MIR-432-5P,miRNA,BROMOCRIPTINE,DB01200,31101
HSA-MIR-432-5P,miRNA,GEMCITABINE,DB00441,60750
HSA-MIR-4321,miRNA,DOXORUBICIN,DB00997,31703
HSA-MIR-4321,miRNA,FULVESTRANT,DB00947,17756771
HSA-MIR-4322,miRNA,PLATINUM,DB12257,23939
HSA-MIR-4322,miRNA,CISPLATIN,DB00515,5460033
HSA-MIR-4322,miRNA,FULVESTRANT,DB00947,17756771
HSA-MIR-4323,miRNA,CISPLATIN,DB00515,5460033
HSA-MIR-4324,miRNA,GEMCITABINE,DB00441,60750
HSA-MIR-4324,miRNA,PLATINUM,DB12257,23939
HSA-MIR-4324,miRNA,DOXORUBICIN,DB00997,31703
HSA-MIR-4325,miRNA,IMATINIB,DB00619,5291
HSA-MIR-4327,miRNA,PLATINUM,DB12257,23939
HSA-MIR-4327,miRNA,IMATINIB,DB00619,5291
HSA-MIR-4327,miRNA,PACLITAXEL,DB01229,36314
HSA-MIR-4327,miRNA,FULVESTRANT,DB00947,17756771
HSA-MIR-4329,miRNA,CISPLATIN,DB00515,5460033
HSA-MIR-433-3P,miRNA,DOXORUBICIN,DB00997,31703
HSA-MIR-433-3P,miRNA,PACLITAXEL,DB01229,36314
HSA-MIR-433-3P,miRNA,FLUOROURACIL,DB00544,3385
HSA-MIR-433-3P,miRNA,OXALIPLATIN,DB00526,6857599
HSA-MIR-433-3P,miRNA,CISPLATIN,DB00515,5460033
HSA-MIR-433-3P,miRNA,TEMOZOLOMIDE,DB00853,5394
HSA-MIR-433-3P,miRNA,VEMURAFENIB,DB08881,42611257
HSA-MIR-433-3P,miRNA,TRAMETINIB,DB08911,11707110
HSA-MIR-433-3P,miRNA,GEMCITABINE,DB00441,60750
HSA-MIR-433-3P,miRNA,SORAFENIB,DB00398,216239
HSA-MIR-4417,miRNA,PLATINUM,DB12257,23939
HSA-MIR-4417,miRNA,CISPLATIN,DB00515,5460033
HSA-MIR-4417,miRNA,DABRAFENIB,DB08912,44462760
HSA-MIR-4417,miRNA,VEMURAFENIB,DB08881,42611257
HSA-MIR-4417,miRNA,DOXORUBICIN,DB00997,31703
HSA-MIR-4417,miRNA,CURCUMIN,DB11672,969516
HSA-MIR-4417,miRNA,GEMCITABINE,DB00441,60750
HSA-MIR-4417,miRNA,FULVESTRANT,DB00947,17756771
HSA-MIR-4417,miRNA,TAMOXIFEN,DB00675,2733525
HSA-MIR-4419A,miRNA,PLATINUM,DB12257,23939
HSA-MIR-4419B,miRNA,FLUOROURACIL,DB00544,3385
HSA-MIR-4419B,miRNA,GEMCITABINE,DB00441,60750
HSA-MIR-4420,miRNA,CERITINIB,DB09063,57379345
HSA-MIR-4422,miRNA,DOXORUBICIN,DB00997,31703
HSA-MIR-4423,miRNA,DOXORUBICIN,DB00997,31703
HSA-MIR-4423-3P,miRNA,PACLITAXEL,DB01229,36314
HSA-MIR-4423-3P,miRNA,PALBOCICLIB,DB09073,5330286
HSA-MIR-4423-5P,miRNA,TEMOZOLOMIDE,DB00853,5394
HSA-MIR-4424,miRNA,DOXORUBICIN,DB00997,31703
HSA-MIR-4425,miRNA,CERITINIB,DB09063,57379345
HSA-MIR-4426,miRNA,DOXORUBICIN,DB00997,31703
HSA-MIR-4427,miRNA,DOXORUBICIN,DB00997,31703
HSA-MIR-4428,miRNA,FLUOROURACIL,DB00544,3385
HSA-MIR-4428,miRNA,GEMCITABINE,DB00441,60750
HSA-MIR-4428,miRNA,ETOPOSIDE,DB00773,36462
HSA-MIR-4428,miRNA,DOCETAXEL,DB01248,148124
HSA-MIR-4428,miRNA,CISPLATIN,DB00515,5460033
HSA-MIR-4429,miRNA,PLATINUM,DB12257,23939
HSA-MIR-4429,miRNA,CISPLATIN,DB00515,5460033
HSA-MIR-4430,miRNA,DOXORUBICIN,DB00997,31703
HSA-MIR-4430,miRNA,VINCRISTINE,DB00541,5978
HSA-MIR-4430,miRNA,FLUOROURACIL,DB00544,3385
HSA-MIR-4430,miRNA,DABRAFENIB,DB08912,44462760
HSA-MIR-4430,miRNA,VEMURAFENIB,DB08881,42611257
HSA-MIR-4430,miRNA,SUNITINIB,DB01268,5329102
HSA-MIR-4430,miRNA,ETOPOSIDE,DB00773,36462
HSA-MIR-4431,miRNA,CISPLATIN,DB00515,5460033
HSA-MIR-4433A-3P,miRNA,PLATINUM,DB12257,23939
HSA-MIR-4433A-3P,miRNA,IMATINIB,DB00619,5291
HSA-MIR-4433A-3P,miRNA,CISPLATIN,DB00515,5460033
HSA-MIR-4433A-3P,miRNA,PACLITAXEL,DB01229,36314
HSA-MIR-4433A-5P,miRNA,PLATINUM,DB12257,23939
HSA-MIR-4433A-5P,miRNA,CISPLATIN,DB00515,5460033
HSA-MIR-4433B-3P,miRNA,OSIMERTINIB,DB09330,71496458
HSA-MIR-4433B-5P,miRNA,IMATINIB,DB00619,5291
HSA-MIR-4436A,miRNA,IMATINIB,DB00619,5291
HSA-MIR-4436B-5P,miRNA,FULVESTRANT,DB00947,17756771
HSA-MIR-4436B-5P,miRNA,PACLITAXEL,DB01229,36314
HSA-MIR-4436B-5P,miRNA,ANTHRACYCLINE,DB00694,30323
HSA-MIR-4436B-5P,miRNA,FLUOROURACIL,DB00544,3385
HSA-MIR-4436B-5P,miRNA,CYCLOPHOSPHAMIDE,DB00531,2907
HSA-MIR-4436B-5P,miRNA,TAXOL,DB01229,36314
HSA-MIR-4436B-5P,miRNA,METHOTREXATE,DB00563,126941
HSA-MIR-4438,miRNA,DOCETAXEL,DB01248,148124
HSA-MIR-4440,miRNA,PACLITAXEL,DB01229,36314
HSA-MIR-4440,miRNA,TAMOXIFEN,DB00675,2733525
HSA-MIR-4441,miRNA,PACLITAXEL,DB01229,36314
HSA-MIR-4442,miRNA,PLATINUM,DB12257,23939
HSA-MIR-4442,miRNA,PACLITAXEL,DB01229,36314
HSA-MIR-4442,miRNA,TAMOXIFEN,DB00675,2733525
HSA-MIR-4443,miRNA,CERITINIB,DB09063,57379345
HSA-MIR-4443,miRNA,GEMCITABINE,DB00441,60750
HSA-MIR-4443,miRNA,PLATINUM,DB12257,23939
HSA-MIR-4443,miRNA,EPIRUBICIN,DB00445,41867
HSA-MIR-4443,miRNA,LEPTIN,DB05098,157010069
HSA-MIR-4443,miRNA,INSULIN,NA,16131098
HSA-MIR-4443,miRNA,CISPLATIN,DB00515,5460033
HSA-MIR-4443,miRNA,DABRAFENIB,DB08912,44462760
HSA-MIR-4443,miRNA,VEMURAFENIB,DB08881,42611257
HSA-MIR-4443,miRNA,TRAMETINIB,DB08911,11707110
HSA-MIR-4444,miRNA,IMATINIB,DB00619,5291
HSA-MIR-4445A-3P,miRNA,IMATINIB,DB00619,5291
HSA-MIR-4446,miRNA,CERITINIB,DB09063,57379345
HSA-MIR-4446-3P,miRNA,IMATINIB,DB00619,5291
HSA-MIR-4446-3P,miRNA,CERITINIB,DB09063,57379345
HSA-MIR-4446-3P,miRNA,TEMOZOLOMIDE,DB00853,5394
HSA-MIR-4447,miRNA,GEMCITABINE,DB00441,60750
HSA-MIR-4447,miRNA,FULVESTRANT,DB00947,17756771
HSA-MIR-4448,miRNA,DOXORUBICIN,DB00997,31703
HSA-MIR-4448,miRNA,FLUOROURACIL,DB00544,3385
HSA-MIR-4448,miRNA,PACLITAXEL,DB01229,36314
HSA-MIR-4448,miRNA,DOCETAXEL,DB01248,148124
HSA-MIR-4449,miRNA,TAMOXIFEN,DB00675,2733525
HSA-MIR-4449,miRNA,CISPLATIN,DB00515,5460033
HSA-MIR-4449,miRNA,DABRAFENIB,DB08912,44462760
HSA-MIR-4449,miRNA,VEMURAFENIB,DB08881,42611257
HSA-MIR-4449,miRNA,FULVESTRANT,DB00947,17756771
HSA-MIR-4449,miRNA,FLUOROURACIL,DB00544,3385
HSA-MIR-4450,miRNA,FLUOROURACIL,DB00544,3385
HSA-MIR-4451,miRNA,FLUOROURACIL,DB00544,3385
HSA-MIR-4451,miRNA,CISPLATIN,DB00515,5460033
HSA-MIR-4451,miRNA,GEFITINIB,DB00317,123631
HSA-MIR-4454,miRNA,DOXORUBICIN,DB00997,31703
HSA-MIR-4454,miRNA,FLUOROURACIL,DB00544,3385
HSA-MIR-4454,miRNA,GEMCITABINE,DB00441,60750
HSA-MIR-4454,miRNA,PLATINUM,DB12257,23939
HSA-MIR-4454,miRNA,TRAMETINIB,DB08911,11707110
HSA-MIR-4454,miRNA,VEMURAFENIB,DB08881,42611257
HSA-MIR-4454,miRNA,TEMOZOLOMIDE,DB00853,5394
HSA-MIR-4454,miRNA,DABRAFENIB,DB08912,44462760
HSA-MIR-4455,miRNA,FLUOROURACIL,DB00544,3385
HSA-MIR-4455,miRNA,GEMCITABINE,DB00441,60750
HSA-MIR-4455,miRNA,PLATINUM,DB12257,23939
HSA-MIR-4455,miRNA,TRAMETINIB,DB08911,11707110
HSA-MIR-4455,miRNA,VEMURAFENIB,DB08881,42611257
HSA-MIR-4456,miRNA,PALBOCICLIB,DB09073,5330286
HSA-MIR-4458,miRNA,VEMURAFENIB,DB08881,42611257
HSA-MIR-4458,miRNA,DABRAFENIB,DB08912,44462760
HSA-MIR-4458,miRNA,FULVESTRANT,DB00947,17756771
HSA-MIR-4458,miRNA,GEMCITABINE,DB00441,60750
HSA-MIR-4459,miRNA,PLATINUM,DB12257,23939
HSA-MIR-4459,miRNA,VEMURAFENIB,DB08881,42611257
HSA-MIR-4459,miRNA,DABRAFENIB,DB08912,44462760
HSA-MIR-4459,miRNA,FULVESTRANT,DB00947,17756771
HSA-MIR-4459,miRNA,AZACITIDINE,DB00928,9444
HSA-MIR-4459,miRNA,CISPLATIN,DB00515,5460033
HSA-MIR-4461,miRNA,FULVESTRANT,DB00947,17756771
HSA-MIR-4461,miRNA,TAMOXIFEN,DB00675,2733525
HSA-MIR-4462,miRNA,PLATINUM,DB12257,23939
HSA-MIR-4462,miRNA,CISPLATIN,DB00515,5460033
HSA-MIR-4463,miRNA,GEMCITABINE,DB00441,60750
HSA-MIR-4463,miRNA,FLUOROURACIL,DB00544,3385
HSA-MIR-4463,miRNA,PLATINUM,DB12257,23939
HSA-MIR-4465,miRNA,FLUOROURACIL,DB00544,3385
HSA-MIR-4465,miRNA,GEMCITABINE,DB00441,60750
HSA-MIR-4466,miRNA,FLUOROURACIL,DB00544,3385
HSA-MIR-4466,miRNA,GEMCITABINE,DB00441,60750
HSA-MIR-4466,miRNA,PLATINUM,DB12257,23939
HSA-MIR-4466,miRNA,IMATINIB,DB00619,5291
HSA-MIR-4466,miRNA,VEMURAFENIB,DB08881,42611257
HSA-MIR-4466,miRNA,DABRAFENIB,DB08912,44462760
HSA-MIR-4466,miRNA,FULVESTRANT,DB00947,17756771
HSA-MIR-4466,miRNA,CERITINIB,DB09063,57379345
HSA-MIR-4466,miRNA,CISPLATIN,DB00515,5460033
HSA-MIR-4467,miRNA,FLUOROURACIL,DB00544,3385
HSA-MIR-4467,miRNA,GEMCITABINE,DB00441,60750
HSA-MIR-4467,miRNA,PLX-4720,DB06999,24180719
HSA-MIR-4467,miRNA,DABRAFENIB,DB08912,44462760
HSA-MIR-4467,miRNA,VEMURAFENIB,DB08881,42611257
HSA-MIR-4467,miRNA,PACLITAXEL,DB01229,36314
HSA-MIR-4467,miRNA,FULVESTRANT,DB00947,17756771
HSA-MIR-4467,miRNA,TAMOXIFEN,DB00675,2733525
HSA-MIR-4470,miRNA,CERITINIB,DB09063,57379345
HSA-MIR-4472,miRNA,PACLITAXEL,DB01229,36314
HSA-MIR-4472,miRNA,PALBOCICLIB,DB09073,5330286
HSA-MIR-4472,miRNA,ANTHRACYCLINE,DB00694,30323
HSA-MIR-4472,miRNA,FLUOROURACIL,DB00544,3385
HSA-MIR-4472,miRNA,CYCLOPHOSPHAMIDE,DB00531,2907
HSA-MIR-4472,miRNA,METHOTREXATE,DB00563,126941
HSA-MIR-4472,miRNA,TAXOL,DB01229,36314
HSA-MIR-4473,miRNA,PLX-4720,DB06999,24180719
HSA-MIR-4473,miRNA,CERITINIB,DB09063,57379345
HSA-MIR-4473,miRNA,VINCRISTINE,DB00541,5978
HSA-MIR-4473,miRNA,DOXORUBICIN,DB00997,31703
HSA-MIR-4473,miRNA,ETOPOSIDE,DB00773,36462
HSA-MIR-4473,miRNA,VINORELBINE,DB00361,44424639
HSA-MIR-4473,miRNA,PACLITAXEL,DB01229,36314
HSA-MIR-4474,miRNA,CERITINIB,DB09063,57379345
HSA-MIR-4474-3P,miRNA,CERITINIB,DB09063,57379345
HSA-MIR-4476,miRNA,GEMCITABINE,DB00441,60750
HSA-MIR-4476,miRNA,FLUOROURACIL,DB00544,3385
HSA-MIR-4476,miRNA,PLATINUM,DB12257,23939
HSA-MIR-4476,miRNA,IMATINIB,DB00619,5291
HSA-MIR-4477A,miRNA,IMATINIB,DB00619,5291
HSA-MIR-4478,miRNA,GEMCITABINE,DB00441,60750
HSA-MIR-4478,miRNA,FLUOROURACIL,DB00544,3385
HSA-MIR-4478,miRNA,PACLITAXEL,DB01229,36314
HSA-MIR-4478,miRNA,PLATINUM,DB12257,23939
HSA-MIR-4478,miRNA,TEMOZOLOMIDE,DB00853,5394
HSA-MIR-4478,miRNA,CISPLATIN,DB00515,5460033
HSA-MIR-4479,miRNA,FULVESTRANT,DB00947,17756771
HSA-MIR-448,miRNA,DOXORUBICIN,DB00997,31703
HSA-MIR-448,miRNA,VERAPAMIL,DB00661,2520
HSA-MIR-448,miRNA,VEMURAFENIB,DB08881,42611257
HSA-MIR-448,miRNA,TRAMETINIB,DB08911,11707110
HSA-MIR-448,miRNA,CISPLATIN,DB00515,5460033
HSA-MIR-4481,miRNA,PLATINUM,DB12257,23939
HSA-MIR-4483,miRNA,GEMCITABINE,DB00441,60750
HSA-MIR-4484,miRNA,FLUOROURACIL,DB00544,3385
HSA-MIR-4484,miRNA,GEMCITABINE,DB00441,60750
HSA-MIR-4484,miRNA,PLATINUM,DB12257,23939
HSA-MIR-4484,miRNA,PACLITAXEL,DB01229,36314
HSA-MIR-4484,miRNA,CISPLATIN,DB00515,5460033
HSA-MIR-4485-3P,miRNA,DOXORUBICIN,DB00997,31703
HSA-MIR-4485-3P,miRNA,GEMCITABINE,DB00441,60750
HSA-MIR-4485-3P,miRNA,FLUOROURACIL,DB00544,3385
HSA-MIR-4485-3P,miRNA,PLATINUM,DB12257,23939
HSA-MIR-4485-3P,miRNA,DABRAFENIB,DB08912,44462760
HSA-MIR-4485-3P,miRNA,VEMURAFENIB,DB08881,42611257
HSA-MIR-4485-3P,miRNA,GEFITINIB,DB00317,123631
HSA-MIR-4485-3P,miRNA,YUANHUADINE,NA,6440572
HSA-MIR-4485-3P,miRNA,TRAMETINIB,DB08911,11707110
HSA-MIR-4485-3P,miRNA,PACLITAXEL,DB01229,36314
HSA-MIR-4486,miRNA,DABRAFENIB,DB08912,44462760
HSA-MIR-4486,miRNA,VEMURAFENIB,DB08881,42611257
HSA-MIR-4486,miRNA,DOXORUBICIN,DB00997,31703
HSA-MIR-4486,miRNA,CURCUMIN,DB11672,969516
HSA-MIR-4486,miRNA,PACLITAXEL,DB01229,36314
HSA-MIR-4486,miRNA,FULVESTRANT,DB00947,17756771
HSA-MIR-4486,miRNA,TAMOXIFEN,DB00675,2733525
HSA-MIR-4486,miRNA,CISPLATIN,DB00515,5460033
HSA-MIR-4487,miRNA,FLUOROURACIL,DB00544,3385
HSA-MIR-4487,miRNA,GEMCITABINE,DB00441,60750
HSA-MIR-4487,miRNA,ETOPOSIDE,DB00773,36462
HSA-MIR-4488,miRNA,DOXORUBICIN,DB00997,31703
HSA-MIR-4488,miRNA,FLUOROURACIL,DB00544,3385
HSA-MIR-4488,miRNA,GEMCITABINE,DB00441,60750
HSA-MIR-4488,miRNA,VEMURAFENIB,DB08881,42611257
HSA-MIR-4488,miRNA,DABRAFENIB,DB08912,44462760
HSA-MIR-4488,miRNA,PACLITAXEL,DB01229,36314
HSA-MIR-4488,miRNA,FULVESTRANT,DB00947,17756771
HSA-MIR-4488,miRNA,TRAMETINIB,DB08911,11707110
HSA-MIR-4488,miRNA,ERLOTINIB,DB00530,176870
HSA-MIR-4492,miRNA,TAMOXIFEN,DB00675,2733525
HSA-MIR-4492,miRNA,GEMCITABINE,DB00441,60750
HSA-MIR-4492,miRNA,FLUOROURACIL,DB00544,3385
HSA-MIR-4492,miRNA,IMATINIB,DB00619,5291
HSA-MIR-4492,miRNA,PACLITAXEL,DB01229,36314
HSA-MIR-4492,miRNA,FULVESTRANT,DB00947,17756771
HSA-MIR-4492,miRNA,CISPLATIN,DB00515,5460033
HSA-MIR-4495,miRNA,OSIMERTINIB,DB09330,71496458
HSA-MIR-4496,miRNA,PLATINUM,DB12257,23939
HSA-MIR-4497,miRNA,FLUOROURACIL,DB00544,3385
HSA-MIR-4497,miRNA,GEMCITABINE,DB00441,60750
HSA-MIR-4497,miRNA,PLATINUM,DB12257,23939
HSA-MIR-4497,miRNA,DABRAFENIB,DB08912,44462760
HSA-MIR-4497,miRNA,VEMURAFENIB,DB08881,42611257
HSA-MIR-4497,miRNA,FULVESTRANT,DB00947,17756771
HSA-MIR-4497,miRNA,PALBOCICLIB,DB09073,5330286
HSA-MIR-4498,miRNA,VEMURAFENIB,DB08881,42611257
HSA-MIR-4498,miRNA,DABRAFENIB,DB08912,44462760
HSA-MIR-4498,miRNA,CURCUMIN,DB11672,969516
HSA-MIR-4498,miRNA,DOXORUBICIN,DB00997,31703
HSA-MIR-4498,miRNA,PACLITAXEL,DB01229,36314
HSA-MIR-4498,miRNA,FULVESTRANT,DB00947,17756771
HSA-MIR-4498,miRNA,GEMCITABINE,DB00441,60750
HSA-MIR-4499,miRNA,PLATINUM,DB12257,23939
HSA-MIR-449A,miRNA,CISPLATIN,DB00515,5460033
HSA-MIR-449A,miRNA,CAPSAICIN,DB06774,1548943
HSA-MIR-449A,miRNA,TAMOXIFEN,DB00675,2733525
HSA-MIR-449A,miRNA,GEMCITABINE,DB00441,60750
HSA-MIR-449A,miRNA,CERITINIB,DB09063,57379345
HSA-MIR-449A,miRNA,PANOBINOSTAT,DB06603,6918837
HSA-MIR-449A,miRNA,FLUOROURACIL,DB00544,3385
HSA-MIR-449A,miRNA,GEFITINIB,DB00317,123631
HSA-MIR-449A,miRNA,ERLOTINIB,DB00530,176870
HSA-MIR-449A,miRNA,PLATINUM,DB12257,23939
HSA-MIR-449A-5P,miRNA,SORAFENIB,DB00398,216239
HSA-MIR-449B,miRNA,CERITINIB,DB09063,57379345
HSA-MIR-449B-3P,miRNA,GEMCITABINE,DB00441,60750
HSA-MIR-449B-3P,miRNA,FLUOROURACIL,DB00544,3385
HSA-MIR-449B-5P,miRNA,GEMCITABINE,DB00441,60750
HSA-MIR-449B-5P,miRNA,OXALIPLATIN,DB00526,6857599
HSA-MIR-449B-5P,miRNA,CERITINIB,DB09063,57379345
HSA-MIR-449B-5P,miRNA,PANOBINOSTAT,DB06603,6918837
HSA-MIR-449B-5P,miRNA,CISPLATIN,DB00515,5460033
HSA-MIR-449B-5P,miRNA,FLUOROURACIL,DB00544,3385
HSA-MIR-449C,miRNA,CERITINIB,DB09063,57379345
HSA-MIR-449C-5P,miRNA,CISPLATIN,DB00515,5460033
HSA-MIR-449C-5P,miRNA,PLX-4720,DB06999,24180719
HSA-MIR-449C-5P,miRNA,DOXORUBICIN,DB00997,31703
HSA-MIR-449C-5P,miRNA,CURCUMIN,DB11672,969516
HSA-MIR-449C-5P,miRNA,CERITINIB,DB09063,57379345
HSA-MIR-449C-5P,miRNA,PANOBINOSTAT,DB06603,6918837
HSA-MIR-449C-5P,miRNA,OXALIPLATIN,DB00526,6857599
HSA-MIR-449C-5P,miRNA,PACLITAXEL,DB01229,36314
HSA-MIR-449C-5P,miRNA,TOPOTECAN,DB01030,60699
HSA-MIR-4501,miRNA,DOXORUBICIN,DB00997,31703
HSA-MIR-4501,miRNA,DOCETAXEL,DB01248,148124
HSA-MIR-4502,miRNA,DOCETAXEL,DB01248,148124
HSA-MIR-4503,miRNA,PALBOCICLIB,DB09073,5330286
HSA-MIR-4505,miRNA,PLATINUM,DB12257,23939
HSA-MIR-4505,miRNA,DABRAFENIB,DB08912,44462760
HSA-MIR-4505,miRNA,VEMURAFENIB,DB08881,42611257
HSA-MIR-4505,miRNA,FULVESTRANT,DB00947,17756771
HSA-MIR-4505,miRNA,AZACITIDINE,DB00928,9444
HSA-MIR-4505,miRNA,OXALIPLATIN,DB00526,6857599
HSA-MIR-4505,miRNA,CISPLATIN,DB00515,5460033
HSA-MIR-4507,miRNA,TAMOXIFEN,DB00675,2733525
HSA-MIR-4507,miRNA,CISPLATIN,DB00515,5460033
HSA-MIR-4507,miRNA,PLATINUM,DB12257,23939
HSA-MIR-4507,miRNA,FULVESTRANT,DB00947,17756771
HSA-MIR-4508,miRNA,TAMOXIFEN,DB00675,2733525
HSA-MIR-4508,miRNA,DOXORUBICIN,DB00997,31703
HSA-MIR-4508,miRNA,GEMCITABINE,DB00441,60750
HSA-MIR-4508,miRNA,FLUOROURACIL,DB00544,3385
HSA-MIR-4508,miRNA,PLATINUM,DB12257,23939
HSA-MIR-4508,miRNA,DABRAFENIB,DB08912,44462760
HSA-MIR-4508,miRNA,VEMURAFENIB,DB08881,42611257
HSA-MIR-4508,miRNA,PACLITAXEL,DB01229,36314
HSA-MIR-4508,miRNA,FULVESTRANT,DB00947,17756771
HSA-MIR-4508,miRNA,TRAMETINIB,DB08911,11707110
HSA-MIR-450A-1,miRNA,CERITINIB,DB09063,57379345
HSA-MIR-450A-1-3P,miRNA,IMATINIB,DB00619,5291
HSA-MIR-450A-1-3P,miRNA,CISPLATIN,DB00515,5460033
HSA-MIR-450A-2,miRNA,OXALIPLATIN,DB00526,6857599
HSA-MIR-450A-2,miRNA,CERITINIB,DB09063,57379345
HSA-MIR-450A-2-3P,miRNA,CERITINIB,DB09063,57379345
HSA-MIR-450A-5P,miRNA,DOXORUBICIN,DB00997,31703
HSA-MIR-450A-5P,miRNA,VERAPAMIL,DB00661,2520
HSA-MIR-450A-5P,miRNA,TAMOXIFEN,DB00675,2733525
HSA-MIR-450A-5P,miRNA,GEMCITABINE,DB00441,60750
HSA-MIR-450A-5P,miRNA,FLUOROURACIL,DB00544,3385
HSA-MIR-450A-5P,miRNA,IMATINIB,DB00619,5291
HSA-MIR-450A-5P,miRNA,CERITINIB,DB09063,57379345
HSA-MIR-450A-5P,miRNA,SUNITINIB,DB01268,5329102
HSA-MIR-450A-5P,miRNA,CRIZOTINIB,DB08865,11626560
HSA-MIR-450A-5P,miRNA,GEFITINIB,DB00317,123631
HSA-MIR-450A-5P,miRNA,VINCRISTINE,DB00541,5978
HSA-MIR-450A-5P,miRNA,ETOPOSIDE,DB00773,36462
HSA-MIR-450A-5P,miRNA,VINORELBINE,DB00361,44424639
HSA-MIR-450A-5P,miRNA,PACLITAXEL,DB01229,36314
HSA-MIR-450B,miRNA,CISPLATIN,DB00515,5460033
HSA-MIR-450B,miRNA,GEMCITABINE,DB00441,60750
HSA-MIR-450B,miRNA,CERITINIB,DB09063,57379345
HSA-MIR-450B-5P,miRNA,GEMCITABINE,DB00441,60750
HSA-MIR-450B-5P,miRNA,FLUOROURACIL,DB00544,3385
HSA-MIR-450B-5P,miRNA,CERITINIB,DB09063,57379345
HSA-MIR-450B-5P,miRNA,ETOPOSIDE,DB00773,36462
HSA-MIR-450B-5P,miRNA,DOXORUBICIN,DB00997,31703
HSA-MIR-450B-5P,miRNA,PACLITAXEL,DB01229,36314
HSA-MIR-450B-5P,miRNA,VINORELBINE,DB00361,44424639
HSA-MIR-450B-5P,miRNA,VINCRISTINE,DB00541,5978
HSA-MIR-4511,miRNA,IMATINIB,DB00619,5291
HSA-MIR-4512,miRNA,TEMOZOLOMIDE,DB00853,5394
HSA-MIR-4513,miRNA,PLATINUM,DB12257,23939
HSA-MIR-4513,miRNA,IMATINIB,DB00619,5291
HSA-MIR-4513,miRNA,PACLITAXEL,DB01229,36314
HSA-MIR-4515,miRNA,CISPLATIN,DB00515,5460033
HSA-MIR-4516,miRNA,FLUOROURACIL,DB00544,3385
HSA-MIR-4516,miRNA,GEMCITABINE,DB00441,60750
HSA-MIR-4516,miRNA,PLATINUM,DB12257,23939
HSA-MIR-4516,miRNA,DABRAFENIB,DB08912,44462760
HSA-MIR-4516,miRNA,VEMURAFENIB,DB08881,42611257
HSA-MIR-4516,miRNA,DOXORUBICIN,DB00997,31703
HSA-MIR-4516,miRNA,CURCUMIN,DB11672,969516
HSA-MIR-4516,miRNA,FULVESTRANT,DB00947,17756771
HSA-MIR-4516,miRNA,TRAMETINIB,DB08911,11707110
HSA-MIR-4516,miRNA,DOCETAXEL,DB01248,148124
HSA-MIR-451A,miRNA,VINBLASTINE,DB00570,442111
HSA-MIR-451A,miRNA,HYDROXYUREA,DB01005,3657
HSA-MIR-451A,miRNA,DOXORUBICIN,DB00997,31703
HSA-MIR-451A,miRNA,VERAPAMIL,DB00661,2520
HSA-MIR-451A,miRNA,CISPLATIN,DB00515,5460033
HSA-MIR-451A,miRNA,TAMOXIFEN,DB00675,2733525
HSA-MIR-451A,miRNA,IRINOTECAN,DB00762,60838
HSA-MIR-451A,miRNA,IMATINIB,DB00619,5291
HSA-MIR-451A,miRNA,DOCETAXEL,DB01248,148124
HSA-MIR-451A,miRNA,PACLITAXEL,DB01229,36314
HSA-MIR-451A,miRNA,PLATINUM,DB12257,23939
HSA-MIR-451A,miRNA,EPIRUBICIN,DB00445,41867
HSA-MIR-451A,miRNA,GILTERITINIB,DB12141,49803313
HSA-MIR-451A,miRNA,QUIZARTINIB,DB12874,24889392
HSA-MIR-451A,miRNA,ARSENIC TRIOXIDE,DB01169,261004
HSA-MIR-451A,miRNA,ANTHRACYCLINE,DB00694,30323
HSA-MIR-451A,miRNA,FLUOROURACIL,DB00544,3385
HSA-MIR-451A,miRNA,CYCLOPHOSPHAMIDE,DB00531,2907
HSA-MIR-451A,miRNA,TAXOL,DB01229,36314
HSA-MIR-451A,miRNA,METHOTREXATE,DB00563,126941
HSA-MIR-451B,miRNA,CISPLATIN,DB00515,5460033
HSA-MIR-452,miRNA,CISPLATIN,DB00515,5460033
HSA-MIR-452-5P,miRNA,TEMOZOLOMIDE,DB00853,5394
HSA-MIR-452-5P,miRNA,10-HYDROXYCAMPTOTHECIN,DB12385,97226
HSA-MIR-452-5P,miRNA,GEMCITABINE,DB00441,60750
HSA-MIR-452-5P,miRNA,DOCETAXEL,DB01248,148124
HSA-MIR-452-5P,miRNA,CISPLATIN,DB00515,5460033
HSA-MIR-452-5P,miRNA,PACLITAXEL,DB01229,36314
HSA-MIR-452-5P,miRNA,DOXORUBICIN,DB00997,31703
HSA-MIR-452-5P,miRNA,GEFITINIB,DB00317,123631
HSA-MIR-452-5P,miRNA,METHOTREXATE,DB00563,126941
HSA-MIR-452-5P,miRNA,SUNITINIB,DB01268,5329102
HSA-MIR-452-5P,miRNA,BROMOCRIPTINE,DB01200,31101
HSA-MIR-452-5P,miRNA,FLUOROURACIL,DB00544,3385
HSA-MIR-452-AS,miRNA,PACLITAXEL,DB01229,36314
HSA-MIR-4521,miRNA,TAMOXIFEN,DB00675,2733525
HSA-MIR-4521,miRNA,IMATINIB,DB00619,5291
HSA-MIR-4521,miRNA,FLUOROURACIL,DB00544,3385
HSA-MIR-4521,miRNA,GEMCITABINE,DB00441,60750
HSA-MIR-4521,miRNA,DABRAFENIB,DB08912,44462760
HSA-MIR-4521,miRNA,VEMURAFENIB,DB08881,42611257
HSA-MIR-4521,miRNA,SUNITINIB,DB01268,5329102
HSA-MIR-4521,miRNA,FULVESTRANT,DB00947,17756771
HSA-MIR-4521,miRNA,GEFITINIB,DB00317,123631
HSA-MIR-4521,miRNA,CISPLATIN,DB00515,5460033
HSA-MIR-4525,miRNA,CISPLATIN,DB00515,5460033
HSA-MIR-4529-3P,miRNA,CISPLATIN,DB00515,5460033
HSA-MIR-4529-3P,miRNA,FULVESTRANT,DB00947,17756771
HSA-MIR-4530,miRNA,FLUOROURACIL,DB00544,3385
HSA-MIR-4530,miRNA,GEMCITABINE,DB00441,60750
HSA-MIR-4530,miRNA,PLATINUM,DB12257,23939
HSA-MIR-4530,miRNA,OXALIPLATIN,DB00526,6857599
HSA-MIR-4530,miRNA,PACLITAXEL,DB01229,36314
HSA-MIR-4530,miRNA,CISPLATIN,DB00515,5460033
HSA-MIR-4532,miRNA,FLUOROURACIL,DB00544,3385
HSA-MIR-4532,miRNA,GEMCITABINE,DB00441,60750
HSA-MIR-4532,miRNA,PLATINUM,DB12257,23939
HSA-MIR-4532,miRNA,CISPLATIN,DB00515,5460033
HSA-MIR-4532,miRNA,VEMURAFENIB,DB08881,42611257
HSA-MIR-4532,miRNA,DABRAFENIB,DB08912,44462760
HSA-MIR-4532,miRNA,PACLITAXEL,DB01229,36314
HSA-MIR-4532,miRNA,FULVESTRANT,DB00947,17756771
HSA-MIR-4532,miRNA,TAMOXIFEN,DB00675,2733525
HSA-MIR-4532,miRNA,OXALIPLATIN,DB00526,6857599
HSA-MIR-4533,miRNA,PACLITAXEL,DB01229,36314
HSA-MIR-4533,miRNA,TAXANE,NA,9548828
HSA-MIR-4534,miRNA,PLATINUM,DB12257,23939
HSA-MIR-4534,miRNA,FLUOROURACIL,DB00544,3385
HSA-MIR-4534,miRNA,DABRAFENIB,DB08912,44462760
HSA-MIR-4534,miRNA,VEMURAFENIB,DB08881,42611257
HSA-MIR-4534,miRNA,FULVESTRANT,DB00947,17756771
HSA-MIR-4534,miRNA,TAMOXIFEN,DB00675,2733525
HSA-MIR-4535,miRNA,FLUOROURACIL,DB00544,3385
HSA-MIR-4535,miRNA,GEMCITABINE,DB00441,60750
HSA-MIR-4535,miRNA,PLATINUM,DB12257,23939
HSA-MIR-4536-1,miRNA,IMATINIB,DB00619,5291
HSA-MIR-4536-3P,miRNA,DOXORUBICIN,DB00997,31703
HSA-MIR-4538,miRNA,PLATINUM,DB12257,23939
HSA-MIR-4539,miRNA,PLATINUM,DB12257,23939
HSA-MIR-4539,miRNA,FULVESTRANT,DB00947,17756771
HSA-MIR-454-3P,miRNA,DOXORUBICIN,DB00997,31703
HSA-MIR-454-3P,miRNA,VERAPAMIL,DB00661,2520
HSA-MIR-454-3P,miRNA,VINCRISTINE,DB00541,5978
HSA-MIR-454-3P,miRNA,DAUNORUBICIN,DB00694,30323
HSA-MIR-454-3P,miRNA,PREDNISOLONE,DB00860,5755
HSA-MIR-454-3P,miRNA,DOCETAXEL,DB01248,148124
HSA-MIR-454-3P,miRNA,FLUOROURACIL,DB00544,3385
HSA-MIR-454-3P,miRNA,GEMCITABINE,DB00441,60750
HSA-MIR-454-3P,miRNA,SUNITINIB,DB01268,5329102
HSA-MIR-454-3P,miRNA,CISPLATIN,DB00515,5460033
HSA-MIR-454-3P,miRNA,MITOXANTRONE,DB01204,4212
HSA-MIR-454-3P,miRNA,CURCUMIN,DB11672,969516
HSA-MIR-454-3P,miRNA,TEMOZOLOMIDE,DB00853,5394
HSA-MIR-454-3P,miRNA,PLATINUM,DB12257,23939
HSA-MIR-454-3P,miRNA,SORAFENIB,DB00398,216239
HSA-MIR-455,miRNA,TAMOXIFEN,DB00675,2733525
HSA-MIR-455,miRNA,CISPLATIN,DB00515,5460033
HSA-MIR-455-3P,miRNA,CISPLATIN,DB00515,5460033
HSA-MIR-455-3P,miRNA,PLATINUM,DB12257,23939
HSA-MIR-455-3P,miRNA,GEMCITABINE,DB00441,60750
HSA-MIR-455-3P,miRNA,SORAFENIB,DB00398,216239
HSA-MIR-455-3P,miRNA,TAMOXIFEN,DB00675,2733525
HSA-MIR-455-3P,miRNA,PACLITAXEL,DB01229,36314
HSA-MIR-455-3P,miRNA,TRAMETINIB,DB08911,11707110
HSA-MIR-455-3P,miRNA,VEMURAFENIB,DB08881,42611257
HSA-MIR-455-3P,miRNA,FLUOROURACIL,DB00544,3385
HSA-MIR-455-3P,miRNA,PROPOFOL,DB00818,4943
HSA-MIR-455-3P,miRNA,OXALIPLATIN,DB00526,6857599
HSA-MIR-455-5P,miRNA,DOXORUBICIN,DB00997,31703
HSA-MIR-455-5P,miRNA,VERAPAMIL,DB00661,2520
HSA-MIR-455-5P,miRNA,TEMOZOLOMIDE,DB00853,5394
HSA-MIR-455-5P,miRNA,CISPLATIN,DB00515,5460033
HSA-MIR-455-5P,miRNA,METHOTREXATE,DB00563,126941
HSA-MIR-455-5P,miRNA,ETOPOSIDE,DB00773,36462
HSA-MIR-455-5P,miRNA,DOCETAXEL,DB01248,148124
HSA-MIR-455-5P,miRNA,PREDNISONE,DB00635,5865
HSA-MIR-455-5P,miRNA,VINCRISTINE,DB00541,5978
HSA-MIR-455-5P,miRNA,FLUOROURACIL,DB00544,3385
HSA-MIR-455-5P,miRNA,GEMCITABINE,DB00441,60750
HSA-MIR-455*,miRNA,GEMCITABINE,DB00441,60750
HSA-MIR-46146,miRNA,OXALIPLATIN,DB00526,6857599
HSA-MIR-4632-5P,miRNA,PLATINUM,DB12257,23939
HSA-MIR-4632-5P,miRNA,OXALIPLATIN,DB00526,6857599
HSA-MIR-4634,miRNA,PLATINUM,DB12257,23939
HSA-MIR-4634,miRNA,VEMURAFENIB,DB08881,42611257
HSA-MIR-4634,miRNA,DABRAFENIB,DB08912,44462760
HSA-MIR-4634,miRNA,FULVESTRANT,DB00947,17756771
HSA-MIR-4634,miRNA,EVEROLIMUS,DB01590,6442177
HSA-MIR-4636,miRNA,DOCETAXEL,DB01248,148124
HSA-MIR-4638,miRNA,FLUOROURACIL,DB00544,3385
HSA-MIR-4638,miRNA,GEMCITABINE,DB00441,60750
HSA-MIR-4638-3P,miRNA,CERITINIB,DB09063,57379345
HSA-MIR-4639-5P,miRNA,IMATINIB,DB00619,5291
HSA-MIR-4640,miRNA,GEMCITABINE,DB00441,60750
HSA-MIR-4640,miRNA,FLUOROURACIL,DB00544,3385
HSA-MIR-4640-5P,miRNA,PLATINUM,DB12257,23939
HSA-MIR-4640-5P,miRNA,PACLITAXEL,DB01229,36314
HSA-MIR-4640-5P,miRNA,GEMCITABINE,DB00441,60750
HSA-MIR-4644,miRNA,GEMCITABINE,DB00441,60750
HSA-MIR-4644,miRNA,DOCETAXEL,DB01248,148124
HSA-MIR-4645-3P,miRNA,IMATINIB,DB00619,5291
HSA-MIR-4645-5P,miRNA,PALBOCICLIB,DB09073,5330286
HSA-MIR-4646,miRNA,FLUOROURACIL,DB00544,3385
HSA-MIR-4646,miRNA,GEMCITABINE,DB00441,60750
HSA-MIR-4646-5P,miRNA,PLATINUM,DB12257,23939
HSA-MIR-4647,miRNA,PLATINUM,DB12257,23939
HSA-MIR-4648,miRNA,CERITINIB,DB09063,57379345
HSA-MIR-4648,miRNA,GEMCITABINE,DB00441,60750
HSA-MIR-4649-3P,miRNA,TAMOXIFEN,DB00675,2733525
HSA-MIR-4649-3P,miRNA,CISPLATIN,DB00515,5460033
HSA-MIR-4649-5P,miRNA,CISPLATIN,DB00515,5460033
HSA-MIR-4649-5P,miRNA,VEMURAFENIB,DB08881,42611257
HSA-MIR-4649-5P,miRNA,DABRAFENIB,DB08912,44462760
HSA-MIR-4649-5P,miRNA,FULVESTRANT,DB00947,17756771
HSA-MIR-4649-5P,miRNA,GEMCITABINE,DB00441,60750
HSA-MIR-4650,miRNA,GEMCITABINE,DB00441,60750
HSA-MIR-4650-5P,miRNA,GEMCITABINE,DB00441,60750
HSA-MIR-4651,miRNA,PLATINUM,DB12257,23939
HSA-MIR-4651,miRNA,IMATINIB,DB00619,5291
HSA-MIR-4651,miRNA,CISPLATIN,DB00515,5460033
HSA-MIR-4651,miRNA,DABRAFENIB,DB08912,44462760
HSA-MIR-4651,miRNA,VEMURAFENIB,DB08881,42611257
HSA-MIR-4651,miRNA,CURCUMIN,DB11672,969516
HSA-MIR-4651,miRNA,DOXORUBICIN,DB00997,31703
HSA-MIR-4651,miRNA,PACLITAXEL,DB01229,36314
HSA-MIR-4651,miRNA,FULVESTRANT,DB00947,17756771
HSA-MIR-4653,miRNA,PACLITAXEL,DB01229,36314
HSA-MIR-4653-3P,miRNA,TAMOXIFEN,DB00675,2733525
HSA-MIR-4654,miRNA,CERITINIB,DB09063,57379345
HSA-MIR-4655,miRNA,FLUOROURACIL,DB00544,3385
HSA-MIR-4655,miRNA,GEMCITABINE,DB00441,60750
HSA-MIR-4655-3P,miRNA,PLATINUM,DB12257,23939
HSA-MIR-4655-3P,miRNA,FLUOROURACIL,DB00544,3385
HSA-MIR-4655-5P,miRNA,PLATINUM,DB12257,23939
HSA-MIR-4655-5P,miRNA,CISPLATIN,DB00515,5460033
HSA-MIR-4655-5P,miRNA,FLUOROURACIL,DB00544,3385
HSA-MIR-4655-5P,miRNA,PACLITAXEL,DB01229,36314
HSA-MIR-4656,miRNA,PLATINUM,DB12257,23939
HSA-MIR-4656,miRNA,CISPLATIN,DB00515,5460033
HSA-MIR-4657,miRNA,DABRAFENIB,DB08912,44462760
HSA-MIR-4659A-3P,miRNA,PLATINUM,DB12257,23939
HSA-MIR-4659B-3P,miRNA,GEMCITABINE,DB00441,60750
HSA-MIR-466,miRNA,CISPLATIN,DB00515,5460033
HSA-MIR-466,miRNA,PAROXETINE,DB00715,43815
HSA-MIR-4661,miRNA,CERITINIB,DB09063,57379345
HSA-MIR-4661-3P,miRNA,CERITINIB,DB09063,57379345
HSA-MIR-4661-3P,miRNA,TEMOZOLOMIDE,DB00853,5394
HSA-MIR-4661-5P,miRNA,TEMOZOLOMIDE,DB00853,5394
HSA-MIR-4662A*,miRNA,IMATINIB,DB00619,5291
HSA-MIR-4662B,miRNA,APICIDIN,NA,6918328
HSA-MIR-4662B,miRNA,VORINOSTAT,DB02546,5311
HSA-MIR-4664,miRNA,PLX-4720,DB06999,24180719
HSA-MIR-4664-3P,miRNA,CISPLATIN,DB00515,5460033
HSA-MIR-4664-3P,miRNA,DOXORUBICIN,DB00997,31703
HSA-MIR-4664-3P,miRNA,METHOTREXATE,DB00563,126941
HSA-MIR-4664-5P,miRNA,CERITINIB,DB09063,57379345
HSA-MIR-4665,miRNA,FLUOROURACIL,DB00544,3385
HSA-MIR-4665,miRNA,GEMCITABINE,DB00441,60750
HSA-MIR-4665-3P,miRNA,PLATINUM,DB12257,23939
HSA-MIR-4665-3P,miRNA,TAMOXIFEN,DB00675,2733525
HSA-MIR-4665-5P,miRNA,PLATINUM,DB12257,23939
HSA-MIR-4665-5P,miRNA,DABRAFENIB,DB08912,44462760
HSA-MIR-4665-5P,miRNA,VEMURAFENIB,DB08881,42611257
HSA-MIR-4665-5P,miRNA,PACLITAXEL,DB01229,36314
HSA-MIR-4665-5P,miRNA,TAMOXIFEN,DB00675,2733525
HSA-MIR-4665-5P,miRNA,FULVESTRANT,DB00947,17756771
HSA-MIR-4666A,miRNA,DOXORUBICIN,DB00997,31703
HSA-MIR-4666B,miRNA,CISPLATIN,DB00515,5460033
HSA-MIR-4667-5P,miRNA,PLATINUM,DB12257,23939
HSA-MIR-4667-5P,miRNA,IMATINIB,DB00619,5291
HSA-MIR-4667-5P,miRNA,TAMOXIFEN,DB00675,2733525
HSA-MIR-4668-5P,miRNA,FULVESTRANT,DB00947,17756771
HSA-MIR-4669,miRNA,GEMCITABINE,DB00441,60750
HSA-MIR-4669,miRNA,FLUOROURACIL,DB00544,3385
HSA-MIR-4669,miRNA,PLATINUM,DB12257,23939
HSA-MIR-4669,miRNA,PACLITAXEL,DB01229,36314
HSA-MIR-4669,miRNA,DABRAFENIB,DB08912,44462760
HSA-MIR-4669,miRNA,VEMURAFENIB,DB08881,42611257
HSA-MIR-4669,miRNA,FULVESTRANT,DB00947,17756771
HSA-MIR-4669,miRNA,CISPLATIN,DB00515,5460033
HSA-MIR-4671,miRNA,DOXORUBICIN,DB00997,31703
HSA-MIR-4671-5P,miRNA,CERITINIB,DB09063,57379345
HSA-MIR-4672,miRNA,PLATINUM,DB12257,23939
HSA-MIR-4672,miRNA,PACLITAXEL,DB01229,36314
HSA-MIR-4672,miRNA,CISPLATIN,DB00515,5460033
HSA-MIR-4673,miRNA,CERITINIB,DB09063,57379345
HSA-MIR-4673,miRNA,PLATINUM,DB12257,23939
HSA-MIR-4673,miRNA,IMATINIB,DB00619,5291
HSA-MIR-4673,miRNA,PACLITAXEL,DB01229,36314
HSA-MIR-4674,miRNA,FLUOROURACIL,DB00544,3385
HSA-MIR-4674,miRNA,GEMCITABINE,DB00441,60750
HSA-MIR-4674,miRNA,DABRAFENIB,DB08912,44462760
HSA-MIR-4674,miRNA,VEMURAFENIB,DB08881,42611257
HSA-MIR-4674,miRNA,DOXORUBICIN,DB00997,31703
HSA-MIR-4674,miRNA,CURCUMIN,DB11672,969516
HSA-MIR-4674,miRNA,PACLITAXEL,DB01229,36314
HSA-MIR-4674,miRNA,FULVESTRANT,DB00947,17756771
HSA-MIR-4674,miRNA,TAMOXIFEN,DB00675,2733525
HSA-MIR-4674,miRNA,GEFITINIB,DB00317,123631
HSA-MIR-4675,miRNA,GEMCITABINE,DB00441,60750
HSA-MIR-4675,miRNA,FLUOROURACIL,DB00544,3385
HSA-MIR-4676,miRNA,CERITINIB,DB09063,57379345
HSA-MIR-4676-3P,miRNA,CERITINIB,DB09063,57379345
HSA-MIR-4676-3P L-1R+1_1,miRNA,CISPLATIN,DB00515,5460033
HSA-MIR-4676-3P L-1R+1_1,miRNA,GEFITINIB,DB00317,123631
HSA-MIR-4676-3P L-1R+1_2,miRNA,CISPLATIN,DB00515,5460033
HSA-MIR-4676-3P L-1R+1_2,miRNA,GEFITINIB,DB00317,123631
HSA-MIR-4677,miRNA,DOXORUBICIN,DB00997,31703
HSA-MIR-4677,miRNA,CERITINIB,DB09063,57379345
HSA-MIR-4677-3P,miRNA,CERITINIB,DB09063,57379345
HSA-MIR-4677-3P,miRNA,ETOPOSIDE,DB00773,36462
HSA-MIR-4677-3P,miRNA,DOXORUBICIN,DB00997,31703
HSA-MIR-4677-3P,miRNA,VINORELBINE,DB00361,44424639
HSA-MIR-4677-3P,miRNA,VINCRISTINE,DB00541,5978
HSA-MIR-4677-3P,miRNA,PACLITAXEL,DB01229,36314
HSA-MIR-4678,miRNA,PACLITAXEL,DB01229,36314
HSA-MIR-467B-3P,miRNA,GEMCITABINE,DB00441,60750
HSA-MIR-4682,miRNA,CERITINIB,DB09063,57379345
HSA-MIR-4683,miRNA,ANTHRACYCLINE,DB00694,30323
HSA-MIR-4683,miRNA,CYCLOPHOSPHAMIDE,DB00531,2907
HSA-MIR-4683,miRNA,FLUOROURACIL,DB00544,3385
HSA-MIR-4683,miRNA,TAXOL,DB01229,36314
HSA-MIR-4683,miRNA,METHOTREXATE,DB00563,126941
HSA-MIR-4684,miRNA,DOXORUBICIN,DB00997,31703
HSA-MIR-4684-3P,miRNA,TAMOXIFEN,DB00675,2733525
HSA-MIR-4684-3P,miRNA,FULVESTRANT,DB00947,17756771
HSA-MIR-4684-3P,miRNA,OSIMERTINIB,DB09330,71496458
HSA-MIR-4685,miRNA,GEMCITABINE,DB00441,60750
HSA-MIR-4685,miRNA,FLUOROURACIL,DB00544,3385
HSA-MIR-4685-5P,miRNA,CISPLATIN,DB00515,5460033
HSA-MIR-4687,miRNA,DOXORUBICIN,DB00997,31703
HSA-MIR-4687,miRNA,FLUOROURACIL,DB00544,3385
HSA-MIR-4687,miRNA,GEMCITABINE,DB00441,60750
HSA-MIR-4687,miRNA,CERITINIB,DB09063,57379345
HSA-MIR-4687-3P,miRNA,PLATINUM,DB12257,23939
HSA-MIR-4687-3P,miRNA,CISPLATIN,DB00515,5460033
HSA-MIR-4687-3P,miRNA,DOXORUBICIN,DB00997,31703
HSA-MIR-4687-3P,miRNA,CURCUMIN,DB11672,969516
HSA-MIR-4687-3P,miRNA,GEMCITABINE,DB00441,60750
HSA-MIR-4687-3P,miRNA,CERITINIB,DB09063,57379345
HSA-MIR-4688,miRNA,PLATINUM,DB12257,23939
HSA-MIR-4688,miRNA,PACLITAXEL,DB01229,36314
HSA-MIR-4688,miRNA,FULVESTRANT,DB00947,17756771
HSA-MIR-4689,miRNA,GEMCITABINE,DB00441,60750
HSA-MIR-4689,miRNA,FLUOROURACIL,DB00544,3385
HSA-MIR-4689,miRNA,PLATINUM,DB12257,23939
HSA-MIR-4689,miRNA,CISPLATIN,DB00515,5460033
HSA-MIR-4689,miRNA,DOXORUBICIN,DB00997,31703
HSA-MIR-4689,miRNA,CURCUMIN,DB11672,969516
HSA-MIR-4690-5P,miRNA,PLATINUM,DB12257,23939
HSA-MIR-4690-5P,miRNA,VEMURAFENIB,DB08881,42611257
HSA-MIR-4690-5P,miRNA,DABRAFENIB,DB08912,44462760
HSA-MIR-4690-5P,miRNA,FULVESTRANT,DB00947,17756771
HSA-MIR-4690-5P,miRNA,TAMOXIFEN,DB00675,2733525
HSA-MIR-4695,miRNA,GEMCITABINE,DB00441,60750
HSA-MIR-4695,miRNA,FLUOROURACIL,DB00544,3385
HSA-MIR-4695-3P,miRNA,FULVESTRANT,DB00947,17756771
HSA-MIR-4695-3P,miRNA,PALBOCICLIB,DB09073,5330286
HSA-MIR-4695-5P,miRNA,FLUOROURACIL,DB00544,3385
HSA-MIR-4695-5P,miRNA,FULVESTRANT,DB00947,17756771
HSA-MIR-4695-5P,miRNA,OXALIPLATIN,DB00526,6857599
HSA-MIR-4697-5P,miRNA,FULVESTRANT,DB00947,17756771
HSA-MIR-4697-5P,miRNA,PACLITAXEL,DB01229,36314
HSA-MIR-4698,miRNA,PLATINUM,DB12257,23939
HSA-MIR-4698,miRNA,CISPLATIN,DB00515,5460033
HSA-MIR-4699-5P,miRNA,DOXORUBICIN,DB00997,31703
HSA-MIR-4699-5P,miRNA,CERITINIB,DB09063,57379345
HSA-MIR-46B-3P,miRNA,SORAFENIB,DB00398,216239
HSA-MIR-4700,miRNA,CERITINIB,DB09063,57379345
HSA-MIR-4700-3P,miRNA,CERITINIB,DB09063,57379345
HSA-MIR-4701,miRNA,CISPLATIN,DB00515,5460033
HSA-MIR-4701,miRNA,DOXORUBICIN,DB00997,31703
HSA-MIR-4701,miRNA,FLUOROURACIL,DB00544,3385
HSA-MIR-4701,miRNA,VINCRISTINE,DB00541,5978
HSA-MIR-4701-3P,miRNA,PLATINUM,DB12257,23939
HSA-MIR-4701-3P,miRNA,FULVESTRANT,DB00947,17756771
HSA-MIR-4701-3P,miRNA,GEMCITABINE,DB00441,60750
HSA-MIR-4701-5P,miRNA,VINCRISTINE,DB00541,5978
HSA-MIR-4701-5P,miRNA,DOXORUBICIN,DB00997,31703
HSA-MIR-4701-5P,miRNA,PACLITAXEL,DB01229,36314
HSA-MIR-4701-5P,miRNA,CISPLATIN,DB00515,5460033
HSA-MIR-4703-3P,miRNA,TAMOXIFEN,DB00675,2733525
HSA-MIR-4704-5P,miRNA,GEMCITABINE,DB00441,60750
HSA-MIR-4706,miRNA,FLUOROURACIL,DB00544,3385
HSA-MIR-4706,miRNA,GEMCITABINE,DB00441,60750
HSA-MIR-4706,miRNA,CISPLATIN,DB00515,5460033
HSA-MIR-4706,miRNA,PACLITAXEL,DB01229,36314
HSA-MIR-4707,miRNA,GEMCITABINE,DB00441,60750
HSA-MIR-4707,miRNA,FLUOROURACIL,DB00544,3385
HSA-MIR-4707-5P,miRNA,DABRAFENIB,DB08912,44462760
HSA-MIR-4707-5P,miRNA,VEMURAFENIB,DB08881,42611257
HSA-MIR-4707-5P,miRNA,DOXORUBICIN,DB00997,31703
HSA-MIR-4707-5P,miRNA,CURCUMIN,DB11672,969516
HSA-MIR-4707-5P,miRNA,FULVESTRANT,DB00947,17756771
HSA-MIR-4707-5P,miRNA,OXALIPLATIN,DB00526,6857599
HSA-MIR-4708-3P,miRNA,CERITINIB,DB09063,57379345
HSA-MIR-4708-3P,miRNA,GEMCITABINE,DB00441,60750
HSA-MIR-4708-5P,miRNA,FULVESTRANT,DB00947,17756771
HSA-MIR-4708-5P,miRNA,TAMOXIFEN,DB00675,2733525
HSA-MIR-4710,miRNA,FLUOROURACIL,DB00544,3385
HSA-MIR-4710,miRNA,GEMCITABINE,DB00441,60750
HSA-MIR-4710,miRNA,PLATINUM,DB12257,23939
HSA-MIR-4710,miRNA,IMATINIB,DB00619,5291
HSA-MIR-4711,miRNA,GEMCITABINE,DB00441,60750
HSA-MIR-4711,miRNA,FLUOROURACIL,DB00544,3385
HSA-MIR-4713,miRNA,PACLITAXEL,DB01229,36314
HSA-MIR-4713,miRNA,FLUOROURACIL,DB00544,3385
HSA-MIR-4713,miRNA,GEMCITABINE,DB00441,60750
HSA-MIR-4713-3P,miRNA,PLATINUM,DB12257,23939
HSA-MIR-4713-5P,miRNA,GEMCITABINE,DB00441,60750
HSA-MIR-4714-3P,miRNA,CERITINIB,DB09063,57379345
HSA-MIR-4714-5P,miRNA,CERITINIB,DB09063,57379345
HSA-MIR-4716,miRNA,FLUOROURACIL,DB00544,3385
HSA-MIR-4716,miRNA,GEMCITABINE,DB00441,60750
HSA-MIR-4716-3P,miRNA,PLATINUM,DB12257,23939
HSA-MIR-4716-3P,miRNA,IMATINIB,DB00619,5291
HSA-MIR-4716-3P,miRNA,PACLITAXEL,DB01229,36314
HSA-MIR-4716-3P,miRNA,GEFITINIB,DB00317,123631
HSA-MIR-4716-3P,miRNA,YUANHUADINE,NA,6440572
HSA-MIR-4716-3P,miRNA,DOCETAXEL,DB01248,148124
HSA-MIR-4717-5P,miRNA,GEMCITABINE,DB00441,60750
HSA-MIR-4717-5P,miRNA,CYTARABINE,DB00987,6253
HSA-MIR-4720-5P,miRNA,GEFITINIB,DB00317,123631
HSA-MIR-4720-5P,miRNA,YUANHUADINE,NA,6440572
HSA-MIR-4721,miRNA,FLUOROURACIL,DB00544,3385
HSA-MIR-4721,miRNA,GEMCITABINE,DB00441,60750
HSA-MIR-4721,miRNA,PLATINUM,DB12257,23939
HSA-MIR-4721,miRNA,VEMURAFENIB,DB08881,42611257
HSA-MIR-4721,miRNA,DABRAFENIB,DB08912,44462760
HSA-MIR-4721,miRNA,PACLITAXEL,DB01229,36314
HSA-MIR-4721,miRNA,FULVESTRANT,DB00947,17756771
HSA-MIR-4722,miRNA,FLUOROURACIL,DB00544,3385
HSA-MIR-4722,miRNA,GEMCITABINE,DB00441,60750
HSA-MIR-4722-3P,miRNA,IMATINIB,DB00619,5291
HSA-MIR-4722-3P,miRNA,CISPLATIN,DB00515,5460033
HSA-MIR-4722-5P,miRNA,IMATINIB,DB00619,5291
HSA-MIR-4722-5P,miRNA,PACLITAXEL,DB01229,36314
HSA-MIR-4723,miRNA,FLUOROURACIL,DB00544,3385
HSA-MIR-4723,miRNA,GEMCITABINE,DB00441,60750
HSA-MIR-4725,miRNA,FLUOROURACIL,DB00544,3385
HSA-MIR-4725,miRNA,GEMCITABINE,DB00441,60750
HSA-MIR-4725-3P,miRNA,PACLITAXEL,DB01229,36314
HSA-MIR-4725-3P,miRNA,FULVESTRANT,DB00947,17756771
HSA-MIR-4725-3P,miRNA,TEMOZOLOMIDE,DB00853,5394
HSA-MIR-4725-5P,miRNA,TAMOXIFEN,DB00675,2733525
HSA-MIR-4726,miRNA,CERITINIB,DB09063,57379345
HSA-MIR-4726-5P,miRNA,CERITINIB,DB09063,57379345
HSA-MIR-4726-5P,miRNA,GEMCITABINE,DB00441,60750
HSA-MIR-4728,miRNA,CISPLATIN,DB00515,5460033
HSA-MIR-4728,miRNA,DOXORUBICIN,DB00997,31703
HSA-MIR-4728,miRNA,FLUOROURACIL,DB00544,3385
HSA-MIR-4728,miRNA,VINCRISTINE,DB00541,5978
HSA-MIR-4728,miRNA,TAMOXIFEN,DB00675,2733525
HSA-MIR-4728-5P,miRNA,FLUOROURACIL,DB00544,3385
HSA-MIR-4728-5P,miRNA,CISPLATIN,DB00515,5460033
HSA-MIR-4730,miRNA,PACLITAXEL,DB01229,36314
HSA-MIR-4731,miRNA,FLUOROURACIL,DB00544,3385
HSA-MIR-4731,miRNA,GEMCITABINE,DB00441,60750
HSA-MIR-4731-5P,miRNA,ANTHRACYCLINE,DB00694,30323
HSA-MIR-4731-5P,miRNA,FLUOROURACIL,DB00544,3385
HSA-MIR-4731-5P,miRNA,CYCLOPHOSPHAMIDE,DB00531,2907
HSA-MIR-4731-5P,miRNA,METHOTREXATE,DB00563,126941
HSA-MIR-4731-5P,miRNA,TAXOL,DB01229,36314
HSA-MIR-4732,miRNA,FLUOROURACIL,DB00544,3385
HSA-MIR-4732,miRNA,GEMCITABINE,DB00441,60750
HSA-MIR-4732-3P,miRNA,IMATINIB,DB00619,5291
HSA-MIR-4732-5P,miRNA,DOXORUBICIN,DB00997,31703
HSA-MIR-4732-5P,miRNA,TAMOXIFEN,DB00675,2733525
HSA-MIR-4732-5P,miRNA,FULVESTRANT,DB00947,17756771
HSA-MIR-4732-5P,miRNA,PALBOCICLIB,DB09073,5330286
HSA-MIR-4734,miRNA,DABRAFENIB,DB08912,44462760
HSA-MIR-4734,miRNA,VEMURAFENIB,DB08881,42611257
HSA-MIR-4734,miRNA,DOXORUBICIN,DB00997,31703
HSA-MIR-4734,miRNA,CURCUMIN,DB11672,969516
HSA-MIR-4734,miRNA,PACLITAXEL,DB01229,36314
HSA-MIR-4734,miRNA,TAMOXIFEN,DB00675,2733525
HSA-MIR-4734,miRNA,FULVESTRANT,DB00947,17756771
HSA-MIR-4734,miRNA,GEFITINIB,DB00317,123631
HSA-MIR-4734,miRNA,GEMCITABINE,DB00441,60750
HSA-MIR-4734,miRNA,OXALIPLATIN,DB00526,6857599
HSA-MIR-4738-3P,miRNA,PLATINUM,DB12257,23939
HSA-MIR-4739,miRNA,GEMCITABINE,DB00441,60750
HSA-MIR-4739,miRNA,FLUOROURACIL,DB00544,3385
HSA-MIR-4739,miRNA,PLATINUM,DB12257,23939
HSA-MIR-4739,miRNA,CISPLATIN,DB00515,5460033
HSA-MIR-4739,miRNA,DABRAFENIB,DB08912,44462760
HSA-MIR-4739,miRNA,VEMURAFENIB,DB08881,42611257
HSA-MIR-4741,miRNA,PLATINUM,DB12257,23939
HSA-MIR-4741,miRNA,CISPLATIN,DB00515,5460033
HSA-MIR-4741,miRNA,VEMURAFENIB,DB08881,42611257
HSA-MIR-4741,miRNA,DABRAFENIB,DB08912,44462760
HSA-MIR-4741,miRNA,DOXORUBICIN,DB00997,31703
HSA-MIR-4741,miRNA,CURCUMIN,DB11672,969516
HSA-MIR-4741,miRNA,FULVESTRANT,DB00947,17756771
HSA-MIR-4741,miRNA,GEFITINIB,DB00317,123631
HSA-MIR-4741,miRNA,YUANHUADINE,NA,6440572
HSA-MIR-4742-5P,miRNA,IMATINIB,DB00619,5291
HSA-MIR-4743-5P,miRNA,PLATINUM,DB12257,23939
HSA-MIR-4743-5P,miRNA,GEMCITABINE,DB00441,60750
HSA-MIR-4745,miRNA,FLUOROURACIL,DB00544,3385
HSA-MIR-4745,miRNA,GEMCITABINE,DB00441,60750
HSA-MIR-4745,miRNA,PLX-4720,DB06999,24180719
HSA-MIR-4745,miRNA,CERITINIB,DB09063,57379345
HSA-MIR-4745-3P,miRNA,CERITINIB,DB09063,57379345
HSA-MIR-4745-5P,miRNA,PLATINUM,DB12257,23939
HSA-MIR-4745-5P,miRNA,DABRAFENIB,DB08912,44462760
HSA-MIR-4745-5P,miRNA,VEMURAFENIB,DB08881,42611257
HSA-MIR-4745-5P,miRNA,DOXORUBICIN,DB00997,31703
HSA-MIR-4745-5P,miRNA,CURCUMIN,DB11672,969516
HSA-MIR-4745-5P,miRNA,FULVESTRANT,DB00947,17756771
HSA-MIR-4745-5P,miRNA,CERITINIB,DB09063,57379345
HSA-MIR-4745-5P,miRNA,PACLITAXEL,DB01229,36314
HSA-MIR-4745-5P,miRNA,DOCETAXEL,DB01248,148124
HSA-MIR-4746-3P,miRNA,PLATINUM,DB12257,23939
HSA-MIR-4746-5P,miRNA,DOCETAXEL,DB01248,148124
HSA-MIR-4749,miRNA,FLUOROURACIL,DB00544,3385
HSA-MIR-4749,miRNA,GEMCITABINE,DB00441,60750
HSA-MIR-4749-3P,miRNA,CISPLATIN,DB00515,5460033
HSA-MIR-4749-5P,miRNA,PACLITAXEL,DB01229,36314
HSA-MIR-4749-5P,miRNA,FULVESTRANT,DB00947,17756771
HSA-MIR-4750-3P,miRNA,CISPLATIN,DB00515,5460033
HSA-MIR-4750-3P,miRNA,DOCETAXEL,DB01248,148124
HSA-MIR-4750-5P,miRNA,FLUOROURACIL,DB00544,3385
HSA-MIR-4750-5P,miRNA,GEMCITABINE,DB00441,60750
HSA-MIR-4750-5P,miRNA,DABRAFENIB,DB08912,44462760
HSA-MIR-4750-5P,miRNA,VEMURAFENIB,DB08881,42611257
HSA-MIR-4750-5P,miRNA,TAMOXIFEN,DB00675,2733525
HSA-MIR-4750-5P,miRNA,FULVESTRANT,DB00947,17756771
HSA-MIR-4750-5P,miRNA,CISPLATIN,DB00515,5460033
HSA-MIR-4753-3P,miRNA,CERITINIB,DB09063,57379345
HSA-MIR-4758,miRNA,GEMCITABINE,DB00441,60750
HSA-MIR-4758,miRNA,FLUOROURACIL,DB00544,3385
HSA-MIR-4758-3P,miRNA,ANTHRACYCLINE,DB00694,30323
HSA-MIR-4758-3P,miRNA,FLUOROURACIL,DB00544,3385
HSA-MIR-4758-3P,miRNA,TAXOL,DB01229,36314
HSA-MIR-4758-3P,miRNA,CYCLOPHOSPHAMIDE,DB00531,2907
HSA-MIR-4758-3P,miRNA,METHOTREXATE,DB00563,126941
HSA-MIR-4758-5P,miRNA,PLATINUM,DB12257,23939
HSA-MIR-4758-5P,miRNA,VEMURAFENIB,DB08881,42611257
HSA-MIR-4758-5P,miRNA,DABRAFENIB,DB08912,44462760
HSA-MIR-4758-5P,miRNA,DOXORUBICIN,DB00997,31703
HSA-MIR-4758-5P,miRNA,CURCUMIN,DB11672,969516
HSA-MIR-4758-5P,miRNA,PACLITAXEL,DB01229,36314
HSA-MIR-4758-5P,miRNA,FULVESTRANT,DB00947,17756771
HSA-MIR-4763,miRNA,CISPLATIN,DB00515,5460033
HSA-MIR-4763,miRNA,DOXORUBICIN,DB00997,31703
HSA-MIR-4763,miRNA,FLUOROURACIL,DB00544,3385
HSA-MIR-4763,miRNA,VINCRISTINE,DB00541,5978
HSA-MIR-4763-3P,miRNA,PLATINUM,DB12257,23939
HSA-MIR-4763-3P,miRNA,DABRAFENIB,DB08912,44462760
HSA-MIR-4763-3P,miRNA,VEMURAFENIB,DB08881,42611257
HSA-MIR-4763-3P,miRNA,FULVESTRANT,DB00947,17756771
HSA-MIR-4763-3P,miRNA,CISPLATIN,DB00515,5460033
HSA-MIR-4763-5P,miRNA,ANTHRACYCLINE,DB00694,30323
HSA-MIR-4763-5P,miRNA,FLUOROURACIL,DB00544,3385
HSA-MIR-4763-5P,miRNA,CYCLOPHOSPHAMIDE,DB00531,2907
HSA-MIR-4763-5P,miRNA,METHOTREXATE,DB00563,126941
HSA-MIR-4763-5P,miRNA,TAXOL,DB01229,36314
HSA-MIR-4764-3P,miRNA,PALBOCICLIB,DB09073,5330286
HSA-MIR-4766-3P,miRNA,IMATINIB,DB00619,5291
HSA-MIR-4767,miRNA,PLATINUM,DB12257,23939
HSA-MIR-4767,miRNA,FULVESTRANT,DB00947,17756771
HSA-MIR-4768,miRNA,CERITINIB,DB09063,57379345
HSA-MIR-4768-3P,miRNA,CISPLATIN,DB00515,5460033
HSA-MIR-4768-5P,miRNA,CERITINIB,DB09063,57379345
HSA-MIR-4768-5P,miRNA,DOCETAXEL,DB01248,148124
HSA-MIR-4769-3P,miRNA,CISPLATIN,DB00515,5460033
HSA-MIR-4776-3P,miRNA,PACLITAXEL,DB01229,36314
HSA-MIR-4776-3P,miRNA,CISPLATIN,DB00515,5460033
HSA-MIR-4778-5P,miRNA,PLATINUM,DB12257,23939
HSA-MIR-4779,miRNA,DOXORUBICIN,DB00997,31703
HSA-MIR-4783,miRNA,GEMCITABINE,DB00441,60750
HSA-MIR-4783,miRNA,FLUOROURACIL,DB00544,3385
HSA-MIR-4783,miRNA,CERITINIB,DB09063,57379345
HSA-MIR-4783-3P,miRNA,IMATINIB,DB00619,5291
HSA-MIR-4783-3P,miRNA,VEMURAFENIB,DB08881,42611257
HSA-MIR-4783-3P,miRNA,DABRAFENIB,DB08912,44462760
HSA-MIR-4783-3P,miRNA,CERITINIB,DB09063,57379345
HSA-MIR-4785,miRNA,FULVESTRANT,DB00947,17756771
HSA-MIR-4785,miRNA,TEMOZOLOMIDE,DB00853,5394
HSA-MIR-4786-3P,miRNA,CISPLATIN,DB00515,5460033
HSA-MIR-4786-3P,miRNA,FLUOROURACIL,DB00544,3385
HSA-MIR-4786-3P,miRNA,DOCETAXEL,DB01248,148124
HSA-MIR-4787,miRNA,GEMCITABINE,DB00441,60750
HSA-MIR-4787,miRNA,FLUOROURACIL,DB00544,3385
HSA-MIR-4787-3P,miRNA,PLATINUM,DB12257,23939
HSA-MIR-4787-3P,miRNA,DOCETAXEL,DB01248,148124
HSA-MIR-4787-3P,miRNA,CISPLATIN,DB00515,5460033
HSA-MIR-4787-5P,miRNA,PLATINUM,DB12257,23939
HSA-MIR-4787-5P,miRNA,FLUOROURACIL,DB00544,3385
HSA-MIR-4787-5P,miRNA,FULVESTRANT,DB00947,17756771
HSA-MIR-4787-5P,miRNA,CISPLATIN,DB00515,5460033
HSA-MIR-4788,miRNA,CERITINIB,DB09063,57379345
HSA-MIR-4788,miRNA,PACLITAXEL,DB01229,36314
HSA-MIR-4788,miRNA,PLATINUM,DB12257,23939
HSA-MIR-4788,miRNA,FLUOROURACIL,DB00544,3385
HSA-MIR-4789-3P,miRNA,IMATINIB,DB00619,5291
HSA-MIR-4789-3P,miRNA,FULVESTRANT,DB00947,17756771
HSA-MIR-4791,miRNA,CERITINIB,DB09063,57379345
HSA-MIR-4791,miRNA,GEMCITABINE,DB00441,60750
HSA-MIR-4791,miRNA,GEFITINIB,DB00317,123631
HSA-MIR-4791,miRNA,ERLOTINIB,DB00530,176870
HSA-MIR-4792,miRNA,TRAMETINIB,DB08911,11707110
HSA-MIR-4792,miRNA,VEMURAFENIB,DB08881,42611257
HSA-MIR-4793-5P,miRNA,PLATINUM,DB12257,23939
HSA-MIR-4794,miRNA,DOXORUBICIN,DB00997,31703
HSA-MIR-4796-3P,miRNA,ERLOTINIB,DB00530,176870
HSA-MIR-4796-3P,miRNA,GEFITINIB,DB00317,123631
HSA-MIR-4797-5P,miRNA,DOXORUBICIN,DB00997,31703
HSA-MIR-4798,miRNA,CERITINIB,DB09063,57379345
HSA-MIR-4798-5P,miRNA,CERITINIB,DB09063,57379345
HSA-MIR-4800,miRNA,GEMCITABINE,DB00441,60750
HSA-MIR-4800-3P,miRNA,GEMCITABINE,DB00441,60750
HSA-MIR-4800-3P,miRNA,FULVESTRANT,DB00947,17756771
HSA-MIR-4800-3P,miRNA,DOCETAXEL,DB01248,148124
HSA-MIR-4800-5P,miRNA,PLATINUM,DB12257,23939
HSA-MIR-4803,miRNA,CERITINIB,DB09063,57379345
HSA-MIR-4803,miRNA,ERLOTINIB,DB00530,176870
HSA-MIR-4803,miRNA,GEFITINIB,DB00317,123631
HSA-MIR-483,miRNA,CISPLATIN,DB00515,5460033
HSA-MIR-483,miRNA,SORAFENIB,DB00398,216239
HSA-MIR-483-3P,miRNA,SORAFENIB,DB00398,216239
HSA-MIR-483-3P,miRNA,CARBOPLATIN,DB00958,38904
HSA-MIR-483-3P,miRNA,DOXORUBICIN,DB00997,31703
HSA-MIR-483-3P,miRNA,OXALIPLATIN,DB00526,6857599
HSA-MIR-483-3P,miRNA,IMATINIB,DB00619,5291
HSA-MIR-483-3P,miRNA,FLUOROURACIL,DB00544,3385
HSA-MIR-483-3P,miRNA,PACLITAXEL,DB01229,36314
HSA-MIR-483-3P,miRNA,GEMCITABINE,DB00441,60750
HSA-MIR-483-3P,miRNA,GEFITINIB,DB00317,123631
HSA-MIR-483-3P,miRNA,CISPLATIN,DB00515,5460033
HSA-MIR-483-3P,miRNA,SUNITINIB,DB01268,5329102
HSA-MIR-483-3P,miRNA,TEMOZOLOMIDE,DB00853,5394
HSA-MIR-483-3P,miRNA,PLATINUM,DB12257,23939
HSA-MIR-483-3P,miRNA,VINCRISTINE,DB00541,5978
HSA-MIR-483-3P,miRNA,VINORELBINE,DB00361,44424639
HSA-MIR-483-3P,miRNA,ETOPOSIDE,DB00773,36462
HSA-MIR-483-5P,miRNA,GEMCITABINE,DB00441,60750
HSA-MIR-483-5P,miRNA,SUNITINIB,DB01268,5329102
HSA-MIR-483-5P,miRNA,CISPLATIN,DB00515,5460033
HSA-MIR-483-5P,miRNA,PLATINUM,DB12257,23939
HSA-MIR-483-5P,miRNA,SORAFENIB,DB00398,216239
HSA-MIR-483-5P,miRNA,PACLITAXEL,DB01229,36314
HSA-MIR-483-5P,miRNA,TAMOXIFEN,DB00675,2733525
HSA-MIR-483-5P,miRNA,TEMOZOLOMIDE,DB00853,5394
HSA-MIR-483-5P,miRNA,FLUOROURACIL,DB00544,3385
HSA-MIR-483-5P,miRNA,DOXORUBICIN,DB00997,31703
HSA-MIR-483-5P,miRNA,ETOPOSIDE,DB00773,36462
HSA-MIR-483-5P,miRNA,VINORELBINE,DB00361,44424639
HSA-MIR-483-5P,miRNA,VINCRISTINE,DB00541,5978
HSA-MIR-484,miRNA,SORAFENIB,DB00398,216239
HSA-MIR-484,miRNA,DOXORUBICIN,DB00997,31703
HSA-MIR-484,miRNA,CISPLATIN,DB00515,5460033
HSA-MIR-484,miRNA,ETOPOSIDE,DB00773,36462
HSA-MIR-484,miRNA,CARBOPLATIN,DB00958,38904
HSA-MIR-484,miRNA,SUNITINIB,DB01268,5329102
HSA-MIR-484,miRNA,GEMCITABINE,DB00441,60750
HSA-MIR-484,miRNA,FLUOROURACIL,DB00544,3385
HSA-MIR-484,miRNA,PACLITAXEL,DB01229,36314
HSA-MIR-484,miRNA,VINCRISTINE,DB00541,5978
HSA-MIR-484,miRNA,TAMOXIFEN,DB00675,2733525
HSA-MIR-485,miRNA,DOXORUBICIN,DB00997,31703
HSA-MIR-485,miRNA,VERAPAMIL,DB00661,2520
HSA-MIR-485,miRNA,ETOPOSIDE,DB00773,36462
HSA-MIR-485,miRNA,PAROXETINE,DB00715,43815
HSA-MIR-485,miRNA,CARBOPLATIN,DB00958,38904
HSA-MIR-485,miRNA,CISPLATIN,DB00515,5460033
HSA-MIR-485,miRNA,VINCRISTINE,DB00541,5978
HSA-MIR-485,miRNA,MITOMYCIN C,DB00305,5746
HSA-MIR-485,miRNA,FLUDARABINE,DB01073,657237
HSA-MIR-485,miRNA,CERITINIB,DB09063,57379345
HSA-MIR-485-3P,miRNA,PACLITAXEL,DB01229,36314
HSA-MIR-485-3P,miRNA,CISPLATIN,DB00515,5460033
HSA-MIR-485-3P,miRNA,CERITINIB,DB09063,57379345
HSA-MIR-485-3P,miRNA,TRAMETINIB,DB08911,11707110
HSA-MIR-485-3P,miRNA,VEMURAFENIB,DB08881,42611257
HSA-MIR-485-3P,miRNA,RUXOLITINIB,DB08877,25126798
HSA-MIR-485-3P,miRNA,FLUOROURACIL,DB00544,3385
HSA-MIR-485-5P,miRNA,CISPLATIN,DB00515,5460033
HSA-MIR-485-5P,miRNA,GEMCITABINE,DB00441,60750
HSA-MIR-485-5P,miRNA,CERITINIB,DB09063,57379345
HSA-MIR-485-5P,miRNA,PACLITAXEL,DB01229,36314
HSA-MIR-485-5P,miRNA,FLUOROURACIL,DB00544,3385
HSA-MIR-485-5P,miRNA,DOXORUBICIN,DB00997,31703
HSA-MIR-485-5P,miRNA,METHOTREXATE,DB00563,126941
HSA-MIR-485-5P,miRNA,BROMOCRIPTINE,DB01200,31101
HSA-MIR-485-PRE,miRNA,IMATINIB,DB00619,5291
HSA-MIR-486-3P,miRNA,CISPLATIN,DB00515,5460033
HSA-MIR-486-3P,miRNA,PACLITAXEL,DB01229,36314
HSA-MIR-486-3P,miRNA,SUNITINIB,DB01268,5329102
HSA-MIR-486-3P,miRNA,CERITINIB,DB09063,57379345
HSA-MIR-486-3P,miRNA,CRIZOTINIB,DB08865,11626560
HSA-MIR-486-3P,miRNA,GEMCITABINE,DB00441,60750
HSA-MIR-486-3P,miRNA,CYCLOPHOSPHAMIDE,DB00531,2907
HSA-MIR-486-3P,miRNA,SORAFENIB,DB00398,216239
HSA-MIR-486-5P,miRNA,DOXORUBICIN,DB00997,31703
HSA-MIR-486-5P,miRNA,PAROXETINE,DB00715,43815
HSA-MIR-486-5P,miRNA,CISPLATIN,DB00515,5460033
HSA-MIR-486-5P,miRNA,FLUOROURACIL,DB00544,3385
HSA-MIR-486-5P,miRNA,VINCRISTINE,DB00541,5978
HSA-MIR-486-5P,miRNA,VINORELBINE,DB00361,44424639
HSA-MIR-486-5P,miRNA,DOCETAXEL,DB01248,148124
HSA-MIR-486-5P,miRNA,GEMCITABINE,DB00441,60750
HSA-MIR-486-5P,miRNA,IMATINIB,DB00619,5291
HSA-MIR-486-5P,miRNA,PLATINUM,DB12257,23939
HSA-MIR-486-5P,miRNA,TAMOXIFEN,DB00675,2733525
HSA-MIR-486-5P,miRNA,FULVESTRANT,DB00947,17756771
HSA-MIR-486-5P,miRNA,GEFITINIB,DB00317,123631
HSA-MIR-486-5P,miRNA,DABRAFENIB,DB08912,44462760
HSA-MIR-486-5P,miRNA,CYCLOPHOSPHAMIDE,DB00531,2907
HSA-MIR-486-5P,miRNA,TEMOZOLOMIDE,DB00853,5394
HSA-MIR-486-5P,miRNA,ETOPOSIDE,DB00773,36462
HSA-MIR-486-5P,miRNA,PACLITAXEL,DB01229,36314
HSA-MIR-487A-3P,miRNA,DOXORUBICIN,DB00997,31703
HSA-MIR-487A-3P,miRNA,MITOXANTRONE,DB01204,4212
HSA-MIR-487A-3P,miRNA,PACLITAXEL,DB01229,36314
HSA-MIR-487A-3P,miRNA,GEMCITABINE,DB00441,60750
HSA-MIR-487A-3P,miRNA,RUXOLITINIB,DB08877,25126798
HSA-MIR-487B,miRNA,CERITINIB,DB09063,57379345
HSA-MIR-487B-3P,miRNA,DOXORUBICIN,DB00997,31703
HSA-MIR-487B-3P,miRNA,ETOPOSIDE,DB00773,36462
HSA-MIR-487B-3P,miRNA,GEMCITABINE,DB00441,60750
HSA-MIR-487B-3P,miRNA,GEFITINIB,DB00317,123631
HSA-MIR-487B-3P,miRNA,FLUOROURACIL,DB00544,3385
HSA-MIR-487B-3P,miRNA,CISPLATIN,DB00515,5460033
HSA-MIR-487B-3P,miRNA,PACLITAXEL,DB01229,36314
HSA-MIR-487B-3P,miRNA,DABRAFENIB,DB08912,44462760
HSA-MIR-487B-3P,miRNA,VEMURAFENIB,DB08881,42611257
HSA-MIR-487B-3P,miRNA,CERITINIB,DB09063,57379345
HSA-MIR-487B-3P,miRNA,OXALIPLATIN,DB00526,6857599
HSA-MIR-487B-5P,miRNA,TEMOZOLOMIDE,DB00853,5394
HSA-MIR-488,miRNA,DOXORUBICIN,DB00997,31703
HSA-MIR-488,miRNA,CISPLATIN,DB00515,5460033
HSA-MIR-488,miRNA,DAUNORUBICIN,DB00694,30323
HSA-MIR-488,miRNA,VEMURAFENIB,DB08881,42611257
HSA-MIR-488,miRNA,TAXANE,NA,9548828
HSA-MIR-488-3P,miRNA,PACLITAXEL,DB01229,36314
HSA-MIR-488-3P,miRNA,CISPLATIN,DB00515,5460033
HSA-MIR-489,miRNA,PACLITAXEL,DB01229,36314
HSA-MIR-489-3P,miRNA,DOXORUBICIN,DB00997,31703
HSA-MIR-489-3P,miRNA,TAMOXIFEN,DB00675,2733525
HSA-MIR-489-3P,miRNA,CISPLATIN,DB00515,5460033
HSA-MIR-489-3P,miRNA,PACLITAXEL,DB01229,36314
HSA-MIR-489-3P,miRNA,DOCETAXEL,DB01248,148124
HSA-MIR-489-3P,miRNA,FLUOROURACIL,DB00544,3385
HSA-MIR-489-3P,miRNA,FULVESTRANT,DB00947,17756771
HSA-MIR-489-3P,miRNA,SUNITINIB,DB01268,5329102
HSA-MIR-489-3P,miRNA,GEFITINIB,DB00317,123631
HSA-MIR-489-3P,miRNA,GEMCITABINE,DB00441,60750
HSA-MIR-489-3P,miRNA,OXALIPLATIN,DB00526,6857599
HSA-MIR-489-3P,miRNA,METHOTREXATE,DB00563,126941
HSA-MIR-489-3P,miRNA,TAXANE,NA,9548828
HSA-MIR-489-5P,miRNA,FULVESTRANT,DB00947,17756771
HSA-MIR-490-3P,miRNA,PACLITAXEL,DB01229,36314
HSA-MIR-490-3P,miRNA,CISPLATIN,DB00515,5460033
HSA-MIR-490-3P,miRNA,PLX-4720,DB06999,24180719
HSA-MIR-490-3P,miRNA,FLUOROURACIL,DB00544,3385
HSA-MIR-490-5P,miRNA,CISPLATIN,DB00515,5460033
HSA-MIR-490-5P,miRNA,GEMCITABINE,DB00441,60750
HSA-MIR-491-3P,miRNA,IMATINIB,DB00619,5291
HSA-MIR-491-3P,miRNA,OXALIPLATIN,DB00526,6857599
HSA-MIR-491-3P,miRNA,DOXORUBICIN,DB00997,31703
HSA-MIR-491-3P,miRNA,VINBLASTINE,DB00570,442111
HSA-MIR-491-5P,miRNA,DOXORUBICIN,DB00997,31703
HSA-MIR-491-5P,miRNA,VERAPAMIL,DB00661,2520
HSA-MIR-491-5P,miRNA,ETOPOSIDE,DB00773,36462
HSA-MIR-491-5P,miRNA,CARBOPLATIN,DB00958,38904
HSA-MIR-491-5P,miRNA,FLUOROURACIL,DB00544,3385
HSA-MIR-491-5P,miRNA,GEMCITABINE,DB00441,60750
HSA-MIR-491-5P,miRNA,CISPLATIN,DB00515,5460033
HSA-MIR-491-5P,miRNA,CURCUMIN,DB11672,969516
HSA-MIR-491-5P,miRNA,PLATINUM,DB12257,23939
HSA-MIR-491-5P,miRNA,DOCETAXEL,DB01248,148124
HSA-MIR-492,miRNA,CISPLATIN,DB00515,5460033
HSA-MIR-492,miRNA,OXALIPLATIN,DB00526,6857599
HSA-MIR-492,miRNA,METAPRISTONE,NA,10070462
HSA-MIR-493,miRNA,DOXORUBICIN,DB00997,31703
HSA-MIR-493,miRNA,CISPLATIN,DB00515,5460033
HSA-MIR-493,miRNA,GEMCITABINE,DB00441,60750
HSA-MIR-493,miRNA,FLUOROURACIL,DB00544,3385
HSA-MIR-493-3P,miRNA,PACLITAXEL,DB01229,36314
HSA-MIR-493-3P,miRNA,IMATINIB,DB00619,5291
HSA-MIR-493-3P,miRNA,TRAMETINIB,DB08911,11707110
HSA-MIR-493-3P,miRNA,VEMURAFENIB,DB08881,42611257
HSA-MIR-493-5P,miRNA,CISPLATIN,DB00515,5460033
HSA-MIR-493-5P,miRNA,DOXORUBICIN,DB00997,31703
HSA-MIR-493-5P,miRNA,OLAPARIB,DB09074,23725625
HSA-MIR-493-5P,miRNA,IMATINIB,DB00619,5291
HSA-MIR-494,miRNA,CERITINIB,DB09063,57379345
HSA-MIR-494-3P,miRNA,DOXORUBICIN,DB00997,31703
HSA-MIR-494-3P,miRNA,CISPLATIN,DB00515,5460033
HSA-MIR-494-3P,miRNA,FLUOROURACIL,DB00544,3385
HSA-MIR-494-3P,miRNA,VINCRISTINE,DB00541,5978
HSA-MIR-494-3P,miRNA,OXALIPLATIN,DB00526,6857599
HSA-MIR-494-3P,miRNA,GEMCITABINE,DB00441,60750
HSA-MIR-494-3P,miRNA,GEFITINIB,DB00317,123631
HSA-MIR-494-3P,miRNA,SORAFENIB,DB00398,216239
HSA-MIR-494-3P,miRNA,MITOXANTRONE,DB01204,4212
HSA-MIR-494-3P,miRNA,VEMURAFENIB,DB08881,42611257
HSA-MIR-494-3P,miRNA,DASATINIB,DB01254,3062316
HSA-MIR-494-3P,miRNA,PONATINIB,DB08901,24826799
HSA-MIR-494-3P,miRNA,IMATINIB MESYLATE,NA,123596
HSA-MIR-494-3P,miRNA,TAMOXIFEN,DB00675,2733525
HSA-MIR-494-3P,miRNA,CERITINIB,DB09063,57379345
HSA-MIR-494-3P,miRNA,LAPATINIB,DB01259,208908
HSA-MIR-494-3P,miRNA,PACLITAXEL,DB01229,36314
HSA-MIR-494-3P,miRNA,METHOTREXATE,DB00563,126941
HSA-MIR-494-5P,miRNA,GEMCITABINE,DB00441,60750
HSA-MIR-494-PRE,miRNA,IMATINIB,DB00619,5291
HSA-MIR-495,miRNA,CERITINIB,DB09063,57379345
HSA-MIR-495-3P,miRNA,DOXORUBICIN,DB00997,31703
HSA-MIR-495-3P,miRNA,GEMCITABINE,DB00441,60750
HSA-MIR-495-3P,miRNA,CARBOPLATIN,DB00958,38904
HSA-MIR-495-3P,miRNA,CISPLATIN,DB00515,5460033
HSA-MIR-495-3P,miRNA,OXALIPLATIN,DB00526,6857599
HSA-MIR-495-3P,miRNA,CERITINIB,DB09063,57379345
HSA-MIR-495-3P,miRNA,FLUOROURACIL,DB00544,3385
HSA-MIR-495-3P,miRNA,VINCRISTINE,DB00541,5978
HSA-MIR-495-3P,miRNA,PACLITAXEL,DB01229,36314
HSA-MIR-495-3P,miRNA,PIRARUBICIN,DB11616,11296583
HSA-MIR-496,miRNA,DOXORUBICIN,DB00997,31703
HSA-MIR-496,miRNA,VERAPAMIL,DB00661,2520
HSA-MIR-497,miRNA,TAMOXIFEN,DB00675,2733525
HSA-MIR-497-3P,miRNA,MITOXANTRONE,DB01204,4212
HSA-MIR-497-3P,miRNA,DOCETAXEL,DB01248,148124
HSA-MIR-497-3P,miRNA,CISPLATIN,DB00515,5460033
HSA-MIR-497-5P,miRNA,VERAPAMIL,DB00661,2520
HSA-MIR-497-5P,miRNA,DOXORUBICIN,DB00997,31703
HSA-MIR-497-5P,miRNA,CISPLATIN,DB00515,5460033
HSA-MIR-497-5P,miRNA,VINCRISTINE,DB00541,5978
HSA-MIR-497-5P,miRNA,FLUOROURACIL,DB00544,3385
HSA-MIR-497-5P,miRNA,PACLITAXEL,DB01229,36314
HSA-MIR-497-5P,miRNA,GEMCITABINE,DB00441,60750
HSA-MIR-497-5P,miRNA,TEMOZOLOMIDE,DB00853,5394
HSA-MIR-497-5P,miRNA,ERLOTINIB,DB00530,176870
HSA-MIR-497-5P,miRNA,OXALIPLATIN,DB00526,6857599
HSA-MIR-497-5P,miRNA,GEFITINIB,DB00317,123631
HSA-MIR-497-5P,miRNA,PLATINUM,DB12257,23939
HSA-MIR-497-5P,miRNA,DABRAFENIB,DB08912,44462760
HSA-MIR-497-5P,miRNA,VEMURAFENIB,DB08881,42611257
HSA-MIR-497-5P,miRNA,FULVESTRANT,DB00947,17756771
HSA-MIR-497-5P,miRNA,AZACITIDINE,DB00928,9444
HSA-MIR-497-5P,miRNA,BORTEZOMIB,DB00188,387447
HSA-MIR-498-3P,miRNA,FULVESTRANT,DB00947,17756771
HSA-MIR-498-3P,miRNA,CISPLATIN,DB00515,5460033
HSA-MIR-498-5P,miRNA,CISPLATIN,DB00515,5460033
HSA-MIR-498-5P,miRNA,DABRAFENIB,DB08912,44462760
HSA-MIR-498-5P,miRNA,VEMURAFENIB,DB08881,42611257
HSA-MIR-498-5P,miRNA,PACLITAXEL,DB01229,36314
HSA-MIR-498-5P,miRNA,IMATINIB,DB00619,5291
HSA-MIR-498-5P,miRNA,TRAMETINIB,DB08911,11707110
HSA-MIR-498-5P,miRNA,GEFITINIB,DB00317,123631
HSA-MIR-498-5P,miRNA,PROPOFOL,DB00818,4943
HSA-MIR-499A,miRNA,ERLOTINIB,DB00530,176870
HSA-MIR-499A,miRNA,CISPLATIN,DB00515,5460033
HSA-MIR-499A-3P,miRNA,TRAMETINIB,DB08911,11707110
HSA-MIR-499A-3P,miRNA,VEMURAFENIB,DB08881,42611257
HSA-MIR-499A-5P,miRNA,DOXORUBICIN,DB00997,31703
HSA-MIR-499A-5P,miRNA,VERAPAMIL,DB00661,2520
HSA-MIR-499A-5P,miRNA,OXALIPLATIN,DB00526,6857599
HSA-MIR-499A-5P,miRNA,MITOXANTRONE,DB01204,4212
HSA-MIR-499A-5P,miRNA,TAMOXIFEN,DB00675,2733525
HSA-MIR-499A-5P,miRNA,SORAFENIB,DB00398,216239
HSA-MIR-500,miRNA,PAROXETINE,DB00715,43815
HSA-MIR-500,miRNA,DOCETAXEL,DB01248,148124
HSA-MIR-500,miRNA,DOXORUBICIN,DB00997,31703
HSA-MIR-500,miRNA,SUNITINIB,DB01268,5329102
HSA-MIR-500-5P,miRNA,SORAFENIB,DB00398,216239
HSA-MIR-5000-3P,miRNA,PLATINUM,DB12257,23939
HSA-MIR-5000-3P,miRNA,OXALIPLATIN,DB00526,6857599
HSA-MIR-5000-5P,miRNA,CERITINIB,DB09063,57379345
HSA-MIR-5001,miRNA,CERITINIB,DB09063,57379345
HSA-MIR-5001-3P,miRNA,CERITINIB,DB09063,57379345
HSA-MIR-5001-5P,miRNA,PLATINUM,DB12257,23939
HSA-MIR-5001-5P,miRNA,DABRAFENIB,DB08912,44462760
HSA-MIR-5001-5P,miRNA,VEMURAFENIB,DB08881,42611257
HSA-MIR-5001-5P,miRNA,DOXORUBICIN,DB00997,31703
HSA-MIR-5001-5P,miRNA,CURCUMIN,DB11672,969516
HSA-MIR-5001-5P,miRNA,CERITINIB,DB09063,57379345
HSA-MIR-5001-5P,miRNA,CISPLATIN,DB00515,5460033
HSA-MIR-5002-3P,miRNA,DOXORUBICIN,DB00997,31703
HSA-MIR-5002-5P,miRNA,CERITINIB,DB09063,57379345
HSA-MIR-5002-5P,miRNA,PALBOCICLIB,DB09073,5330286
HSA-MIR-5003-5P,miRNA,CISPLATIN,DB00515,5460033
HSA-MIR-5004-5P,miRNA,IMATINIB,DB00619,5291
HSA-MIR-5004-5P,miRNA,PACLITAXEL,DB01229,36314
HSA-MIR-5006-5P,miRNA,PLATINUM,DB12257,23939
HSA-MIR-5006-5P,miRNA,DABRAFENIB,DB08912,44462760
HSA-MIR-5006-5P,miRNA,VEMURAFENIB,DB08881,42611257
HSA-MIR-5006-5P,miRNA,CISPLATIN,DB00515,5460033
HSA-MIR-5008-3P,miRNA,PACLITAXEL,DB01229,36314
HSA-MIR-5008-5P,miRNA,PLATINUM,DB12257,23939
HSA-MIR-5008-5P,miRNA,CERITINIB,DB09063,57379345
HSA-MIR-5009-5P,miRNA,CISPLATIN,DB00515,5460033
HSA-MIR-500A-3P,miRNA,TEMOZOLOMIDE,DB00853,5394
HSA-MIR-500A-3P,miRNA,GEMCITABINE,DB00441,60750
HSA-MIR-500A-3P,miRNA,FLUOROURACIL,DB00544,3385
HSA-MIR-500A-3P,miRNA,CISPLATIN,DB00515,5460033
HSA-MIR-500A-3P,miRNA,PACLITAXEL,DB01229,36314
HSA-MIR-500A-3P,miRNA,DOCETAXEL,DB01248,148124
HSA-MIR-500A-5P,miRNA,DOXORUBICIN,DB00997,31703
HSA-MIR-500A-5P,miRNA,FLUOROURACIL,DB00544,3385
HSA-MIR-500A-5P,miRNA,GEMCITABINE,DB00441,60750
HSA-MIR-500A-5P,miRNA,PLATINUM,DB12257,23939
HSA-MIR-500A-5P,miRNA,CISPLATIN,DB00515,5460033
HSA-MIR-500A-5P,miRNA,SORAFENIB,DB00398,216239
HSA-MIR-500B-3P,miRNA,GEMCITABINE,DB00441,60750
HSA-MIR-500B-5P,miRNA,DOXORUBICIN,DB00997,31703
HSA-MIR-500B-5P,miRNA,FLUOROURACIL,DB00544,3385
HSA-MIR-500B-5P,miRNA,GEMCITABINE,DB00441,60750
HSA-MIR-501-3P,miRNA,CISPLATIN,DB00515,5460033
HSA-MIR-501-3P,miRNA,TAMOXIFEN,DB00675,2733525
HSA-MIR-501-3P,miRNA,VINCRISTINE,DB00541,5978
HSA-MIR-501-3P,miRNA,DOCETAXEL,DB01248,148124
HSA-MIR-501-5P,miRNA,PAROXETINE,DB00715,43815
HSA-MIR-501-5P,miRNA,SUNITINIB,DB01268,5329102
HSA-MIR-501-5P,miRNA,CISPLATIN,DB00515,5460033
HSA-MIR-501-5P,miRNA,DOXORUBICIN,DB00997,31703
HSA-MIR-501-5P,miRNA,FLUOROURACIL,DB00544,3385
HSA-MIR-501-5P,miRNA,VINCRISTINE,DB00541,5978
HSA-MIR-501-5P,miRNA,ETOPOSIDE,DB00773,36462
HSA-MIR-501-5P,miRNA,PACLITAXEL,DB01229,36314
HSA-MIR-501-5P,miRNA,GEMCITABINE,DB00441,60750
HSA-MIR-5010-5P,miRNA,FLUOROURACIL,DB00544,3385
HSA-MIR-5010-5P,miRNA,IMATINIB,DB00619,5291
HSA-MIR-502-3P,miRNA,SORAFENIB,DB00398,216239
HSA-MIR-502-3P,miRNA,CISPLATIN,DB00515,5460033
HSA-MIR-502-3P,miRNA,DOCETAXEL,DB01248,148124
HSA-MIR-502-5P,miRNA,TOPOTECAN,DB01030,60699
HSA-MIR-502-5P,miRNA,DOXORUBICIN,DB00997,31703
HSA-MIR-502-5P,miRNA,VERAPAMIL,DB00661,2520
HSA-MIR-502-5P,miRNA,TEMOZOLOMIDE,DB00853,5394
HSA-MIR-502-5P,miRNA,PAROXETINE,DB00715,43815
HSA-MIR-502-5P,miRNA,OXALIPLATIN,DB00526,6857599
HSA-MIR-502-5P,miRNA,CISPLATIN,DB00515,5460033
HSA-MIR-502-5P,miRNA,FULVESTRANT,DB00947,17756771
HSA-MIR-502-5P,miRNA,CERITINIB,DB09063,57379345
HSA-MIR-502-5P,miRNA,TRAMETINIB,DB08911,11707110
HSA-MIR-502-5P,miRNA,VEMURAFENIB,DB08881,42611257
HSA-MIR-502-5P,miRNA,GEMCITABINE,DB00441,60750
HSA-MIR-503,miRNA,TAMOXIFEN,DB00675,2733525
HSA-MIR-503,miRNA,CISPLATIN,DB00515,5460033
HSA-MIR-503,miRNA,CERITINIB,DB09063,57379345
HSA-MIR-503,miRNA,FLUOROURACIL,DB00544,3385
HSA-MIR-503-3P,miRNA,DOXORUBICIN,DB00997,31703
HSA-MIR-503-3P,miRNA,CURCUMIN,DB11672,969516
HSA-MIR-503-3P,miRNA,GEFITINIB,DB00317,123631
HSA-MIR-503-3P,miRNA,ERLOTINIB,DB00530,176870
HSA-MIR-503-3P,miRNA,CERITINIB,DB09063,57379345
HSA-MIR-503-5P,miRNA,DOXORUBICIN,DB00997,31703
HSA-MIR-503-5P,miRNA,TEMOZOLOMIDE,DB00853,5394
HSA-MIR-503-5P,miRNA,ETOPOSIDE,DB00773,36462
HSA-MIR-503-5P,miRNA,CISPLATIN,DB00515,5460033
HSA-MIR-503-5P,miRNA,FLUOROURACIL,DB00544,3385
HSA-MIR-503-5P,miRNA,GEMCITABINE,DB00441,60750
HSA-MIR-503-5P,miRNA,DOCETAXEL,DB01248,148124
HSA-MIR-503-5P,miRNA,TAXANE,NA,9548828
HSA-MIR-503-5P,miRNA,PLX-4720,DB06999,24180719
HSA-MIR-503-5P,miRNA,TAMOXIFEN,DB00675,2733525
HSA-MIR-503-5P,miRNA,PACLITAXEL,DB01229,36314
HSA-MIR-503-5P,miRNA,DABRAFENIB,DB08912,44462760
HSA-MIR-503-5P,miRNA,VEMURAFENIB,DB08881,42611257
HSA-MIR-503-5P,miRNA,OXALIPLATIN,DB00526,6857599
HSA-MIR-503-5P,miRNA,TAXOL,DB01229,36314
HSA-MIR-503-5P,miRNA,CERITINIB,DB09063,57379345
HSA-MIR-504,miRNA,CERITINIB,DB09063,57379345
HSA-MIR-504-3P,miRNA,PACLITAXEL,DB01229,36314
HSA-MIR-504-3P,miRNA,CERITINIB,DB09063,57379345
HSA-MIR-504-5P,miRNA,OXALIPLATIN,DB00526,6857599
HSA-MIR-504-5P,miRNA,PLX-4720,DB06999,24180719
HSA-MIR-504-5P,miRNA,VEMURAFENIB,DB08881,42611257
HSA-MIR-504-5P,miRNA,DABRAFENIB,DB08912,44462760
HSA-MIR-504-5P,miRNA,CERITINIB,DB09063,57379345
HSA-MIR-504-5P,miRNA,FULVESTRANT,DB00947,17756771
HSA-MIR-5047,miRNA,IMATINIB,DB00619,5291
HSA-MIR-505,miRNA,TAMOXIFEN,DB00675,2733525
HSA-MIR-505,miRNA,CISPLATIN,DB00515,5460033
HSA-MIR-505,miRNA,SORAFENIB,DB00398,216239
HSA-MIR-505-3P,miRNA,DOXORUBICIN,DB00997,31703
HSA-MIR-505-3P,miRNA,VERAPAMIL,DB00661,2520
HSA-MIR-505-3P,miRNA,GEFITINIB,DB00317,123631
HSA-MIR-505-3P,miRNA,CISPLATIN,DB00515,5460033
HSA-MIR-505-3P,miRNA,FLUOROURACIL,DB00544,3385
HSA-MIR-505-3P,miRNA,OXALIPLATIN,DB00526,6857599
HSA-MIR-505-3P,miRNA,FULVESTRANT,DB00947,17756771
HSA-MIR-505-3P,miRNA,AZACITIDINE,DB00928,9444
HSA-MIR-505-3P,miRNA,METHOTREXATE,DB00563,126941
HSA-MIR-505-3P,miRNA,DABRAFENIB,DB08912,44462760
HSA-MIR-505-5P,miRNA,SUNITINIB,DB01268,5329102
HSA-MIR-505-5P,miRNA,CISPLATIN,DB00515,5460033
HSA-MIR-505-5P,miRNA,DABRAFENIB,DB08912,44462760
HSA-MIR-505-5P,miRNA,VEMURAFENIB,DB08881,42611257
HSA-MIR-505-5P,miRNA,PACLITAXEL,DB01229,36314
HSA-MIR-505-5P,miRNA,FLUOROURACIL,DB00544,3385
HSA-MIR-505-5P,miRNA,OXALIPLATIN,DB00526,6857599
HSA-MIR-505*,miRNA,IMATINIB,DB00619,5291
HSA-MIR-506-3P,miRNA,10-HYDROXYCAMPTOTHECIN,DB12385,97226
HSA-MIR-506-3P,miRNA,CISPLATIN,DB00515,5460033
HSA-MIR-506-3P,miRNA,OLAPARIB,DB09074,23725625
HSA-MIR-506-3P,miRNA,FLUOROURACIL,DB00544,3385
HSA-MIR-506-3P,miRNA,GEMCITABINE,DB00441,60750
HSA-MIR-506-3P,miRNA,OXALIPLATIN,DB00526,6857599
HSA-MIR-506-3P,miRNA,GEFITINIB,DB00317,123631
HSA-MIR-506-3P,miRNA,METHOTREXATE,DB00563,126941
HSA-MIR-506-3P,miRNA,PLATINUM,DB12257,23939
HSA-MIR-506-3P,miRNA,SORAFENIB,DB00398,216239
HSA-MIR-506-3P,miRNA,ERLOTINIB,DB00530,176870
HSA-MIR-507,miRNA,TRAMETINIB,DB08911,11707110
HSA-MIR-507,miRNA,VEMURAFENIB,DB08881,42611257
HSA-MIR-508-3P,miRNA,CISPLATIN,DB00515,5460033
HSA-MIR-508-3P,miRNA,DOXORUBICIN,DB00997,31703
HSA-MIR-508-3P,miRNA,FLUOROURACIL,DB00544,3385
HSA-MIR-508-3P,miRNA,VINCRISTINE,DB00541,5978
HSA-MIR-508-3P,miRNA,GEMCITABINE,DB00441,60750
HSA-MIR-508-3P,miRNA,PONATINIB,DB08901,24826799
HSA-MIR-508-3P,miRNA,IMATINIB,DB00619,5291
HSA-MIR-508-3P,miRNA,DABRAFENIB,DB08912,44462760
HSA-MIR-508-3P,miRNA,DOCETAXEL,DB01248,148124
HSA-MIR-508-5P,miRNA,CISPLATIN,DB00515,5460033
HSA-MIR-508-5P,miRNA,DOXORUBICIN,DB00997,31703
HSA-MIR-508-5P,miRNA,FLUOROURACIL,DB00544,3385
HSA-MIR-508-5P,miRNA,VINCRISTINE,DB00541,5978
HSA-MIR-508-5P,miRNA,DABRAFENIB,DB08912,44462760
HSA-MIR-508-5P,miRNA,VEMURAFENIB,DB08881,42611257
HSA-MIR-5088-5P,miRNA,PLATINUM,DB12257,23939
HSA-MIR-509-1,miRNA,DABRAFENIB,DB08912,44462760
HSA-MIR-509-2,miRNA,DABRAFENIB,DB08912,44462760
HSA-MIR-509-3,miRNA,CISPLATIN,DB00515,5460033
HSA-MIR-509-3,miRNA,OLAPARIB,DB09074,23725625
HSA-MIR-509-3,miRNA,DABRAFENIB,DB08912,44462760
HSA-MIR-509-3-5P,miRNA,DABRAFENIB,DB08912,44462760
HSA-MIR-509-3-5P,miRNA,VEMURAFENIB,DB08881,42611257
HSA-MIR-509-3-5P,miRNA,PLATINUM,DB12257,23939
HSA-MIR-509-3-5P,miRNA,CISPLATIN,DB00515,5460033
HSA-MIR-509-3P,miRNA,CISPLATIN,DB00515,5460033
HSA-MIR-509-3P,miRNA,DOXORUBICIN,DB00997,31703
HSA-MIR-509-3P,miRNA,VERAPAMIL,DB00661,2520
HSA-MIR-509-3P,miRNA,IMATINIB,DB00619,5291
HSA-MIR-509-3P,miRNA,VEMURAFENIB,DB08881,42611257
HSA-MIR-509-3P,miRNA,DABRAFENIB,DB08912,44462760
HSA-MIR-509-3P,miRNA,FLUOROURACIL,DB00544,3385
HSA-MIR-509-3P,miRNA,TRAMETINIB,DB08911,11707110
HSA-MIR-509-3P,miRNA,PLATINUM,DB12257,23939
HSA-MIR-509-5P,miRNA,DABRAFENIB,DB08912,44462760
HSA-MIR-509-5P,miRNA,VEMURAFENIB,DB08881,42611257
HSA-MIR-509-5P,miRNA,GEMCITABINE,DB00441,60750
HSA-MIR-509-5P,miRNA,CISPLATIN,DB00515,5460033
HSA-MIR-509-5P,miRNA,PACLITAXEL,DB01229,36314
HSA-MIR-5090,miRNA,DOCETAXEL,DB01248,148124
HSA-MIR-5092,miRNA,TEMOZOLOMIDE,DB00853,5394
HSA-MIR-5093,miRNA,GEFITINIB,DB00317,123631
HSA-MIR-5093,miRNA,YUANHUADINE,NA,6440572
HSA-MIR-5094,miRNA,CERITINIB,DB09063,57379345
HSA-MIR-5094,miRNA,TEMOZOLOMIDE,DB00853,5394
HSA-MIR-5095,miRNA,GEMCITABINE,DB00441,60750
HSA-MIR-5095,miRNA,ANTHRACYCLINE,DB00694,30323
HSA-MIR-5095,miRNA,CYCLOPHOSPHAMIDE,DB00531,2907
HSA-MIR-5095,miRNA,FLUOROURACIL,DB00544,3385
HSA-MIR-5095,miRNA,METHOTREXATE,DB00563,126941
HSA-MIR-5095,miRNA,TAXOL,DB01229,36314
HSA-MIR-5096,miRNA,CISPLATIN,DB00515,5460033
HSA-MIR-5096,miRNA,VINCRISTINE,DB00541,5978
HSA-MIR-5096,miRNA,DOXORUBICIN,DB00997,31703
HSA-MIR-5096,miRNA,FLUOROURACIL,DB00544,3385
HSA-MIR-5096,miRNA,PLATINUM,DB12257,23939
HSA-MIR-5096,miRNA,ETOPOSIDE,DB00773,36462
HSA-MIR-510-5P,miRNA,TAMOXIFEN,DB00675,2733525
HSA-MIR-510-5P,miRNA,IMATINIB,DB00619,5291
HSA-MIR-510-5P,miRNA,PONATINIB,DB08901,24826799
HSA-MIR-510-5P,miRNA,CISPLATIN,DB00515,5460033
HSA-MIR-510-5P,miRNA,FLUOROURACIL,DB00544,3385
HSA-MIR-510-5P,miRNA,TRAMETINIB,DB08911,11707110
HSA-MIR-510-5P,miRNA,VEMURAFENIB,DB08881,42611257
HSA-MIR-510-5P,miRNA,DABRAFENIB,DB08912,44462760
HSA-MIR-5100,miRNA,PLATINUM,DB12257,23939
HSA-MIR-5100,miRNA,CISPLATIN,DB00515,5460033
HSA-MIR-5100,miRNA,GEFITINIB,DB00317,123631
HSA-MIR-5100,miRNA,PACLITAXEL,DB01229,36314
HSA-MIR-5100,miRNA,VINCRISTINE,DB00541,5978
HSA-MIR-5100,miRNA,VINORELBINE,DB00361,44424639
HSA-MIR-5100,miRNA,DOXORUBICIN,DB00997,31703
HSA-MIR-5100,miRNA,ETOPOSIDE,DB00773,36462
HSA-MIR-511-3P,miRNA,DOXORUBICIN,DB00997,31703
HSA-MIR-512,miRNA,CISPLATIN,DB00515,5460033
HSA-MIR-512,miRNA,VINORELBINE,DB00361,44424639
HSA-MIR-512,miRNA,TAMOXIFEN,DB00675,2733525
HSA-MIR-512-2-PRE,miRNA,IMATINIB,DB00619,5291
HSA-MIR-512-3P,miRNA,DABRAFENIB,DB08912,44462760
HSA-MIR-512-3P,miRNA,VEMURAFENIB,DB08881,42611257
HSA-MIR-512-3P,miRNA,PACLITAXEL,DB01229,36314
HSA-MIR-512-3P,miRNA,TRAMETINIB,DB08911,11707110
HSA-MIR-512-3P,miRNA,GEMCITABINE,DB00441,60750
HSA-MIR-512-3P,miRNA,DOCETAXEL,DB01248,148124
HSA-MIR-512-3P,miRNA,EPIRUBICIN,DB00445,41867
HSA-MIR-512-3P,miRNA,METHOTREXATE,DB00563,126941
HSA-MIR-512-3P,miRNA,CISPLATIN,DB00515,5460033
HSA-MIR-512-5P,miRNA,METHOTREXATE,DB00563,126941
HSA-MIR-513A,miRNA,OXALIPLATIN,DB00526,6857599
HSA-MIR-513A,miRNA,CISPLATIN,DB00515,5460033
HSA-MIR-513A,miRNA,GEMCITABINE,DB00441,60750
HSA-MIR-513A,miRNA,DOXORUBICIN,DB00997,31703
HSA-MIR-513A-3P,miRNA,CISPLATIN,DB00515,5460033
HSA-MIR-513A-3P,miRNA,VEMURAFENIB,DB08881,42611257
HSA-MIR-513A-3P,miRNA,TRAMETINIB,DB08911,11707110
HSA-MIR-513A-3P,miRNA,OXALIPLATIN,DB00526,6857599
HSA-MIR-513A-3P,miRNA,METHOTREXATE,DB00563,126941
HSA-MIR-513A-3P,miRNA,DABRAFENIB,DB08912,44462760
HSA-MIR-513A-5P,miRNA,PACLITAXEL,DB01229,36314
HSA-MIR-513A-5P,miRNA,PLATINUM,DB12257,23939
HSA-MIR-513A-5P,miRNA,BORTEZOMIB,DB00188,387447
HSA-MIR-513A-5P,miRNA,DABRAFENIB,DB08912,44462760
HSA-MIR-513A-5P,miRNA,VEMURAFENIB,DB08881,42611257
HSA-MIR-513A-5P,miRNA,ETOPOSIDE,DB00773,36462
HSA-MIR-513A-5P,miRNA,TRAMETINIB,DB08911,11707110
HSA-MIR-513A-5P,miRNA,TEMOZOLOMIDE,DB00853,5394
HSA-MIR-513A-5P,miRNA,CISPLATIN,DB00515,5460033
HSA-MIR-513B-5P,miRNA,VINORELBINE,DB00361,44424639
HSA-MIR-513B-5P,miRNA,VEMURAFENIB,DB08881,42611257
HSA-MIR-513B-5P,miRNA,TRAMETINIB,DB08911,11707110
HSA-MIR-513B-5P,miRNA,CISPLATIN,DB00515,5460033
HSA-MIR-513B-5P,miRNA,PLATINUM,DB12257,23939
HSA-MIR-513C-5P,miRNA,DOXORUBICIN,DB00997,31703
HSA-MIR-513C-5P,miRNA,PLATINUM,DB12257,23939
HSA-MIR-513C-5P,miRNA,TRAMETINIB,DB08911,11707110
HSA-MIR-513C-5P,miRNA,VEMURAFENIB,DB08881,42611257
HSA-MIR-514A-3P,miRNA,TOPOTECAN,DB01030,60699
HSA-MIR-514A-3P,miRNA,VERAPAMIL,DB00661,2520
HSA-MIR-514A-3P,miRNA,DOXORUBICIN,DB00997,31703
HSA-MIR-514A-3P,miRNA,VEMURAFENIB,DB08881,42611257
HSA-MIR-514A-3P,miRNA,CISPLATIN,DB00515,5460033
HSA-MIR-514A-3P,miRNA,PLATINUM,DB12257,23939
HSA-MIR-514B-3P,miRNA,CISPLATIN,DB00515,5460033
HSA-MIR-514B-3P,miRNA,IRINOTECAN,DB00762,60838
HSA-MIR-514B-3P,miRNA,TRAMETINIB,DB08911,11707110
HSA-MIR-514B-3P,miRNA,VEMURAFENIB,DB08881,42611257
HSA-MIR-514B-5P,miRNA,PLATINUM,DB12257,23939
HSA-MIR-514B-5P,miRNA,DABRAFENIB,DB08912,44462760
HSA-MIR-514B-5P,miRNA,VEMURAFENIB,DB08881,42611257
HSA-MIR-514B-5P,miRNA,CISPLATIN,DB00515,5460033
HSA-MIR-514B-5P,miRNA,IRINOTECAN,DB00762,60838
HSA-MIR-515,miRNA,TOPOTECAN,DB01030,60699
HSA-MIR-515,miRNA,CISPLATIN,DB00515,5460033
HSA-MIR-515,miRNA,VINORELBINE,DB00361,44424639
HSA-MIR-515,miRNA,TAMOXIFEN,DB00675,2733525
HSA-MIR-515,miRNA,GEMCITABINE,DB00441,60750
HSA-MIR-515-3P,miRNA,PACLITAXEL,DB01229,36314
HSA-MIR-515-3P,miRNA,OXALIPLATIN,DB00526,6857599
HSA-MIR-515-5P,miRNA,CARBOPLATIN,DB00958,38904
HSA-MIR-515-5P,miRNA,VINCRISTINE,DB00541,5978
HSA-MIR-515-5P,miRNA,CISPLATIN,DB00515,5460033
HSA-MIR-515-5P,miRNA,FLUOROURACIL,DB00544,3385
HSA-MIR-516A,miRNA,SUNITINIB,DB01268,5329102
HSA-MIR-516A,miRNA,VINORELBINE,DB00361,44424639
HSA-MIR-516A,miRNA,TAMOXIFEN,DB00675,2733525
HSA-MIR-516A-5P,miRNA,PLATINUM,DB12257,23939
HSA-MIR-516A-5P,miRNA,TAMOXIFEN,DB00675,2733525
HSA-MIR-516A-5P,miRNA,CISPLATIN,DB00515,5460033
HSA-MIR-516B-3P,miRNA,PACLITAXEL,DB01229,36314
HSA-MIR-516B-5P,miRNA,CISPLATIN,DB00515,5460033
HSA-MIR-516B-5P,miRNA,VEMURAFENIB,DB08881,42611257
HSA-MIR-516B-5P,miRNA,DABRAFENIB,DB08912,44462760
HSA-MIR-516B-5P,miRNA,TRAMETINIB,DB08911,11707110
HSA-MIR-517-5P,miRNA,CISPLATIN,DB00515,5460033
HSA-MIR-517-5P,miRNA,FLUOROURACIL,DB00544,3385
HSA-MIR-517-5P,miRNA,PACLITAXEL,DB01229,36314
HSA-MIR-517-5P,miRNA,IMATINIB,DB00619,5291
HSA-MIR-517-5P,miRNA,PONATINIB,DB08901,24826799
HSA-MIR-517A-3P,miRNA,DOXORUBICIN,DB00997,31703
HSA-MIR-517A-3P,miRNA,VERAPAMIL,DB00661,2520
HSA-MIR-517A-3P,miRNA,CISPLATIN,DB00515,5460033
HSA-MIR-517A-3P,miRNA,VINORELBINE,DB00361,44424639
HSA-MIR-517A-3P,miRNA,DABRAFENIB,DB08912,44462760
HSA-MIR-517A-3P,miRNA,VEMURAFENIB,DB08881,42611257
HSA-MIR-517A-3P,miRNA,GEMCITABINE,DB00441,60750
HSA-MIR-517A-3P,miRNA,METHOTREXATE,DB00563,126941
HSA-MIR-517B-3P,miRNA,DOXORUBICIN,DB00997,31703
HSA-MIR-517B-3P,miRNA,VERAPAMIL,DB00661,2520
HSA-MIR-517B-3P,miRNA,CISPLATIN,DB00515,5460033
HSA-MIR-517B-3P,miRNA,VINORELBINE,DB00361,44424639
HSA-MIR-517B-3P,miRNA,DABRAFENIB,DB08912,44462760
HSA-MIR-517B-3P,miRNA,VEMURAFENIB,DB08881,42611257
HSA-MIR-517B-3P,miRNA,PACLITAXEL,DB01229,36314
HSA-MIR-517B-3P,miRNA,GEMCITABINE,DB00441,60750
HSA-MIR-517C-3P,miRNA,VERAPAMIL,DB00661,2520
HSA-MIR-517C-3P,miRNA,DOXORUBICIN,DB00997,31703
HSA-MIR-517C-3P,miRNA,CISPLATIN,DB00515,5460033
HSA-MIR-517C-3P,miRNA,VINORELBINE,DB00361,44424639
HSA-MIR-517C-3P,miRNA,TAMOXIFEN,DB00675,2733525
HSA-MIR-517C-3P+HSA-MIR-519A-3P,miRNA,TRAMETINIB,DB08911,11707110
HSA-MIR-517C-3P+HSA-MIR-519A-3P,miRNA,VEMURAFENIB,DB08881,42611257
HSA-MIR-518,miRNA,CISPLATIN,DB00515,5460033
HSA-MIR-5187-5P,miRNA,FLUOROURACIL,DB00544,3385
HSA-MIR-5188,miRNA,CISPLATIN,DB00515,5460033
HSA-MIR-5189-3P,miRNA,OSIMERTINIB,DB09330,71496458
HSA-MIR-5189-5P,miRNA,PLATINUM,DB12257,23939
HSA-MIR-5189-5P,miRNA,DABRAFENIB,DB08912,44462760
HSA-MIR-5189-5P,miRNA,VEMURAFENIB,DB08881,42611257
HSA-MIR-5189-5P,miRNA,CERITINIB,DB09063,57379345
HSA-MIR-5189-5P,miRNA,OSIMERTINIB,DB09330,71496458
HSA-MIR-5189-5P,miRNA,CISPLATIN,DB00515,5460033
HSA-MIR-518A-3P,miRNA,NAVITOCLAX,DB12340,24978538
HSA-MIR-518A-3P,miRNA,CISPLATIN,DB00515,5460033
HSA-MIR-518A-3P,miRNA,METHOTREXATE,DB00563,126941
HSA-MIR-518A-5P,miRNA,IMATINIB,DB00619,5291
HSA-MIR-518A-5P,miRNA,PONATINIB,DB08901,24826799
HSA-MIR-518B,miRNA,GEMCITABINE,DB00441,60750
HSA-MIR-518B,miRNA,CISPLATIN,DB00515,5460033
HSA-MIR-518B,miRNA,TAMOXIFEN,DB00675,2733525
HSA-MIR-518B,miRNA,FLUOROURACIL,DB00544,3385
HSA-MIR-518B,miRNA,VEMURAFENIB,DB08881,42611257
HSA-MIR-518B,miRNA,TRAMETINIB,DB08911,11707110
HSA-MIR-518C-3P,miRNA,CISPLATIN,DB00515,5460033
HSA-MIR-518C-3P,miRNA,TAMOXIFEN,DB00675,2733525
HSA-MIR-518C-5P,miRNA,CISPLATIN,DB00515,5460033
HSA-MIR-518C-5P,miRNA,FLUOROURACIL,DB00544,3385
HSA-MIR-518C-AS,miRNA,CISPLATIN,DB00515,5460033
HSA-MIR-518D-3P,miRNA,CISPLATIN,DB00515,5460033
HSA-MIR-518D-3P,miRNA,ETOPOSIDE,DB00773,36462
HSA-MIR-518D-3P,miRNA,TRAMETINIB,DB08911,11707110
HSA-MIR-518D-3P,miRNA,VEMURAFENIB,DB08881,42611257
HSA-MIR-518E-3P,miRNA,CISPLATIN,DB00515,5460033
HSA-MIR-518E-3P,miRNA,TRAMETINIB,DB08911,11707110
HSA-MIR-518E-3P,miRNA,VEMURAFENIB,DB08881,42611257
HSA-MIR-518E-5P,miRNA,VINORELBINE,DB00361,44424639
HSA-MIR-518E-5P,miRNA,TAMOXIFEN,DB00675,2733525
HSA-MIR-518E-5P,miRNA,CURCUMIN,DB11672,969516
HSA-MIR-518E-5P,miRNA,DOXORUBICIN,DB00997,31703
HSA-MIR-518E-5P,miRNA,IMATINIB,DB00619,5291
HSA-MIR-518E-5P,miRNA,DABRAFENIB,DB08912,44462760
HSA-MIR-518E-5P,miRNA,CISPLATIN,DB00515,5460033
HSA-MIR-518F-3P,miRNA,CISPLATIN,DB00515,5460033
HSA-MIR-518F-3P,miRNA,ETOPOSIDE,DB00773,36462
HSA-MIR-518F-3P,miRNA,VINORELBINE,DB00361,44424639
HSA-MIR-518F-3P,miRNA,TAMOXIFEN,DB00675,2733525
HSA-MIR-518F-3P,miRNA,GEMCITABINE,DB00441,60750
HSA-MIR-518F-3P,miRNA,ANTHRACYCLINE,DB00694,30323
HSA-MIR-518F-3P,miRNA,FLUOROURACIL,DB00544,3385
HSA-MIR-518F-3P,miRNA,CYCLOPHOSPHAMIDE,DB00531,2907
HSA-MIR-518F-3P,miRNA,METHOTREXATE,DB00563,126941
HSA-MIR-518F-3P,miRNA,TAXOL,DB01229,36314
HSA-MIR-518F-5P,miRNA,ERLOTINIB,DB00530,176870
HSA-MIR-518F-5P,miRNA,CISPLATIN,DB00515,5460033
HSA-MIR-518F-5P,miRNA,FLUOROURACIL,DB00544,3385
HSA-MIR-519,miRNA,DOXORUBICIN,DB00997,31703
HSA-MIR-519,miRNA,ETOPOSIDE,DB00773,36462
HSA-MIR-5190,miRNA,PLATINUM,DB12257,23939
HSA-MIR-5193,miRNA,ANTHRACYCLINE,DB00694,30323
HSA-MIR-5193,miRNA,CYCLOPHOSPHAMIDE,DB00531,2907
HSA-MIR-5193,miRNA,FLUOROURACIL,DB00544,3385
HSA-MIR-5193,miRNA,TAXOL,DB01229,36314
HSA-MIR-5193,miRNA,METHOTREXATE,DB00563,126941
HSA-MIR-5194,miRNA,PLATINUM,DB12257,23939
HSA-MIR-5195-3P,miRNA,PLATINUM,DB12257,23939
HSA-MIR-5195-3P,miRNA,FLUOROURACIL,DB00544,3385
HSA-MIR-5195-3P,miRNA,GEMCITABINE,DB00441,60750
HSA-MIR-5195-3P,miRNA,PACLITAXEL,DB01229,36314
HSA-MIR-5196-5P,miRNA,PLATINUM,DB12257,23939
HSA-MIR-5196-5P,miRNA,PACLITAXEL,DB01229,36314
HSA-MIR-519A-1-PRE,miRNA,IMATINIB,DB00619,5291
HSA-MIR-519A-3P,miRNA,CISPLATIN,DB00515,5460033
HSA-MIR-519A-3P,miRNA,TAMOXIFEN,DB00675,2733525
HSA-MIR-519A-3P,miRNA,DAUNORUBICIN,DB00694,30323
HSA-MIR-519A-3P,miRNA,TEMOZOLOMIDE,DB00853,5394
HSA-MIR-519A-3P,miRNA,DOCETAXEL,DB01248,148124
HSA-MIR-519A-5P,miRNA,VINORELBINE,DB00361,44424639
HSA-MIR-519A-5P,miRNA,CURCUMIN,DB11672,969516
HSA-MIR-519A-5P,miRNA,DOXORUBICIN,DB00997,31703
HSA-MIR-519A-5P,miRNA,PLATINUM,DB12257,23939
HSA-MIR-519A-5P,miRNA,CISPLATIN,DB00515,5460033
HSA-MIR-519B-3P,miRNA,DOXORUBICIN,DB00997,31703
HSA-MIR-519B-3P,miRNA,VERAPAMIL,DB00661,2520
HSA-MIR-519B-3P,miRNA,CISPLATIN,DB00515,5460033
HSA-MIR-519B-3P,miRNA,VINORELBINE,DB00361,44424639
HSA-MIR-519B-3P,miRNA,TRAMETINIB,DB08911,11707110
HSA-MIR-519B-3P,miRNA,VEMURAFENIB,DB08881,42611257
HSA-MIR-519B-5P,miRNA,DOXORUBICIN,DB00997,31703
HSA-MIR-519B-5P,miRNA,CURCUMIN,DB11672,969516
HSA-MIR-519B-5P,miRNA,CISPLATIN,DB00515,5460033
HSA-MIR-519C-3P,miRNA,MITOXANTRONE,DB01204,4212
HSA-MIR-519C-3P,miRNA,CISPLATIN,DB00515,5460033
HSA-MIR-519C-3P,miRNA,VINORELBINE,DB00361,44424639
HSA-MIR-519C-3P,miRNA,TAMOXIFEN,DB00675,2733525
HSA-MIR-519C-3P,miRNA,GEMCITABINE,DB00441,60750
HSA-MIR-519C-5P,miRNA,DOXORUBICIN,DB00997,31703
HSA-MIR-519C-5P,miRNA,CURCUMIN,DB11672,969516
HSA-MIR-519C-5P,miRNA,IMATINIB,DB00619,5291
HSA-MIR-519C-5P,miRNA,CISPLATIN,DB00515,5460033
HSA-MIR-519D-3P,miRNA,CISPLATIN,DB00515,5460033
HSA-MIR-519D-3P,miRNA,TAMOXIFEN,DB00675,2733525
HSA-MIR-519D-3P,miRNA,GEMCITABINE,DB00441,60750
HSA-MIR-519D-3P,miRNA,IMATINIB,DB00619,5291
HSA-MIR-519D-3P,miRNA,FLUOROURACIL,DB00544,3385
HSA-MIR-519D-3P,miRNA,CARBOPLATIN,DB00958,38904
HSA-MIR-519E,miRNA,CISPLATIN,DB00515,5460033
HSA-MIR-519E-3P,miRNA,TAMOXIFEN,DB00675,2733525
HSA-MIR-519E-3P,miRNA,TRAMETINIB,DB08911,11707110
HSA-MIR-519E-3P,miRNA,VEMURAFENIB,DB08881,42611257
HSA-MIR-519E-5P,miRNA,CISPLATIN,DB00515,5460033
HSA-MIR-519E-5P,miRNA,FLUOROURACIL,DB00544,3385
HSA-MIR-519E-5P,miRNA,VINORELBINE,DB00361,44424639
HSA-MIR-520,miRNA,TAMOXIFEN,DB00675,2733525
HSA-MIR-520,miRNA,DOXORUBICIN,DB00997,31703
HSA-MIR-520,miRNA,VINCRISTINE,DB00541,5978
HSA-MIR-520,miRNA,PREDNISONE,DB00635,5865
HSA-MIR-520A-3P,miRNA,DOXORUBICIN,DB00997,31703
HSA-MIR-520A-3P,miRNA,VERAPAMIL,DB00661,2520
HSA-MIR-520A-3P,miRNA,CISPLATIN,DB00515,5460033
HSA-MIR-520A-3P,miRNA,FLUOROURACIL,DB00544,3385
HSA-MIR-520A-3P,miRNA,CAPSAICIN,DB06774,1548943
HSA-MIR-520A-3P,miRNA,GEFITINIB,DB00317,123631
HSA-MIR-520A-3P,miRNA,SUNITINIB,DB01268,5329102
HSA-MIR-520A-3P,miRNA,TRAMETINIB,DB08911,11707110
HSA-MIR-520A-3P,miRNA,VEMURAFENIB,DB08881,42611257
HSA-MIR-520A-3P,miRNA,OSIMERTINIB,DB09330,71496458
HSA-MIR-520A-5P,miRNA,IMATINIB,DB00619,5291
HSA-MIR-520A-5P,miRNA,VEMURAFENIB,DB08881,42611257
HSA-MIR-520B-3P,miRNA,VERAPAMIL,DB00661,2520
HSA-MIR-520B-3P,miRNA,DOXORUBICIN,DB00997,31703
HSA-MIR-520B-3P,miRNA,CISPLATIN,DB00515,5460033
HSA-MIR-520B-3P,miRNA,TAMOXIFEN,DB00675,2733525
HSA-MIR-520B-3P,miRNA,AXITINIB,DB06626,6450551
HSA-MIR-520B-3P,miRNA,SUNITINIB,DB01268,5329102
HSA-MIR-520B-3P,miRNA,FLUOROURACIL,DB00544,3385
HSA-MIR-520B-3P,miRNA,PACLITAXEL,DB01229,36314
HSA-MIR-520C-3P,miRNA,DOXORUBICIN,DB00997,31703
HSA-MIR-520C-3P,miRNA,VERAPAMIL,DB00661,2520
HSA-MIR-520C-3P,miRNA,CISPLATIN,DB00515,5460033
HSA-MIR-520C-3P,miRNA,SUNITINIB,DB01268,5329102
HSA-MIR-520C-5P,miRNA,IMATINIB,DB00619,5291
HSA-MIR-520C-PRE,miRNA,IMATINIB,DB00619,5291
HSA-MIR-520C-PRE,miRNA,PONATINIB,DB08901,24826799
HSA-MIR-520D-3P,miRNA,DOXORUBICIN,DB00997,31703
HSA-MIR-520D-3P,miRNA,VERAPAMIL,DB00661,2520
HSA-MIR-520D-3P,miRNA,FLUOROURACIL,DB00544,3385
HSA-MIR-520D-3P,miRNA,SUNITINIB,DB01268,5329102
HSA-MIR-520D-5P,miRNA,CISPLATIN,DB00515,5460033
HSA-MIR-520D-5P,miRNA,FLUOROURACIL,DB00544,3385
HSA-MIR-520E-3P,miRNA,CISPLATIN,DB00515,5460033
HSA-MIR-520E-3P,miRNA,IMATINIB,DB00619,5291
HSA-MIR-520E-3P,miRNA,SUNITINIB,DB01268,5329102
HSA-MIR-520E-3P,miRNA,VEMURAFENIB,DB08881,42611257
HSA-MIR-520E-3P,miRNA,TRAMETINIB,DB08911,11707110
HSA-MIR-520F-3P,miRNA,CISPLATIN,DB00515,5460033
HSA-MIR-520F-3P,miRNA,DOXORUBICIN,DB00997,31703
HSA-MIR-520G-3P,miRNA,DOXORUBICIN,DB00997,31703
HSA-MIR-520G-3P,miRNA,VERAPAMIL,DB00661,2520
HSA-MIR-520G-3P,miRNA,CISPLATIN,DB00515,5460033
HSA-MIR-520G-3P,miRNA,PACLITAXEL,DB01229,36314
HSA-MIR-520G-3P,miRNA,TRAMETINIB,DB08911,11707110
HSA-MIR-520G-3P,miRNA,VEMURAFENIB,DB08881,42611257
HSA-MIR-520G-3P,miRNA,BORTEZOMIB,DB00188,387447
HSA-MIR-520H,miRNA,DOXORUBICIN,DB00997,31703
HSA-MIR-520H,miRNA,VERAPAMIL,DB00661,2520
HSA-MIR-520H,miRNA,CISPLATIN,DB00515,5460033
HSA-MIR-520H,miRNA,TAMOXIFEN,DB00675,2733525
HSA-MIR-520H,miRNA,PACLITAXEL,DB01229,36314
HSA-MIR-520H,miRNA,BORTEZOMIB,DB00188,387447
HSA-MIR-521,miRNA,CISPLATIN,DB00515,5460033
HSA-MIR-521,miRNA,TAMOXIFEN,DB00675,2733525
HSA-MIR-521-1,miRNA,CERITINIB,DB09063,57379345
HSA-MIR-522,miRNA,CERITINIB,DB09063,57379345
HSA-MIR-522-3P,miRNA,CISPLATIN,DB00515,5460033
HSA-MIR-522-3P,miRNA,TAMOXIFEN,DB00675,2733525
HSA-MIR-522-3P,miRNA,DOXORUBICIN,DB00997,31703
HSA-MIR-522-3P,miRNA,CERITINIB,DB09063,57379345
HSA-MIR-522-3P,miRNA,PACLITAXEL,DB01229,36314
HSA-MIR-522-3P,miRNA,MITOXANTRONE,DB01204,4212
HSA-MIR-522-5P,miRNA,VINORELBINE,DB00361,44424639
HSA-MIR-522-5P,miRNA,DOXORUBICIN,DB00997,31703
HSA-MIR-522-5P,miRNA,CURCUMIN,DB11672,969516
HSA-MIR-522-5P,miRNA,CISPLATIN,DB00515,5460033
HSA-MIR-522-PRE,miRNA,IMATINIB,DB00619,5291
HSA-MIR-522?3P,miRNA,GEFITINIB,DB00317,123631
HSA-MIR-523-3P,miRNA,CISPLATIN,DB00515,5460033
HSA-MIR-523-3P,miRNA,ETOPOSIDE,DB00773,36462
HSA-MIR-523-3P,miRNA,DOXORUBICIN,DB00997,31703
HSA-MIR-523-3P,miRNA,DAUNORUBICIN,DB00694,30323
HSA-MIR-523-5P,miRNA,VINORELBINE,DB00361,44424639
HSA-MIR-523-5P,miRNA,DOXORUBICIN,DB00997,31703
HSA-MIR-523-5P,miRNA,CURCUMIN,DB11672,969516
HSA-MIR-523-5P,miRNA,CISPLATIN,DB00515,5460033
HSA-MIR-523-PRE,miRNA,IMATINIB,DB00619,5291
HSA-MIR-524-3P,miRNA,CISPLATIN,DB00515,5460033
HSA-MIR-524-3P,miRNA,TEMOZOLOMIDE,DB00853,5394
HSA-MIR-524-5P,miRNA,CISPLATIN,DB00515,5460033
HSA-MIR-524-5P,miRNA,VEMURAFENIB,DB08881,42611257
HSA-MIR-525-5P,miRNA,CISPLATIN,DB00515,5460033
HSA-MIR-525-5P,miRNA,DABRAFENIB,DB08912,44462760
HSA-MIR-525-5P,miRNA,VEMURAFENIB,DB08881,42611257
HSA-MIR-525-5P,miRNA,IMATINIB,DB00619,5291
HSA-MIR-525-5P,miRNA,GEMCITABINE,DB00441,60750
HSA-MIR-526,miRNA,CISPLATIN,DB00515,5460033
HSA-MIR-526A-5P,miRNA,DOXORUBICIN,DB00997,31703
HSA-MIR-526B-3P,miRNA,VERAPAMIL,DB00661,2520
HSA-MIR-526B-3P,miRNA,DOXORUBICIN,DB00997,31703
HSA-MIR-526B-3P,miRNA,CISPLATIN,DB00515,5460033
HSA-MIR-526B-5P,miRNA,CISPLATIN,DB00515,5460033
HSA-MIR-526B-5P,miRNA,DABRAFENIB,DB08912,44462760
HSA-MIR-526B-5P,miRNA,VEMURAFENIB,DB08881,42611257
HSA-MIR-526B-5P,miRNA,PACLITAXEL,DB01229,36314
HSA-MIR-532-3P,miRNA,PLATINUM,DB12257,23939
HSA-MIR-532-3P,miRNA,IMATINIB,DB00619,5291
HSA-MIR-532-3P,miRNA,CISPLATIN,DB00515,5460033
HSA-MIR-532-3P,miRNA,GEMCITABINE,DB00441,60750
HSA-MIR-532-3P,miRNA,FLUOROURACIL,DB00544,3385
HSA-MIR-532-5P,miRNA,DOXORUBICIN,DB00997,31703
HSA-MIR-532-5P,miRNA,VERAPAMIL,DB00661,2520
HSA-MIR-532-5P,miRNA,DOCETAXEL,DB01248,148124
HSA-MIR-532-5P,miRNA,CISPLATIN,DB00515,5460033
HSA-MIR-532-5P,miRNA,FLUOROURACIL,DB00544,3385
HSA-MIR-532-5P,miRNA,VINCRISTINE,DB00541,5978
HSA-MIR-532-5P,miRNA,GEMCITABINE,DB00441,60750
HSA-MIR-532-5P,miRNA,IMATINIB,DB00619,5291
HSA-MIR-532-5P,miRNA,DEXAMETHASONE,DB01234,5743
HSA-MIR-532-5P,miRNA,PLATINUM,DB12257,23939
HSA-MIR-539,miRNA,CERITINIB,DB09063,57379345
HSA-MIR-539-3P,miRNA,CERITINIB,DB09063,57379345
HSA-MIR-539-5P,miRNA,VERAPAMIL,DB00661,2520
HSA-MIR-539-5P,miRNA,DOXORUBICIN,DB00997,31703
HSA-MIR-539-5P,miRNA,CISPLATIN,DB00515,5460033
HSA-MIR-539-5P,miRNA,VEMURAFENIB,DB08881,42611257
HSA-MIR-539-5P,miRNA,TRAMETINIB,DB08911,11707110
HSA-MIR-541-3P,miRNA,OXALIPLATIN,DB00526,6857599
HSA-MIR-541-3P,miRNA,SORAFENIB,DB00398,216239
HSA-MIR-541-5P,miRNA,DOXORUBICIN,DB00997,31703
HSA-MIR-541-5P,miRNA,VERAPAMIL,DB00661,2520
HSA-MIR-541-5P,miRNA,CISPLATIN,DB00515,5460033
HSA-MIR-542,miRNA,DOXORUBICIN,DB00997,31703
HSA-MIR-542,miRNA,VERAPAMIL,DB00661,2520
HSA-MIR-542,miRNA,CISPLATIN,DB00515,5460033
HSA-MIR-542,miRNA,ETOPOSIDE,DB00773,36462
HSA-MIR-542,miRNA,PREDNISONE,DB00635,5865
HSA-MIR-542,miRNA,VINCRISTINE,DB00541,5978
HSA-MIR-542,miRNA,GEMCITABINE,DB00441,60750
HSA-MIR-542,miRNA,CERITINIB,DB09063,57379345
HSA-MIR-542-32,miRNA,GEMCITABINE,DB00441,60750
HSA-MIR-542-33A,miRNA,GEMCITABINE,DB00441,60750
HSA-MIR-542-33B,miRNA,GEMCITABINE,DB00441,60750
HSA-MIR-542-3P,miRNA,GEMCITABINE,DB00441,60750
HSA-MIR-542-3P,miRNA,TAMOXIFEN,DB00675,2733525
HSA-MIR-542-3P,miRNA,CISPLATIN,DB00515,5460033
HSA-MIR-542-3P,miRNA,PACLITAXEL,DB01229,36314
HSA-MIR-542-3P,miRNA,CERITINIB,DB09063,57379345
HSA-MIR-542-3P,miRNA,PLATINUM,DB12257,23939
HSA-MIR-542-3P,miRNA,DOCETAXEL,DB01248,148124
HSA-MIR-542-3P,miRNA,DOXORUBICIN,DB00997,31703
HSA-MIR-542-3P,miRNA,ETOPOSIDE,DB00773,36462
HSA-MIR-542-3P,miRNA,VINCRISTINE,DB00541,5978
HSA-MIR-542-3P,miRNA,VINORELBINE,DB00361,44424639
HSA-MIR-542-5P,miRNA,TAXANE,NA,9548828
HSA-MIR-542-5P,miRNA,PLATINUM,DB12257,23939
HSA-MIR-542-5P,miRNA,CISPLATIN,DB00515,5460033
HSA-MIR-542-5P,miRNA,TAMOXIFEN,DB00675,2733525
HSA-MIR-542-5P,miRNA,DABRAFENIB,DB08912,44462760
HSA-MIR-542-5P,miRNA,VEMURAFENIB,DB08881,42611257
HSA-MIR-542-5P,miRNA,CERITINIB,DB09063,57379345
HSA-MIR-542-5P,miRNA,IMATINIB,DB00619,5291
HSA-MIR-542-5P,miRNA,VINORELBINE,DB00361,44424639
HSA-MIR-542-5P,miRNA,DOXORUBICIN,DB00997,31703
HSA-MIR-542-5P,miRNA,ETOPOSIDE,DB00773,36462
HSA-MIR-542-5P,miRNA,VINCRISTINE,DB00541,5978
HSA-MIR-542-5P,miRNA,PACLITAXEL,DB01229,36314
HSA-MIR-543,miRNA,PLX-4720,DB06999,24180719
HSA-MIR-543,miRNA,CERITINIB,DB09063,57379345
HSA-MIR-543,miRNA,FLUOROURACIL,DB00544,3385
HSA-MIR-543,miRNA,OXALIPLATIN,DB00526,6857599
HSA-MIR-543,miRNA,RUXOLITINIB,DB08877,25126798
HSA-MIR-543,miRNA,CISPLATIN,DB00515,5460033
HSA-MIR-544A,miRNA,CISPLATIN,DB00515,5460033
HSA-MIR-544B,miRNA,VEMURAFENIB,DB08881,42611257
HSA-MIR-544B,miRNA,TRAMETINIB,DB08911,11707110
HSA-MIR-545,miRNA,CERITINIB,DB09063,57379345
HSA-MIR-545-3P,miRNA,DOXORUBICIN,DB00997,31703
HSA-MIR-545-3P,miRNA,VERAPAMIL,DB00661,2520
HSA-MIR-545-3P,miRNA,CISPLATIN,DB00515,5460033
HSA-MIR-545-3P,miRNA,SUNITINIB,DB01268,5329102
HSA-MIR-545-3P,miRNA,GEMCITABINE,DB00441,60750
HSA-MIR-545-3P,miRNA,IMATINIB,DB00619,5291
HSA-MIR-545-5P,miRNA,CERITINIB,DB09063,57379345
HSA-MIR-545-5P,miRNA,CISPLATIN,DB00515,5460033
HSA-MIR-5481,miRNA,IMATINIB,DB00619,5291
HSA-MIR-548A-1,miRNA,CISPLATIN,DB00515,5460033
HSA-MIR-548A-3P,miRNA,DOXORUBICIN,DB00997,31703
HSA-MIR-548A-3P,miRNA,VERAPAMIL,DB00661,2520
HSA-MIR-548A-3P,miRNA,SORAFENIB,DB00398,216239
HSA-MIR-548A-3P,miRNA,CISPLATIN,DB00515,5460033
HSA-MIR-548A1,miRNA,OXALIPLATIN,DB00526,6857599
HSA-MIR-548A2,miRNA,OXALIPLATIN,DB00526,6857599
HSA-MIR-548AA,miRNA,TRAMETINIB,DB08911,11707110
HSA-MIR-548AA,miRNA,VEMURAFENIB,DB08881,42611257
HSA-MIR-548AA,miRNA,DABRAFENIB,DB08912,44462760
HSA-MIR-548AB,miRNA,OSIMERTINIB,DB09330,71496458
HSA-MIR-548AD-5P,miRNA,ETOPOSIDE,DB00773,36462
HSA-MIR-548AD-5P,miRNA,VINCRISTINE,DB00541,5978
HSA-MIR-548AD-5P,miRNA,DOXORUBICIN,DB00997,31703
HSA-MIR-548AD-5P,miRNA,PACLITAXEL,DB01229,36314
HSA-MIR-548AD-5P,miRNA,VINORELBINE,DB00361,44424639
HSA-MIR-548AE-5P,miRNA,ETOPOSIDE,DB00773,36462
HSA-MIR-548AE-5P,miRNA,DOXORUBICIN,DB00997,31703
HSA-MIR-548AE-5P,miRNA,PACLITAXEL,DB01229,36314
HSA-MIR-548AE-5P,miRNA,VINORELBINE,DB00361,44424639
HSA-MIR-548AE-5P,miRNA,VINCRISTINE,DB00541,5978
HSA-MIR-548AG,miRNA,TRAMETINIB,DB08911,11707110
HSA-MIR-548AG,miRNA,VEMURAFENIB,DB08881,42611257
HSA-MIR-548AH-5P,miRNA,TEMOZOLOMIDE,DB00853,5394
HSA-MIR-548AJ-3P,miRNA,VEMURAFENIB,DB08881,42611257
HSA-MIR-548AJ-3P,miRNA,TRAMETINIB,DB08911,11707110
HSA-MIR-548AJ-5P,miRNA,DOCETAXEL,DB01248,148124
HSA-MIR-548AM-5P,miRNA,CISPLATIN,DB00515,5460033
HSA-MIR-548AM-5P,miRNA,GEFITINIB,DB00317,123631
HSA-MIR-548AP-5P,miRNA,DOXORUBICIN,DB00997,31703
HSA-MIR-548AQ-5P,miRNA,GEFITINIB,DB00317,123631
HSA-MIR-548AQ-5P,miRNA,ERLOTINIB,DB00530,176870
HSA-MIR-548AT-5P,miRNA,GEMCITABINE,DB00441,60750
HSA-MIR-548AY-5P,miRNA,ETOPOSIDE,DB00773,36462
HSA-MIR-548AY-5P,miRNA,DOXORUBICIN,DB00997,31703
HSA-MIR-548AY-5P,miRNA,VINORELBINE,DB00361,44424639
HSA-MIR-548AY-5P,miRNA,VINCRISTINE,DB00541,5978
HSA-MIR-548AY-5P,miRNA,PACLITAXEL,DB01229,36314
HSA-MIR-548B-3P,miRNA,GEFITINIB,DB00317,123631
HSA-MIR-548B-3P,miRNA,GEMCITABINE,DB00441,60750
HSA-MIR-548B-5P,miRNA,SORAFENIB,DB00398,216239
HSA-MIR-548B-5P,miRNA,IMATINIB,DB00619,5291
HSA-MIR-548C-3P,miRNA,SORAFENIB,DB00398,216239
HSA-MIR-548C-3P,miRNA,MITOXANTRONE,DB01204,4212
HSA-MIR-548C-3P,miRNA,CISPLATIN,DB00515,5460033
HSA-MIR-548C-3P,miRNA,FLUOROURACIL,DB00544,3385
HSA-MIR-548C-5P,miRNA,IMATINIB,DB00619,5291
HSA-MIR-548D-3P,miRNA,ETOPOSIDE,DB00773,36462
HSA-MIR-548D-3P,miRNA,TEMOZOLOMIDE,DB00853,5394
HSA-MIR-548D-3P,miRNA,JQ1,DB17021,46907787
HSA-MIR-548D-5P,miRNA,SUNITINIB,DB01268,5329102
HSA-MIR-548D-5P,miRNA,VINORELBINE,DB00361,44424639
HSA-MIR-548D-5P,miRNA,DOXORUBICIN,DB00997,31703
HSA-MIR-548D-5P,miRNA,PACLITAXEL,DB01229,36314
HSA-MIR-548D-5P,miRNA,ETOPOSIDE,DB00773,36462
HSA-MIR-548D-5P,miRNA,VINCRISTINE,DB00541,5978
HSA-MIR-548E-3P,miRNA,DOXORUBICIN,DB00997,31703
HSA-MIR-548E-3P,miRNA,IMATINIB,DB00619,5291
HSA-MIR-548E-3P,miRNA,CISPLATIN,DB00515,5460033
HSA-MIR-548F-1,miRNA,CERITINIB,DB09063,57379345
HSA-MIR-548F-3P,miRNA,CERITINIB,DB09063,57379345
HSA-MIR-548F-3P,miRNA,VEMURAFENIB,DB08881,42611257
HSA-MIR-548F-3P,miRNA,TRAMETINIB,DB08911,11707110
HSA-MIR-548H-5P,miRNA,DOXORUBICIN,DB00997,31703
HSA-MIR-548H2,miRNA,OXALIPLATIN,DB00526,6857599
HSA-MIR-548I,miRNA,TRAMETINIB,DB08911,11707110
HSA-MIR-548I,miRNA,VEMURAFENIB,DB08881,42611257
HSA-MIR-548J-3P,miRNA,DOCETAXEL,DB01248,148124
HSA-MIR-548J-5P,miRNA,DOXORUBICIN,DB00997,31703
HSA-MIR-548K,miRNA,TAMOXIFEN,DB00675,2733525
HSA-MIR-548L,miRNA,CERITINIB,DB09063,57379345
HSA-MIR-548M,miRNA,OXALIPLATIN,DB00526,6857599
HSA-MIR-548O-3P,miRNA,TRAMETINIB,DB08911,11707110
HSA-MIR-548O-3P,miRNA,VEMURAFENIB,DB08881,42611257
HSA-MIR-548Q,miRNA,PLATINUM,DB12257,23939
HSA-MIR-548Q,miRNA,CISPLATIN,DB00515,5460033
HSA-MIR-548Q,miRNA,PONATINIB,DB08901,24826799
HSA-MIR-548Q,miRNA,IMATINIB,DB00619,5291
HSA-MIR-548Q,miRNA,FULVESTRANT,DB00947,17756771
HSA-MIR-548S,miRNA,CERITINIB,DB09063,57379345
HSA-MIR-548T-3P,miRNA,OXALIPLATIN,DB00526,6857599
HSA-MIR-549A-3P,miRNA,TAMOXIFEN,DB00675,2733525
HSA-MIR-549A-3P,miRNA,GEMCITABINE,DB00441,60750
HSA-MIR-549A-3P,miRNA,DOCETAXEL,DB01248,148124
HSA-MIR-549A-3P,miRNA,SORAFENIB,DB00398,216239
HSA-MIR-550,miRNA,DOXORUBICIN,DB00997,31703
HSA-MIR-550,miRNA,TAMOXIFEN,DB00675,2733525
HSA-MIR-550,miRNA,OXALIPLATIN,DB00526,6857599
HSA-MIR-550,miRNA,VINCRISTINE,DB00541,5978
HSA-MIR-550A-3-5P,miRNA,VEMURAFENIB,DB08881,42611257
HSA-MIR-550A-3-5P,miRNA,FLUOROURACIL,DB00544,3385
HSA-MIR-550A-3P,miRNA,FLUOROURACIL,DB00544,3385
HSA-MIR-550A-5P,miRNA,FLUOROURACIL,DB00544,3385
HSA-MIR-550A-5P,miRNA,IMATINIB,DB00619,5291
HSA-MIR-550A-5P,miRNA,TAMOXIFEN,DB00675,2733525
HSA-MIR-550A-5P,miRNA,OXALIPLATIN,DB00526,6857599
HSA-MIR-550A-5P,miRNA,CISPLATIN,DB00515,5460033
HSA-MIR-550B-2-5P,miRNA,PLATINUM,DB12257,23939
HSA-MIR-551-3P,miRNA,VEMURAFENIB,DB08881,42611257
HSA-MIR-551A,miRNA,DOXORUBICIN,DB00997,31703
HSA-MIR-551A,miRNA,CERITINIB,DB09063,57379345
HSA-MIR-551A,miRNA,FLUOROURACIL,DB00544,3385
HSA-MIR-551A,miRNA,GEMCITABINE,DB00441,60750
HSA-MIR-551B,miRNA,CERITINIB,DB09063,57379345
HSA-MIR-551B,miRNA,SORAFENIB,DB00398,216239
HSA-MIR-551B-3P,miRNA,SORAFENIB,DB00398,216239
HSA-MIR-551B-3P,miRNA,DOXORUBICIN,DB00997,31703
HSA-MIR-551B-3P,miRNA,CISPLATIN,DB00515,5460033
HSA-MIR-551B-3P,miRNA,TAMOXIFEN,DB00675,2733525
HSA-MIR-551B-3P,miRNA,CERITINIB,DB09063,57379345
HSA-MIR-551B-3P,miRNA,TRAMETINIB,DB08911,11707110
HSA-MIR-551B-3P,miRNA,VEMURAFENIB,DB08881,42611257
HSA-MIR-551B-3P,miRNA,CYCLOPHOSPHAMIDE,DB00531,2907
HSA-MIR-551B-3P,miRNA,GEMCITABINE,DB00441,60750
HSA-MIR-551B-3P,miRNA,DEXAMETHASONE,DB01234,5743
HSA-MIR-551B-3P,miRNA,PACLITAXEL,DB01229,36314
HSA-MIR-551B-5P,miRNA,CISPLATIN,DB00515,5460033
HSA-MIR-551B-5P,miRNA,GEFITINIB,DB00317,123631
HSA-MIR-551B-5P,miRNA,YUANHUADINE,NA,6440572
HSA-MIR-551B-5P,miRNA,TEMOZOLOMIDE,DB00853,5394
HSA-MIR-551B-5P,miRNA,PACLITAXEL,DB01229,36314
HSA-MIR-552-3P,miRNA,FLUOROURACIL,DB00544,3385
HSA-MIR-552-3P,miRNA,METHOTREXATE,DB00563,126941
HSA-MIR-552-3P,miRNA,SORAFENIB,DB00398,216239
HSA-MIR-553,miRNA,CISPLATIN,DB00515,5460033
HSA-MIR-553,miRNA,DOXORUBICIN,DB00997,31703
HSA-MIR-553,miRNA,VEMURAFENIB,DB08881,42611257
HSA-MIR-554,miRNA,DOXORUBICIN,DB00997,31703
HSA-MIR-554,miRNA,VEMURAFENIB,DB08881,42611257
HSA-MIR-554,miRNA,DABRAFENIB,DB08912,44462760
HSA-MIR-554,miRNA,TRAMETINIB,DB08911,11707110
HSA-MIR-554,miRNA,CISPLATIN,DB00515,5460033
HSA-MIR-555,miRNA,DOXORUBICIN,DB00997,31703
HSA-MIR-555,miRNA,VERAPAMIL,DB00661,2520
HSA-MIR-555-PRE,miRNA,IMATINIB,DB00619,5291
HSA-MIR-556,miRNA,CERITINIB,DB09063,57379345
HSA-MIR-556,miRNA,SORAFENIB,DB00398,216239
HSA-MIR-556-3P,miRNA,CERITINIB,DB09063,57379345
HSA-MIR-556-3P,miRNA,TRAMETINIB,DB08911,11707110
HSA-MIR-556-3P,miRNA,VEMURAFENIB,DB08881,42611257
HSA-MIR-556-5P,miRNA,DOXORUBICIN,DB00997,31703
HSA-MIR-556-5P,miRNA,CERITINIB,DB09063,57379345
HSA-MIR-556-5P,miRNA,CISPLATIN,DB00515,5460033
HSA-MIR-556-5P,miRNA,FLUOROURACIL,DB00544,3385
HSA-MIR-556-5P,miRNA,PACLITAXEL,DB01229,36314
HSA-MIR-557,miRNA,DOXORUBICIN,DB00997,31703
HSA-MIR-557,miRNA,OXALIPLATIN,DB00526,6857599
HSA-MIR-557,miRNA,FLUOROURACIL,DB00544,3385
HSA-MIR-557,miRNA,GEMCITABINE,DB00441,60750
HSA-MIR-557,miRNA,PLATINUM,DB12257,23939
HSA-MIR-557,miRNA,IMATINIB,DB00619,5291
HSA-MIR-558,miRNA,OXALIPLATIN,DB00526,6857599
HSA-MIR-558,miRNA,METHOTREXATE,DB00563,126941
HSA-MIR-5580-3P,miRNA,GEMCITABINE,DB00441,60750
HSA-MIR-5581-3P,miRNA,CISPLATIN,DB00515,5460033
HSA-MIR-5581-5P,miRNA,PLATINUM,DB12257,23939
HSA-MIR-5584,miRNA,CERITINIB,DB09063,57379345
HSA-MIR-5585-3P,miRNA,PLATINUM,DB12257,23939
HSA-MIR-5585-3P,miRNA,CISPLATIN,DB00515,5460033
HSA-MIR-5588-3P,miRNA,ANTHRACYCLINE,DB00694,30323
HSA-MIR-5588-3P,miRNA,CYCLOPHOSPHAMIDE,DB00531,2907
HSA-MIR-5588-3P,miRNA,FLUOROURACIL,DB00544,3385
HSA-MIR-5588-3P,miRNA,TAXOL,DB01229,36314
HSA-MIR-5588-3P,miRNA,METHOTREXATE,DB00563,126941
HSA-MIR-5588-5P,miRNA,IMATINIB,DB00619,5291
HSA-MIR-559,miRNA,GEFITINIB,DB00317,123631
HSA-MIR-5591-5P,miRNA,APICIDIN,NA,6918328
HSA-MIR-5591-5P,miRNA,VORINOSTAT,DB02546,5311
HSA-MIR-560,miRNA,DOXORUBICIN,DB00997,31703
HSA-MIR-560,miRNA,VERAPAMIL,DB00661,2520
HSA-MIR-561-3P,miRNA,OXALIPLATIN,DB00526,6857599
HSA-MIR-561-3P,miRNA,TRAMETINIB,DB08911,11707110
HSA-MIR-561-3P,miRNA,VEMURAFENIB,DB08881,42611257
HSA-MIR-561-5P,miRNA,CISPLATIN,DB00515,5460033
HSA-MIR-562,miRNA,CISPLATIN,DB00515,5460033
HSA-MIR-562,miRNA,FLUOROURACIL,DB00544,3385
HSA-MIR-563,miRNA,DOXORUBICIN,DB00997,31703
HSA-MIR-563,miRNA,VERAPAMIL,DB00661,2520
HSA-MIR-563,miRNA,CISPLATIN,DB00515,5460033
HSA-MIR-563,miRNA,FLUOROURACIL,DB00544,3385
HSA-MIR-564,miRNA,SUNITINIB,DB01268,5329102
HSA-MIR-564,miRNA,CISPLATIN,DB00515,5460033
HSA-MIR-564,miRNA,FLUOROURACIL,DB00544,3385
HSA-MIR-564,miRNA,PACLITAXEL,DB01229,36314
HSA-MIR-564,miRNA,GEFITINIB,DB00317,123631
HSA-MIR-565,miRNA,DOXORUBICIN,DB00997,31703
HSA-MIR-565,miRNA,SORAFENIB,DB00398,216239
HSA-MIR-565,miRNA,NINTEDANIB,DB09079,9809715
HSA-MIR-566,miRNA,OXALIPLATIN,DB00526,6857599
HSA-MIR-567,miRNA,FLUOROURACIL,DB00544,3385
HSA-MIR-567,miRNA,OXALIPLATIN,DB00526,6857599
HSA-MIR-568,miRNA,DOXORUBICIN,DB00997,31703
HSA-MIR-568,miRNA,VERAPAMIL,DB00661,2520
HSA-MIR-568,miRNA,CISPLATIN,DB00515,5460033
HSA-MIR-568,miRNA,FLUOROURACIL,DB00544,3385
HSA-MIR-5680,miRNA,TEMOZOLOMIDE,DB00853,5394
HSA-MIR-5683,miRNA,IMATINIB,DB00619,5291
HSA-MIR-5683,miRNA,CERITINIB,DB09063,57379345
HSA-MIR-5684,miRNA,PLATINUM,DB12257,23939
HSA-MIR-569,miRNA,DOXORUBICIN,DB00997,31703
HSA-MIR-569,miRNA,VERAPAMIL,DB00661,2520
HSA-MIR-569,miRNA,TRAMETINIB,DB08911,11707110
HSA-MIR-569,miRNA,VEMURAFENIB,DB08881,42611257
HSA-MIR-5696,miRNA,PACLITAXEL,DB01229,36314
HSA-MIR-5697,miRNA,CISPLATIN,DB00515,5460033
HSA-MIR-570-3P,miRNA,SORAFENIB,DB00398,216239
HSA-MIR-570-3P,miRNA,DOXORUBICIN,DB00997,31703
HSA-MIR-5701,miRNA,IMATINIB,DB00619,5291
HSA-MIR-5703,miRNA,PLATINUM,DB12257,23939
HSA-MIR-571,miRNA,DOXORUBICIN,DB00997,31703
HSA-MIR-571,miRNA,VERAPAMIL,DB00661,2520
HSA-MIR-572,miRNA,OXALIPLATIN,DB00526,6857599
HSA-MIR-572,miRNA,GEFITINIB,DB00317,123631
HSA-MIR-572,miRNA,PLATINUM,DB12257,23939
HSA-MIR-572,miRNA,VEMURAFENIB,DB08881,42611257
HSA-MIR-572,miRNA,DABRAFENIB,DB08912,44462760
HSA-MIR-572,miRNA,PACLITAXEL,DB01229,36314
HSA-MIR-572,miRNA,FULVESTRANT,DB00947,17756771
HSA-MIR-572,miRNA,DOCETAXEL,DB01248,148124
HSA-MIR-573,miRNA,VEMURAFENIB,DB08881,42611257
HSA-MIR-573,miRNA,TRAMETINIB,DB08911,11707110
HSA-MIR-573,miRNA,TEMOZOLOMIDE,DB00853,5394
HSA-MIR-5739,miRNA,PLATINUM,DB12257,23939
HSA-MIR-5739,miRNA,VEMURAFENIB,DB08881,42611257
HSA-MIR-5739,miRNA,DABRAFENIB,DB08912,44462760
HSA-MIR-5739,miRNA,AZACITIDINE,DB00928,9444
HSA-MIR-574,miRNA,CISPLATIN,DB00515,5460033
HSA-MIR-574-3P,miRNA,DOXORUBICIN,DB00997,31703
HSA-MIR-574-3P,miRNA,CISPLATIN,DB00515,5460033
HSA-MIR-574-3P,miRNA,IMATINIB,DB00619,5291
HSA-MIR-574-3P,miRNA,TAMOXIFEN,DB00675,2733525
HSA-MIR-574-3P,miRNA,PLATINUM,DB12257,23939
HSA-MIR-574-3P,miRNA,DOCETAXEL,DB01248,148124
HSA-MIR-574-3P,miRNA,EPIRUBICIN,DB00445,41867
HSA-MIR-574-3P,miRNA,GEMCITABINE,DB00441,60750
HSA-MIR-574-3P,miRNA,FLUOROURACIL,DB00544,3385
HSA-MIR-574-3P,miRNA,SORAFENIB,DB00398,216239
HSA-MIR-574-3P,miRNA,PACLITAXEL,DB01229,36314
HSA-MIR-574-5P,miRNA,CISPLATIN,DB00515,5460033
HSA-MIR-574-5P,miRNA,PLATINUM,DB12257,23939
HSA-MIR-574-5P,miRNA,MITOXANTRONE,DB01204,4212
HSA-MIR-574-5P,miRNA,DOXORUBICIN,DB00997,31703
HSA-MIR-574-5P,miRNA,GEMCITABINE,DB00441,60750
HSA-MIR-574-5P,miRNA,PACLITAXEL,DB01229,36314
HSA-MIR-575,miRNA,PLATINUM,DB12257,23939
HSA-MIR-575,miRNA,SUNITINIB,DB01268,5329102
HSA-MIR-575,miRNA,CISPLATIN,DB00515,5460033
HSA-MIR-575,miRNA,FLUOROURACIL,DB00544,3385
HSA-MIR-575,miRNA,TRAMETINIB,DB08911,11707110
HSA-MIR-575,miRNA,VEMURAFENIB,DB08881,42611257
HSA-MIR-575,miRNA,TAMOXIFEN,DB00675,2733525
HSA-MIR-576-3P,miRNA,CISPLATIN,DB00515,5460033
HSA-MIR-576-3P,miRNA,GEMCITABINE,DB00441,60750
HSA-MIR-576-5P,miRNA,VERAPAMIL,DB00661,2520
HSA-MIR-576-5P,miRNA,DOXORUBICIN,DB00997,31703
HSA-MIR-576-5P,miRNA,CISPLATIN,DB00515,5460033
HSA-MIR-576-5P,miRNA,OXALIPLATIN,DB00526,6857599
HSA-MIR-576-5P,miRNA,GEMCITABINE,DB00441,60750
HSA-MIR-576-5P,miRNA,TRAMETINIB,DB08911,11707110
HSA-MIR-576-5P,miRNA,VEMURAFENIB,DB08881,42611257
HSA-MIR-576-5P,miRNA,DABRAFENIB,DB08912,44462760
HSA-MIR-577,miRNA,DOXORUBICIN,DB00997,31703
HSA-MIR-577,miRNA,FLUOROURACIL,DB00544,3385
HSA-MIR-577,miRNA,VINORELBINE,DB00361,44424639
HSA-MIR-577,miRNA,PACLITAXEL,DB01229,36314
HSA-MIR-577,miRNA,ETOPOSIDE,DB00773,36462
HSA-MIR-577,miRNA,VINCRISTINE,DB00541,5978
HSA-MIR-578,miRNA,DOXORUBICIN,DB00997,31703
HSA-MIR-578,miRNA,VERAPAMIL,DB00661,2520
HSA-MIR-5787,miRNA,PLATINUM,DB12257,23939
HSA-MIR-5787,miRNA,DABRAFENIB,DB08912,44462760
HSA-MIR-5787,miRNA,VEMURAFENIB,DB08881,42611257
HSA-MIR-5787,miRNA,PACLITAXEL,DB01229,36314
HSA-MIR-5787,miRNA,CISPLATIN,DB00515,5460033
HSA-MIR-579-3P,miRNA,GEMCITABINE,DB00441,60750
HSA-MIR-579-3P,miRNA,VEMURAFENIB,DB08881,42611257
HSA-MIR-579-3P,miRNA,CISPLATIN,DB00515,5460033
HSA-MIR-579-3P,miRNA,FLUOROURACIL,DB00544,3385
HSA-MIR-579-3P,miRNA,PACLITAXEL,DB01229,36314
HSA-MIR-580-3P,miRNA,TAMOXIFEN,DB00675,2733525
HSA-MIR-580-3P,miRNA,SUNITINIB,DB01268,5329102
HSA-MIR-580-3P,miRNA,TRAMETINIB,DB08911,11707110
HSA-MIR-580-3P,miRNA,VEMURAFENIB,DB08881,42611257
HSA-MIR-580-5P,miRNA,CERITINIB,DB09063,57379345
HSA-MIR-581,miRNA,OXALIPLATIN,DB00526,6857599
HSA-MIR-581,miRNA,CERITINIB,DB09063,57379345
HSA-MIR-581,miRNA,TRAMETINIB,DB08911,11707110
HSA-MIR-581,miRNA,VEMURAFENIB,DB08881,42611257
HSA-MIR-582,miRNA,CISPLATIN,DB00515,5460033
HSA-MIR-582,miRNA,CERITINIB,DB09063,57379345
HSA-MIR-582-3P,miRNA,FULVESTRANT,DB00947,17756771
HSA-MIR-582-3P,miRNA,CERITINIB,DB09063,57379345
HSA-MIR-582-3P,miRNA,BROMOCRIPTINE,DB01200,31101
HSA-MIR-582-3P,miRNA,DOCETAXEL,DB01248,148124
HSA-MIR-582-5P,miRNA,DOXORUBICIN,DB00997,31703
HSA-MIR-582-5P,miRNA,VERAPAMIL,DB00661,2520
HSA-MIR-582-5P,miRNA,NAVITOCLAX,DB12340,24978538
HSA-MIR-582-5P,miRNA,CISPLATIN,DB00515,5460033
HSA-MIR-582-5P,miRNA,SUNITINIB,DB01268,5329102
HSA-MIR-582-5P,miRNA,VINORELBINE,DB00361,44424639
HSA-MIR-582-5P,miRNA,VINCRISTINE,DB00541,5978
HSA-MIR-582-5P,miRNA,SORAFENIB,DB00398,216239
HSA-MIR-582-5P,miRNA,TAMOXIFEN,DB00675,2733525
HSA-MIR-582-5P,miRNA,FULVESTRANT,DB00947,17756771
HSA-MIR-582-5P,miRNA,CERITINIB,DB09063,57379345
HSA-MIR-582-5P,miRNA,FLUOROURACIL,DB00544,3385
HSA-MIR-582-5P,miRNA,TRAMETINIB,DB08911,11707110
HSA-MIR-582-5P,miRNA,VEMURAFENIB,DB08881,42611257
HSA-MIR-582-5P,miRNA,SIROLIMUS,DB00877,5284616
HSA-MIR-582-5P,miRNA,BROMOCRIPTINE,DB01200,31101
HSA-MIR-582-5P,miRNA,OXALIPLATIN,DB00526,6857599
HSA-MIR-583,miRNA,CERITINIB,DB09063,57379345
HSA-MIR-583,miRNA,IMATINIB,DB00619,5291
HSA-MIR-583,miRNA,SUNITINIB,DB01268,5329102
HSA-MIR-584,miRNA,CERITINIB,DB09063,57379345
HSA-MIR-584-3P,miRNA,GEMCITABINE,DB00441,60750
HSA-MIR-584-3P,miRNA,CISPLATIN,DB00515,5460033
HSA-MIR-584-3P,miRNA,DOCETAXEL,DB01248,148124
HSA-MIR-584-5P,miRNA,DOXORUBICIN,DB00997,31703
HSA-MIR-584-5P,miRNA,CISPLATIN,DB00515,5460033
HSA-MIR-584-5P,miRNA,TEMOZOLOMIDE,DB00853,5394
HSA-MIR-584-5P,miRNA,CARBOPLATIN,DB00958,38904
HSA-MIR-584-5P,miRNA,VINCRISTINE,DB00541,5978
HSA-MIR-584-5P,miRNA,MITOMYCIN C,DB00305,5746
HSA-MIR-584-5P,miRNA,OXALIPLATIN,DB00526,6857599
HSA-MIR-584-5P,miRNA,GEMCITABINE,DB00441,60750
HSA-MIR-584-5P,miRNA,FLUOROURACIL,DB00544,3385
HSA-MIR-584-5P,miRNA,TAXANE,NA,9548828
HSA-MIR-584-5P,miRNA,PLX-4720,DB06999,24180719
HSA-MIR-584-5P,miRNA,MITOXANTRONE,DB01204,4212
HSA-MIR-584-5P,miRNA,NINTEDANIB,DB09079,9809715
HSA-MIR-584-5P,miRNA,IMATINIB,DB00619,5291
HSA-MIR-584-5P,miRNA,FULVESTRANT,DB00947,17756771
HSA-MIR-584-5P,miRNA,CERITINIB,DB09063,57379345
HSA-MIR-584-5P,miRNA,SUNITINIB,DB01268,5329102
HSA-MIR-584-5P,miRNA,TRAMETINIB,DB08911,11707110
HSA-MIR-584-5P,miRNA,VEMURAFENIB,DB08881,42611257
HSA-MIR-584-5P,miRNA,PACLITAXEL,DB01229,36314
HSA-MIR-584-5P,miRNA,DABRAFENIB,DB08912,44462760
HSA-MIR-584-5P,miRNA,OSIMERTINIB,DB09330,71496458
HSA-MIR-584-5P,miRNA,DOCETAXEL,DB01248,148124
HSA-MIR-584A-3P,miRNA,CISPLATIN,DB00515,5460033
HSA-MIR-585,miRNA,CERITINIB,DB09063,57379345
HSA-MIR-585-3P,miRNA,SORAFENIB,DB00398,216239
HSA-MIR-585-3P,miRNA,OXALIPLATIN,DB00526,6857599
HSA-MIR-585-3P,miRNA,VINORELBINE,DB00361,44424639
HSA-MIR-585-3P,miRNA,GEFITINIB,DB00317,123631
HSA-MIR-585-3P,miRNA,ERLOTINIB,DB00530,176870
HSA-MIR-585-3P,miRNA,IMATINIB,DB00619,5291
HSA-MIR-585-3P,miRNA,CERITINIB,DB09063,57379345
HSA-MIR-585-3P,miRNA,VEMURAFENIB,DB08881,42611257
HSA-MIR-585-3P,miRNA,TRAMETINIB,DB08911,11707110
HSA-MIR-586,miRNA,CERITINIB,DB09063,57379345
HSA-MIR-586,miRNA,DOXORUBICIN,DB00997,31703
HSA-MIR-586,miRNA,VERAPAMIL,DB00661,2520
HSA-MIR-586,miRNA,VINORELBINE,DB00361,44424639
HSA-MIR-586,miRNA,CISPLATIN,DB00515,5460033
HSA-MIR-586,miRNA,FLUOROURACIL,DB00544,3385
HSA-MIR-586,miRNA,PACLITAXEL,DB01229,36314
HSA-MIR-586,miRNA,DOCETAXEL,DB01248,148124
HSA-MIR-586,miRNA,TIPIFARNIB,DB04960,159324
HSA-MIR-586-PRE,miRNA,IMATINIB,DB00619,5291
HSA-MIR-587,miRNA,DOXORUBICIN,DB00997,31703
HSA-MIR-587,miRNA,VERAPAMIL,DB00661,2520
HSA-MIR-587,miRNA,OXALIPLATIN,DB00526,6857599
HSA-MIR-587,miRNA,FLUOROURACIL,DB00544,3385
HSA-MIR-588,miRNA,DOXORUBICIN,DB00997,31703
HSA-MIR-588,miRNA,VERAPAMIL,DB00661,2520
HSA-MIR-588,miRNA,CISPLATIN,DB00515,5460033
HSA-MIR-588-PRE,miRNA,IMATINIB,DB00619,5291
HSA-MIR-589,miRNA,CERITINIB,DB09063,57379345
HSA-MIR-589,miRNA,GEMCITABINE,DB00441,60750
HSA-MIR-589,miRNA,PACLITAXEL,DB01229,36314
HSA-MIR-589-3P,miRNA,DOXORUBICIN,DB00997,31703
HSA-MIR-589-3P,miRNA,VERAPAMIL,DB00661,2520
HSA-MIR-589-3P,miRNA,GEMCITABINE,DB00441,60750
HSA-MIR-589-3P,miRNA,CISPLATIN,DB00515,5460033
HSA-MIR-589-3P,miRNA,IMATINIB,DB00619,5291
HSA-MIR-589-3P,miRNA,ETOPOSIDE,DB00773,36462
HSA-MIR-589-3P,miRNA,VINORELBINE,DB00361,44424639
HSA-MIR-589-3P,miRNA,PACLITAXEL,DB01229,36314
HSA-MIR-589-3P,miRNA,VINCRISTINE,DB00541,5978
HSA-MIR-589-3P,miRNA,TEMOZOLOMIDE,DB00853,5394
HSA-MIR-589-5P,miRNA,DOXORUBICIN,DB00997,31703
HSA-MIR-589-5P,miRNA,CERITINIB,DB09063,57379345
HSA-MIR-589-5P,miRNA,SUNITINIB,DB01268,5329102
HSA-MIR-589-5P,miRNA,FLUOROURACIL,DB00544,3385
HSA-MIR-589-5P,miRNA,VINORELBINE,DB00361,44424639
HSA-MIR-589-5P,miRNA,PACLITAXEL,DB01229,36314
HSA-MIR-589-5P,miRNA,ETOPOSIDE,DB00773,36462
HSA-MIR-589-5P,miRNA,VINCRISTINE,DB00541,5978
HSA-MIR-590-3P,miRNA,CISPLATIN,DB00515,5460033
HSA-MIR-590-3P,miRNA,GEMCITABINE,DB00441,60750
HSA-MIR-590-3P,miRNA,DOXORUBICIN,DB00997,31703
HSA-MIR-590-3P,miRNA,PACLITAXEL,DB01229,36314
HSA-MIR-590-3P,miRNA,ETOPOSIDE,DB00773,36462
HSA-MIR-590-3P,miRNA,VINORELBINE,DB00361,44424639
HSA-MIR-590-3P,miRNA,VINCRISTINE,DB00541,5978
HSA-MIR-590-5P,miRNA,DOXORUBICIN,DB00997,31703
HSA-MIR-590-5P,miRNA,VERAPAMIL,DB00661,2520
HSA-MIR-590-5P,miRNA,DOCETAXEL,DB01248,148124
HSA-MIR-590-5P,miRNA,FLUOROURACIL,DB00544,3385
HSA-MIR-590-5P,miRNA,GEMCITABINE,DB00441,60750
HSA-MIR-590-5P,miRNA,CISPLATIN,DB00515,5460033
HSA-MIR-590-5P,miRNA,TAXANE,NA,9548828
HSA-MIR-590-5P,miRNA,PACLITAXEL,DB01229,36314
HSA-MIR-590-5P,miRNA,DAUNORUBICIN,DB00694,30323
HSA-MIR-590-5P,miRNA,ERLOTINIB,DB00530,176870
HSA-MIR-590-5P,miRNA,VEMURAFENIB,DB08881,42611257
HSA-MIR-590-5P,miRNA,VINORELBINE,DB00361,44424639
HSA-MIR-590-5P,miRNA,ETOPOSIDE,DB00773,36462
HSA-MIR-590-5P,miRNA,VINCRISTINE,DB00541,5978
HSA-MIR-591,miRNA,DOXORUBICIN,DB00997,31703
HSA-MIR-591,miRNA,VERAPAMIL,DB00661,2520
HSA-MIR-591,miRNA,PACLITAXEL,DB01229,36314
HSA-MIR-591,miRNA,OXALIPLATIN,DB00526,6857599
HSA-MIR-591,miRNA,CISPLATIN,DB00515,5460033
HSA-MIR-591,miRNA,SORAFENIB,DB00398,216239
HSA-MIR-592,miRNA,VERAPAMIL,DB00661,2520
HSA-MIR-592,miRNA,DOXORUBICIN,DB00997,31703
HSA-MIR-592,miRNA,CARBOPLATIN,DB00958,38904
HSA-MIR-592,miRNA,CISPLATIN,DB00515,5460033
HSA-MIR-592,miRNA,FLUOROURACIL,DB00544,3385
HSA-MIR-593,miRNA,OXALIPLATIN,DB00526,6857599
HSA-MIR-593,miRNA,GEMCITABINE,DB00441,60750
HSA-MIR-593,miRNA,FLUOROURACIL,DB00544,3385
HSA-MIR-593,miRNA,DOXORUBICIN,DB00997,31703
HSA-MIR-593,miRNA,CISPLATIN,DB00515,5460033
HSA-MIR-593-3P,miRNA,IMATINIB,DB00619,5291
HSA-MIR-593-5P,miRNA,DOXORUBICIN,DB00997,31703
HSA-MIR-593-5P,miRNA,VERAPAMIL,DB00661,2520
HSA-MIR-593-5P,miRNA,CISPLATIN,DB00515,5460033
HSA-MIR-594,miRNA,DOXORUBICIN,DB00997,31703
HSA-MIR-594,miRNA,DEXAMETHASONE,DB01234,5743
HSA-MIR-595,miRNA,OXALIPLATIN,DB00526,6857599
HSA-MIR-595,miRNA,IMATINIB,DB00619,5291
HSA-MIR-595,miRNA,CISPLATIN,DB00515,5460033
HSA-MIR-595,miRNA,PACLITAXEL,DB01229,36314
HSA-MIR-595,miRNA,METHOTREXATE,DB00563,126941
HSA-MIR-595,miRNA,DOXORUBICIN,DB00997,31703
HSA-MIR-596,miRNA,IMATINIB,DB00619,5291
HSA-MIR-596,miRNA,VEMURAFENIB,DB08881,42611257
HSA-MIR-596,miRNA,TRAMETINIB,DB08911,11707110
HSA-MIR-596,miRNA,ANLOTINIB,DB11885,25017411
HSA-MIR-597-5P,miRNA,GEMCITABINE,DB00441,60750
HSA-MIR-597-5P,miRNA,CISPLATIN,DB00515,5460033
HSA-MIR-597-5P,miRNA,DOXORUBICIN,DB00997,31703
HSA-MIR-597-5P,miRNA,CERITINIB,DB09063,57379345
HSA-MIR-597-5P,miRNA,SUNITINIB,DB01268,5329102
HSA-MIR-598,miRNA,IMATINIB,DB00619,5291
HSA-MIR-598-3P,miRNA,OXALIPLATIN,DB00526,6857599
HSA-MIR-598-3P,miRNA,DOCETAXEL,DB01248,148124
HSA-MIR-598-3P,miRNA,CISPLATIN,DB00515,5460033
HSA-MIR-598-3P,miRNA,TAMOXIFEN,DB00675,2733525
HSA-MIR-598-3P,miRNA,TRAMETINIB,DB08911,11707110
HSA-MIR-598-3P,miRNA,VEMURAFENIB,DB08881,42611257
HSA-MIR-598-3P,miRNA,PACLITAXEL,DB01229,36314
HSA-MIR-599,miRNA,GEFITINIB,DB00317,123631
HSA-MIR-599,miRNA,TEMOZOLOMIDE,DB00853,5394
HSA-MIR-601,miRNA,DOXORUBICIN,DB00997,31703
HSA-MIR-601,miRNA,VERAPAMIL,DB00661,2520
HSA-MIR-601,miRNA,CISPLATIN,DB00515,5460033
HSA-MIR-601,miRNA,OXALIPLATIN,DB00526,6857599
HSA-MIR-601,miRNA,PLATINUM,DB12257,23939
HSA-MIR-601,miRNA,VEMURAFENIB,DB08881,42611257
HSA-MIR-601,miRNA,DABRAFENIB,DB08912,44462760
HSA-MIR-601,miRNA,TRAMETINIB,DB08911,11707110
HSA-MIR-602,miRNA,GEMCITABINE,DB00441,60750
HSA-MIR-602,miRNA,OXALIPLATIN,DB00526,6857599
HSA-MIR-602,miRNA,DABRAFENIB,DB08912,44462760
HSA-MIR-602,miRNA,VEMURAFENIB,DB08881,42611257
HSA-MIR-602,miRNA,PACLITAXEL,DB01229,36314
HSA-MIR-602,miRNA,FULVESTRANT,DB00947,17756771
HSA-MIR-603,miRNA,CISPLATIN,DB00515,5460033
HSA-MIR-603,miRNA,OXALIPLATIN,DB00526,6857599
HSA-MIR-604,miRNA,IMATINIB,DB00619,5291
HSA-MIR-604,miRNA,CISPLATIN,DB00515,5460033
HSA-MIR-604,miRNA,FLUOROURACIL,DB00544,3385
HSA-MIR-604,miRNA,TRAMETINIB,DB08911,11707110
HSA-MIR-604,miRNA,VEMURAFENIB,DB08881,42611257
HSA-MIR-605,miRNA,CERITINIB,DB09063,57379345
HSA-MIR-605-3P,miRNA,CERITINIB,DB09063,57379345
HSA-MIR-605-5P,miRNA,VERAPAMIL,DB00661,2520
HSA-MIR-605-5P,miRNA,DOXORUBICIN,DB00997,31703
HSA-MIR-605-5P,miRNA,NAVITOCLAX,DB12340,24978538
HSA-MIR-605-5P,miRNA,GEMCITABINE,DB00441,60750
HSA-MIR-605-5P,miRNA,PACLITAXEL,DB01229,36314
HSA-MIR-605-5P,miRNA,CISPLATIN,DB00515,5460033
HSA-MIR-605-5P,miRNA,FLUOROURACIL,DB00544,3385
HSA-MIR-605*,miRNA,IMATINIB,DB00619,5291
HSA-MIR-606,miRNA,DOXORUBICIN,DB00997,31703
HSA-MIR-606,miRNA,VERAPAMIL,DB00661,2520
HSA-MIR-606,miRNA,PACLITAXEL,DB01229,36314
HSA-MIR-6068,miRNA,PLATINUM,DB12257,23939
HSA-MIR-6068,miRNA,DOXORUBICIN,DB00997,31703
HSA-MIR-6068,miRNA,CURCUMIN,DB11672,969516
HSA-MIR-6068,miRNA,CISPLATIN,DB00515,5460033
HSA-MIR-6069,miRNA,PLATINUM,DB12257,23939
HSA-MIR-6069,miRNA,CISPLATIN,DB00515,5460033
HSA-MIR-607-3P,miRNA,CISPLATIN,DB00515,5460033
HSA-MIR-6075,miRNA,PLATINUM,DB12257,23939
HSA-MIR-6075,miRNA,DABRAFENIB,DB08912,44462760
HSA-MIR-6075,miRNA,VEMURAFENIB,DB08881,42611257
HSA-MIR-6075,miRNA,CISPLATIN,DB00515,5460033
HSA-MIR-6076,miRNA,PLATINUM,DB12257,23939
HSA-MIR-6076,miRNA,DABRAFENIB,DB08912,44462760
HSA-MIR-6076,miRNA,VEMURAFENIB,DB08881,42611257
HSA-MIR-6076,miRNA,SUNITINIB,DB01268,5329102
HSA-MIR-6076,miRNA,CISPLATIN,DB00515,5460033
HSA-MIR-6077,miRNA,ANLOTINIB,DB11885,25017411
HSA-MIR-608,miRNA,CISPLATIN,DB00515,5460033
HSA-MIR-608,miRNA,IMATINIB,DB00619,5291
HSA-MIR-608,miRNA,GEMCITABINE,DB00441,60750
HSA-MIR-608,miRNA,DOXORUBICIN,DB00997,31703
HSA-MIR-6083,miRNA,PLATINUM,DB12257,23939
HSA-MIR-6085,miRNA,PLATINUM,DB12257,23939
HSA-MIR-6085,miRNA,AZACITIDINE,DB00928,9444
HSA-MIR-6085,miRNA,PACLITAXEL,DB01229,36314
HSA-MIR-6086,miRNA,PLATINUM,DB12257,23939
HSA-MIR-6087,miRNA,CERITINIB,DB09063,57379345
HSA-MIR-6087,miRNA,GEMCITABINE,DB00441,60750
HSA-MIR-6087,miRNA,PLATINUM,DB12257,23939
HSA-MIR-6087,miRNA,VINCRISTINE,DB00541,5978
HSA-MIR-6088,miRNA,PLATINUM,DB12257,23939
HSA-MIR-6088,miRNA,DABRAFENIB,DB08912,44462760
HSA-MIR-6088,miRNA,VEMURAFENIB,DB08881,42611257
HSA-MIR-6088,miRNA,DOXORUBICIN,DB00997,31703
HSA-MIR-6088,miRNA,CURCUMIN,DB11672,969516
HSA-MIR-6089,miRNA,PLATINUM,DB12257,23939
HSA-MIR-6089,miRNA,CURCUMIN,DB11672,969516
HSA-MIR-6089,miRNA,DOXORUBICIN,DB00997,31703
HSA-MIR-6089,miRNA,PACLITAXEL,DB01229,36314
HSA-MIR-609,miRNA,OXALIPLATIN,DB00526,6857599
HSA-MIR-609,miRNA,SORAFENIB,DB00398,216239
HSA-MIR-6090,miRNA,PLATINUM,DB12257,23939
HSA-MIR-6090,miRNA,VEMURAFENIB,DB08881,42611257
HSA-MIR-6090,miRNA,CURCUMIN,DB11672,969516
HSA-MIR-6090,miRNA,DOXORUBICIN,DB00997,31703
HSA-MIR-610,miRNA,CISPLATIN,DB00515,5460033
HSA-MIR-610,miRNA,PACLITAXEL,DB01229,36314
HSA-MIR-610,miRNA,FLUOROURACIL,DB00544,3385
HSA-MIR-611,miRNA,OXALIPLATIN,DB00526,6857599
HSA-MIR-611,miRNA,TRAMETINIB,DB08911,11707110
HSA-MIR-611,miRNA,VEMURAFENIB,DB08881,42611257
HSA-MIR-612,miRNA,CARBOPLATIN,DB00958,38904
HSA-MIR-612,miRNA,CISPLATIN,DB00515,5460033
HSA-MIR-612,miRNA,DOXORUBICIN,DB00997,31703
HSA-MIR-612,miRNA,MITOMYCIN C,DB00305,5746
HSA-MIR-612,miRNA,VINCRISTINE,DB00541,5978
HSA-MIR-612,miRNA,PACLITAXEL,DB01229,36314
HSA-MIR-612,miRNA,DABRAFENIB,DB08912,44462760
HSA-MIR-6124,miRNA,PLATINUM,DB12257,23939
HSA-MIR-6124,miRNA,DABRAFENIB,DB08912,44462760
HSA-MIR-6124,miRNA,VEMURAFENIB,DB08881,42611257
HSA-MIR-6124,miRNA,DOXORUBICIN,DB00997,31703
HSA-MIR-6124,miRNA,CURCUMIN,DB11672,969516
HSA-MIR-6125,miRNA,DOXORUBICIN,DB00997,31703
HSA-MIR-6125,miRNA,CURCUMIN,DB11672,969516
HSA-MIR-6125,miRNA,PACLITAXEL,DB01229,36314
HSA-MIR-6126,miRNA,PLATINUM,DB12257,23939
HSA-MIR-6126,miRNA,DABRAFENIB,DB08912,44462760
HSA-MIR-6126,miRNA,VEMURAFENIB,DB08881,42611257
HSA-MIR-6126,miRNA,CISPLATIN,DB00515,5460033
HSA-MIR-6127,miRNA,PLATINUM,DB12257,23939
HSA-MIR-6127,miRNA,GEMCITABINE,DB00441,60750
HSA-MIR-6129,miRNA,PLATINUM,DB12257,23939
HSA-MIR-613,miRNA,VERAPAMIL,DB00661,2520
HSA-MIR-613,miRNA,DOXORUBICIN,DB00997,31703
HSA-MIR-613,miRNA,OXALIPLATIN,DB00526,6857599
HSA-MIR-613,miRNA,PONATINIB,DB08901,24826799
HSA-MIR-613,miRNA,IMATINIB,DB00619,5291
HSA-MIR-613,miRNA,PACLITAXEL,DB01229,36314
HSA-MIR-613,miRNA,CISPLATIN,DB00515,5460033
HSA-MIR-613,miRNA,SORAFENIB,DB00398,216239
HSA-MIR-613,miRNA,METHOTREXATE,DB00563,126941
HSA-MIR-613,miRNA,DAUNORUBICIN,DB00694,30323
HSA-MIR-6131,miRNA,PLATINUM,DB12257,23939
HSA-MIR-6132,miRNA,VEMURAFENIB,DB08881,42611257
HSA-MIR-6132,miRNA,DABRAFENIB,DB08912,44462760
HSA-MIR-6132,miRNA,PACLITAXEL,DB01229,36314
HSA-MIR-6132,miRNA,CISPLATIN,DB00515,5460033
HSA-MIR-6133,miRNA,DOXORUBICIN,DB00997,31703
HSA-MIR-6133,miRNA,CURCUMIN,DB11672,969516
HSA-MIR-6133,miRNA,PACLITAXEL,DB01229,36314
HSA-MIR-6134,miRNA,GEMCITABINE,DB00441,60750
HSA-MIR-614,miRNA,FLUOROURACIL,DB00544,3385
HSA-MIR-614,miRNA,GEMCITABINE,DB00441,60750
HSA-MIR-615,miRNA,CISPLATIN,DB00515,5460033
HSA-MIR-615,miRNA,CERITINIB,DB09063,57379345
HSA-MIR-615-3P,miRNA,DOXORUBICIN,DB00997,31703
HSA-MIR-615-3P,miRNA,METHOTREXATE,DB00563,126941
HSA-MIR-615-3P,miRNA,TAMOXIFEN,DB00675,2733525
HSA-MIR-615-3P,miRNA,CISPLATIN,DB00515,5460033
HSA-MIR-615-3P,miRNA,FLUOROURACIL,DB00544,3385
HSA-MIR-615-3P,miRNA,VINCRISTINE,DB00541,5978
HSA-MIR-615-3P,miRNA,PACLITAXEL,DB01229,36314
HSA-MIR-615-3P,miRNA,GEMCITABINE,DB00441,60750
HSA-MIR-615-3P,miRNA,ETOPOSIDE,DB00773,36462
HSA-MIR-615-3P,miRNA,TENIPOSIDE,DB00444,452548
HSA-MIR-615-3P,miRNA,CERITINIB,DB09063,57379345
HSA-MIR-615-3P,miRNA,VINORELBINE,DB00361,44424639
HSA-MIR-615-5P,miRNA,FLUOROURACIL,DB00544,3385
HSA-MIR-615-5P,miRNA,FULVESTRANT,DB00947,17756771
HSA-MIR-616,miRNA,CISPLATIN,DB00515,5460033
HSA-MIR-616,miRNA,CERITINIB,DB09063,57379345
HSA-MIR-616,miRNA,OXALIPLATIN,DB00526,6857599
HSA-MIR-616,miRNA,SORAFENIB,DB00398,216239
HSA-MIR-616,miRNA,PACLITAXEL,DB01229,36314
HSA-MIR-616-3P,miRNA,PACLITAXEL,DB01229,36314
HSA-MIR-6165,miRNA,PLATINUM,DB12257,23939
HSA-MIR-6165,miRNA,PACLITAXEL,DB01229,36314
HSA-MIR-617,miRNA,PLATINUM,DB12257,23939
HSA-MIR-617,miRNA,CISPLATIN,DB00515,5460033
HSA-MIR-617,miRNA,FLUOROURACIL,DB00544,3385
HSA-MIR-617,miRNA,VEMURAFENIB,DB08881,42611257
HSA-MIR-617,miRNA,TRAMETINIB,DB08911,11707110
HSA-MIR-617,miRNA,PACLITAXEL,DB01229,36314
HSA-MIR-618,miRNA,FLUOROURACIL,DB00544,3385
HSA-MIR-618,miRNA,OXALIPLATIN,DB00526,6857599
HSA-MIR-618,miRNA,DAUNORUBICIN,DB00694,30323
HSA-MIR-618,miRNA,CISPLATIN,DB00515,5460033
HSA-MIR-619-3P,miRNA,OXALIPLATIN,DB00526,6857599
HSA-MIR-619-3P,miRNA,TRAMETINIB,DB08911,11707110
HSA-MIR-619-3P,miRNA,VEMURAFENIB,DB08881,42611257
HSA-MIR-619-3P,miRNA,CISPLATIN,DB00515,5460033
HSA-MIR-619-5P,miRNA,ERLOTINIB,DB00530,176870
HSA-MIR-619-5P,miRNA,CISPLATIN,DB00515,5460033
HSA-MIR-620,miRNA,PACLITAXEL,DB01229,36314
HSA-MIR-620,miRNA,DOXORUBICIN,DB00997,31703
HSA-MIR-620,miRNA,GEMCITABINE,DB00441,60750
HSA-MIR-620,miRNA,VEMURAFENIB,DB08881,42611257
HSA-MIR-620,miRNA,CISPLATIN,DB00515,5460033
HSA-MIR-621,miRNA,DOXORUBICIN,DB00997,31703
HSA-MIR-621,miRNA,CARBOPLATIN,DB00958,38904
HSA-MIR-621,miRNA,PACLITAXEL,DB01229,36314
HSA-MIR-621,miRNA,CISPLATIN,DB00515,5460033
HSA-MIR-621,miRNA,FLUOROURACIL,DB00544,3385
HSA-MIR-622,miRNA,PACLITAXEL,DB01229,36314
HSA-MIR-622,miRNA,FLUOROURACIL,DB00544,3385
HSA-MIR-622,miRNA,GEMCITABINE,DB00441,60750
HSA-MIR-622,miRNA,PLATINUM,DB12257,23939
HSA-MIR-622,miRNA,SORAFENIB,DB00398,216239
HSA-MIR-622,miRNA,CISPLATIN,DB00515,5460033
HSA-MIR-622,miRNA,SUNITINIB,DB01268,5329102
HSA-MIR-622,miRNA,DABRAFENIB,DB08912,44462760
HSA-MIR-623,miRNA,PLATINUM,DB12257,23939
HSA-MIR-623,miRNA,FLUOROURACIL,DB00544,3385
HSA-MIR-623-5P,miRNA,SORAFENIB,DB00398,216239
HSA-MIR-624,miRNA,CISPLATIN,DB00515,5460033
HSA-MIR-624,miRNA,PACLITAXEL,DB01229,36314
HSA-MIR-624-3P,miRNA,IMATINIB,DB00619,5291
HSA-MIR-624-3P,miRNA,CISPLATIN,DB00515,5460033
HSA-MIR-624-5P,miRNA,SUNITINIB,DB01268,5329102
HSA-MIR-624-5P,miRNA,GEMCITABINE,DB00441,60750
HSA-MIR-624-5P,miRNA,FLUOROURACIL,DB00544,3385
HSA-MIR-624-5P,miRNA,ETOPOSIDE,DB00773,36462
HSA-MIR-624-5P,miRNA,DOXORUBICIN,DB00997,31703
HSA-MIR-624-5P,miRNA,PACLITAXEL,DB01229,36314
HSA-MIR-624-5P,miRNA,VINORELBINE,DB00361,44424639
HSA-MIR-624-5P,miRNA,VINCRISTINE,DB00541,5978
HSA-MIR-625,miRNA,CISPLATIN,DB00515,5460033
HSA-MIR-625-3P,miRNA,OXALIPLATIN,DB00526,6857599
HSA-MIR-625-3P,miRNA,PACLITAXEL,DB01229,36314
HSA-MIR-625-3P,miRNA,GEMCITABINE,DB00441,60750
HSA-MIR-625-3P,miRNA,FLUOROURACIL,DB00544,3385
HSA-MIR-625-3P,miRNA,TAMOXIFEN,DB00675,2733525
HSA-MIR-625-3P,miRNA,CISPLATIN,DB00515,5460033
HSA-MIR-625-3P,miRNA,SUNITINIB,DB01268,5329102
HSA-MIR-625-3P,miRNA,VEMURAFENIB,DB08881,42611257
HSA-MIR-625-3P,miRNA,GEFITINIB,DB00317,123631
HSA-MIR-625-5P,miRNA,DAUNORUBICIN,DB00694,30323
HSA-MIR-625-5P,miRNA,VINCRISTINE,DB00541,5978
HSA-MIR-625-5P,miRNA,PREDNISOLONE,DB00860,5755
HSA-MIR-625-5P,miRNA,CISPLATIN,DB00515,5460033
HSA-MIR-625-5P,miRNA,TAMOXIFEN,DB00675,2733525
HSA-MIR-625-5P,miRNA,PAROXETINE,DB00715,43815
HSA-MIR-625-5P,miRNA,DOXORUBICIN,DB00997,31703
HSA-MIR-625-5P,miRNA,SORAFENIB,DB00398,216239
HSA-MIR-625-5P,miRNA,NINTEDANIB,DB09079,9809715
HSA-MIR-625-5P,miRNA,IMATINIB,DB00619,5291
HSA-MIR-625-5P,miRNA,PACLITAXEL,DB01229,36314
HSA-MIR-625-5P,miRNA,FLUOROURACIL,DB00544,3385
HSA-MIR-625-5P,miRNA,VEMURAFENIB,DB08881,42611257
HSA-MIR-625-5P,miRNA,DABRAFENIB,DB08912,44462760
HSA-MIR-625-5P,miRNA,TRAMETINIB,DB08911,11707110
HSA-MIR-627-5P,miRNA,SORAFENIB,DB00398,216239
HSA-MIR-627-5P,miRNA,OXALIPLATIN,DB00526,6857599
HSA-MIR-627-5P,miRNA,PACLITAXEL,DB01229,36314
HSA-MIR-627-5P,miRNA,CISPLATIN,DB00515,5460033
HSA-MIR-628-3P,miRNA,CISPLATIN,DB00515,5460033
HSA-MIR-628-3P,miRNA,TAMOXIFEN,DB00675,2733525
HSA-MIR-628-3P,miRNA,ERLOTINIB,DB00530,176870
HSA-MIR-628-3P,miRNA,SUNITINIB,DB01268,5329102
HSA-MIR-628-3P,miRNA,DOXORUBICIN,DB00997,31703
HSA-MIR-628-3P,miRNA,DABRAFENIB,DB08912,44462760
HSA-MIR-628-3P,miRNA,VEMURAFENIB,DB08881,42611257
HSA-MIR-628-3P,miRNA,CERITINIB,DB09063,57379345
HSA-MIR-628-3P,miRNA,PLATINUM,DB12257,23939
HSA-MIR-628-5P,miRNA,SUNITINIB,DB01268,5329102
HSA-MIR-628-5P,miRNA,TRAMETINIB,DB08911,11707110
HSA-MIR-628-5P,miRNA,DABRAFENIB,DB08912,44462760
HSA-MIR-628-5P,miRNA,VEMURAFENIB,DB08881,42611257
HSA-MIR-628-5P,miRNA,VINCRISTINE,DB00541,5978
HSA-MIR-628-5P,miRNA,VINORELBINE,DB00361,44424639
HSA-MIR-628-5P,miRNA,DOXORUBICIN,DB00997,31703
HSA-MIR-628-5P,miRNA,ETOPOSIDE,DB00773,36462
HSA-MIR-628-5P,miRNA,PACLITAXEL,DB01229,36314
HSA-MIR-629,miRNA,PAROXETINE,DB00715,43815
HSA-MIR-629,miRNA,CERITINIB,DB09063,57379345
HSA-MIR-629,miRNA,DOXORUBICIN,DB00997,31703
HSA-MIR-629,miRNA,VERAPAMIL,DB00661,2520
HSA-MIR-629,miRNA,DAUNORUBICIN,DB00694,30323
HSA-MIR-629,miRNA,VINCRISTINE,DB00541,5978
HSA-MIR-629,miRNA,PREDNISOLONE,DB00860,5755
HSA-MIR-629,miRNA,SUNITINIB,DB01268,5329102
HSA-MIR-629,miRNA,GEMCITABINE,DB00441,60750
HSA-MIR-629,miRNA,FLUOROURACIL,DB00544,3385
HSA-MIR-629,miRNA,CISPLATIN,DB00515,5460033
HSA-MIR-629,miRNA,1'-ACETOXYCHAVICOL ACETATE,NA,119104
HSA-MIR-629,miRNA,FULVESTRANT,DB00947,17756771
HSA-MIR-629-3P,miRNA,PAROXETINE,DB00715,43815
HSA-MIR-629-3P,miRNA,VEMURAFENIB,DB08881,42611257
HSA-MIR-629-3P,miRNA,TAMOXIFEN,DB00675,2733525
HSA-MIR-629-3P,miRNA,CISPLATIN,DB00515,5460033
HSA-MIR-629-3P,miRNA,PONATINIB,DB08901,24826799
HSA-MIR-629-3P,miRNA,IMATINIB,DB00619,5291
HSA-MIR-629-3P,miRNA,CERITINIB,DB09063,57379345
HSA-MIR-629-3P,miRNA,OXALIPLATIN,DB00526,6857599
HSA-MIR-629-3P,miRNA,GEMCITABINE,DB00441,60750
HSA-MIR-629-5P,miRNA,CISPLATIN,DB00515,5460033
HSA-MIR-629-5P,miRNA,PACLITAXEL,DB01229,36314
HSA-MIR-629-5P,miRNA,IMATINIB,DB00619,5291
HSA-MIR-629-5P,miRNA,CERITINIB,DB09063,57379345
HSA-MIR-629-5P,miRNA,GEFITINIB,DB00317,123631
HSA-MIR-629-5P,miRNA,FULVESTRANT,DB00947,17756771
HSA-MIR-629-5P,miRNA,TIPIFARNIB,DB04960,159324
HSA-MIR-629-5P,miRNA,BROMOCRIPTINE,DB01200,31101
HSA-MIR-629-5P,miRNA,OXALIPLATIN,DB00526,6857599
HSA-MIR-629-5P,miRNA,TEMOZOLOMIDE,DB00853,5394
HSA-MIR-630,miRNA,OXALIPLATIN,DB00526,6857599
HSA-MIR-630,miRNA,CARBOPLATIN,DB00958,38904
HSA-MIR-630,miRNA,CISPLATIN,DB00515,5460033
HSA-MIR-630,miRNA,DOXORUBICIN,DB00997,31703
HSA-MIR-630,miRNA,VINCRISTINE,DB00541,5978
HSA-MIR-630,miRNA,MITOMYCIN C,DB00305,5746
HSA-MIR-630,miRNA,NERATINIB,DB11828,9915743
HSA-MIR-630,miRNA,LAPATINIB,DB01259,208908
HSA-MIR-630,miRNA,PLATINUM,DB12257,23939
HSA-MIR-630,miRNA,PACLITAXEL,DB01229,36314
HSA-MIR-630,miRNA,VEMURAFENIB,DB08881,42611257
HSA-MIR-630,miRNA,TRAMETINIB,DB08911,11707110
HSA-MIR-631,miRNA,CISPLATIN,DB00515,5460033
HSA-MIR-631,miRNA,OXALIPLATIN,DB00526,6857599
HSA-MIR-631,miRNA,BORTEZOMIB,DB00188,387447
HSA-MIR-631,miRNA,GEMCITABINE,DB00441,60750
HSA-MIR-632,miRNA,METHOTREXATE,DB00563,126941
HSA-MIR-633,miRNA,DOXORUBICIN,DB00997,31703
HSA-MIR-633,miRNA,VERAPAMIL,DB00661,2520
HSA-MIR-633,miRNA,TRAMETINIB,DB08911,11707110
HSA-MIR-633,miRNA,VEMURAFENIB,DB08881,42611257
HSA-MIR-633,miRNA,CISPLATIN,DB00515,5460033
HSA-MIR-634,miRNA,OXALIPLATIN,DB00526,6857599
HSA-MIR-634,miRNA,PACLITAXEL,DB01229,36314
HSA-MIR-634,miRNA,DOXORUBICIN,DB00997,31703
HSA-MIR-634,miRNA,CISPLATIN,DB00515,5460033
HSA-MIR-634,miRNA,FLUOROURACIL,DB00544,3385
HSA-MIR-634,miRNA,CARBOPLATIN,DB00958,38904
HSA-MIR-634,miRNA,TEMOZOLOMIDE,DB00853,5394
HSA-MIR-635,miRNA,DOXORUBICIN,DB00997,31703
HSA-MIR-636,miRNA,ERLOTINIB,DB00530,176870
HSA-MIR-636,miRNA,CISPLATIN,DB00515,5460033
HSA-MIR-636,miRNA,SUNITINIB,DB01268,5329102
HSA-MIR-636,miRNA,SORAFENIB,DB00398,216239
HSA-MIR-636,miRNA,IMATINIB,DB00619,5291
HSA-MIR-636,miRNA,TAMOXIFEN,DB00675,2733525
HSA-MIR-636,miRNA,FLUOROURACIL,DB00544,3385
HSA-MIR-636,miRNA,PACLITAXEL,DB01229,36314
HSA-MIR-637,miRNA,SORAFENIB,DB00398,216239
HSA-MIR-637,miRNA,DOXORUBICIN,DB00997,31703
HSA-MIR-637,miRNA,CISPLATIN,DB00515,5460033
HSA-MIR-637,miRNA,PACLITAXEL,DB01229,36314
HSA-MIR-637,miRNA,FULVESTRANT,DB00947,17756771
HSA-MIR-637,miRNA,TRAMETINIB,DB08911,11707110
HSA-MIR-637,miRNA,VEMURAFENIB,DB08881,42611257
HSA-MIR-637,miRNA,TIVANTINIB,DB12200,11494412
HSA-MIR-637,miRNA,OXALIPLATIN,DB00526,6857599
HSA-MIR-637,miRNA,SEVOFLURANE,DB01236,5206
HSA-MIR-638,miRNA,CISPLATIN,DB00515,5460033
HSA-MIR-638,miRNA,OXALIPLATIN,DB00526,6857599
HSA-MIR-638,miRNA,GEMCITABINE,DB00441,60750
HSA-MIR-638,miRNA,VINCRISTINE,DB00541,5978
HSA-MIR-638,miRNA,BORTEZOMIB,DB00188,387447
HSA-MIR-638,miRNA,GEFITINIB,DB00317,123631
HSA-MIR-638,miRNA,IMATINIB,DB00619,5291
HSA-MIR-638,miRNA,PLATINUM,DB12257,23939
HSA-MIR-638,miRNA,DOCETAXEL,DB01248,148124
HSA-MIR-638,miRNA,PACLITAXEL,DB01229,36314
HSA-MIR-638,miRNA,FULVESTRANT,DB00947,17756771
HSA-MIR-638,miRNA,FLUOROURACIL,DB00544,3385
HSA-MIR-638,miRNA,ANTHRACYCLINE,DB00694,30323
HSA-MIR-638,miRNA,CYCLOPHOSPHAMIDE,DB00531,2907
HSA-MIR-638,miRNA,METHOTREXATE,DB00563,126941
HSA-MIR-638,miRNA,TAXOL,DB01229,36314
HSA-MIR-638,miRNA,PROPOFOL,DB00818,4943
HSA-MIR-639,miRNA,VERAPAMIL,DB00661,2520
HSA-MIR-639,miRNA,DOXORUBICIN,DB00997,31703
HSA-MIR-639,miRNA,CISPLATIN,DB00515,5460033
HSA-MIR-639,miRNA,OXALIPLATIN,DB00526,6857599
HSA-MIR-640,miRNA,PACLITAXEL,DB01229,36314
HSA-MIR-640,miRNA,TRAMETINIB,DB08911,11707110
HSA-MIR-640,miRNA,VEMURAFENIB,DB08881,42611257
HSA-MIR-640,miRNA,MITOXANTRONE,DB01204,4212
HSA-MIR-640,miRNA,SORAFENIB,DB00398,216239
HSA-MIR-641,miRNA,ERLOTINIB,DB00530,176870
HSA-MIR-641,miRNA,GEMCITABINE,DB00441,60750
HSA-MIR-641,miRNA,DOCETAXEL,DB01248,148124
HSA-MIR-642-5P,miRNA,OXALIPLATIN,DB00526,6857599
HSA-MIR-642A-3P,miRNA,PLATINUM,DB12257,23939
HSA-MIR-642A-3P,miRNA,CISPLATIN,DB00515,5460033
HSA-MIR-642A-3P,miRNA,DABRAFENIB,DB08912,44462760
HSA-MIR-642A-3P,miRNA,VEMURAFENIB,DB08881,42611257
HSA-MIR-642A-3P,miRNA,FLUOROURACIL,DB00544,3385
HSA-MIR-642A-3P,miRNA,PACLITAXEL,DB01229,36314
HSA-MIR-642A-3P,miRNA,ETOPOSIDE,DB00773,36462
HSA-MIR-642A-3P,miRNA,VINORELBINE,DB00361,44424639
HSA-MIR-642A-3P,miRNA,DOXORUBICIN,DB00997,31703
HSA-MIR-642A-3P,miRNA,VINCRISTINE,DB00541,5978
HSA-MIR-642A-5P,miRNA,CISPLATIN,DB00515,5460033
HSA-MIR-642A-5P,miRNA,DOXORUBICIN,DB00997,31703
HSA-MIR-642A-5P,miRNA,CARBOPLATIN,DB00958,38904
HSA-MIR-642A-5P,miRNA,TAMOXIFEN,DB00675,2733525
HSA-MIR-642A-5P,miRNA,IMATINIB,DB00619,5291
HSA-MIR-642A-5P,miRNA,GEFITINIB,DB00317,123631
HSA-MIR-642A-5P,miRNA,OXALIPLATIN,DB00526,6857599
HSA-MIR-642B-3P,miRNA,PLATINUM,DB12257,23939
HSA-MIR-642B-3P,miRNA,IMATINIB,DB00619,5291
HSA-MIR-642B-3P,miRNA,SUNITINIB,DB01268,5329102
HSA-MIR-642B-3P,miRNA,PACLITAXEL,DB01229,36314
HSA-MIR-642B-3P,miRNA,FLUOROURACIL,DB00544,3385
HSA-MIR-643,miRNA,DOXORUBICIN,DB00997,31703
HSA-MIR-643,miRNA,VERAPAMIL,DB00661,2520
HSA-MIR-643,miRNA,GEMCITABINE,DB00441,60750
HSA-MIR-643,miRNA,CISPLATIN,DB00515,5460033
HSA-MIR-644A,miRNA,CISPLATIN,DB00515,5460033
HSA-MIR-644A,miRNA,TAMOXIFEN,DB00675,2733525
HSA-MIR-644A,miRNA,DOXORUBICIN,DB00997,31703
HSA-MIR-644A,miRNA,GEFITINIB,DB00317,123631
HSA-MIR-644A,miRNA,SUNITINIB,DB01268,5329102
HSA-MIR-645,miRNA,CISPLATIN,DB00515,5460033
HSA-MIR-645,miRNA,IMATINIB,DB00619,5291
HSA-MIR-647,miRNA,PACLITAXEL,DB01229,36314
HSA-MIR-647,miRNA,GEMCITABINE,DB00441,60750
HSA-MIR-647,miRNA,PONATINIB,DB08901,24826799
HSA-MIR-647,miRNA,IMATINIB,DB00619,5291
HSA-MIR-647,miRNA,VINCRISTINE,DB00541,5978
HSA-MIR-647,miRNA,TRAMETINIB,DB08911,11707110
HSA-MIR-647,miRNA,VEMURAFENIB,DB08881,42611257
HSA-MIR-648,miRNA,CISPLATIN,DB00515,5460033
HSA-MIR-649,miRNA,VERAPAMIL,DB00661,2520
HSA-MIR-649,miRNA,DOXORUBICIN,DB00997,31703
HSA-MIR-649,miRNA,VEMURAFENIB,DB08881,42611257
HSA-MIR-649,miRNA,TRAMETINIB,DB08911,11707110
HSA-MIR-650,miRNA,DOCETAXEL,DB01248,148124
HSA-MIR-650,miRNA,CISPLATIN,DB00515,5460033
HSA-MIR-6500-5P,miRNA,PLATINUM,DB12257,23939
HSA-MIR-6501,miRNA,CERITINIB,DB09063,57379345
HSA-MIR-6501-3B,miRNA,SUNITINIB,DB01268,5329102
HSA-MIR-6501-5P,miRNA,CERITINIB,DB09063,57379345
HSA-MIR-6502-5P,miRNA,IMATINIB,DB00619,5291
HSA-MIR-6503-3P,miRNA,ANTHRACYCLINE,DB00694,30323
HSA-MIR-6503-3P,miRNA,FLUOROURACIL,DB00544,3385
HSA-MIR-6503-3P,miRNA,CYCLOPHOSPHAMIDE,DB00531,2907
HSA-MIR-6503-3P,miRNA,TAXOL,DB01229,36314
HSA-MIR-6503-3P,miRNA,METHOTREXATE,DB00563,126941
HSA-MIR-6507-3P,miRNA,PACLITAXEL,DB01229,36314
HSA-MIR-6508-5P,miRNA,CISPLATIN,DB00515,5460033
HSA-MIR-651-3P,miRNA,CISPLATIN,DB00515,5460033
HSA-MIR-651-5P,miRNA,DOXORUBICIN,DB00997,31703
HSA-MIR-651-5P,miRNA,VERAPAMIL,DB00661,2520
HSA-MIR-651-5P,miRNA,CISPLATIN,DB00515,5460033
HSA-MIR-6510-5P,miRNA,PLATINUM,DB12257,23939
HSA-MIR-6511A-5P,miRNA,PLATINUM,DB12257,23939
HSA-MIR-6511B-3P,miRNA,IMATINIB,DB00619,5291
HSA-MIR-6512-5P,miRNA,PLATINUM,DB12257,23939
HSA-MIR-6512-5P,miRNA,CISPLATIN,DB00515,5460033
HSA-MIR-6513,miRNA,CERITINIB,DB09063,57379345
HSA-MIR-6513-3P,miRNA,CERITINIB,DB09063,57379345
HSA-MIR-6513-5P,miRNA,OSIMERTINIB,DB09330,71496458
HSA-MIR-6514-5P,miRNA,TEMOZOLOMIDE,DB00853,5394
HSA-MIR-6515-3P,miRNA,PLATINUM,DB12257,23939
HSA-MIR-6515-3P,miRNA,CERITINIB,DB09063,57379345
HSA-MIR-6515-3P,miRNA,CISPLATIN,DB00515,5460033
HSA-MIR-6516-3P,miRNA,SORAFENIB,DB00398,216239
HSA-MIR-652-3P,miRNA,DOXORUBICIN,DB00997,31703
HSA-MIR-652-3P,miRNA,VERAPAMIL,DB00661,2520
HSA-MIR-652-3P,miRNA,RIBAVIRIN,DB00811,37542
HSA-MIR-652-3P,miRNA,CISPLATIN,DB00515,5460033
HSA-MIR-652-3P,miRNA,TAMOXIFEN,DB00675,2733525
HSA-MIR-652-3P,miRNA,CYTARABINE,DB00987,6253
HSA-MIR-652-3P,miRNA,VINCRISTINE,DB00541,5978
HSA-MIR-652-3P,miRNA,TRAMETINIB,DB08911,11707110
HSA-MIR-652-3P,miRNA,VEMURAFENIB,DB08881,42611257
HSA-MIR-652-3P,miRNA,GEMCITABINE,DB00441,60750
HSA-MIR-652-3P,miRNA,OXALIPLATIN,DB00526,6857599
HSA-MIR-652-5P,miRNA,PLATINUM,DB12257,23939
HSA-MIR-652-5P,miRNA,IMATINIB,DB00619,5291
HSA-MIR-652-5P,miRNA,CERITINIB,DB09063,57379345
HSA-MIR-652-5P,miRNA,GEMCITABINE,DB00441,60750
HSA-MIR-653-3P,miRNA,OSIMERTINIB,DB09330,71496458
HSA-MIR-653-3P,miRNA,DOCETAXEL,DB01248,148124
HSA-MIR-653-5P,miRNA,CARBOPLATIN,DB00958,38904
HSA-MIR-653-5P,miRNA,TAXANE,NA,9548828
HSA-MIR-654,miRNA,CERITINIB,DB09063,57379345
HSA-MIR-654-3P,miRNA,PACLITAXEL,DB01229,36314
HSA-MIR-654-3P,miRNA,CERITINIB,DB09063,57379345
HSA-MIR-654-3P,miRNA,OXALIPLATIN,DB00526,6857599
HSA-MIR-654-3P,miRNA,IMATINIB,DB00619,5291
HSA-MIR-654-5P,miRNA,DOXORUBICIN,DB00997,31703
HSA-MIR-654-5P,miRNA,PACLITAXEL,DB01229,36314
HSA-MIR-654-5P,miRNA,BROMOCRIPTINE,DB01200,31101
HSA-MIR-655-3P,miRNA,DOXORUBICIN,DB00997,31703
HSA-MIR-655-3P,miRNA,VERAPAMIL,DB00661,2520
HSA-MIR-655-3P,miRNA,CISPLATIN,DB00515,5460033
HSA-MIR-655-3P,miRNA,TRAMETINIB,DB08911,11707110
HSA-MIR-655-3P,miRNA,VEMURAFENIB,DB08881,42611257
HSA-MIR-656-3P,miRNA,CISPLATIN,DB00515,5460033
HSA-MIR-656-3P,miRNA,FLUOROURACIL,DB00544,3385
HSA-MIR-657,miRNA,SORAFENIB,DB00398,216239
HSA-MIR-657,miRNA,OXALIPLATIN,DB00526,6857599
HSA-MIR-658,miRNA,OXALIPLATIN,DB00526,6857599
HSA-MIR-658,miRNA,FLUOROURACIL,DB00544,3385
HSA-MIR-658,miRNA,GEMCITABINE,DB00441,60750
HSA-MIR-658,miRNA,IMATINIB,DB00619,5291
HSA-MIR-658,miRNA,CISPLATIN,DB00515,5460033
HSA-MIR-658,miRNA,VINCRISTINE,DB00541,5978
HSA-MIR-658,miRNA,GEFITINIB,DB00317,123631
HSA-MIR-659-3P,miRNA,SUNITINIB,DB01268,5329102
HSA-MIR-659-3P,miRNA,CISPLATIN,DB00515,5460033
HSA-MIR-659-5P,miRNA,DOCETAXEL,DB01248,148124
HSA-MIR-660,miRNA,IMATINIB,DB00619,5291
HSA-MIR-660-3P,miRNA,CERITINIB,DB09063,57379345
HSA-MIR-660-3P,miRNA,SORAFENIB,DB00398,216239
HSA-MIR-660-5P,miRNA,DOXORUBICIN,DB00997,31703
HSA-MIR-660-5P,miRNA,VERAPAMIL,DB00661,2520
HSA-MIR-660-5P,miRNA,SORAFENIB,DB00398,216239
HSA-MIR-660-5P,miRNA,OXALIPLATIN,DB00526,6857599
HSA-MIR-660-5P,miRNA,GEMCITABINE,DB00441,60750
HSA-MIR-660-5P,miRNA,FLUOROURACIL,DB00544,3385
HSA-MIR-660-5P,miRNA,BORTEZOMIB,DB00188,387447
HSA-MIR-660-5P,miRNA,GEFITINIB,DB00317,123631
HSA-MIR-660-5P,miRNA,IMATINIB,DB00619,5291
HSA-MIR-660-5P,miRNA,PLX-4720,DB06999,24180719
HSA-MIR-660-5P,miRNA,PLATINUM,DB12257,23939
HSA-MIR-660-5P,miRNA,PACLITAXEL,DB01229,36314
HSA-MIR-660-5P,miRNA,DASATINIB,DB01254,3062316
HSA-MIR-660-5P,miRNA,PONATINIB,DB08901,24826799
HSA-MIR-660-5P,miRNA,IMATINIB MESYLATE,NA,123596
HSA-MIR-660-5P,miRNA,CISPLATIN,DB00515,5460033
HSA-MIR-661,miRNA,NAVITOCLAX,DB12340,24978538
HSA-MIR-661,miRNA,OXALIPLATIN,DB00526,6857599
HSA-MIR-661,miRNA,TEMOZOLOMIDE,DB00853,5394
HSA-MIR-662,miRNA,VERAPAMIL,DB00661,2520
HSA-MIR-662,miRNA,DOXORUBICIN,DB00997,31703
HSA-MIR-662,miRNA,PLATINUM,DB12257,23939
HSA-MIR-662,miRNA,ETOPOSIDE,DB00773,36462
HSA-MIR-662,miRNA,GEMCITABINE,DB00441,60750
HSA-MIR-663A,miRNA,SORAFENIB,DB00398,216239
HSA-MIR-663A,miRNA,CISPLATIN,DB00515,5460033
HSA-MIR-663A,miRNA,CYCLOPHOSPHAMIDE,DB00531,2907
HSA-MIR-663A,miRNA,DOCETAXEL,DB01248,148124
HSA-MIR-663A,miRNA,OXALIPLATIN,DB00526,6857599
HSA-MIR-663A,miRNA,PACLITAXEL,DB01229,36314
HSA-MIR-663A,miRNA,FLUOROURACIL,DB00544,3385
HSA-MIR-663A,miRNA,GEMCITABINE,DB00441,60750
HSA-MIR-663A,miRNA,IMATINIB,DB00619,5291
HSA-MIR-663A,miRNA,PLATINUM,DB12257,23939
HSA-MIR-663A,miRNA,VEMURAFENIB,DB08881,42611257
HSA-MIR-663A,miRNA,DABRAFENIB,DB08912,44462760
HSA-MIR-663A,miRNA,FULVESTRANT,DB00947,17756771
HSA-MIR-663A,miRNA,OSI-027,DB12387,72698550
HSA-MIR-663A,miRNA,PALBOCICLIB,DB09073,5330286
HSA-MIR-663B,miRNA,CISPLATIN,DB00515,5460033
HSA-MIR-663B,miRNA,SORAFENIB,DB00398,216239
HSA-MIR-663B,miRNA,OXALIPLATIN,DB00526,6857599
HSA-MIR-663B,miRNA,TAMOXIFEN,DB00675,2733525
HSA-MIR-663B,miRNA,VEMURAFENIB,DB08881,42611257
HSA-MIR-663B,miRNA,TRAMETINIB,DB08911,11707110
HSA-MIR-663B,miRNA,PACLITAXEL,DB01229,36314
HSA-MIR-664A,miRNA,PLX-4720,DB06999,24180719
HSA-MIR-664A-3P,miRNA,OXALIPLATIN,DB00526,6857599
HSA-MIR-664A-3P,miRNA,SORAFENIB,DB00398,216239
HSA-MIR-664A-3P,miRNA,CISPLATIN,DB00515,5460033
HSA-MIR-664A-3P,miRNA,IMATINIB,DB00619,5291
HSA-MIR-664A-3P,miRNA,FULVESTRANT,DB00947,17756771
HSA-MIR-664A-3P,miRNA,VEMURAFENIB,DB08881,42611257
HSA-MIR-664A-3P,miRNA,FLUOROURACIL,DB00544,3385
HSA-MIR-664A-5P,miRNA,IMATINIB,DB00619,5291
HSA-MIR-664A-5P,miRNA,DOXORUBICIN,DB00997,31703
HSA-MIR-664A-5P,miRNA,TEMOZOLOMIDE,DB00853,5394
HSA-MIR-664A-5P,miRNA,GEMCITABINE,DB00441,60750
HSA-MIR-664A-5P,miRNA,BROMOCRIPTINE,DB01200,31101
HSA-MIR-664A-5P,miRNA,CYCLOPHOSPHAMIDE,DB00531,2907
HSA-MIR-664A-5P,miRNA,CISPLATIN,DB00515,5460033
HSA-MIR-664B-3P,miRNA,PLATINUM,DB12257,23939
HSA-MIR-664B-3P,miRNA,CERITINIB,DB09063,57379345
HSA-MIR-664B-3P,miRNA,CISPLATIN,DB00515,5460033
HSA-MIR-664B-3P,miRNA,APICIDIN,NA,6918328
HSA-MIR-664B-3P,miRNA,VORINOSTAT,DB02546,5311
HSA-MIR-664B-5P,miRNA,GEMCITABINE,DB00441,60750
HSA-MIR-665,miRNA,TAMOXIFEN,DB00675,2733525
HSA-MIR-665,miRNA,GEMCITABINE,DB00441,60750
HSA-MIR-665,miRNA,FLUOROURACIL,DB00544,3385
HSA-MIR-665,miRNA,TRAMETINIB,DB08911,11707110
HSA-MIR-665,miRNA,VEMURAFENIB,DB08881,42611257
HSA-MIR-665,miRNA,CISPLATIN,DB00515,5460033
HSA-MIR-665,miRNA,PAEONOL,DB16830,11092
HSA-MIR-668-3P,miRNA,SORAFENIB,DB00398,216239
HSA-MIR-668-3P,miRNA,TEMOZOLOMIDE,DB00853,5394
HSA-MIR-670-5P,miRNA,FLUOROURACIL,DB00544,3385
HSA-MIR-670-5P,miRNA,GEMCITABINE,DB00441,60750
HSA-MIR-670-5P,miRNA,TEMOZOLOMIDE,DB00853,5394
HSA-MIR-671-3P,miRNA,IMATINIB,DB00619,5291
HSA-MIR-671-3P,miRNA,TAMOXIFEN,DB00675,2733525
HSA-MIR-671-3P,miRNA,PACLITAXEL,DB01229,36314
HSA-MIR-671-3P,miRNA,FULVESTRANT,DB00947,17756771
HSA-MIR-671-3P,miRNA,GEMCITABINE,DB00441,60750
HSA-MIR-671-3P,miRNA,SORAFENIB,DB00398,216239
HSA-MIR-671-5P,miRNA,PAROXETINE,DB00715,43815
HSA-MIR-671-5P,miRNA,CARBOPLATIN,DB00958,38904
HSA-MIR-671-5P,miRNA,PACLITAXEL,DB01229,36314
HSA-MIR-671-5P,miRNA,FLUOROURACIL,DB00544,3385
HSA-MIR-671-5P,miRNA,GEMCITABINE,DB00441,60750
HSA-MIR-671-5P,miRNA,TAMOXIFEN,DB00675,2733525
HSA-MIR-671-5P,miRNA,PLATINUM,DB12257,23939
HSA-MIR-671-5P,miRNA,CISPLATIN,DB00515,5460033
HSA-MIR-671-5P,miRNA,EPIRUBICIN,DB00445,41867
HSA-MIR-671-5P,miRNA,MITOXANTRONE,DB01204,4212
HSA-MIR-671-5P,miRNA,DOCETAXEL,DB01248,148124
HSA-MIR-671-5P,miRNA,FULVESTRANT,DB00947,17756771
HSA-MIR-671-5P,miRNA,TEMOZOLOMIDE,DB00853,5394
HSA-MIR-6716-3P,miRNA,PACLITAXEL,DB01229,36314
HSA-MIR-6716-3P,miRNA,TEMOZOLOMIDE,DB00853,5394
HSA-MIR-6716-5P,miRNA,DABRAFENIB,DB08912,44462760
HSA-MIR-6716-5P,miRNA,VEMURAFENIB,DB08881,42611257
HSA-MIR-6716-5P,miRNA,PACLITAXEL,DB01229,36314
HSA-MIR-6717-5P,miRNA,PLATINUM,DB12257,23939
HSA-MIR-6720,miRNA,CERITINIB,DB09063,57379345
HSA-MIR-6720-5P,miRNA,CERITINIB,DB09063,57379345
HSA-MIR-6722-3P,miRNA,PLATINUM,DB12257,23939
HSA-MIR-6722-3P,miRNA,VEMURAFENIB,DB08881,42611257
HSA-MIR-6722-3P,miRNA,DABRAFENIB,DB08912,44462760
HSA-MIR-6723-5P,miRNA,PLATINUM,DB12257,23939
HSA-MIR-6723-5P,miRNA,CISPLATIN,DB00515,5460033
HSA-MIR-6723-5P,miRNA,CURCUMIN,DB11672,969516
HSA-MIR-6723-5P,miRNA,DOXORUBICIN,DB00997,31703
HSA-MIR-6724-5P,miRNA,PLATINUM,DB12257,23939
HSA-MIR-6724-5P,miRNA,VEMURAFENIB,DB08881,42611257
HSA-MIR-6724-5P,miRNA,DABRAFENIB,DB08912,44462760
HSA-MIR-6724-5P,miRNA,CURCUMIN,DB11672,969516
HSA-MIR-6724-5P,miRNA,DOXORUBICIN,DB00997,31703
HSA-MIR-6724-5P,miRNA,CISPLATIN,DB00515,5460033
HSA-MIR-6727-3P,miRNA,OSIMERTINIB,DB09330,71496458
HSA-MIR-6727-5P,miRNA,DOXORUBICIN,DB00997,31703
HSA-MIR-6727-5P,miRNA,CURCUMIN,DB11672,969516
HSA-MIR-6727-5P,miRNA,CISPLATIN,DB00515,5460033
HSA-MIR-6728-5P,miRNA,CISPLATIN,DB00515,5460033
HSA-MIR-6729-5P,miRNA,VEMURAFENIB,DB08881,42611257
HSA-MIR-6729-5P,miRNA,DABRAFENIB,DB08912,44462760
HSA-MIR-6732-5P,miRNA,CERITINIB,DB09063,57379345
HSA-MIR-6734,miRNA,CERITINIB,DB09063,57379345
HSA-MIR-6734-3P,miRNA,CISPLATIN,DB00515,5460033
HSA-MIR-6734-5P,miRNA,CERITINIB,DB09063,57379345
HSA-MIR-6737,miRNA,CERITINIB,DB09063,57379345
HSA-MIR-6739,miRNA,CERITINIB,DB09063,57379345
HSA-MIR-6739-3P,miRNA,CERITINIB,DB09063,57379345
HSA-MIR-6739-5P,miRNA,GEMCITABINE,DB00441,60750
HSA-MIR-6743-5P,miRNA,DABRAFENIB,DB08912,44462760
HSA-MIR-6743-5P,miRNA,VEMURAFENIB,DB08881,42611257
HSA-MIR-6744-5P,miRNA,CISPLATIN,DB00515,5460033
HSA-MIR-6746-5P,miRNA,DABRAFENIB,DB08912,44462760
HSA-MIR-6746-5P,miRNA,VEMURAFENIB,DB08881,42611257
HSA-MIR-6746-5P,miRNA,CISPLATIN,DB00515,5460033
HSA-MIR-6747-3P,miRNA,TEMOZOLOMIDE,DB00853,5394
HSA-MIR-6748-5P,miRNA,GEFITINIB,DB00317,123631
HSA-MIR-6748-5P,miRNA,YUANHUADINE,NA,6440572
HSA-MIR-6749-5P,miRNA,OXALIPLATIN,DB00526,6857599
HSA-MIR-675,miRNA,CISPLATIN,DB00515,5460033
HSA-MIR-675,miRNA,CERITINIB,DB09063,57379345
HSA-MIR-675-3P,miRNA,FLUOROURACIL,DB00544,3385
HSA-MIR-675-3P,miRNA,GEMCITABINE,DB00441,60750
HSA-MIR-675-3P,miRNA,CERITINIB,DB09063,57379345
HSA-MIR-675-3P,miRNA,PALBOCICLIB,DB09073,5330286
HSA-MIR-675-3P,miRNA,VEMURAFENIB,DB08881,42611257
HSA-MIR-675-3P,miRNA,IMATINIB,DB00619,5291
HSA-MIR-675-3P,miRNA,ETOPOSIDE,DB00773,36462
HSA-MIR-675-3P,miRNA,VINORELBINE,DB00361,44424639
HSA-MIR-675-3P,miRNA,DOXORUBICIN,DB00997,31703
HSA-MIR-675-3P,miRNA,VINCRISTINE,DB00541,5978
HSA-MIR-675-3P,miRNA,PACLITAXEL,DB01229,36314
HSA-MIR-675-5P,miRNA,OXALIPLATIN,DB00526,6857599
HSA-MIR-675-5P,miRNA,CISPLATIN,DB00515,5460033
HSA-MIR-675-5P,miRNA,GEMCITABINE,DB00441,60750
HSA-MIR-675-5P,miRNA,FLUOROURACIL,DB00544,3385
HSA-MIR-675-5P,miRNA,DOXORUBICIN,DB00997,31703
HSA-MIR-675-5P,miRNA,SORAFENIB,DB00398,216239
HSA-MIR-675-5P,miRNA,VINCRISTINE,DB00541,5978
HSA-MIR-675-5P,miRNA,DABRAFENIB,DB08912,44462760
HSA-MIR-675-5P,miRNA,VEMURAFENIB,DB08881,42611257
HSA-MIR-675-5P,miRNA,FULVESTRANT,DB00947,17756771
HSA-MIR-675-5P,miRNA,CERITINIB,DB09063,57379345
HSA-MIR-675-5P,miRNA,SUNITINIB,DB01268,5329102
HSA-MIR-675-5P,miRNA,ETOPOSIDE,DB00773,36462
HSA-MIR-675-5P,miRNA,VINORELBINE,DB00361,44424639
HSA-MIR-675-5P,miRNA,PACLITAXEL,DB01229,36314
HSA-MIR-675-5P,miRNA,IMATINIB,DB00619,5291
HSA-MIR-6751,miRNA,CISPLATIN,DB00515,5460033
HSA-MIR-6751,miRNA,TRIPTOLIDE,DB12025,107985
HSA-MIR-6752-5P,miRNA,DABRAFENIB,DB08912,44462760
HSA-MIR-6752-5P,miRNA,VEMURAFENIB,DB08881,42611257
HSA-MIR-6756-5P,miRNA,CISPLATIN,DB00515,5460033
HSA-MIR-6758-3P,miRNA,CERITINIB,DB09063,57379345
HSA-MIR-6759,miRNA,CERITINIB,DB09063,57379345
HSA-MIR-6759-5P,miRNA,CERITINIB,DB09063,57379345
HSA-MIR-676-3P,miRNA,IMATINIB,DB00619,5291
HSA-MIR-676-3P,miRNA,CERITINIB,DB09063,57379345
HSA-MIR-676-5P,miRNA,PACLITAXEL,DB01229,36314
HSA-MIR-6760-3P,miRNA,CISPLATIN,DB00515,5460033
HSA-MIR-6761,miRNA,CERITINIB,DB09063,57379345
HSA-MIR-6761-5P,miRNA,CERITINIB,DB09063,57379345
HSA-MIR-6763-3P,miRNA,CISPLATIN,DB00515,5460033
HSA-MIR-6764-5P,miRNA,CERITINIB,DB09063,57379345
HSA-MIR-6765,miRNA,CERITINIB,DB09063,57379345
HSA-MIR-6765-3P,miRNA,CERITINIB,DB09063,57379345
HSA-MIR-6765-3P,miRNA,TEMOZOLOMIDE,DB00853,5394
HSA-MIR-6765-5P,miRNA,DABRAFENIB,DB08912,44462760
HSA-MIR-6765-5P,miRNA,VEMURAFENIB,DB08881,42611257
HSA-MIR-6768,miRNA,CERITINIB,DB09063,57379345
HSA-MIR-6768-5P,miRNA,VEMURAFENIB,DB08881,42611257
HSA-MIR-6768-5P,miRNA,DABRAFENIB,DB08912,44462760
HSA-MIR-6768-5P,miRNA,CERITINIB,DB09063,57379345
HSA-MIR-6768-5P,miRNA,GEMCITABINE,DB00441,60750
HSA-MIR-6769B-5P,miRNA,PACLITAXEL,DB01229,36314
HSA-MIR-6771-5P,miRNA,PACLITAXEL,DB01229,36314
HSA-MIR-6772,miRNA,CERITINIB,DB09063,57379345
HSA-MIR-6772-3P,miRNA,CERITINIB,DB09063,57379345
HSA-MIR-6776-3P,miRNA,CERITINIB,DB09063,57379345
HSA-MIR-6776-5P,miRNA,PACLITAXEL,DB01229,36314
HSA-MIR-6777-3P,miRNA,CISPLATIN,DB00515,5460033
HSA-MIR-6777-5P,miRNA,VEMURAFENIB,DB08881,42611257
HSA-MIR-6777-5P,miRNA,DABRAFENIB,DB08912,44462760
HSA-MIR-6777-5P,miRNA,CERITINIB,DB09063,57379345
HSA-MIR-6778-5P,miRNA,DABRAFENIB,DB08912,44462760
HSA-MIR-6778-5P,miRNA,VEMURAFENIB,DB08881,42611257
HSA-MIR-6778-5P,miRNA,FLUOROURACIL,DB00544,3385
HSA-MIR-6779-5P,miRNA,OXALIPLATIN,DB00526,6857599
HSA-MIR-6779-5P,miRNA,PACLITAXEL,DB01229,36314
HSA-MIR-6780A-5P,miRNA,CISPLATIN,DB00515,5460033
HSA-MIR-6780B-3P,miRNA,EPIRUBICIN,DB00445,41867
HSA-MIR-6781-5P,miRNA,PACLITAXEL,DB01229,36314
HSA-MIR-6782-3P,miRNA,IMATINIB,DB00619,5291
HSA-MIR-6782-5P,miRNA,DABRAFENIB,DB08912,44462760
HSA-MIR-6782-5P,miRNA,VEMURAFENIB,DB08881,42611257
HSA-MIR-6782-5P,miRNA,PACLITAXEL,DB01229,36314
HSA-MIR-6782-5P,miRNA,GEMCITABINE,DB00441,60750
HSA-MIR-6782-5P,miRNA,CISPLATIN,DB00515,5460033
HSA-MIR-6783-3P,miRNA,OXALIPLATIN,DB00526,6857599
HSA-MIR-6784,miRNA,CERITINIB,DB09063,57379345
HSA-MIR-6784-3P,miRNA,CERITINIB,DB09063,57379345
HSA-MIR-6785-3P,miRNA,CISPLATIN,DB00515,5460033
HSA-MIR-6785-5P,miRNA,FLUOROURACIL,DB00544,3385
HSA-MIR-6785-5P,miRNA,CISPLATIN,DB00515,5460033
HSA-MIR-6786-3P,miRNA,TEMOZOLOMIDE,DB00853,5394
HSA-MIR-6786-5P,miRNA,DABRAFENIB,DB08912,44462760
HSA-MIR-6786-5P,miRNA,VEMURAFENIB,DB08881,42611257
HSA-MIR-6786-5P,miRNA,PACLITAXEL,DB01229,36314
HSA-MIR-6787,miRNA,CERITINIB,DB09063,57379345
HSA-MIR-6787-3P,miRNA,CERITINIB,DB09063,57379345
HSA-MIR-6787-5P,miRNA,DABRAFENIB,DB08912,44462760
HSA-MIR-6787-5P,miRNA,VEMURAFENIB,DB08881,42611257
HSA-MIR-6789-5P,miRNA,DABRAFENIB,DB08912,44462760
HSA-MIR-6789-5P,miRNA,VEMURAFENIB,DB08881,42611257
HSA-MIR-6789-5P,miRNA,CURCUMIN,DB11672,969516
HSA-MIR-6789-5P,miRNA,DOXORUBICIN,DB00997,31703
HSA-MIR-6789-5P,miRNA,PACLITAXEL,DB01229,36314
HSA-MIR-6789-5P,miRNA,OXALIPLATIN,DB00526,6857599
HSA-MIR-6789-5P,miRNA,CISPLATIN,DB00515,5460033
HSA-MIR-6790-5P,miRNA,VEMURAFENIB,DB08881,42611257
HSA-MIR-6790-5P,miRNA,DABRAFENIB,DB08912,44462760
HSA-MIR-6790-5P,miRNA,DOXORUBICIN,DB00997,31703
HSA-MIR-6790-5P,miRNA,CURCUMIN,DB11672,969516
HSA-MIR-6790-5P,miRNA,OXALIPLATIN,DB00526,6857599
HSA-MIR-6791-5P,miRNA,DABRAFENIB,DB08912,44462760
HSA-MIR-6791-5P,miRNA,VEMURAFENIB,DB08881,42611257
HSA-MIR-6791-5P,miRNA,DOXORUBICIN,DB00997,31703
HSA-MIR-6791-5P,miRNA,CURCUMIN,DB11672,969516
HSA-MIR-6791-5P,miRNA,PACLITAXEL,DB01229,36314
HSA-MIR-6792-5P,miRNA,FLUOROURACIL,DB00544,3385
HSA-MIR-6792-5P,miRNA,CISPLATIN,DB00515,5460033
HSA-MIR-6794-5P,miRNA,CISPLATIN,DB00515,5460033
HSA-MIR-6795,miRNA,CERITINIB,DB09063,57379345
HSA-MIR-6795-3P,miRNA,CERITINIB,DB09063,57379345
HSA-MIR-6795-3P,miRNA,CISPLATIN,DB00515,5460033
HSA-MIR-6797-3P,miRNA,CISPLATIN,DB00515,5460033
HSA-MIR-6798-5P,miRNA,VEMURAFENIB,DB08881,42611257
HSA-MIR-6798-5P,miRNA,DABRAFENIB,DB08912,44462760
HSA-MIR-6799-5P,miRNA,DABRAFENIB,DB08912,44462760
HSA-MIR-6799-5P,miRNA,VEMURAFENIB,DB08881,42611257
HSA-MIR-680,miRNA,DOXORUBICIN,DB00997,31703
HSA-MIR-6800-3P,miRNA,CISPLATIN,DB00515,5460033
HSA-MIR-6800-5P,miRNA,DABRAFENIB,DB08912,44462760
HSA-MIR-6800-5P,miRNA,VEMURAFENIB,DB08881,42611257
HSA-MIR-6800-5P,miRNA,CURCUMIN,DB11672,969516
HSA-MIR-6800-5P,miRNA,DOXORUBICIN,DB00997,31703
HSA-MIR-6800-5P,miRNA,PACLITAXEL,DB01229,36314
HSA-MIR-6800-5P,miRNA,CISPLATIN,DB00515,5460033
HSA-MIR-6802-5P,miRNA,VEMURAFENIB,DB08881,42611257
HSA-MIR-6802-5P,miRNA,DABRAFENIB,DB08912,44462760
HSA-MIR-6802-5P,miRNA,PACLITAXEL,DB01229,36314
HSA-MIR-6802-5P,miRNA,GEMCITABINE,DB00441,60750
HSA-MIR-6803-5P,miRNA,DABRAFENIB,DB08912,44462760
HSA-MIR-6803-5P,miRNA,VEMURAFENIB,DB08881,42611257
HSA-MIR-6805-5P,miRNA,VEMURAFENIB,DB08881,42611257
HSA-MIR-6805-5P,miRNA,DABRAFENIB,DB08912,44462760
HSA-MIR-6805-5P,miRNA,PACLITAXEL,DB01229,36314
HSA-MIR-6805-5P,miRNA,GEMCITABINE,DB00441,60750
HSA-MIR-6808-5P,miRNA,CISPLATIN,DB00515,5460033
HSA-MIR-6810-3P,miRNA,IMATINIB,DB00619,5291
HSA-MIR-6810-5P,miRNA,GEFITINIB,DB00317,123631
HSA-MIR-6811,miRNA,CERITINIB,DB09063,57379345
HSA-MIR-6811-5P,miRNA,CERITINIB,DB09063,57379345
HSA-MIR-6812,miRNA,CERITINIB,DB09063,57379345
HSA-MIR-6812-3P,miRNA,CERITINIB,DB09063,57379345
HSA-MIR-6812-5P,miRNA,CISPLATIN,DB00515,5460033
HSA-MIR-6813-5P,miRNA,PACLITAXEL,DB01229,36314
HSA-MIR-6813-5P,miRNA,IMATINIB,DB00619,5291
HSA-MIR-6816-5P,miRNA,VEMURAFENIB,DB08881,42611257
HSA-MIR-6816-5P,miRNA,DABRAFENIB,DB08912,44462760
HSA-MIR-6816-5P,miRNA,PACLITAXEL,DB01229,36314
HSA-MIR-6816-5P,miRNA,GEMCITABINE,DB00441,60750
HSA-MIR-6817,miRNA,CERITINIB,DB09063,57379345
HSA-MIR-6817-3P,miRNA,CERITINIB,DB09063,57379345
HSA-MIR-6818-5P,miRNA,CERITINIB,DB09063,57379345
HSA-MIR-6819,miRNA,CERITINIB,DB09063,57379345
HSA-MIR-6819-3P,miRNA,CERITINIB,DB09063,57379345
HSA-MIR-6819-3P,miRNA,CISPLATIN,DB00515,5460033
HSA-MIR-6820-5P,miRNA,DABRAFENIB,DB08912,44462760
HSA-MIR-6820-5P,miRNA,VEMURAFENIB,DB08881,42611257
HSA-MIR-6820-5P,miRNA,GEMCITABINE,DB00441,60750
HSA-MIR-6821-5P,miRNA,DABRAFENIB,DB08912,44462760
HSA-MIR-6821-5P,miRNA,VEMURAFENIB,DB08881,42611257
HSA-MIR-6821-5P,miRNA,DOXORUBICIN,DB00997,31703
HSA-MIR-6821-5P,miRNA,CURCUMIN,DB11672,969516
HSA-MIR-6824,miRNA,CERITINIB,DB09063,57379345
HSA-MIR-6824-3P,miRNA,CERITINIB,DB09063,57379345
HSA-MIR-6825-3P,miRNA,CERITINIB,DB09063,57379345
HSA-MIR-6826-5P,miRNA,CERITINIB,DB09063,57379345
HSA-MIR-6831-5P,miRNA,VEMURAFENIB,DB08881,42611257
HSA-MIR-6831-5P,miRNA,DABRAFENIB,DB08912,44462760
HSA-MIR-6840,miRNA,CERITINIB,DB09063,57379345
HSA-MIR-6840-3P,miRNA,CISPLATIN,DB00515,5460033
HSA-MIR-6840-5P,miRNA,CERITINIB,DB09063,57379345
HSA-MIR-6848-3P,miRNA,CISPLATIN,DB00515,5460033
HSA-MIR-6849-3P,miRNA,CERITINIB,DB09063,57379345
HSA-MIR-6850,miRNA,CERITINIB,DB09063,57379345
HSA-MIR-6850-3P,miRNA,CERITINIB,DB09063,57379345
HSA-MIR-6850-3P,miRNA,DOCETAXEL,DB01248,148124
HSA-MIR-6850-5P,miRNA,DABRAFENIB,DB08912,44462760
HSA-MIR-6850-5P,miRNA,VEMURAFENIB,DB08881,42611257
HSA-MIR-6850-5P,miRNA,DOXORUBICIN,DB00997,31703
HSA-MIR-6850-5P,miRNA,CURCUMIN,DB11672,969516
HSA-MIR-6850-5P,miRNA,PACLITAXEL,DB01229,36314
HSA-MIR-6850-5P,miRNA,CISPLATIN,DB00515,5460033
HSA-MIR-6851-3P,miRNA,CISPLATIN,DB00515,5460033
HSA-MIR-6855-3P,miRNA,CISPLATIN,DB00515,5460033
HSA-MIR-6856,miRNA,CERITINIB,DB09063,57379345
HSA-MIR-6856-3P,miRNA,CERITINIB,DB09063,57379345
HSA-MIR-6858,miRNA,CERITINIB,DB09063,57379345
HSA-MIR-6858-3P,miRNA,CERITINIB,DB09063,57379345
HSA-MIR-6858-5P,miRNA,DABRAFENIB,DB08912,44462760
HSA-MIR-6858-5P,miRNA,VEMURAFENIB,DB08881,42611257
HSA-MIR-6858-5P,miRNA,CURCUMIN,DB11672,969516
HSA-MIR-6858-5P,miRNA,DOXORUBICIN,DB00997,31703
HSA-MIR-6860,miRNA,DABRAFENIB,DB08912,44462760
HSA-MIR-6860,miRNA,VEMURAFENIB,DB08881,42611257
HSA-MIR-6860,miRNA,PACLITAXEL,DB01229,36314
HSA-MIR-6861-5P,miRNA,CISPLATIN,DB00515,5460033
HSA-MIR-6865-3P,miRNA,CISPLATIN,DB00515,5460033
HSA-MIR-6865-5P,miRNA,VEMURAFENIB,DB08881,42611257
HSA-MIR-6865-5P,miRNA,DABRAFENIB,DB08912,44462760
HSA-MIR-6867-5P,miRNA,CISPLATIN,DB00515,5460033
HSA-MIR-6871-5P,miRNA,PACLITAXEL,DB01229,36314
HSA-MIR-6872-5P,miRNA,CISPLATIN,DB00515,5460033
HSA-MIR-6876-5P,miRNA,DOCETAXEL,DB01248,148124
HSA-MIR-6880,miRNA,CERITINIB,DB09063,57379345
HSA-MIR-6880-3P,miRNA,CERITINIB,DB09063,57379345
HSA-MIR-6880-5P,miRNA,CISPLATIN,DB00515,5460033
HSA-MIR-6881,miRNA,CERITINIB,DB09063,57379345
HSA-MIR-6882,miRNA,CERITINIB,DB09063,57379345
HSA-MIR-6883-5P,miRNA,FLUOROURACIL,DB00544,3385
HSA-MIR-6883-5P,miRNA,IRINOTECAN,DB00762,60838
HSA-MIR-6883-5P,miRNA,GEFITINIB,DB00317,123631
HSA-MIR-6883-5P,miRNA,YUANHUADINE,NA,6440572
HSA-MIR-6884-5P,miRNA,CISPLATIN,DB00515,5460033
HSA-MIR-6885-5P,miRNA,GEMCITABINE,DB00441,60750
HSA-MIR-6886-5P,miRNA,PACLITAXEL,DB01229,36314
HSA-MIR-6886-5P,miRNA,GEMCITABINE,DB00441,60750
HSA-MIR-6887-5P,miRNA,GEFITINIB,DB00317,123631
HSA-MIR-6887-5P,miRNA,YUANHUADINE,NA,6440572
HSA-MIR-6887-5P,miRNA,FLUOROURACIL,DB00544,3385
HSA-MIR-6887-5P,miRNA,CISPLATIN,DB00515,5460033
HSA-MIR-6888-3P,miRNA,CERITINIB,DB09063,57379345
HSA-MIR-6891-5P,miRNA,CISPLATIN,DB00515,5460033
HSA-MIR-6893,miRNA,CISPLATIN,DB00515,5460033
HSA-MIR-6894-3P,miRNA,TEMOZOLOMIDE,DB00853,5394
HSA-MIR-7-1,miRNA,FULVESTRANT,DB00947,17756771
HSA-MIR-7-1-3P,miRNA,VERAPAMIL,DB00661,2520
HSA-MIR-7-1-3P,miRNA,DOXORUBICIN,DB00997,31703
HSA-MIR-7-1-3P,miRNA,OXALIPLATIN,DB00526,6857599
HSA-MIR-7-1-3P,miRNA,CISPLATIN,DB00515,5460033
HSA-MIR-7-1-3P,miRNA,FLUOROURACIL,DB00544,3385
HSA-MIR-7-1-3P,miRNA,GEMCITABINE,DB00441,60750
HSA-MIR-7-1-3P,miRNA,SORAFENIB,DB00398,216239
HSA-MIR-7-1-3P,miRNA,DOCETAXEL,DB01248,148124
HSA-MIR-7-2-3P,miRNA,IMATINIB,DB00619,5291
HSA-MIR-7-3,miRNA,OXALIPLATIN,DB00526,6857599
HSA-MIR-7-5P,miRNA,DOXORUBICIN,DB00997,31703
HSA-MIR-7-5P,miRNA,ETOPOSIDE,DB00773,36462
HSA-MIR-7-5P,miRNA,CISPLATIN,DB00515,5460033
HSA-MIR-7-5P,miRNA,10-HYDROXYCAMPTOTHECIN,DB12385,97226
HSA-MIR-7-5P,miRNA,DOCETAXEL,DB01248,148124
HSA-MIR-7-5P,miRNA,GEFITINIB,DB00317,123631
HSA-MIR-7-5P,miRNA,TAMOXIFEN,DB00675,2733525
HSA-MIR-7-5P,miRNA,GEMCITABINE,DB00441,60750
HSA-MIR-7-5P,miRNA,OXALIPLATIN,DB00526,6857599
HSA-MIR-7-5P,miRNA,PACLITAXEL,DB01229,36314
HSA-MIR-7-5P,miRNA,VINCRISTINE,DB00541,5978
HSA-MIR-7-5P,miRNA,FLUOROURACIL,DB00544,3385
HSA-MIR-7-5P,miRNA,DEXAMETHASONE,DB01234,5743
HSA-MIR-7-5P,miRNA,PLX-4720,DB06999,24180719
HSA-MIR-7-5P,miRNA,SORAFENIB,DB00398,216239
HSA-MIR-7-5P,miRNA,VEMURAFENIB,DB08881,42611257
HSA-MIR-7-5P,miRNA,FULVESTRANT,DB00947,17756771
HSA-MIR-7-5P,miRNA,TEMOZOLOMIDE,DB00853,5394
HSA-MIR-708,miRNA,TAMOXIFEN,DB00675,2733525
HSA-MIR-708-5P,miRNA,CISPLATIN,DB00515,5460033
HSA-MIR-708-5P,miRNA,ETOPOSIDE,DB00773,36462
HSA-MIR-708-5P,miRNA,DOXORUBICIN,DB00997,31703
HSA-MIR-708-5P,miRNA,GEMCITABINE,DB00441,60750
HSA-MIR-708-5P,miRNA,THAPSIGARGIN,NA,446378
HSA-MIR-708-5P,miRNA,TAMOXIFEN,DB00675,2733525
HSA-MIR-708-5P,miRNA,DABRAFENIB,DB08912,44462760
HSA-MIR-708-5P,miRNA,VEMURAFENIB,DB08881,42611257
HSA-MIR-708-5P,miRNA,PACLITAXEL,DB01229,36314
HSA-MIR-708-5P,miRNA,TRAMETINIB,DB08911,11707110
HSA-MIR-708-5P,miRNA,GEFITINIB,DB00317,123631
HSA-MIR-708-5P,miRNA,PLATINUM,DB12257,23939
HSA-MIR-708-5P,miRNA,CYCLOPHOSPHAMIDE,DB00531,2907
HSA-MIR-708-5P,miRNA,VINCRISTINE,DB00541,5978
HSA-MIR-7106-5P,miRNA,PACLITAXEL,DB01229,36314
HSA-MIR-7107-5P,miRNA,DOCETAXEL,DB01248,148124
HSA-MIR-7107-5P,miRNA,VEMURAFENIB,DB08881,42611257
HSA-MIR-7107-5P,miRNA,DABRAFENIB,DB08912,44462760
HSA-MIR-7107-5P,miRNA,OXALIPLATIN,DB00526,6857599
HSA-MIR-7108,miRNA,CERITINIB,DB09063,57379345
HSA-MIR-7108-3P,miRNA,CERITINIB,DB09063,57379345
HSA-MIR-7108-5P,miRNA,DABRAFENIB,DB08912,44462760
HSA-MIR-7108-5P,miRNA,VEMURAFENIB,DB08881,42611257
HSA-MIR-7108-5P,miRNA,DOXORUBICIN,DB00997,31703
HSA-MIR-7108-5P,miRNA,CURCUMIN,DB11672,969516
HSA-MIR-7109-5P,miRNA,CISPLATIN,DB00515,5460033
HSA-MIR-7109-5P,miRNA,PACLITAXEL,DB01229,36314
HSA-MIR-711,miRNA,IMATINIB,DB00619,5291
HSA-MIR-711,miRNA,PACLITAXEL,DB01229,36314
HSA-MIR-7110-5P,miRNA,DABRAFENIB,DB08912,44462760
HSA-MIR-7110-5P,miRNA,VEMURAFENIB,DB08881,42611257
HSA-MIR-7110-5P,miRNA,CISPLATIN,DB00515,5460033
HSA-MIR-7112-3P,miRNA,DOCETAXEL,DB01248,148124
HSA-MIR-7112-5P,miRNA,PACLITAXEL,DB01229,36314
HSA-MIR-7113,miRNA,CERITINIB,DB09063,57379345
HSA-MIR-7150,miRNA,CISPLATIN,DB00515,5460033
HSA-MIR-7151-3P,miRNA,PACLITAXEL,DB01229,36314
HSA-MIR-7152-3P,miRNA,CISPLATIN,DB00515,5460033
HSA-MIR-7155-3P,miRNA,CERITINIB,DB09063,57379345
HSA-MIR-7161-5P,miRNA,PACLITAXEL,DB01229,36314
HSA-MIR-7162-3P,miRNA,VEMURAFENIB,DB08881,42611257
HSA-MIR-7162-3P,miRNA,DABRAFENIB,DB08912,44462760
HSA-MIR-718,miRNA,FLUOROURACIL,DB00544,3385
HSA-MIR-718,miRNA,GEMCITABINE,DB00441,60750
HSA-MIR-718,miRNA,PLATINUM,DB12257,23939
HSA-MIR-718,miRNA,IMATINIB,DB00619,5291
HSA-MIR-718,miRNA,PACLITAXEL,DB01229,36314
HSA-MIR-720,miRNA,TAMOXIFEN,DB00675,2733525
HSA-MIR-720,miRNA,SORAFENIB,DB00398,216239
HSA-MIR-720,miRNA,DOXORUBICIN,DB00997,31703
HSA-MIR-720,miRNA,FLUOROURACIL,DB00544,3385
HSA-MIR-720,miRNA,GEMCITABINE,DB00441,60750
HSA-MIR-720,miRNA,GEFITINIB,DB00317,123631
HSA-MIR-720,miRNA,CISPLATIN,DB00515,5460033
HSA-MIR-720,miRNA,TRAMETINIB,DB08911,11707110
HSA-MIR-720,miRNA,VEMURAFENIB,DB08881,42611257
HSA-MIR-744,miRNA,CISPLATIN,DB00515,5460033
HSA-MIR-744-3P,miRNA,NAVITOCLAX,DB12340,24978538
HSA-MIR-744-3P,miRNA,GEMCITABINE,DB00441,60750
HSA-MIR-744-5P,miRNA,TAMOXIFEN,DB00675,2733525
HSA-MIR-744-5P,miRNA,CISPLATIN,DB00515,5460033
HSA-MIR-744-5P,miRNA,CARBOPLATIN,DB00958,38904
HSA-MIR-744-5P,miRNA,GEFITINIB,DB00317,123631
HSA-MIR-744-5P,miRNA,VINORELBINE,DB00361,44424639
HSA-MIR-744-5P,miRNA,EPIRUBICIN,DB00445,41867
HSA-MIR-744-5P,miRNA,ERLOTINIB,DB00530,176870
HSA-MIR-744-5P,miRNA,SUNITINIB,DB01268,5329102
HSA-MIR-744-5P,miRNA,GEMCITABINE,DB00441,60750
HSA-MIR-744-5P,miRNA,SORAFENIB,DB00398,216239
HSA-MIR-744-5P,miRNA,OXALIPLATIN,DB00526,6857599
HSA-MIR-744-5P,miRNA,BORTEZOMIB,DB00188,387447
HSA-MIR-758,miRNA,CERITINIB,DB09063,57379345
HSA-MIR-758-3P,miRNA,DOXORUBICIN,DB00997,31703
HSA-MIR-758-3P,miRNA,VERAPAMIL,DB00661,2520
HSA-MIR-758-3P,miRNA,ETOPOSIDE,DB00773,36462
HSA-MIR-758-3P,miRNA,CERITINIB,DB09063,57379345
HSA-MIR-758-3P,miRNA,CISPLATIN,DB00515,5460033
HSA-MIR-759-3P,miRNA,VEMURAFENIB,DB08881,42611257
HSA-MIR-760,miRNA,VERAPAMIL,DB00661,2520
HSA-MIR-760,miRNA,DOXORUBICIN,DB00997,31703
HSA-MIR-760,miRNA,CISPLATIN,DB00515,5460033
HSA-MIR-760,miRNA,OXALIPLATIN,DB00526,6857599
HSA-MIR-760,miRNA,PLX-4720,DB06999,24180719
HSA-MIR-760,miRNA,PLATINUM,DB12257,23939
HSA-MIR-760,miRNA,TAMOXIFEN,DB00675,2733525
HSA-MIR-760,miRNA,DABRAFENIB,DB08912,44462760
HSA-MIR-760,miRNA,VEMURAFENIB,DB08881,42611257
HSA-MIR-760,miRNA,GEMCITABINE,DB00441,60750
HSA-MIR-760,miRNA,OSIMERTINIB,DB09330,71496458
HSA-MIR-761,miRNA,IMATINIB,DB00619,5291
HSA-MIR-761,miRNA,FLUOROURACIL,DB00544,3385
HSA-MIR-761,miRNA,CISPLATIN,DB00515,5460033
HSA-MIR-761,miRNA,TRAMETINIB,DB08911,11707110
HSA-MIR-761,miRNA,VEMURAFENIB,DB08881,42611257
HSA-MIR-762,miRNA,CISPLATIN,DB00515,5460033
HSA-MIR-762,miRNA,FLUOROURACIL,DB00544,3385
HSA-MIR-762,miRNA,GEMCITABINE,DB00441,60750
HSA-MIR-762,miRNA,BORTEZOMIB,DB00188,387447
HSA-MIR-762,miRNA,GEFITINIB,DB00317,123631
HSA-MIR-762,miRNA,IMATINIB,DB00619,5291
HSA-MIR-762,miRNA,PLATINUM,DB12257,23939
HSA-MIR-762,miRNA,VEMURAFENIB,DB08881,42611257
HSA-MIR-762,miRNA,DABRAFENIB,DB08912,44462760
HSA-MIR-762,miRNA,PACLITAXEL,DB01229,36314
HSA-MIR-762,miRNA,FULVESTRANT,DB00947,17756771
HSA-MIR-764,miRNA,IMATINIB,DB00619,5291
HSA-MIR-764,miRNA,VEMURAFENIB,DB08881,42611257
HSA-MIR-764,miRNA,TRAMETINIB,DB08911,11707110
HSA-MIR-7641,miRNA,DOXORUBICIN,DB00997,31703
HSA-MIR-7641,miRNA,PACLITAXEL,DB01229,36314
HSA-MIR-7641,miRNA,CISPLATIN,DB00515,5460033
HSA-MIR-765,miRNA,CISPLATIN,DB00515,5460033
HSA-MIR-765,miRNA,DOXORUBICIN,DB00997,31703
HSA-MIR-765,miRNA,VERAPAMIL,DB00661,2520
HSA-MIR-765,miRNA,GEMCITABINE,DB00441,60750
HSA-MIR-765,miRNA,OXALIPLATIN,DB00526,6857599
HSA-MIR-765,miRNA,PLATINUM,DB12257,23939
HSA-MIR-766,miRNA,PAROXETINE,DB00715,43815
HSA-MIR-766-3P,miRNA,CISPLATIN,DB00515,5460033
HSA-MIR-766-3P,miRNA,DOXORUBICIN,DB00997,31703
HSA-MIR-766-3P,miRNA,FLUOROURACIL,DB00544,3385
HSA-MIR-766-3P,miRNA,VINCRISTINE,DB00541,5978
HSA-MIR-766-3P,miRNA,OXALIPLATIN,DB00526,6857599
HSA-MIR-766-3P,miRNA,GEMCITABINE,DB00441,60750
HSA-MIR-766-3P,miRNA,GEFITINIB,DB00317,123631
HSA-MIR-766-3P,miRNA,IMATINIB,DB00619,5291
HSA-MIR-766-3P,miRNA,PONATINIB,DB08901,24826799
HSA-MIR-766-3P,miRNA,VEMURAFENIB,DB08881,42611257
HSA-MIR-766-3P,miRNA,TRAMETINIB,DB08911,11707110
HSA-MIR-766-3P,miRNA,TEMOZOLOMIDE,DB00853,5394
HSA-MIR-766-3P,miRNA,PACLITAXEL,DB01229,36314
HSA-MIR-766-3P,miRNA,BORTEZOMIB,DB00188,387447
HSA-MIR-766-5P,miRNA,IMATINIB,DB00619,5291
HSA-MIR-767,miRNA,DOXORUBICIN,DB00997,31703
HSA-MIR-767,miRNA,VERAPAMIL,DB00661,2520
HSA-MIR-767,miRNA,PACLITAXEL,DB01229,36314
HSA-MIR-767,miRNA,DOCETAXEL,DB01248,148124
HSA-MIR-767,miRNA,CERITINIB,DB09063,57379345
HSA-MIR-767-3P,miRNA,TRAMETINIB,DB08911,11707110
HSA-MIR-767-3P,miRNA,VEMURAFENIB,DB08881,42611257
HSA-MIR-767-3P,miRNA,CISPLATIN,DB00515,5460033
HSA-MIR-767-3P,miRNA,GEFITINIB,DB00317,123631
HSA-MIR-767-3P,miRNA,DOCETAXEL,DB01248,148124
HSA-MIR-767-5P,miRNA,VEMURAFENIB,DB08881,42611257
HSA-MIR-767-5P,miRNA,DABRAFENIB,DB08912,44462760
HSA-MIR-767-5P,miRNA,IMATINIB,DB00619,5291
HSA-MIR-767-5P,miRNA,CERITINIB,DB09063,57379345
HSA-MIR-767-5P,miRNA,CISPLATIN,DB00515,5460033
HSA-MIR-767-5P,miRNA,GEFITINIB,DB00317,123631
HSA-MIR-767-5P,miRNA,PACLITAXEL,DB01229,36314
HSA-MIR-767-5P,miRNA,TRAMETINIB,DB08911,11707110
HSA-MIR-767-5P,miRNA,DOCETAXEL,DB01248,148124
HSA-MIR-768,miRNA,SORAFENIB,DB00398,216239
HSA-MIR-768,miRNA,PACLITAXEL,DB01229,36314
HSA-MIR-768-3P,miRNA,CISPLATIN,DB00515,5460033
HSA-MIR-769,miRNA,DOXORUBICIN,DB00997,31703
HSA-MIR-769,miRNA,VERAPAMIL,DB00661,2520
HSA-MIR-769,miRNA,OXALIPLATIN,DB00526,6857599
HSA-MIR-769,miRNA,PACLITAXEL,DB01229,36314
HSA-MIR-769,miRNA,TAMOXIFEN,DB00675,2733525
HSA-MIR-769,miRNA,ETOPOSIDE,DB00773,36462
HSA-MIR-769,miRNA,PLX-4720,DB06999,24180719
HSA-MIR-769,miRNA,CISPLATIN,DB00515,5460033
HSA-MIR-769,miRNA,FLUOROURACIL,DB00544,3385
HSA-MIR-769,miRNA,DABRAFENIB,DB08912,44462760
HSA-MIR-769-3P,miRNA,PLATINUM,DB12257,23939
HSA-MIR-769-3P,miRNA,GEFITINIB,DB00317,123631
HSA-MIR-769-3P,miRNA,ERLOTINIB,DB00530,176870
HSA-MIR-769-3P,miRNA,GEMCITABINE,DB00441,60750
HSA-MIR-769-3P,miRNA,METHOTREXATE,DB00563,126941
HSA-MIR-769-5P,miRNA,TAMOXIFEN,DB00675,2733525
HSA-MIR-769-5P,miRNA,PACLITAXEL,DB01229,36314
HSA-MIR-769-5P,miRNA,GEMCITABINE,DB00441,60750
HSA-MIR-769-5P,miRNA,OSIMERTINIB,DB09330,71496458
HSA-MIR-770,miRNA,OXALIPLATIN,DB00526,6857599
HSA-MIR-770,miRNA,DOXORUBICIN,DB00997,31703
HSA-MIR-770-5P,miRNA,CISPLATIN,DB00515,5460033
HSA-MIR-770-5P,miRNA,METHOTREXATE,DB00563,126941
HSA-MIR-7704,miRNA,VEMURAFENIB,DB08881,42611257
HSA-MIR-7704,miRNA,DABRAFENIB,DB08912,44462760
HSA-MIR-7704,miRNA,PACLITAXEL,DB01229,36314
HSA-MIR-7704,miRNA,ERLOTINIB,DB00530,176870
HSA-MIR-7705,miRNA,CERITINIB,DB09063,57379345
HSA-MIR-7845-5P,miRNA,CERITINIB,DB09063,57379345
HSA-MIR-7847-3P,miRNA,VINORELBINE,DB00361,44424639
HSA-MIR-7847-3P,miRNA,DOCETAXEL,DB01248,148124
HSA-MIR-7847-3P,miRNA,DABRAFENIB,DB08912,44462760
HSA-MIR-7847-3P,miRNA,VEMURAFENIB,DB08881,42611257
HSA-MIR-7847-3P,miRNA,CISPLATIN,DB00515,5460033
HSA-MIR-7849-3P,miRNA,IMATINIB,DB00619,5291
HSA-MIR-7854-3P,miRNA,CERITINIB,DB09063,57379345
HSA-MIR-7974,miRNA,CERITINIB,DB09063,57379345
HSA-MIR-7974,miRNA,TEMOZOLOMIDE,DB00853,5394
HSA-MIR-7974,miRNA,CISPLATIN,DB00515,5460033
HSA-MIR-7975,miRNA,CISPLATIN,DB00515,5460033
HSA-MIR-7975,miRNA,ERLOTINIB,DB00530,176870
HSA-MIR-7977,miRNA,TEMOZOLOMIDE,DB00853,5394
HSA-MIR-7977,miRNA,CISPLATIN,DB00515,5460033
HSA-MIR-801,miRNA,PACLITAXEL,DB01229,36314
HSA-MIR-801,miRNA,CISPLATIN,DB00515,5460033
HSA-MIR-802,miRNA,PACLITAXEL,DB01229,36314
HSA-MIR-802,miRNA,DOXORUBICIN,DB00997,31703
HSA-MIR-802,miRNA,PALBOCICLIB,DB09073,5330286
HSA-MIR-8060,miRNA,DABRAFENIB,DB08912,44462760
HSA-MIR-8060,miRNA,VEMURAFENIB,DB08881,42611257
HSA-MIR-8063,miRNA,VEMURAFENIB,DB08881,42611257
HSA-MIR-8063,miRNA,DABRAFENIB,DB08912,44462760
HSA-MIR-8063,miRNA,CISPLATIN,DB00515,5460033
HSA-MIR-8069,miRNA,CURCUMIN,DB11672,969516
HSA-MIR-8069,miRNA,DOXORUBICIN,DB00997,31703
HSA-MIR-8071,miRNA,GEMCITABINE,DB00441,60750
HSA-MIR-8072,miRNA,DABRAFENIB,DB08912,44462760
HSA-MIR-8072,miRNA,VEMURAFENIB,DB08881,42611257
HSA-MIR-8072,miRNA,CISPLATIN,DB00515,5460033
HSA-MIR-8077,miRNA,CERITINIB,DB09063,57379345
HSA-MIR-873,miRNA,CERITINIB,DB09063,57379345
HSA-MIR-873-3P,miRNA,CERITINIB,DB09063,57379345
HSA-MIR-873-3P,miRNA,CISPLATIN,DB00515,5460033
HSA-MIR-873-5P,miRNA,GEMCITABINE,DB00441,60750
HSA-MIR-873-5P,miRNA,FLUOROURACIL,DB00544,3385
HSA-MIR-873-5P,miRNA,TAMOXIFEN,DB00675,2733525
HSA-MIR-873-5P,miRNA,CISPLATIN,DB00515,5460033
HSA-MIR-873-5P,miRNA,PACLITAXEL,DB01229,36314
HSA-MIR-873-5P,miRNA,CERITINIB,DB09063,57379345
HSA-MIR-873-5P,miRNA,GEFITINIB,DB00317,123631
HSA-MIR-873-5P,miRNA,DOXORUBICIN,DB00997,31703
HSA-MIR-873-5P,miRNA,TEMOZOLOMIDE,DB00853,5394
HSA-MIR-873-5P,miRNA,GENISTEIN,DB01645,5280961
HSA-MIR-874,miRNA,CISPLATIN,DB00515,5460033
HSA-MIR-874,miRNA,CERITINIB,DB09063,57379345
HSA-MIR-874-3P,miRNA,GEMCITABINE,DB00441,60750
HSA-MIR-874-3P,miRNA,FLUOROURACIL,DB00544,3385
HSA-MIR-874-3P,miRNA,SORAFENIB,DB00398,216239
HSA-MIR-874-3P,miRNA,CISPLATIN,DB00515,5460033
HSA-MIR-874-3P,miRNA,VEMURAFENIB,DB08881,42611257
HSA-MIR-874-3P,miRNA,DABRAFENIB,DB08912,44462760
HSA-MIR-874-3P,miRNA,IMATINIB,DB00619,5291
HSA-MIR-874-3P,miRNA,CERITINIB,DB09063,57379345
HSA-MIR-874-3P,miRNA,PACLITAXEL,DB01229,36314
HSA-MIR-874-3P,miRNA,TRAMETINIB,DB08911,11707110
HSA-MIR-874-3P,miRNA,PALBOCICLIB,DB09073,5330286
HSA-MIR-874-3P,miRNA,DOCETAXEL,DB01248,148124
HSA-MIR-874-5P,miRNA,PACLITAXEL,DB01229,36314
HSA-MIR-874*,miRNA,IMATINIB,DB00619,5291
HSA-MIR-875,miRNA,PACLITAXEL,DB01229,36314
HSA-MIR-875,miRNA,CISPLATIN,DB00515,5460033
HSA-MIR-875-3P,miRNA,CISPLATIN,DB00515,5460033
HSA-MIR-875-3P,miRNA,DOXORUBICIN,DB00997,31703
HSA-MIR-875-3P,miRNA,PACLITAXEL,DB01229,36314
HSA-MIR-875-5P,miRNA,CISPLATIN,DB00515,5460033
HSA-MIR-875-5P,miRNA,FLUOROURACIL,DB00544,3385
HSA-MIR-876,miRNA,DOXORUBICIN,DB00997,31703
HSA-MIR-876,miRNA,VERAPAMIL,DB00661,2520
HSA-MIR-876,miRNA,NAVITOCLAX,DB12340,24978538
HSA-MIR-876,miRNA,CISPLATIN,DB00515,5460033
HSA-MIR-876,miRNA,OXALIPLATIN,DB00526,6857599
HSA-MIR-876,miRNA,VINCRISTINE,DB00541,5978
HSA-MIR-876,miRNA,PREDNISONE,DB00635,5865
HSA-MIR-876,miRNA,CERITINIB,DB09063,57379345
HSA-MIR-876-3P,miRNA,CERITINIB,DB09063,57379345
HSA-MIR-876-3P,miRNA,CISPLATIN,DB00515,5460033
HSA-MIR-877-3P,miRNA,OXALIPLATIN,DB00526,6857599
HSA-MIR-877-3P,miRNA,PLATINUM,DB12257,23939
HSA-MIR-877-3P,miRNA,CISPLATIN,DB00515,5460033
HSA-MIR-877-3P,miRNA,DOCETAXEL,DB01248,148124
HSA-MIR-877-5P,miRNA,DOXORUBICIN,DB00997,31703
HSA-MIR-877-5P,miRNA,CISPLATIN,DB00515,5460033
HSA-MIR-877-5P,miRNA,FLUOROURACIL,DB00544,3385
HSA-MIR-877-5P,miRNA,VINCRISTINE,DB00541,5978
HSA-MIR-877-5P,miRNA,OXALIPLATIN,DB00526,6857599
HSA-MIR-877-5P,miRNA,PLATINUM,DB12257,23939
HSA-MIR-877-5P,miRNA,IMATINIB,DB00619,5291
HSA-MIR-877-5P,miRNA,FULVESTRANT,DB00947,17756771
HSA-MIR-877-5P,miRNA,TAMOXIFEN,DB00675,2733525
HSA-MIR-881*,miRNA,CISPLATIN,DB00515,5460033
HSA-MIR-881*,miRNA,DOXORUBICIN,DB00997,31703
HSA-MIR-885,miRNA,ETOPOSIDE,DB00773,36462
HSA-MIR-885,miRNA,CISPLATIN,DB00515,5460033
HSA-MIR-885,miRNA,GEMCITABINE,DB00441,60750
HSA-MIR-885,miRNA,OXALIPLATIN,DB00526,6857599
HSA-MIR-885,miRNA,PACLITAXEL,DB01229,36314
HSA-MIR-885,miRNA,DOXORUBICIN,DB00997,31703
HSA-MIR-885-3P,miRNA,PACLITAXEL,DB01229,36314
HSA-MIR-885-3P,miRNA,FULVESTRANT,DB00947,17756771
HSA-MIR-885-3P,miRNA,DOCETAXEL,DB01248,148124
HSA-MIR-885-3P,miRNA,CISPLATIN,DB00515,5460033
HSA-MIR-885-3P,miRNA,METHOTREXATE,DB00563,126941
HSA-MIR-885-3P,miRNA,DOXORUBICIN,DB00997,31703
HSA-MIR-885-5P,miRNA,TAMOXIFEN,DB00675,2733525
HSA-MIR-885-5P,miRNA,SUNITINIB,DB01268,5329102
HSA-MIR-885-5P,miRNA,DOCETAXEL,DB01248,148124
HSA-MIR-885-5P,miRNA,CISPLATIN,DB00515,5460033
HSA-MIR-885-5P,miRNA,FLUOROURACIL,DB00544,3385
HSA-MIR-886,miRNA,CISPLATIN,DB00515,5460033
HSA-MIR-886,miRNA,SORAFENIB,DB00398,216239
HSA-MIR-886,miRNA,DOXORUBICIN,DB00997,31703
HSA-MIR-886,miRNA,VERAPAMIL,DB00661,2520
HSA-MIR-886,miRNA,NAVITOCLAX,DB12340,24978538
HSA-MIR-886-3P,miRNA,CISPLATIN,DB00515,5460033
HSA-MIR-886-3P,miRNA,VINCRISTINE,DB00541,5978
HSA-MIR-886-5P,miRNA,CISPLATIN,DB00515,5460033
HSA-MIR-886-5P,miRNA,VINCRISTINE,DB00541,5978
HSA-MIR-886-5P,miRNA,PACLITAXEL,DB01229,36314
HSA-MIR-887-3P,miRNA,FLUOROURACIL,DB00544,3385
HSA-MIR-887-3P,miRNA,GEMCITABINE,DB00441,60750
HSA-MIR-887-3P,miRNA,FULVESTRANT,DB00947,17756771
HSA-MIR-887-3P,miRNA,CERITINIB,DB09063,57379345
HSA-MIR-887-3P,miRNA,CISPLATIN,DB00515,5460033
HSA-MIR-888-5P,miRNA,DOXORUBICIN,DB00997,31703
HSA-MIR-888-5P,miRNA,VERAPAMIL,DB00661,2520
HSA-MIR-888-5P,miRNA,SUNITINIB,DB01268,5329102
HSA-MIR-888-5P,miRNA,IMATINIB,DB00619,5291
HSA-MIR-889,miRNA,CERITINIB,DB09063,57379345
HSA-MIR-889-3P,miRNA,DOXORUBICIN,DB00997,31703
HSA-MIR-889-3P,miRNA,CERITINIB,DB09063,57379345
HSA-MIR-889-3P,miRNA,OXALIPLATIN,DB00526,6857599
HSA-MIR-891A,miRNA,CERITINIB,DB09063,57379345
HSA-MIR-891A-5P,miRNA,TAMOXIFEN,DB00675,2733525
HSA-MIR-891A-5P,miRNA,CISPLATIN,DB00515,5460033
HSA-MIR-891A-5P,miRNA,CERITINIB,DB09063,57379345
HSA-MIR-891B,miRNA,DOXORUBICIN,DB00997,31703
HSA-MIR-891B,miRNA,N-METHYL-N-NITRO-N-NITROSOGUANIDINE,NA,9562060
HSA-MIR-892A,miRNA,TRAMETINIB,DB08911,11707110
HSA-MIR-892A,miRNA,VEMURAFENIB,DB08881,42611257
HSA-MIR-892B,miRNA,SORAFENIB,DB00398,216239
HSA-MIR-892B,miRNA,NAVITOCLAX,DB12340,24978538
HSA-MIR-892B,miRNA,OXALIPLATIN,DB00526,6857599
HSA-MIR-892B,miRNA,DOXORUBICIN,DB00997,31703
HSA-MIR-892B,miRNA,PLATINUM,DB12257,23939
HSA-MIR-892B,miRNA,CISPLATIN,DB00515,5460033
HSA-MIR-9-1,miRNA,CERITINIB,DB09063,57379345
HSA-MIR-9-3P,miRNA,CARMUSTINE,DB00262,2578
HSA-MIR-9-3P,miRNA,OXALIPLATIN,DB00526,6857599
HSA-MIR-9-3P,miRNA,CISPLATIN,DB00515,5460033
HSA-MIR-9-3P,miRNA,DOXORUBICIN,DB00997,31703
HSA-MIR-9-3P,miRNA,PACLITAXEL,DB01229,36314
HSA-MIR-9-3P,miRNA,VINCRISTINE,DB00541,5978
HSA-MIR-9-3P,miRNA,IMATINIB,DB00619,5291
HSA-MIR-9-3P,miRNA,SUNITINIB,DB01268,5329102
HSA-MIR-9-3P,miRNA,DABRAFENIB,DB08912,44462760
HSA-MIR-9-3P,miRNA,VEMURAFENIB,DB08881,42611257
HSA-MIR-9-3P,miRNA,ETOPOSIDE,DB00773,36462
HSA-MIR-9-3P,miRNA,GEFITINIB,DB00317,123631
HSA-MIR-9-3P,miRNA,GEMCITABINE,DB00441,60750
HSA-MIR-9-5P,miRNA,DOXORUBICIN,DB00997,31703
HSA-MIR-9-5P,miRNA,ETOPOSIDE,DB00773,36462
HSA-MIR-9-5P,miRNA,IMATINIB,DB00619,5291
HSA-MIR-9-5P,miRNA,DAUNORUBICIN,DB00694,30323
HSA-MIR-9-5P,miRNA,PREDNISOLONE,DB00860,5755
HSA-MIR-9-5P,miRNA,VINCRISTINE,DB00541,5978
HSA-MIR-9-5P,miRNA,GEMCITABINE,DB00441,60750
HSA-MIR-9-5P,miRNA,PACLITAXEL,DB01229,36314
HSA-MIR-9-5P,miRNA,TEMOZOLOMIDE,DB00853,5394
HSA-MIR-9-5P,miRNA,CISPLATIN,DB00515,5460033
HSA-MIR-9-5P,miRNA,RUCAPARIB PHOSPHATE,NA,9931953
HSA-MIR-9-5P,miRNA,DOCETAXEL,DB01248,148124
HSA-MIR-9-5P,miRNA,DEXAMETHASONE,DB01234,5743
HSA-MIR-9-5P,miRNA,TAMOXIFEN,DB00675,2733525
HSA-MIR-9-5P,miRNA,"[5-[2,4-BIS((3S)-3-METHYLMORPHOLIN-4-YL)PYRIDO[2,3-D]PYRIMIDIN-7-YL]-2-METHOXYPHENYL]METHANOL",NA,25262965
HSA-MIR-9-5P,miRNA,SUNITINIB,DB01268,5329102
HSA-MIR-9-5P,miRNA,TRAMETINIB,DB08911,11707110
HSA-MIR-9-5P,miRNA,VEMURAFENIB,DB08881,42611257
HSA-MIR-9-5P,miRNA,ALKANNIN,NA,72521
HSA-MIR-9-5P,miRNA,PLATINUM,DB12257,23939
HSA-MIR-9-5P,miRNA,GEFITINIB,DB00317,123631
HSA-MIR-9-5P,miRNA,REGORAFENIB,DB08896,11167602
HSA-MIR-9-5P,miRNA,FLUOROURACIL,DB00544,3385
HSA-MIR-91,miRNA,ETOPOSIDE,DB00773,36462
HSA-MIR-920,miRNA,CISPLATIN,DB00515,5460033
HSA-MIR-920,miRNA,PACLITAXEL,DB01229,36314
HSA-MIR-920,miRNA,FLUOROURACIL,DB00544,3385
HSA-MIR-920,miRNA,GEMCITABINE,DB00441,60750
HSA-MIR-920,miRNA,DOXORUBICIN,DB00997,31703
HSA-MIR-921,miRNA,FLUOROURACIL,DB00544,3385
HSA-MIR-921,miRNA,GEMCITABINE,DB00441,60750
HSA-MIR-922,miRNA,PACLITAXEL,DB01229,36314
HSA-MIR-922,miRNA,DOXORUBICIN,DB00997,31703
HSA-MIR-922,miRNA,IMATINIB,DB00619,5291
HSA-MIR-922,miRNA,PONATINIB,DB08901,24826799
HSA-MIR-923,miRNA,PACLITAXEL,DB01229,36314
HSA-MIR-923,miRNA,CISPLATIN,DB00515,5460033
HSA-MIR-923,miRNA,FLUOROURACIL,DB00544,3385
HSA-MIR-923,miRNA,VINCRISTINE,DB00541,5978
HSA-MIR-923,miRNA,OXALIPLATIN,DB00526,6857599
HSA-MIR-923,miRNA,SORAFENIB,DB00398,216239
HSA-MIR-924,miRNA,DOXORUBICIN,DB00997,31703
HSA-MIR-924,miRNA,TRAMETINIB,DB08911,11707110
HSA-MIR-924,miRNA,VEMURAFENIB,DB08881,42611257
HSA-MIR-92A-1,miRNA,BORTEZOMIB,DB00188,387447
HSA-MIR-92A-1,miRNA,PLX-4720,DB06999,24180719
HSA-MIR-92A-1,miRNA,CISPLATIN,DB00515,5460033
HSA-MIR-92A-1,miRNA,PACLITAXEL,DB01229,36314
HSA-MIR-92A-1,miRNA,FULVESTRANT,DB00947,17756771
HSA-MIR-92A-1,miRNA,SORAFENIB,DB00398,216239
HSA-MIR-92A-1-5P,miRNA,SORAFENIB,DB00398,216239
HSA-MIR-92A-1-5P,miRNA,DABRAFENIB,DB08912,44462760
HSA-MIR-92A-1-5P,miRNA,VEMURAFENIB,DB08881,42611257
HSA-MIR-92A-1-5P,miRNA,PACLITAXEL,DB01229,36314
HSA-MIR-92A-1-5P,miRNA,OXALIPLATIN,DB00526,6857599
HSA-MIR-92A-1-5P,miRNA,FLUOROURACIL,DB00544,3385
HSA-MIR-92A-1-5P,miRNA,CISPLATIN,DB00515,5460033
HSA-MIR-92A-2,miRNA,ETOPOSIDE,DB00773,36462
HSA-MIR-92A-2-5P,miRNA,CARBOPLATIN,DB00958,38904
HSA-MIR-92A-2-5P,miRNA,CISPLATIN,DB00515,5460033
HSA-MIR-92A-2-5P,miRNA,DABRAFENIB,DB08912,44462760
HSA-MIR-92A-2-5P,miRNA,VEMURAFENIB,DB08881,42611257
HSA-MIR-92A-2-5P,miRNA,DOXORUBICIN,DB00997,31703
HSA-MIR-92A-2-5P,miRNA,CURCUMIN,DB11672,969516
HSA-MIR-92A-3P,miRNA,DOXORUBICIN,DB00997,31703
HSA-MIR-92A-3P,miRNA,VERAPAMIL,DB00661,2520
HSA-MIR-92A-3P,miRNA,CISPLATIN,DB00515,5460033
HSA-MIR-92A-3P,miRNA,OXALIPLATIN,DB00526,6857599
HSA-MIR-92A-3P,miRNA,FLUOROURACIL,DB00544,3385
HSA-MIR-92A-3P,miRNA,GEFITINIB,DB00317,123631
HSA-MIR-92A-3P,miRNA,TAXANE,NA,9548828
HSA-MIR-92A-3P,miRNA,DEXAMETHASONE,DB01234,5743
HSA-MIR-92A-3P,miRNA,TAMOXIFEN,DB00675,2733525
HSA-MIR-92A-3P,miRNA,PLATINUM,DB12257,23939
HSA-MIR-92A-3P,miRNA,DELTAMETHRIN,DB13600,40585
HSA-MIR-92A-3P,miRNA,DAUNORUBICIN,DB00694,30323
HSA-MIR-92A-3P,miRNA,PACLITAXEL,DB01229,36314
HSA-MIR-92A-3P,miRNA,TRAMETINIB,DB08911,11707110
HSA-MIR-92A-3P,miRNA,VEMURAFENIB,DB08881,42611257
HSA-MIR-92A-3P,miRNA,PROGESTERONE,DB00396,5994
HSA-MIR-92A-3P,miRNA,ETOPOSIDE,DB00773,36462
HSA-MIR-92A-3P,miRNA,VINORELBINE,DB00361,44424639
HSA-MIR-92A-3P,miRNA,VINCRISTINE,DB00541,5978
HSA-MIR-92A-3P,miRNA,TEMOZOLOMIDE,DB00853,5394
HSA-MIR-92A-5P,miRNA,FLUOROURACIL,DB00544,3385
HSA-MIR-92A-5P,miRNA,OXALIPLATIN,DB00526,6857599
HSA-MIR-92B,miRNA,CERITINIB,DB09063,57379345
HSA-MIR-92B-3P,miRNA,CISPLATIN,DB00515,5460033
HSA-MIR-92B-3P,miRNA,OXALIPLATIN,DB00526,6857599
HSA-MIR-92B-3P,miRNA,FLUOROURACIL,DB00544,3385
HSA-MIR-92B-3P,miRNA,GEMCITABINE,DB00441,60750
HSA-MIR-92B-3P,miRNA,BORTEZOMIB,DB00188,387447
HSA-MIR-92B-3P,miRNA,DOXORUBICIN,DB00997,31703
HSA-MIR-92B-3P,miRNA,VINCRISTINE,DB00541,5978
HSA-MIR-92B-3P,miRNA,PACLITAXEL,DB01229,36314
HSA-MIR-92B-3P,miRNA,IMATINIB,DB00619,5291
HSA-MIR-92B-3P,miRNA,CERITINIB,DB09063,57379345
HSA-MIR-92B-3P,miRNA,GEFITINIB,DB00317,123631
HSA-MIR-92B-3P,miRNA,SORAFENIB,DB00398,216239
HSA-MIR-92B-3P,miRNA,VINORELBINE,DB00361,44424639
HSA-MIR-92B-3P,miRNA,ETOPOSIDE,DB00773,36462
HSA-MIR-92B-3P,miRNA,TEMOZOLOMIDE,DB00853,5394
HSA-MIR-92B-5P,miRNA,OXALIPLATIN,DB00526,6857599
HSA-MIR-92B-5P,miRNA,PACLITAXEL,DB01229,36314
HSA-MIR-92B-5P,miRNA,GEMCITABINE,DB00441,60750
HSA-MIR-93-3P,miRNA,CISPLATIN,DB00515,5460033
HSA-MIR-93-3P,miRNA,FLUOROURACIL,DB00544,3385
HSA-MIR-93-3P,miRNA,VINCRISTINE,DB00541,5978
HSA-MIR-93-3P,miRNA,OXALIPLATIN,DB00526,6857599
HSA-MIR-93-3P,miRNA,GEMCITABINE,DB00441,60750
HSA-MIR-93-5P,miRNA,DOXORUBICIN,DB00997,31703
HSA-MIR-93-5P,miRNA,VERAPAMIL,DB00661,2520
HSA-MIR-93-5P,miRNA,CISPLATIN,DB00515,5460033
HSA-MIR-93-5P,miRNA,FLUOROURACIL,DB00544,3385
HSA-MIR-93-5P,miRNA,VINCRISTINE,DB00541,5978
HSA-MIR-93-5P,miRNA,OXALIPLATIN,DB00526,6857599
HSA-MIR-93-5P,miRNA,TAMOXIFEN,DB00675,2733525
HSA-MIR-93-5P,miRNA,SORAFENIB,DB00398,216239
HSA-MIR-93-5P,miRNA,TEMOZOLOMIDE,DB00853,5394
HSA-MIR-93-5P,miRNA,DAUNORUBICIN,DB00694,30323
HSA-MIR-93-5P,miRNA,CERITINIB,DB09063,57379345
HSA-MIR-93-5P,miRNA,PANOBINOSTAT,DB06603,6918837
HSA-MIR-93-5P,miRNA,PACLITAXEL,DB01229,36314
HSA-MIR-93-5P,miRNA,GEFITINIB,DB00317,123631
HSA-MIR-93-5P,miRNA,DABRAFENIB,DB08912,44462760
HSA-MIR-93-5P,miRNA,GEMCITABINE,DB00441,60750
HSA-MIR-93-5P,miRNA,PLATINUM,DB12257,23939
HSA-MIR-933,miRNA,CISPLATIN,DB00515,5460033
HSA-MIR-933,miRNA,CERITINIB,DB09063,57379345
HSA-MIR-933,miRNA,SUNITINIB,DB01268,5329102
HSA-MIR-933,miRNA,PACLITAXEL,DB01229,36314
HSA-MIR-933,miRNA,DOXORUBICIN,DB00997,31703
HSA-MIR-933,miRNA,TEMOZOLOMIDE,DB00853,5394
HSA-MIR-934,miRNA,DOXORUBICIN,DB00997,31703
HSA-MIR-934,miRNA,GEMCITABINE,DB00441,60750
HSA-MIR-934,miRNA,VEMURAFENIB,DB08881,42611257
HSA-MIR-935,miRNA,CISPLATIN,DB00515,5460033
HSA-MIR-935,miRNA,NAVITOCLAX,DB12340,24978538
HSA-MIR-935,miRNA,OXALIPLATIN,DB00526,6857599
HSA-MIR-935,miRNA,TAMOXIFEN,DB00675,2733525
HSA-MIR-935,miRNA,GEMCITABINE,DB00441,60750
HSA-MIR-935,miRNA,FLUOROURACIL,DB00544,3385
HSA-MIR-935,miRNA,DOXORUBICIN,DB00997,31703
HSA-MIR-935,miRNA,DABRAFENIB,DB08912,44462760
HSA-MIR-935,miRNA,VEMURAFENIB,DB08881,42611257
HSA-MIR-935,miRNA,PACLITAXEL,DB01229,36314
HSA-MIR-935,miRNA,FULVESTRANT,DB00947,17756771
HSA-MIR-935,miRNA,TRAMETINIB,DB08911,11707110
HSA-MIR-936,miRNA,CISPLATIN,DB00515,5460033
HSA-MIR-936,miRNA,OXALIPLATIN,DB00526,6857599
HSA-MIR-936,miRNA,GEMCITABINE,DB00441,60750
HSA-MIR-936,miRNA,DOXORUBICIN,DB00997,31703
HSA-MIR-937-3P,miRNA,IMATINIB,DB00619,5291
HSA-MIR-937-5P,miRNA,PLATINUM,DB12257,23939
HSA-MIR-937-5P,miRNA,VEMURAFENIB,DB08881,42611257
HSA-MIR-937-5P,miRNA,DABRAFENIB,DB08912,44462760
HSA-MIR-937-5P,miRNA,PACLITAXEL,DB01229,36314
HSA-MIR-937-5P,miRNA,OXALIPLATIN,DB00526,6857599
HSA-MIR-938,miRNA,PACLITAXEL,DB01229,36314
HSA-MIR-939-5P,miRNA,TAMOXIFEN,DB00675,2733525
HSA-MIR-939-5P,miRNA,OXALIPLATIN,DB00526,6857599
HSA-MIR-939-5P,miRNA,GEMCITABINE,DB00441,60750
HSA-MIR-939-5P,miRNA,FLUOROURACIL,DB00544,3385
HSA-MIR-939-5P,miRNA,BORTEZOMIB,DB00188,387447
HSA-MIR-939-5P,miRNA,IMATINIB,DB00619,5291
HSA-MIR-939-5P,miRNA,PLATINUM,DB12257,23939
HSA-MIR-939-5P,miRNA,PACLITAXEL,DB01229,36314
HSA-MIR-939-5P,miRNA,CISPLATIN,DB00515,5460033
HSA-MIR-940,miRNA,OXALIPLATIN,DB00526,6857599
HSA-MIR-940,miRNA,CISPLATIN,DB00515,5460033
HSA-MIR-940,miRNA,FLUOROURACIL,DB00544,3385
HSA-MIR-940,miRNA,GEMCITABINE,DB00441,60750
HSA-MIR-940,miRNA,PLATINUM,DB12257,23939
HSA-MIR-940,miRNA,TAMOXIFEN,DB00675,2733525
HSA-MIR-941,miRNA,TAMOXIFEN,DB00675,2733525
HSA-MIR-941,miRNA,DABRAFENIB,DB08912,44462760
HSA-MIR-941,miRNA,VEMURAFENIB,DB08881,42611257
HSA-MIR-941,miRNA,GEMCITABINE,DB00441,60750
HSA-MIR-941,miRNA,FLUOROURACIL,DB00544,3385
HSA-MIR-942-3P,miRNA,GEMCITABINE,DB00441,60750
HSA-MIR-942-5P,miRNA,CISPLATIN,DB00515,5460033
HSA-MIR-942-5P,miRNA,SUNITINIB,DB01268,5329102
HSA-MIR-942-5P,miRNA,TAMOXIFEN,DB00675,2733525
HSA-MIR-942-5P,miRNA,DOXORUBICIN,DB00997,31703
HSA-MIR-944,miRNA,CERITINIB,DB09063,57379345
HSA-MIR-944,miRNA,CISPLATIN,DB00515,5460033
HSA-MIR-944,miRNA,DOXORUBICIN,DB00997,31703
HSA-MIR-944,miRNA,GEFITINIB,DB00317,123631
HSA-MIR-95,miRNA,CERITINIB,DB09063,57379345
HSA-MIR-95,miRNA,SORAFENIB,DB00398,216239
HSA-MIR-95-3P,miRNA,PACLITAXEL,DB01229,36314
HSA-MIR-95-3P,miRNA,DOCETAXEL,DB01248,148124
HSA-MIR-95-3P,miRNA,TAMOXIFEN,DB00675,2733525
HSA-MIR-95-3P,miRNA,CERITINIB,DB09063,57379345
HSA-MIR-95-3P,miRNA,FLUOROURACIL,DB00544,3385
HSA-MIR-95-3P,miRNA,OXALIPLATIN,DB00526,6857599
HSA-MIR-95-3P,miRNA,SORAFENIB,DB00398,216239
HSA-MIR-95-3P,miRNA,GEFITINIB,DB00317,123631
HSA-MIR-95-3P,miRNA,CISPLATIN,DB00515,5460033
HSA-MIR-95-3P,miRNA,ETOPOSIDE,DB00773,36462
HSA-MIR-95-3P,miRNA,DOXORUBICIN,DB00997,31703
HSA-MIR-95-3P,miRNA,VINORELBINE,DB00361,44424639
HSA-MIR-95-3P,miRNA,VINCRISTINE,DB00541,5978
HSA-MIR-96-3P,miRNA,DOCETAXEL,DB01248,148124
HSA-MIR-96-5P,miRNA,DOXORUBICIN,DB00997,31703
HSA-MIR-96-5P,miRNA,VERAPAMIL,DB00661,2520
HSA-MIR-96-5P,miRNA,IMATINIB,DB00619,5291
HSA-MIR-96-5P,miRNA,CISPLATIN,DB00515,5460033
HSA-MIR-96-5P,miRNA,TAMOXIFEN,DB00675,2733525
HSA-MIR-96-5P,miRNA,FLUOROURACIL,DB00544,3385
HSA-MIR-96-5P,miRNA,DOCETAXEL,DB01248,148124
HSA-MIR-96-5P,miRNA,GEMCITABINE,DB00441,60750
HSA-MIR-96-5P,miRNA,TAXANE,NA,9548828
HSA-MIR-96-5P,miRNA,PACLITAXEL,DB01229,36314
HSA-MIR-96-5P,miRNA,PLX-4720,DB06999,24180719
HSA-MIR-96-5P,miRNA,SORAFENIB,DB00398,216239
HSA-MIR-96-5P,miRNA,OXALIPLATIN,DB00526,6857599
HSA-MIR-96-5P,miRNA,FULVESTRANT,DB00947,17756771
HSA-MIR-96-5P,miRNA,TRAMETINIB,DB08911,11707110
HSA-MIR-96-5P,miRNA,VEMURAFENIB,DB08881,42611257
HSA-MIR-96-5P,miRNA,CYTARABINE,DB00987,6253
HSA-MIR-96-5P,miRNA,GEFITINIB,DB00317,123631
HSA-MIR-98-3P,miRNA,PACLITAXEL,DB01229,36314
HSA-MIR-98-5P,miRNA,DOCETAXEL,DB01248,148124
HSA-MIR-98-5P,miRNA,DOXORUBICIN,DB00997,31703
HSA-MIR-98-5P,miRNA,10-HYDROXYCAMPTOTHECIN,DB12385,97226
HSA-MIR-98-5P,miRNA,CISPLATIN,DB00515,5460033
HSA-MIR-98-5P,miRNA,GEMCITABINE,DB00441,60750
HSA-MIR-98-5P,miRNA,FLUOROURACIL,DB00544,3385
HSA-MIR-98-5P,miRNA,DEXAMETHASONE,DB01234,5743
HSA-MIR-98-5P,miRNA,TAMOXIFEN,DB00675,2733525
HSA-MIR-98-5P,miRNA,PLATINUM,DB12257,23939
HSA-MIR-98-5P,miRNA,MITOXANTRONE,DB01204,4212
HSA-MIR-98-5P,miRNA,STREPTOMYCIN,DB01082,19649
HSA-MIR-98-5P,miRNA,FULVESTRANT,DB00947,17756771
HSA-MIR-98-5P,miRNA,GEFITINIB,DB00317,123631
HSA-MIR-98-5P,miRNA,BROMOCRIPTINE,DB01200,31101
HSA-MIR-98-5P,miRNA,SORAFENIB,DB00398,216239
HSA-MIR-98-5P,miRNA,PACLITAXEL,DB01229,36314
HSA-MIR-98-5P,miRNA,DABRAFENIB,DB08912,44462760
HSA-MIR-99-5P,miRNA,PACLITAXEL,DB01229,36314
HSA-MIR-99A-3P,miRNA,SUNITINIB,DB01268,5329102
HSA-MIR-99A-3P,miRNA,FULVESTRANT,DB00947,17756771
HSA-MIR-99A-3P,miRNA,TEMOZOLOMIDE,DB00853,5394
HSA-MIR-99A-5P,miRNA,DOXORUBICIN,DB00997,31703
HSA-MIR-99A-5P,miRNA,VERAPAMIL,DB00661,2520
HSA-MIR-99A-5P,miRNA,DAUNORUBICIN,DB00694,30323
HSA-MIR-99A-5P,miRNA,PREDNISOLONE,DB00860,5755
HSA-MIR-99A-5P,miRNA,VINCRISTINE,DB00541,5978
HSA-MIR-99A-5P,miRNA,CISPLATIN,DB00515,5460033
HSA-MIR-99A-5P,miRNA,OXALIPLATIN,DB00526,6857599
HSA-MIR-99A-5P,miRNA,FLUOROURACIL,DB00544,3385
HSA-MIR-99A-5P,miRNA,DOCETAXEL,DB01248,148124
HSA-MIR-99A-5P,miRNA,GEMCITABINE,DB00441,60750
HSA-MIR-99A-5P,miRNA,GEFITINIB,DB00317,123631
HSA-MIR-99A-5P,miRNA,TAXANE,NA,9548828
HSA-MIR-99A-5P,miRNA,DEXAMETHASONE,DB01234,5743
HSA-MIR-99A-5P,miRNA,PLX-4720,DB06999,24180719
HSA-MIR-99A-5P,miRNA,PLATINUM,DB12257,23939
HSA-MIR-99A-5P,miRNA,DABRAFENIB,DB08912,44462760
HSA-MIR-99A-5P,miRNA,VEMURAFENIB,DB08881,42611257
HSA-MIR-99A-5P,miRNA,PACLITAXEL,DB01229,36314
HSA-MIR-99A-5P,miRNA,IMATINIB,DB00619,5291
HSA-MIR-99A-5P,miRNA,FULVESTRANT,DB00947,17756771
HSA-MIR-99A-5P,miRNA,CRIZOTINIB,DB08865,11626560
HSA-MIR-99A-5P,miRNA,LORLATINIB,DB12130,71731823
HSA-MIR-99A-5P,miRNA,TEMOZOLOMIDE,DB00853,5394
HSA-MIR-99A-5P,miRNA,SORAFENIB,DB00398,216239
HSA-MIR-99A-5P,miRNA,OSIMERTINIB,DB09330,71496458
HSA-MIR-99B,miRNA,CISPLATIN,DB00515,5460033
HSA-MIR-99B-3P,miRNA,TAMOXIFEN,DB00675,2733525
HSA-MIR-99B-3P,miRNA,CARBOPLATIN,DB00958,38904
HSA-MIR-99B-3P,miRNA,CISPLATIN,DB00515,5460033
HSA-MIR-99B-3P,miRNA,VINCRISTINE,DB00541,5978
HSA-MIR-99B-3P,miRNA,DOXORUBICIN,DB00997,31703
HSA-MIR-99B-3P,miRNA,MITOMYCIN C,DB00305,5746
HSA-MIR-99B-3P,miRNA,GEMCITABINE,DB00441,60750
HSA-MIR-99B-3P,miRNA,PLATINUM,DB12257,23939
HSA-MIR-99B-3P,miRNA,PACLITAXEL,DB01229,36314
HSA-MIR-99B-5P,miRNA,DOXORUBICIN,DB00997,31703
HSA-MIR-99B-5P,miRNA,CISPLATIN,DB00515,5460033
HSA-MIR-99B-5P,miRNA,SORAFENIB,DB00398,216239
HSA-MIR-99B-5P,miRNA,10-HYDROXYCAMPTOTHECIN,DB12385,97226
HSA-MIR-99B-5P,miRNA,TAMOXIFEN,DB00675,2733525
HSA-MIR-99B-5P,miRNA,GEMCITABINE,DB00441,60750
HSA-MIR-99B-5P,miRNA,OXALIPLATIN,DB00526,6857599
HSA-MIR-99B-5P,miRNA,PACLITAXEL,DB01229,36314
HSA-MIR-99B-5P,miRNA,DOCETAXEL,DB01248,148124
HSA-MIR-99B-5P,miRNA,VINCRISTINE,DB00541,5978
HSA-MIR-99B-5P,miRNA,FLUOROURACIL,DB00544,3385
HSA-MIR-99B-5P,miRNA,PLATINUM,DB12257,23939
HSA-MIR-99B-5P,miRNA,AZACITIDINE,DB00928,9444
HSA-MIR-99B-5P,miRNA,IMATINIB,DB00619,5291
HSA-MIR-99B-5P,miRNA,CRIZOTINIB,DB08865,11626560
HSA-MIR-99B-5P,miRNA,LORLATINIB,DB12130,71731823
HSA-MIR-99B-5P,miRNA,CYCLOPHOSPHAMIDE,DB00531,2907
HSA-MIR-99B-5P,miRNA,PAZOPANIB,DB06589,10113978
HSA-MIR-BART15-3P,miRNA,FLUOROURACIL,DB00544,3385
HSA-MIR-BART22,miRNA,CISPLATIN,DB00515,5460033
HSA-MIR-BART7-3P,miRNA,CISPLATIN,DB00515,5460033
HSA-MIR-BART7-3P,miRNA,FLUOROURACIL,DB00544,3385
HSA-MIR-BART7-3P,miRNA,PACLITAXEL,DB01229,36314
HSA-MIR-H1-5P,miRNA,IMATINIB,DB00619,5291
HSA-MIR-NC886,miRNA,FLUOROURACIL,DB00544,3385
HSA-MIR-PLUS-A1031,miRNA,DOXORUBICIN,DB00997,31703
HSA-MIR-PLUS-A1031,miRNA,VINCRISTINE,DB00541,5978
HSA-MIR-PLUS-A1031,miRNA,PREDNISONE,DB00635,5865
HSA-MIR-PLUSA1087,miRNA,CISPLATIN,DB00515,5460033
HSA-MIR-PLUSB1114,miRNA,CISPLATIN,DB00515,5460033
HSA-MIR-PLUSC1049,miRNA,CISPLATIN,DB00515,5460033
HSA-MIR-PLUSC1115,miRNA,CISPLATIN,DB00515,5460033
HSA-MIR?101,miRNA,TEMOZOLOMIDE,DB00853,5394
HSA-MIR?10B,miRNA,CISPLATIN,DB00515,5460033
HSA-MIR?124?3P,miRNA,SORAFENIB,DB00398,216239
HSA-MIR?1323,miRNA,BETA-ELEMENE,NA,6918391
HSA-MIR?1323,miRNA,DOXORUBICIN,DB00997,31703
HSA-MIR?134?5P,miRNA,CISPLATIN,DB00515,5460033
HSA-MIR?146A,miRNA,CISPLATIN,DB00515,5460033
HSA-MIR?148A?3P,miRNA,CISPLATIN,DB00515,5460033
HSA-MIR?153?3P,miRNA,CISPLATIN,DB00515,5460033
HSA-MIR?17?5P,miRNA,CISPLATIN,DB00515,5460033
HSA-MIR?17?5P,miRNA,FLUOROURACIL,DB00544,3385
HSA-MIR?17?5P,miRNA,DOXORUBICIN,DB00997,31703
HSA-MIR?17?5P,miRNA,MITOMYCIN C,DB00305,5746
HSA-MIR?192,miRNA,CISPLATIN,DB00515,5460033
HSA-MIR?193A?3P,miRNA,CISPLATIN,DB00515,5460033
HSA-MIR?19A,miRNA,CISPLATIN,DB00515,5460033
HSA-MIR?200C,miRNA,GEFITINIB,DB00317,123631
HSA-MIR?206,miRNA,GEFITINIB,DB00317,123631
HSA-MIR?221,miRNA,LAPATINIB,DB01259,208908
HSA-MIR?26A,miRNA,CISPLATIN,DB00515,5460033
HSA-MIR?3127?5P,miRNA,CISPLATIN,DB00515,5460033
HSA-MIR?338?5P,miRNA,FLUOROURACIL,DB00544,3385
HSA-MIR?365,miRNA,CISPLATIN,DB00515,5460033
HSA-MIR?365,miRNA,SORAFENIB,DB00398,216239
HSA-MIR?4458,miRNA,CISPLATIN,DB00515,5460033
HSA-MIR?497?5P,miRNA,CISPLATIN,DB00515,5460033
HSA-MIR?500A?3P,miRNA,CISPLATIN,DB00515,5460033
HSA-MIR?506?3P,miRNA,SORAFENIB,DB00398,216239
HSA-MIR?519D,miRNA,DOXORUBICIN,DB00997,31703
HSA-MIR?630,miRNA,CISPLATIN,DB00515,5460033
HSA-MIR?630,miRNA,FLUOROURACIL,DB00544,3385
HSA-MIR?708,miRNA,DOCETAXEL,DB01248,148124
HSA-MIR?708?3P,miRNA,DOXORUBICIN,DB00997,31703
HSA-MIR?9,miRNA,CYCLOPHOSPHAMIDE,DB00531,2907
HSA-MIR?9,miRNA,DOCETAXEL,DB01248,148124
HSA-MIR?9,miRNA,BLEOMYCIN,DB00290,5360373
HSA-MIR?9,miRNA,GEFITINIB,DB00317,123631
HSA-MIR4654,miRNA,DOXORUBICIN,DB00997,31703
HSA-MIRPLUS-A1015,miRNA,CISPLATIN,DB00515,5460033
HSA-MIRPLUS-A1072,miRNA,IMATINIB,DB00619,5291
HSA-MIRPLUS-A1086,miRNA,PACLITAXEL,DB01229,36314
HSA-MIRPLUS-A1086,miRNA,DOXORUBICIN,DB00997,31703
HSA-MIRPLUS-A1087,miRNA,DOXORUBICIN,DB00997,31703
HSA-MIRPLUS-A1098,miRNA,PACLITAXEL,DB01229,36314
HSA-MIRPLUS-C1005,miRNA,PACLITAXEL,DB01229,36314
HSA-MIRPLUS-C1040,miRNA,PACLITAXEL,DB01229,36314
HSA-MIRPLUS-C1049,miRNA,PACLITAXEL,DB01229,36314
HSA-MIRPLUS-C1100,miRNA,PACLITAXEL,DB01229,36314
HSA-MIRPLUS-C1110,miRNA,CISPLATIN,DB00515,5460033
HSA-MIRPLUS-F1064,miRNA,CISPLATIN,DB00515,5460033
HSA-MIRPLUS-F1147,miRNA,CISPLATIN,DB00515,5460033
HSA-MIRPLUS-F1231,miRNA,CISPLATIN,DB00515,5460033
HSA-MIRPLUS-G1246-3P,miRNA,CISPLATIN,DB00515,5460033
HSA-MIRPLUS-I874*,miRNA,IMATINIB,DB00619,5291
HSA-NOVEL-105-MATURE,miRNA,CISPLATIN,DB00515,5460033
HSA-NOVEL-116-MATURE,miRNA,CISPLATIN,DB00515,5460033
HSA-NOVEL-124-MATURE,miRNA,CISPLATIN,DB00515,5460033
HSA-NOVEL-125-MATURE,miRNA,CISPLATIN,DB00515,5460033
HSA-NOVEL-126-MATURE,miRNA,CISPLATIN,DB00515,5460033
HSA-NOVEL-145-MATURE,miRNA,CISPLATIN,DB00515,5460033
HSA-NOVEL-153-MATURE,miRNA,CISPLATIN,DB00515,5460033
HSA-NOVEL-157-MATURE,miRNA,CISPLATIN,DB00515,5460033
HSA-NOVEL-161-MATURE,miRNA,CISPLATIN,DB00515,5460033
HSA-NOVEL-162-MATURE,miRNA,CISPLATIN,DB00515,5460033
HSA-NOVEL-165-MATURE,miRNA,CISPLATIN,DB00515,5460033
HSA-NOVEL-175-MATURE,miRNA,CISPLATIN,DB00515,5460033
HSA-NOVEL-4-MATURE,miRNA,CISPLATIN,DB00515,5460033
HSA-NOVEL-51-MATURE,miRNA,CISPLATIN,DB00515,5460033
HSA-NOVEL-58-MATURE,miRNA,CISPLATIN,DB00515,5460033
HSA-NOVEL-67-MATURE,miRNA,CISPLATIN,DB00515,5460033
HSA-NOVEL-93-MATURE,miRNA,CISPLATIN,DB00515,5460033
HSA-NOVEL-MIR-12,miRNA,DOXORUBICIN,DB00997,31703
HSA-NOVEL-MIR-13,miRNA,DOXORUBICIN,DB00997,31703
HSA-NOVEL-MIR-14,miRNA,DOXORUBICIN,DB00997,31703
HSA-NOVEL-MIR-15,miRNA,DOXORUBICIN,DB00997,31703
HSA-NOVEL-MIR-17,miRNA,DOXORUBICIN,DB00997,31703
HSA-NOVEL-MIR-19,miRNA,DOXORUBICIN,DB00997,31703
HSA-NOVEL-MIR-25,miRNA,DOXORUBICIN,DB00997,31703
HSA-NOVEL-MIR-26,miRNA,DOXORUBICIN,DB00997,31703
HSA-NOVEL-MIR-27,miRNA,DOXORUBICIN,DB00997,31703
HSA-NOVEL-MIR-35,miRNA,DOXORUBICIN,DB00997,31703
HSA-NOVEL-MIR-41,miRNA,DOXORUBICIN,DB00997,31703
HSA-NOVEL-MIR-43,miRNA,DOXORUBICIN,DB00997,31703
HSA-NOVEL-MIR-5,miRNA,DOXORUBICIN,DB00997,31703
HSA-NOVEL-MIR-50,miRNA,DOXORUBICIN,DB00997,31703
HSA-NOVEL-MIR-51,miRNA,DOXORUBICIN,DB00997,31703
HSA-NOVEL-MIR-57,miRNA,DOXORUBICIN,DB00997,31703
HSA-NOVEL-MIR-58,miRNA,DOXORUBICIN,DB00997,31703
HSA-NOVEL-MIR-64,miRNA,DOXORUBICIN,DB00997,31703
HSA-NOVEL-MIR-65,miRNA,DOXORUBICIN,DB00997,31703
HSA-NOVEL-MIR-71,miRNA,DOXORUBICIN,DB00997,31703
HSA-NOVEL-MIR-72,miRNA,DOXORUBICIN,DB00997,31703
HSA-NOVEL-MIR-8,miRNA,DOXORUBICIN,DB00997,31703
HSA_SNORD10,miRNA,TAMOXIFEN,DB00675,2733525
HSA_SNORD14B,miRNA,TAMOXIFEN,DB00675,2733525
HSA_SNORD2,miRNA,TAMOXIFEN,DB00675,2733525
HSA_SNORD3@,miRNA,TAMOXIFEN,DB00675,2733525
HSA_SNORD4A,miRNA,TAMOXIFEN,DB00675,2733525
